EMG1MAV,EMG2MAV,EMG3MAV,EMG4MAV,EMG5MAV,EMG6MAV,EMG7MAV,EMG8MAV,EMG1Slope,EMG2Slope,EMG3Slope,EMG4Slope,EMG5Slope,EMG6Slope,EMG7Slope,EMG8Slope,EMG1ZC,EMG2ZC,EMG3ZC,EMG4ZC,EMG5ZC,EMG6ZC,EMG7ZC,EMG8ZC,EMG1SSC,EMG2SSC,EMG3SSC,EMG4SSC,EMG5SSC,EMG6SSC,EMG7SSC,EMG8SSC,EMG1WFL,EMG2WFL,EMG3WFL,EMG4WFL,EMG5WFL,EMG6WFL,EMG7WFL,EMG8WFL,activeCube,activeCubeX,activeCubeY,trackerX,trackerY,trackerZ,GoalGesture
2.025,5.325,12.75,2.275,1.9,1.225,0.875,1.875,-0.35,-1.525,-2.075,-0.525,-0.55,0.0,0.0,-0.375,17,19,23,13,14,4,6,14,22,21,27,22,16,15,15,22,115,343,833,122,94,59,46,104,0.0,-0.383,0.617,0.195,0.663,-0.023,1
1.675,3.8,10.675,1.75,1.35,1.225,0.875,1.5,-0.075,0.25,0.175,0.15,-0.15,-0.2,-0.025,0.025,14,20,22,13,8,5,3,5,20,24,27,22,17,15,15,17,85,252,696,93,69,56,42,67,0.0,-0.383,0.617,0.193,0.663,-0.024,1
1.6,4.05,10.85,1.9,1.2,1.025,0.85,1.525,-0.05,-1.125,2.425,0.4,0.4,0.05,-0.075,-0.15,12,19,20,16,4,7,2,10,12,22,26,18,13,18,17,17,63,259,731,105,55,52,39,74,0.0,-0.383,0.617,0.192,0.662,-0.025,1
1.55,2.925,13.275,2.3,1.6,1.075,0.775,1.375,-0.15,0.0,2.775,0.375,0.05,0.225,0.225,-0.125,7,16,26,17,9,5,3,13,10,20,29,20,15,21,15,22,58,169,894,132,66,59,37,86,0.0,-0.383,0.617,0.191,0.662,-0.025,1
1.4,2.925,16.05,2.675,1.65,1.3,1.0,1.25,-0.3,0.375,-2.975,-0.475,-0.275,-0.3,0.025,0.425,3,17,30,15,10,7,6,13,15,23,28,22,15,16,17,24,65,185,1128,148,67,60,48,85,0.0,-0.383,0.617,0.191,0.662,-0.025,1
1.1,3.3,13.075,2.2,1.375,1.0,1.025,1.675,0.175,0.025,-2.375,-0.4,-0.05,-0.025,0.1,0.4,8,16,27,13,5,7,5,16,18,24,27,21,11,15,17,26,64,200,908,117,56,49,52,109,0.0,-0.383,0.617,0.189,0.664,-0.025,1
1.275,3.325,10.7,1.8,1.325,0.975,1.125,2.075,0.05,0.775,1.7,0.3,-0.05,0.175,0.1,0.7,8,19,24,16,2,3,7,15,18,25,32,27,14,18,15,24,70,200,750,117,46,48,48,122,0.0,-0.383,0.617,0.187,0.667,-0.024,1
1.325,4.1,12.4,2.1,1.275,1.15,1.225,2.775,-0.125,0.775,-1.05,0.575,1.275,0.3,0.05,0.075,3,18,20,17,1,5,6,14,17,25,31,23,18,17,15,25,66,241,779,125,57,50,54,170,0.0,-0.383,0.617,0.186,0.668,-0.023,1
1.2,4.875,11.35,2.675,2.55,1.45,1.275,2.85,0.0,0.1,-2.475,0.175,0.55,0.3,-0.025,-0.85,5,19,23,14,8,9,7,21,20,25,32,20,18,17,16,27,67,329,711,143,121,70,69,183,0.0,-0.383,0.617,0.186,0.669,-0.022,1
1.2,4.975,8.875,2.85,3.1,1.75,1.25,2.0,0.1,2.4,5.0,-0.6,-1.15,-0.225,0.0,-0.375,5,18,25,12,16,12,10,18,20,22,32,21,18,20,20,29,70,305,518,147,161,84,75,130,0.0,-0.383,0.617,0.185,0.674,-0.016,1
1.3,7.375,13.875,2.25,1.95,1.525,1.25,1.625,0.65,4.575,6.1,-0.05,-0.225,-0.1,0.1,0.2,8,21,26,14,13,8,7,14,21,24,28,19,16,15,18,29,77,485,935,118,104,67,68,100,0.0,-0.383,0.617,0.176,0.68,0.001,1
1.95,11.95,19.975,2.2,1.725,1.425,1.35,1.825,0.35,2.075,-0.2,0.4,0.15,0.5,-0.075,1.075,19,27,24,14,10,6,9,16,26,31,27,20,22,12,18,26,129,856,1257,116,81,66,69,106,0.0,-0.383,0.617,0.153,0.688,0.035,1
2.3,14.025,19.775,2.6,1.875,1.925,1.275,2.9,0.85,-0.525,-3.5,-0.1,0.25,0.325,-0.05,0.45,19,24,22,15,12,10,8,16,22,31,29,23,20,16,21,27,140,937,1186,153,89,101,69,179,0.0,-0.383,0.617,0.101,0.709,0.105,1
3.15,13.5,16.275,2.5,2.125,2.25,1.225,3.35,1.725,0.5,-4.275,-0.05,-0.15,-0.225,0.025,-1.0,19,18,23,16,13,12,7,16,21,25,28,22,19,24,21,26,200,783,979,158,111,129,66,211,0.0,-0.383,0.617,0.026,0.738,0.193,1
4.875,14.0,12.0,2.45,1.975,2.025,1.25,2.35,1.85,1.25,-1.075,0.175,0.1,0.025,1.825,1.35,19,17,27,15,12,12,8,17,22,20,30,22,25,23,18,19,303,775,770,148,113,109,62,136,0.0,-0.383,0.617,-0.038,0.757,0.255,1
6.725,15.25,10.925,2.625,2.075,2.05,3.075,3.7,8.3,-0.775,-0.4,-0.3,-0.2,0.525,4.95,3.825,20,22,24,18,12,13,11,17,23,22,30,24,23,21,21,18,458,929,740,159,111,113,159,229,0.0,-0.383,0.617,-0.08,0.767,0.291,1
15.025,14.475,10.525,2.325,1.875,2.575,8.025,7.525,13.35,0.3,-3.35,0.7,-0.2,1.2,1.125,7.875,18,23,19,16,9,16,20,22,24,24,24,23,21,23,26,22,904,957,649,157,102,161,466,459,0.0,-0.383,0.617,-0.114,0.772,0.317,1
28.375,14.775,7.175,3.025,1.675,3.775,9.15,15.4,0.825,3.9,3.025,1.375,0.9,0.275,-1.45,1.25,20,24,22,13,7,23,19,22,26,28,23,20,21,26,25,26,1708,982,444,165,96,249,559,917,0.0,-0.383,0.617,-0.143,0.774,0.337,1
29.2,18.675,10.2,4.4,2.575,4.05,7.7,16.65,-2.4,4.45,4.575,0.775,1.0,0.275,3.825,-4.55,26,26,25,13,10,21,14,17,29,30,26,23,21,28,24,30,1901,1316,696,262,144,260,391,941,0.0,-0.383,0.617,-0.163,0.773,0.349,1
26.8,23.125,14.775,5.175,3.575,4.325,11.525,12.1,12.6,4.275,-3.125,-0.15,-0.1,0.0,8.1,3.5,26,24,24,17,14,17,14,13,30,26,27,24,17,28,24,23,1761,1547,989,328,183,251,576,653,0.0,-0.383,0.617,-0.176,0.772,0.359,1
39.4,27.4,11.65,5.025,3.475,4.325,19.625,15.6,7.65,1.275,-1.9,0.1,0.025,-0.475,1.85,4.7,28,22,21,16,18,19,20,18,29,27,26,22,22,29,24,20,2814,1704,746,278,198,270,1101,992,0.0,-0.383,0.617,-0.184,0.77,0.364,1
47.05,28.675,9.75,5.125,3.5,3.85,21.475,20.3,-3.025,-4.5,1.475,0.925,0.075,0.075,-0.275,2.25,25,20,17,17,19,19,22,23,24,24,22,20,29,28,27,27,2769,1688,577,305,242,239,1274,1310,0.0,-0.383,0.617,-0.189,0.768,0.366,1
44.025,24.175,11.225,6.05,3.575,3.925,21.2,22.55,-1.25,0.225,0.95,0.225,-0.85,0.55,3.875,2.4,24,21,18,22,23,14,20,20,23,27,21,21,28,26,27,29,2297,1365,644,368,247,216,1270,1472,0.0,-0.383,0.617,-0.192,0.766,0.366,1
42.775,24.4,12.175,6.275,2.725,4.475,25.075,24.95,0.7,1.325,-0.25,-1.125,0.125,1.45,5.25,-1.175,26,22,22,20,22,16,19,22,25,26,22,24,26,23,25,28,2555,1437,724,397,189,261,1462,1635,0.0,-0.383,0.617,-0.192,0.765,0.366,1
43.475,25.725,11.925,5.15,2.85,5.925,30.325,23.775,1.15,-3.125,-0.275,0.075,0.2,-0.175,5.65,-6.05,24,20,21,19,14,21,21,22,24,25,22,25,24,25,27,30,2774,1674,697,326,172,374,1790,1569,0.0,-0.383,0.617,-0.192,0.766,0.367,1
44.625,22.6,11.65,5.225,3.05,5.75,35.975,17.725,-2.825,3.9,0.725,1.775,0.5,-0.975,-5.475,-2.25,24,21,20,19,17,20,23,16,26,26,23,24,25,26,26,25,2826,1453,695,299,174,357,2172,1001,0.0,-0.383,0.617,-0.192,0.767,0.367,1
41.8,26.5,12.375,7.0,3.55,4.775,30.5,15.475,-7.275,-3.375,1.7,-0.975,0.375,0.25,-9.025,0.4,23,21,17,17,23,24,22,17,26,25,29,21,27,27,25,24,2511,1615,760,379,211,302,1822,869,0.0,-0.383,0.617,-0.191,0.768,0.368,1
34.525,23.125,14.075,6.025,3.925,5.025,21.475,15.875,5.3,-7.6,0.15,-1.4,-0.375,0.675,4.425,0.7,22,23,23,16,22,28,23,19,27,26,31,20,26,29,25,29,2114,1405,980,350,244,332,1304,887,0.0,-0.383,0.617,-0.19,0.769,0.369,1
39.825,15.525,14.225,4.625,3.55,5.7,25.9,16.575,5.625,4.075,2.0,2.425,0.425,0.4,12.2,-0.9,23,27,24,17,19,24,23,23,28,26,29,23,27,26,25,29,2455,1087,941,254,228,362,1707,1090,0.0,-0.383,0.617,-0.188,0.77,0.37,1
45.45,19.6,16.225,7.05,3.975,6.1,38.1,15.675,-4.725,5.525,-0.45,1.9,0.275,-0.1,3.2,-2.225,27,25,21,18,18,18,24,23,28,26,28,25,26,22,28,27,3026,1416,1055,424,244,350,2576,1058,0.0,-0.383,0.617,-0.187,0.771,0.37,1
40.725,25.125,15.775,8.95,4.25,6.0,41.3,13.45,-2.7,-3.9,-3.4,-1.575,0.075,0.85,-10.125,2.125,27,20,24,23,17,17,24,20,28,23,27,26,28,20,26,25,2591,1757,1053,539,262,363,2826,847,0.0,-0.383,0.617,-0.188,0.771,0.369,1
38.025,21.225,12.375,7.375,4.325,6.85,31.175,15.575,-11.3,-7.3,-0.775,-2.8,-0.6,-1.225,-13.95,-1.3,20,20,25,27,22,21,24,21,24,19,25,29,27,25,25,25,2077,1388,798,477,261,420,2064,959,0.0,-0.383,0.617,-0.189,0.771,0.369,1
26.725,13.925,11.6,4.575,3.725,5.625,17.225,14.275,-17.325,-5.95,-1.725,-1.9,-1.825,-3.275,-11.025,-7.225,16,19,22,19,23,18,20,22,22,20,21,27,23,24,24,29,1380,842,724,319,230,350,1045,927,0.0,-0.383,0.617,-0.071,0.738,0.251,1
9.4,7.975,9.875,2.675,1.9,2.35,6.2,7.05,-8.125,-4.5,0.35,-0.5,-1.0,-1.25,-4.825,-3.9,12,19,21,13,11,7,13,19,24,20,21,22,14,18,17,24,447,416,594,162,99,113,304,433,0.0,-0.383,0.617,0.124,0.685,0.056,1
1.275,3.475,10.225,2.175,0.9,1.1,1.375,3.15,-0.075,0.25,1.925,-0.475,0.15,-0.2,0.175,2.5,8,20,22,12,3,5,11,17,19,19,22,22,12,16,15,20,77,201,662,119,38,47,68,179,0.0,-0.383,0.617,0.2,0.665,-0.023,1
1.2,3.725,12.15,1.7,1.05,0.9,1.55,5.65,0.225,0.175,4.725,0.25,0.3,0.075,0.1,-0.05,8,20,19,12,3,5,9,19,13,22,22,21,11,17,19,24,65,212,786,92,38,50,86,370,0.0,-0.383,0.617,0.198,0.667,-0.022,1
1.425,3.9,16.875,1.95,1.35,0.975,1.65,5.6,0.15,1.25,0.275,0.9,1.275,0.6,-0.225,-2.925,12,18,22,14,5,5,12,17,16,23,25,20,13,19,24,24,83,202,1078,109,56,52,107,374,0.0,-0.383,0.617,0.198,0.672,-0.018,1
1.575,5.15,17.15,2.85,2.625,1.575,1.425,2.675,0.325,4.9,-4.1,-0.25,0.1,0.175,-0.175,-0.475,14,17,23,16,7,5,11,14,20,21,25,21,16,17,22,24,93,289,1061,146,125,72,78,163,0.0,-0.383,0.617,0.194,0.681,-0.002,1
1.9,10.05,13.05,2.6,2.725,1.75,1.25,2.2,0.45,5.975,0.95,-0.575,-1.1,-0.65,-0.075,0.05,14,21,20,15,11,8,11,16,25,25,29,20,18,15,23,28,115,679,863,134,132,79,64,141,0.0,-0.383,0.617,0.183,0.694,0.026,1
2.35,16.025,14.0,2.025,1.625,1.1,1.175,2.25,0.05,-0.05,3.625,0.25,-0.175,-0.05,0.55,0.325,17,22,20,10,12,5,10,13,25,28,30,15,17,12,20,27,145,1065,869,98,80,49,64,143,0.0,-0.383,0.617,0.165,0.709,0.058,1
2.4,15.975,17.625,2.275,1.45,1.05,1.725,2.575,0.15,0.825,-1.175,0.075,-0.1,0.05,-0.025,0.625,16,29,19,11,9,2,11,17,24,32,27,17,14,14,16,26,149,1144,1019,105,64,43,87,162,0.0,-0.383,0.617,0.138,0.726,0.098,1
2.55,16.8,16.45,2.35,1.35,1.1,1.7,3.2,1.0,2.225,-4.05,-0.25,-0.025,0.025,-0.225,0.4,21,31,20,14,9,5,12,27,29,30,26,23,21,18,20,30,170,1180,1051,128,74,57,92,218,0.0,-0.383,0.617,0.099,0.746,0.151,1
3.55,19.025,12.4,2.1,1.325,1.125,1.475,3.6,2.1,0.575,-2.225,0.825,0.7,0.475,0.175,-0.1,25,23,22,14,10,8,14,24,27,23,24,26,21,21,23,29,232,1233,801,130,76,63,89,246,0.0,-0.383,0.617,0.054,0.765,0.203,1
5.65,19.6,10.175,2.925,2.025,1.6,1.65,3.5,2.45,-1.75,-1.375,0.075,-0.025,0.075,0.4,-0.175,24,22,25,17,12,12,17,18,24,21,27,25,20,19,21,24,365,1224,675,199,100,76,90,247,0.0,-0.383,0.617,0.004,0.779,0.246,1
8.1,17.85,8.8,3.0,2.0,1.675,2.05,3.325,1.8,-6.025,1.6,-0.45,-0.15,0.725,2.35,2.95,25,26,27,18,15,13,9,16,27,28,27,22,21,17,15,18,516,1207,644,204,105,84,101,177,0.0,-0.383,0.617,-0.048,0.786,0.283,1
9.9,11.825,10.4,2.55,1.85,2.4,4.4,6.275,5.85,1.075,0.85,-0.05,0.325,1.7,3.9,3.85,20,26,23,16,14,14,7,14,23,31,23,22,18,21,20,16,568,784,696,156,104,141,235,375,0.0,-0.383,0.617,-0.094,0.788,0.311,1
15.75,12.9,11.25,2.5,2.175,4.1,8.3,10.125,11.325,4.0,4.6,-0.275,0.25,0.4,1.425,8.5,20,25,18,14,13,21,18,16,23,29,20,23,24,25,25,20,1023,856,668,148,122,245,536,632,0.0,-0.383,0.617,-0.128,0.785,0.331,1
27.075,16.9,15.85,2.225,2.425,4.5,9.725,18.625,4.25,-0.8,2.775,1.775,0.475,-0.45,2.8,5.975,21,27,22,11,17,22,23,19,23,28,25,21,24,24,26,23,1556,1146,1014,139,140,241,638,1175,0.0,-0.383,0.617,-0.155,0.778,0.346,1
31.325,16.1,18.625,4.0,2.9,4.05,12.525,24.6,-1.7,4.1,-5.125,1.15,0.2,-0.325,2.325,-3.95,19,23,25,17,17,17,18,26,22,24,30,25,21,23,26,25,1720,997,1187,254,171,243,768,1644,0.0,-0.383,0.617,-0.175,0.77,0.358,1
29.625,20.2,13.5,5.15,3.1,3.725,14.85,20.65,2.075,6.95,-2.95,-0.35,-0.25,-0.725,-2.85,-5.2,21,21,22,22,17,16,19,24,22,24,31,25,22,27,25,25,1790,1247,851,319,183,239,904,1258,0.0,-0.383,0.617,-0.186,0.766,0.366,1
31.7,27.15,10.55,4.8,2.85,3.0,12.0,15.45,10.025,-1.875,-1.25,1.425,0.275,0.25,0.725,-1.375,23,23,23,24,21,18,21,23,23,27,31,23,25,27,27,28,2096,1768,705,305,182,182,760,976,0.0,-0.383,0.617,-0.191,0.764,0.368,1
41.725,25.275,9.3,6.225,3.125,3.25,12.725,14.075,2.425,0.25,0.3,0.025,0.725,0.625,5.2,3.975,20,25,23,27,21,18,19,22,27,26,23,26,26,25,25,26,2645,1756,618,426,206,197,719,837,0.0,-0.383,0.617,-0.194,0.762,0.367,1
44.15,25.525,9.6,6.25,3.85,3.875,17.925,18.05,-1.225,-0.725,2.6,0.125,-0.575,-0.5,0.6,0.85,17,22,23,25,22,17,21,22,29,28,23,27,24,25,23,24,2748,1690,574,400,250,238,1072,1076,0.0,-0.383,0.617,-0.195,0.76,0.365,1
42.925,24.8,12.2,6.375,3.275,3.375,18.525,18.9,3.475,-5.1,-0.625,0.2,-0.625,-0.025,-3.925,1.275,26,22,24,25,16,14,24,25,29,29,27,26,20,22,29,26,2885,1667,748,381,196,207,1233,1102,0.0,-0.383,0.617,-0.195,0.759,0.364,1
46.4,19.7,11.575,6.575,2.65,3.35,14.6,20.175,2.075,-1.3,-2.75,-0.875,-0.175,-0.6,-0.65,-1.2,29,24,22,23,12,17,22,26,30,29,26,28,20,26,29,28,2985,1375,716,415,147,215,948,1335,0.0,-0.383,0.617,-0.195,0.759,0.363,1
48.475,18.4,8.825,5.7,2.475,2.75,13.95,18.975,4.075,1.65,1.825,0.825,0.5,-0.25,0.425,-1.625,26,19,19,21,15,20,21,24,29,24,24,25,24,25,28,28,2949,1061,517,364,137,183,871,1317,0.0,-0.383,0.617,-0.195,0.758,0.363,1
52.55,20.05,10.65,6.525,2.975,2.5,14.375,17.35,-8.15,1.375,2.825,0.15,0.325,0.925,1.075,1.45,25,18,17,20,18,21,24,21,27,23,21,21,28,26,29,26,3341,1263,646,407,181,165,922,1126,0.0,-0.383,0.617,-0.194,0.758,0.363,1
44.4,21.425,13.475,6.675,3.3,3.425,15.45,18.8,-11.8,0.0,1.675,-0.45,-0.35,0.35,1.9,-1.975,23,22,20,19,15,20,22,27,24,28,22,25,26,26,24,30,2834,1419,847,407,202,208,887,1343,0.0,-0.383,0.617,-0.194,0.757,0.363,1
32.6,21.425,15.15,6.225,2.95,3.775,17.35,16.825,6.25,1.05,-0.775,-0.75,0.7,0.425,2.75,-2.05,24,23,22,21,16,18,22,25,28,25,25,26,22,24,24,29,2092,1266,953,392,170,211,1038,1146,0.0,-0.383,0.617,-0.194,0.757,0.363,1
38.85,22.475,14.375,5.475,3.65,4.2,20.1,14.775,7.625,0.425,-1.575,0.225,-0.025,-0.3,2.75,2.025,23,27,20,21,24,24,22,18,30,28,25,26,24,23,25,24,2539,1489,865,366,225,247,1258,819,0.0,-0.383,0.617,-0.194,0.758,0.363,1
46.475,22.9,12.8,5.7,3.625,3.9,22.85,16.8,-1.2,-2.55,-0.925,-0.15,-0.525,-0.625,3.55,0.25,21,27,17,19,22,24,19,20,26,30,26,25,27,24,27,25,2818,1523,749,375,238,242,1430,999,0.0,-0.383,0.617,-0.194,0.759,0.363,1
45.275,20.35,11.875,5.55,3.1,3.275,26.4,17.05,0.8,2.7,-0.2,-0.825,-0.15,0.025,-0.975,-1.45,20,24,20,20,19,21,18,22,25,27,27,27,29,24,28,26,2688,1284,689,333,197,178,1662,1054,0.0,-0.383,0.617,-0.194,0.759,0.363,1
46.075,23.05,11.675,4.725,2.95,3.3,25.425,15.6,-0.225,3.875,0.225,0.875,0.2,0.85,-6.575,2.75,19,27,24,20,16,19,21,22,24,28,27,24,26,21,25,27,2864,1458,813,271,169,188,1686,971,0.0,-0.383,0.617,-0.194,0.759,0.363,1
45.85,26.925,11.9,5.6,3.15,4.15,18.85,18.35,0.475,0.225,-0.2,-0.4,0.6,0.375,0.775,1.775,22,29,28,20,19,18,20,24,24,30,30,22,27,24,23,31,2976,1796,881,344,194,265,1193,1209,0.0,-0.383,0.617,-0.194,0.76,0.363,1
46.325,27.15,11.7,5.2,3.75,4.525,19.625,20.125,8.575,-1.3,-0.05,-0.1,-0.3,1.225,4.2,-0.9,19,25,27,15,25,17,19,24,24,28,28,19,30,26,20,31,2779,1797,769,295,239,282,1112,1366,0.0,-0.383,0.617,-0.194,0.761,0.363,1
54.9,25.85,11.65,5.1,3.45,5.75,23.825,19.225,4.8,-3.85,-0.25,1.225,0.0,0.25,-1.8,-3.075,17,24,21,15,20,17,21,22,25,31,24,21,24,25,24,29,2859,1756,669,286,205,349,1395,1212,0.0,-0.383,0.617,-0.194,0.761,0.363,1
59.7,22.0,11.4,6.325,3.45,6.0,22.025,16.15,-13.625,0.7,0.15,-0.5,-0.275,-1.825,-0.175,-1.475,21,23,24,21,17,16,20,22,28,31,28,26,22,25,28,23,3518,1360,734,398,213,356,1405,1028,0.0,-0.383,0.617,-0.194,0.761,0.363,1
46.075,22.7,11.55,5.825,3.175,4.175,21.85,14.675,-11.35,0.15,4.125,-0.3,-0.35,1.55,-0.1,2.35,20,21,26,19,16,18,20,19,26,26,30,26,24,26,26,24,2846,1427,773,360,190,254,1495,863,0.0,-0.383,0.617,-0.193,0.761,0.363,1
34.725,22.85,15.675,5.525,2.825,5.725,21.75,17.025,-16.675,-10.3,-1.525,-1.325,-0.75,-1.5,-11.825,-6.2,18,23,25,20,14,22,22,19,26,29,28,26,22,26,26,27,2048,1539,1032,342,153,373,1396,1013,0.0,-0.383,0.617,-0.173,0.756,0.344,1
18.05,12.55,14.15,4.2,2.075,4.225,9.925,10.825,-16.35,-9.075,-2.425,-1.9,-0.975,-3.25,-8.775,-7.675,14,20,23,20,11,12,12,17,28,27,27,24,23,15,24,24,1188,867,897,243,114,255,575,601,0.0,-0.383,0.617,0.022,0.706,0.149,1
1.7,3.475,11.725,2.3,1.1,0.975,1.15,3.15,-0.1,0.025,1.55,0.225,0.075,0.1,0.225,0.9,9,13,19,13,7,4,10,15,25,22,24,18,24,8,23,25,90,172,636,107,53,40,72,180,0.0,-0.383,0.617,0.196,0.662,-0.027,1
1.6,3.5,13.275,2.525,1.175,1.075,1.375,4.05,-0.325,-0.425,-1.925,0.3,0.15,-0.075,0.075,0.45,9,17,21,15,4,3,10,17,21,22,26,20,22,11,19,25,80,214,852,160,57,46,87,251,0.0,-0.383,0.617,0.197,0.662,-0.027,1
1.275,3.075,11.35,2.825,1.325,1.0,1.45,4.5,0.05,0.15,2.675,0.1,0.35,0.25,-0.25,-0.575,10,16,17,18,7,3,8,16,18,24,26,24,15,13,18,25,65,200,700,161,57,40,78,286,0.0,-0.383,0.617,0.198,0.662,-0.028,1
1.325,3.225,14.025,2.925,1.675,1.25,1.2,3.925,0.175,1.35,3.525,0.1,0.8,0.35,0.125,-0.35,11,14,21,15,9,6,8,17,23,22,28,20,10,19,17,27,78,194,905,156,79,62,60,249,0.0,-0.383,0.617,0.198,0.662,-0.028,1
1.5,4.575,17.55,3.025,2.475,1.6,1.325,3.575,-0.1,3.125,-0.175,-0.35,0.15,-0.025,0.125,0.2,11,17,24,15,8,13,8,23,19,20,30,20,12,21,16,30,92,278,1095,173,124,94,70,227,0.0,-0.383,0.617,0.199,0.671,-0.016,1
1.4,7.7,17.375,2.675,2.625,1.575,1.45,3.775,0.325,2.45,-0.375,-0.25,-0.575,-0.325,0.15,0.375,7,20,25,15,10,11,11,19,14,22,29,21,18,21,18,23,71,488,1122,145,138,84,82,228,0.0,-0.383,0.617,0.193,0.688,0.011,1
1.725,10.15,17.0,2.425,2.05,1.25,1.6,4.15,0.425,0.1,0.775,-0.15,-0.3,-0.175,0.175,-0.025,7,26,28,13,11,7,11,16,17,27,29,17,18,21,19,20,90,681,1186,128,113,62,92,255,0.0,-0.383,0.617,0.176,0.709,0.048,1
2.15,10.25,17.775,2.275,1.75,1.075,1.775,4.125,-0.125,3.05,0.5,0.075,0.1,0.05,-0.1,-1.125,12,25,25,13,8,11,7,23,19,29,31,18,15,21,22,28,131,656,1221,130,83,61,108,289,0.0,-0.383,0.617,0.148,0.734,0.095,1
2.025,13.3,18.275,2.35,1.85,1.125,1.675,3.0,-0.025,2.15,0.1,0.2,0.025,0.075,-0.125,-0.05,13,23,22,15,7,11,8,20,22,26,30,22,20,20,24,25,128,854,1169,143,96,64,104,196,0.0,-0.383,0.617,0.11,0.759,0.146,1
2.0,15.45,18.375,2.55,1.875,1.2,1.55,2.95,0.35,-2.85,-4.575,-0.375,-0.175,-0.05,-0.2,0.2,12,21,18,14,10,5,10,17,22,23,26,23,24,14,21,23,120,945,1004,150,99,49,91,198,0.0,-0.383,0.617,0.064,0.779,0.191,1
2.35,12.6,13.8,2.175,1.7,1.15,1.35,3.15,1.85,1.2,-4.35,0.15,0.15,0.275,0.375,-0.625,13,21,20,12,14,6,10,15,24,23,26,21,21,19,22,23,152,758,779,126,89,56,81,206,0.0,-0.383,0.617,0.015,0.795,0.229,1
4.2,13.8,9.45,2.325,1.85,1.425,1.725,2.525,6.825,-1.2,-2.125,0.15,0.125,0.5,4.375,5.075,18,20,22,16,15,11,12,13,26,26,24,23,20,21,21,19,251,844,605,145,101,80,99,137,0.0,-0.383,0.617,-0.042,0.805,0.265,1
11.025,12.6,7.325,2.475,1.975,1.925,6.1,7.6,12.75,0.425,-1.25,1.2,0.225,1.1,9.775,7.125,22,22,21,17,15,14,21,15,24,28,21,24,18,19,26,18,702,805,448,144,110,101,405,389,0.0,-0.383,0.617,-0.116,0.804,0.306,1
23.775,13.025,6.075,3.675,2.2,3.025,15.875,14.725,10.0,4.875,1.325,1.175,0.525,0.55,5.35,4.9,18,23,19,19,12,12,23,19,23,24,21,28,18,18,32,23,1261,745,340,222,125,146,950,872,0.0,-0.383,0.617,-0.172,0.794,0.339,1
33.775,17.9,7.4,4.85,2.725,3.575,21.225,19.625,-2.45,-0.075,0.575,-0.225,1.1,0.275,-2.375,-0.35,21,25,20,20,11,16,17,25,29,25,22,27,21,21,23,28,2117,1074,412,285,157,191,1255,1249,0.0,-0.383,0.617,-0.192,0.785,0.351,1
31.325,17.825,7.975,4.625,3.825,3.85,18.85,19.275,-3.725,0.125,2.875,2.425,1.45,1.85,3.35,4.375,25,25,22,21,22,24,18,24,29,26,24,30,26,27,18,27,2111,1096,450,304,232,250,1136,1320,0.0,-0.383,0.617,-0.2,0.78,0.355,1
27.6,17.95,10.85,7.05,5.275,5.7,22.2,23.65,3.6,2.2,0.825,0.15,-0.475,-0.175,2.2,0.925,22,22,23,23,26,26,20,22,24,24,20,28,30,28,21,25,1694,1100,665,456,354,386,1194,1537,0.0,-0.383,0.617,-0.204,0.779,0.356,1
31.2,20.15,11.675,7.2,4.8,5.525,24.4,24.575,1.45,2.1,-0.9,-1.45,-0.525,-0.875,-0.25,-2.725,21,17,24,20,18,25,19,22,25,23,26,23,26,26,24,25,1888,1219,763,456,319,360,1259,1461,0.0,-0.383,0.617,-0.207,0.78,0.357,1
32.65,22.25,10.775,5.75,4.275,4.65,24.15,21.85,7.075,1.45,2.65,0.75,1.225,0.95,4.075,3.2,19,21,25,22,16,24,20,26,24,27,27,23,24,26,25,29,1800,1382,686,376,264,290,1429,1484,0.0,-0.383,0.617,-0.209,0.781,0.357,1
39.725,23.7,13.425,6.5,5.5,5.6,28.225,25.05,1.7,-0.65,-2.4,-0.95,-0.05,-0.4,0.275,-1.425,22,24,26,23,23,21,25,29,22,28,26,24,28,27,25,31,2254,1573,882,416,345,369,1680,1624,0.0,-0.383,0.617,-0.21,0.779,0.356,1
41.425,23.05,11.025,5.55,5.45,5.2,28.5,23.625,-9.325,-3.45,-2.125,-0.275,-1.75,-1.125,-3.475,-3.6,19,18,21,22,21,13,28,26,24,27,25,23,25,27,27,26,2226,1342,745,335,335,337,1831,1434,0.0,-0.383,0.617,-0.209,0.778,0.356,1
32.1,19.6,8.9,5.275,3.7,4.075,25.025,20.025,-1.15,1.725,0.575,0.275,0.0,0.525,-1.55,-0.125,20,23,20,21,17,13,26,22,23,29,23,22,20,25,29,25,1809,1282,566,321,215,247,1712,1146,0.0,-0.383,0.617,-0.209,0.777,0.356,1
30.95,21.325,9.475,5.55,3.7,4.6,23.475,19.9,6.825,0.2,1.1,0.925,0.975,0.525,2.825,-0.375,25,26,22,22,20,21,24,18,27,30,25,24,19,21,26,23,1966,1470,583,345,205,265,1472,1029,0.0,-0.383,0.617,-0.208,0.777,0.356,1
37.775,21.525,10.575,6.475,4.675,5.125,26.3,19.525,4.55,-2.825,1.45,0.275,-0.525,-0.45,3.825,-1.675,24,25,22,24,20,21,22,20,31,30,25,27,23,27,25,21,2325,1391,643,410,259,305,1611,1138,0.0,-0.383,0.617,-0.207,0.778,0.357,1
42.325,18.7,12.025,6.75,4.15,4.675,30.125,17.85,-0.75,1.025,0.75,-0.325,-0.6,-0.875,2.825,2.975,23,26,26,25,16,25,20,23,31,27,25,26,26,29,24,24,2593,1216,788,420,234,312,1871,1180,0.0,-0.383,0.617,-0.206,0.779,0.357,1
41.575,19.725,12.775,6.425,3.55,3.8,32.95,20.825,-0.625,6.975,1.0,0.15,-0.325,0.0,0.5,2.175,26,24,25,22,20,28,25,20,27,24,25,25,28,30,27,29,2616,1324,846,357,217,273,2035,1407,0.0,-0.383,0.617,-0.207,0.78,0.357,1
40.95,26.7,13.775,6.575,3.225,3.8,33.45,23.0,-5.725,-2.35,-1.7,-0.325,0.2,0.225,0.4,-3.425,26,24,25,20,17,16,25,21,26,25,24,24,25,26,28,28,2613,1760,873,396,191,230,2154,1565,0.0,-0.383,0.617,-0.207,0.781,0.358,1
35.225,24.35,12.075,6.25,3.425,4.025,33.85,19.575,-3.775,-4.6,-1.85,1.5,-0.05,-0.525,-1.725,-2.85,24,24,26,21,16,11,21,23,25,26,28,24,23,23,23,27,2135,1646,806,415,193,205,2100,1237,0.0,-0.383,0.617,-0.207,0.783,0.358,1
31.45,19.75,10.225,7.75,3.375,3.5,32.125,16.725,2.375,4.25,-0.675,0.025,-0.25,0.025,-4.025,-0.025,21,24,24,19,19,16,21,18,27,30,27,23,24,25,27,25,1975,1324,633,459,196,189,2026,1006,0.0,-0.383,0.617,-0.206,0.783,0.358,1
33.825,24.0,9.55,7.775,3.125,3.525,28.1,16.7,4.225,1.925,-0.25,-1.725,0.775,0.95,-0.175,0.275,25,29,20,20,22,19,24,18,28,31,24,27,26,23,28,22,2358,1735,564,457,191,198,1893,990,0.0,-0.383,0.617,-0.206,0.784,0.358,1
1.375,2.75,12.975,1.925,2.1,2.1,1.7,1.275,-0.25,-0.15,-2.575,0.85,2.025,0.75,0.25,-0.275,11,19,26,9,8,11,4,13,16,25,30,15,19,19,18,22,65,173,884,103,93,101,73,75,1.0,-0.383,1.0,0.197,0.663,0.013,1
1.125,2.6,10.4,2.775,4.125,2.85,1.95,1.0,0.125,0.85,3.3,-0.05,0.225,-0.45,-0.45,-0.025,6,16,23,11,17,17,9,6,13,23,30,15,24,26,19,23,52,165,676,151,238,164,106,61,1.0,-0.383,1.0,0.197,0.671,0.018,1
1.25,3.45,13.7,2.725,4.35,2.4,1.5,0.975,0.4,3.6,5.125,-0.825,-2.05,-0.7,-0.45,0.1,6,12,18,10,18,14,12,6,17,18,25,14,23,22,22,20,66,173,794,135,256,139,89,54,1.0,-0.383,1.0,0.191,0.69,0.033,1
1.65,7.05,18.825,1.9,2.3,1.7,1.05,1.075,0.725,4.025,-2.9,0.325,-0.875,-0.5,0.1,0.65,7,18,21,9,12,6,7,3,19,20,22,19,21,16,21,14,82,402,1119,92,107,73,53,41,1.0,-0.383,1.0,0.159,0.747,0.084,1
2.375,11.075,15.925,2.225,1.425,1.2,1.15,1.725,2.1,1.55,1.325,0.375,0.15,0.575,0.375,0.575,13,17,19,13,13,5,8,5,17,23,26,22,27,18,18,16,124,680,1010,127,88,56,61,78,1.0,-0.383,1.0,0.09,0.843,0.167,1
4.475,12.625,17.25,2.6,1.575,1.775,1.525,2.3,2.175,-1.85,2.65,-0.125,0.05,0.2,0.0,-0.25,21,16,18,15,12,12,13,14,25,24,25,21,19,20,22,25,297,770,964,138,82,103,94,140,1.0,-0.383,1.0,0.002,0.93,0.24,1
6.65,10.775,19.9,2.475,1.625,1.975,1.525,2.05,-0.25,-0.25,-5.85,0.225,0.075,-0.325,-0.1,-0.25,23,21,22,14,11,15,10,12,31,25,22,18,17,24,22,22,460,665,1157,119,78,114,86,113,1.0,-0.383,1.0,-0.071,0.981,0.283,1
6.4,10.525,14.05,2.7,1.7,1.65,1.425,1.8,0.6,4.95,-1.575,1.1,0.7,0.875,3.125,1.325,21,25,22,12,15,14,11,10,26,26,23,27,22,21,19,19,424,706,816,139,90,90,74,91,1.0,-0.383,1.0,-0.114,1.001,0.303,1
7.0,15.475,12.475,3.8,2.4,2.525,4.55,3.125,2.75,2.95,-0.4,0.2,-0.025,1.975,2.975,3.125,18,23,19,13,15,16,17,14,21,24,21,29,22,21,21,24,345,966,699,222,132,164,256,195,1.0,-0.383,1.0,-0.143,1.009,0.314,1
9.75,18.425,12.075,4.0,2.375,4.5,7.525,6.25,14.65,2.075,-0.55,0.7,1.3,2.2,9.375,9.475,19,24,19,12,13,18,18,17,25,26,22,20,20,25,21,28,469,1230,713,219,123,286,410,368,1.0,-0.383,1.0,-0.167,1.014,0.321,1
24.4,20.5,11.525,4.7,3.675,6.7,16.9,15.725,16.65,4.1,4.125,2.475,1.3,1.075,9.85,6.025,21,22,20,16,15,23,17,20,29,24,29,23,20,29,23,28,1474,1270,751,287,227,425,808,833,1.0,-0.383,1.0,-0.186,1.016,0.324,1
41.05,24.6,15.65,7.175,4.975,7.775,26.75,21.75,1.225,2.8,0.55,0.775,-0.4,-0.65,1.1,-2.975,21,20,24,20,14,21,18,21,28,24,28,25,20,26,26,24,2473,1429,1048,425,292,453,1529,1302,1.0,-0.383,1.0,-0.195,1.015,0.324,1
42.275,27.4,16.2,7.95,4.575,7.125,27.85,18.775,-6.125,2.35,-0.025,-0.875,0.325,-0.725,0.95,-0.05,19,21,27,16,20,18,19,23,28,29,32,25,20,23,28,29,2134,1627,1107,426,265,407,1780,1255,1.0,-0.383,1.0,-0.197,1.015,0.324,1
36.15,29.75,16.175,7.075,4.9,6.4,28.8,18.725,-2.45,-1.425,2.725,-0.425,0.225,-0.05,0.075,3.6,20,25,20,15,22,20,21,27,27,26,30,22,24,23,25,30,1841,1864,989,370,296,406,1808,1360,1.0,-0.383,1.0,-0.198,1.014,0.323,1
33.7,28.325,18.9,6.65,5.125,6.35,28.875,22.325,12.1,0.325,-1.65,0.5,-0.7,-0.675,-2.25,-1.075,20,27,20,15,24,21,21,29,25,29,26,24,25,26,26,27,1980,1982,1019,331,320,394,1664,1585,1.0,-0.383,1.0,-0.198,1.014,0.324,1
45.8,28.65,17.25,7.15,4.425,5.675,26.625,21.25,1.575,-2.75,0.45,-0.35,-0.025,-0.05,-4.9,-1.75,19,28,21,21,23,21,19,23,23,30,24,28,25,29,27,27,2636,2107,870,418,269,343,1497,1453,1.0,-0.383,1.0,-0.197,1.014,0.325,1
47.375,25.9,17.7,6.8,4.4,5.625,21.725,19.5,-9.725,-3.325,3.475,1.5,0.475,0.775,6.5,2.7,23,24,22,22,20,18,19,20,23,29,24,29,24,26,25,26,2883,1715,1000,430,259,342,1250,1201,1.0,-0.383,1.0,-0.196,1.015,0.325,1
37.65,22.575,21.175,8.3,4.875,6.4,28.225,22.2,-0.925,0.775,-0.45,0.3,-0.125,-0.55,7.45,-2.6,22,18,23,19,20,19,22,24,27,26,27,25,28,25,27,28,2414,1327,1240,478,302,417,1800,1292,1.0,-0.383,1.0,-0.194,1.016,0.325,1
36.725,23.35,20.725,8.6,4.75,5.85,35.675,19.6,0.65,-2.25,-2.475,-0.775,-0.275,-1.1,-7.9,-4.15,22,14,21,19,18,22,29,27,29,22,26,26,25,25,30,33,2298,1432,1267,533,268,351,2469,1152,1.0,-0.383,1.0,-0.193,1.016,0.324,1
37.375,21.1,18.25,7.825,4.475,4.75,27.775,15.45,-8.825,-6.4,-4.075,-1.55,-1.525,-1.1,-10.45,-4.85,21,16,24,19,18,22,28,27,26,25,28,29,21,27,30,32,2312,1178,1271,531,262,289,1803,1033,1.0,-0.383,1.0,-0.192,1.016,0.325,1
28.55,14.7,14.175,6.275,2.95,3.65,17.325,10.6,-18.4,-8.95,-2.6,-3.15,-0.1,-0.4,-9.7,-6.3,20,18,24,20,14,15,20,20,22,26,26,26,21,25,24,27,1683,933,926,385,186,217,952,724,1.0,-0.383,1.0,-0.075,0.909,0.226,1
10.15,5.75,11.575,3.125,2.85,3.25,7.625,4.3,-8.7,-0.725,6.525,-0.55,0.5,0.85,-4.95,-2.275,14,19,20,20,13,12,15,17,18,24,22,23,21,21,20,24,610,354,682,191,148,204,363,292,1.0,-0.383,1.0,0.121,0.734,0.063,1
1.45,5.025,18.1,2.575,3.35,4.1,2.675,2.025,-0.075,0.8,1.775,0.1,-1.2,-0.15,-0.2,0.075,11,17,19,22,15,15,16,21,18,24,22,22,25,26,21,24,70,266,1031,157,184,277,162,126,1.0,-0.383,1.0,0.199,0.675,0.009,1
1.375,5.825,19.875,2.675,2.15,3.95,2.475,2.1,1.675,3.475,-3.175,-0.375,-0.75,-1.525,-0.925,0.825,11,14,19,22,11,19,14,20,19,22,26,21,25,26,23,26,74,326,1197,157,134,261,147,136,1.0,-0.383,1.0,0.191,0.7,0.036,1
3.05,9.3,16.7,2.3,1.4,2.425,1.55,2.925,1.15,4.75,3.45,-0.25,0.025,-0.75,0.075,0.575,13,20,21,20,7,11,14,19,18,25,26,23,21,20,21,27,179,580,1040,130,75,153,86,191,1.0,-0.383,1.0,0.162,0.759,0.091,1
4.2,14.05,20.15,2.05,1.425,1.675,1.625,3.5,0.75,-0.975,0.425,0.8,0.4,0.225,0.075,-0.45,17,20,26,18,10,6,15,19,22,23,28,25,19,25,24,29,251,799,1284,126,76,98,103,230,1.0,-0.383,1.0,0.109,0.843,0.163,1
4.95,13.075,20.575,2.85,1.825,1.9,1.7,3.05,3.35,-1.075,-7.825,0.225,0.15,0.225,0.5,-0.5,13,18,25,16,12,12,13,17,21,21,26,23,19,23,27,25,256,719,1305,189,96,104,111,187,1.0,-0.383,1.0,0.017,0.935,0.234,1
8.3,12.0,12.75,3.075,1.975,2.125,2.2,2.55,0.575,6.225,-4.65,0.4,-0.05,0.15,0.175,0.075,13,19,21,14,16,14,13,16,22,21,24,22,21,18,25,21,446,722,774,195,116,107,146,148,1.0,-0.383,1.0,-0.068,0.996,0.28,1
8.875,18.225,8.1,3.475,1.925,2.275,2.375,2.625,-0.075,0.1,0.1,2.0,0.025,0.125,2.625,2.875,15,18,16,18,14,18,13,17,22,27,21,25,23,19,23,24,528,1099,453,221,117,118,143,167,1.0,-0.383,1.0,-0.108,1.009,0.29,1
8.8,18.325,8.2,5.475,1.95,2.4,5.0,5.5,14.775,-1.925,1.025,1.025,0.825,1.225,6.9,16.05,19,20,16,21,13,18,17,23,21,24,20,27,23,26,22,25,516,1168,493,335,127,150,272,360,1.0,-0.383,1.0,-0.141,1.012,0.297,1
23.575,16.4,9.225,6.5,2.775,3.625,11.9,21.55,23.5,9.925,4.1,1.55,2.8,3.3,10.525,11.7,18,20,17,21,16,14,22,28,21,23,18,26,23,26,23,28,1298,906,532,354,187,223,612,1498,1.0,-0.383,1.0,-0.168,1.014,0.304,1
47.075,26.325,13.325,8.05,5.575,6.925,22.425,33.25,1.95,1.325,0.225,-0.325,1.375,1.4,4.05,-6.9,21,21,19,23,19,17,19,23,25,26,22,24,23,22,23,27,2915,1505,819,448,350,429,1152,1978,1.0,-0.383,1.0,-0.178,1.015,0.306,1
49.025,27.65,13.55,7.725,6.95,8.325,26.475,26.35,-9.8,-8.35,-2.325,-1.2,-2.075,-2.575,-5.525,-8.375,25,20,22,17,20,22,19,20,28,24,24,23,23,24,25,22,2913,1656,861,442,402,527,1590,1408,1.0,-0.383,1.0,-0.178,1.016,0.305,1
39.225,19.3,11.225,6.525,4.875,5.75,20.95,17.975,-3.7,-1.025,2.95,1.35,-0.125,-1.275,1.775,2.425,21,21,20,18,19,20,19,20,24,27,21,26,23,23,24,21,2068,1138,667,407,277,340,1392,1018,1.0,-0.383,1.0,-0.178,1.016,0.305,1
35.525,18.275,14.175,7.875,4.75,4.475,22.725,20.4,0.9,4.625,3.4,0.225,1.075,1.825,0.725,2.85,19,23,22,23,20,12,19,20,26,31,23,26,26,24,24,23,1913,1225,900,510,256,238,1413,1197,1.0,-0.383,1.0,-0.177,1.016,0.305,1
36.425,22.9,17.575,8.1,5.825,6.3,23.45,23.25,0.175,2.425,-2.125,-1.6,-1.425,-0.05,2.075,0.85,20,27,25,20,19,13,27,23,30,29,25,22,24,27,31,28,2393,1656,1126,479,333,391,1666,1455,1.0,-0.383,1.0,-0.177,1.017,0.305,1
36.6,25.325,15.45,6.5,4.4,6.25,25.525,24.1,2.75,1.6,-1.35,-1.1,-0.125,-1.7,5.5,-1.925,21,26,23,21,19,19,27,25,28,25,24,22,22,25,30,30,2359,1654,890,368,283,387,1719,1555,1.0,-0.383,1.0,-0.177,1.016,0.304,1
39.35,26.925,14.1,5.4,4.275,4.55,31.025,22.175,0.65,-1.025,-0.55,1.95,0.025,-0.225,0.375,-3.425,22,24,22,19,19,19,24,21,26,25,21,22,22,24,25,26,2614,1699,770,311,262,274,1868,1415,1.0,-0.383,1.0,-0.177,1.016,0.304,1
40.0,25.9,13.55,7.35,4.3,4.325,31.4,18.75,-21.6,-12.675,-1.675,-2.0,-1.85,-1.575,-14.8,-7.75,26,27,17,20,20,19,22,20,27,30,17,27,24,26,23,25,2729,1643,661,448,253,262,1720,1126,1.0,-0.383,1.0,-0.177,1.016,0.305,1
18.4,13.225,11.875,5.35,2.45,2.75,16.6,11.0,-16.925,-10.575,-1.375,-3.25,-1.15,-1.65,-15.55,-9.6,14,20,22,17,15,13,11,17,18,27,24,22,22,21,18,24,1169,794,718,322,139,162,878,675,1.0,-0.383,1.0,0.011,0.839,0.144,1
1.475,2.65,10.5,2.1,1.3,1.1,1.05,1.4,-0.025,0.575,-1.025,0.15,-0.025,-0.075,0.1,0.125,8,19,22,18,7,5,5,8,15,23,28,22,17,16,12,18,76,159,669,126,64,43,43,57,1.0,-0.383,1.0,0.199,0.663,-0.016,1
1.45,3.225,9.475,2.25,1.275,1.025,1.15,1.525,0.025,0.225,0.5,0.325,0.5,0.3,0.45,0.75,9,18,19,19,11,5,7,11,18,20,25,26,17,21,13,17,73,204,599,155,73,52,47,77,1.0,-0.383,1.0,0.199,0.664,-0.016,1
1.475,3.45,9.975,2.575,1.775,1.325,1.6,2.275,0.6,5.375,3.55,0.375,0.975,0.4,0.125,-0.15,7,19,24,20,10,8,9,12,18,21,25,26,20,24,22,21,67,216,655,169,90,82,86,124,1.0,-0.383,1.0,0.199,0.668,-0.014,1
2.075,8.825,13.525,2.95,2.75,1.725,1.725,2.125,-0.075,1.85,2.2,-0.475,-0.025,0.2,-0.4,-0.3,14,22,17,19,10,11,11,12,21,26,24,27,21,23,24,19,105,528,703,188,145,98,102,109,1.0,-0.383,1.0,0.198,0.679,-0.006,1
2.0,10.675,15.725,2.475,2.725,1.925,1.325,1.825,-0.475,-2.175,-0.575,-0.475,-1.0,-0.25,-0.15,0.35,16,19,18,11,12,14,9,15,23,26,25,24,16,21,17,19,109,672,834,136,147,110,74,102,1.0,-0.383,1.0,0.194,0.7,0.013,1
1.525,8.5,15.15,2.0,1.725,1.675,1.175,2.175,0.55,0.875,1.7,0.225,-0.2,0.125,0.45,1.05,14,19,25,12,8,8,10,17,21,24,26,23,16,18,20,21,84,506,984,114,93,88,67,142,1.0,-0.383,1.0,0.182,0.736,0.046,1
2.075,9.375,16.85,2.225,1.525,1.8,1.625,3.225,0.625,-0.125,1.05,0.075,0.125,0.225,0.6,0.85,16,21,24,16,7,8,15,17,22,26,26,18,15,19,26,25,126,531,1080,124,83,108,110,219,1.0,-0.383,1.0,0.162,0.784,0.089,1
2.7,9.25,17.9,2.3,1.65,2.025,2.225,4.075,2.025,0.9,-2.35,0.15,0.0,-0.525,-0.325,-0.6,20,20,25,16,8,13,19,23,26,26,29,21,13,23,27,26,181,594,1147,132,82,133,153,266,1.0,-0.383,1.0,0.133,0.836,0.135,1
4.725,10.15,15.55,2.45,1.65,1.5,1.9,3.475,1.225,-0.125,0.5,0.2,-0.15,0.05,-0.475,-0.575,19,20,26,19,11,9,19,26,22,24,30,26,16,20,26,22,269,632,1035,165,93,87,127,222,1.0,-0.383,1.0,0.096,0.884,0.177,1
5.95,10.025,16.05,2.65,1.5,1.55,1.425,2.9,0.375,0.3,0.1,-0.45,-0.25,0.175,0.025,-0.825,21,20,27,17,13,12,15,21,20,24,30,24,15,20,22,24,326,578,1108,160,77,91,89,181,1.0,-0.383,1.0,0.053,0.925,0.212,1
6.325,10.325,16.15,2.2,1.25,1.725,1.45,2.075,1.85,3.425,-3.025,-0.075,0.225,-0.175,-0.075,-0.45,24,21,23,13,11,13,10,9,28,26,26,20,13,22,21,23,413,620,1085,114,51,92,85,117,1.0,-0.383,1.0,0.009,0.958,0.239,1
8.175,13.75,13.125,2.125,1.475,1.55,1.375,1.625,1.2,4.2,-2.05,1.0,0.9,0.55,0.8,2.1,20,24,19,12,10,11,8,8,27,30,28,25,12,21,23,20,573,916,848,119,64,81,80,81,1.0,-0.383,1.0,-0.034,0.981,0.261,1
9.375,17.95,11.075,3.125,2.375,2.1,2.175,3.725,2.325,0.9,-3.275,0.8,0.05,0.375,2.675,2.175,24,26,27,14,9,12,9,13,24,29,32,26,17,22,16,16,639,1249,724,174,115,101,115,199,1.0,-0.383,1.0,-0.076,0.998,0.28,1
11.7,18.85,7.8,3.925,2.425,2.475,4.85,5.9,2.725,-3.55,-1.725,-0.625,0.125,0.925,5.45,1.6,21,20,27,16,14,15,14,16,25,26,28,19,17,20,20,22,653,1233,526,218,122,119,294,324,1.0,-0.383,1.0,-0.113,1.007,0.297,1
14.425,15.3,6.075,3.3,2.55,3.4,10.3,7.5,7.25,1.95,-0.3,-0.25,-0.1,0.675,8.125,5.45,16,21,22,14,19,18,19,18,22,25,22,21,18,16,30,28,814,981,384,190,140,189,649,413,1.0,-0.383,1.0,-0.14,1.013,0.309,1
21.675,17.25,5.775,3.05,2.45,4.075,18.425,12.95,8.8,1.9,1.7,0.75,-0.05,0.0,0.825,5.125,20,23,19,13,16,21,21,19,23,27,23,23,21,19,25,24,1424,1054,338,175,145,250,1171,763,1.0,-0.383,1.0,-0.157,1.015,0.318,1
30.475,19.15,7.475,3.8,2.4,4.075,19.25,18.075,-2.8,2.475,0.25,0.775,0.775,0.025,-4.9,0.525,25,18,17,11,14,18,19,24,27,26,23,24,18,19,23,25,2103,1156,444,220,127,219,1221,1210,1.0,-0.383,1.0,-0.17,1.016,0.324,1
27.675,21.625,7.725,4.575,3.175,4.1,14.35,18.6,-0.325,2.475,-0.9,1.85,-0.025,0.0,1.55,0.775,23,21,21,14,16,13,18,22,27,25,25,25,20,18,23,27,1827,1409,497,280,152,190,867,1168,1.0,-0.383,1.0,-0.181,1.016,0.327,1
27.35,24.1,6.825,6.425,3.15,4.1,15.9,19.375,5.575,-6.6,3.9,1.225,0.3,0.425,0.975,5.05,19,24,20,20,21,17,23,23,26,27,28,26,27,22,24,29,1569,1758,470,389,195,224,907,1263,1.0,-0.383,1.0,-0.189,1.014,0.328,1
32.925,17.5,10.725,7.65,3.45,4.525,16.875,24.425,5.25,-1.7,2.9,-0.225,-0.05,-0.95,-4.075,0.0,18,20,20,19,19,20,27,28,23,29,27,26,26,22,29,30,1855,1207,640,495,216,268,1046,1747,1.0,-0.383,1.0,-0.194,1.011,0.329,1
38.175,15.8,13.625,7.425,3.4,3.575,12.8,24.425,1.825,2.85,-1.8,-0.45,-0.4,-0.7,-0.6,-4.375,19,20,21,19,16,19,27,24,21,27,23,24,21,21,28,26,2195,950,789,476,178,214,858,1704,1.0,-0.383,1.0,-0.196,1.01,0.329,1
40.0,18.65,11.825,6.975,3.0,2.875,12.2,20.05,0.5,0.2,-0.375,0.325,0.15,0.0,2.75,3.175,17,19,20,22,16,16,24,17,26,23,23,28,20,21,28,23,2313,1063,690,474,131,154,780,1178,1.0,-0.383,1.0,-0.196,1.01,0.329,1
40.5,18.85,11.45,7.3,3.15,2.875,14.95,23.225,6.8,0.575,-1.75,-1.05,0.45,0.875,8.3,-1.875,19,17,21,22,15,17,18,17,27,25,23,27,19,23,24,25,2449,1164,632,476,155,156,873,1296,1.0,-0.383,1.0,-0.196,1.01,0.329,1
47.3,19.425,9.7,6.25,3.6,3.75,23.25,21.35,-6.425,-2.15,0.675,0.425,0.475,1.125,2.55,-5.9,23,16,21,22,13,19,24,17,27,32,27,22,21,27,29,29,2757,1220,553,376,214,240,1498,1245,1.0,-0.383,1.0,-0.195,1.009,0.328,1
40.875,17.275,10.375,6.675,4.075,4.875,25.8,15.45,-2.575,-1.325,1.65,0.6,0.175,-0.425,-1.875,5.475,21,19,23,21,16,21,29,14,24,30,29,23,26,27,33,29,2338,1132,654,420,266,322,1816,841,1.0,-0.383,1.0,-0.194,1.008,0.329,1
38.3,15.95,12.025,7.275,4.25,4.45,23.925,20.925,3.825,0.75,-1.625,-1.325,-0.35,-0.3,1.875,1.825,23,21,22,22,20,26,26,22,22,27,29,26,30,28,30,29,2249,1073,764,476,295,310,1528,1324,1.0,-0.383,1.0,-0.193,1.009,0.33,1
42.125,16.7,10.4,5.95,3.9,4.15,25.8,22.75,-5.475,1.05,0.175,0.65,-0.2,0.475,-2.6,-5.0,27,21,24,21,21,21,24,24,28,30,29,27,28,23,24,31,2615,1048,690,403,234,235,1522,1488,1.0,-0.383,1.0,-0.194,1.01,0.33,1
36.65,17.75,10.575,6.6,3.7,4.625,23.2,17.75,-3.15,0.3,-0.1,-0.275,0.325,0.375,-3.125,-0.625,27,25,28,23,19,19,23,25,29,31,30,27,22,20,27,29,2440,1174,737,437,211,249,1374,1147,1.0,-0.383,1.0,-0.194,1.011,0.33,1
33.5,18.05,10.475,6.325,4.025,5.0,20.075,17.125,3.1,-0.5,1.525,0.6,-0.425,0.05,-1.375,0.075,25,24,22,22,19,22,23,27,30,27,25,23,22,22,28,27,2147,1118,584,371,241,286,1150,1143,1.0,-0.383,1.0,-0.194,1.012,0.33,1
36.6,17.55,12.0,6.925,3.6,5.05,18.7,17.2,-1.425,2.325,1.6,1.125,0.3,-0.4,3.2,1.875,20,23,19,20,18,19,17,28,29,28,21,21,24,25,20,31,2126,1048,669,397,221,277,970,1134,1.0,-0.383,1.0,-0.194,1.012,0.329,1
35.175,19.875,13.6,8.05,3.9,4.65,21.9,19.075,-5.25,-2.425,0.825,-0.975,0.225,-0.725,5.575,1.05,20,23,22,25,19,19,15,28,27,27,23,26,28,26,18,31,1971,1186,821,512,244,278,1139,1328,1.0,-0.383,1.0,-0.194,1.013,0.329,1
29.925,17.45,14.425,7.075,4.125,3.925,27.475,20.125,-2.875,-3.375,2.85,-0.6,0.15,0.75,-1.025,-1.15,19,19,22,25,21,23,22,27,26,23,24,27,24,25,26,30,1783,930,818,456,258,262,1724,1314,1.0,-0.383,1.0,-0.193,1.013,0.329,1
27.05,14.075,17.275,6.475,4.275,4.675,26.45,18.975,-5.45,-0.2,2.0,0.65,0.375,0.275,-3.9,0.7,23,18,20,21,21,22,22,25,27,24,26,23,24,25,25,31,1671,776,1104,399,258,302,1689,1197,1.0,-0.383,1.0,-0.193,1.013,0.329,1
21.6,13.875,19.275,7.125,4.65,4.95,22.55,19.675,1.25,0.125,0.325,1.075,-0.575,-0.025,-2.55,0.3,24,21,22,20,21,20,25,24,25,25,25,24,28,26,24,29,1311,857,1265,446,284,322,1458,1254,1.0,-0.383,1.0,-0.192,1.013,0.329,1
1.7,3.475,10.075,2.25,1.35,1.0,1.9,3.825,-0.2,0.7,2.675,0.425,1.225,0.95,0.05,-1.025,16,21,24,15,6,5,10,17,24,26,28,17,19,12,16,21,112,240,720,108,72,48,97,221,2.0,-0.383,1.383,0.206,0.665,-0.012,1
1.5,4.175,12.75,2.675,2.575,1.95,1.95,2.8,0.275,5.1,2.425,0.2,0.55,0.3,-0.675,0.1,15,22,26,18,12,9,10,16,27,28,28,19,17,13,15,22,100,278,877,147,136,91,94,178,2.0,-0.383,1.383,0.205,0.685,0.006,1
1.775,9.275,15.175,2.875,3.125,2.25,1.275,2.9,3.3,2.725,-0.9,-0.25,-0.85,-0.75,-0.1,0.25,12,24,23,23,14,13,6,15,25,29,24,20,23,19,18,24,106,589,931,166,162,108,63,180,2.0,-0.383,1.383,0.198,0.723,0.041,1
5.075,12.0,14.275,2.625,2.275,1.5,1.175,3.15,2.85,-1.425,1.0,-0.3,-0.375,0.1,0.525,-0.8,13,21,18,23,12,12,4,16,21,23,19,20,23,21,20,24,296,727,790,161,118,84,48,189,2.0,-0.383,1.383,0.179,0.784,0.09,1
7.925,10.575,15.275,2.325,1.9,1.6,1.7,2.35,1.475,0.425,-0.775,0.4,-0.05,0.0,0.125,0.075,23,25,23,19,9,11,9,15,24,27,22,24,19,26,22,20,498,702,972,156,108,90,84,148,2.0,-0.383,1.383,0.143,0.866,0.148,1
9.4,11.0,14.5,2.725,1.85,1.6,1.825,2.425,2.175,1.2,-1.5,0.175,-0.1,0.1,0.025,1.225,28,27,22,15,9,11,8,19,26,29,23,23,21,29,19,21,651,731,888,164,106,90,86,151,2.0,-0.383,1.383,0.095,0.951,0.197,1
11.575,12.2,13.0,2.9,1.75,1.7,1.85,3.65,3.0,-0.725,-0.975,-0.1,0.0,1.975,1.975,2.075,25,21,21,18,10,14,12,23,24,28,22,23,19,27,21,27,717,778,797,180,89,102,107,244,2.0,-0.383,1.383,0.004,1.061,0.234,1
14.575,11.475,12.025,2.8,1.75,3.675,3.825,5.725,5.025,2.05,-1.125,0.6,0.85,2.8,5.0,4.45,17,18,27,19,11,21,18,18,20,25,29,19,17,27,29,31,781,725,823,178,88,195,246,383,2.0,-0.383,1.383,-0.108,1.171,0.258,1
19.6,13.525,10.9,3.4,2.6,6.475,8.825,10.175,9.85,2.65,1.825,1.325,0.35,2.025,0.9,5.575,20,18,25,13,18,24,21,17,23,22,29,19,21,26,29,28,1159,793,667,210,140,411,507,595,2.0,-0.383,1.383,-0.166,1.217,0.264,1
29.45,16.175,12.725,4.725,2.95,8.5,9.725,15.75,-1.325,-0.5,-0.75,0.625,-0.225,-0.8,0.0,2.175,23,21,20,11,17,22,14,19,24,23,27,21,24,25,24,23,1716,919,708,264,170,548,476,901,2.0,-0.383,1.383,-0.181,1.224,0.266,1
28.125,15.675,11.975,5.35,2.725,7.7,9.725,17.925,2.65,1.35,-0.45,1.4,0.125,-2.175,4.3,-0.775,18,21,17,17,12,21,15,18,20,26,26,22,26,26,21,21,1549,887,611,320,155,485,516,1030,2.0,-0.383,1.383,-0.188,1.225,0.269,1
30.775,17.025,11.525,6.75,2.85,5.525,14.025,17.15,2.75,2.075,1.65,0.85,0.5,1.925,2.175,4.225,22,23,21,24,12,23,21,21,21,32,24,23,26,29,23,26,1993,1011,743,459,170,339,878,1015,2.0,-0.383,1.383,-0.192,1.227,0.273,1
33.525,19.1,13.175,7.6,3.35,7.45,16.2,21.375,-8.275,-0.5,4.6,0.025,-0.025,-0.125,-0.35,5.65,29,27,24,21,16,29,21,25,27,31,25,23,25,30,22,30,2302,1293,848,488,203,537,1055,1345,2.0,-0.383,1.383,-0.195,1.227,0.278,1
25.25,18.6,17.775,7.625,3.325,7.325,15.85,27.025,9.425,-2.3,1.575,0.35,1.125,-2.275,3.675,-1.8,22,22,19,18,17,25,19,30,26,25,22,22,27,26,20,31,1483,1128,1035,440,196,499,994,1885,2.0,-0.383,1.383,-0.197,1.225,0.279,1
34.675,16.3,19.35,7.975,4.45,5.05,19.525,25.225,8.325,0.475,-5.1,-1.1,0.55,-0.25,5.475,-5.475,19,22,24,22,18,18,21,26,26,28,27,22,27,22,25,25,2159,919,1257,492,254,276,1329,1598,2.0,-0.383,1.383,-0.197,1.219,0.273,1
43.0,16.775,14.25,6.875,5.0,4.8,25.0,19.75,-4.0,4.225,-0.275,2.05,-0.925,-0.55,-0.125,1.025,23,24,20,21,18,17,23,18,25,29,25,24,23,19,27,21,2643,1090,888,412,275,264,1761,1132,2.0,-0.383,1.383,-0.196,1.216,0.269,1
39.0,21.0,13.975,8.925,4.075,4.25,24.875,20.775,3.675,1.425,0.9,0.7,-0.075,0.375,-1.825,3.375,24,22,17,21,17,22,21,21,25,28,22,26,24,25,28,25,2270,1354,821,534,231,252,1594,1208,2.0,-0.383,1.383,-0.196,1.218,0.272,1
42.675,22.425,14.875,9.625,4.0,4.625,23.05,24.15,6.125,2.025,-0.225,-2.85,0.025,-0.125,0.525,-0.325,25,24,20,21,16,20,21,25,26,29,26,23,21,25,25,26,2643,1466,977,590,223,262,1441,1480,2.0,-0.383,1.383,-0.196,1.219,0.274,1
48.8,24.45,14.65,6.775,4.025,4.5,23.575,23.825,3.125,-1.2,0.025,-0.575,-0.075,0.0,0.85,-1.55,25,27,17,18,20,18,22,21,24,30,24,21,23,25,25,25,3030,1676,958,355,255,256,1533,1530,2.0,-0.383,1.383,-0.197,1.221,0.277,1
51.925,23.25,14.675,6.2,3.95,4.5,24.425,22.275,-2.775,-3.525,0.575,0.475,-0.525,-0.475,3.825,-2.35,24,24,17,21,21,20,20,24,25,27,24,24,27,25,23,26,3190,1502,856,351,271,256,1492,1461,2.0,-0.383,1.383,-0.197,1.222,0.28,1
49.15,19.725,15.25,6.675,3.425,4.025,28.25,19.925,-7.45,-0.325,0.425,-0.325,0.175,-0.125,-1.1,-2.2,27,22,16,19,19,19,19,19,28,23,23,26,26,24,22,25,3209,1227,812,387,211,220,1733,1233,2.0,-0.383,1.383,-0.197,1.224,0.283,1
41.7,19.4,15.675,6.35,3.6,3.9,27.15,17.725,-6.4,1.325,-0.525,-0.55,0.75,1.4,-1.325,-2.7,27,26,16,19,21,18,18,16,28,27,25,28,22,23,26,24,2685,1289,757,358,206,224,1610,1013,2.0,-0.383,1.383,-0.196,1.225,0.284,1
35.3,20.725,15.15,5.8,4.35,5.3,25.825,15.025,0.275,-1.65,-0.375,-1.325,-0.4,-0.625,-1.05,-1.225,23,26,20,22,17,19,21,22,26,28,29,27,22,23,24,25,2203,1336,959,373,241,307,1400,886,2.0,-0.383,1.383,-0.194,1.227,0.284,1
35.575,19.075,14.775,4.475,3.95,4.675,24.775,13.8,-0.6,-4.725,0.85,1.175,-0.5,-0.65,2.575,1.7,24,25,22,17,17,20,23,25,27,26,31,23,26,20,28,29,2470,1227,1022,290,242,273,1510,923,2.0,-0.383,1.383,-0.192,1.229,0.286,1
34.975,14.35,15.625,5.65,3.45,4.025,27.35,15.5,-13.3,-2.925,0.55,1.075,-0.275,-0.575,-0.05,-1.025,23,23,26,18,19,18,22,24,24,26,30,24,23,21,29,30,2282,893,1139,377,223,238,1772,1068,2.0,-0.383,1.383,-0.192,1.229,0.286,1
21.675,11.425,16.175,6.725,3.175,3.45,27.3,14.475,-13.425,-5.275,-2.325,-2.8,-1.175,-1.625,-16.325,-5.575,22,17,26,21,16,18,22,21,22,26,27,26,18,23,27,28,1414,703,1036,424,182,206,1813,973,2.0,-0.383,1.383,-0.093,1.087,0.216,1
8.25,6.15,13.85,3.925,2.0,1.825,10.975,8.9,-6.75,-2.625,-2.45,-1.675,-0.9,-0.8,-8.9,-3.5,20,14,21,18,11,12,12,24,26,28,24,23,19,19,26,31,591,423,901,234,100,94,691,623,2.0,-0.383,1.383,0.105,0.804,0.079,1
1.5,3.525,11.4,2.25,1.1,1.025,2.075,5.4,-0.2,-0.35,0.0,-0.225,-0.05,-0.325,-0.45,-0.2,11,17,13,15,8,4,15,21,24,24,24,22,17,16,26,29,83,220,690,127,52,40,127,366,2.0,-0.383,1.383,0.204,0.663,0.01,1
1.3,3.175,11.4,2.025,1.05,0.7,1.625,5.2,0.175,0.375,2.025,0.15,0.25,0.0,0.375,-0.025,9,21,17,13,9,1,14,24,23,25,24,29,11,16,19,28,73,193,692,131,42,35,102,364,2.0,-0.383,1.383,0.205,0.662,0.009,1
1.475,3.55,13.425,2.175,1.3,0.7,2.0,5.175,0.15,-0.125,0.275,-0.15,0.025,0.125,0.575,-0.875,8,17,26,16,8,2,9,25,23,21,25,32,18,15,18,29,81,206,846,149,65,33,115,330,2.0,-0.383,1.383,0.205,0.661,0.009,1
1.625,3.425,13.7,2.025,1.325,0.825,2.575,4.3,-0.075,-0.475,-0.4,-0.375,0.45,0.975,-0.05,0.9,9,16,24,20,8,5,17,22,19,19,25,28,24,21,22,31,82,201,811,133,79,44,156,278,2.0,-0.383,1.383,0.204,0.661,0.01,1
1.55,2.95,13.3,1.65,1.775,1.8,2.525,5.2,0.475,3.7,2.85,2.275,4.0,2.075,0.15,0.675,10,18,22,15,10,13,21,24,12,24,27,22,21,25,22,25,74,192,849,108,93,108,158,309,2.0,-0.383,1.383,0.204,0.666,0.013,1
2.025,6.65,16.15,3.925,5.775,3.875,2.675,5.875,-0.05,3.825,4.175,0.175,0.4,0.0,-0.15,-0.85,14,17,21,14,14,17,16,26,15,24,26,21,19,23,20,24,110,449,971,221,322,205,155,350,2.0,-0.383,1.383,0.207,0.68,0.019,1
1.975,10.475,20.325,4.1,6.175,3.875,2.525,5.025,0.725,1.775,3.55,-1.975,-3.725,-1.25,-0.025,-0.525,9,21,24,21,19,18,11,22,19,24,26,29,22,22,21,26,101,718,1168,242,352,200,146,331,2.0,-0.383,1.383,0.21,0.708,0.034,1
2.7,12.25,23.875,2.125,2.45,2.625,2.5,4.5,1.8,2.6,-0.9,0.325,-0.5,-0.6,-0.45,0.225,8,24,23,20,16,19,13,22,20,24,22,30,28,23,24,28,166,811,1259,146,147,166,152,289,2.0,-0.383,1.383,0.204,0.759,0.063,1
4.5,14.85,22.975,2.45,1.95,2.025,2.05,4.725,2.2,1.55,-2.35,-0.125,-0.05,-0.325,-0.15,1.1,20,25,25,19,12,15,13,24,24,26,26,24,26,23,22,29,294,1027,1400,173,130,127,122,330,2.0,-0.383,1.383,0.187,0.835,0.105,1
6.7,16.4,20.625,2.325,1.9,1.7,1.9,5.825,1.7,-2.875,2.125,-0.025,-0.25,1.2,0.35,-0.175,22,27,27,19,11,15,11,19,25,27,29,21,22,23,19,25,433,1190,1298,148,123,94,116,380,2.0,-0.383,1.383,0.154,0.923,0.151,1
8.4,13.525,22.75,2.3,1.65,2.9,2.25,5.65,-0.475,-2.025,-0.925,0.525,-0.025,0.55,0.05,-2.175,19,26,26,17,13,15,16,20,26,27,27,20,21,23,23,26,530,926,1412,130,88,168,140,371,2.0,-0.383,1.383,0.109,1.009,0.188,1
7.925,11.5,21.825,2.825,1.625,3.45,2.3,3.475,-0.1,1.225,-2.925,-0.15,-0.125,-0.55,0.525,-0.425,17,21,27,20,12,18,19,16,25,26,29,21,21,26,24,25,496,679,1384,162,87,226,129,230,2.0,-0.383,1.383,0.054,1.086,0.213,1
7.825,12.725,18.9,2.675,1.5,2.9,2.825,3.05,0.625,-1.925,0.225,0.275,0.5,-0.4,0.0,0.425,18,19,24,19,10,22,18,14,29,27,27,24,17,25,20,23,521,748,1237,168,80,191,170,209,2.0,-0.383,1.383,0.001,1.141,0.228,1
8.45,10.8,19.125,2.95,2.0,2.5,2.825,3.475,1.1,1.875,-2.625,0.55,0.375,0.725,-0.15,0.05,17,18,23,14,10,17,21,15,33,26,25,19,17,19,25,23,571,629,1257,173,95,152,182,230,2.0,-0.383,1.383,-0.042,1.174,0.235,1
9.55,12.675,16.5,3.5,2.375,3.225,2.675,3.525,2.2,4.5,-4.775,0.725,-0.125,1.1,3.2,1.45,14,25,25,16,15,13,19,18,29,32,24,19,19,21,26,26,602,897,1111,193,122,208,171,213,2.0,-0.383,1.383,-0.08,1.195,0.243,1
11.75,17.175,11.725,4.225,2.25,4.325,5.875,4.975,2.05,2.025,-1.45,0.275,0.225,3.4,5.925,2.0,12,27,21,17,13,17,17,20,25,31,23,22,21,23,23,25,672,1214,775,244,115,271,326,282,2.0,-0.383,1.383,-0.115,1.21,0.251,1
13.8,19.2,10.275,4.5,2.475,7.725,11.8,6.975,12.7,-1.275,1.725,-1.1,0.425,0.575,3.525,4.45,16,20,20,17,12,21,19,20,22,29,22,21,21,25,23,24,785,1274,604,260,140,485,680,396,2.0,-0.383,1.383,-0.141,1.216,0.258,1
26.5,17.925,12.0,3.4,2.9,8.3,15.325,11.425,9.15,1.125,4.075,1.8,0.425,-0.325,-1.725,6.65,25,18,24,21,18,25,20,23,23,28,23,25,23,28,22,27,1743,1193,740,204,178,550,864,720,2.0,-0.383,1.383,-0.162,1.218,0.263,1
35.65,19.05,16.075,5.2,3.325,7.975,13.6,18.075,-0.4,1.825,-2.525,1.65,0.125,0.075,-1.375,4.175,28,25,25,21,18,23,22,21,27,28,26,29,26,27,23,26,2418,1296,1033,298,212,542,828,1154,2.0,-0.383,1.383,-0.178,1.219,0.267,1
35.25,20.875,13.55,6.85,3.45,8.05,12.225,22.25,1.0,-2.1,-4.775,-1.0,0.075,-2.625,2.575,0.775,26,25,21,17,18,25,24,24,27,28,25,31,28,28,28,27,2440,1308,810,365,216,563,781,1455,2.0,-0.383,1.383,-0.188,1.221,0.271,1
36.25,18.775,8.775,5.85,3.525,5.425,14.8,23.025,-1.025,1.6,0.525,1.05,0.375,-0.55,2.65,-1.05,29,23,18,17,22,23,22,26,32,31,21,27,25,28,31,28,2555,1228,510,311,207,327,919,1508,2.0,-0.383,1.383,-0.193,1.224,0.276,1
35.225,20.375,9.3,6.9,3.9,4.875,17.45,21.975,-1.475,1.575,0.6,-0.525,-0.275,-0.275,1.9,-2.9,29,28,19,17,14,20,19,21,32,31,22,21,18,25,30,23,2506,1417,593,376,204,275,1060,1342,2.0,-0.383,1.383,-0.196,1.226,0.28,1
33.75,21.95,9.9,6.375,3.625,4.6,19.35,19.075,2.825,3.925,0.7,-0.1,-0.3,-0.55,-0.7,3.425,28,24,17,15,13,22,20,19,29,26,24,20,22,23,28,24,2324,1356,599,388,208,259,1224,1148,2.0,-0.383,1.383,-0.197,1.228,0.285,1
36.575,25.875,10.6,6.275,3.325,4.05,18.65,22.5,1.55,3.5,0.525,0.95,1.025,1.025,-0.375,0.15,25,19,16,17,20,21,22,23,24,21,26,24,26,22,28,25,2208,1394,578,393,218,244,1217,1400,2.0,-0.383,1.383,-0.197,1.231,0.289,1
38.125,29.375,11.125,7.225,4.35,5.075,18.275,22.65,-1.4,-1.35,3.075,-0.05,0.05,0.55,8.0,-4.65,29,22,22,18,21,21,25,25,28,21,27,25,24,26,30,27,2470,1617,670,442,285,329,1251,1447,2.0,-0.383,1.383,-0.196,1.233,0.293,1
36.725,28.025,14.2,7.175,4.4,5.625,26.275,18.0,1.85,-1.2,-0.725,-0.375,0.275,0.65,3.15,2.275,29,20,22,19,14,22,27,25,33,25,23,22,21,26,28,28,2513,1560,916,416,242,335,1784,1216,2.0,-0.383,1.383,-0.196,1.236,0.295,1
38.575,26.825,13.475,6.8,4.675,6.275,29.425,20.275,-1.95,-5.175,-3.3,0.65,0.775,1.175,-6.875,1.7,25,18,21,17,16,24,24,25,31,28,21,19,26,26,23,26,2513,1601,824,368,278,387,1848,1343,2.0,-0.383,1.383,-0.196,1.239,0.298,1
36.625,21.65,10.175,7.45,5.45,7.45,22.55,21.975,-2.425,-2.55,2.625,0.4,-0.4,-1.025,-2.575,0.675,23,19,20,21,19,24,25,30,29,30,28,24,30,31,24,29,2200,1261,602,429,353,499,1318,1467,2.0,-0.383,1.383,-0.197,1.241,0.303,1
34.2,19.1,12.8,7.85,5.05,6.425,19.975,22.65,2.75,0.875,-0.05,-1.85,-1.1,-2.05,4.425,-2.15,21,24,24,24,15,21,21,30,27,31,28,33,24,28,25,29,1961,1201,775,527,276,377,1114,1442,2.0,-0.383,1.383,-0.197,1.243,0.308,1
36.95,19.975,12.75,6.0,3.95,4.375,24.4,20.5,0.7,2.725,0.25,-0.25,-0.575,-0.8,-1.775,-4.05,23,27,23,19,15,14,20,28,27,29,27,29,20,25,30,27,2304,1307,722,392,225,235,1386,1310,2.0,-0.383,1.383,-0.198,1.236,0.299,1
37.65,22.7,13.0,5.75,3.375,3.575,22.625,16.45,-1.05,2.1,3.25,1.375,0.275,0.375,-1.55,3.675,22,25,18,23,19,16,21,28,28,26,28,26,25,27,28,29,2198,1358,731,332,225,214,1517,1156,2.0,-0.383,1.383,-0.199,1.224,0.281,1
36.6,24.8,16.25,7.125,3.65,3.95,21.075,20.125,8.2,-4.9,2.775,1.95,0.325,0.7,4.2,2.6,23,25,15,24,22,24,18,26,28,26,23,23,29,26,24,30,2187,1547,941,442,253,249,1359,1355,2.0,-0.383,1.383,-0.2,1.221,0.275,1
44.8,19.9,19.025,9.075,3.975,4.65,25.275,22.725,-0.425,-2.925,-1.6,0.075,0.5,1.15,-0.5,-6.15,24,24,20,23,21,23,19,27,27,23,22,24,24,25,23,31,2903,1214,1113,581,249,295,1440,1512,2.0,-0.383,1.383,-0.201,1.223,0.276,1
44.375,16.975,17.425,9.15,4.475,5.8,24.775,16.575,-6.3,2.375,-2.35,0.225,1.1,1.3,-1.35,0.725,27,22,22,20,19,20,21,24,28,21,26,22,20,25,20,27,3036,929,997,554,265,357,1372,1083,2.0,-0.383,1.383,-0.201,1.224,0.278,1
38.075,19.35,15.075,9.375,5.575,7.1,23.425,17.3,-5.425,-1.45,1.825,-0.9,-0.75,-0.85,-3.025,4.925,26,22,25,16,22,20,22,23,28,24,28,18,23,23,26,24,2482,1145,930,556,361,433,1511,1200,2.0,-0.383,1.383,-0.201,1.226,0.281,1
32.65,17.9,16.9,8.475,4.825,6.25,20.4,22.225,-18.925,-9.6,-3.7,-4.15,-2.8,-3.7,-11.025,-10.175,22,23,27,20,18,17,17,23,26,28,30,27,23,21,22,22,2096,1103,1055,564,315,382,1319,1552,2.0,-0.383,1.383,-0.141,1.143,0.24,1
13.725,8.3,13.2,4.325,2.025,2.55,9.375,12.05,-12.375,-5.1,-1.525,-1.9,-0.95,-1.6,-8.6,-10.25,12,20,26,13,9,8,10,17,23,28,30,28,19,18,16,21,857,447,829,287,105,127,588,744,2.0,-0.383,1.383,0.056,0.86,0.095,1
1.35,3.2,11.675,2.425,1.075,0.95,0.775,1.8,0.125,0.1,-0.3,-0.175,-0.025,0.05,-0.025,-0.1,12,17,28,13,9,5,4,14,27,25,26,23,17,24,17,22,86,197,724,142,54,50,41,102,2.0,-0.383,1.383,0.193,0.661,-0.009,1
1.475,3.3,11.375,2.25,1.05,1.0,0.75,1.7,-0.125,-0.475,-1.6,-0.1,0.125,0.025,0.175,0.275,16,13,20,15,9,6,4,12,27,22,23,19,15,21,16,21,93,214,635,120,52,49,41,99,2.0,-0.383,1.383,0.192,0.661,-0.009,1
1.35,2.825,9.775,2.15,1.175,1.025,0.925,1.975,0.05,0.575,2.525,0.15,0.175,0.05,-0.075,0.2,6,10,15,10,5,5,3,11,19,22,24,21,14,12,13,19,65,178,534,114,46,40,38,98,2.0,-0.383,1.383,0.192,0.661,-0.009,1
1.4,3.4,12.3,2.3,1.35,1.075,0.85,2.175,0.0,0.525,0.85,0.975,2.075,1.0,0.25,-0.5,9,20,24,17,8,6,0,13,20,26,28,26,16,13,8,19,77,214,779,134,54,44,28,104,2.0,-0.383,1.383,0.191,0.662,-0.008,1
1.4,3.925,13.15,3.275,3.425,2.075,1.1,1.675,0.05,0.75,4.725,1.95,2.45,0.625,0.25,-0.05,10,22,25,21,14,10,2,12,19,26,30,24,20,19,11,20,81,235,831,163,169,107,52,91,2.0,-0.383,1.383,0.191,0.667,-0.005,1
1.45,4.675,17.875,5.225,5.875,2.7,1.35,1.625,0.25,1.275,5.25,-1.2,-2.15,-0.675,-0.2,0.225,5,19,22,22,20,14,7,12,14,23,26,25,27,17,16,19,70,283,1112,291,346,140,68,93,2.0,-0.383,1.383,0.193,0.687,0.007,1
1.7,5.95,23.125,4.025,3.725,2.025,1.15,1.85,0.275,0.875,-4.475,-1.875,-2.15,-0.55,0.025,-0.05,11,16,22,21,15,13,10,13,17,20,24,32,26,16,18,20,88,357,1440,254,234,103,62,108,2.0,-0.383,1.383,0.192,0.724,0.033,1
1.975,6.825,18.65,2.15,1.575,1.475,1.175,1.8,0.225,2.0,-1.6,0.275,0.125,-0.275,0.025,0.075,15,19,18,15,11,10,7,16,23,21,23,28,17,19,14,21,119,428,1097,134,76,78,51,108,2.0,-0.383,1.383,0.183,0.775,0.069,1
2.2,8.825,17.05,2.425,1.7,1.2,1.2,1.875,1.325,2.5,1.275,0.05,-0.075,-0.175,-0.05,-0.075,23,25,19,18,10,5,3,17,27,29,22,23,11,18,13,23,143,611,988,141,72,63,42,117,2.0,-0.383,1.383,0.165,0.842,0.113,1
3.525,11.325,18.325,2.475,1.625,1.025,1.15,1.8,4.0,-1.0,-2.275,0.525,0.175,-0.075,-0.2,0.175,22,24,23,17,10,5,4,12,25,28,24,19,15,13,17,23,208,720,1087,131,79,52,53,106,2.0,-0.383,1.383,0.136,0.916,0.158,1
7.525,10.325,16.05,3.0,1.8,0.95,0.95,1.975,2.375,-2.925,-2.275,0.575,0.1,0.15,0.35,0.375,20,19,25,13,14,5,6,12,26,25,26,21,22,12,19,23,484,597,1015,160,99,47,51,129,2.0,-0.383,1.383,0.095,0.99,0.197,1
9.9,7.4,13.775,3.575,1.9,1.1,1.3,2.35,-0.725,2.075,-0.55,-0.75,-0.125,0.1,0.25,-0.275,25,20,22,15,17,8,11,13,28,29,26,25,26,21,21,19,671,449,941,216,110,60,76,134,2.0,-0.383,1.383,0.044,1.059,0.227,1
9.175,9.475,13.225,2.825,1.775,1.2,1.55,2.075,-0.15,2.25,2.825,-0.325,-0.125,-0.025,-0.1,-0.35,23,21,23,17,14,10,15,16,28,33,29,22,18,22,25,20,614,614,962,171,89,68,95,113,2.0,-0.383,1.383,-0.007,1.11,0.246,1
9.025,11.725,16.05,2.5,1.65,1.175,1.45,1.725,3.95,0.425,0.7,0.075,-0.125,0.05,-0.15,0.55,22,22,23,18,8,5,13,16,24,31,28,23,17,21,21,24,578,766,1120,141,79,66,73,111,2.0,-0.383,1.383,-0.054,1.148,0.256,1
12.975,12.15,16.75,2.575,1.525,1.225,1.3,2.275,4.875,2.025,-5.1,-0.225,0.075,0.05,-0.075,0.375,20,22,21,18,11,8,11,13,22,27,26,23,19,21,21,21,740,753,1070,150,82,69,66,135,2.0,-0.383,1.383,-0.098,1.178,0.26,1
17.85,14.175,11.65,2.35,1.6,1.275,1.225,2.65,1.9,3.825,-1.025,0.825,0.375,0.5,2.6,1.0,16,17,19,17,13,11,8,14,25,21,26,21,19,17,19,21,970,783,729,128,87,64,64,147,2.0,-0.383,1.383,-0.136,1.201,0.264,1
19.75,18.0,10.625,3.175,1.975,1.775,3.825,3.65,1.9,0.4,2.475,0.95,-0.025,0.65,3.025,2.775,22,18,23,17,12,15,13,13,28,25,27,23,23,20,20,19,1265,1087,697,159,117,92,227,201,2.0,-0.383,1.383,-0.163,1.215,0.27,1
21.65,18.4,13.1,4.125,1.95,2.425,6.85,6.425,4.525,4.5,-0.1,-0.125,0.1,0.075,0.9,7.025,25,23,26,16,10,18,21,14,26,26,28,22,27,24,28,15,1453,1108,813,224,125,136,458,300,2.0,-0.383,1.383,-0.179,1.22,0.274,1
26.175,22.9,13.0,4.0,2.05,2.5,7.75,13.45,1.9,0.65,0.325,1.2,0.175,0.4,2.45,5.65,22,26,24,16,12,16,20,16,22,24,27,23,23,21,25,16,1644,1462,822,219,116,144,506,718,2.0,-0.383,1.383,-0.188,1.22,0.277,1
28.075,23.55,13.325,5.2,2.225,2.9,10.2,19.1,3.225,-5.125,-1.1,1.275,0.05,0.5,5.025,-2.875,24,25,23,20,9,16,19,20,26,27,22,24,21,20,24,26,1720,1510,792,312,104,157,625,1113,2.0,-0.383,1.383,-0.193,1.221,0.279,1
31.3,18.425,12.225,6.475,2.275,3.4,15.225,16.225,7.1,1.125,-2.325,0.375,0.75,-0.4,1.45,3.0,23,26,24,23,12,22,22,20,28,28,20,24,22,24,27,26,1968,1224,683,392,114,192,979,962,2.0,-0.383,1.383,-0.195,1.221,0.28,1
38.4,19.55,9.9,6.85,3.025,3.0,16.675,19.225,-0.35,1.7,-1.55,0.2,0.35,-0.275,-2.175,4.5,22,27,19,22,22,23,24,19,25,27,21,26,27,29,25,23,2237,1363,600,433,185,180,1057,1143,2.0,-0.383,1.383,-0.197,1.22,0.283,1
38.05,21.25,8.35,7.05,3.375,2.725,14.5,23.725,-0.6,1.375,1.35,-0.675,0.15,1.1,0.825,-2.625,23,26,18,25,21,18,21,23,26,27,24,27,25,25,22,27,2289,1457,523,451,202,178,874,1485,2.0,-0.383,1.383,-0.198,1.22,0.287,1
37.45,22.625,9.7,6.375,3.525,3.825,15.325,21.1,8.8,-4.375,0.575,-0.175,0.625,1.275,5.1,0.1,22,18,23,24,18,21,20,19,29,20,25,22,25,26,25,30,2326,1341,546,377,209,245,955,1309,2.0,-0.383,1.383,-0.199,1.221,0.289,1
46.25,18.25,10.275,6.2,4.15,5.1,20.425,21.2,7.95,1.15,2.725,0.65,0.45,0.05,3.2,0.325,20,16,26,22,14,21,19,18,26,21,25,24,22,25,30,26,2673,993,656,397,230,291,1331,1152,2.0,-0.383,1.383,-0.2,1.223,0.291,1
54.2,19.4,13.0,6.85,4.6,5.15,23.625,21.525,1.275,4.425,2.025,0.2,-0.55,-0.675,0.425,1.25,22,26,27,16,15,19,16,21,25,27,27,21,22,22,25,24,3287,1266,898,366,255,288,1488,1229,2.0,-0.383,1.383,-0.2,1.225,0.292,1
55.475,23.825,15.025,7.05,4.05,4.475,24.05,22.775,-10.375,-2.625,-3.4,-0.075,-0.575,-0.325,1.85,-0.85,26,27,23,20,17,22,17,18,27,28,23,26,24,25,25,26,3711,1538,960,404,241,277,1413,1326,2.0,-0.383,1.383,-0.2,1.226,0.293,1
45.1,21.2,11.625,6.975,3.475,4.15,25.9,21.925,-13.25,-5.9,-1.925,0.775,-0.25,0.15,6.05,-2.6,24,23,20,24,19,27,21,16,27,24,24,29,24,28,28,28,3017,1334,772,481,229,278,1713,1367,2.0,-0.383,1.383,-0.2,1.227,0.295,1
31.85,15.3,9.7,7.75,3.225,4.3,31.95,19.325,3.6,1.7,0.85,0.725,0.025,-0.2,-5.5,1.275,23,20,18,22,19,23,26,17,29,22,26,25,24,26,28,27,2148,889,626,471,205,271,2270,1263,2.0,-0.383,1.383,-0.201,1.228,0.298,1
35.45,17.0,10.55,8.475,3.25,4.1,26.45,20.6,18.2,2.925,1.7,-0.55,0.3,-0.65,-4.725,-3.4,21,25,18,20,19,19,21,20,30,26,27,26,24,23,25,27,2091,1117,722,527,184,229,1634,1333,2.0,-0.383,1.383,-0.201,1.23,0.3,1
53.65,19.925,12.25,7.925,3.55,3.45,21.725,17.2,7.8,-0.7,0.125,-0.575,-0.325,0.5,2.8,-1.125,21,23,23,24,20,16,17,20,27,29,26,26,24,20,21,27,2920,1305,836,526,190,167,1130,1137,2.0,-0.383,1.383,-0.202,1.232,0.302,1
61.45,19.225,12.375,7.35,3.225,3.95,24.525,16.075,-12.4,0.05,-0.1,-0.65,-0.475,0.025,-3.4,1.2,26,22,26,23,15,15,19,16,27,27,27,25,19,23,23,23,3673,1285,825,451,159,203,1459,917,2.0,-0.383,1.383,-0.202,1.233,0.304,1
49.05,19.275,12.275,6.7,2.75,3.975,21.125,17.275,-10.1,-0.025,0.725,0.1,-0.325,-0.55,-1.45,1.75,29,26,19,18,13,17,22,20,28,25,24,23,17,26,29,23,3233,1270,749,421,135,240,1392,970,2.0,-0.383,1.383,-0.202,1.235,0.307,1
38.95,19.25,13.0,6.8,2.425,3.425,19.675,19.025,8.575,-3.45,-0.15,0.85,0.575,0.15,-2.275,0.2,23,24,20,21,15,20,21,21,28,27,25,28,22,24,24,27,2439,1157,826,475,143,219,1261,1174,2.0,-0.383,1.383,-0.203,1.236,0.309,1
1.275,2.2,6.375,1.8,0.95,1.075,0.9,1.1,-0.175,-0.5,0.825,0.025,0.125,0.125,0.025,-0.05,9,15,20,14,6,7,4,8,19,21,26,25,19,22,19,14,68,131,406,111,50,53,45,48,3.0,0.0,0.617,0.192,0.662,-0.018,1
1.1,1.7,7.2,1.825,1.075,1.2,0.925,1.05,0.125,-0.275,-0.15,-0.375,0.175,0.05,-0.15,-0.05,6,11,20,15,6,7,3,8,17,18,26,19,17,19,16,15,67,93,423,112,50,58,40,43,3.0,0.0,0.617,0.192,0.662,-0.018,1
1.225,1.425,7.05,1.45,1.25,1.25,0.775,1.0,0.2,2.5,-1.425,0.575,0.75,0.3,0.05,-0.05,5,11,22,12,12,6,6,3,12,18,26,18,20,17,16,16,57,72,413,83,63,58,37,43,3.0,0.0,0.617,0.192,0.664,-0.016,1
1.425,3.925,5.625,2.025,2.0,1.55,0.825,0.95,0.075,4.075,-1.075,0.975,0.925,0.0,0.35,0.2,6,15,18,11,17,9,6,3,17,21,23,21,26,22,14,19,70,199,320,105,109,80,33,54,3.0,0.0,0.617,0.192,0.669,-0.012,1
1.5,8.0,4.55,3.0,2.925,1.55,1.175,1.15,3.375,2.75,-0.575,-0.325,-0.375,-0.25,0.225,2.625,9,19,17,13,14,9,7,6,23,22,18,20,21,16,14,12,82,481,258,156,148,75,42,48,3.0,0.0,0.617,0.19,0.678,0.004,1
4.875,10.75,3.975,2.675,2.55,1.3,1.4,3.775,3.625,4.475,0.975,-0.725,-0.7,0.125,1.55,2.35,15,22,20,14,13,6,10,13,30,24,21,18,15,10,18,19,331,698,214,144,116,54,75,230,3.0,0.0,0.617,0.185,0.693,0.035,1
8.5,15.225,4.95,1.95,1.85,1.425,2.95,6.125,5.1,2.35,1.35,0.3,0.0,0.45,2.5,3.175,17,20,26,11,13,8,17,18,28,25,27,20,17,17,24,25,484,936,328,114,90,74,191,365,3.0,0.0,0.617,0.166,0.717,0.098,1
13.6,17.575,6.3,2.25,1.85,1.875,5.45,9.3,6.075,-2.575,0.675,0.975,0.1,0.325,1.65,4.475,18,23,24,12,12,11,21,18,22,26,26,21,17,23,26,25,757,1052,395,138,97,110,364,570,3.0,0.0,0.617,0.137,0.743,0.174,1
19.675,15.0,6.975,3.225,1.95,2.2,7.1,13.775,1.15,-1.05,0.125,0.975,0.675,0.325,2.175,0.925,24,20,18,19,14,12,19,22,25,25,23,23,19,21,24,29,1265,882,409,200,115,126,435,912,3.0,0.0,0.617,0.108,0.758,0.234,1
20.825,13.95,7.1,4.2,2.625,2.525,9.275,14.7,-2.175,1.0,1.025,1.275,0.5,0.375,2.9,-0.425,24,19,16,18,11,18,18,21,25,24,23,21,22,24,25,29,1254,849,374,232,152,145,540,973,3.0,0.0,0.617,0.083,0.766,0.281,1
18.65,14.95,8.125,5.475,3.125,2.9,12.175,14.275,4.425,3.675,-0.225,0.15,-0.275,-0.3,0.75,2.3,21,20,18,16,12,16,21,20,24,24,20,19,24,25,26,28,980,957,455,283,188,158,720,881,3.0,0.0,0.617,0.07,0.768,0.309,1
23.075,18.625,7.9,5.625,2.85,2.6,12.925,16.575,6.4,1.525,-0.575,0.25,0.4,-0.2,2.375,1.325,20,25,19,18,13,13,21,21,27,26,20,20,21,23,23,28,1388,1288,463,312,163,144,700,994,3.0,0.0,0.617,0.063,0.768,0.328,1
29.475,20.15,7.325,5.875,3.25,2.4,15.3,17.9,0.1,0.65,1.125,-0.05,0.05,0.375,1.375,-0.25,22,26,21,27,12,14,23,18,27,29,25,28,20,22,24,30,1912,1326,493,402,183,134,953,1065,3.0,0.0,0.617,0.059,0.767,0.342,1
29.575,20.8,8.45,5.825,3.3,2.775,16.675,17.65,2.875,1.525,0.75,-0.575,-0.5,0.225,-0.85,0.55,20,23,22,27,13,18,25,18,20,26,24,26,16,19,27,30,1679,1257,545,386,180,156,1091,1103,3.0,0.0,0.617,0.057,0.766,0.352,1
32.45,22.325,9.2,5.25,2.8,3.0,15.825,18.2,0.4,-1.9,1.125,1.15,0.85,0.375,3.5,0.6,22,22,21,20,16,20,19,22,23,23,22,19,23,22,26,30,1893,1239,556,305,139,169,882,1230,3.0,0.0,0.617,0.057,0.765,0.358,1
32.85,20.425,10.325,6.4,3.65,3.375,19.325,18.8,-3.225,-0.025,0.875,0.575,0.775,0.475,7.625,4.825,21,20,21,21,18,24,21,19,30,24,24,23,23,25,28,27,1951,1245,602,399,198,213,1160,1168,3.0,0.0,0.617,0.057,0.764,0.36,1
29.625,20.4,11.2,6.975,4.425,3.85,26.95,23.625,-1.425,0.65,0.025,-0.75,0.25,0.525,-0.575,2.0,19,23,17,22,16,23,24,18,27,26,22,27,19,24,25,27,1665,1280,610,445,224,229,1634,1436,3.0,0.0,0.617,0.057,0.763,0.36,1
28.2,21.05,11.225,6.225,4.675,4.375,26.375,25.625,0.5,0.575,0.375,-0.8,-0.175,-0.225,-1.55,-3.85,17,23,19,22,19,23,23,23,25,27,24,27,18,25,23,28,1543,1249,659,373,237,247,1563,1558,3.0,0.0,0.617,0.058,0.762,0.359,1
28.7,21.625,11.6,5.425,4.5,4.15,24.825,21.775,2.3,-0.05,-0.3,0.175,-0.35,0.575,5.675,-2.75,19,22,19,25,19,26,22,26,27,27,28,31,22,27,25,29,1543,1305,661,358,278,276,1339,1273,3.0,0.0,0.617,0.058,0.762,0.359,1
31.0,21.575,11.3,5.6,4.15,4.725,30.5,19.025,3.325,1.175,-1.7,-0.625,0.225,0.525,0.925,-4.1,24,21,18,22,16,21,20,23,26,24,23,27,19,21,27,24,1958,1235,619,331,250,284,1745,1033,3.0,0.0,0.617,0.059,0.763,0.359,1
34.325,22.75,9.6,4.975,4.375,5.25,31.425,14.925,6.125,-1.275,-0.8,0.2,-0.275,-1.125,-4.2,-1.925,25,20,20,15,14,16,20,19,29,23,24,22,17,22,25,27,2284,1289,531,254,245,306,2117,785,3.0,0.0,0.617,0.06,0.763,0.359,1
40.45,21.475,8.8,5.175,4.1,4.125,27.225,13.0,-5.5,-2.825,0.575,0.675,-0.325,0.1,4.05,4.8,24,21,21,19,14,15,23,17,29,25,28,23,22,25,26,27,2721,1284,530,282,229,246,1721,774,3.0,0.0,0.617,0.06,0.764,0.358,1
34.95,18.65,9.375,5.85,3.775,4.225,31.275,17.8,-4.875,3.25,0.325,-0.55,-0.25,0.2,-2.15,2.65,25,21,25,26,20,20,26,21,28,25,26,26,23,25,26,25,2411,1206,613,368,230,260,2121,1145,3.0,0.0,0.617,0.061,0.764,0.358,1
30.075,21.9,9.7,5.3,3.525,4.425,29.125,20.45,1.575,3.8,0.9,0.525,1.525,0.875,-3.95,-0.3,24,24,25,22,21,22,21,23,26,32,24,24,24,23,29,23,1953,1533,652,319,209,258,2035,1239,3.0,0.0,0.617,0.062,0.765,0.358,1
31.65,25.7,10.6,5.825,5.05,5.3,25.175,20.15,-4.175,3.2,1.6,0.525,1.05,0.3,2.3,-1.525,22,25,20,24,17,21,15,20,23,28,24,28,25,24,26,23,1915,1635,696,348,292,336,1447,1083,3.0,0.0,0.617,0.063,0.765,0.358,1
27.475,28.9,12.2,6.35,6.1,5.6,27.475,18.625,8.175,-4.675,1.15,-0.025,-1.4,-1.075,-1.175,2.675,20,23,21,23,23,20,19,20,22,27,27,25,24,24,21,26,1619,1866,787,386,368,339,1565,1047,3.0,0.0,0.617,0.064,0.765,0.358,1
35.65,24.225,13.35,6.325,4.7,4.525,26.3,21.3,5.6,-3.575,0.05,-0.025,-0.275,0.15,-0.075,-0.925,21,22,22,22,23,15,23,21,25,27,29,23,22,24,25,25,2234,1504,905,408,281,264,1630,1424,3.0,0.0,0.617,0.064,0.765,0.358,1
41.25,20.65,13.4,6.3,4.425,4.675,26.225,20.375,-6.35,1.025,-0.725,-0.225,0.15,0.0,1.025,-4.175,23,23,20,23,20,17,21,22,29,26,28,24,22,20,25,24,2777,1211,912,384,262,268,1670,1346,3.0,0.0,0.617,0.064,0.765,0.358,1
34.9,21.675,12.675,6.075,4.575,4.675,27.25,16.2,-6.95,-2.55,-2.05,-0.575,-0.375,-0.1,0.6,1.025,19,26,20,18,20,23,17,24,25,27,24,22,26,24,22,28,2138,1287,786,381,273,263,1584,1078,3.0,0.0,0.617,0.064,0.764,0.358,1
27.95,19.125,10.625,5.5,4.2,4.575,27.85,17.225,-10.6,-7.15,0.225,-1.3,-1.375,-1.625,-14.25,-6.25,16,28,18,17,18,22,20,23,22,28,23,25,25,26,28,28,1508,1237,610,371,273,265,1682,1109,3.0,0.0,0.617,0.063,0.765,0.358,1
17.35,11.975,10.85,4.2,2.825,2.95,13.6,10.975,-11.175,-7.525,1.75,-1.7,-1.325,-1.9,-11.775,-5.9,18,22,21,20,14,12,18,22,24,24,25,29,20,20,26,24,1054,748,682,252,178,179,841,702,3.0,0.0,0.617,0.126,0.721,0.203,1
6.175,4.45,12.6,2.5,1.5,1.05,1.825,5.075,-4.6,-0.725,0.8,-0.425,0.05,0.175,0.1,-0.425,15,17,23,15,12,3,14,23,20,20,27,25,19,16,22,24,332,276,854,138,74,52,121,336,3.0,0.0,0.617,0.196,0.671,0.032,1
1.575,3.725,13.4,2.075,1.55,1.225,1.925,4.65,0.575,6.75,3.15,0.975,0.775,0.325,0.2,-0.325,12,14,19,10,10,4,10,19,18,19,23,18,17,16,21,22,79,214,926,96,74,57,118,298,3.0,0.0,0.617,0.203,0.67,0.016,1
2.15,10.475,16.55,3.05,2.325,1.55,2.125,4.325,1.4,7.25,3.475,-0.05,-0.05,0.125,0.3,0.125,15,20,19,15,12,7,13,17,20,24,24,18,22,17,22,23,110,724,1047,167,135,79,126,266,3.0,0.0,0.617,0.205,0.68,0.022,1
3.55,17.725,20.025,3.0,2.275,1.675,2.425,4.45,0.975,1.225,1.675,-0.55,-0.35,0.1,0.05,-0.075,18,26,24,20,13,11,19,21,23,26,28,20,24,21,25,24,222,1190,1287,175,132,99,157,287,3.0,0.0,0.617,0.206,0.699,0.039,1
4.525,18.95,21.7,2.45,1.925,1.775,2.475,4.375,-0.725,-1.025,2.05,0.5,0.325,0.275,0.6,0.525,20,23,26,16,13,13,22,23,27,26,30,22,24,23,28,26,318,1234,1344,146,111,111,173,298,3.0,0.0,0.617,0.202,0.725,0.072,1
3.8,17.925,23.75,2.95,2.25,2.05,3.075,4.9,-0.3,-0.95,0.1,0.4,0.0,0.65,0.05,-0.425,17,20,25,14,12,15,21,21,25,27,29,24,22,23,26,26,264,1130,1494,169,135,133,188,297,3.0,0.0,0.617,0.187,0.755,0.118,1
3.5,16.975,23.85,3.35,2.25,2.7,3.125,4.475,1.2,1.375,-8.425,0.175,-0.125,0.2,0.7,-1.125,17,20,22,17,14,23,19,17,25,29,25,22,22,27,28,22,197,1064,1434,184,127,182,199,258,3.0,0.0,0.617,0.157,0.782,0.175,1
4.7,18.35,15.425,3.525,2.125,2.9,3.825,3.35,3.575,-0.425,-6.25,0.875,0.25,0.25,3.375,2.375,20,23,19,19,14,23,19,18,26,30,23,18,17,25,28,21,252,1177,858,184,103,182,248,183,3.0,0.0,0.617,0.12,0.801,0.229,1
8.275,17.925,9.175,4.4,2.375,3.15,7.2,5.725,11.6,-2.5,0.375,0.375,-0.1,1.725,3.7,5.65,21,23,17,18,15,19,19,18,27,29,23,25,18,23,25,21,511,1089,561,268,126,211,416,321,3.0,0.0,0.617,0.093,0.808,0.262,1
19.875,15.425,9.55,4.775,2.275,4.875,10.9,11.375,11.675,1.5,0.375,-1.025,0.15,0.625,1.275,4.05,29,22,18,18,13,16,23,25,30,28,25,29,23,23,28,27,1419,988,595,286,133,309,657,673,3.0,0.0,0.617,0.075,0.809,0.284,1
31.55,16.925,9.925,3.75,2.425,5.5,12.175,15.425,-2.075,-0.625,0.15,0.125,0.55,-0.55,1.725,1.2,26,20,21,19,14,13,19,23,28,26,27,27,21,20,25,24,1946,1132,606,218,115,319,686,861,3.0,0.0,0.617,0.062,0.808,0.301,1
29.475,16.3,10.075,3.875,2.975,4.95,13.9,16.625,-6.65,-0.075,-1.925,0.175,-0.2,-0.5,2.45,2.85,19,19,25,19,16,17,16,20,24,30,26,24,18,22,25,25,1616,1027,659,226,147,300,804,1069,3.0,0.0,0.617,0.054,0.808,0.312,1
22.825,16.225,8.15,4.05,2.775,4.45,16.35,19.475,2.15,6.2,-0.175,0.7,0.625,-0.35,2.625,-0.425,22,25,27,15,13,18,23,21,26,30,27,23,18,20,25,27,1367,1119,569,227,155,245,948,1215,3.0,0.0,0.617,0.05,0.808,0.322,1
24.975,22.425,7.975,4.75,3.4,4.1,18.975,19.05,9.4,0.95,0.925,0.2,1.575,0.225,1.3,-1.875,22,27,26,15,16,18,24,17,28,28,25,26,22,24,24,22,1431,1532,531,294,212,239,1168,1097,3.0,0.0,0.617,0.047,0.807,0.327,1
34.375,23.375,8.9,4.95,4.975,4.325,20.275,17.175,-1.725,-0.825,-1.775,-0.15,0.15,1.025,3.25,4.225,17,23,19,21,18,18,21,18,26,28,23,26,24,28,27,27,1826,1518,536,289,312,268,1252,1036,3.0,0.0,0.617,0.046,0.806,0.331,1
32.65,22.55,7.125,4.8,5.125,5.35,23.525,21.4,-0.45,1.4,0.65,0.75,-0.65,0.025,0.8,1.025,18,25,17,23,19,19,22,24,26,28,26,27,26,25,25,29,1788,1427,436,314,303,315,1429,1318,3.0,0.0,0.617,0.045,0.804,0.333,1
32.2,23.95,7.775,5.55,4.475,5.375,24.325,22.425,-5.625,-1.1,0.275,-0.225,-0.35,-0.9,-1.55,-4.775,24,26,25,21,26,23,25,23,29,26,33,27,28,26,28,25,2125,1620,537,372,279,345,1609,1438,3.0,0.0,0.617,0.045,0.804,0.334,1
26.575,22.85,8.05,5.325,4.125,4.475,22.775,17.65,-2.85,-1.325,0.275,1.05,-0.75,-0.225,1.85,-1.45,22,26,20,20,22,23,22,16,24,26,24,25,30,25,25,27,1780,1531,455,317,289,301,1419,1062,3.0,0.0,0.617,0.044,0.804,0.333,1
23.725,21.525,8.325,6.375,3.375,4.25,24.625,16.2,11.6,2.75,0.375,0.85,0.35,0.375,-2.35,-0.7,18,29,15,19,16,19,24,20,25,28,22,24,28,26,23,29,1402,1465,421,351,217,272,1505,975,3.0,0.0,0.617,0.044,0.804,0.333,1
35.325,24.275,8.7,7.225,3.725,4.625,22.275,15.5,-3.15,-0.125,1.075,0.575,0.375,0.2,-4.5,-2.925,21,26,17,18,21,21,24,24,27,26,23,23,24,25,27,27,2153,1548,462,384,231,289,1577,889,3.0,0.0,0.617,0.044,0.804,0.332,1
32.175,24.15,9.775,7.8,4.1,4.825,17.775,12.575,1.3,-2.0,0.7,-0.425,-0.825,-0.625,3.0,2.375,20,25,17,19,26,20,20,23,23,26,23,25,25,24,28,26,1837,1598,508,427,279,313,1220,776,3.0,0.0,0.617,0.044,0.804,0.332,1
33.475,22.15,10.475,7.375,3.275,4.2,20.775,14.95,4.475,0.075,-0.625,-0.525,1.15,0.775,8.275,9.125,19,27,18,23,22,18,23,21,25,28,27,25,26,26,26,25,1799,1538,610,439,212,248,1365,902,3.0,0.0,0.617,0.045,0.804,0.331,1
37.95,22.225,9.85,6.85,4.425,4.975,29.05,24.075,-8.625,-0.65,2.95,1.2,0.325,0.875,5.625,-0.35,22,27,21,24,14,18,28,18,27,27,29,28,21,24,27,21,2263,1489,574,433,242,270,1968,1356,3.0,0.0,0.617,0.046,0.804,0.331,1
29.325,21.575,12.8,8.05,4.75,5.85,34.675,23.725,-1.275,1.725,2.575,-0.525,-1.0,-0.625,-1.825,-5.25,23,23,20,23,16,18,30,19,30,26,25,28,18,21,29,22,1949,1362,670,468,269,342,2471,1408,3.0,0.0,0.617,0.048,0.802,0.33,1
28.05,23.3,15.375,7.525,3.75,5.225,32.85,18.475,4.75,1.95,-2.725,-1.0,0.3,-0.625,-5.15,1.725,19,18,21,22,20,24,25,24,28,27,24,26,19,25,25,27,1691,1393,881,450,224,328,2264,1211,3.0,0.0,0.617,0.049,0.801,0.329,1
32.8,25.25,12.65,6.525,4.05,4.6,27.7,20.2,-7.7,-3.925,-3.6,-0.4,-0.45,-0.3,4.55,-1.75,21,21,20,21,22,27,20,25,27,31,22,25,21,26,28,28,1946,1655,702,413,243,289,1753,1324,3.0,0.0,0.617,0.049,0.8,0.328,1
25.1,21.325,9.05,6.125,3.6,4.3,32.25,18.45,1.25,-0.4,0.075,-0.175,-0.125,-0.175,-1.225,-1.95,22,19,17,21,20,21,23,22,26,24,23,26,23,26,29,27,1518,1382,525,386,225,253,2036,1151,3.0,0.0,0.617,0.05,0.8,0.328,1
26.35,20.925,9.125,5.95,3.475,4.125,31.025,16.5,8.325,4.75,-0.125,0.25,-0.2,-0.725,-3.075,-0.275,21,19,17,16,19,14,22,27,25,22,24,25,24,24,23,30,1637,1300,500,354,200,209,1786,1033,3.0,0.0,0.617,0.05,0.799,0.327,1
34.675,25.675,9.0,6.2,3.275,3.4,27.95,16.225,-2.85,-4.65,-0.625,-1.175,0.15,0.7,0.075,-1.25,20,22,21,18,19,16,21,27,21,28,28,25,26,24,22,26,1830,1604,589,399,193,201,1624,1031,3.0,0.0,0.617,0.051,0.797,0.326,1
31.825,21.025,8.375,5.025,3.425,4.1,28.025,14.975,-9.925,-7.425,1.65,-1.0,-0.025,-0.3,-8.625,-0.35,21,20,19,16,22,20,25,21,25,30,27,26,27,29,26,26,1734,1414,513,333,215,267,1911,878,3.0,0.0,0.617,0.051,0.796,0.324,1
21.9,13.6,10.025,4.025,3.4,3.8,19.4,14.625,-12.325,-5.65,2.1,-0.85,-1.6,-2.375,-11.25,-5.1,21,21,19,18,16,16,18,20,29,26,27,27,21,26,22,25,1298,844,586,258,188,224,1163,838,3.0,0.0,0.617,0.091,0.764,0.237,1
9.575,7.95,12.125,3.175,1.8,1.425,8.15,9.525,-6.675,-3.525,3.2,-0.7,-0.65,-0.425,-6.325,-3.85,21,19,24,24,8,6,15,24,26,22,27,27,12,21,24,27,547,470,781,201,84,79,375,643,3.0,0.0,0.617,0.17,0.702,0.065,1
2.9,4.425,15.325,2.475,1.15,1.0,1.825,5.675,-0.925,1.025,-0.4,0.075,0.975,0.425,0.75,1.125,13,20,19,23,5,5,18,21,19,21,27,23,15,22,26,26,171,257,970,134,49,54,113,358,3.0,0.0,0.617,0.209,0.672,-0.02,1
1.975,5.45,14.925,2.55,2.125,1.425,2.575,6.8,0.05,2.25,-1.8,-0.35,0.025,0.325,0.925,-0.825,12,21,19,21,7,6,19,22,18,24,24,24,24,20,23,23,110,292,884,144,110,77,164,427,3.0,0.0,0.617,0.211,0.68,-0.013,1
2.025,7.7,13.125,2.2,2.15,1.75,3.5,5.975,0.425,3.7,4.4,0.1,-0.625,1.275,-0.725,-1.15,15,22,21,16,10,15,17,21,19,23,26,23,21,22,22,21,117,466,769,124,114,109,209,353,3.0,0.0,0.617,0.215,0.699,0.008,1
2.45,11.4,17.525,2.3,1.525,3.025,2.775,4.825,0.625,1.15,-1.25,0.175,0.325,0.7,-0.175,-0.825,15,23,20,12,9,17,13,16,25,24,29,20,19,25,22,25,152,724,1063,121,87,205,157,271,3.0,0.0,0.617,0.207,0.729,0.061,1
3.075,12.55,16.275,2.475,1.85,3.725,2.6,4.0,1.225,-0.875,-1.475,0.275,0.3,-0.075,2.75,-0.825,14,22,19,15,10,13,15,18,27,25,25,18,20,24,24,22,184,790,964,134,95,256,164,251,3.0,0.0,0.617,0.184,0.762,0.135,1
4.3,11.675,14.8,2.75,2.15,3.65,5.35,3.175,3.425,-0.375,0.225,0.25,-0.125,1.05,3.45,2.65,14,24,23,16,13,16,17,16,26,28,27,21,21,19,22,20,268,789,1006,160,103,205,325,187,3.0,0.0,0.617,0.157,0.784,0.197,1
7.725,11.3,15.025,3.0,2.025,4.7,8.8,5.825,10.775,0.6,-5.35,0.3,0.475,0.05,4.575,6.0,18,23,26,13,15,21,19,11,28,26,29,19,23,22,22,25,488,728,1045,174,104,284,514,329,3.0,0.0,0.617,0.129,0.795,0.245,1
18.5,11.9,9.675,3.3,2.5,4.75,13.375,11.825,12.75,2.575,-0.025,1.7,0.675,-0.9,2.475,7.125,18,19,21,14,18,19,24,13,23,24,24,16,28,24,28,29,1129,686,570,187,152,285,892,673,3.0,0.0,0.617,0.103,0.799,0.279,1
31.25,14.475,9.65,5.0,3.175,3.85,15.85,18.95,4.4,0.375,0.75,0.225,-0.25,0.975,2.275,0.275,19,18,20,17,20,21,26,17,24,25,23,21,26,25,29,25,1909,810,549,310,201,245,1063,1121,3.0,0.0,0.617,0.083,0.799,0.302,1
35.65,14.85,10.4,5.225,2.925,4.825,18.125,19.225,2.775,1.925,-1.875,-0.325,0.375,0.85,1.4,-0.225,20,17,20,19,19,23,29,16,26,25,22,26,23,28,31,23,2100,907,610,326,173,330,1250,1134,3.0,0.0,0.617,0.068,0.8,0.319,1
38.425,16.775,8.525,4.9,3.3,5.675,19.525,19.0,-2.35,2.3,0.575,1.45,0.5,-1.35,0.175,1.0,20,17,23,21,15,23,27,16,23,28,25,26,23,26,30,24,2382,1086,536,309,188,363,1290,1117,3.0,0.0,0.617,0.059,0.801,0.329,1
36.075,19.075,9.1,6.35,3.8,4.325,19.7,20.0,-6.525,2.025,-1.05,-0.075,-0.1,-0.875,1.325,-4.625,21,21,21,18,18,20,25,20,22,29,25,24,22,24,28,26,2033,1222,587,410,216,251,1275,1339,3.0,0.0,0.617,0.054,0.801,0.333,1
29.55,21.1,8.05,6.275,3.7,3.45,21.025,15.375,0.025,-2.625,-2.075,-1.4,-0.375,-0.175,1.525,-3.375,22,23,21,17,17,16,24,18,25,30,23,22,24,23,29,25,1656,1266,491,395,208,198,1316,986,3.0,0.0,0.617,0.054,0.801,0.334,1
29.575,18.475,5.975,4.875,3.325,3.275,22.55,12.0,3.6,-2.125,-0.4,-0.8,-0.45,-0.15,0.975,0.125,24,23,23,17,16,20,23,17,28,32,24,22,26,24,28,28,2057,1132,364,285,182,183,1512,774,3.0,0.0,0.617,0.054,0.8,0.333,1
33.175,16.35,5.575,4.075,2.875,3.125,23.525,12.125,1.95,1.425,1.275,0.375,0.025,-0.125,-3.475,4.075,24,22,25,20,16,21,22,21,28,26,25,24,26,27,27,29,2211,1045,364,252,172,188,1558,852,3.0,0.0,0.617,0.054,0.8,0.333,1
35.125,17.775,6.85,4.45,2.9,3.0,20.05,16.2,0.3,0.725,0.4,0.1,0.6,0.325,-2.15,2.425,22,21,26,22,15,20,20,23,24,22,27,24,27,27,27,29,2180,1063,460,255,168,169,1269,1160,3.0,0.0,0.617,0.054,0.799,0.331,1
35.425,18.5,7.25,4.55,3.5,3.325,17.9,18.625,-5.075,2.825,-0.75,-0.625,-0.125,0.05,-1.525,-2.025,24,22,25,20,19,24,22,23,24,26,28,24,27,25,26,24,2283,1174,475,267,214,199,1212,1213,3.0,0.0,0.617,0.055,0.799,0.331,1
30.35,21.325,6.5,3.925,3.375,3.375,16.375,16.6,5.75,-2.0,0.375,1.025,-0.325,0.05,0.6,0.225,23,27,23,17,15,20,25,26,25,29,26,24,24,25,27,27,1996,1474,392,233,195,208,1144,1087,3.0,0.0,0.617,0.055,0.799,0.33,1
36.1,19.325,6.875,4.95,3.05,3.425,16.975,16.825,-0.075,0.525,0.45,0.3,0.875,1.1,-0.2,4.8,22,25,16,19,13,15,25,26,29,29,26,25,26,23,29,27,2286,1230,391,298,187,180,1133,1089,3.0,0.0,0.617,0.055,0.799,0.33,1
36.025,19.85,7.325,5.25,3.925,4.525,16.775,21.625,-9.575,-1.225,-0.5,-1.125,-0.175,0.275,-1.55,-1.925,22,20,17,25,17,22,20,23,27,25,30,26,23,25,24,23,2301,1077,444,328,248,288,963,1272,3.0,0.0,0.617,0.055,0.799,0.33,1
26.45,18.625,6.825,4.125,3.75,4.8,15.225,19.7,13.3,-4.325,0.15,0.35,-0.2,-0.575,6.15,0.75,21,22,23,22,21,26,22,24,26,25,29,25,23,29,23,24,1683,1147,459,249,241,323,925,1209,3.0,0.0,0.617,0.055,0.799,0.329,1
39.75,14.3,6.975,4.475,3.55,4.225,21.375,20.45,13.0,6.525,1.3,1.15,0.15,-0.225,0.575,3.025,27,21,22,15,23,23,29,22,31,26,24,22,25,27,29,25,2742,908,445,251,233,263,1543,1303,3.0,0.0,0.617,0.054,0.798,0.329,1
1.4,3.025,9.7,1.725,1.3,0.825,1.05,1.075,0.075,0.0,-0.5,-0.15,0.025,0.325,-0.025,-0.075,8,16,22,14,10,5,4,3,20,27,27,19,18,16,15,9,71,177,590,98,50,45,38,40,4.0,0.0,1.0,0.195,0.664,0.025,1
1.475,3.025,9.2,1.575,1.325,1.15,1.025,1.0,0.025,-0.35,-1.475,-0.075,-0.175,0.05,-0.225,0.0,8,20,16,17,11,9,7,4,21,22,28,24,11,17,13,11,81,176,525,97,49,59,38,40,4.0,0.0,1.0,0.194,0.664,0.026,1
1.5,2.675,7.725,1.5,1.15,1.2,0.8,1.0,-0.275,-0.275,-0.1,0.075,0.025,0.025,0.025,-0.025,10,18,16,13,7,7,6,4,17,21,24,22,15,17,13,19,75,143,459,76,51,62,34,48,4.0,0.0,1.0,0.195,0.665,0.026,1
1.225,2.4,7.625,1.575,1.175,1.225,0.825,0.975,0.075,0.475,4.55,1.65,2.5,1.425,0.5,0.125,7,18,19,16,7,9,2,3,17,26,22,19,24,19,17,15,58,159,458,86,59,65,44,39,4.0,0.0,1.0,0.194,0.666,0.026,1
1.3,2.875,12.175,3.225,3.675,2.65,1.325,1.1,0.275,1.925,6.25,2.1,1.625,0.175,0.05,0.05,6,19,20,22,10,16,8,5,16,24,23,22,22,25,23,7,60,183,787,207,198,168,76,35,4.0,0.0,1.0,0.193,0.67,0.028,1
1.575,4.8,18.425,5.325,5.3,2.825,1.375,1.15,0.175,1.325,2.075,-1.075,-2.275,-1.3,-0.45,-0.2,7,15,18,17,12,13,12,9,20,21,20,25,19,22,25,11,75,248,982,315,299,177,78,49,4.0,0.0,1.0,0.193,0.683,0.032,1
1.75,6.125,20.5,4.25,3.025,1.525,0.925,0.95,0.05,1.925,-2.175,-1.525,-1.375,0.475,0.15,0.725,7,15,22,13,10,6,5,7,19,22,22,25,19,19,14,16,84,357,1193,250,160,89,45,50,4.0,0.0,1.0,0.192,0.712,0.043,1
1.8,8.05,18.325,2.725,1.65,2.0,1.075,1.675,2.1,4.0,-0.825,-0.1,0.075,0.6,0.25,0.8,12,21,22,18,10,9,3,7,19,24,25,26,19,20,12,21,93,529,1193,184,91,112,62,84,4.0,0.0,1.0,0.186,0.774,0.074,1
3.9,12.05,17.5,2.625,1.725,2.6,1.325,2.475,1.125,1.8,0.075,-0.075,0.0,-0.725,-0.175,-0.575,17,24,18,15,12,14,8,13,21,23,24,19,16,24,22,23,226,769,1076,162,85,147,83,135,4.0,0.0,1.0,0.168,0.865,0.13,1
5.025,13.85,17.575,2.55,1.725,1.875,1.15,1.9,0.85,-1.725,-5.05,0.325,0.375,-0.4,0.125,-0.625,16,19,23,10,9,10,7,15,24,20,26,16,14,20,17,17,322,852,1123,138,81,102,59,88,4.0,0.0,1.0,0.141,0.938,0.185,1
5.875,12.125,12.525,2.875,2.1,1.475,1.275,1.275,2.1,3.8,-4.25,1.325,0.2,1.25,2.45,3.225,16,20,24,15,7,7,11,13,25,22,27,22,20,15,17,16,384,797,808,177,113,72,69,60,4.0,0.0,1.0,0.117,0.977,0.226,1
7.975,15.925,8.275,4.2,2.3,2.725,3.725,4.5,9.8,1.125,-1.95,0.65,0.1,2.3,5.75,8.425,22,24,25,21,7,15,17,14,30,26,26,23,22,25,21,21,503,1042,557,273,132,163,215,300,4.0,0.0,1.0,0.093,0.998,0.261,1
17.775,17.05,6.325,4.85,2.4,5.025,9.475,12.925,15.2,-1.75,1.1,-0.375,0.85,1.275,2.575,9.525,21,20,24,22,12,23,23,22,25,24,22,26,18,28,26,24,1051,1110,395,312,137,314,651,874,4.0,0.0,1.0,0.074,1.008,0.288,1
32.975,15.3,7.425,4.475,3.25,6.3,12.05,22.45,-2.8,0.075,2.05,-0.325,0.375,0.075,0.3,-1.75,19,21,21,20,21,26,24,25,22,26,20,28,25,27,27,25,1963,1039,445,311,213,423,799,1479,4.0,0.0,1.0,0.06,1.013,0.303,1
30.175,15.375,9.475,4.15,3.625,6.375,12.35,20.7,-6.325,-1.05,-1.85,0.35,-0.45,0.575,4.1,-4.075,23,26,21,18,16,26,21,24,25,30,22,24,29,26,25,26,1942,1068,597,264,219,448,794,1326,4.0,0.0,1.0,0.053,1.015,0.31,1
23.85,14.325,7.625,4.5,3.175,6.95,16.45,16.625,1.675,1.3,0.725,1.575,0.425,0.1,1.75,1.725,20,26,18,16,16,24,24,19,24,29,26,20,25,24,27,27,1569,887,508,261,179,445,1029,1062,4.0,0.0,1.0,0.053,1.017,0.311,1
25.525,15.625,8.35,6.075,3.6,7.05,18.2,18.35,4.15,3.075,5.475,2.15,0.725,-1.15,4.175,-1.9,17,20,20,18,19,20,19,15,23,27,25,24,24,23,23,24,1498,802,499,380,191,429,1039,998,4.0,0.0,1.0,0.056,1.017,0.31,1
29.675,18.7,13.825,8.225,4.325,5.9,22.375,16.45,14.725,8.875,2.2,2.475,2.625,0.75,4.575,4.7,21,21,26,26,21,19,18,19,26,26,30,29,25,22,26,22,1729,1212,898,547,258,363,1421,895,4.0,0.0,1.0,0.058,1.015,0.308,1
44.4,27.575,16.025,10.7,6.95,6.65,26.95,21.15,3.05,3.225,-1.15,1.9,1.3,1.25,1.975,5.375,29,24,23,24,25,22,23,22,30,26,29,23,29,27,27,25,3053,1749,1061,636,446,434,1665,1310,4.0,0.0,1.0,0.06,1.014,0.309,1
47.45,30.8,14.875,12.6,8.25,7.9,28.925,26.525,2.55,-5.275,3.475,-2.375,-1.8,-0.45,-0.8,-2.775,27,24,15,18,21,22,23,21,26,23,25,20,27,28,23,24,3045,1822,838,654,518,501,1703,1622,4.0,0.0,1.0,0.06,1.014,0.31,1
50.0,25.525,18.35,10.225,6.45,7.45,28.125,23.75,1.65,2.375,0.85,-3.225,-0.4,0.375,-5.325,-3.25,23,22,20,18,21,19,22,21,24,23,27,28,24,26,23,22,3016,1453,1131,561,382,459,1619,1323,4.0,0.0,1.0,0.061,1.014,0.31,1
51.65,27.9,19.2,7.0,6.05,7.825,22.8,20.5,-17.075,0.2,-4.175,-0.075,-0.25,-0.675,1.05,-1.675,21,19,27,17,24,22,27,24,26,22,26,28,26,27,28,29,3100,1439,1250,451,419,517,1448,1338,4.0,0.0,1.0,0.061,1.014,0.31,1
34.575,28.1,15.025,6.925,5.8,7.15,23.85,18.825,-7.225,-1.75,-1.675,-0.325,-1.325,-2.325,3.9,-1.7,20,21,23,19,26,21,29,22,25,23,22,25,29,21,29,31,1990,1686,924,413,418,463,1519,1283,4.0,0.0,1.0,0.062,1.014,0.309,1
27.35,26.35,13.35,6.6,4.475,4.825,27.75,17.125,-0.65,-3.5,-0.925,0.225,-0.55,0.225,0.9,-3.375,20,22,20,27,24,18,20,22,25,24,25,27,29,18,25,27,1709,1721,812,420,309,294,1623,1117,4.0,0.0,1.0,0.062,1.013,0.309,1
26.7,22.85,12.425,6.825,3.925,5.05,28.65,13.75,3.375,-7.725,-0.1,1.575,0.375,1.15,4.275,1.75,23,23,19,23,17,21,20,24,26,24,25,23,22,23,25,31,1617,1424,745,413,217,297,1749,912,4.0,0.0,1.0,0.062,1.013,0.308,1
30.075,15.125,12.325,8.4,4.3,6.2,32.925,15.5,12.35,6.25,0.25,0.025,0.825,0.05,-4.25,1.7,21,23,22,22,14,21,19,25,22,23,24,24,17,23,23,34,1610,872,815,496,224,378,1930,1047,4.0,0.0,1.0,0.062,1.013,0.308,1
42.425,21.375,12.575,8.425,5.125,6.25,28.675,17.2,0.875,1.925,0.1,-1.825,-0.125,-0.25,-5.75,-2.55,21,21,16,22,15,18,20,25,22,26,26,27,19,21,20,31,2475,1313,760,514,280,346,1573,1083,4.0,0.0,1.0,0.062,1.013,0.309,1
43.3,23.3,12.675,6.6,5.0,6.0,22.925,14.65,-10.6,-8.175,1.25,-0.425,-1.2,-0.5,4.35,0.225,23,23,15,22,18,22,24,26,24,29,26,26,20,22,23,30,2672,1509,719,394,284,352,1463,945,4.0,0.0,1.0,0.062,1.014,0.308,1
32.7,15.125,13.925,6.175,3.8,5.5,27.275,14.875,-17.925,-6.075,0.6,-1.625,-0.4,-1.8,-12.025,-6.325,21,18,20,21,13,22,18,28,25,24,26,25,22,24,23,28,1983,934,807,352,196,347,1741,1010,4.0,0.0,1.0,0.076,0.979,0.276,1
14.775,9.05,14.525,4.55,3.4,3.7,15.25,8.55,-13.0,0.4,2.775,-1.7,-0.575,-1.875,-13.425,-6.55,16,15,19,20,7,10,10,19,26,20,23,24,19,21,24,23,975,509,786,264,132,199,939,528,4.0,0.0,1.0,0.147,0.81,0.122,1
1.775,9.45,17.3,2.85,2.825,1.825,1.825,2.0,2.475,3.075,1.6,0.15,-0.9,-0.1,0.375,1.225,14,25,21,15,10,9,9,11,26,25,23,21,20,21,20,17,112,661,1012,154,137,84,88,103,4.0,0.0,1.0,0.205,0.693,0.014,1
4.25,12.525,18.9,3.0,1.925,1.725,2.2,3.225,1.225,0.05,1.25,0.25,0.025,0.825,0.25,0.4,12,27,27,13,12,15,13,13,23,28,27,20,22,21,19,17,256,826,1272,152,103,88,119,193,4.0,0.0,1.0,0.207,0.734,0.049,1
5.475,12.575,20.15,3.25,1.95,2.55,2.45,3.625,-0.35,1.75,1.225,-0.1,0.275,0.2,0.25,0.0,13,18,29,17,17,22,17,15,24,25,28,20,24,21,22,22,326,707,1301,181,106,165,144,234,4.0,0.0,1.0,0.205,0.798,0.101,1
5.125,14.325,21.375,3.15,2.225,2.75,2.7,3.625,0.35,0.8,-2.75,-0.325,-0.325,0.1,0.1,-0.825,16,21,22,16,15,19,16,20,26,29,28,21,22,23,24,25,284,904,1364,177,121,192,161,234,4.0,0.0,1.0,0.192,0.872,0.158,1
5.475,15.125,18.625,2.825,1.9,2.85,2.8,2.8,1.75,-0.325,-6.125,0.85,-0.125,0.625,1.525,0.75,17,26,22,16,11,11,14,14,25,31,29,23,21,19,25,19,297,1020,1266,179,105,175,174,158,4.0,0.0,1.0,0.166,0.935,0.209,1
7.225,14.8,12.5,3.675,1.775,3.475,4.325,3.55,13.15,-1.1,-5.0,-0.3,0.525,1.275,3.45,7.2,20,22,26,17,10,18,18,12,26,28,32,23,22,23,27,19,393,943,870,229,106,201,254,224,4.0,0.0,1.0,0.127,0.984,0.256,1
20.375,13.7,7.5,3.375,2.3,4.75,7.775,10.75,9.625,0.825,2.65,1.175,0.225,0.925,3.675,5.15,17,21,20,15,13,19,23,19,25,24,29,22,24,23,27,23,1159,880,508,210,136,258,500,694,4.0,0.0,1.0,0.091,1.014,0.288,1
30.0,14.525,10.15,4.55,2.525,5.675,11.45,15.9,-5.975,0.275,4.175,1.125,0.375,1.075,0.45,2.675,17,20,17,16,18,19,20,20,26,23,23,23,23,19,25,25,1801,822,613,276,148,311,661,943,4.0,0.0,1.0,0.073,1.023,0.301,1
24.025,14.8,14.325,5.675,2.9,6.75,11.9,18.575,-3.675,4.825,1.65,0.075,0.65,2.875,3.6,4.7,19,22,19,19,17,20,15,22,30,27,23,22,22,23,26,25,1483,850,907,325,171,436,678,1030,4.0,0.0,1.0,0.068,1.025,0.305,1
20.35,19.625,15.975,5.75,3.55,9.625,15.5,23.275,7.6,4.9,1.175,1.35,1.25,-0.675,5.625,0.775,19,26,18,17,14,19,15,24,26,28,26,24,26,23,26,23,1091,1166,1016,305,193,579,900,1417,4.0,0.0,1.0,0.065,1.026,0.307,1
27.95,24.525,17.15,7.1,4.8,8.95,21.125,24.05,15.95,-3.9,2.075,-0.375,0.425,-2.525,2.6,6.825,23,25,21,17,16,22,18,20,27,27,26,23,25,23,29,24,1738,1511,1097,378,248,541,1283,1428,4.0,0.0,1.0,0.063,1.027,0.306,1
43.9,20.625,19.225,6.725,5.225,6.425,23.725,30.875,5.425,-0.9,-0.15,0.35,-1.4,-0.15,2.1,1.6,23,21,22,21,19,25,26,20,32,24,24,20,22,27,33,27,2749,1235,1173,392,292,444,1688,1735,4.0,0.0,1.0,0.064,1.027,0.305,1
49.325,19.725,19.075,7.075,3.825,6.275,25.825,32.475,-7.6,0.575,-0.925,1.3,0.1,0.425,3.9,-9.575,22,16,23,18,16,20,28,22,29,23,26,24,21,26,28,29,2928,987,1195,389,224,421,1776,1975,4.0,0.0,1.0,0.064,1.026,0.305,1
41.725,20.3,18.15,8.375,3.925,6.7,29.725,22.9,-4.85,2.075,0.85,-0.15,0.95,0.675,4.075,-3.575,19,16,25,18,18,17,24,20,28,20,27,26,21,24,27,26,2420,1173,1174,507,233,451,1955,1367,4.0,0.0,1.0,0.065,1.026,0.305,1
36.875,22.375,19.0,8.225,4.875,7.375,33.8,19.325,2.55,1.925,-2.6,-1.175,-0.05,-0.25,0.075,0.05,19,20,23,18,23,19,26,23,24,22,27,25,23,27,28,25,2153,1519,1180,521,306,541,2245,1175,4.0,0.0,1.0,0.066,1.025,0.305,1
39.425,24.3,16.4,7.05,4.825,7.125,33.875,19.375,-1.725,1.925,-2.4,-0.875,-0.15,-0.275,-5.65,-0.575,22,23,23,20,20,17,28,22,22,25,28,26,24,23,27,27,2424,1637,1052,448,288,437,2307,1189,4.0,0.0,1.0,0.066,1.025,0.305,1
37.7,26.225,14.0,6.175,4.675,6.85,28.225,18.8,-0.65,-6.3,0.85,0.725,-0.375,0.5,-3.025,-1.25,24,19,20,19,19,18,26,20,25,26,26,24,27,23,25,27,2252,1642,868,360,288,385,1731,1179,4.0,0.0,1.0,0.066,1.026,0.305,1
37.05,19.925,14.85,6.9,4.3,7.35,25.2,17.55,2.625,-6.0,0.825,0.575,-0.175,-0.975,3.25,4.2,19,21,21,18,17,21,22,17,24,25,26,25,26,27,28,25,2081,1273,865,372,250,467,1554,1088,4.0,0.0,1.0,0.066,1.027,0.305,1
39.675,13.925,15.675,7.475,4.125,6.375,28.45,21.75,-7.1,7.975,0.525,-0.475,0.375,-0.775,2.15,-1.7,16,20,22,19,14,21,25,20,23,23,27,26,23,25,31,27,2194,755,909,400,236,388,1995,1420,4.0,0.0,1.0,0.066,1.028,0.304,1
32.575,21.9,16.2,7.0,4.5,5.6,30.6,20.05,-2.0,-1.025,-1.475,-0.375,-0.05,0.25,-1.375,-2.075,24,23,19,19,17,17,25,23,27,29,28,25,26,20,29,27,2062,1396,972,380,257,329,2124,1361,4.0,0.0,1.0,0.067,1.028,0.304,1
30.575,20.875,14.725,6.625,4.45,5.85,29.225,17.975,2.475,-2.275,-1.725,0.075,-0.225,-0.475,-4.375,1.15,26,26,15,17,19,15,21,21,31,29,25,21,28,22,28,24,2117,1221,895,372,265,332,1864,1090,4.0,0.0,1.0,0.067,1.027,0.303,1
33.05,18.6,13.0,6.7,4.225,5.375,24.85,19.125,5.0,5.525,0.225,-0.15,0.225,-0.4,-1.8,-1.9,23,22,11,18,16,19,25,20,28,24,20,20,25,25,27,25,1942,1072,675,394,253,329,1678,1074,4.0,0.0,1.0,0.067,1.026,0.303,1
38.05,24.125,13.225,6.55,4.45,4.975,23.05,17.225,-12.65,-6.1,2.9,-1.6,-0.875,-1.45,-7.6,-2.9,25,24,19,23,17,17,25,21,24,29,22,25,26,25,27,27,2351,1637,751,401,270,323,1430,1011,4.0,0.0,1.0,0.067,1.026,0.303,1
25.4,18.025,16.125,4.95,3.575,3.525,15.45,14.325,-20.975,-10.8,0.825,-1.675,-1.625,-1.9,-10.475,-6.8,17,26,23,23,14,16,16,20,23,30,23,27,27,20,23,25,1628,1289,923,299,226,212,798,875,4.0,0.0,1.0,0.107,0.916,0.205,1
4.425,7.225,16.95,3.275,1.95,1.625,4.975,7.525,-2.225,-0.575,3.025,-0.35,0.675,0.075,-2.9,-3.0,9,22,23,22,6,11,15,20,23,28,25,28,22,16,21,26,218,499,990,216,105,85,247,402,4.0,0.0,1.0,0.174,0.739,0.045,1
2.2,6.65,19.975,2.925,2.625,1.7,2.075,4.525,0.9,2.55,3.325,-0.125,0.1,0.325,-0.025,0.05,18,23,24,19,11,11,15,18,27,27,27,25,19,17,22,23,134,399,1185,168,136,93,125,283,4.0,0.0,1.0,0.206,0.697,-0.0,1
3.1,9.2,23.3,2.8,2.725,2.025,2.05,4.575,-0.4,0.1,-3.275,-0.5,-0.8,-0.175,0.475,0.6,20,28,21,17,14,16,13,14,24,27,26,21,17,26,21,21,193,582,1390,143,127,123,116,267,4.0,0.0,1.0,0.213,0.746,0.033,1
2.7,9.3,20.025,2.3,1.925,1.85,2.525,5.175,0.2,1.3,-5.325,-0.05,0.15,-0.375,0.175,-0.35,13,27,24,13,14,17,19,21,19,30,28,22,19,27,26,28,153,632,1264,134,102,112,165,331,4.0,0.0,1.0,0.214,0.797,0.071,1
2.9,10.6,14.7,2.25,2.075,1.475,2.7,4.825,3.525,1.575,-3.375,0.65,0.025,0.3,1.125,1.15,15,26,27,13,11,12,18,23,22,28,28,25,17,22,28,30,157,713,950,140,106,80,183,332,4.0,0.0,1.0,0.197,0.874,0.135,1
6.425,12.175,11.325,2.9,2.1,1.775,3.825,5.975,16.525,3.925,-2.15,1.225,0.125,1.8,5.025,8.45,23,24,22,17,8,12,15,16,28,29,25,24,13,22,22,24,399,833,719,172,101,102,240,398,4.0,0.0,1.0,0.149,0.963,0.222,1
22.95,16.1,9.175,4.125,2.225,3.575,8.85,14.425,9.75,2.075,-1.075,2.125,0.575,1.025,7.025,5.425,24,20,25,22,12,22,16,14,27,28,25,24,19,28,23,20,1440,1022,574,272,127,247,518,784,4.0,0.0,1.0,0.098,1.01,0.28,1
32.7,18.175,8.1,6.25,2.8,4.6,15.875,19.85,5.175,-0.85,1.475,1.6,0.575,-0.625,2.9,-1.525,22,20,27,27,13,19,20,18,26,27,24,28,21,23,26,25,2007,1103,476,425,153,292,935,1134,4.0,0.0,1.0,0.077,1.017,0.295,1
37.875,17.325,9.575,7.85,3.375,3.975,18.775,18.325,0.05,0.725,-0.8,0.225,-0.3,-0.275,-1.1,2.325,20,20,26,23,15,16,23,21,22,25,24,25,19,22,26,29,2263,1103,608,495,186,243,1143,1223,4.0,0.0,1.0,0.071,1.016,0.297,1
37.925,18.05,8.775,8.075,3.075,3.7,17.675,20.65,-10.875,0.875,-0.525,-1.075,-0.325,-0.4,2.325,4.65,21,24,20,19,16,22,21,19,26,25,22,23,24,28,29,25,2306,1161,575,479,188,235,1058,1306,4.0,0.0,1.0,0.068,1.014,0.298,1
27.05,18.925,8.25,7.0,2.75,3.3,20.0,25.3,4.2,4.475,4.1,0.9,0.55,-0.375,3.45,-3.525,22,25,16,18,16,20,17,22,28,27,25,22,28,28,25,28,1576,1087,570,391,157,181,1086,1497,4.0,0.0,1.0,0.067,1.013,0.299,1
31.25,23.4,12.35,7.9,3.3,2.925,23.45,21.775,10.825,-2.3,0.8,0.4,0.45,1.275,2.525,-0.9,25,23,15,13,17,13,19,23,29,25,22,16,28,23,25,32,2089,1312,705,413,197,142,1391,1384,4.0,0.0,1.0,0.068,1.013,0.299,1
42.075,21.1,13.15,8.3,3.75,4.2,25.975,20.875,0.8,-5.425,-1.425,-1.7,0.2,0.175,1.675,0.675,22,23,16,16,17,15,21,18,25,26,23,20,25,24,26,32,2498,1270,721,444,214,243,1629,1277,4.0,0.0,1.0,0.069,1.013,0.298,1
42.875,15.675,11.725,6.6,3.95,4.375,27.65,21.55,-5.8,-0.325,1.825,0.15,-0.175,-0.75,2.025,-2.65,23,24,19,23,22,18,24,18,26,27,23,24,27,30,27,29,2692,954,673,396,222,262,1848,1276,4.0,0.0,1.0,0.07,1.013,0.299,1
37.075,15.35,13.55,6.75,3.775,3.625,29.675,18.9,4.775,1.375,0.6,2.65,0.575,1.25,-2.15,0.625,25,25,18,21,22,25,21,18,28,28,20,20,27,30,26,25,2389,957,653,358,223,229,1905,1165,4.0,0.0,1.0,0.071,1.014,0.299,1
41.85,16.725,14.15,9.4,4.35,4.875,27.525,19.525,1.45,1.8,-1.7,0.775,0.575,1.05,-5.5,1.975,25,25,20,22,19,27,18,24,26,30,22,22,26,30,27,27,2669,1083,744,550,304,360,1736,1327,4.0,0.0,1.0,0.072,1.013,0.299,1
43.3,18.525,12.45,10.175,4.925,5.925,22.025,21.5,-6.525,-0.175,-0.7,-2.1,-0.225,-0.15,5.1,-2.0,24,23,25,19,15,22,22,26,27,26,24,28,24,29,29,25,2796,1231,730,600,311,407,1316,1442,4.0,0.0,1.0,0.072,1.013,0.299,1
36.775,18.35,11.75,8.075,4.7,5.775,27.125,19.5,1.1,0.875,0.375,0.125,-0.025,-0.375,6.725,-0.45,21,20,28,21,13,22,24,22,30,22,29,29,22,26,29,23,2240,1113,747,461,263,370,1631,1138,4.0,0.0,1.0,0.072,1.014,0.299,1
37.875,19.225,12.125,8.2,4.675,5.4,33.85,19.05,-3.6,-0.825,0.475,-0.2,-0.425,-0.725,-3.675,4.275,20,19,26,24,21,21,24,24,29,22,32,30,26,27,25,27,2122,1124,802,513,303,374,2117,1081,4.0,0.0,1.0,0.07,1.014,0.299,1
34.275,18.4,12.6,8.0,4.25,4.675,30.175,23.325,-1.725,-3.775,-0.675,-0.975,-0.475,-0.35,-4.925,-4.175,25,21,19,21,26,17,21,22,26,22,30,28,26,22,24,27,1974,1159,786,482,279,284,1915,1429,4.0,0.0,1.0,0.068,1.015,0.299,1
1.075,2.85,12.0,1.675,1.225,1.125,1.25,2.725,0.325,0.75,-0.475,0.775,1.475,0.7,0.325,0.375,9,18,20,9,6,2,13,18,18,19,29,18,15,16,15,26,60,179,722,84,44,49,61,174,5.0,0.0,1.383,0.201,0.66,0.005,1
1.4,3.6,11.525,2.45,2.7,1.825,1.575,3.1,0.825,5.625,2.8,1.175,1.75,0.5,0.075,-0.025,12,17,24,12,10,8,15,21,18,21,28,20,16,14,20,27,73,224,804,118,111,85,88,194,5.0,0.0,1.383,0.199,0.663,0.006,1
2.225,9.225,14.325,3.625,4.45,2.325,1.65,3.075,0.05,2.575,5.85,0.175,-0.85,0.35,-0.175,-0.325,19,24,25,16,18,12,14,22,24,24,26,20,22,19,20,25,121,597,965,182,231,124,93,183,5.0,0.0,1.383,0.202,0.674,0.012,1
2.275,11.8,20.175,3.8,3.6,2.675,1.475,2.75,-0.05,0.225,1.65,-0.475,-1.4,0.025,0.325,0.4,16,27,23,14,20,11,13,20,22,28,25,23,24,19,17,27,138,767,1280,201,227,136,85,183,5.0,0.0,1.383,0.212,0.699,0.025,1
2.225,12.025,21.825,3.325,2.2,2.7,1.8,3.15,0.525,1.55,-0.425,-0.675,-0.525,-0.85,0.15,-0.175,16,23,23,16,13,12,12,19,22,26,25,20,24,19,19,28,154,754,1334,193,139,139,102,223,5.0,0.0,1.383,0.226,0.748,0.045,1
2.75,13.575,21.4,2.65,1.675,1.85,1.95,2.975,0.425,-4.325,-1.1,-0.5,-0.375,0.3,-0.3,-0.15,16,25,25,22,9,14,13,16,24,27,27,23,20,21,23,24,169,896,1314,170,83,96,119,187,5.0,0.0,1.383,0.24,0.824,0.074,1
3.175,9.25,20.3,2.15,1.3,2.15,1.65,2.825,2.425,-2.0,-2.075,-0.35,-0.125,0.2,-0.325,0.175,18,23,19,21,9,17,14,21,26,29,24,24,18,23,25,23,189,623,1165,136,65,138,108,165,5.0,0.0,1.383,0.245,0.912,0.104,1
5.6,7.25,18.225,1.8,1.175,2.35,1.325,3.0,1.5,2.35,-1.6,0.675,0.25,-0.325,0.2,-0.525,18,23,20,15,9,15,11,24,22,31,26,23,22,20,24,26,355,502,1131,113,67,136,84,185,5.0,0.0,1.383,0.235,0.994,0.13,1
7.1,9.6,16.625,2.475,1.425,2.025,1.525,2.475,-1.175,-0.625,3.0,0.225,0.225,0.3,0.625,0.525,22,26,24,18,13,14,13,17,25,29,29,29,23,22,27,24,470,641,1135,173,89,106,109,141,5.0,0.0,1.383,0.213,1.061,0.152,1
5.925,8.975,19.625,2.7,1.65,2.325,2.15,3.0,-0.2,-0.775,-1.725,-0.4,-0.275,-0.225,0.4,0.35,20,25,23,20,14,13,18,20,25,24,28,28,25,22,26,28,380,579,1237,184,101,119,150,192,5.0,0.0,1.383,0.185,1.116,0.173,1
5.725,8.2,17.9,2.3,1.375,2.1,2.55,3.35,2.1,1.45,-5.55,1.6,-0.05,-0.275,0.375,-0.125,21,26,19,14,8,10,23,21,26,26,23,21,19,22,23,29,378,574,1051,129,73,124,167,216,5.0,0.0,1.383,0.153,1.163,0.199,1
7.825,9.65,12.35,3.9,1.325,1.825,2.925,3.225,3.525,0.975,-1.15,1.975,0.55,2.025,3.25,1.6,21,23,17,16,12,12,21,17,25,27,21,20,19,23,23,21,509,616,728,176,80,109,182,190,5.0,0.0,1.383,0.121,1.198,0.225,1
11.35,10.625,11.2,5.875,1.875,3.85,6.175,4.825,6.125,-1.35,0.2,-1.025,0.65,1.05,5.6,3.85,19,22,16,16,15,17,22,17,25,28,22,19,23,20,28,20,693,675,601,284,105,237,423,276,5.0,0.0,1.383,0.095,1.221,0.248,1
17.475,9.275,11.4,4.85,2.525,4.9,11.775,8.675,8.2,0.875,4.15,0.275,0.325,1.6,1.825,7.9,21,19,22,14,15,21,23,17,26,29,23,20,22,22,29,26,946,542,670,270,124,316,754,466,5.0,0.0,1.383,0.078,1.235,0.269,1
25.675,10.15,15.55,5.125,2.85,6.5,13.6,16.575,3.775,4.35,0.225,0.9,0.1,1.575,-1.2,4.45,22,20,25,15,15,25,19,17,27,27,25,23,21,27,27,28,1508,565,985,326,157,451,827,901,5.0,0.0,1.383,0.068,1.241,0.284,1
29.45,14.5,15.775,6.025,2.95,8.075,12.4,21.025,3.2,1.375,-3.975,0.85,-0.125,-1.575,-0.275,3.375,21,23,22,16,18,25,17,18,26,23,25,19,27,26,26,26,1858,819,1049,343,192,554,760,1242,5.0,0.0,1.383,0.063,1.244,0.293,1
32.65,15.875,11.8,6.875,2.825,6.5,12.125,24.4,7.55,1.45,-0.15,0.2,-0.325,-1.55,2.55,6.025,20,25,17,17,19,22,16,25,24,25,25,20,26,27,23,30,1762,944,721,385,181,432,762,1742,5.0,0.0,1.383,0.061,1.247,0.299,1
40.2,17.325,11.65,7.075,2.5,4.95,14.675,30.425,1.95,1.05,-1.55,-0.95,0.4,0.675,1.525,-5.225,24,28,19,18,19,20,20,33,22,30,23,23,23,28,25,34,2266,1165,691,412,147,308,940,2321,5.0,0.0,1.383,0.059,1.248,0.302,1
42.15,18.375,10.1,6.125,2.9,5.625,16.2,25.2,-6.325,-0.225,0.0,0.85,0.625,1.125,-0.55,-7.2,26,24,19,18,16,20,23,27,28,25,23,22,22,26,26,26,2649,1196,610,365,156,355,1022,1742,5.0,0.0,1.383,0.057,1.249,0.304,1
35.825,18.15,10.1,6.975,3.525,6.75,15.65,18.0,0.375,0.325,2.1,1.175,0.0,-0.9,2.5,-0.85,22,23,20,20,17,22,23,23,33,25,22,23,24,26,25,22,2309,1233,633,414,206,423,986,1120,5.0,0.0,1.383,0.055,1.248,0.305,1
36.2,18.475,12.2,8.15,3.525,5.85,18.15,17.15,-3.225,-4.375,-1.525,0.025,-0.3,-0.65,-0.575,-1.225,23,22,24,24,21,23,26,27,31,27,22,26,26,28,28,26,2355,1197,786,534,237,369,1208,1153,5.0,0.0,1.383,0.053,1.248,0.306,1
32.975,14.1,10.675,8.175,3.225,5.2,17.575,15.925,-0.475,-0.525,-0.6,-1.3,-0.25,-0.325,-0.35,-1.6,21,21,26,29,18,21,23,24,24,24,28,29,25,27,29,30,2090,820,724,559,214,305,1159,1119,5.0,0.0,1.383,0.052,1.247,0.306,1
32.5,13.575,10.075,6.875,2.975,4.875,17.225,14.325,4.05,4.375,0.825,-0.5,0.325,-0.325,0.825,0.15,22,19,22,25,17,20,19,22,24,24,25,26,26,23,24,30,2017,764,595,465,186,266,1078,963,5.0,0.0,1.383,0.051,1.247,0.306,1
36.55,17.95,10.9,6.375,3.3,4.55,18.05,14.475,2.65,-0.725,0.275,0.525,0.4,0.225,-1.325,5.5,23,20,21,17,20,21,15,23,24,25,25,23,24,25,21,25,2318,995,669,393,191,277,1047,886,5.0,0.0,1.383,0.05,1.247,0.306,1
39.2,17.225,11.175,6.9,3.7,4.775,16.725,19.975,4.75,0.75,1.525,0.2,-0.025,1.025,3.575,-0.275,24,20,23,21,24,21,17,24,23,26,26,26,26,26,20,26,2641,913,741,425,237,299,966,1265,5.0,0.0,1.383,0.05,1.248,0.306,1
43.95,17.975,12.7,7.1,3.675,5.8,20.3,19.7,-1.375,3.75,-0.825,-0.825,-0.4,-0.275,1.0,-1.05,28,15,22,19,20,24,20,23,27,24,27,28,26,30,25,30,3027,863,830,410,233,375,1300,1355,5.0,0.0,1.383,0.05,1.249,0.304,1
42.575,21.725,11.875,6.275,3.275,5.525,21.3,18.65,0.75,0.975,0.375,0.9,0.025,-0.975,1.175,6.325,28,18,20,17,17,22,17,22,27,23,24,25,28,30,26,25,2708,1163,707,344,210,372,1329,1179,5.0,0.0,1.383,0.05,1.249,0.302,1
43.325,22.7,12.25,7.175,3.3,4.55,22.475,24.975,-4.25,1.475,0.125,0.775,0.25,0.05,2.875,0.025,24,23,16,14,17,20,20,23,25,27,20,22,32,26,25,29,2567,1416,658,359,205,290,1506,1615,5.0,0.0,1.383,0.051,1.249,0.3,1
39.075,24.175,12.375,7.95,3.55,4.6,25.35,25.0,-7.4,-2.75,-1.75,-0.525,0.2,0.1,1.5,-6.525,20,26,19,18,16,20,26,25,24,28,24,23,23,22,27,30,2258,1506,724,406,206,284,1785,1663,5.0,0.0,1.383,0.053,1.248,0.299,1
31.675,21.425,10.625,7.425,3.75,4.7,26.85,18.475,4.6,-2.6,0.175,-0.3,0.475,0.125,2.0,-4.1,21,23,24,22,17,18,24,23,24,24,25,25,19,20,26,25,1804,1267,632,440,195,265,1810,1219,5.0,0.0,1.383,0.054,1.247,0.297,1
36.275,18.825,10.8,7.125,4.225,4.825,28.85,14.375,2.05,-1.875,2.375,0.825,-0.05,-0.1,-2.625,1.9,25,23,23,22,19,19,20,20,26,26,23,27,21,23,27,26,2365,1171,581,448,224,268,1877,1007,5.0,0.0,1.383,0.055,1.247,0.295,1
38.325,16.95,13.175,7.95,4.175,4.725,26.225,16.275,-4.85,-2.65,-0.525,-0.05,-0.075,0.4,-3.0,2.05,22,21,23,23,16,19,15,18,26,29,23,25,26,24,26,28,2474,1113,808,551,239,261,1520,1037,5.0,0.0,1.383,0.055,1.247,0.294,1
33.475,14.3,12.65,7.9,4.1,5.125,23.225,18.325,-6.925,1.425,-1.125,-0.775,0.05,0.55,-0.275,-0.15,22,20,21,21,18,22,20,23,28,27,25,23,30,25,28,30,2284,884,783,529,252,323,1438,1077,5.0,0.0,1.383,0.055,1.246,0.293,1
26.55,15.725,11.525,7.125,4.15,5.675,22.95,18.175,-15.75,-5.95,0.775,-2.375,-1.3,-2.4,-10.275,-7.65,22,21,22,22,17,20,24,24,28,23,25,23,25,23,29,27,1786,977,678,430,256,369,1606,1064,5.0,0.0,1.383,0.069,1.188,0.263,1
10.8,9.775,12.3,4.75,2.85,3.275,12.675,10.525,-9.4,-5.5,0.55,-2.15,0.425,-1.275,-10.85,-7.975,18,21,24,15,11,10,14,19,18,21,27,22,20,17,20,22,706,647,761,289,146,194,832,571,5.0,0.0,1.383,0.14,0.898,0.116,1
1.4,4.275,12.85,2.6,3.275,2.0,1.825,2.55,0.45,3.05,5.775,0.975,1.475,1.2,0.05,0.225,12,23,19,11,10,9,6,17,15,21,25,21,16,19,16,19,71,250,715,145,113,110,102,137,5.0,0.0,1.383,0.2,0.677,0.002,1
1.85,7.325,18.625,3.575,4.75,3.2,1.875,2.775,0.225,2.9,-0.1,-0.375,-1.75,-0.725,0.0,0.625,15,25,21,15,14,12,11,14,20,29,23,21,20,29,20,24,111,449,1146,185,243,202,108,152,5.0,0.0,1.383,0.21,0.705,0.013,1
2.075,10.225,18.525,3.2,3.0,2.475,1.875,3.4,0.025,1.4,-0.825,-0.225,-1.4,-0.575,0.0,0.0,18,25,20,14,14,10,16,15,20,32,21,25,24,28,26,26,125,668,1101,162,187,155,124,208,5.0,0.0,1.383,0.224,0.754,0.032,1
2.1,11.625,17.7,2.975,1.6,1.9,1.875,3.4,2.525,-1.025,5.1,-0.3,0.125,0.0,0.525,0.925,16,28,18,14,12,13,14,15,19,32,19,22,20,22,25,22,128,828,1013,157,82,106,109,203,5.0,0.0,1.383,0.239,0.83,0.062,1
4.625,10.6,22.8,2.675,1.725,1.9,2.4,4.325,3.1,-1.7,2.4,-0.5,-0.2,-0.25,0.025,0.275,14,24,18,13,11,18,18,16,16,27,24,19,16,23,25,26,276,675,1341,163,89,110,141,283,5.0,0.0,1.383,0.236,0.962,0.114,1
7.725,8.9,25.2,2.175,1.525,1.65,2.425,4.6,0.375,0.825,-0.275,0.675,0.025,0.475,-0.3,-0.825,17,19,15,13,6,16,23,18,20,22,28,20,13,22,29,27,452,528,1356,137,78,98,162,294,5.0,0.0,1.383,0.211,1.083,0.164,1
8.1,9.725,24.925,2.85,1.55,2.125,2.125,3.775,3.775,1.85,-8.275,0.825,0.275,2.0,3.225,4.825,21,20,20,15,6,20,18,18,27,23,27,25,20,25,27,23,501,589,1545,166,93,141,129,223,5.0,0.0,1.383,0.168,1.157,0.207,1
11.875,11.575,16.65,3.675,1.825,4.125,5.35,8.6,12.95,3.275,-5.35,1.05,1.0,3.05,8.175,6.55,20,24,22,18,9,21,17,18,30,25,28,27,22,24,24,24,719,763,1164,246,110,281,310,535,5.0,0.0,1.383,0.105,1.22,0.264,1
24.825,14.85,11.3,4.725,2.825,7.175,13.525,15.15,14.35,1.575,2.825,1.55,0.6,0.3,3.85,4.2,19,24,19,21,13,18,24,20,30,26,29,24,19,24,27,25,1487,967,656,310,155,464,849,930,5.0,0.0,1.383,0.064,1.25,0.302,1
39.175,16.425,14.125,6.275,3.425,7.475,17.375,19.35,3.25,-1.225,-1.6,1.225,-0.175,-1.8,1.7,1.45,20,18,18,20,20,23,25,23,27,24,27,25,21,25,27,27,2186,890,783,383,216,459,1093,1264,5.0,0.0,1.383,0.056,1.255,0.314,1
42.425,15.2,12.525,7.5,3.25,5.675,19.075,20.8,2.65,2.725,-2.375,0.425,0.225,-0.55,2.375,3.475,20,18,19,22,21,20,23,21,24,24,28,25,26,23,23,28,2246,888,794,489,216,307,1168,1400,5.0,0.0,1.383,0.054,1.258,0.317,1
45.075,17.925,10.15,7.925,3.475,5.125,21.45,24.275,7.825,2.175,1.4,-0.05,-0.275,-0.425,3.475,3.325,17,23,18,22,22,17,22,20,24,27,25,25,27,25,22,23,2427,1200,628,499,214,306,1226,1525,5.0,0.0,1.383,0.053,1.258,0.318,1
52.9,20.1,11.55,7.875,3.2,4.7,24.925,27.6,-2.875,-0.6,1.05,-0.25,-0.025,0.1,-2.6,-5.45,16,21,20,22,19,18,26,20,25,27,27,27,28,26,27,27,2813,1297,678,473,200,306,1550,1753,5.0,0.0,1.383,0.051,1.257,0.319,1
50.025,19.5,12.6,7.625,3.175,4.8,22.325,22.15,-4.4,-0.85,-0.875,0.575,0.5,0.675,-0.85,1.825,19,20,23,23,15,16,21,22,26,25,28,24,29,23,25,27,2891,1310,799,470,197,290,1338,1373,5.0,0.0,1.383,0.049,1.257,0.319,1
45.625,18.65,11.725,8.2,3.675,5.475,21.475,23.975,2.575,0.075,0.6,1.15,-0.3,-0.1,3.225,1.35,21,22,23,26,12,14,18,19,29,25,27,24,27,21,25,26,2868,1162,742,511,200,305,1208,1341,5.0,0.0,1.383,0.048,1.256,0.319,1
48.2,18.725,12.325,9.35,3.375,5.375,24.7,25.325,2.4,2.125,1.25,-0.675,-0.225,0.4,2.8,-5.35,22,22,25,27,15,15,22,22,28,26,32,24,21,24,26,28,3084,1164,829,563,180,335,1500,1596,5.0,0.0,1.383,0.048,1.256,0.319,1
50.6,20.85,13.575,8.675,3.15,5.775,27.5,19.975,1.15,2.35,0.8,-0.7,0.0,-0.6,1.825,1.3,24,22,25,22,20,14,25,25,25,25,33,24,20,22,25,28,3149,1297,914,515,184,322,1863,1420,5.0,0.0,1.383,0.047,1.255,0.32,1
51.75,23.2,14.375,7.975,3.15,5.175,29.325,21.275,5.125,-0.6,1.275,0.55,0.1,-0.6,-1.075,0.45,27,26,22,20,20,14,23,25,26,28,28,25,21,18,24,30,3510,1501,860,488,190,251,1951,1472,5.0,0.0,1.383,0.046,1.254,0.32,1
56.875,22.6,15.65,8.525,3.25,4.575,28.25,21.725,-5.675,-4.475,-0.575,-0.4,0.3,0.075,3.2,-1.575,26,24,20,17,20,20,20,22,27,27,27,24,24,21,21,27,3551,1488,898,485,190,267,1719,1337,5.0,0.0,1.383,0.045,1.254,0.32,1
51.2,18.125,15.075,8.125,3.55,4.65,31.45,20.15,-14.8,-2.625,-1.625,0.35,0.275,-0.625,-1.075,-5.125,26,18,24,21,20,18,23,21,27,24,27,27,22,22,23,24,3151,1087,948,484,201,265,1880,1145,5.0,0.0,1.383,0.045,1.255,0.319,1
36.4,15.5,13.45,8.475,3.825,4.025,30.375,15.025,-5.05,0.45,-1.6,-0.425,0.1,0.85,-2.325,-3.275,27,17,27,30,24,19,23,25,30,23,29,31,27,30,24,25,2320,891,929,598,249,247,1791,916,5.0,0.0,1.383,0.045,1.255,0.318,1
31.35,15.95,11.85,8.05,3.925,4.875,28.05,11.75,-9.675,-3.975,2.825,-3.3,-1.275,-1.45,-11.225,-2.65,24,18,26,26,21,19,20,25,32,25,29,29,27,30,23,28,2038,945,752,567,257,293,1601,820,5.0,0.0,1.383,0.045,1.255,0.317,1
21.675,11.975,14.675,4.75,2.65,3.425,16.825,9.1,-14.45,-6.7,1.775,-2.475,-1.2,-2.425,-13.2,-5.325,25,23,24,18,12,13,15,22,29,29,26,24,19,23,24,30,1380,784,892,296,145,204,1029,661,5.0,0.0,1.383,0.105,1.016,0.188,1
7.225,5.275,16.45,2.275,1.45,1.0,3.625,3.775,-5.475,-2.0,-2.325,-0.325,-0.05,-0.05,-1.975,-0.15,18,18,27,15,9,5,6,17,27,27,26,23,15,22,19,26,441,286,1120,114,58,62,143,240,5.0,0.0,1.383,0.181,0.718,0.026,1
1.75,3.275,14.125,1.95,1.4,0.95,1.65,3.625,-0.025,0.15,-0.075,0.275,-0.15,-0.025,0.35,0.8,14,19,26,14,7,5,8,18,28,28,27,17,18,19,14,24,112,196,922,94,67,53,74,235,5.0,0.0,1.383,0.195,0.658,-0.006,1
1.725,3.425,14.05,2.225,1.25,0.925,2.0,4.425,-0.45,-0.65,3.3,0.75,0.925,0.3,-0.475,-0.975,14,25,24,20,4,3,15,21,25,27,29,22,16,16,24,23,108,222,856,124,64,47,124,282,5.0,0.0,1.383,0.195,0.657,-0.006,1
1.275,2.775,17.35,2.975,2.175,1.225,1.525,3.45,0.075,0.7,4.05,0.9,0.975,0.3,-0.175,-0.825,11,19,27,19,10,7,14,21,21,20,30,25,18,18,24,24,80,168,1125,148,102,60,100,219,5.0,0.0,1.383,0.197,0.664,-0.003,1
1.35,3.475,21.4,3.875,3.15,1.525,1.35,2.625,2.15,2.85,-0.05,-0.475,-0.825,-0.075,1.15,1.3,12,16,24,15,12,10,13,18,23,20,25,20,21,16,16,26,80,219,1341,185,136,69,71,168,5.0,0.0,1.383,0.218,0.744,0.025,1
3.5,6.325,21.35,3.4,2.325,1.45,2.5,3.925,2.725,0.45,-3.2,-0.8,-0.65,-0.05,0.225,0.45,13,19,22,19,8,4,17,19,23,26,25,23,17,9,18,27,207,385,1379,189,90,64,150,264,5.0,0.0,1.383,0.232,0.926,0.088,1
6.225,6.775,18.15,2.6,1.675,1.4,2.725,4.375,1.175,0.05,-4.125,0.075,0.05,0.05,0.2,-0.55,18,18,24,16,15,9,17,16,25,21,28,21,16,16,23,27,345,381,1159,153,84,84,173,285,5.0,0.0,1.383,0.214,1.07,0.14,1
7.4,6.825,14.025,2.675,1.725,1.45,2.925,3.825,2.325,1.025,-1.525,0.75,0.05,0.175,1.9,-0.1,22,14,25,10,14,13,17,18,24,17,29,16,17,18,20,28,467,366,901,135,99,87,181,259,5.0,0.0,1.383,0.182,1.134,0.171,1
9.725,7.85,12.5,3.425,1.775,1.625,4.825,3.725,2.4,1.225,3.05,2.4,0.05,1.75,2.775,1.9,23,17,25,12,7,11,19,19,27,21,26,19,18,20,22,25,628,428,775,187,98,91,317,224,5.0,0.0,1.383,0.144,1.18,0.201,1
12.125,9.075,15.55,5.825,1.825,3.375,7.6,5.625,12.325,2.7,1.65,0.875,0.35,1.425,3.825,5.425,23,21,22,18,5,13,20,24,29,27,23,23,19,22,23,27,737,568,927,354,96,209,455,342,5.0,0.0,1.383,0.109,1.208,0.233,1
24.45,11.775,17.2,6.7,2.175,4.8,11.425,11.05,15.225,-0.325,-4.05,-0.05,0.85,0.05,3.975,6.1,18,20,19,17,11,16,18,31,28,31,23,23,22,27,24,30,1351,733,1071,403,115,285,652,791,5.0,0.0,1.383,0.079,1.227,0.267,1
39.675,11.45,13.15,6.65,3.025,4.85,15.4,17.15,4.625,2.475,-2.8,2.075,0.9,0.1,0.225,4.025,17,15,18,20,19,21,23,26,28,26,24,26,22,27,28,30,2152,636,793,437,170,293,987,1181,5.0,0.0,1.383,0.064,1.237,0.291,1
44.3,13.925,10.35,8.725,3.925,4.95,15.625,21.175,3.25,4.375,2.45,0.925,0.55,-0.475,2.875,1.675,24,13,24,26,18,25,21,20,29,22,28,27,24,23,26,28,2640,751,626,579,247,313,960,1410,5.0,0.0,1.383,0.061,1.238,0.298,1
47.55,18.3,12.8,9.65,4.475,4.475,18.5,22.85,-0.85,-0.5,2.925,0.975,0.1,0.575,5.275,-1.125,26,17,22,20,19,22,16,23,27,23,23,22,27,26,22,29,3005,1033,755,544,299,274,1130,1527,5.0,0.0,1.383,0.059,1.239,0.299,1
46.7,17.8,15.725,10.625,4.575,5.05,23.775,21.725,3.475,2.375,0.375,0.475,-0.475,0.175,0.075,-0.225,24,21,18,19,17,17,19,25,31,26,20,21,24,27,24,26,2841,1177,949,636,276,284,1477,1374,5.0,0.0,1.383,0.057,1.239,0.3,1
50.175,20.175,16.1,11.1,4.1,5.225,23.85,21.5,5.425,1.1,-0.35,-1.825,0.125,-0.05,-3.175,-0.775,20,23,18,21,12,18,25,24,31,27,22,22,20,24,26,25,2959,1272,1067,704,216,297,1547,1325,5.0,0.0,1.383,0.055,1.238,0.3,1
55.6,21.275,15.75,9.275,4.225,5.175,20.675,20.725,-5.625,1.5,-2.925,-1.75,-0.425,0.225,-1.25,-1.1,18,22,16,20,15,20,24,24,26,25,21,25,20,25,25,30,3265,1306,977,575,218,309,1312,1427,5.0,0.0,1.383,0.054,1.238,0.301,1
49.975,22.775,12.825,7.525,3.8,5.4,19.425,19.625,-8.9,2.0,0.05,-0.7,-0.325,-0.4,4.725,-0.775,22,22,20,19,16,23,23,20,26,27,24,27,23,27,27,30,3087,1270,779,442,231,359,1251,1321,5.0,0.0,1.383,0.053,1.238,0.302,1
41.075,24.775,12.875,6.825,3.475,5.0,24.15,18.85,-7.25,-3.925,3.175,1.35,0.225,-0.975,3.3,-0.175,28,24,23,17,14,21,22,17,30,29,29,25,22,27,29,24,2870,1530,805,383,223,332,1482,1098,5.0,0.0,1.383,0.052,1.238,0.301,1
33.825,20.85,16.05,8.175,3.7,4.025,27.45,18.675,1.725,-0.05,-2.55,-0.25,0.3,0.175,-2.9,1.75,25,24,19,17,15,14,26,19,26,26,25,25,23,21,29,22,2203,1338,974,477,209,218,1920,1004,5.0,0.0,1.383,0.052,1.238,0.299,1
35.55,20.8,13.5,7.925,4.0,4.2,24.55,20.425,7.325,-1.3,-2.55,-0.75,-0.05,0.325,-0.75,-4.675,26,23,23,19,17,16,24,24,27,26,25,24,23,20,29,25,2508,1219,875,487,226,241,1645,1212,5.0,0.0,1.383,0.053,1.238,0.297,1
42.875,19.5,10.95,7.175,3.95,4.525,23.8,15.75,-4.5,0.15,0.05,-0.525,0.025,-0.125,0.55,1.05,29,24,27,22,21,17,19,24,32,28,27,27,27,25,27,28,3163,1254,713,472,255,270,1377,1047,5.0,0.0,1.383,0.054,1.238,0.297,1
38.375,19.65,11.0,6.65,3.975,4.4,24.35,16.8,-3.925,3.4,2.5,1.775,0.225,0.2,-0.3,1.475,26,27,25,23,19,17,18,23,29,31,28,29,26,25,24,27,2596,1405,720,447,231,242,1371,1056,5.0,0.0,1.383,0.055,1.238,0.296,1
1.375,3.325,16.475,2.25,0.975,0.75,1.35,2.975,0.0,0.65,-0.4,1.35,0.775,0.25,-0.1,-0.775,10,25,25,18,5,4,13,14,22,27,29,20,18,14,16,25,74,231,1144,122,48,38,67,186,6.0,0.383,0.617,0.205,0.662,-0.016,1
1.375,3.975,16.075,3.6,1.75,1.0,1.25,2.2,0.7,4.325,2.0,0.975,0.25,0.6,0.2,0.875,10,21,24,20,7,5,9,13,17,21,26,25,25,17,17,21,76,228,1028,187,91,59,67,123,6.0,0.383,0.617,0.207,0.667,-0.014,1
2.075,8.3,18.075,4.575,2.0,1.6,1.45,3.075,0.725,4.775,3.925,-0.5,-0.175,0.275,0.7,1.95,9,18,22,21,9,12,14,17,19,15,24,25,22,22,21,23,113,391,1118,247,101,97,89,181,6.0,0.383,0.617,0.221,0.683,-0.006,1
2.8,13.075,22.0,4.075,1.825,1.875,2.15,5.025,0.75,-1.75,-1.95,-1.025,0.175,0.275,0.125,-0.525,16,17,21,21,19,19,22,19,19,22,25,25,20,25,26,25,148,633,1316,246,98,113,135,313,6.0,0.383,0.617,0.252,0.709,0.017,1
3.55,11.325,20.05,3.05,2.0,2.15,2.275,4.5,0.6,-2.275,1.275,-0.65,0.125,0.375,-0.5,-1.35,19,22,22,20,21,17,16,17,22,27,28,22,18,22,18,24,199,652,1284,199,101,118,119,276,6.0,0.383,0.617,0.282,0.736,0.059,1
4.15,9.05,21.325,2.4,2.125,2.525,1.775,3.15,-0.55,1.4,7.825,0.55,0.05,0.675,-0.225,0.25,17,22,23,15,16,16,12,14,26,28,27,18,18,17,17,23,251,583,1363,132,97,122,78,194,6.0,0.383,0.617,0.302,0.758,0.111,1
3.6,10.45,29.15,2.95,2.175,3.2,1.55,3.4,0.725,1.975,-5.55,-0.125,-0.4,-0.175,0.225,0.35,19,23,29,18,17,19,12,14,27,27,29,25,17,22,16,24,252,712,2081,177,105,180,80,227,6.0,0.383,0.617,0.312,0.774,0.16,1
4.325,12.425,23.6,2.825,1.775,3.025,1.775,3.75,1.025,1.925,-10.325,-0.55,-0.05,-0.475,0.4,-0.625,20,23,29,16,9,19,17,15,25,25,28,19,11,25,20,26,285,814,1645,162,84,184,106,254,6.0,0.383,0.617,0.317,0.783,0.198,1
5.35,14.35,13.275,2.275,1.725,2.55,2.175,3.125,3.3,1.375,-1.5,0.975,0.525,1.65,3.375,0.625,18,21,24,9,6,14,21,16,23,26,27,17,10,19,26,23,350,857,824,124,78,145,133,188,6.0,0.383,0.617,0.317,0.786,0.232,1
8.65,15.725,11.775,3.25,2.25,4.2,5.55,3.75,4.35,0.025,-1.125,0.675,0.575,1.15,3.6,3.425,24,25,26,14,16,17,20,14,29,29,29,22,19,20,28,21,620,1024,740,180,124,281,387,221,6.0,0.383,0.617,0.316,0.786,0.264,1
13.0,15.75,10.65,3.925,2.825,5.35,9.15,7.175,6.0,-2.65,-2.95,0.2,-0.25,-0.2,-0.4,7.3,26,23,30,17,20,18,24,21,29,25,29,23,24,25,31,27,785,1023,717,224,148,337,651,488,6.0,0.383,0.617,0.315,0.784,0.287,1
19.0,13.1,7.7,4.125,2.575,5.15,8.75,14.475,7.1,3.825,0.4,1.1,-0.45,0.95,2.3,5.725,23,18,25,16,19,22,21,27,26,25,31,24,25,30,27,28,1111,750,543,255,139,334,560,916,6.0,0.383,0.617,0.315,0.782,0.302,1
26.1,16.925,8.1,5.225,2.125,6.1,11.05,20.2,4.875,6.3,0.6,0.175,0.575,0.125,4.325,2.125,24,18,18,16,17,21,19,23,28,29,28,25,24,26,25,28,1788,1058,542,328,122,388,679,1109,6.0,0.383,0.617,0.314,0.781,0.312,1
30.975,23.225,8.7,5.4,2.7,6.225,15.375,22.325,5.55,-1.675,-0.675,-0.3,1.1,-0.625,1.875,0.275,26,25,21,16,14,20,24,24,30,28,25,26,24,25,29,27,2183,1525,546,332,155,408,1011,1339,6.0,0.383,0.617,0.314,0.78,0.319,1
36.525,21.55,8.025,5.1,3.8,5.6,17.25,22.6,3.05,0.275,1.6,1.1,0.2,-0.3,3.65,-5.675,24,22,23,18,14,17,23,28,25,25,24,27,23,28,28,28,2222,1438,467,309,207,354,1055,1545,6.0,0.383,0.617,0.314,0.778,0.323,1
39.575,21.825,9.625,6.2,4.0,5.3,20.9,16.925,-0.675,2.85,2.0,0.85,-0.075,-0.9,-2.15,0.325,23,22,21,22,17,15,21,28,23,24,25,25,21,26,25,28,2344,1557,552,343,217,318,1260,1166,6.0,0.383,0.617,0.313,0.776,0.326,1
38.9,24.675,11.625,7.05,3.925,4.4,18.75,17.25,0.5,0.1,0.75,-0.95,0.325,0.15,-3.05,6.95,22,26,26,24,17,18,17,24,24,27,27,25,15,27,27,27,2280,1702,756,439,203,266,1189,1094,6.0,0.383,0.617,0.313,0.776,0.328,1
39.4,24.775,12.375,6.1,4.25,4.55,15.7,24.2,5.5,-0.475,-0.875,-1.225,-0.15,0.35,1.525,2.85,18,26,26,19,15,19,15,23,25,29,26,22,20,23,31,29,2184,1672,797,397,226,282,995,1657,6.0,0.383,0.617,0.313,0.775,0.328,1
44.9,24.3,11.5,4.875,4.1,4.9,17.225,27.05,-0.325,1.175,3.35,1.55,0.125,-0.6,7.525,-4.45,21,26,26,16,12,24,20,24,28,32,28,22,25,22,29,29,2809,1650,804,298,251,306,1099,1712,6.0,0.383,0.617,0.313,0.775,0.328,1
44.575,25.475,14.85,6.425,4.225,4.3,24.75,22.6,-4.6,-1.6,2.0,1.0,0.325,0.175,0.15,-4.375,23,24,21,17,18,22,26,23,26,27,25,22,24,27,28,26,2817,1545,965,405,268,274,1623,1378,6.0,0.383,0.617,0.313,0.776,0.327,1
39.975,23.875,16.85,7.425,4.55,4.475,24.9,18.225,-3.125,-5.575,-3.825,-2.025,-0.5,-0.325,-3.775,1.625,24,23,20,22,22,20,28,25,26,23,21,20,25,27,28,28,2582,1464,980,447,284,264,1663,1199,6.0,0.383,0.617,0.312,0.776,0.327,1
36.85,18.3,13.025,5.4,4.05,4.15,21.125,19.85,-5.3,2.25,-2.1,-0.825,-0.475,-0.75,1.45,-0.7,22,25,18,23,14,18,27,25,24,24,21,27,22,24,28,32,2224,1190,704,329,225,237,1338,1303,6.0,0.383,0.617,0.312,0.776,0.326,1
31.55,20.55,10.925,4.575,3.575,3.4,22.575,19.15,-1.25,3.1,-0.325,0.55,-0.075,0.475,-3.6,-0.875,24,25,23,24,14,21,24,23,27,26,24,28,22,24,26,30,2070,1350,673,309,186,193,1411,1210,6.0,0.383,0.617,0.311,0.777,0.326,1
30.3,23.65,10.6,5.125,3.5,3.875,18.975,18.275,-1.825,-2.825,0.5,-0.35,0.025,0.075,-0.225,-0.8,21,23,26,21,15,21,21,24,25,24,26,24,22,24,25,25,1862,1436,729,338,174,212,1237,1145,6.0,0.383,0.617,0.311,0.777,0.327,1
28.475,20.825,11.1,4.775,3.525,3.95,18.75,17.475,6.725,1.775,0.725,0.925,0.475,0.775,7.8,-3.1,21,22,28,20,12,19,23,26,24,25,28,22,19,23,28,25,1815,1185,801,312,182,205,1250,1209,6.0,0.383,0.617,0.312,0.778,0.327,1
35.2,22.6,11.825,5.7,4.0,4.725,26.55,14.375,5.6,0.65,0.425,1.25,0.125,0.475,-0.55,-0.8,22,23,28,24,16,22,25,21,24,28,27,27,25,23,28,23,2249,1387,825,395,255,281,1830,873,6.0,0.383,0.617,0.312,0.778,0.327,1
40.8,23.25,12.25,6.95,4.125,5.2,26.0,13.575,-7.025,-0.85,1.175,0.975,-0.55,-1.05,-7.375,-0.125,24,26,22,25,22,19,17,23,28,27,26,30,31,25,25,25,2682,1463,711,447,271,301,1439,796,6.0,0.383,0.617,0.312,0.777,0.326,1
33.775,22.4,13.425,7.925,3.575,4.15,18.625,13.45,3.1,-0.975,-1.0,-0.025,-0.725,0.025,5.05,-0.8,27,23,18,26,16,18,21,27,29,26,27,29,24,27,26,28,2236,1454,734,503,217,234,1021,824,6.0,0.383,0.617,0.313,0.777,0.326,1
36.875,21.425,12.425,7.9,2.85,4.175,23.675,12.65,4.0,1.925,-0.3,-1.65,0.6,0.625,-1.525,0.05,26,21,20,24,14,21,27,26,31,26,28,24,19,24,28,28,2329,1363,727,498,161,251,1530,828,6.0,0.383,0.617,0.314,0.777,0.326,1
40.875,23.35,12.125,6.25,3.45,4.8,22.15,12.7,-7.9,0.075,1.325,-0.325,1.225,0.5,-0.6,0.575,22,26,19,20,16,22,20,24,29,29,24,22,22,25,29,27,2467,1610,662,357,205,302,1331,889,6.0,0.383,0.617,0.314,0.777,0.326,1
32.975,23.425,13.45,5.925,4.675,5.3,21.55,13.275,-16.35,-11.175,0.8,-0.95,-1.1,-1.65,-5.2,-3.975,19,25,22,21,15,20,18,15,27,28,24,26,18,22,29,24,1878,1626,814,366,260,312,1337,815,6.0,0.383,0.617,0.313,0.777,0.326,1
16.625,12.25,14.25,4.975,3.575,3.65,16.35,9.3,-12.55,-8.075,-0.775,-2.175,-1.9,-2.15,-12.825,-5.475,13,16,26,19,14,12,17,17,21,23,28,27,18,16,28,26,890,742,1005,307,199,209,1074,586,6.0,0.383,0.617,0.274,0.738,0.217,1
4.075,4.175,13.475,2.8,1.675,1.5,3.525,3.825,-2.3,-0.575,0.275,0.1,0.5,0.275,-2.125,-1.625,15,10,21,13,12,6,12,17,20,19,29,23,16,13,19,26,226,225,885,145,92,72,177,231,6.0,0.383,0.617,0.218,0.682,0.061,1
1.775,3.6,13.75,2.9,2.175,1.775,1.4,2.2,0.1,1.525,4.325,0.725,0.5,-0.175,-0.05,-0.45,13,12,22,16,10,8,12,15,18,24,27,21,19,14,16,23,100,199,901,165,110,79,63,141,6.0,0.383,0.617,0.202,0.667,0.015,1
1.875,5.125,18.075,3.625,2.675,1.6,1.35,1.75,0.7,5.525,1.825,-0.6,-0.05,-0.2,0.05,1.025,13,14,23,21,14,6,11,19,17,23,25,22,21,11,15,22,115,320,1129,222,135,72,54,93,6.0,0.383,0.617,0.209,0.674,0.02,1
2.575,10.65,19.9,3.025,2.625,1.4,1.4,2.775,0.55,5.1,-1.025,-0.525,0.275,0.875,0.025,0.625,19,18,24,14,13,6,10,24,22,22,26,20,20,14,17,26,150,702,1169,160,117,67,63,172,6.0,0.383,0.617,0.226,0.686,0.034,1
3.125,15.75,18.875,2.5,2.9,2.275,1.425,3.4,0.525,2.4,1.175,0.15,-0.525,0.95,0.25,0.225,20,25,26,8,11,12,9,22,21,28,25,18,18,20,17,28,156,1040,1112,136,135,123,79,237,6.0,0.383,0.617,0.252,0.706,0.06,1
3.65,18.15,20.05,2.65,2.375,3.225,1.675,3.625,-0.075,-2.85,3.3,0.2,-0.55,0.525,0.35,0.425,14,27,22,10,11,21,12,18,20,29,26,18,15,22,24,23,190,1148,1125,161,114,191,109,240,6.0,0.383,0.617,0.28,0.734,0.099,1
3.575,15.3,23.35,2.85,1.825,3.75,2.025,4.05,-1.15,-3.825,-3.175,-0.4,0.15,-0.225,-0.025,-1.075,11,23,21,15,8,21,13,19,20,28,26,23,11,22,25,25,207,963,1397,174,82,228,125,266,6.0,0.383,0.617,0.301,0.765,0.152,1
2.425,11.475,20.175,2.45,1.975,3.525,2.0,2.975,3.2,2.275,-7.7,0.825,0.675,0.6,4.925,1.175,12,19,23,20,10,20,12,14,18,24,29,21,14,23,15,27,158,715,1265,153,89,244,114,182,6.0,0.383,0.617,0.309,0.787,0.208,1
5.625,13.75,12.475,3.275,2.65,4.125,6.925,4.15,6.65,0.9,-0.85,0.7,0.05,0.325,6.65,3.45,16,22,19,16,16,17,17,9,20,23,28,16,18,22,22,25,330,874,742,187,130,247,501,257,6.0,0.383,0.617,0.308,0.796,0.252,1
12.275,14.65,11.625,3.975,2.7,4.45,13.575,7.6,15.175,1.85,4.4,-0.6,0.25,0.1,-2.525,5.9,19,21,21,16,14,16,22,16,26,24,26,22,16,21,28,24,683,889,675,228,123,229,894,505,6.0,0.383,0.617,0.304,0.798,0.281,1
27.45,16.5,16.025,3.375,2.95,4.55,11.05,13.5,5.55,1.825,-0.65,0.675,0.075,0.75,-0.725,2.125,20,22,23,21,18,18,21,24,27,24,28,28,20,25,23,27,1764,1048,1007,214,144,260,647,934,6.0,0.383,0.617,0.301,0.8,0.299,1
33.0,18.325,15.375,4.05,3.025,5.3,10.325,15.625,-1.5,1.275,-3.975,0.375,-0.375,-0.475,4.675,-0.375,23,21,24,26,21,22,19,21,28,25,28,29,22,29,24,27,2137,1088,1007,289,176,329,574,1064,6.0,0.383,0.617,0.3,0.801,0.308,1
31.5,19.6,11.4,4.425,2.65,4.825,15.0,15.25,1.975,0.875,-2.575,0.2,0.075,0.425,-0.275,5.475,21,20,22,24,15,18,19,19,25,28,24,25,17,21,25,23,1809,1285,709,276,148,266,863,934,6.0,0.383,0.617,0.3,0.8,0.313,1
33.475,20.475,8.825,4.625,2.725,5.25,14.725,20.725,1.35,2.175,0.5,1.925,0.85,1.15,3.8,4.275,20,23,18,21,16,15,20,22,22,27,19,21,17,20,27,23,1933,1440,490,262,149,259,915,1343,6.0,0.383,0.617,0.3,0.798,0.314,1
34.825,22.65,9.325,6.55,3.575,6.4,18.525,25.0,5.0,2.725,2.775,0.675,0.95,-0.475,1.475,-0.25,20,25,21,18,18,14,20,21,22,24,24,22,20,20,27,22,1911,1490,613,366,214,343,1139,1500,6.0,0.383,0.617,0.3,0.796,0.314,1
39.825,25.375,12.1,7.225,4.525,5.925,20.0,24.75,-1.125,-1.025,0.825,-0.25,-0.65,-1.025,-1.45,-3.975,27,26,23,14,17,16,23,22,27,24,28,21,22,22,26,25,2534,1563,797,385,258,360,1188,1522,6.0,0.383,0.617,0.3,0.795,0.315,1
38.7,24.35,12.925,6.975,3.875,4.9,18.55,20.775,-2.45,-5.175,-0.35,-0.375,0.075,0.0,3.325,-0.3,29,25,22,22,15,21,25,25,30,26,25,25,22,24,28,30,2803,1490,802,411,218,324,1151,1393,6.0,0.383,0.617,0.299,0.795,0.316,1
36.25,19.175,12.575,6.6,3.95,4.9,21.875,20.475,3.225,3.425,0.675,0.5,0.725,0.45,5.45,3.875,26,20,21,22,15,20,23,22,29,21,23,24,23,23,28,24,2311,1048,709,382,237,304,1399,1351,6.0,0.383,0.617,0.299,0.797,0.317,1
39.475,22.6,13.25,7.1,4.675,5.35,27.325,24.35,-1.725,7.55,-0.475,0.45,-0.3,-0.125,3.25,-3.725,29,19,26,17,13,16,24,26,30,21,25,22,23,21,29,25,2638,1434,894,411,270,319,1780,1600,6.0,0.383,0.617,0.298,0.798,0.317,1
37.75,30.15,12.775,7.55,4.375,5.225,30.575,20.625,-3.85,-8.2,-1.825,-1.275,-0.025,-0.05,-3.65,-4.075,27,24,22,21,12,13,27,27,28,29,26,26,22,19,31,27,2577,2070,834,459,246,302,2074,1383,6.0,0.383,0.617,0.298,0.798,0.317,1
33.9,21.95,10.95,6.275,4.35,5.175,26.925,16.55,-3.15,-6.25,-0.425,-1.275,-0.175,-0.175,-3.8,1.4,22,24,20,22,15,14,26,22,29,26,25,28,24,25,27,25,2105,1379,698,393,257,297,1771,1063,6.0,0.383,0.617,0.298,0.798,0.317,1
30.75,15.7,10.525,5.0,4.175,5.0,23.125,17.95,-1.35,1.6,0.15,0.325,-1.0,-0.95,1.05,1.3,20,21,25,20,15,15,27,22,27,24,28,26,26,29,25,27,1809,956,737,315,253,283,1457,1180,6.0,0.383,0.617,0.297,0.798,0.317,1
29.4,17.3,10.675,5.325,3.175,4.05,24.175,19.25,0.775,-0.15,1.875,0.925,-0.45,-1.025,-1.75,-0.875,24,20,22,20,12,19,26,25,25,25,29,23,22,25,28,27,1853,1116,735,323,203,266,1540,1284,6.0,0.383,0.617,0.297,0.797,0.317,1
30.175,17.15,12.55,6.25,2.725,3.025,22.425,18.375,4.15,4.025,-0.825,0.1,0.375,0.625,1.0,-4.725,30,18,14,20,14,17,20,24,29,24,23,23,22,22,24,25,2141,1065,711,385,159,190,1345,1172,6.0,0.383,0.617,0.298,0.796,0.316,1
34.325,21.175,11.725,6.35,3.1,3.65,23.425,13.65,4.55,8.7,-0.4,-0.4,0.9,1.7,0.825,-1.5,32,22,14,24,17,20,22,24,33,27,23,28,26,27,25,27,2465,1388,582,423,172,242,1491,884,6.0,0.383,0.617,0.298,0.797,0.316,1
38.875,29.875,11.325,5.95,4.0,5.35,24.25,12.15,-1.65,-2.75,1.125,-0.225,0.975,0.55,2.55,2.65,26,25,21,22,16,24,25,25,30,27,27,23,26,28,27,28,2596,2057,704,392,228,342,1584,761,6.0,0.383,0.617,0.298,0.797,0.316,1
37.225,27.125,12.45,5.725,4.975,5.9,26.8,14.8,-1.9,-4.225,-0.25,1.0,-0.35,-0.125,7.3,0.15,23,23,18,20,20,22,24,26,29,27,26,21,25,27,27,27,2390,1767,791,328,301,370,1734,930,6.0,0.383,0.617,0.299,0.797,0.316,1
35.325,22.9,12.2,6.725,4.625,5.775,34.1,14.95,0.1,-0.65,0.65,0.55,-0.725,0.575,-2.3,0.625,22,23,17,22,25,24,25,22,29,29,23,27,23,28,27,24,2244,1485,766,411,289,370,2253,894,6.0,0.383,0.617,0.298,0.797,0.316,1
35.425,22.25,12.85,7.275,3.9,6.35,31.8,15.575,0.575,-3.3,-0.25,-0.375,0.525,0.75,-2.925,-0.65,26,24,20,22,25,26,21,23,31,27,27,27,29,25,25,27,2379,1451,822,450,279,412,2101,1029,6.0,0.383,0.617,0.299,0.797,0.316,1
36.0,18.95,12.6,6.9,4.425,7.1,28.875,14.925,-6.1,0.575,0.025,-0.875,-0.1,-0.8,-1.925,-2.275,24,24,20,26,22,19,18,24,29,27,24,30,29,22,24,32,2271,1211,774,430,292,429,1873,1096,6.0,0.383,0.617,0.299,0.797,0.316,1
29.9,19.525,12.625,6.025,4.325,6.3,26.95,12.65,-15.825,-7.5,2.625,-2.45,-1.775,-3.125,-13.4,-3.925,18,23,19,29,17,17,18,21,24,25,24,31,20,20,24,27,1634,1245,789,408,251,357,1673,825,6.0,0.383,0.617,0.288,0.785,0.281,1
14.075,12.025,15.25,3.575,2.55,3.175,13.55,8.725,-12.525,-7.75,-0.1,-1.7,-0.7,-2.075,-11.825,-4.325,14,16,22,19,12,14,16,19,24,20,25,26,15,19,25,22,690,673,938,227,127,165,832,518,6.0,0.383,0.617,0.236,0.722,0.109,1
1.55,4.275,15.15,1.875,1.85,1.1,1.725,4.4,-0.1,0.9,1.5,0.025,0.25,0.25,0.025,-0.775,9,16,23,10,10,5,10,19,19,21,24,19,19,20,20,24,73,248,869,86,69,48,98,277,6.0,0.383,0.617,0.198,0.678,-0.026,1
1.45,5.175,16.65,1.9,2.1,1.35,1.75,3.625,0.275,1.85,5.15,0.2,-0.15,0.175,0.35,1.2,12,20,21,10,13,5,11,21,15,25,25,16,18,18,16,26,67,314,1022,103,93,57,95,251,6.0,0.383,0.617,0.215,0.694,-0.019,1
1.725,7.025,21.8,2.1,1.95,1.525,2.1,4.825,0.425,1.7,-2.0,0.775,0.325,-0.025,0.125,0.4,17,21,26,12,14,7,18,20,19,30,27,16,18,14,22,26,96,493,1437,122,108,66,131,340,6.0,0.383,0.617,0.244,0.716,-0.001,1
2.15,8.725,19.8,2.875,2.275,1.5,2.225,5.225,0.5,4.275,-3.35,0.5,0.95,1.05,-0.175,-1.225,15,25,29,18,12,12,20,21,22,31,28,19,19,18,25,26,127,603,1299,180,121,75,141,344,6.0,0.383,0.617,0.28,0.743,0.039,1
2.65,13.0,16.45,3.375,3.225,2.55,2.05,4.0,1.075,1.875,-0.85,-0.025,-0.575,0.625,2.2,0.05,14,23,26,16,16,18,15,19,22,29,27,23,20,23,22,25,158,861,1052,214,169,139,122,248,6.0,0.383,0.617,0.308,0.771,0.093,1
3.725,14.875,15.6,3.35,2.65,3.175,4.25,4.05,2.2,1.225,-5.5,-0.325,-0.875,-0.175,4.2,0.55,15,19,24,16,12,21,13,15,23,26,29,20,20,27,25,22,221,936,1012,188,140,185,272,258,6.0,0.383,0.617,0.32,0.792,0.148,1
5.925,16.1,10.1,3.025,1.775,3.0,8.45,4.6,4.375,2.35,-2.025,0.45,0.55,0.7,1.4,3.9,16,22,18,21,11,17,21,15,30,23,24,22,17,30,31,24,362,1029,596,185,90,172,593,273,6.0,0.383,0.617,0.322,0.803,0.197,1
10.3,18.45,8.075,3.475,2.325,3.7,9.85,8.5,19.45,2.45,1.475,0.475,0.35,0.5,3.75,6.95,17,25,19,20,12,12,23,15,25,25,25,24,19,26,28,21,587,1233,501,229,122,201,667,452,6.0,0.383,0.617,0.317,0.806,0.243,1
29.75,20.9,9.55,3.95,2.675,4.2,13.6,15.45,5.075,2.375,-2.45,0.3,0.475,0.65,6.625,6.225,21,22,21,19,13,20,20,16,25,26,28,26,25,23,23,20,2068,1301,565,265,142,259,828,865,6.0,0.383,0.617,0.31,0.804,0.28,1
34.825,23.275,7.1,4.25,3.15,4.85,20.225,21.675,-2.025,0.625,0.8,1.175,0.4,0.725,0.975,2.175,22,21,20,20,18,19,20,21,26,29,23,22,24,22,24,23,2400,1419,425,259,185,283,1247,1269,6.0,0.383,0.617,0.306,0.803,0.297,1
32.8,23.9,7.9,5.425,3.55,5.575,21.2,23.85,6.95,0.025,0.875,0.85,0.3,0.0,-2.55,1.375,23,23,19,22,18,17,21,21,28,26,24,22,24,23,29,20,2130,1573,504,346,233,317,1443,1252,6.0,0.383,0.617,0.305,0.801,0.304,1
39.75,23.925,8.775,6.275,3.85,5.575,18.65,25.225,-4.0,-1.7,0.6,0.225,0.575,0.375,0.275,-1.875,23,22,21,23,18,21,23,17,26,27,26,25,23,26,26,22,2408,1492,592,427,252,328,1258,1310,6.0,0.383,0.617,0.305,0.799,0.308,1
35.75,22.225,9.375,6.5,4.425,5.95,18.925,23.35,-3.875,2.825,0.0,-0.725,-0.05,-0.125,2.125,-3.375,20,21,22,22,20,23,22,19,25,28,26,26,23,24,25,26,2189,1353,598,413,274,368,1165,1401,6.0,0.383,0.617,0.304,0.796,0.31,1
31.875,25.05,9.375,5.775,4.375,5.825,21.05,19.975,0.8,-1.275,-1.3,-0.7,0.15,-0.025,1.15,-2.45,23,23,20,19,18,22,23,20,26,27,22,30,26,20,27,29,2070,1666,570,358,257,371,1330,1277,6.0,0.383,0.617,0.302,0.794,0.312,1
32.675,23.775,8.075,5.075,4.525,5.8,22.2,17.525,3.35,-1.25,-0.275,-0.175,0.0,-0.1,3.375,-2.225,26,21,18,20,20,26,26,18,27,29,21,29,28,23,28,26,2165,1564,437,322,265,391,1585,1183,6.0,0.383,0.617,0.302,0.793,0.314,1
36.025,22.525,7.8,4.9,4.525,5.7,25.575,15.3,-4.05,-0.375,-0.025,0.125,-0.65,-0.5,1.675,3.225,24,17,23,19,20,26,29,20,31,24,27,28,26,26,32,22,2473,1327,451,314,288,391,1893,917,6.0,0.383,0.617,0.301,0.793,0.315,1
31.975,22.15,7.775,5.025,3.875,5.2,27.25,18.525,-1.925,2.175,1.675,1.175,0.1,-0.8,-0.2,0.275,22,19,26,20,19,25,28,20,29,25,29,25,21,27,29,26,2135,1316,526,324,233,351,1914,1066,6.0,0.383,0.617,0.3,0.794,0.315,1
30.05,24.325,9.45,6.2,3.975,4.4,27.05,18.8,4.975,3.825,1.45,1.35,-0.125,0.575,-1.8,-1.85,23,21,22,24,19,20,26,23,26,26,27,25,22,24,27,28,1802,1487,595,417,204,252,1712,1291,6.0,0.383,0.617,0.301,0.795,0.314,1
35.025,28.15,10.9,7.55,3.85,4.975,25.25,16.95,-3.5,-4.475,-0.65,-0.725,-0.425,0.825,-4.825,1.1,23,23,19,20,15,17,23,24,28,29,25,25,21,24,28,25,2277,1840,623,481,208,284,1699,1039,6.0,0.383,0.617,0.301,0.796,0.314,1
31.525,23.675,10.25,6.825,3.425,5.8,20.425,18.05,0.075,-0.775,0.8,-1.425,-0.1,-1.375,0.475,-0.15,22,24,20,22,12,20,20,19,28,31,26,26,22,27,28,23,1873,1569,609,404,190,351,1378,998,6.0,0.383,0.617,0.302,0.795,0.313,1
31.6,22.9,11.05,5.4,3.325,4.425,20.9,17.9,6.0,-0.65,-0.15,0.225,0.35,0.625,-0.15,-0.55,25,20,24,24,15,21,25,17,26,26,28,27,26,27,29,21,1892,1194,749,343,193,271,1334,1059,6.0,0.383,0.617,0.302,0.794,0.312,1
37.6,22.25,10.9,5.625,3.675,5.05,20.75,17.35,-4.9,-5.675,-2.025,0.2,0.225,0.325,0.1,-2.35,25,24,26,20,16,23,25,24,24,26,28,29,27,26,25,23,2295,1348,779,374,209,302,1342,1045,6.0,0.383,0.617,0.302,0.793,0.311,1
32.7,16.575,8.875,5.825,3.9,5.375,20.85,15.0,-3.2,0.45,1.275,-0.65,0.025,-1.0,-0.2,-2.3,21,23,21,21,15,19,22,26,25,24,27,30,25,23,26,25,1934,1011,546,391,210,308,1301,953,6.0,0.383,0.617,0.302,0.793,0.311,1
29.5,17.025,10.15,5.175,3.925,4.375,20.65,12.7,5.425,3.375,-0.55,0.1,0.0,0.375,-0.125,3.3,18,26,22,22,17,14,22,24,21,27,24,26,22,26,28,26,1675,1115,589,341,210,255,1283,876,6.0,0.383,0.617,0.302,0.793,0.311,1
34.925,20.4,9.6,5.275,3.925,4.75,20.525,16.0,1.2,-0.525,-0.425,0.925,0.4,0.725,2.575,0.95,21,30,29,26,17,16,23,21,19,32,27,27,24,29,30,28,2155,1441,659,367,228,282,1385,1070,6.0,0.383,0.617,0.302,0.794,0.31,1
36.125,19.875,9.175,6.2,4.325,5.475,23.1,16.95,-1.025,0.0,2.75,-0.45,0.75,0.075,0.05,-0.675,23,25,27,28,14,23,23,18,23,26,30,28,23,28,29,22,2211,1321,639,443,256,343,1574,978,6.0,0.383,0.617,0.302,0.794,0.31,1
35.1,19.875,11.925,5.75,5.075,5.55,23.15,16.275,-4.8,0.3,-0.725,-0.85,-0.725,-0.775,3.65,2.9,23,18,21,19,19,22,22,17,28,22,25,22,25,27,28,23,2176,1198,769,355,322,373,1621,962,6.0,0.383,0.617,0.303,0.794,0.31,1
30.3,20.175,11.2,4.9,4.35,4.775,26.8,19.175,-0.75,1.075,1.125,0.45,-0.6,-0.775,-0.025,-3.1,23,22,20,23,21,17,21,22,32,27,24,29,24,22,31,30,1990,1368,674,332,275,282,1797,1274,6.0,0.383,0.617,0.303,0.795,0.31,1
29.55,21.25,12.325,5.35,3.75,4.0,26.775,16.075,8.875,0.625,1.3,0.275,-0.075,0.1,-2.1,-0.75,21,23,24,29,20,15,21,23,26,26,27,31,22,24,30,26,1806,1469,790,390,209,218,1714,1033,6.0,0.383,0.617,0.302,0.795,0.311,1
1.25,2.55,9.825,1.8,1.05,1.0,1.025,1.05,-0.05,-0.05,2.5,-0.175,0.15,0.025,-0.025,0.05,11,13,22,11,7,9,6,6,20,18,24,22,20,12,18,19,72,132,551,88,59,46,47,49,7.0,0.383,1.0,0.19,0.661,-0.005,1
1.2,2.5,12.325,1.625,1.2,1.025,1.0,1.1,-0.075,-0.35,-0.475,0.0,0.225,0.1,0.0,-0.125,12,15,20,12,6,7,4,6,20,17,26,23,22,13,14,19,73,129,787,87,63,44,39,48,7.0,0.383,1.0,0.19,0.661,-0.005,1
1.125,2.15,11.85,1.625,1.425,1.125,1.0,0.975,0.275,1.6,2.7,1.4,1.05,0.425,0.25,0.15,9,13,16,13,9,5,5,7,18,19,21,25,18,12,14,17,58,121,714,100,70,44,38,48,7.0,0.383,1.0,0.19,0.661,-0.005,1
1.4,3.75,14.55,3.025,2.475,1.55,1.25,1.125,0.525,3.375,5.025,-0.25,-0.2,0.375,0.05,0.35,9,16,16,11,15,10,6,7,17,25,18,24,19,16,18,19,67,235,728,169,153,80,58,59,7.0,0.383,1.0,0.203,0.68,0.001,1
1.925,7.125,19.575,2.775,2.275,1.925,1.3,1.475,1.75,3.75,-0.925,-0.825,-0.675,0.1,-0.1,-0.1,12,22,19,13,14,11,6,6,21,27,23,21,25,16,12,21,105,445,1058,151,143,101,59,84,7.0,0.383,1.0,0.247,0.752,0.035,1
3.675,10.875,18.65,1.95,1.6,2.025,1.2,1.375,2.35,1.875,-1.35,0.4,0.575,1.225,0.075,-0.2,15,21,23,14,11,10,12,8,27,25,25,23,21,18,14,19,220,642,1151,121,78,114,64,84,7.0,0.383,1.0,0.296,0.855,0.097,1
6.025,12.75,17.3,2.35,2.175,3.25,1.275,1.175,-0.95,-1.6,-0.825,-0.15,-0.125,0.0,0.1,0.225,22,22,21,14,13,13,15,12,29,23,25,23,20,18,22,20,401,753,1015,149,108,197,74,69,7.0,0.383,1.0,0.316,0.929,0.153,1
5.075,11.15,16.475,2.2,2.05,3.25,1.375,1.4,0.075,0.025,-1.05,0.825,-0.025,0.0,-0.05,0.45,20,22,16,13,15,18,11,10,25,23,25,26,23,26,21,19,335,698,887,138,114,210,73,67,7.0,0.383,1.0,0.318,0.968,0.194,1
5.15,11.175,15.425,3.025,2.025,3.25,1.325,1.85,2.75,2.675,-3.675,1.6,0.15,0.975,3.25,2.4,13,24,17,15,17,17,8,11,19,26,22,23,27,28,19,18,248,700,876,190,115,225,77,76,7.0,0.383,1.0,0.314,0.992,0.227,1
7.9,13.85,11.75,4.625,2.175,4.225,4.575,4.25,4.875,-2.7,-5.175,0.05,0.15,0.7,5.825,4.525,15,23,24,22,15,19,15,16,22,27,25,23,25,28,20,23,419,829,750,307,124,266,277,252,7.0,0.383,1.0,0.309,1.005,0.254,1
12.775,11.15,6.575,4.675,2.325,4.925,10.4,8.775,10.55,-0.75,1.2,0.775,0.775,0.7,4.2,5.175,24,18,25,17,15,23,23,14,30,23,27,24,22,28,25,27,891,622,429,280,127,315,633,547,7.0,0.383,1.0,0.304,1.01,0.274,1
23.325,10.4,7.775,5.45,3.1,5.625,14.6,13.95,7.975,9.1,2.225,1.75,0.725,0.2,3.275,7.525,25,20,22,13,19,23,23,18,30,25,26,24,19,26,29,22,1528,582,504,318,152,329,880,829,7.0,0.383,1.0,0.3,1.011,0.288,1
31.3,19.5,10.0,7.2,3.825,5.825,17.875,21.475,7.05,2.775,1.625,-0.05,0.3,0.475,4.075,1.6,22,21,17,20,18,19,23,24,29,26,26,25,20,22,28,25,1906,1042,653,430,199,318,1071,1466,7.0,0.383,1.0,0.298,1.011,0.296,1
38.35,22.275,11.625,7.15,4.125,6.3,21.95,23.075,1.2,-3.3,0.65,-0.375,0.225,-0.4,2.75,-5.325,23,20,17,25,16,18,23,27,27,24,25,26,22,23,28,30,2277,1243,757,458,232,352,1382,1728,7.0,0.383,1.0,0.297,1.012,0.298,1
39.55,18.975,12.275,6.775,4.35,5.9,24.7,17.75,-5.525,0.275,-0.7,-1.1,-0.15,-0.9,0.875,-0.225,20,20,25,24,16,18,23,24,19,21,29,23,25,27,26,29,2267,1012,811,425,262,348,1582,1212,7.0,0.383,1.0,0.296,1.011,0.299,1
34.025,19.25,11.575,5.675,4.2,5.0,25.575,17.525,8.175,3.275,6.225,0.275,0.05,0.375,3.55,7.15,20,18,27,23,15,20,24,16,23,20,30,24,22,26,25,24,1882,957,812,350,249,316,1634,1004,7.0,0.383,1.0,0.296,1.011,0.299,1
42.2,22.525,17.8,5.95,4.25,5.375,29.125,24.675,3.85,-0.375,1.35,1.375,1.2,1.85,-2.325,5.2,22,19,25,23,19,20,24,22,29,27,25,26,25,23,28,28,2775,1332,1215,390,277,347,1961,1533,7.0,0.383,1.0,0.296,1.011,0.3,1
46.05,22.15,19.15,7.325,5.45,7.225,26.8,29.875,-9.575,-2.475,-1.975,-0.35,-0.125,-0.3,-2.1,-5.775,23,21,25,16,20,23,19,25,30,28,24,27,26,27,23,27,3034,1421,1219,470,362,475,1740,1945,7.0,0.383,1.0,0.295,1.011,0.3,1
36.475,19.675,17.175,6.975,5.325,6.925,24.7,24.1,4.05,1.325,-1.125,0.05,-0.05,-0.65,0.825,0.2,19,19,23,13,14,23,17,18,24,25,24,24,21,28,22,26,2089,1110,1008,412,312,425,1576,1410,7.0,0.383,1.0,0.295,1.012,0.3,1
40.525,21.0,16.05,7.025,5.275,6.275,25.525,24.3,1.425,0.0,-2.525,1.275,0.475,0.875,3.5,-1.45,22,17,20,15,13,18,21,18,25,25,23,22,22,27,26,30,2623,1197,1023,422,234,360,1603,1389,7.0,0.383,1.0,0.294,1.012,0.299,1
41.95,21.0,13.525,8.3,5.75,7.15,29.025,22.85,-7.25,-0.025,0.075,-0.275,-0.9,-1.5,-2.85,-7.025,25,17,20,15,18,20,24,21,26,27,21,21,26,27,27,29,2917,1237,746,460,328,463,1753,1369,7.0,0.383,1.0,0.295,1.012,0.298,1
34.7,20.975,13.6,8.025,4.85,5.65,26.175,15.825,1.825,-0.975,0.225,-1.15,-0.7,-1.75,-4.95,1.975,17,19,23,22,19,21,20,21,23,25,22,23,25,26,25,26,2033,1152,725,445,290,349,1604,889,7.0,0.383,1.0,0.295,1.012,0.298,1
36.525,20.0,13.825,6.875,4.15,3.9,21.225,17.8,1.725,-0.775,4.8,0.325,-0.4,0.35,4.675,-1.1,20,22,21,26,19,21,22,20,28,25,21,28,25,27,27,25,2308,1158,775,439,242,217,1359,1025,7.0,0.383,1.0,0.295,1.012,0.298,1
38.25,19.225,18.625,7.2,3.75,4.25,25.9,16.7,0.4,2.0,1.275,1.125,0.475,0.975,0.625,2.95,25,23,23,20,18,21,24,18,29,26,25,25,22,24,26,27,2451,1199,1200,447,220,241,1477,989,7.0,0.383,1.0,0.295,1.012,0.297,1
38.65,21.225,19.9,8.325,4.225,5.225,26.525,19.65,-12.65,-6.025,-3.05,-1.6,-0.625,-1.225,-7.3,-2.075,21,22,22,19,20,19,22,18,24,26,27,22,21,23,25,25,2133,1291,1255,468,248,310,1467,1005,7.0,0.383,1.0,0.294,1.012,0.297,1
26.0,15.2,16.85,6.725,3.6,4.0,19.225,17.575,-18.825,-8.25,-1.525,-3.1,-0.75,-1.6,-12.125,-11.25,17,19,16,14,15,14,20,19,22,23,23,20,19,21,29,22,1401,1010,1011,351,216,252,1196,908,7.0,0.383,1.0,0.262,0.894,0.185,1
7.175,6.95,15.325,3.625,2.85,2.4,7.1,6.325,-5.2,-0.25,0.325,-0.675,-0.15,0.0,-4.625,-2.8,12,20,15,10,8,13,14,16,15,22,21,22,14,19,22,24,323,459,899,162,141,139,451,352,7.0,0.383,1.0,0.224,0.734,0.026,1
1.975,6.7,15.65,2.95,2.7,2.4,2.475,3.525,0.125,1.95,3.2,-0.2,-0.35,0.375,0.2,0.725,11,21,18,17,14,17,13,19,17,24,25,25,20,24,22,29,93,379,1029,175,153,140,139,203,7.0,0.383,1.0,0.231,0.707,-0.018,1
2.1,8.65,18.85,2.75,2.35,2.775,2.675,4.25,-0.025,-0.25,1.45,-0.05,-0.2,-0.025,0.05,0.625,15,16,17,13,11,16,12,18,21,24,24,21,16,25,24,28,105,452,1163,150,110,154,140,247,7.0,0.383,1.0,0.266,0.756,-0.004,1
2.075,8.4,20.3,2.7,2.15,2.75,2.725,4.875,1.1,-1.575,-4.75,0.0,-0.5,-0.125,0.025,-1.025,17,21,20,14,11,22,19,16,19,24,24,22,17,24,21,26,121,494,1286,154,103,154,147,313,7.0,0.383,1.0,0.309,0.847,0.037,1
3.175,6.825,15.55,2.7,1.65,2.625,2.75,3.85,3.475,0.875,-5.825,-0.025,0.3,1.125,1.65,0.15,16,26,27,22,13,19,24,16,21,27,29,27,21,20,26,24,193,486,1042,170,85,141,180,251,7.0,0.383,1.0,0.333,0.937,0.097,1
6.65,7.7,9.725,2.675,1.95,3.75,4.4,4.0,9.375,1.5,-0.025,1.325,0.7,1.125,4.975,4.725,17,22,25,21,10,20,22,14,26,22,31,26,18,24,26,23,451,473,670,168,106,226,290,242,7.0,0.383,1.0,0.333,0.985,0.151,1
16.025,9.2,9.7,4.0,2.65,4.875,9.375,8.725,19.425,2.925,2.35,1.35,0.45,1.125,0.95,10.875,21,19,25,19,11,24,21,14,25,20,28,23,21,28,26,20,902,497,663,223,152,331,601,534,7.0,0.383,1.0,0.321,1.01,0.198,1
35.45,12.125,12.05,5.35,3.1,6.0,10.325,19.6,13.275,3.25,-0.7,1.35,0.1,1.4,1.1,2.975,24,20,26,20,13,21,21,19,24,26,27,22,25,27,25,21,2236,770,753,300,160,399,655,1332,7.0,0.383,1.0,0.306,1.021,0.238,1
48.725,15.375,11.35,6.7,3.2,7.4,11.425,22.575,-4.925,3.175,-1.2,0.55,0.2,-1.45,1.1,-1.3,21,16,22,18,14,22,17,23,27,25,25,22,23,28,21,24,3088,872,678,337,151,482,668,1575,7.0,0.383,1.0,0.293,1.023,0.266,1
43.8,18.55,10.15,7.25,3.4,5.95,12.525,21.275,2.9,-0.75,-0.725,-0.475,0.125,-1.0,0.75,2.625,21,17,19,20,15,21,17,24,26,24,29,25,20,25,20,26,2628,1044,642,383,180,370,740,1432,7.0,0.383,1.0,0.286,1.023,0.28,1
46.7,17.8,9.425,6.775,3.525,4.95,13.275,23.9,7.525,-1.85,1.2,0.025,0.275,1.35,6.825,0.15,27,25,21,22,14,21,20,26,25,30,26,25,22,23,23,32,2926,1196,610,391,196,289,778,1589,7.0,0.383,1.0,0.283,1.022,0.287,1
54.225,15.95,10.625,6.8,3.8,6.3,20.1,24.05,-4.35,3.525,0.95,0.125,0.35,-0.275,2.55,-0.2,24,25,24,23,18,24,20,27,23,24,24,24,24,25,24,29,3284,1085,662,405,240,406,1113,1548,7.0,0.383,1.0,0.282,1.022,0.29,1
49.875,19.475,11.575,6.925,4.15,6.025,22.65,23.85,-4.425,2.025,-1.475,-0.5,-0.925,-0.1,-2.175,-3.9,22,21,18,20,24,19,21,24,24,20,22,26,25,26,28,25,3071,1195,690,423,286,363,1386,1402,7.0,0.383,1.0,0.281,1.023,0.291,1
45.45,21.5,10.1,6.425,3.225,5.925,20.475,19.95,2.875,-1.025,0.625,-1.025,0.0,0.55,2.825,-2.6,22,26,18,19,20,19,21,20,27,24,22,28,24,25,29,24,2807,1310,610,405,207,310,1395,1103,7.0,0.383,1.0,0.28,1.024,0.29,1
48.325,20.475,10.725,5.4,3.225,6.475,23.3,17.35,0.65,-3.8,1.325,-0.5,0.375,1.625,3.825,1.025,19,29,18,22,15,22,25,21,25,30,23,25,23,25,26,25,2561,1308,710,361,197,382,1576,960,7.0,0.383,1.0,0.279,1.025,0.29,1
48.975,16.675,12.05,4.9,3.6,8.1,27.125,18.375,-5.85,-0.825,2.55,0.475,0.25,0.85,-5.05,3.975,19,25,18,17,14,19,26,22,24,28,23,22,26,20,27,27,2508,1059,770,271,221,420,1869,1078,7.0,0.383,1.0,0.278,1.026,0.29,1
43.125,15.85,14.6,5.375,3.85,8.95,22.075,22.35,-4.725,8.3,-0.8,0.375,0.325,-1.325,-0.625,0.675,21,22,26,20,15,18,21,19,27,26,28,24,25,21,25,23,2624,976,980,308,223,460,1464,1367,7.0,0.383,1.0,0.276,1.025,0.29,1
38.4,24.15,13.8,5.75,4.175,7.625,21.45,23.025,2.675,-1.45,-1.85,0.8,-0.725,-1.025,0.05,-3.35,23,22,29,25,23,26,18,22,24,28,28,24,25,31,22,25,2391,1517,997,345,246,523,1265,1469,7.0,0.383,1.0,0.275,1.025,0.29,1
41.075,22.7,11.95,6.55,3.45,6.6,21.5,19.675,0.55,-1.175,2.3,2.675,0.1,0.0,0.95,1.875,21,20,26,23,22,28,20,24,26,28,25,24,27,31,23,28,2769,1471,786,398,227,479,1230,1282,7.0,0.383,1.0,0.275,1.024,0.289,1
41.625,21.525,14.25,9.225,3.55,6.6,22.45,21.55,-3.35,-0.55,-0.975,-0.575,-0.55,-0.65,5.6,-1.425,19,21,26,26,15,22,23,25,25,26,28,28,24,23,28,24,2705,1434,980,648,197,398,1517,1375,7.0,0.383,1.0,0.275,1.024,0.288,1
38.275,20.975,13.275,8.65,3.0,5.95,28.05,20.125,-4.65,3.3,-1.75,-2.6,-0.05,-0.175,-3.475,-3.3,20,23,21,29,16,18,26,21,21,26,29,28,24,21,29,22,2153,1401,866,603,168,363,1990,1176,7.0,0.383,1.0,0.275,1.024,0.287,1
33.625,24.275,11.525,6.05,2.95,5.775,24.575,16.825,-1.475,4.55,-1.775,-0.575,0.7,0.625,-3.125,2.5,20,22,20,24,15,18,25,21,23,24,29,26,23,23,27,23,1758,1477,748,381,156,389,1680,1002,7.0,0.383,1.0,0.275,1.023,0.287,1
32.15,28.825,9.75,5.475,3.65,6.4,21.45,19.325,3.25,-4.05,0.45,0.2,-0.125,-0.275,1.625,0.275,19,21,20,20,17,16,24,25,25,22,25,24,21,23,26,26,1819,1724,575,335,192,424,1390,1238,7.0,0.383,1.0,0.276,1.023,0.286,1
35.4,24.775,10.2,5.675,3.525,6.125,23.075,19.6,-1.05,-4.75,1.5,0.575,-0.375,0.0,-2.35,-5.325,20,19,23,24,18,16,26,26,23,22,24,24,20,20,28,26,2178,1507,611,364,198,380,1545,1262,7.0,0.383,1.0,0.276,1.022,0.286,1
34.35,20.025,11.7,6.25,3.15,6.125,20.725,14.275,2.6,1.675,-1.2,0.475,0.375,0.425,0.0,0.0,19,19,24,25,15,19,27,21,24,27,26,27,22,21,28,25,2089,1236,726,414,180,362,1396,878,7.0,0.383,1.0,0.277,1.022,0.285,1
36.95,21.7,10.5,6.725,3.525,6.55,20.725,14.275,-0.25,4.075,-0.6,-0.1,-0.05,-1.3,1.325,5.325,21,21,24,24,19,23,29,25,24,25,26,29,23,25,29,28,2180,1404,637,426,220,429,1385,952,7.0,0.383,1.0,0.277,1.023,0.285,1
36.7,25.775,9.9,6.625,3.475,5.25,22.05,19.6,-5.45,-0.125,0.0,-0.4,-0.175,-1.05,-1.675,-1.825,22,24,23,20,18,22,25,25,24,26,24,29,25,23,28,26,2212,1670,619,402,219,351,1515,1224,7.0,0.383,1.0,0.277,1.024,0.285,1
31.25,25.65,9.9,6.225,3.3,4.2,20.375,17.775,-6.375,-1.775,0.6,-0.65,-0.4,-0.35,-1.125,-4.125,24,27,17,18,17,17,22,22,25,28,22,23,28,23,27,27,2006,1624,566,340,208,252,1361,1115,7.0,0.383,1.0,0.278,1.023,0.285,1
24.875,23.875,10.5,5.575,2.9,3.85,19.25,13.65,-12.875,-13.625,-2.175,-2.175,-1.4,-1.85,-9.95,-5.825,25,22,17,18,15,20,20,26,28,27,21,22,28,29,25,26,1730,1388,634,325,184,239,1245,955,7.0,0.383,1.0,0.268,0.967,0.238,1
12.0,10.25,8.325,3.4,1.5,2.0,9.3,7.825,-9.9,-7.575,0.825,-1.325,-0.025,-0.95,-7.8,-4.7,21,16,24,19,5,14,7,24,26,22,26,26,25,23,20,29,809,493,552,206,86,115,487,549,7.0,0.383,1.0,0.232,0.787,0.088,1
2.1,2.675,9.15,2.075,1.475,1.05,1.5,3.125,-0.375,0.775,4.55,0.85,1.15,0.7,0.175,-0.575,15,16,21,15,6,8,9,19,21,22,27,26,23,20,21,26,130,180,560,113,59,50,75,202,7.0,0.383,1.0,0.207,0.664,-0.017,1
1.725,3.45,13.7,2.925,2.625,1.75,1.675,2.55,0.15,0.275,-1.125,-0.125,-0.2,0.575,-0.15,-0.7,14,15,20,12,13,9,13,15,17,23,25,20,19,24,25,23,90,226,828,163,116,78,88,147,7.0,0.383,1.0,0.216,0.678,-0.016,1
1.875,3.725,12.575,2.8,2.425,2.325,1.525,1.85,-0.125,0.1,1.4,-0.775,-1.025,-0.375,0.125,0.575,14,16,25,16,13,14,10,12,19,22,25,21,20,25,26,24,103,227,816,168,121,122,80,116,7.0,0.383,1.0,0.24,0.706,-0.012,1
1.75,3.825,13.975,2.025,1.4,1.95,1.65,2.425,0.05,1.25,2.3,0.1,0.075,0.9,0.4,0.075,15,17,25,13,9,14,9,16,25,24,26,22,16,24,22,27,110,225,860,120,67,98,82,152,7.0,0.383,1.0,0.275,0.752,0.002,1
1.8,5.075,16.275,2.125,1.475,2.85,2.05,2.5,1.375,2.325,-2.075,-0.25,-0.025,-0.1,0.075,0.2,17,18,23,16,10,14,10,15,22,24,28,23,16,24,23,25,108,319,1036,117,73,152,108,155,7.0,0.383,1.0,0.31,0.814,0.029,1
3.175,7.4,14.2,1.875,1.45,2.75,2.125,2.7,0.65,2.325,-3.825,0.1,0.0,-1.1,-0.625,-0.075,23,22,25,17,10,14,14,14,25,26,28,25,21,25,27,20,225,451,984,114,82,165,117,150,7.0,0.383,1.0,0.334,0.885,0.066,1
3.825,9.725,10.375,1.975,1.45,1.65,1.5,2.625,-0.1,-0.775,-2.25,0.5,0.675,0.375,0.35,-1.05,19,22,29,15,11,7,12,19,25,25,26,22,24,20,20,20,232,617,759,113,85,107,82,147,7.0,0.383,1.0,0.342,0.939,0.104,1
3.725,8.95,8.125,2.475,2.125,2.025,1.85,1.575,3.4,-1.75,4.125,0.675,0.2,0.25,2.825,2.95,15,23,23,15,14,8,9,13,21,26,21,20,19,19,19,20,210,617,580,134,105,108,108,96,7.0,0.383,1.0,0.337,0.972,0.141,1
7.125,7.2,12.25,3.15,2.325,2.275,4.675,4.525,16.525,3.675,0.725,0.325,-0.35,0.625,2.475,7.825,18,23,19,13,14,11,16,11,25,25,22,21,18,24,23,22,425,453,715,163,125,123,279,267,7.0,0.383,1.0,0.327,0.996,0.179,1
23.65,10.875,12.975,3.475,1.975,2.9,7.15,12.35,9.825,2.875,-0.675,0.55,-0.075,0.4,1.9,5.725,17,23,18,12,12,14,20,18,27,24,24,25,24,25,26,22,1350,687,770,213,116,171,464,736,7.0,0.383,1.0,0.314,1.009,0.212,1
33.475,13.75,12.3,4.025,1.9,3.3,9.05,18.075,-5.95,-3.025,-1.05,1.15,0.425,0.475,3.3,0.35,20,20,24,11,11,16,21,24,25,28,25,25,23,23,26,23,1976,884,805,228,105,174,589,1162,7.0,0.383,1.0,0.302,1.015,0.234,1
27.525,10.725,11.25,5.175,2.325,3.775,12.35,18.425,-3.8,2.8,-0.075,1.725,1.05,1.075,0.6,1.4,23,19,20,15,15,16,19,26,24,28,25,22,22,21,27,27,1734,692,685,267,128,200,752,1221,7.0,0.383,1.0,0.294,1.019,0.248,1
23.725,13.525,11.175,6.9,3.375,4.85,12.95,19.825,1.075,1.65,0.975,1.725,0.5,-0.2,6.325,4.3,24,24,14,23,15,19,19,24,27,26,25,24,25,23,24,27,1655,962,617,416,185,270,756,1273,7.0,0.383,1.0,0.289,1.023,0.258,1
24.8,15.175,12.15,8.625,3.875,4.65,19.275,24.125,3.425,-4.525,-0.525,1.05,0.375,-0.45,5.375,3.45,21,25,23,21,16,19,21,24,31,23,29,24,27,20,23,29,1564,998,789,482,224,243,1137,1451,7.0,0.383,1.0,0.287,1.025,0.262,1
28.225,10.65,11.625,9.675,4.25,4.2,24.65,27.575,7.375,4.1,1.5,0.175,0.225,0.275,-2.175,-3.05,19,19,22,18,22,22,20,25,28,19,25,19,28,25,28,28,1620,626,774,490,276,266,1543,1756,7.0,0.383,1.0,0.285,1.027,0.265,1
35.6,14.75,13.125,9.85,4.475,4.475,22.475,24.525,4.85,3.275,1.1,-2.075,-0.075,0.25,-2.975,-3.95,17,24,18,21,24,22,21,26,27,26,20,23,30,30,28,27,2075,1007,711,537,300,316,1517,1646,7.0,0.383,1.0,0.283,1.027,0.266,1
40.45,18.025,14.225,7.775,4.4,4.725,19.5,20.575,1.4,-3.25,-1.725,-1.525,0.75,0.575,-1.5,-1.75,24,31,19,22,19,20,25,25,31,30,23,27,30,30,25,32,2648,1302,753,474,286,338,1282,1314,7.0,0.383,1.0,0.281,1.027,0.267,1
41.85,14.775,12.5,6.25,5.15,5.3,18.0,18.825,7.875,-0.425,-0.35,1.625,-0.15,-0.05,2.15,-1.65,30,24,19,20,20,23,26,20,32,28,25,26,24,26,27,28,2929,929,720,364,300,345,1164,1117,7.0,0.383,1.0,0.28,1.027,0.269,1
49.725,14.35,12.15,7.875,5.0,5.25,20.15,17.175,1.95,2.65,0.975,0.7,-0.55,-0.275,-2.925,3.95,21,19,26,21,16,21,28,18,25,24,27,24,22,21,29,25,2796,800,816,468,285,310,1338,1039,7.0,0.383,1.0,0.279,1.027,0.269,1
51.675,17.0,13.125,8.575,4.45,4.975,17.225,21.125,-6.65,1.825,-0.975,-0.7,-0.15,-0.175,1.125,-1.725,20,23,24,20,16,21,24,21,22,24,26,25,23,21,24,29,3112,1071,887,524,265,293,1124,1282,7.0,0.383,1.0,0.279,1.026,0.27,1
45.025,18.825,12.15,7.875,4.3,4.8,18.35,19.4,-1.65,-0.775,0.05,-0.75,-1.1,-1.025,0.35,-4.75,27,23,20,16,22,20,22,22,26,26,26,24,24,23,24,31,3064,1195,729,500,288,296,1183,1143,7.0,0.383,1.0,0.279,1.026,0.27,1
43.375,18.05,12.2,7.125,3.2,3.775,18.7,14.65,-1.75,-0.875,-0.8,-1.45,-0.575,-0.675,-0.3,2.575,25,21,26,19,23,23,22,22,30,30,29,29,32,29,27,29,2810,1090,792,471,229,261,1181,961,7.0,0.383,1.0,0.279,1.026,0.27,1
41.625,17.175,11.4,5.675,2.625,3.1,18.4,17.225,-5.9,-1.825,-1.8,0.025,0.725,0.325,5.85,0.45,20,23,29,17,18,18,24,22,29,28,31,28,26,24,27,27,2548,1062,784,378,162,196,1208,1166,7.0,0.383,1.0,0.279,1.026,0.269,1
35.725,15.35,9.6,5.7,3.35,3.425,24.25,17.675,-2.625,1.375,2.5,0.975,0.375,-0.075,0.15,0.35,19,25,24,16,15,10,26,20,26,24,28,25,23,16,29,28,1935,970,616,332,215,198,1587,1117,7.0,0.383,1.0,0.279,1.026,0.268,1
33.1,16.725,12.1,6.675,3.725,3.35,24.4,18.025,-7.05,1.95,1.6,1.3,0.1,-0.15,-3.1,-0.725,17,25,21,20,13,13,24,19,24,28,27,26,20,28,27,28,1905,1058,815,421,226,220,1573,1052,7.0,0.383,1.0,0.278,1.026,0.268,1
26.05,18.675,13.7,7.975,3.825,3.2,21.3,17.3,-3.95,-3.2,-4.25,-0.575,0.025,0.5,-2.225,-3.075,15,22,20,20,15,16,22,18,21,29,24,24,17,29,22,24,1418,1204,897,487,196,218,1388,1040,7.0,0.383,1.0,0.278,1.026,0.268,1
22.1,15.475,9.45,7.4,3.85,3.7,19.075,14.225,6.925,-0.075,-0.05,-0.325,-0.275,0.65,-0.7,-0.5,20,22,24,23,24,22,17,20,23,28,25,28,25,26,19,25,1300,993,604,479,216,238,1024,831,7.0,0.383,1.0,0.277,1.025,0.268,1
29.025,15.4,9.4,7.075,3.575,4.35,18.375,13.725,4.75,1.325,2.75,1.575,0.65,0.625,1.825,1.85,21,23,28,28,23,21,16,25,29,26,30,32,23,25,21,28,1915,1025,655,505,211,259,913,934,7.0,0.383,1.0,0.277,1.025,0.268,1
33.775,16.725,12.15,8.65,4.225,4.975,20.2,15.575,6.625,3.275,-0.55,-1.85,-0.025,-0.775,3.5,2.85,18,22,23,26,20,19,20,24,29,29,28,30,19,21,23,23,2142,1102,801,585,254,296,1154,972,7.0,0.383,1.0,0.277,1.026,0.268,1
1.175,1.875,4.125,1.175,0.975,0.825,1.05,0.875,0.15,0.025,0.4,0.05,-0.075,0.1,-0.125,-0.025,8,15,16,11,3,1,5,7,23,25,19,20,14,15,18,20,64,100,230,64,37,35,42,50,8.0,0.383,1.383,0.193,0.664,0.012,1
1.325,1.9,4.525,1.225,0.9,0.925,0.925,0.85,0.0,0.05,0.875,0.125,0.0,0.05,0.0,0.0,10,15,19,7,0,0,2,4,22,22,24,18,17,9,11,17,75,110,286,66,32,32,37,41,8.0,0.383,1.383,0.193,0.664,0.012,1
1.325,1.95,5.4,1.35,0.9,0.975,0.925,0.85,-0.15,-0.025,-0.975,-0.025,0.225,-0.2,0.05,-0.1,8,11,21,5,1,1,3,1,19,21,27,19,24,15,11,13,66,111,358,72,45,39,40,32,8.0,0.383,1.383,0.193,0.664,0.012,1
1.175,1.925,4.425,1.325,1.125,0.775,0.975,0.75,-0.025,-0.15,-1.125,0.0,-0.075,0.05,-0.025,0.05,6,12,22,9,3,3,3,2,18,18,26,24,26,18,12,14,57,101,295,76,57,40,38,33,8.0,0.383,1.383,0.193,0.664,0.012,1
1.15,1.775,3.3,1.325,1.05,0.825,0.95,0.8,0.125,-0.125,0.225,0.0,0.025,0.125,-0.025,0.075,5,16,18,9,4,5,3,3,20,20,25,23,18,14,12,18,60,104,226,79,50,38,33,40,8.0,0.383,1.383,0.193,0.663,0.013,1
1.275,1.65,3.525,1.325,1.075,0.95,0.925,0.875,0.0,0.25,0.05,0.175,-0.025,0.05,-0.175,0.1,7,12,21,7,2,4,2,5,21,24,27,20,12,12,13,16,68,94,237,80,39,39,37,41,8.0,0.383,1.383,0.194,0.664,0.013,1
1.275,1.9,3.575,1.5,1.05,1.0,0.75,0.975,-0.225,0.225,1.6,0.05,-0.1,0.2,0.05,-0.075,13,11,23,15,2,2,0,7,23,23,25,23,14,9,12,18,66,98,228,93,38,31,35,48,8.0,0.383,1.383,0.193,0.665,0.013,1
1.05,2.125,5.175,1.55,0.95,1.2,0.8,0.9,0.025,-0.075,0.475,-0.1,0.3,-0.1,0.15,-0.1,14,18,17,17,3,11,4,5,20,27,21,28,13,15,16,17,57,128,301,90,39,47,42,43,8.0,0.383,1.383,0.193,0.666,0.013,1
1.075,2.05,5.65,1.45,1.25,1.1,0.95,0.8,0.275,-0.3,-0.975,-0.1,-0.15,-0.1,0.1,0.2,9,21,16,10,3,10,8,2,14,29,20,25,14,17,16,14,58,133,329,73,48,52,49,35,8.0,0.383,1.383,0.192,0.667,0.013,1
1.35,1.75,4.675,1.35,1.1,1.0,1.05,1.0,-0.15,0.0,0.1,0.025,-0.15,0.175,-0.05,-0.05,8,15,21,6,2,4,6,6,21,27,24,21,14,15,15,19,74,105,279,61,42,45,46,48,8.0,0.383,1.383,0.192,0.667,0.014,1
1.2,1.75,4.775,1.375,0.95,1.175,1.0,0.95,-0.1,0.85,0.325,0.35,0.675,0.2,0.2,0.15,9,9,22,10,3,6,2,7,21,25,26,26,14,15,18,18,66,87,287,75,50,48,41,48,8.0,0.383,1.383,0.192,0.668,0.014,1
1.1,2.6,5.1,1.725,1.625,1.375,1.2,1.1,0.075,1.025,0.65,0.775,1.625,0.675,0.225,0.325,8,10,15,13,8,7,3,8,19,21,21,25,19,18,21,18,61,141,264,97,88,62,58,61,8.0,0.383,1.383,0.192,0.669,0.014,1
1.175,3.625,5.75,2.5,3.25,2.05,1.425,1.425,0.825,1.675,-0.45,0.8,0.225,-0.25,0.1,-0.05,7,19,20,10,17,12,3,9,17,23,21,21,26,21,19,16,64,216,328,136,210,110,65,72,8.0,0.383,1.383,0.196,0.676,0.018,1
2.0,5.3,5.3,3.3,3.475,1.8,1.525,1.375,2.075,1.6,-0.8,0.35,-0.825,-0.425,0.05,0.05,11,25,22,13,20,10,8,6,18,27,24,26,29,20,17,17,123,327,315,205,232,91,59,57,8.0,0.383,1.383,0.204,0.695,0.025,1
4.075,6.9,4.5,3.65,2.65,1.375,1.575,1.425,3.075,2.35,1.6,-0.6,-0.05,0.3,0.025,2.8,18,25,20,18,12,7,11,8,22,30,26,27,20,18,19,19,257,476,299,226,133,54,73,62,8.0,0.383,1.383,0.22,0.735,0.039,1
7.15,9.25,6.1,3.05,2.6,1.675,1.6,4.225,3.65,2.85,1.675,-0.775,-0.4,0.125,2.025,3.7,17,24,24,20,10,11,11,14,22,30,26,25,18,16,17,20,453,632,412,189,122,66,84,245,8.0,0.383,1.383,0.242,0.797,0.063,1
10.8,12.1,7.775,2.275,2.2,1.8,3.625,7.925,2.6,-0.225,0.175,-0.025,-0.05,0.025,0.625,1.925,13,21,23,17,12,12,18,17,23,29,25,27,21,19,20,21,630,770,513,129,103,80,226,475,8.0,0.383,1.383,0.263,0.879,0.095,1
13.4,11.875,7.95,2.25,2.15,1.825,4.25,9.85,2.95,1.2,0.125,2.625,0.75,0.5,-0.5,2.975,20,25,19,15,13,11,18,20,26,30,20,28,20,22,22,23,790,732,493,124,106,99,266,540,8.0,0.383,1.383,0.276,0.969,0.131,1
16.35,13.075,8.075,4.875,2.9,2.325,3.75,12.825,-1.275,0.9,-0.225,1.475,0.25,0.275,2.8,1.775,23,23,22,17,19,14,16,21,26,24,24,23,24,21,22,25,931,770,505,264,188,129,212,818,8.0,0.383,1.383,0.28,1.046,0.165,1
15.075,13.975,7.85,6.35,3.15,2.6,6.55,14.6,2.95,-2.025,1.575,0.2,0.575,0.325,5.575,0.25,20,17,22,22,25,22,20,20,25,21,27,25,28,24,27,26,870,765,509,356,223,154,358,850,8.0,0.383,1.383,0.276,1.11,0.196,1
18.025,11.95,9.425,6.55,3.725,2.925,12.125,14.85,2.525,-0.975,4.375,3.025,1.375,1.975,4.525,1.625,24,23,19,24,25,24,24,19,27,27,28,30,27,28,28,25,1229,703,518,425,230,186,724,790,8.0,0.383,1.383,0.271,1.16,0.224,1
20.55,10.975,13.8,9.575,5.1,4.9,16.65,16.475,0.525,2.975,3.575,0.95,0.35,0.9,1.175,1.625,25,22,20,23,24,24,23,15,27,26,28,28,24,26,25,24,1337,661,865,608,312,296,1018,894,8.0,0.383,1.383,0.268,1.192,0.243,1
21.075,13.95,17.375,10.525,5.45,5.8,17.825,18.1,2.425,1.65,3.7,-0.175,-0.45,-1.0,4.0,-0.625,23,24,20,24,21,20,19,17,24,27,28,28,25,27,25,27,1341,941,1054,645,340,338,1080,1035,8.0,0.383,1.383,0.269,1.213,0.254,1
23.5,15.6,21.075,10.35,5.0,4.8,21.825,17.475,2.15,-2.3,-2.525,-1.175,-0.1,0.275,4.45,1.525,24,31,20,22,20,18,22,22,26,32,25,27,26,26,30,27,1512,1088,1153,651,289,300,1415,1038,8.0,0.383,1.383,0.27,1.225,0.26,1
25.65,13.3,18.55,9.175,4.9,5.075,26.275,19.0,0.575,0.7,-7.1,-2.55,0.3,0.975,-2.975,2.2,26,25,19,19,18,20,28,23,27,27,25,26,22,21,30,27,1498,878,1159,606,250,284,1820,1134,8.0,0.383,1.383,0.272,1.231,0.266,1
26.225,14.0,11.45,6.625,5.2,6.05,23.3,21.2,-7.775,2.1,-1.175,-0.95,-0.625,-0.875,-3.425,-1.85,24,17,16,18,18,19,23,23,25,23,25,26,24,21,24,25,1573,803,714,439,294,332,1476,1271,8.0,0.383,1.383,0.272,1.233,0.27,1
18.45,16.1,10.275,5.675,4.575,5.175,19.875,19.35,-1.825,5.925,2.025,0.75,-0.1,-0.175,4.05,0.675,21,20,17,20,17,18,24,21,29,25,25,27,24,25,27,24,1168,962,578,390,267,312,1300,1140,8.0,0.383,1.383,0.272,1.232,0.275,1
16.625,22.025,12.3,6.425,4.475,5.0,23.925,20.025,1.05,2.65,4.475,2.45,0.275,0.5,3.425,-1.425,22,26,20,21,22,21,29,18,28,29,24,26,26,29,30,27,1015,1412,761,390,303,335,1586,1259,8.0,0.383,1.383,0.272,1.232,0.279,1
17.675,24.675,16.775,8.875,4.75,5.5,27.35,18.6,3.4,-2.95,0.475,0.0,0.325,0.175,5.425,-1.65,23,23,17,23,24,20,25,19,23,26,24,28,25,27,24,28,1102,1464,965,572,315,354,1599,1199,8.0,0.383,1.383,0.272,1.232,0.282,1
21.075,21.725,17.25,8.875,5.075,5.675,32.775,16.95,5.075,-4.65,-3.6,-2.025,0.3,-0.1,-3.575,0.525,23,18,21,23,17,19,23,22,24,22,25,28,20,23,24,27,1447,1191,940,575,280,345,2003,1105,8.0,0.383,1.383,0.273,1.233,0.283,1
26.15,17.075,13.65,6.85,5.375,5.575,29.2,17.475,-3.8,-1.175,1.6,0.925,-0.825,-0.925,-10.175,-0.45,24,21,26,21,16,19,23,24,28,23,28,28,25,24,27,29,1772,1086,890,427,298,324,1825,1121,8.0,0.383,1.383,0.274,1.233,0.283,1
22.35,15.9,15.25,7.775,4.55,4.65,19.025,17.025,1.35,-0.675,0.225,1.15,-0.1,0.025,6.5,6.3,21,24,24,21,23,17,22,23,26,23,32,29,26,22,25,26,1320,1023,1062,511,276,263,1133,1036,8.0,0.383,1.383,0.275,1.233,0.283,1
23.7,15.225,15.475,8.925,4.45,4.675,25.525,23.325,2.575,-1.8,-2.875,-1.325,-0.05,0.325,1.25,2.05,20,23,19,23,26,22,27,24,26,23,28,27,25,23,28,28,1423,1012,962,574,293,310,1751,1555,8.0,0.383,1.383,0.276,1.231,0.284,1
26.275,13.425,12.6,7.6,4.4,5.0,26.775,25.375,-2.2,4.15,2.275,-0.7,-0.375,0.1,2.6,-4.625,22,21,17,24,21,24,22,23,24,25,25,28,25,27,26,24,1608,740,683,468,272,328,1557,1619,8.0,0.383,1.383,0.277,1.23,0.284,1
24.075,17.575,14.875,6.9,4.025,5.1,29.375,20.75,-1.775,0.625,2.5,0.3,0.5,0.125,2.3,-1.1,19,21,21,21,18,22,20,23,24,26,25,32,26,28,27,25,1365,967,971,432,248,335,1767,1201,8.0,0.383,1.383,0.277,1.23,0.283,1
22.3,18.2,17.375,7.2,4.525,5.225,31.675,19.65,0.325,0.725,1.475,1.15,-0.075,-0.1,-4.0,1.875,20,18,20,20,24,24,23,23,24,25,25,30,26,26,27,26,1275,1037,1113,425,304,345,2010,1224,8.0,0.383,1.383,0.278,1.232,0.283,1
22.625,18.925,18.85,8.35,4.45,5.125,27.675,21.525,0.5,1.575,-2.55,1.1,0.8,0.55,5.3,-1.975,23,19,18,27,31,24,24,18,25,23,22,29,28,25,27,25,1420,1147,1033,562,320,327,1761,1298,8.0,0.383,1.383,0.277,1.233,0.281,1
23.125,20.5,16.3,9.45,5.25,5.675,32.975,19.55,-0.875,-3.125,-0.75,1.175,0.3,0.5,-2.725,-5.1,24,21,21,23,25,18,23,18,25,22,25,28,25,20,25,24,1447,1247,929,621,328,308,1969,1065,8.0,0.383,1.383,0.277,1.233,0.28,1
22.25,17.375,15.55,10.625,5.55,6.175,30.25,14.45,2.15,1.4,0.725,-1.125,-1.05,-0.45,-4.175,-0.95,22,20,20,21,19,17,19,19,25,27,30,26,19,19,25,25,1440,920,971,681,313,327,1743,829,8.0,0.383,1.383,0.277,1.233,0.28,1
24.4,18.775,16.275,9.5,4.5,5.725,26.075,13.5,-1.325,0.175,-0.225,-2.1,-0.425,-0.925,-0.625,1.6,22,18,19,25,17,20,19,21,29,28,30,23,20,20,23,27,1603,1059,1042,564,266,335,1605,850,8.0,0.383,1.383,0.277,1.232,0.28,1
23.075,18.95,16.05,7.4,4.075,4.8,25.45,15.1,-1.45,-4.5,2.575,0.65,0.35,-0.2,0.975,0.9,24,19,22,24,17,19,25,21,31,25,29,21,21,23,26,25,1534,1153,1042,427,243,310,1692,931,8.0,0.383,1.383,0.276,1.231,0.28,1
21.625,14.45,18.625,8.05,4.425,4.6,26.425,16.0,-0.7,0.675,-2.05,-0.25,-0.325,0.2,-1.95,-2.275,23,20,24,19,17,17,24,19,28,20,27,23,17,22,24,22,1407,755,1152,462,243,280,1691,877,8.0,0.383,1.383,0.276,1.232,0.28,1
20.925,15.125,16.575,7.8,4.1,4.8,24.475,13.725,-2.225,1.975,-2.575,-2.3,-0.875,-1.2,-4.0,-2.875,23,23,22,20,14,15,20,22,28,24,23,26,21,27,22,21,1293,848,978,473,238,285,1466,769,8.0,0.383,1.383,0.276,1.232,0.279,1
18.7,17.1,14.0,5.5,3.225,3.6,20.475,10.85,-9.075,-6.625,-1.8,-2.575,-0.95,-1.775,-9.225,-5.275,23,22,20,20,12,14,19,22,30,29,22,22,22,26,22,24,1231,1082,820,322,191,228,1301,731,8.0,0.383,1.383,0.265,1.145,0.236,1
9.625,10.475,12.2,2.925,2.275,1.825,11.25,5.575,-8.2,-6.6,-0.2,-0.875,-1.125,-0.9,-10.325,-3.925,14,19,24,21,10,7,9,13,21,27,25,25,15,16,17,20,543,726,795,163,136,99,677,377,8.0,0.383,1.383,0.228,0.857,0.091,1
1.425,3.875,12.0,2.05,1.15,0.925,0.925,1.65,-0.2,-0.125,2.1,0.15,0.15,0.1,0.05,-0.075,9,20,24,21,8,2,2,12,19,23,24,22,16,14,17,20,75,233,828,127,62,39,41,100,8.0,0.383,1.383,0.202,0.657,-0.011,1
1.225,3.75,14.1,2.2,1.3,1.025,0.975,1.575,-0.025,-0.2,-0.125,0.525,1.45,0.575,0.2,-0.475,7,24,24,18,9,4,2,11,21,24,26,23,19,14,16,20,62,219,992,135,66,45,46,102,8.0,0.383,1.383,0.201,0.657,-0.01,1
1.2,3.55,13.975,2.725,2.75,1.6,1.175,1.1,0.175,1.775,-2.075,0.925,0.975,0.2,0.15,-0.125,7,20,24,14,10,7,4,5,18,21,28,24,14,12,15,19,60,220,937,141,102,63,57,58,8.0,0.383,1.383,0.201,0.661,-0.009,1
1.375,5.325,11.9,3.65,3.725,1.8,1.325,0.975,-0.05,1.275,3.725,-0.025,-0.95,-0.375,-0.175,0.425,5,19,21,17,14,13,10,8,22,23,30,22,16,20,18,23,74,326,727,197,177,92,68,54,8.0,0.383,1.383,0.209,0.675,-0.006,1
1.325,6.6,15.625,3.625,2.775,1.425,1.15,1.4,0.175,0.9,3.1,-0.825,-1.025,-0.275,-0.225,0.425,5,21,22,22,12,12,8,9,22,24,29,25,18,18,17,22,70,396,958,227,156,74,55,87,8.0,0.383,1.383,0.229,0.709,0.004,1
1.5,7.5,18.725,2.8,1.75,1.15,0.925,1.825,1.55,0.3,0.025,-0.325,-0.425,0.225,0.125,0.025,12,23,25,18,7,11,5,12,19,27,30,25,17,15,19,19,76,447,1253,177,93,57,49,110,8.0,0.383,1.383,0.257,0.765,0.023,1
3.05,7.8,18.75,2.475,1.325,1.375,1.05,1.85,2.225,0.25,4.275,-0.15,0.325,0.975,0.65,0.725,13,24,23,15,8,11,7,15,24,28,30,23,19,18,23,21,183,475,1183,147,73,75,67,110,8.0,0.383,1.383,0.286,0.842,0.048,1
5.275,8.05,23.025,2.325,1.65,2.35,1.7,2.575,0.7,1.15,0.95,0.15,0.05,0.275,0.025,-0.325,8,19,22,13,10,15,12,16,21,20,27,21,23,23,21,23,271,451,1574,137,96,146,104,166,8.0,0.383,1.383,0.308,0.944,0.076,1
5.975,9.2,23.975,2.475,1.7,2.625,1.725,2.25,0.65,-2.15,-5.55,0.15,-0.175,0.1,-0.3,-0.675,18,14,21,15,10,26,15,10,27,21,30,22,20,29,20,15,328,486,1637,153,89,181,106,130,8.0,0.383,1.383,0.316,1.035,0.102,1
6.625,7.05,18.425,2.625,1.525,2.725,1.425,1.575,1.225,0.35,-4.1,0.05,0.1,0.15,0.325,0.775,28,19,20,19,8,25,15,13,31,25,32,20,17,28,23,12,395,412,1221,163,75,183,86,79,8.0,0.383,1.383,0.313,1.103,0.128,1
7.85,7.4,14.325,2.675,1.625,2.875,1.75,2.35,1.725,3.4,-1.0,0.275,0.2,-0.225,0.875,0.9,26,21,22,22,11,15,16,22,29,28,25,21,22,25,25,21,468,466,957,163,87,195,106,143,8.0,0.383,1.383,0.304,1.161,0.16,1
9.575,10.8,13.325,2.95,1.825,2.65,2.625,3.25,3.25,0.85,-3.075,1.125,0.025,1.425,4.475,4.175,20,18,22,17,14,11,16,16,26,25,24,24,23,23,27,20,569,669,870,185,100,170,184,182,8.0,0.383,1.383,0.292,1.201,0.194,1
12.825,11.65,10.25,4.075,1.85,4.075,7.1,7.425,7.6,1.675,0.45,0.675,0.55,2.9,1.875,6.5,16,21,19,14,12,19,13,16,24,25,25,20,22,27,24,23,680,758,569,232,104,239,456,488,8.0,0.383,1.383,0.285,1.224,0.225,1
20.425,13.325,10.7,4.75,2.4,6.975,8.975,13.925,8.2,2.8,3.175,0.025,0.7,0.7,2.825,5.775,19,20,19,16,15,21,14,19,25,27,23,20,23,28,25,24,1201,734,577,244,141,459,521,788,8.0,0.383,1.383,0.282,1.235,0.248,1
28.625,16.125,13.875,4.775,3.1,7.675,11.8,19.7,5.275,1.775,-1.225,1.125,-0.175,-1.2,2.325,-2.15,26,20,23,19,18,21,17,19,29,28,26,23,26,26,22,23,1965,1001,848,272,177,507,654,1170,8.0,0.383,1.383,0.283,1.24,0.262,1
33.9,17.9,12.65,5.9,2.925,6.475,14.125,17.55,3.45,-1.175,-3.05,0.15,-0.15,-0.625,-1.6,-0.05,26,21,21,17,17,25,24,21,26,28,30,20,26,26,26,22,2256,1238,781,308,182,413,796,1175,8.0,0.383,1.383,0.286,1.243,0.269,1
37.35,16.725,9.6,6.05,2.775,5.85,12.525,17.5,5.625,-2.675,-0.75,-0.125,-0.4,0.125,1.35,3.725,26,21,19,18,16,22,26,22,27,27,25,23,23,25,29,23,2556,1065,558,338,172,410,769,1125,8.0,0.383,1.383,0.288,1.244,0.271,1
42.975,14.05,8.85,5.925,2.375,5.975,13.875,21.225,4.45,2.5,3.625,1.175,0.55,0.85,7.625,-0.775,21,25,23,21,13,21,20,24,25,28,25,26,25,24,29,27,2528,906,558,430,148,377,936,1428,8.0,0.383,1.383,0.29,1.244,0.272,1
47.425,16.55,12.475,7.1,2.925,6.825,21.5,20.45,-9.625,-1.45,1.875,0.525,0.525,-1.15,7.375,-2.35,22,22,23,18,16,21,19,21,23,29,30,23,28,24,27,26,2657,1149,840,465,197,415,1411,1298,8.0,0.383,1.383,0.289,1.243,0.271,1
37.8,15.1,14.35,7.625,3.45,5.675,28.875,18.1,-9.875,0.675,-1.0,-1.35,0.25,-0.475,-1.125,-3.3,25,18,22,19,17,21,20,18,29,24,31,26,24,26,22,24,2212,989,957,456,207,354,1729,1095,8.0,0.383,1.383,0.289,1.242,0.271,1
27.925,15.775,13.35,6.275,3.7,5.2,27.75,14.8,3.825,4.575,0.125,1.25,0.825,0.675,-2.0,1.95,21,20,24,21,14,15,19,19,26,20,27,24,25,19,22,23,1613,870,904,379,232,270,1587,912,8.0,0.383,1.383,0.288,1.242,0.27,1
31.75,20.35,13.475,7.525,4.525,5.875,25.75,16.75,7.7,1.025,0.475,1.05,-0.45,-0.725,0.75,1.55,18,25,21,20,20,19,24,22,26,24,23,22,26,22,26,24,1760,1194,888,429,308,360,1582,1149,8.0,0.383,1.383,0.287,1.242,0.269,1
39.45,21.375,13.95,8.575,4.075,5.15,26.5,18.3,5.6,-1.6,1.1,-0.9,-0.55,0.05,0.65,-0.975,24,26,21,17,18,20,26,26,30,29,22,20,21,27,29,28,2542,1437,904,471,232,328,1792,1266,8.0,0.383,1.383,0.286,1.242,0.268,1
45.05,19.775,15.05,7.675,3.525,5.2,27.15,17.325,-7.175,-1.55,-1.65,-0.475,-0.125,0.55,1.425,-2.225,23,26,21,20,14,17,27,26,30,33,26,24,23,26,28,29,2918,1414,885,459,185,296,1751,1153,8.0,0.383,1.383,0.286,1.243,0.267,1
37.875,18.225,13.4,7.2,3.4,5.75,28.575,15.1,-6.875,-1.225,0.15,0.3,-0.45,-0.8,-3.125,0.375,18,24,20,21,17,22,27,22,25,29,27,25,28,29,27,28,2163,1243,804,448,210,368,1793,987,8.0,0.383,1.383,0.286,1.243,0.267,1
31.0,17.0,13.55,7.5,2.95,4.95,25.45,15.475,0.625,-3.025,3.075,1.4,-0.325,-1.05,-1.975,-0.975,20,17,22,21,18,22,25,22,23,26,26,23,29,29,26,26,1789,1039,879,471,201,359,1632,1022,8.0,0.383,1.383,0.286,1.242,0.266,1
31.625,13.975,16.625,8.9,2.625,3.9,23.475,14.5,0.95,0.85,-1.15,-0.45,0.15,0.475,2.875,-0.375,18,18,26,24,18,21,27,24,24,26,31,25,24,28,27,25,1863,820,1121,553,163,254,1480,931,8.0,0.383,1.383,0.286,1.241,0.266,1
32.575,14.825,15.475,8.45,2.775,4.375,26.35,14.125,1.025,0.675,-1.175,-0.4,0.3,0.175,0.55,-0.675,20,24,26,21,21,25,23,21,25,26,30,21,21,26,24,26,1990,992,986,505,157,280,1623,884,8.0,0.383,1.383,0.286,1.241,0.266,1
33.6,15.5,14.3,8.05,3.075,4.55,26.9,13.45,2.625,1.6,-1.375,-0.8,0.125,0.1,0.0,-0.95,21,23,21,22,20,20,19,17,26,28,25,22,21,20,25,24,2053,1023,860,487,175,264,1695,745,8.0,0.383,1.383,0.286,1.241,0.266,1
36.225,17.1,12.925,7.25,3.2,4.65,26.9,12.5,-1.0,-1.45,0.85,1.225,0.275,0.05,-4.225,2.875,24,22,19,21,18,17,23,17,28,29,24,24,20,23,27,23,2233,1072,789,418,193,271,1825,686,8.0,0.383,1.383,0.286,1.241,0.266,1
35.225,15.65,13.775,8.475,3.475,4.7,22.675,15.375,-7.275,-1.05,0.8,1.3,0.35,-0.175,-2.0,1.025,30,21,23,21,15,20,24,16,31,27,27,23,20,27,24,26,2430,955,830,504,210,305,1406,976,8.0,0.383,1.383,0.285,1.242,0.266,1
27.95,14.6,14.575,9.775,3.825,4.525,20.675,16.4,0.55,1.725,-1.075,-1.725,0.075,0.45,1.575,-1.0,23,21,20,22,16,20,21,20,29,30,26,23,24,28,25,29,1858,929,909,570,247,280,1259,1079,8.0,0.383,1.383,0.285,1.242,0.265,1
28.5,16.325,13.5,8.05,3.9,4.975,22.25,15.4,-5.525,-3.4,0.55,-2.05,-0.675,-1.325,-3.425,-4.725,18,25,17,18,20,21,24,24,25,29,24,20,23,26,28,29,1855,1105,852,451,260,302,1465,1015,8.0,0.383,1.383,0.284,1.242,0.265,1
22.975,12.925,14.05,6.0,3.225,3.65,18.825,10.675,-14.6,-5.95,0.175,-2.325,-1.4,-1.975,-10.2,-5.025,16,22,17,19,16,17,18,23,24,23,21,20,23,19,23,27,1550,776,854,346,175,218,1153,678,8.0,0.383,1.383,0.265,1.099,0.19,1
8.375,6.975,14.225,3.675,1.825,1.675,8.625,5.65,-7.1,-3.075,-2.5,-1.475,-0.55,-0.675,-6.65,-2.225,8,16,19,20,9,10,13,22,27,23,18,22,24,16,23,25,559,382,849,218,72,84,431,365,8.0,0.383,1.383,0.226,0.814,0.041,1
1.275,3.9,11.725,2.2,1.275,1.0,1.975,3.425,-0.2,-0.25,-0.45,0.4,1.9,0.55,-0.35,-0.25,6,16,21,18,6,5,17,16,26,23,23,21,21,14,26,27,67,196,721,125,55,45,124,216,8.0,0.383,1.383,0.205,0.672,-0.033,1
1.075,3.65,11.275,2.6,3.175,1.55,1.625,3.175,0.5,2.975,7.05,0.85,1.525,0.6,-0.15,-0.25,10,17,25,16,12,6,14,12,25,22,27,17,22,13,20,27,63,205,768,140,189,84,85,199,8.0,0.383,1.383,0.208,0.681,-0.031,1
1.575,6.625,18.325,3.45,4.7,2.15,1.475,2.925,1.1,2.35,0.875,-0.05,-1.55,-0.25,0.1,0.0,16,17,29,16,16,13,10,14,22,20,28,17,24,17,19,27,94,413,1242,180,281,123,79,179,8.0,0.383,1.383,0.218,0.702,-0.027,1
2.675,8.975,19.2,3.4,3.15,1.9,1.575,2.925,2.975,-1.7,-5.925,-0.725,-1.4,-0.5,0.075,0.075,21,22,26,20,14,11,6,13,27,24,29,20,25,17,19,25,171,594,1269,187,173,89,79,181,8.0,0.383,1.383,0.268,0.821,0.016,1
5.65,7.275,13.275,2.675,1.75,1.4,1.65,3.0,1.4,-1.05,-2.925,-0.525,-0.325,-0.35,-0.15,-0.375,22,21,22,19,11,5,5,15,25,24,29,24,22,15,19,19,353,452,864,161,94,66,91,167,8.0,0.383,1.383,0.321,1.014,0.097,1
7.05,6.225,10.35,2.15,1.425,1.05,1.5,2.625,0.175,1.425,-0.3,1.6,0.15,0.275,-0.05,-0.4,23,20,19,15,7,5,7,17,21,24,22,26,20,17,21,23,451,375,579,142,83,60,100,155,8.0,0.383,1.383,0.326,1.127,0.152,1
7.225,7.65,10.05,3.75,1.575,1.325,1.45,2.225,2.1,2.075,-0.35,0.65,0.5,1.075,1.8,1.85,23,19,23,16,9,6,8,14,22,23,23,23,18,17,19,21,429,424,597,222,92,58,89,135,8.0,0.383,1.383,0.311,1.171,0.184,1
9.325,9.725,9.7,4.4,2.075,2.4,3.25,4.075,9.625,0.825,1.8,-0.475,0.0,1.725,2.975,5.0,20,20,22,15,13,12,11,17,22,24,26,24,21,22,23,22,547,630,611,246,134,129,203,233,8.0,0.383,1.383,0.295,1.201,0.214,1
18.95,10.55,11.5,3.925,2.075,4.125,6.225,9.075,16.425,2.65,-0.375,1.275,0.325,0.45,4.45,5.375,26,22,21,21,13,19,14,19,27,25,26,26,23,30,23,23,1193,702,726,235,130,269,374,474,8.0,0.383,1.383,0.281,1.219,0.24,1
35.375,13.2,11.125,5.2,2.4,4.575,10.675,14.45,3.5,6.95,-2.225,1.65,0.675,-0.65,4.5,14.275,28,22,19,28,18,24,18,18,29,27,22,26,24,32,24,24,2338,849,717,326,132,318,683,753,8.0,0.383,1.383,0.273,1.232,0.26,1
38.875,20.15,8.9,6.85,3.075,3.925,15.175,28.725,8.075,0.45,2.05,0.575,0.25,0.0,0.925,3.1,23,22,18,26,19,22,16,20,26,26,24,28,26,30,24,25,2481,1227,548,408,184,241,891,1622,8.0,0.383,1.383,0.271,1.239,0.274,1
46.95,20.6,10.95,7.425,3.325,3.925,16.1,31.825,7.9,-3.775,0.125,-0.675,-0.525,-0.175,5.45,-5.725,20,22,20,21,14,17,20,18,25,23,26,26,23,26,27,27,2485,1230,644,393,195,224,890,1911,8.0,0.383,1.383,0.273,1.239,0.282,1
54.85,16.825,11.075,6.75,2.8,3.75,21.55,26.1,-12.825,0.775,-0.45,0.025,-0.3,-0.375,1.275,-1.625,21,22,20,20,9,17,27,21,27,22,23,22,19,22,28,27,3123,1021,641,323,131,214,1311,1745,8.0,0.383,1.383,0.275,1.238,0.285,1
42.025,17.6,10.625,6.775,2.5,3.375,22.825,24.475,-9.55,-0.95,0.825,-0.4,0.65,-0.025,-1.175,-4.25,23,23,23,24,9,19,22,25,28,24,24,23,22,22,28,26,2624,1100,670,406,129,205,1435,1675,8.0,0.383,1.383,0.275,1.238,0.288,1
32.475,16.65,11.45,6.375,3.15,3.35,21.65,20.225,-2.275,0.85,-0.975,-0.025,0.475,0.075,2.55,0.0,19,25,24,23,12,17,20,22,22,28,26,22,22,22,28,26,1770,971,738,422,156,205,1264,1247,8.0,0.383,1.383,0.274,1.238,0.289,1
30.2,17.5,10.475,6.35,3.625,3.425,24.2,20.225,1.375,1.175,-0.45,1.45,-0.15,0.0,-4.075,-0.725,21,29,24,25,17,11,23,19,22,31,26,25,18,22,24,25,1675,1202,710,410,195,213,1470,1153,8.0,0.383,1.383,0.273,1.238,0.29,1
31.575,18.675,10.025,7.8,3.475,3.425,20.125,19.5,0.5,0.8,1.05,0.075,-0.225,0.675,-0.725,-0.575,26,26,23,26,15,10,23,19,29,31,25,28,17,23,25,25,2148,1359,646,502,173,193,1279,1166,8.0,0.383,1.383,0.272,1.238,0.291,1
32.075,19.475,11.075,7.875,3.25,4.1,19.4,18.925,1.8,0.575,2.35,0.025,-0.25,0.2,-0.375,-1.325,21,22,19,20,18,15,22,20,29,27,23,25,19,22,29,25,2001,1358,582,470,169,233,1218,1207,8.0,0.383,1.383,0.27,1.238,0.291,1
33.875,20.05,13.425,7.9,3.0,4.3,19.025,17.6,4.275,-1.25,-0.125,0.425,0.275,0.175,1.45,-1.05,21,21,18,21,20,19,19,20,24,24,25,26,20,25,26,27,1948,1251,689,457,163,239,1134,1090,8.0,0.383,1.383,0.269,1.239,0.291,1
38.15,18.8,13.3,8.325,3.275,4.475,20.475,16.55,-6.7,0.675,-0.3,0.175,0.5,0.0,2.95,-1.325,21,21,18,22,19,14,15,17,26,22,26,25,21,24,23,25,2070,1054,731,489,179,241,1194,1014,8.0,0.383,1.383,0.27,1.238,0.29,1
31.45,19.475,13.0,8.5,3.775,4.475,23.425,15.225,-3.175,0.175,3.625,0.75,-0.15,-0.85,-1.05,-1.1,22,26,20,20,17,15,23,20,28,27,25,22,25,24,26,27,1907,1320,774,517,207,272,1536,955,8.0,0.383,1.383,0.272,1.239,0.29,1
28.275,19.65,16.625,9.25,3.625,3.625,22.375,14.125,4.875,0.775,-1.15,-1.675,-0.075,0.45,5.325,2.125,24,25,24,20,18,16,27,24,29,30,27,24,27,22,26,26,1821,1241,1063,558,215,217,1501,888,8.0,0.383,1.383,0.273,1.239,0.29,1
33.15,20.425,15.475,7.575,3.55,4.075,27.7,16.25,3.0,1.9,-4.675,-1.675,-0.2,0.075,-0.125,1.625,24,23,23,23,15,17,25,25,28,27,28,27,24,22,24,26,1946,1180,987,495,208,219,1796,1041,8.0,0.383,1.383,0.274,1.24,0.289,1
36.15,22.325,10.8,5.9,3.35,4.15,27.575,17.875,-1.625,-1.5,1.15,1.2,-0.225,-0.325,-5.475,-5.6,21,25,18,23,8,16,23,25,22,27,25,25,18,26,27,27,1981,1409,689,377,169,216,1709,1213,8.0,0.383,1.383,0.274,1.241,0.288,1
34.525,20.825,11.95,7.1,3.125,3.825,22.1,12.275,-2.275,-0.425,2.325,0.7,-0.075,-0.4,0.425,-0.925,17,21,19,19,14,17,21,24,23,26,26,20,17,29,25,29,1884,1168,748,401,168,232,1232,851,8.0,0.383,1.383,0.274,1.241,0.287,1
1.55,5.7,18.25,2.375,1.675,1.225,1.175,1.85,0.425,6.6,-1.775,0.0,0.8,0.35,0.275,-0.225,11,22,20,10,11,4,13,9,12,25,27,14,22,11,20,16,76,357,1072,123,78,51,55,94,0.0,-0.383,0.617,0.203,0.684,-0.01,3
1.975,12.3,16.475,2.375,2.475,1.575,1.45,1.625,0.175,3.125,2.975,-0.15,-0.15,-0.3,-0.075,0.85,14,26,20,14,12,12,12,7,21,27,25,18,20,15,23,20,114,815,1094,125,120,75,78,79,0.0,-0.383,0.617,0.198,0.699,0.008,3
2.15,15.425,19.45,2.225,2.325,1.275,1.375,2.475,-0.35,-3.725,-0.5,0.075,0.0,0.025,0.15,0.225,17,21,20,13,15,14,11,15,19,24,22,21,18,19,22,25,117,949,1168,113,119,72,83,150,0.0,-0.383,0.617,0.182,0.719,0.044,3
1.8,11.7,18.95,2.3,2.325,1.3,1.525,2.7,-0.175,-1.425,-0.65,0.125,0.05,0.175,0.0,-0.6,14,18,26,11,14,8,10,18,20,19,26,20,20,20,19,24,91,607,1217,123,114,63,77,180,0.0,-0.383,0.617,0.158,0.739,0.086,3
1.625,10.275,18.3,2.425,2.375,1.475,1.525,2.1,-0.075,1.35,0.175,0.25,0.075,0.2,0.025,0.05,8,18,25,13,13,11,11,10,23,20,28,23,23,22,17,23,99,580,1256,146,111,72,75,132,0.0,-0.383,0.617,0.129,0.76,0.128,3
1.55,11.625,18.475,2.675,2.45,1.675,1.55,2.15,0.425,-0.925,-2.975,0.55,0.3,0.2,0.3,1.125,5,16,22,16,10,11,8,12,18,24,27,22,24,20,19,20,91,750,1221,158,120,79,82,124,0.0,-0.383,0.617,0.094,0.778,0.169,3
1.975,10.7,15.5,3.225,2.75,1.875,1.85,3.275,0.875,5.725,3.275,-0.075,-0.075,-0.2,1.05,0.15,13,19,20,21,12,12,9,16,21,29,24,26,24,21,21,20,114,674,995,200,149,93,102,183,0.0,-0.383,0.617,0.055,0.794,0.207,3
2.85,16.425,18.775,3.15,2.675,1.675,2.9,3.425,0.9,5.1,3.075,-0.6,-0.375,-0.15,0.575,0.275,19,22,18,21,15,12,13,16,21,26,22,24,24,19,25,24,165,988,1025,188,146,79,183,208,0.0,-0.383,0.617,0.012,0.806,0.241,3
3.75,21.525,21.85,2.55,2.3,1.525,3.475,3.7,-0.1,-1.6,-1.0,0.25,-0.1,-0.175,-0.925,0.2,21,19,24,14,13,9,14,21,26,22,26,22,19,18,23,23,236,1400,1339,147,109,63,199,224,0.0,-0.383,0.617,-0.029,0.812,0.269,3
3.65,19.925,20.85,2.8,2.2,1.35,2.55,3.9,1.05,0.3,0.5,0.475,0.125,0.025,0.35,-0.175,21,21,25,16,13,9,18,21,27,26,31,24,15,19,21,21,228,1358,1390,162,94,71,150,254,0.0,-0.383,0.617,-0.071,0.814,0.295,3
4.7,20.225,21.35,3.275,2.325,1.375,2.9,3.725,3.75,0.325,-0.9,0.35,-0.375,-0.05,0.45,-0.475,24,24,27,15,12,8,18,18,25,29,32,19,17,20,23,24,293,1391,1468,167,95,80,185,251,0.0,-0.383,0.617,-0.114,0.814,0.321,3
8.45,20.55,20.45,3.625,1.95,1.325,3.35,3.25,4.075,2.65,7.975,0.475,0.2,0.35,0.025,-0.4,23,20,24,17,13,10,15,17,21,26,29,23,22,26,24,22,523,1245,1271,220,111,84,205,205,0.0,-0.383,0.617,-0.147,0.812,0.339,3
12.525,23.2,28.425,4.1,2.15,1.675,3.375,2.85,-0.425,3.35,4.225,0.275,0.475,0.45,0.25,0.375,21,22,21,20,13,12,18,14,22,27,26,31,22,24,26,21,777,1501,1691,265,134,104,203,160,0.0,-0.383,0.617,-0.172,0.81,0.35,3
12.1,26.55,32.65,4.375,2.625,2.125,3.625,3.225,-3.025,1.925,-0.475,-0.175,0.175,0.9,1.025,-0.275,24,21,23,16,9,14,18,12,25,28,23,23,24,23,25,24,805,1730,1950,254,146,128,202,195,0.0,-0.383,0.617,-0.189,0.81,0.359,3
9.075,28.475,32.175,4.2,2.8,3.025,4.65,2.95,-0.375,1.925,-2.075,-0.3,-0.275,0.35,-0.05,-0.35,23,18,21,19,11,17,16,13,25,25,23,22,20,24,21,21,567,1668,2028,234,145,172,235,175,0.0,-0.383,0.617,-0.195,0.81,0.364,3
8.7,30.4,30.1,3.9,2.525,3.375,4.6,2.6,0.525,-0.725,-0.6,1.125,-0.375,-1.0,-1.35,0.375,17,17,25,21,14,23,16,16,21,25,25,25,17,23,18,22,493,1772,1967,228,135,202,244,160,0.0,-0.383,0.617,-0.197,0.81,0.366,3
9.225,29.675,29.5,5.025,2.15,2.375,3.25,2.975,-0.275,-3.325,-3.45,1.025,0.275,-0.45,0.0,-0.225,17,21,29,19,10,23,20,14,20,28,29,23,18,27,24,24,505,1805,1976,285,124,156,186,173,0.0,-0.383,0.617,-0.198,0.81,0.367,3
8.95,26.35,26.05,6.05,2.425,1.925,3.25,2.75,0.575,3.5,-2.45,-0.45,-0.05,-0.2,0.675,-0.5,21,25,28,20,15,18,21,13,25,30,30,24,22,29,25,19,555,1666,1883,346,142,132,190,146,0.0,-0.383,0.617,-0.199,0.81,0.367,3
9.525,29.85,23.6,5.6,2.375,1.725,3.925,2.25,-0.5,3.05,6.1,-0.2,-0.125,0.375,0.275,0.65,21,25,24,23,18,17,21,15,23,29,30,28,28,22,27,18,560,2013,1633,352,147,115,264,119,0.0,-0.383,0.617,-0.2,0.81,0.368,3
9.025,32.9,29.7,5.4,2.25,2.1,4.2,2.9,0.0,-0.725,0.775,-0.15,0.75,0.2,-0.575,0.3,20,24,27,19,16,16,20,20,22,26,30,24,26,22,28,20,505,2166,2038,341,135,135,285,174,0.0,-0.383,0.617,-0.201,0.809,0.367,3
9.025,32.175,30.475,5.25,3.0,2.3,3.625,3.2,-0.175,-1.3,0.375,0.625,-0.25,-0.425,-0.675,-0.3,24,21,25,17,16,17,17,19,28,26,26,21,21,22,23,20,602,1837,1984,326,162,140,208,183,0.0,-0.383,0.617,-0.202,0.808,0.367,3
8.85,30.875,30.85,5.875,2.75,1.875,2.95,2.9,-1.225,6.525,-0.6,-0.25,-0.375,0.175,1.3,0.425,22,23,23,20,15,17,17,12,24,29,25,19,23,21,19,19,548,1863,1896,342,158,105,157,141,0.0,-0.383,0.617,-0.203,0.808,0.366,3
7.625,37.4,30.25,5.625,2.375,2.05,4.25,3.325,1.325,3.0,-3.8,-1.125,0.65,0.45,1.275,0.325,21,25,26,19,14,12,19,12,25,26,27,22,21,19,25,25,468,2447,1896,312,131,108,233,173,0.0,-0.383,0.617,-0.204,0.808,0.366,3
8.95,40.4,26.45,4.5,3.025,2.5,5.525,3.65,0.275,-12.25,0.15,0.225,0.2,-0.1,-0.125,0.1,21,23,28,20,17,15,23,17,29,27,30,28,22,22,30,28,513,2661,1617,279,177,148,301,211,0.0,-0.383,0.617,-0.205,0.808,0.366,3
9.225,28.15,26.6,4.725,3.225,2.4,5.4,3.75,0.15,-4.4,6.625,0.575,-0.025,-0.125,0.35,0.425,15,22,24,21,26,15,21,21,25,27,31,24,30,21,26,27,494,1777,1739,317,212,138,292,240,0.0,-0.383,0.617,-0.205,0.808,0.366,3
9.375,23.75,33.225,5.3,3.2,2.275,5.75,4.175,-0.2,8.65,3.875,-0.8,-0.425,-0.075,-0.45,0.2,16,23,20,20,25,13,15,18,20,23,27,23,27,16,25,22,520,1485,2255,328,207,129,335,229,0.0,-0.383,0.617,-0.205,0.808,0.366,3
9.175,32.4,37.1,4.5,2.775,2.2,5.3,4.375,-1.2,-1.725,-2.85,0.15,-0.925,-0.475,-1.275,-0.875,19,26,19,22,14,15,18,21,20,26,24,25,23,24,24,25,553,2219,2237,288,158,129,336,277,0.0,-0.383,0.617,-0.205,0.808,0.366,3
7.975,30.675,34.25,4.65,1.85,1.725,4.025,3.5,1.525,-2.775,-4.525,1.0,0.275,-0.425,-0.775,-0.9,20,19,19,21,7,12,18,22,27,23,24,26,23,25,20,27,498,1877,1993,301,95,99,239,246,0.0,-0.383,0.617,-0.205,0.807,0.365,3
9.5,27.9,29.725,5.65,2.125,1.3,3.25,2.6,2.125,-0.175,-1.025,-0.875,1.125,0.225,1.175,0.675,18,21,26,21,13,10,16,20,25,23,27,27,23,18,19,25,428,1637,2034,356,130,90,175,160,0.0,-0.383,0.617,-0.205,0.807,0.365,3
11.625,27.725,28.7,4.775,3.25,1.525,4.425,3.275,-0.275,-2.85,0.2,-0.15,-0.025,0.425,0.875,0.625,20,21,23,17,20,10,20,22,23,27,23,22,25,18,24,26,633,1618,1759,277,202,101,281,204,0.0,-0.383,0.617,-0.205,0.807,0.365,3
11.35,24.875,28.9,4.625,3.225,1.95,5.3,3.9,-1.525,10.475,0.9,0.475,-0.15,0.05,0.375,-0.05,22,22,18,19,18,16,19,19,25,28,24,23,25,24,28,23,670,1357,1754,286,204,119,353,230,0.0,-0.383,0.617,-0.205,0.807,0.365,3
9.825,35.35,29.8,5.1,3.075,2.0,5.675,3.85,0.15,7.625,-2.3,0.65,-0.175,-0.2,-0.35,0.025,21,23,25,20,15,12,14,16,25,25,32,23,23,22,26,23,595,2054,2162,301,175,111,334,218,0.0,-0.383,0.617,-0.205,0.807,0.366,3
9.975,42.975,27.5,5.75,2.9,1.8,5.325,3.875,0.1,-5.6,-0.925,-0.4,-0.425,-0.05,-0.7,-0.25,21,21,28,14,15,12,19,18,27,25,31,22,25,19,26,24,623,2728,1854,319,167,108,315,218,0.0,-0.383,0.617,-0.206,0.807,0.366,3
10.075,37.375,26.575,5.35,2.475,1.75,4.625,3.625,0.375,-3.75,0.5,-1.4,0.275,0.125,-0.275,-0.225,17,22,23,17,15,17,25,19,22,28,29,21,24,21,28,23,541,2377,1565,287,151,110,327,216,0.0,-0.383,0.617,-0.206,0.807,0.365,3
10.45,33.625,27.075,3.95,2.75,1.875,4.35,3.4,-2.9,-11.675,-3.725,-0.975,-0.375,-0.3,-1.1,-0.15,17,26,24,19,19,15,18,17,24,27,25,19,24,22,22,23,623,2225,1647,220,174,113,261,203,0.0,-0.383,0.617,-0.207,0.807,0.365,3
7.55,21.95,23.35,2.975,2.375,1.575,3.25,3.25,-5.225,-15.625,-6.65,-0.575,-1.1,-0.375,-1.15,-0.625,15,19,24,17,15,13,16,14,24,23,25,25,24,20,23,20,497,1396,1478,190,152,93,180,189,0.0,-0.383,0.617,-0.063,0.761,0.235,3
2.325,6.325,16.7,2.4,1.275,1.2,2.1,2.625,-0.95,-3.05,-5.775,-0.175,-0.15,0.125,-0.625,0.15,9,14,17,20,7,7,16,11,19,20,24,26,21,17,24,20,141,347,963,157,78,60,126,147,0.0,-0.383,0.617,0.142,0.694,0.049,3
1.375,3.275,10.925,2.225,1.125,1.325,1.475,2.775,0.475,2.5,1.125,0.575,0.725,0.225,0.025,-0.1,9,15,18,20,6,8,16,18,17,21,24,23,20,20,18,25,70,183,659,134,63,59,79,187,0.0,-0.383,0.617,0.198,0.685,0.006,3
1.85,5.775,12.05,2.8,1.85,1.55,1.5,2.675,0.45,5.4,4.2,-0.3,0.025,-0.3,-0.175,-0.45,15,13,22,15,13,12,16,23,18,19,21,22,24,21,16,24,93,308,692,151,102,82,82,179,0.0,-0.383,0.617,0.182,0.706,0.042,3
2.3,11.175,16.25,2.5,1.875,1.25,1.325,2.225,-0.25,0.625,1.35,-0.225,0.1,-0.175,-0.075,0.025,17,17,21,14,16,7,10,19,22,24,26,19,21,15,17,20,126,731,996,132,100,64,68,120,0.0,-0.383,0.617,0.156,0.726,0.084,3
2.05,11.8,17.6,2.275,1.975,1.075,1.25,2.25,-0.3,-1.475,0.9,0.35,0.175,0.45,0.025,-0.075,15,22,19,17,14,9,6,16,24,25,29,21,23,19,22,23,117,783,1103,131,114,60,59,138,0.0,-0.383,0.617,0.124,0.743,0.126,3
1.75,10.325,18.5,2.625,2.15,1.525,1.275,2.175,0.35,2.575,1.875,0.05,-0.175,0.25,-0.075,0.1,13,23,21,19,14,14,7,17,20,23,28,25,21,24,22,23,98,641,1181,165,118,81,60,137,0.0,-0.383,0.617,0.089,0.76,0.168,3
2.1,12.9,20.375,2.675,1.975,1.775,1.2,2.275,0.725,0.675,-3.025,0.05,0.1,-0.3,0.35,-0.3,13,22,23,15,12,13,6,20,20,24,28,25,21,18,25,23,122,789,1276,161,103,86,61,133,0.0,-0.383,0.617,0.049,0.776,0.21,3
2.825,13.575,17.35,2.725,2.075,1.475,1.55,1.975,2.75,-0.875,-1.825,-0.325,-0.15,0.05,0.4,0.225,18,18,21,14,8,10,8,14,22,25,23,17,20,18,25,18,167,740,1007,134,108,81,80,109,0.0,-0.383,0.617,0.003,0.791,0.249,3
5.575,12.7,15.525,2.4,1.925,1.525,1.95,2.2,0.925,2.45,4.4,0.0,0.325,0.35,-0.175,0.275,23,19,19,18,6,6,14,10,22,25,23,17,14,17,22,17,353,707,957,118,76,80,106,118,0.0,-0.383,0.617,-0.062,0.803,0.294,3
6.5,15.15,19.925,2.4,2.25,1.875,1.775,2.475,2.225,7.975,5.775,1.475,0.025,-0.25,0.2,0.375,21,16,21,15,10,11,14,14,20,24,27,23,17,20,19,23,407,860,1184,139,103,109,99,151,0.0,-0.383,0.617,-0.127,0.809,0.33,3
8.725,23.125,25.7,3.875,2.275,1.625,1.975,2.85,4.725,8.65,8.8,0.975,-0.05,-0.05,0.8,0.5,20,16,23,14,14,14,11,15,23,21,27,25,20,20,19,22,503,1276,1594,245,122,107,95,143,0.0,-0.383,0.617,-0.165,0.808,0.344,3
13.45,31.775,34.5,4.85,2.225,1.575,2.775,3.35,-1.475,1.825,3.65,-0.15,0.375,0.225,0.2,-0.225,18,26,20,18,12,14,13,18,23,25,26,25,20,21,26,25,803,2025,1930,291,117,98,167,178,0.0,-0.383,0.617,-0.186,0.807,0.35,3
11.975,33.6,38.15,4.7,2.6,1.8,2.975,3.125,-3.975,0.45,-10.1,0.225,0.25,0.275,-0.45,-0.125,23,28,18,19,16,11,15,21,25,28,22,29,26,23,29,30,818,2238,2141,291,146,110,176,207,0.0,-0.383,0.617,-0.198,0.806,0.353,3
8.0,34.05,28.05,4.925,2.85,2.075,2.525,3.0,-0.7,-3.775,-8.375,-0.325,0.05,0.0,-0.1,-0.475,22,22,22,20,22,13,16,20,26,25,23,26,26,22,24,28,523,2222,1774,311,165,119,133,200,0.0,-0.383,0.617,-0.204,0.805,0.355,3
7.3,30.275,19.675,4.6,2.9,2.075,2.425,2.525,0.6,-5.175,3.025,-0.5,-0.025,-0.3,0.525,0.6,19,14,22,24,21,16,21,17,27,22,23,26,24,26,27,27,488,1746,1294,290,182,127,150,151,0.0,-0.383,0.617,-0.207,0.805,0.357,3
7.9,25.1,22.7,4.1,2.875,1.775,2.95,3.125,-0.575,4.95,10.4,0.55,0.275,0.325,0.375,1.0,20,18,23,22,24,13,26,21,26,21,26,23,26,26,28,28,482,1355,1415,237,197,124,200,196,0.0,-0.383,0.617,-0.208,0.805,0.358,3
7.325,30.05,33.1,4.65,3.15,2.1,3.325,4.125,1.2,6.825,2.525,0.725,0.175,0.375,0.225,-0.1,15,25,19,20,20,11,20,23,20,26,22,21,26,23,20,23,385,1676,1672,243,182,122,209,255,0.0,-0.383,0.617,-0.208,0.804,0.358,3
8.525,36.875,35.625,5.375,3.325,2.475,3.55,4.025,0.675,3.7,-4.025,-0.4,-0.05,-0.175,-0.125,-0.775,16,26,22,21,16,10,16,17,20,28,23,23,23,19,21,24,450,2190,1980,342,176,132,213,243,0.0,-0.383,0.617,-0.208,0.804,0.358,3
9.2,40.575,31.6,4.975,3.275,2.3,3.425,3.25,0.3,0.7,-1.9,-0.625,-0.05,-0.05,-0.125,-0.325,17,22,27,19,15,11,15,11,27,28,30,22,16,17,21,23,477,2589,2014,290,174,126,185,180,0.0,-0.383,0.617,-0.208,0.804,0.358,3
9.5,41.275,29.7,4.35,3.225,2.25,3.3,2.925,-0.3,-10.55,-5.425,0.975,-0.175,0.1,0.125,0.425,19,21,25,19,16,10,15,10,30,24,26,24,20,19,19,17,561,2664,1920,256,183,115,169,142,0.0,-0.383,0.617,-0.208,0.803,0.357,3
9.2,30.725,24.275,5.325,3.05,2.35,3.425,3.35,-0.625,-8.225,1.2,0.325,0.0,-0.125,0.175,0.55,21,22,27,18,17,13,17,15,26,23,26,24,26,21,25,19,584,2135,1608,323,181,125,212,189,0.0,-0.383,0.617,-0.208,0.803,0.357,3
8.575,22.5,25.475,5.65,3.05,2.225,3.6,3.9,0.75,4.3,4.725,-0.825,0.075,-0.15,0.175,-0.2,18,24,28,19,17,13,15,19,23,27,31,23,24,22,23,23,485,1605,1721,331,177,129,229,245,0.0,-0.383,0.617,-0.208,0.804,0.357,3
9.325,26.8,30.2,4.825,3.125,2.075,3.775,3.7,-1.75,0.55,0.55,0.3,0.05,-0.15,-0.825,-1.025,13,28,23,19,16,10,21,15,20,29,28,27,27,24,24,23,536,1901,1938,305,181,122,245,229,0.0,-0.383,0.617,-0.208,0.804,0.356,3
7.575,27.35,30.75,5.125,3.175,1.925,2.95,2.675,-0.725,-0.65,-4.375,-0.65,0.025,-0.175,-0.05,0.275,12,24,21,17,17,9,19,12,18,28,28,26,24,21,26,23,472,1803,2047,298,169,100,176,147,0.0,-0.383,0.617,-0.207,0.803,0.356,3
6.85,26.7,26.375,4.475,3.2,1.75,2.9,2.95,0.325,-1.625,-1.35,-0.75,-0.45,0.075,0.225,0.15,19,24,20,16,23,16,14,14,22,29,26,20,22,23,20,21,395,1657,1729,244,185,105,138,142,0.0,-0.383,0.617,-0.207,0.803,0.356,3
7.175,25.075,25.025,3.725,2.75,1.825,3.125,3.1,-3.025,-12.3,-3.825,-0.6,-1.025,-0.325,-0.85,-0.25,19,23,24,15,20,13,11,16,23,30,28,18,23,24,21,20,429,1670,1723,216,147,103,172,156,0.0,-0.383,0.617,-0.166,0.79,0.319,3
4.15,12.775,21.2,3.125,1.725,1.5,2.275,2.85,-2.55,-8.6,-2.275,-0.775,-0.625,-0.425,0.025,0.875,17,19,23,15,12,9,10,18,25,28,30,20,19,21,22,20,275,800,1485,186,83,78,142,160,0.0,-0.383,0.617,0.035,0.724,0.134,3
1.6,4.175,18.925,2.35,1.1,1.075,2.3,3.725,-0.15,-0.2,-0.3,-0.2,0.1,0.0,0.25,0.975,16,22,24,19,9,7,15,16,23,28,27,27,15,14,22,17,106,269,1216,148,53,48,145,210,0.0,-0.383,0.617,0.196,0.673,-0.014,3
1.45,3.975,18.625,2.15,1.2,1.075,2.55,4.7,-0.025,-1.525,-6.8,0.025,0.25,0.075,-0.05,-0.425,10,23,20,17,6,6,13,16,17,25,27,28,15,17,21,17,92,243,1184,135,51,49,135,274,0.0,-0.383,0.617,0.194,0.675,-0.012,3
1.425,2.45,11.825,2.175,1.45,1.15,2.5,4.275,0.0,-0.525,-1.15,0.525,0.675,0.425,-0.375,-1.35,13,15,16,12,6,7,9,15,17,20,27,22,15,20,19,21,86,140,766,112,63,61,125,273,0.0,-0.383,0.617,0.192,0.677,-0.011,3
1.425,1.925,10.675,2.7,2.125,1.575,2.125,2.925,0.4,1.55,0.925,-0.175,0.2,0.15,-0.725,-1.35,16,12,16,13,11,8,10,14,23,18,25,22,20,17,20,21,89,113,666,132,105,70,120,181,0.0,-0.383,0.617,0.189,0.68,-0.007,3
1.825,3.475,11.6,2.525,2.325,1.725,1.4,1.575,0.2,0.6,2.05,-0.375,0.025,-0.175,-0.1,-0.475,10,14,19,13,13,13,7,14,24,20,27,19,23,13,17,24,104,206,740,142,122,74,66,84,0.0,-0.383,0.617,0.184,0.685,0.005,3
2.025,4.075,13.65,2.15,2.35,1.55,1.3,1.1,-0.3,-0.45,0.125,0.1,-0.2,-0.225,-0.15,0.325,17,21,25,14,13,10,7,15,24,24,30,20,24,14,14,23,124,253,937,130,131,71,52,64,0.0,-0.383,0.617,0.176,0.694,0.026,3
1.725,3.625,13.775,2.25,2.15,1.325,1.15,1.425,-0.225,-0.15,0.5,0.0,0.05,0.25,-0.1,-0.025,15,22,24,18,9,8,6,11,21,27,29,23,18,19,14,17,103,233,931,132,111,61,49,61,0.0,-0.383,0.617,0.157,0.706,0.057,3
1.5,3.475,14.275,2.25,2.2,1.575,1.05,1.4,-0.025,1.45,4.8,-0.025,-0.1,0.1,0.075,0.0,8,14,22,18,11,12,3,7,18,20,24,23,20,15,13,17,83,182,889,139,105,61,48,62,0.0,-0.383,0.617,0.127,0.722,0.098,3
1.475,4.925,19.075,2.225,2.1,1.675,1.125,1.4,0.2,3.1,-0.2,-0.175,-0.625,-0.25,-0.1,0.05,10,20,23,16,11,9,6,8,23,20,25,22,21,10,14,19,96,296,1122,136,98,66,49,61,0.0,-0.383,0.617,0.089,0.74,0.142,3
1.675,8.025,18.875,2.05,1.475,1.425,1.025,1.45,0.2,1.975,1.05,0.15,0.0,-0.075,-0.025,-0.125,11,24,20,13,7,7,6,7,22,28,23,18,15,17,10,21,106,540,1100,114,77,62,41,55,0.0,-0.383,0.617,0.047,0.758,0.185,3
1.875,10.0,19.925,2.2,1.475,1.35,1.0,1.325,0.65,5.325,6.875,0.225,0.325,-0.1,0.05,0.0,11,25,23,12,6,8,4,10,22,32,24,20,20,16,11,26,99,686,1248,120,81,47,37,69,0.0,-0.383,0.617,0.003,0.773,0.223,3
2.525,15.325,26.8,2.425,1.8,1.25,1.05,1.325,1.7,4.1,-1.2,0.175,-0.2,-0.15,0.05,-0.05,14,17,26,12,10,8,4,12,21,29,29,27,26,14,13,24,132,880,1810,147,104,57,43,81,0.0,-0.383,0.617,-0.039,0.783,0.256,3
4.225,19.425,25.6,2.6,1.6,1.1,1.1,1.275,2.825,-1.225,-6.2,1.125,-0.025,0.05,-0.025,0.0,19,16,22,15,11,4,7,9,21,24,29,27,25,20,15,15,236,1074,1601,164,92,61,55,73,0.0,-0.383,0.617,-0.077,0.789,0.284,3
7.05,18.2,19.4,3.725,1.575,1.15,1.075,1.275,2.25,1.175,7.475,1.325,0.975,0.525,0.675,0.8,18,24,20,17,12,5,9,9,22,23,28,24,21,17,16,13,394,1150,1212,249,85,61,57,66,0.0,-0.383,0.617,-0.113,0.795,0.31,3
9.3,19.375,26.875,5.05,2.55,1.675,1.75,2.075,0.05,3.025,10.0,0.35,0.5,0.275,0.725,1.075,16,24,19,18,14,13,13,17,24,25,26,22,20,20,21,17,552,1281,1718,308,154,102,111,122,0.0,-0.383,0.617,-0.146,0.801,0.332,3
9.35,22.4,36.875,5.4,3.05,1.95,2.475,3.15,-0.95,0.95,1.275,0.05,0.15,-0.05,0.075,-0.175,19,19,22,18,14,15,15,17,24,24,27,19,22,26,22,26,592,1375,2110,299,179,118,140,186,0.0,-0.383,0.617,-0.174,0.806,0.347,3
8.4,23.35,38.15,5.45,3.2,1.9,2.55,2.975,0.25,-2.15,-3.35,1.4,0.225,0.075,0.225,-0.675,22,23,22,15,17,15,15,17,23,30,22,21,26,26,24,31,523,1486,2057,314,182,113,142,175,0.0,-0.383,0.617,-0.195,0.807,0.356,3
8.65,21.2,34.8,6.85,3.425,1.975,2.775,2.3,-1.5,1.0,-5.8,0.15,-0.725,-0.175,-0.1,-0.2,22,19,25,13,21,19,18,17,23,28,26,23,27,26,30,25,521,1328,2172,372,224,116,173,156,0.0,-0.383,0.617,-0.21,0.806,0.36,3
7.15,22.2,29.0,7.0,2.7,1.8,2.675,2.1,0.05,1.05,0.925,-1.675,-0.5,-0.075,0.175,0.3,20,19,29,18,16,17,15,13,23,25,30,24,24,21,27,18,415,1396,2011,388,162,100,170,128,0.0,-0.383,0.617,-0.221,0.804,0.362,3
7.2,23.25,29.925,5.325,2.2,1.725,2.85,2.4,1.6,0.2,6.8,-0.2,0.375,0.075,0.55,0.325,18,25,25,22,14,14,13,18,28,27,26,29,18,16,24,22,406,1526,1842,338,110,90,174,139,0.0,-0.383,0.617,-0.228,0.803,0.364,3
8.8,23.45,36.725,5.125,2.575,1.8,3.4,2.725,0.525,2.025,-2.325,0.15,0.15,-0.075,-0.225,0.05,17,22,23,17,15,12,17,17,22,24,26,28,20,13,19,22,423,1421,2280,297,141,84,184,153,0.0,-0.383,0.617,-0.23,0.803,0.365,3
9.325,25.475,34.4,5.275,2.725,1.725,3.175,2.775,0.075,1.95,-7.125,0.55,0.525,0.0,-0.4,0.15,20,23,24,18,15,9,14,15,19,27,26,29,23,16,19,23,486,1625,2133,267,154,82,186,161,0.0,-0.383,0.617,-0.231,0.804,0.366,3
9.4,27.425,27.275,5.825,3.25,1.725,2.775,2.925,-0.75,-0.3,0.525,0.025,0.35,0.0,0.075,0.4,24,24,21,19,17,7,11,16,28,29,22,27,24,18,23,25,591,1711,1647,338,188,92,159,186,0.0,-0.383,0.617,-0.23,0.804,0.366,3
8.65,27.125,27.8,5.85,3.6,1.725,2.85,3.325,-0.6,-2.75,2.9,-0.8,-0.275,0.55,0.55,0.05,22,21,18,16,21,12,18,19,27,25,22,24,27,16,23,21,606,1561,1549,366,219,93,160,201,0.0,-0.383,0.617,-0.229,0.804,0.365,3
8.05,24.375,30.7,5.05,3.325,2.275,3.4,3.375,0.225,6.0,-3.05,1.725,-0.275,0.375,0.925,0.1,21,19,21,19,16,19,20,17,26,23,26,21,23,18,22,24,529,1367,1904,296,173,125,196,206,0.0,-0.383,0.617,-0.227,0.804,0.365,3
8.275,30.375,27.65,6.775,3.05,2.65,4.325,3.475,1.35,3.3,-5.35,0.175,0.0,-0.375,-0.175,0.325,24,20,20,22,16,20,14,12,29,25,22,20,21,22,22,22,545,1816,1757,365,171,145,233,211,0.0,-0.383,0.617,-0.227,0.803,0.365,3
9.625,33.675,22.3,6.95,3.05,2.275,4.15,3.8,-0.9,-2.25,4.3,-1.625,0.05,0.0,-0.875,-0.1,19,28,18,19,18,17,13,14,22,28,21,20,25,23,25,17,506,2116,1373,376,188,125,211,203,0.0,-0.383,0.617,-0.227,0.802,0.364,3
8.725,31.425,26.6,5.325,3.1,2.275,3.275,3.7,-0.2,0.175,0.05,0.95,0.275,0.2,0.0,0.375,16,30,22,18,12,18,19,20,20,33,26,19,27,23,27,20,504,2134,1631,306,188,136,188,214,0.0,-0.383,0.617,-0.229,0.802,0.364,3
8.525,31.6,26.65,6.275,3.375,2.475,3.275,4.075,0.35,-6.15,-5.8,-0.325,-0.025,-0.475,0.1,-0.625,20,22,20,17,16,18,19,21,26,28,23,22,29,26,24,25,547,1908,1548,367,214,159,188,251,0.0,-0.383,0.617,-0.23,0.802,0.364,3
8.875,25.45,20.85,5.95,3.35,2.0,3.375,3.45,-0.85,-3.275,2.775,0.275,-0.25,-0.2,0.05,-0.55,24,18,19,18,18,14,17,20,28,22,22,22,20,23,25,25,591,1403,1213,342,200,124,194,226,0.0,-0.383,0.617,-0.231,0.801,0.363,3
8.025,22.175,23.625,6.225,3.1,1.8,3.425,2.9,0.05,0.775,4.5,0.85,0.625,0.5,0.25,0.475,21,22,15,21,14,16,20,22,25,26,24,27,20,20,28,26,504,1263,1262,370,163,104,217,195,0.0,-0.383,0.617,-0.231,0.801,0.363,3
8.075,22.95,28.125,7.075,3.725,2.3,3.675,3.375,0.175,2.075,3.775,-1.25,-0.25,-0.125,-0.25,-0.25,22,20,19,17,16,14,15,17,26,23,25,23,21,20,30,30,494,1218,1713,394,193,130,208,211,0.0,-0.383,0.617,-0.23,0.801,0.362,3
8.25,25.025,31.9,5.825,3.475,2.175,3.425,3.125,0.35,5.975,2.8,0.825,-0.7,-0.225,0.475,-0.25,20,17,22,15,15,11,12,13,26,20,25,20,19,19,31,27,480,1474,2105,332,193,126,197,168,0.0,-0.383,0.617,-0.23,0.801,0.362,3
8.6,31.0,34.7,6.65,2.775,1.95,3.9,2.875,0.875,-2.825,-1.9,-0.025,-0.05,0.45,0.05,0.55,17,21,23,18,17,17,20,15,24,24,28,23,22,23,30,23,434,1992,2260,419,166,115,257,163,0.0,-0.383,0.617,-0.229,0.801,0.362,3
9.475,28.175,32.8,6.625,2.725,2.4,3.95,3.425,-1.75,1.075,-8.9,-1.95,0.15,0.05,-0.2,0.35,19,26,27,19,17,22,19,21,26,25,28,26,23,24,25,25,594,1759,2251,403,161,137,239,225,0.0,-0.383,0.617,-0.229,0.8,0.362,3
7.725,29.25,23.9,4.675,2.875,2.45,3.75,3.775,0.1,0.6,-5.125,0.575,0.35,0.425,0.525,0.475,20,24,19,19,16,19,16,25,26,23,25,30,23,26,23,28,536,1797,1558,307,180,148,202,248,0.0,-0.383,0.617,-0.229,0.8,0.361,3
1.675,3.55,9.775,2.275,1.425,1.575,1.9,2.825,0.125,2.6,0.65,-0.05,0.6,0.325,-0.275,-0.625,9,17,22,14,8,12,14,12,20,21,23,18,12,20,21,24,83,237,572,107,59,91,114,176,1.0,-0.383,1.0,0.203,0.681,-0.018,3
1.8,6.15,10.425,2.225,2.025,1.9,1.625,2.2,-0.15,1.775,2.425,-0.1,-0.4,-0.325,-0.35,-0.375,14,21,18,17,9,13,13,10,25,22,20,17,16,22,21,20,101,405,540,110,93,114,94,107,1.0,-0.383,1.0,0.203,0.706,0.0,3
1.65,7.925,12.85,2.125,1.625,1.575,1.275,1.825,0.0,-0.1,3.825,0.025,-0.4,-0.225,-0.2,-0.075,13,20,18,18,7,8,9,10,27,25,23,21,18,17,20,22,101,509,700,115,77,75,69,87,1.0,-0.383,1.0,0.195,0.743,0.034,3
1.65,7.825,16.675,2.15,1.225,1.35,1.075,1.75,0.2,-0.275,-2.05,-0.275,0.125,-0.175,0.525,0.4,12,23,23,18,9,11,4,11,21,27,26,23,12,16,19,20,94,467,1063,117,52,65,53,96,1.0,-0.383,1.0,0.176,0.784,0.075,3
1.85,7.55,14.625,1.875,1.35,1.175,1.6,2.15,0.375,0.0,-1.1,0.5,0.1,-0.05,0.375,0.15,12,25,25,19,11,9,10,13,16,25,26,24,17,16,21,20,91,438,942,109,67,58,94,136,1.0,-0.383,1.0,0.147,0.831,0.12,3
2.225,7.55,13.525,2.375,1.45,1.125,1.975,2.3,0.075,0.975,-0.675,0.425,0.1,0.025,-0.075,0.0,12,22,22,18,10,6,15,12,19,25,22,24,18,17,23,25,118,457,751,133,75,52,117,151,1.0,-0.383,1.0,0.111,0.88,0.165,3
2.3,8.525,12.85,2.8,1.55,1.15,1.9,2.3,1.625,3.525,5.75,-0.575,0.05,0.15,-0.25,-0.25,13,20,20,17,11,9,13,17,24,25,25,24,15,20,21,22,155,552,765,153,76,59,109,134,1.0,-0.383,1.0,0.071,0.923,0.201,3
3.925,12.05,18.6,2.225,1.6,1.3,1.65,2.05,0.875,-1.075,4.525,-0.025,0.0,0.0,-0.475,-0.375,18,17,23,14,10,10,13,18,27,23,26,21,14,22,23,24,252,666,1278,119,67,66,98,119,1.0,-0.383,1.0,0.03,0.957,0.228,3
4.8,10.975,23.125,2.2,1.6,1.3,1.175,1.675,0.25,-2.55,-2.3,0.925,0.0,-0.15,0.2,0.375,17,19,21,15,8,6,8,14,24,27,23,26,18,17,20,24,265,585,1588,138,68,55,70,91,1.0,-0.383,1.0,-0.011,0.982,0.247,3
5.05,8.425,20.825,3.125,1.6,1.15,1.375,2.05,1.85,2.5,-2.85,-0.1,0.1,0.175,0.425,0.1,14,22,21,17,11,7,7,17,21,25,27,26,26,15,22,23,255,494,1442,182,89,47,89,119,1.0,-0.383,1.0,-0.051,1.001,0.261,3
6.9,10.925,17.975,3.025,1.7,1.325,1.8,2.15,1.75,6.575,4.625,0.875,0.625,0.325,0.475,0.3,19,21,26,16,13,8,13,14,23,25,30,21,23,20,23,24,442,636,1261,167,96,61,112,119,1.0,-0.383,1.0,-0.094,1.015,0.273,3
8.65,17.5,22.6,3.9,2.325,1.65,2.275,2.45,1.325,2.575,8.35,0.975,0.225,-0.15,0.325,0.2,20,20,23,16,14,13,14,10,25,25,24,20,22,23,25,22,587,1081,1221,227,135,87,142,141,1.0,-0.383,1.0,-0.136,1.025,0.283,3
9.975,20.075,30.95,4.875,2.55,1.5,2.6,2.65,0.625,2.875,2.9,-0.4,0.05,0.1,0.025,-0.2,19,23,20,18,16,15,16,17,24,26,21,20,23,22,25,23,620,1297,1528,296,166,94,160,159,1.0,-0.383,1.0,-0.162,1.03,0.288,3
10.6,22.95,33.85,4.475,2.6,1.6,2.625,2.45,-0.075,5.85,3.7,0.4,0.5,0.4,0.275,-0.025,20,23,20,19,17,12,19,21,26,27,22,23,20,23,20,26,647,1473,1732,270,145,99,144,151,1.0,-0.383,1.0,-0.174,1.031,0.291,3
10.525,28.8,37.55,4.875,3.1,2.0,2.9,2.425,-1.475,-2.875,-3.85,-0.475,-0.25,-0.225,-0.2,0.175,19,25,24,19,16,16,23,14,22,28,23,26,19,26,20,24,630,1851,2243,301,147,112,169,150,1.0,-0.383,1.0,-0.181,1.031,0.293,3
9.05,25.925,33.7,4.4,2.85,1.775,2.7,2.6,-1.45,2.225,-6.65,0.65,-0.1,-0.25,0.3,-0.075,21,22,21,15,10,16,23,17,23,24,23,25,18,25,25,25,537,1502,2003,271,122,102,175,158,1.0,-0.383,1.0,-0.185,1.031,0.294,3
7.6,28.15,27.05,5.05,2.75,1.525,3.0,2.525,0.725,2.975,2.2,0.875,-0.075,-0.05,0.425,-0.1,21,22,17,18,11,12,20,15,29,23,25,21,19,21,24,21,462,1696,1534,288,133,84,165,140,1.0,-0.383,1.0,-0.187,1.03,0.295,3
8.325,31.125,29.25,5.925,2.675,1.475,3.425,2.425,-0.125,-1.15,-0.675,-0.1,0.025,0.075,-0.4,0.525,22,24,19,23,14,11,18,14,35,27,27,19,21,20,26,19,578,1912,1687,346,150,87,189,132,1.0,-0.383,1.0,-0.188,1.03,0.296,3
8.2,29.975,28.575,5.825,2.7,1.55,3.025,2.95,0.65,2.525,-3.0,-0.725,-0.2,0.375,-0.025,0.375,21,22,25,24,14,16,17,21,33,29,28,23,23,20,24,20,552,2010,1708,362,153,91,179,179,1.0,-0.383,1.0,-0.188,1.03,0.296,3
8.85,32.5,25.575,5.1,2.5,1.925,3.0,3.325,-0.05,-2.575,1.9,0.475,-0.275,0.1,-0.375,-0.425,19,21,24,24,10,22,19,19,25,28,26,26,24,27,25,23,456,2309,1634,326,134,120,182,191,1.0,-0.383,1.0,-0.187,1.03,0.296,3
8.8,29.925,27.475,5.575,2.225,2.025,2.625,2.9,-0.2,-7.3,-4.0,1.575,0.9,0.175,0.3,0.575,22,21,23,20,13,17,17,19,26,28,24,25,26,30,26,27,463,1920,1731,321,135,130,163,169,1.0,-0.383,1.0,-0.187,1.03,0.297,3
8.6,22.625,23.475,7.15,3.125,2.2,2.925,3.475,1.0,-0.125,2.8,-0.725,0.225,-0.175,0.525,0.375,23,19,24,20,15,11,12,21,28,26,24,23,24,25,19,26,532,1197,1499,426,156,113,149,205,1.0,-0.383,1.0,-0.187,1.031,0.297,3
9.6,22.5,26.275,6.425,3.35,2.025,3.45,3.85,-0.85,0.2,-1.7,-0.45,-0.425,-0.375,-0.45,-0.675,21,21,25,18,13,13,12,16,27,24,31,24,20,20,18,24,591,1326,1802,382,144,102,172,208,1.0,-0.383,1.0,-0.187,1.031,0.296,3
8.75,22.7,24.575,5.975,2.925,1.65,3.0,3.175,-1.575,-1.55,1.025,0.975,-0.325,-0.025,-0.375,-0.85,25,24,22,17,19,19,14,15,27,25,36,24,22,22,21,22,567,1533,1675,373,160,100,161,173,1.0,-0.383,1.0,-0.187,1.031,0.296,3
7.175,21.15,25.6,6.95,2.6,1.625,2.625,2.325,0.3,4.55,5.4,-0.475,-0.25,-0.05,0.05,-0.1,26,24,20,16,17,14,16,15,29,26,30,20,23,20,20,20,516,1372,1472,400,141,89,143,133,1.0,-0.383,1.0,-0.187,1.031,0.295,3
7.475,25.7,31.0,6.475,2.35,1.575,2.675,2.225,0.975,2.075,-3.25,-0.85,-0.05,0.025,0.425,0.75,21,21,26,13,15,12,14,16,27,26,27,23,25,21,22,21,471,1647,1825,379,133,99,173,128,1.0,-0.383,1.0,-0.186,1.031,0.296,3
8.45,27.775,27.75,5.625,2.3,1.6,3.1,2.975,0.575,-4.525,-2.575,-0.3,0.05,-0.05,-0.225,0.0,20,21,26,16,16,10,13,16,27,25,29,23,22,21,24,24,508,1834,1790,337,135,90,183,165,1.0,-0.383,1.0,-0.186,1.031,0.296,3
9.025,23.25,25.175,5.325,2.35,1.55,2.875,2.975,-1.125,-4.025,1.625,-0.85,0.2,0.275,-0.175,-0.275,23,21,23,18,14,6,15,14,28,24,26,23,21,22,20,27,570,1483,1653,328,128,89,162,180,1.0,-0.383,1.0,-0.186,1.032,0.297,3
7.9,19.225,26.8,4.475,2.55,1.825,2.7,2.7,-0.25,1.35,0.9,-0.325,-0.1,-0.025,-0.2,-0.4,22,21,26,20,20,8,17,14,27,22,27,24,23,14,23,25,494,1207,1810,288,147,94,170,167,1.0,-0.383,1.0,-0.186,1.033,0.297,3
7.65,20.575,27.7,4.15,2.45,1.8,2.5,2.3,1.8,1.85,-2.1,0.9,0.35,0.2,-0.075,0.45,20,21,26,18,18,7,16,17,25,23,27,20,20,9,25,24,460,1249,1827,227,131,73,158,133,1.0,-0.383,1.0,-0.186,1.033,0.298,3
9.45,22.425,25.6,5.05,2.8,2.0,2.425,2.75,0.45,1.0,3.625,0.875,0.4,0.15,0.4,0.65,23,21,21,15,11,11,16,23,26,27,25,21,12,16,26,29,553,1379,1435,278,118,100,155,171,1.0,-0.383,1.0,-0.186,1.033,0.298,3
9.9,23.425,29.225,5.925,3.2,2.15,2.825,3.4,0.0,5.575,5.05,-0.1,-0.025,-0.1,0.7,-0.025,20,20,20,18,12,12,15,18,27,31,24,21,14,22,22,27,615,1521,1814,348,142,112,157,201,1.0,-0.383,1.0,-0.187,1.033,0.298,3
9.9,29.0,34.275,5.825,3.175,2.05,3.525,3.375,-0.6,2.875,0.25,-0.85,0.075,0.225,-0.05,-0.25,17,23,21,21,17,14,16,15,22,30,25,21,19,26,20,22,612,1920,2151,358,171,127,190,195,1.0,-0.383,1.0,-0.186,1.032,0.298,3
9.3,31.875,34.525,4.975,3.25,2.275,3.475,3.125,-3.175,-12.9,-9.8,-1.575,-0.6,-0.275,-1.15,-0.375,17,27,25,20,20,15,16,14,17,26,27,23,22,26,18,19,603,2169,2196,320,192,142,203,189,1.0,-0.383,1.0,-0.186,1.031,0.298,3
6.125,18.975,24.725,3.4,2.65,2.0,2.325,2.75,-3.675,-12.95,-8.7,-0.675,-0.975,-0.475,-0.575,-0.175,14,21,21,19,19,14,15,11,19,24,27,18,22,21,21,18,391,1252,1559,201,164,114,160,157,1.0,-0.383,1.0,-0.031,0.888,0.18,3
2.45,6.025,16.025,2.725,1.675,1.525,1.75,2.575,-0.85,-2.95,-1.55,-0.325,-0.25,-0.375,-0.2,0.05,14,13,19,21,13,11,14,19,20,21,27,16,16,21,24,29,146,338,1008,153,82,78,117,165,1.0,-0.383,1.0,0.162,0.711,0.032,3
1.6,3.075,14.475,2.4,1.425,1.15,1.55,2.625,0.275,4.525,2.35,-0.275,0.225,0.25,-0.1,-0.125,12,10,23,23,9,7,11,20,17,22,29,22,15,14,22,27,85,154,930,148,60,51,92,175,1.0,-0.383,1.0,0.198,0.683,0.009,3
1.875,7.6,16.825,2.125,1.65,1.4,1.45,2.5,0.325,1.725,1.425,-0.15,-0.1,0.0,-0.05,-0.35,11,16,19,17,9,7,7,15,19,28,30,20,17,12,17,19,101,472,1128,128,79,56,76,148,1.0,-0.383,1.0,0.189,0.715,0.041,3
2.2,9.325,18.25,1.975,1.55,1.4,1.4,2.15,-0.525,-3.775,-3.5,-0.025,0.15,-0.075,-0.25,-0.4,13,20,20,13,8,7,8,14,18,25,30,18,18,17,20,22,121,561,1187,113,79,56,65,120,1.0,-0.383,1.0,0.164,0.773,0.1,3
1.675,5.55,14.75,1.95,1.7,1.325,1.15,1.75,0.075,-0.125,3.125,0.025,-0.025,0.125,0.075,-0.275,10,22,25,10,9,4,10,12,15,25,27,20,17,17,23,22,84,341,953,104,78,54,52,99,1.0,-0.383,1.0,0.129,0.833,0.159,3
1.75,5.425,17.875,1.975,1.675,1.45,1.225,1.475,1.225,2.925,2.225,-0.375,-0.3,-0.35,-0.05,-0.125,9,21,26,11,7,7,12,10,20,24,24,22,18,18,21,17,110,343,1163,113,87,65,58,80,1.0,-0.383,1.0,0.094,0.881,0.2,3
2.975,8.35,20.1,1.6,1.375,1.1,1.175,1.35,0.8,0.6,-3.375,-0.225,0.075,-0.1,-0.225,0.0,13,19,23,11,10,6,9,7,23,24,27,22,17,21,23,17,188,538,1304,95,74,52,60,73,1.0,-0.383,1.0,0.057,0.921,0.23,3
3.775,8.95,16.725,1.375,1.45,1.0,0.95,1.35,0.425,0.0,5.8,1.075,-0.05,0.125,0.075,0.075,14,20,21,13,12,5,4,10,23,25,26,19,14,22,23,22,209,564,1094,87,63,50,51,85,1.0,-0.383,1.0,0.014,0.958,0.254,3
4.2,8.95,22.525,2.45,1.4,1.125,1.025,1.425,1.675,4.025,2.65,1.25,0.425,0.1,0.1,0.15,17,21,20,16,4,5,6,12,27,23,25,20,17,17,18,22,275,484,1276,130,58,51,46,80,1.0,-0.383,1.0,-0.046,0.996,0.276,3
5.875,12.975,25.175,3.7,1.825,1.225,1.125,1.575,3.95,6.15,0.675,1.85,0.55,0.3,0.35,0.425,21,21,20,18,7,5,6,9,27,23,25,23,18,13,15,22,396,694,1552,224,84,52,45,85,1.0,-0.383,1.0,-0.112,1.024,0.291,3
9.825,19.125,25.85,5.55,2.375,1.525,1.475,2.0,0.525,4.725,8.45,0.975,0.575,0.35,0.275,0.2,23,20,22,19,16,8,9,11,25,20,24,21,20,19,15,23,608,887,1541,329,133,82,75,118,1.0,-0.383,1.0,-0.166,1.034,0.3,3
10.35,23.85,34.3,6.525,2.95,1.875,1.75,2.2,-0.05,5.85,-4.1,-0.4,0.2,0.1,0.525,0.525,24,18,24,21,19,18,14,18,25,21,27,23,23,23,23,25,643,1224,2143,368,177,118,113,130,1.0,-0.383,1.0,-0.197,1.036,0.305,3
10.3,29.7,30.2,6.125,3.15,1.975,2.275,2.725,-0.8,0.525,1.825,0.4,-0.65,-0.2,0.2,0.2,24,16,20,22,19,19,17,21,27,22,27,26,23,19,22,25,657,1649,1911,379,175,113,142,161,1.0,-0.383,1.0,-0.21,1.035,0.306,3
9.5,30.225,32.025,6.525,2.5,1.775,2.475,2.925,-3.025,-3.05,3.8,-0.45,-0.425,-0.1,-0.275,-0.025,25,20,17,22,20,14,16,22,26,24,21,27,24,20,23,23,543,1742,1680,407,144,102,160,179,1.0,-0.383,1.0,-0.219,1.035,0.307,3
6.475,27.175,35.825,6.075,2.075,1.675,2.2,2.9,1.85,-0.675,-7.775,0.05,0.075,0.175,0.675,0.05,21,25,25,16,16,9,15,18,25,29,26,25,25,18,23,22,372,1702,2103,342,124,78,146,169,1.0,-0.383,1.0,-0.22,1.036,0.307,3
8.325,26.5,28.05,6.125,2.15,1.85,2.875,2.95,0.225,1.65,-1.1,0.975,0.5,0.55,1.25,0.075,17,21,26,12,10,11,17,16,21,29,27,22,21,17,25,21,460,1671,1692,311,122,83,171,164,1.0,-0.383,1.0,-0.219,1.036,0.307,3
8.55,28.15,26.95,7.1,2.65,2.4,4.125,3.025,-0.4,4.9,4.225,-0.675,0.375,0.05,0.175,0.0,23,23,24,16,15,12,17,14,25,27,25,24,22,16,23,18,518,1720,1561,421,147,118,241,158,1.0,-0.383,1.0,-0.218,1.036,0.307,3
8.15,33.05,31.175,6.425,3.025,2.45,4.3,3.025,0.925,-0.9,-3.5,-0.7,-0.175,-0.475,-1.2,-0.5,23,28,24,18,19,13,19,18,29,28,29,24,27,20,21,22,543,2095,1960,418,193,135,264,168,1.0,-0.383,1.0,-0.218,1.035,0.307,3
9.075,32.15,27.675,5.725,2.85,1.975,3.1,2.525,1.525,-1.675,-3.35,-0.425,-0.175,-0.175,-0.05,0.25,18,20,19,23,19,19,18,19,27,28,29,25,25,27,26,26,500,1961,1744,382,178,122,199,155,1.0,-0.383,1.0,-0.217,1.034,0.308,3
10.6,30.475,24.325,5.3,2.675,1.8,3.05,2.775,-0.1,-6.225,4.15,0.825,-0.2,0.05,0.875,-0.025,16,19,21,20,20,17,15,14,24,27,30,24,23,23,26,20,540,1835,1557,335,149,99,176,163,1.0,-0.383,1.0,-0.216,1.034,0.308,3
10.5,24.25,28.475,6.125,2.475,1.85,3.925,2.75,-0.975,2.025,-3.75,1.6,-0.075,0.3,-0.1,-0.2,19,26,24,16,20,17,19,19,26,28,27,24,25,25,26,21,620,1633,1686,358,140,111,226,173,1.0,-0.383,1.0,-0.215,1.035,0.308,3
9.525,26.275,24.725,7.725,2.4,2.15,3.825,2.55,0.475,0.075,-0.425,-0.5,0.35,0.025,-0.15,0.575,20,24,21,20,18,23,23,16,22,28,22,27,23,28,31,24,558,1567,1319,470,142,144,241,137,1.0,-0.383,1.0,-0.215,1.035,0.308,3
10.0,26.35,24.3,7.225,2.75,2.175,3.675,3.125,-3.725,-11.75,4.775,-1.775,-0.25,-0.475,-0.75,0.25,21,22,25,20,17,19,19,15,22,26,26,28,23,26,28,21,612,1529,1505,463,153,131,223,160,1.0,-0.383,1.0,-0.214,1.035,0.308,3
6.275,14.6,29.075,5.45,2.5,1.7,2.925,3.375,-4.125,-7.575,-7.6,-2.45,-0.7,-0.25,-0.975,0.0,20,25,25,17,14,11,12,17,25,28,26,23,25,22,22,24,402,920,1825,342,149,105,163,207,1.0,-0.383,1.0,-0.089,0.927,0.213,3
2.15,7.025,21.475,3.0,1.8,1.45,1.95,3.375,-0.7,-2.35,-7.7,-0.625,0.5,0.375,-0.45,-0.725,13,20,22,12,8,5,13,15,20,25,27,19,22,16,23,27,111,425,1348,170,92,66,105,196,1.0,-0.383,1.0,0.119,0.754,0.06,3
1.45,4.675,13.775,2.375,2.3,1.825,1.5,2.65,0.05,1.675,2.35,0.1,0.0,-0.15,-0.5,-1.075,12,14,22,12,5,8,14,12,20,26,27,25,21,19,20,25,68,276,898,137,114,78,82,153,1.0,-0.383,1.0,0.201,0.695,0.01,3
1.5,6.35,16.125,2.475,2.3,1.675,1.0,1.575,-0.25,-1.7,0.1,-0.3,-0.9,-0.325,0.175,-0.3,13,19,23,11,6,10,8,12,20,24,26,23,19,23,18,18,79,381,1040,146,110,86,55,85,1.0,-0.383,1.0,0.197,0.712,0.032,3
1.25,4.65,16.225,2.175,1.4,1.35,1.175,1.275,0.075,-1.4,3.225,0.775,0.35,0.2,0.0,-0.175,10,24,24,12,10,5,8,8,17,23,28,21,17,17,16,17,73,293,1030,118,63,61,54,65,1.0,-0.383,1.0,0.188,0.736,0.063,3
1.325,3.25,19.45,2.95,1.75,1.55,1.175,1.1,0.3,0.575,-0.525,0.275,0.725,0.175,-0.075,0.1,14,20,25,22,13,7,8,5,21,23,28,26,22,15,19,20,76,188,1295,186,102,63,59,61,1.0,-0.383,1.0,0.17,0.768,0.102,3
1.625,3.825,18.925,3.225,2.475,1.725,1.1,1.2,-0.25,0.35,-2.375,-0.9,-0.525,-0.25,0.15,0.025,15,17,22,19,13,9,8,8,20,22,26,24,18,20,20,20,84,194,1209,204,124,84,59,62,1.0,-0.383,1.0,0.142,0.807,0.146,3
1.375,4.175,16.55,2.325,1.95,1.475,1.25,1.225,0.1,0.625,0.65,-0.05,-0.5,-0.4,-0.125,0.05,10,22,24,17,6,6,8,9,17,26,26,21,11,21,15,21,68,246,1074,130,73,65,42,61,1.0,-0.383,1.0,0.108,0.846,0.185,3
1.475,4.8,17.2,2.275,1.45,1.075,1.125,1.275,1.425,2.25,2.65,0.375,0.075,-0.2,-0.15,0.125,11,23,21,19,6,10,8,11,17,25,27,26,18,19,10,19,86,312,1110,137,68,54,34,66,1.0,-0.383,1.0,0.068,0.889,0.218,3
2.9,7.05,19.85,2.65,1.525,0.875,0.975,1.4,3.95,1.4,0.125,-0.125,-0.225,-0.075,-0.025,0.075,17,18,19,15,6,5,7,9,17,22,28,24,19,22,15,16,176,408,1261,149,70,46,44,70,1.0,-0.383,1.0,0.024,0.931,0.247,3
6.85,8.45,19.975,2.525,1.3,0.8,0.95,1.475,2.725,1.325,0.425,0.275,0.075,0.275,0.35,0.225,21,19,20,13,4,2,4,14,22,21,27,25,19,20,19,16,361,506,1259,146,59,39,45,79,1.0,-0.383,1.0,-0.013,0.962,0.265,3
9.575,9.775,20.4,2.8,1.375,1.075,1.3,1.7,3.075,4.675,2.775,0.325,0.025,0.125,-0.05,0.2,21,18,24,9,7,7,10,16,25,22,25,18,19,17,21,19,584,554,1268,141,66,54,63,92,1.0,-0.383,1.0,-0.049,0.983,0.275,3
12.65,14.45,23.175,3.125,1.4,1.2,1.25,1.9,1.825,2.75,0.425,1.625,0.325,-0.075,-0.125,0.15,18,20,24,16,12,7,10,11,25,25,23,19,14,16,16,22,733,924,1370,175,60,64,64,112,1.0,-0.383,1.0,-0.085,0.998,0.282,3
14.475,17.2,23.6,4.75,1.725,1.125,1.125,2.05,-3.025,5.25,0.25,1.7,0.55,0.275,0.25,-0.025,16,22,19,24,15,6,6,10,24,26,22,26,17,16,20,25,691,1075,1257,324,91,66,63,124,1.0,-0.383,1.0,-0.13,1.009,0.29,3
11.45,22.45,23.85,6.45,2.275,1.4,1.375,2.025,0.4,5.625,4.525,0.6,0.125,0.225,0.575,0.4,20,23,17,22,13,9,7,8,27,26,28,22,23,20,19,23,624,1419,1267,365,137,85,71,117,1.0,-0.383,1.0,-0.171,1.015,0.295,3
11.85,28.075,28.375,7.05,2.4,1.625,1.95,2.425,0.125,-3.575,9.65,-0.475,0.0,0.125,0.75,0.75,21,22,18,20,18,15,12,12,27,23,29,21,24,20,16,21,770,1708,1586,380,147,92,98,143,1.0,-0.383,1.0,-0.192,1.014,0.298,3
11.975,24.5,38.025,6.575,2.4,1.75,2.7,3.175,-1.85,-4.1,-1.575,-0.325,-0.2,0.15,0.25,-0.3,22,21,22,24,18,13,18,19,27,24,27,27,22,20,22,25,799,1380,2296,415,150,103,155,197,1.0,-0.383,1.0,-0.2,1.012,0.299,3
10.125,20.4,36.45,6.25,2.2,1.9,2.95,2.875,-1.0,3.525,-11.175,0.925,0.025,-0.125,-0.35,-0.625,24,19,28,23,13,10,15,14,27,26,27,25,23,24,27,20,670,1142,2274,379,131,111,163,166,1.0,-0.383,1.0,-0.2,1.011,0.299,3
9.125,23.925,25.275,7.175,2.225,1.775,2.6,2.25,1.0,6.175,-3.825,-0.275,0.2,-0.2,-0.475,0.375,22,21,22,19,21,16,17,12,24,25,27,19,28,24,27,20,572,1421,1539,372,143,107,154,131,1.0,-0.383,1.0,-0.2,1.011,0.3,3
10.125,30.1,21.45,6.9,2.425,1.575,2.125,2.625,2.325,0.425,6.2,-0.825,-0.075,0.25,0.575,0.8,20,28,16,14,21,17,19,20,23,27,25,21,26,23,20,26,569,1952,1290,336,147,95,123,167,1.0,-0.383,1.0,-0.199,1.012,0.3,3
12.45,30.525,27.65,6.075,2.35,1.825,2.7,3.425,-1.025,-1.775,5.65,0.3,0.025,0.075,0.3,0.2,21,25,19,14,15,14,17,24,25,29,26,24,16,20,19,28,735,2035,1663,321,111,105,141,222,1.0,-0.383,1.0,-0.198,1.012,0.3,3
11.425,28.75,33.3,6.375,2.375,1.9,3.0,3.625,-1.925,1.8,6.05,-0.55,0.0,-0.075,-0.4,-0.675,22,21,24,19,13,16,17,19,28,25,26,21,21,22,24,27,696,1734,2030,323,117,108,162,210,1.0,-0.383,1.0,-0.199,1.013,0.3,3
9.5,30.55,39.35,5.825,2.375,1.825,2.6,2.95,0.3,-1.6,-10.3,-0.075,0.0,0.025,-0.45,-0.55,20,23,26,17,11,17,18,13,27,25,27,23,25,22,25,21,598,1740,2652,305,124,97,162,160,1.0,-0.383,1.0,-0.2,1.013,0.3,3
9.8,28.95,29.05,5.75,2.375,1.85,2.15,2.4,-0.775,-4.575,-4.275,0.1,0.225,0.175,0.2,0.025,22,21,23,17,16,19,15,17,28,23,27,22,22,27,23,27,640,1621,1906,316,136,109,131,159,1.0,-0.383,1.0,-0.201,1.013,0.299,3
9.025,24.375,24.775,5.85,2.6,2.025,2.35,2.425,-0.3,2.25,10.7,-0.125,0.075,-0.025,0.775,0.35,25,23,19,18,17,19,13,22,28,25,26,27,21,26,20,30,646,1448,1469,342,158,123,118,167,1.0,-0.383,1.0,-0.201,1.013,0.299,3
8.725,26.625,35.475,5.725,2.675,2.0,3.125,2.775,0.0,0.925,-0.675,-0.05,0.025,-0.075,-0.6,-0.3,21,21,19,14,13,16,14,18,29,30,26,27,22,24,19,26,609,1609,2139,374,163,127,181,170,1.0,-0.383,1.0,-0.201,1.013,0.299,3
8.725,27.55,34.8,5.675,2.7,1.925,2.525,2.475,-1.15,-0.2,-6.45,0.175,-0.275,0.125,-0.725,-0.2,21,21,24,19,12,14,14,11,29,27,27,22,20,23,25,24,564,1593,2230,343,145,103,153,139,1.0,-0.383,1.0,-0.201,1.014,0.299,3
7.575,27.35,28.35,5.85,2.425,2.05,1.8,2.275,-0.275,-2.575,-3.075,1.075,-0.275,-0.275,0.475,0.375,22,27,24,25,9,15,13,11,25,28,24,23,21,20,26,24,415,1801,1782,355,119,96,113,132,1.0,-0.383,1.0,-0.201,1.014,0.299,3
7.3,24.775,25.275,6.925,2.15,1.775,2.275,2.65,-0.575,0.7,-1.5,0.275,0.1,-0.025,0.9,-0.075,22,26,22,20,11,13,14,16,24,28,22,24,27,23,27,24,407,1650,1577,440,124,108,152,171,1.0,-0.383,1.0,-0.2,1.013,0.299,3
1.75,3.85,18.65,2.275,1.275,0.85,1.55,2.7,0.375,0.625,1.75,-0.275,0.025,0.1,-0.175,0.25,8,20,22,18,8,2,9,10,18,23,22,26,15,15,24,22,84,234,1124,149,59,34,91,168,2.0,-0.383,1.383,0.198,0.672,-0.038,3
2.125,4.475,20.4,2.0,1.3,0.95,1.375,2.95,-0.225,0.25,-2.15,-0.125,-0.125,0.175,0.05,0.05,11,23,28,13,9,4,6,18,18,26,30,20,18,17,21,22,99,300,1377,128,65,41,80,188,2.0,-0.383,1.383,0.198,0.673,-0.038,3
1.9,4.725,18.25,1.875,1.175,1.125,1.425,3.0,-0.25,-0.5,-1.275,0.275,-0.075,0.0,0.625,0.55,10,24,23,8,7,11,8,22,21,26,24,14,20,20,16,25,100,316,1104,93,54,57,82,188,2.0,-0.383,1.383,0.197,0.675,-0.037,3
1.65,4.225,16.975,2.15,1.1,1.125,2.05,3.55,0.175,0.1,-1.25,0.175,-0.1,-0.05,-0.075,0.45,13,21,22,10,5,16,16,18,24,24,25,19,13,22,24,28,101,274,1021,112,41,65,122,242,2.0,-0.383,1.383,0.197,0.678,-0.035,3
1.825,4.325,15.725,2.325,1.0,1.075,1.975,4.0,0.25,-0.325,-0.675,-0.175,0.225,0.3,-0.35,-0.75,16,17,23,16,4,10,19,17,25,19,26,24,15,19,25,27,127,266,1050,128,45,51,125,244,2.0,-0.383,1.383,0.196,0.679,-0.035,3
2.075,4.0,15.05,2.15,1.225,1.375,1.625,3.25,0.05,1.0,-1.125,0.4,2.35,1.325,0.375,-0.875,12,15,20,12,5,8,13,14,22,22,25,21,16,15,21,25,124,234,922,105,68,61,97,185,2.0,-0.383,1.383,0.195,0.682,-0.034,3
2.125,5.0,13.925,2.55,3.575,2.7,2.0,2.375,-0.325,1.875,-1.275,0.1,-0.025,-0.35,-0.2,-0.45,15,16,20,13,11,9,12,13,22,26,26,18,20,21,26,20,105,285,875,117,208,147,104,128,2.0,-0.383,1.383,0.197,0.709,-0.015,3
1.8,6.875,12.65,2.65,3.55,2.35,1.8,1.925,-0.175,0.25,-1.075,-0.425,-2.35,-1.4,-0.45,-0.25,13,25,21,20,13,7,13,16,23,31,29,21,16,18,26,17,97,443,843,145,194,115,88,111,2.0,-0.383,1.383,0.198,0.768,0.028,3
1.625,7.125,11.575,2.225,1.2,0.95,1.35,1.675,1.8,1.925,0.275,-0.175,0.175,0.15,0.375,0.45,12,28,20,19,9,4,12,14,26,30,27,27,15,13,22,18,108,498,716,139,54,47,76,104,2.0,-0.383,1.383,0.189,0.838,0.078,3
3.425,9.05,11.85,2.05,1.375,1.1,1.725,2.125,2.05,-1.025,0.95,0.15,0.45,0.225,-0.025,0.4,19,24,22,13,13,5,13,13,26,29,25,19,21,10,24,24,204,662,745,112,76,47,108,143,2.0,-0.383,1.383,0.167,0.913,0.123,3
5.475,8.025,12.8,2.2,1.825,1.325,1.7,2.525,0.45,-1.925,4.85,-0.1,-0.075,-0.075,-0.525,-0.225,22,17,22,11,14,12,14,15,23,23,26,13,24,13,23,18,329,493,771,98,96,57,107,159,2.0,-0.383,1.383,0.133,0.989,0.158,3
5.925,6.1,17.65,2.1,1.75,1.25,1.175,2.3,1.275,3.3,5.95,0.225,-0.175,-0.175,0.05,-0.025,17,17,25,12,12,7,8,19,23,22,29,21,27,18,17,18,346,340,1172,103,88,51,65,144,2.0,-0.383,1.383,0.091,1.054,0.183,3
7.2,9.4,23.6,2.325,1.575,1.075,1.225,2.275,2.425,0.3,0.0,1.55,-0.025,0.025,0.05,-0.475,17,20,30,19,17,7,4,20,24,27,31,26,24,21,18,20,410,583,1696,134,87,51,63,142,2.0,-0.383,1.383,0.043,1.11,0.2,3
9.625,9.7,23.6,3.875,1.55,1.1,1.275,1.8,0.375,-1.0,-0.275,0.025,-0.35,0.025,0.1,0.525,23,20,26,26,13,10,7,11,23,27,31,28,20,25,17,15,586,567,1555,241,93,67,66,94,2.0,-0.383,1.383,-0.015,1.16,0.216,3
10.0,8.7,23.325,3.9,1.2,1.125,1.375,2.325,2.4,3.425,5.925,-1.25,0.1,0.15,0.2,0.675,24,19,27,24,6,7,7,15,24,26,32,26,24,26,12,21,612,509,1563,262,75,68,71,145,2.0,-0.383,1.383,-0.071,1.198,0.233,3
12.4,12.125,29.25,2.65,1.3,1.275,1.575,3.0,1.2,3.075,2.25,2.3,0.7,0.025,0.2,-0.125,22,20,24,12,7,9,8,17,27,24,27,19,21,22,18,28,779,760,1837,165,71,69,82,187,2.0,-0.383,1.383,-0.125,1.227,0.252,3
13.6,15.2,31.5,4.95,2.0,1.3,1.775,2.875,-0.625,2.6,4.325,2.85,0.4,0.15,0.375,0.575,18,23,15,13,13,7,11,12,25,26,17,17,15,18,22,22,846,951,1614,248,97,62,89,159,2.0,-0.383,1.383,-0.175,1.247,0.273,3
12.975,17.8,35.825,7.8,2.4,1.45,2.15,3.45,-0.6,-2.3,2.5,-1.025,0.05,0.3,-0.075,-0.475,20,20,19,18,17,7,18,15,22,26,24,21,20,17,28,20,840,1107,2020,394,119,78,127,198,2.0,-0.383,1.383,-0.202,1.257,0.288,3
12.375,15.5,38.325,6.775,2.45,1.75,2.075,2.975,-2.025,-2.275,-9.275,-1.075,0.075,0.025,-0.2,-0.875,18,19,20,21,13,11,19,14,19,24,25,26,20,18,22,24,751,911,2323,424,127,99,131,179,2.0,-0.383,1.383,-0.211,1.262,0.295,3
10.35,13.225,29.05,5.7,2.525,1.775,1.875,2.1,-1.675,5.775,3.85,1.075,-0.175,-0.275,-0.15,0.2,17,15,23,18,13,12,15,15,20,24,23,25,23,21,18,24,543,771,1791,347,143,96,100,119,2.0,-0.383,1.383,-0.215,1.265,0.301,3
8.675,19.0,32.9,6.775,2.35,1.5,1.725,2.3,-0.725,0.9,1.1,1.45,-0.1,-0.2,0.2,-0.075,14,17,28,16,16,12,17,16,22,27,27,20,24,21,21,21,446,1134,2200,388,139,84,95,124,2.0,-0.383,1.383,-0.218,1.267,0.307,3
7.95,19.9,34.0,8.225,2.25,1.3,1.925,2.225,0.75,-0.925,-7.5,0.15,0.025,0.15,0.775,0.375,16,21,23,20,17,7,17,18,27,25,28,23,24,16,21,18,431,1238,2089,538,125,80,111,119,2.0,-0.383,1.383,-0.219,1.27,0.314,3
8.7,18.975,26.5,8.375,2.275,1.45,2.7,2.6,1.325,3.775,0.525,0.1,0.025,0.1,0.275,0.6,20,21,20,19,14,6,15,17,25,24,28,25,20,13,21,17,497,1169,1528,527,127,88,137,132,2.0,-0.383,1.383,-0.221,1.272,0.319,3
10.025,22.75,27.025,8.475,2.3,1.55,2.975,3.2,-0.525,-0.45,2.75,-1.675,0.4,-0.1,-0.45,-0.425,18,23,22,18,14,11,16,17,23,25,27,25,22,12,18,20,609,1445,1654,502,142,95,161,186,2.0,-0.383,1.383,-0.223,1.274,0.323,3
9.5,22.3,29.775,6.8,2.7,1.45,2.525,2.775,-0.475,-2.275,3.575,-1.875,-0.175,-0.3,-0.15,-0.325,22,19,23,20,16,10,21,15,28,24,29,27,24,19,23,22,623,1294,1789,405,160,84,154,165,2.0,-0.383,1.383,-0.224,1.275,0.326,3
9.025,20.025,33.35,4.925,2.525,1.15,2.375,2.45,0.975,-4.175,-4.0,0.875,-0.325,0.125,0.125,0.025,25,17,23,18,15,2,19,15,28,27,28,23,27,19,28,24,603,1163,2044,263,156,53,136,129,2.0,-0.383,1.383,-0.224,1.276,0.329,3
10.0,15.85,29.35,5.8,2.2,1.275,2.5,2.475,-0.95,1.85,-0.075,1.1,0.4,0.425,0.675,0.075,19,21,26,19,14,6,16,21,21,25,27,21,25,20,26,25,546,955,1820,354,143,76,148,145,2.0,-0.383,1.383,-0.224,1.278,0.33,3
9.05,17.7,29.275,6.9,2.6,1.7,3.175,2.55,-0.15,2.3,8.375,0.35,0.0,0.2,-0.025,0.45,19,24,27,19,18,13,19,18,20,25,25,23,26,25,23,22,425,1132,1704,432,156,109,183,152,2.0,-0.383,1.383,-0.223,1.279,0.332,3
8.9,20.0,37.65,7.25,2.6,1.9,3.15,3.0,0.7,-0.175,-4.525,-0.2,-0.45,-0.05,-0.375,0.075,19,23,22,21,15,10,16,17,24,22,24,21,24,19,26,18,490,1279,2345,431,151,113,203,164,2.0,-0.383,1.383,-0.222,1.28,0.333,3
9.6,19.825,33.125,7.05,2.15,1.85,2.775,3.075,-0.925,0.125,0.15,0.65,-0.225,-0.125,0.35,0.1,17,23,20,21,9,9,16,18,24,25,24,23,22,16,23,17,520,1235,2123,417,125,103,172,156,2.0,-0.383,1.383,-0.221,1.28,0.333,3
8.675,19.95,33.275,7.7,1.925,1.725,3.125,3.175,-0.8,-1.75,-0.35,-0.35,-0.025,0.15,-0.125,-0.1,21,16,23,17,12,14,23,17,20,25,25,21,22,18,24,21,482,1117,2035,431,114,104,197,190,2.0,-0.383,1.383,-0.22,1.28,0.334,3
7.875,18.2,32.925,7.35,1.9,1.875,3.0,3.075,-0.4,3.525,-5.175,-0.05,0.65,0.3,0.25,-0.05,21,17,19,21,17,16,20,20,24,23,24,24,27,23,26,26,473,976,1837,429,127,119,197,206,2.0,-0.383,1.383,-0.22,1.279,0.334,3
7.475,21.725,27.75,7.3,2.55,2.175,3.25,3.025,0.325,0.15,0.325,-0.525,0.05,-0.225,0.375,-0.025,23,23,18,21,24,22,18,17,25,25,25,23,31,26,24,23,454,1256,1419,451,173,138,197,188,2.0,-0.383,1.383,-0.219,1.279,0.333,3
7.8,21.875,28.075,6.775,2.6,1.95,3.625,3.0,1.175,-0.7,0.425,-2.025,-0.3,-0.25,-0.2,-0.05,20,21,23,12,21,19,19,17,23,24,28,19,28,27,23,22,476,1318,1672,350,162,118,218,177,2.0,-0.383,1.383,-0.219,1.279,0.332,3
8.975,21.175,28.5,4.75,2.3,1.7,3.425,2.95,0.775,-1.825,4.025,0.95,-0.05,0.2,-0.275,0.425,16,20,23,11,12,13,15,20,23,23,25,18,21,24,22,24,572,1133,1728,254,128,93,201,178,2.0,-0.383,1.383,-0.218,1.279,0.331,3
9.75,19.35,32.525,5.7,2.25,1.9,3.15,3.375,0.275,-0.6,1.95,2.0,-0.05,0.05,0.625,0.3,15,22,21,12,9,12,12,15,23,22,22,19,20,19,23,23,617,1080,1997,307,122,100,184,184,2.0,-0.383,1.383,-0.219,1.277,0.33,3
10.025,18.75,34.475,7.7,2.2,1.95,3.775,3.675,0.75,6.975,2.25,-0.725,0.075,-0.1,0.6,0.35,16,23,24,20,13,7,14,16,24,25,26,25,21,18,22,22,585,1161,2242,472,118,99,225,214,2.0,-0.383,1.383,-0.219,1.275,0.328,3
10.775,25.725,36.725,6.975,2.275,1.85,4.375,4.025,2.075,-3.0,-4.25,-0.325,-0.35,-0.225,-0.3,0.125,18,28,27,20,14,11,20,23,28,29,28,29,23,20,24,26,668,1838,2427,433,121,97,275,256,2.0,-0.383,1.383,-0.22,1.274,0.326,3
12.85,22.725,32.475,6.65,1.925,1.625,4.075,4.15,-4.325,-9.225,-10.075,-1.625,-0.45,-0.425,-1.275,-0.425,19,28,24,16,13,14,21,30,24,29,26,26,25,20,27,30,788,1596,1932,350,121,92,257,272,2.0,-0.383,1.383,-0.221,1.274,0.325,3
8.525,13.5,22.4,5.025,1.475,1.2,2.8,3.725,-6.275,-6.5,-7.775,-3.25,-0.275,-0.275,-1.1,0.575,17,22,20,17,11,7,15,22,20,30,23,24,21,21,23,27,508,920,1386,249,86,68,154,251,2.0,-0.383,1.383,-0.05,1.034,0.194,3
2.25,7.0,14.625,1.775,1.2,0.925,1.7,4.3,-1.125,-4.15,-1.225,-0.325,-0.025,-0.1,0.35,0.125,15,18,16,13,11,3,13,16,19,24,23,27,22,17,23,24,129,457,823,93,68,47,89,267,2.0,-0.383,1.383,0.165,0.734,0.031,3
1.125,2.85,13.4,1.45,1.175,0.825,2.05,4.425,0.225,0.3,-1.025,0.4,0.275,0.6,0.125,-1.35,14,19,20,11,11,7,17,17,21,21,27,21,20,15,26,26,69,162,784,83,66,39,129,281,2.0,-0.383,1.383,0.207,0.675,-0.002,3
1.35,3.15,12.375,1.85,1.45,1.425,2.175,3.075,0.625,1.4,1.2,0.875,1.375,0.55,0.175,0.225,12,19,25,14,7,14,15,14,23,27,30,18,13,21,22,25,74,206,794,106,61,72,126,190,2.0,-0.383,1.383,0.207,0.679,0.0,3
1.975,4.55,13.575,2.725,2.825,1.975,2.35,3.3,0.1,2.15,5.725,0.225,0.25,-0.375,0.125,0.95,11,20,23,20,11,13,13,15,24,24,26,22,16,22,21,22,111,303,854,164,133,103,121,192,2.0,-0.383,1.383,0.208,0.69,0.004,3
2.075,6.7,19.3,2.95,3.075,1.6,2.475,4.25,-0.075,1.4,0.2,-0.825,-1.125,-0.4,-0.7,-1.225,14,20,22,19,17,11,12,18,22,23,25,25,21,18,22,22,118,413,1259,180,155,81,126,241,2.0,-0.383,1.383,0.211,0.711,0.015,3
2.0,8.1,19.5,2.125,1.95,1.2,1.775,3.025,0.075,1.225,-1.2,0.275,-0.225,-0.1,-0.5,-1.325,17,20,24,11,14,10,10,14,23,24,25,20,15,17,19,18,107,477,1291,122,92,63,97,167,2.0,-0.383,1.383,0.204,0.77,0.056,3
2.075,9.325,18.3,2.4,1.725,1.1,1.275,1.7,0.125,-1.35,-4.125,0.05,-0.125,0.05,-0.175,0.05,14,22,24,12,13,6,10,10,24,25,31,18,16,16,19,18,113,586,1259,130,77,51,68,96,2.0,-0.383,1.383,0.184,0.857,0.116,3
2.2,7.975,14.175,2.45,1.6,1.15,1.1,1.75,3.4,2.15,0.175,-0.15,-0.1,-0.05,-0.2,-0.125,11,25,28,17,10,7,8,11,19,25,33,21,19,16,20,18,125,519,979,139,81,51,55,88,2.0,-0.383,1.383,0.157,0.931,0.16,3
5.6,10.125,14.35,2.3,1.5,1.1,0.9,1.625,1.575,0.325,5.05,0.2,0.05,-0.15,0.125,-0.125,16,25,25,19,9,4,4,11,19,23,26,26,24,17,17,20,303,639,928,139,81,54,48,79,2.0,-0.383,1.383,0.122,0.995,0.188,3
7.175,10.45,19.4,2.5,1.55,0.95,1.025,1.5,-0.95,-3.375,-0.45,0.45,-0.1,0.05,0.175,0.175,17,24,26,19,12,2,4,13,23,24,29,27,23,20,15,22,390,652,1349,146,80,53,46,83,2.0,-0.383,1.383,0.083,1.048,0.206,3
6.225,7.075,18.95,2.95,1.45,1.0,1.2,1.675,0.225,1.975,5.15,0.2,0.075,0.25,-0.2,0.125,17,20,28,19,13,2,6,15,25,26,29,27,22,18,18,27,381,435,1307,175,84,52,53,101,2.0,-0.383,1.383,0.042,1.092,0.218,3
6.45,9.05,24.1,3.15,1.525,1.25,1.0,1.8,-0.325,2.25,0.1,-0.05,0.125,0.025,0.0,0.1,18,17,23,19,10,5,3,14,27,25,26,27,17,19,17,25,407,555,1545,180,85,56,39,108,2.0,-0.383,1.383,-0.001,1.132,0.226,3
6.125,11.3,24.2,3.1,1.65,1.275,1.0,1.9,1.25,1.925,-5.15,0.425,-0.1,-0.1,0.275,-0.175,25,20,26,16,12,9,6,13,29,26,30,24,19,18,15,22,428,713,1678,158,87,59,40,105,2.0,-0.383,1.383,-0.043,1.165,0.233,3
7.375,13.225,19.05,3.525,1.55,1.175,1.275,1.725,1.5,2.575,7.3,0.675,0.4,0.125,0.4,0.25,20,19,26,13,9,8,10,9,22,26,28,21,23,15,15,21,424,829,1231,167,75,56,54,95,2.0,-0.383,1.383,-0.093,1.195,0.238,3
8.875,15.8,26.35,4.2,1.95,1.3,1.675,1.975,0.825,2.25,3.75,1.725,0.725,0.625,0.825,1.175,17,21,27,11,10,6,11,14,20,24,28,20,24,17,17,20,486,1038,1789,204,100,62,84,117,2.0,-0.383,1.383,-0.153,1.221,0.24,3
9.7,18.05,30.1,5.925,2.675,1.925,2.5,3.15,0.4,2.725,-0.525,0.525,-0.075,0.15,0.4,-0.225,25,19,26,17,19,9,14,22,28,21,28,22,27,20,20,25,669,1060,2137,337,163,101,148,203,2.0,-0.383,1.383,-0.194,1.237,0.24,3
10.1,20.775,29.575,6.45,2.6,2.075,2.9,2.925,0.075,7.025,3.95,0.6,0.0,-0.325,0.35,-0.625,24,21,23,21,18,14,14,13,28,25,27,26,25,23,19,23,650,1215,1972,414,167,122,160,163,2.0,-0.383,1.383,-0.209,1.242,0.241,3
10.175,27.8,33.525,7.05,2.6,1.75,3.25,2.3,2.275,-0.15,-6.825,0.975,0.05,-0.05,0.25,0.8,26,24,24,22,16,14,18,7,27,24,28,27,22,23,22,18,614,1642,2257,434,157,102,184,106,2.0,-0.383,1.383,-0.216,1.245,0.244,3
12.45,27.65,26.7,8.025,2.65,1.7,3.5,3.1,-0.425,-2.375,-0.025,-1.325,-0.075,0.1,-0.7,0.0,25,23,20,22,18,15,18,17,29,24,28,26,25,27,23,19,777,1686,1652,516,168,109,212,176,2.0,-0.383,1.383,-0.22,1.247,0.248,3
12.025,25.275,26.675,6.7,2.575,1.8,2.8,3.1,-1.975,6.25,7.55,-0.675,0.0,1.4,0.2,-0.325,20,26,20,21,16,14,13,22,27,27,28,22,25,23,22,22,789,1683,1625,419,153,99,169,199,2.0,-0.383,1.383,-0.223,1.247,0.253,3
10.05,31.525,34.225,6.025,2.575,3.2,3.0,2.775,-1.475,2.525,-2.1,0.85,-0.2,0.075,0.525,0.075,18,25,21,25,18,16,19,14,25,24,24,25,26,23,25,22,635,1928,1872,403,156,180,183,166,2.0,-0.383,1.383,-0.225,1.247,0.26,3
8.575,34.05,32.125,6.875,2.375,3.275,3.525,2.85,-1.0,-2.225,-2.475,1.425,0.1,-1.0,-0.025,0.35,19,21,25,22,10,15,19,11,24,24,26,29,22,24,26,23,491,2009,1764,455,140,182,210,173,2.0,-0.383,1.383,-0.226,1.247,0.268,3
7.575,31.825,29.65,8.3,2.475,2.275,3.5,3.2,1.175,-4.45,-2.175,0.375,0.175,0.075,0.5,0.675,19,25,25,22,14,18,16,16,22,28,28,29,22,27,23,23,421,1990,1832,492,152,141,184,195,2.0,-0.383,1.383,-0.225,1.248,0.274,3
8.75,27.375,27.475,8.675,2.65,2.35,4.0,3.875,1.125,-6.65,-0.55,-1.325,-0.05,-0.4,-0.225,0.05,18,27,27,22,18,19,18,19,24,30,28,26,22,22,24,24,511,1671,1894,525,150,146,207,219,2.0,-0.383,1.383,-0.224,1.25,0.278,3
9.875,20.725,26.925,7.35,2.6,1.95,3.775,3.925,-0.55,4.675,4.4,-1.35,0.0,0.1,-0.275,-0.075,15,21,28,18,18,14,17,18,23,28,29,24,24,19,26,23,549,1137,1667,454,146,105,213,217,2.0,-0.383,1.383,-0.222,1.252,0.28,3
9.325,25.4,31.325,6.0,2.6,2.05,3.5,3.85,2.05,9.75,4.25,0.025,0.575,0.725,0.875,0.975,22,22,27,14,19,18,19,20,27,29,28,23,21,21,28,21,565,1714,2105,363,152,118,224,227,2.0,-0.383,1.383,-0.222,1.253,0.283,3
11.375,35.15,35.575,6.025,3.175,2.775,4.375,4.825,0.35,-1.45,-1.525,1.4,-0.025,-0.3,0.275,-0.625,28,25,25,18,15,17,24,24,29,26,26,26,19,22,28,24,770,2226,2232,376,173,163,270,312,2.0,-0.383,1.383,-0.221,1.255,0.285,3
11.725,33.7,34.05,7.425,3.15,2.475,4.65,4.2,-3.075,-5.225,-2.7,0.375,-0.275,-0.425,-0.3,-1.05,26,23,24,26,14,16,21,18,27,24,27,31,23,22,25,23,779,1825,2095,516,167,147,273,268,2.0,-0.383,1.383,-0.221,1.257,0.288,3
8.65,28.475,31.35,7.8,2.875,2.05,4.35,3.15,1.2,-3.45,4.025,-0.775,-0.075,0.125,-0.25,0.425,21,21,26,23,16,16,18,15,27,28,29,32,26,22,24,20,531,1652,2111,537,151,111,264,176,2.0,-0.383,1.383,-0.222,1.258,0.29,3
9.85,25.025,35.375,7.025,2.8,2.175,4.1,3.575,1.35,3.775,4.1,0.0,-0.275,-0.125,-0.65,-0.6,19,24,27,20,15,13,19,19,28,29,28,28,21,20,23,22,573,1692,2354,434,145,109,232,204,2.0,-0.383,1.383,-0.222,1.26,0.292,3
11.2,28.8,39.475,7.025,2.525,2.05,3.45,2.975,-1.975,-2.85,-0.2,-0.1,-0.15,-0.125,-0.225,-0.625,22,29,24,24,10,17,19,22,25,29,23,27,19,25,25,28,686,2069,2478,499,142,132,205,186,2.0,-0.383,1.383,-0.222,1.26,0.293,3
9.225,25.95,39.275,6.925,2.375,1.925,3.225,2.35,-1.075,-5.375,-4.65,-0.175,0.175,-0.075,0.075,0.375,21,24,21,19,11,17,14,21,22,26,21,24,22,28,23,28,581,1606,2428,422,144,130,195,133,2.0,-0.383,1.383,-0.223,1.259,0.293,3
8.15,20.575,34.625,6.75,2.55,1.85,3.3,2.725,2.45,2.8,-5.325,0.8,0.25,0.1,0.1,0.575,19,22,22,17,15,19,11,18,24,24,25,21,22,25,21,24,500,1268,2238,394,155,120,199,135,2.0,-0.383,1.383,-0.223,1.259,0.292,3
10.6,23.375,29.3,7.55,2.8,1.95,3.4,3.3,-3.675,-8.225,-7.25,-2.725,-0.85,-0.425,-0.975,-0.075,19,27,25,17,17,17,19,22,26,30,26,22,23,25,27,24,687,1608,1856,467,176,135,230,201,2.0,-0.383,1.383,-0.222,1.258,0.292,3
6.925,15.15,22.05,4.825,1.95,1.525,2.425,3.225,-5.3,-9.7,-7.125,-3.1,-0.6,-0.35,-1.05,-0.975,16,20,24,16,11,7,17,20,22,28,28,23,21,17,27,24,443,986,1426,290,109,91,169,213,2.0,-0.383,1.383,-0.013,0.966,0.149,3
1.625,5.45,14.925,1.725,1.35,1.175,1.375,2.25,-0.225,-1.275,5.0,0.25,0.1,0.15,-0.05,-0.2,10,17,18,18,8,2,11,12,21,25,26,22,17,13,20,20,93,340,928,104,62,45,82,128,2.0,-0.383,1.383,0.195,0.673,0.006,3
1.4,4.175,19.925,1.975,1.45,1.325,1.325,2.05,0.05,-0.425,1.075,0.15,-0.25,-0.175,-0.2,0.075,5,18,21,15,8,3,7,13,26,25,27,24,19,15,15,18,76,255,1325,117,75,53,67,99,2.0,-0.383,1.383,0.193,0.673,0.007,3
1.45,3.75,21.0,2.125,1.2,1.15,1.125,2.125,-0.025,0.55,-1.85,-0.2,-0.15,-0.2,-0.05,-0.55,12,17,21,15,8,1,6,11,26,25,29,23,21,11,15,21,84,220,1323,144,65,36,54,115,2.0,-0.383,1.383,0.192,0.673,0.007,3
1.425,4.3,19.15,1.925,1.05,0.95,1.075,1.575,-0.05,2.075,-2.075,-0.125,0.1,-0.1,0.4,0.9,12,21,23,12,7,2,5,9,23,28,28,19,18,13,14,18,83,293,1250,123,47,33,50,94,2.0,-0.383,1.383,0.191,0.674,0.008,3
1.375,6.375,17.075,1.8,1.15,0.85,1.475,2.475,-0.025,0.875,-3.05,0.7,0.525,0.1,-0.1,-0.225,6,17,30,12,4,3,7,12,22,26,30,26,17,18,18,23,78,402,1182,115,45,40,71,170,2.0,-0.383,1.383,0.189,0.679,0.009,3
1.35,7.25,14.025,2.5,1.675,0.95,1.375,2.25,0.275,-0.3,3.625,0.725,0.2,0.25,-0.375,-1.15,9,16,26,16,6,5,8,9,19,24,27,29,20,21,21,25,72,464,914,164,76,52,72,151,2.0,-0.383,1.383,0.187,0.692,0.018,3
1.625,6.95,17.65,3.225,1.875,1.2,1.0,1.1,0.025,-0.25,0.4,0.05,-0.125,0.025,0.175,-0.1,10,20,17,13,5,7,10,7,20,22,22,24,19,19,17,21,80,436,1038,201,95,58,45,74,2.0,-0.383,1.383,0.183,0.713,0.035,3
1.65,6.7,18.05,3.275,1.75,1.225,1.175,1.0,-0.5,-2.325,-4.275,-0.55,-0.175,-0.05,-0.1,-0.15,8,21,18,10,9,8,11,9,22,25,22,18,22,18,15,20,93,444,1027,181,86,61,52,65,2.0,-0.383,1.383,0.174,0.744,0.061,3
1.15,4.375,13.775,2.725,1.575,1.175,1.075,0.85,0.0,-1.45,-0.6,0.075,0.05,-0.025,0.05,0.275,6,20,20,9,11,11,9,5,20,27,23,20,23,21,16,15,71,285,845,153,80,65,51,41,2.0,-0.383,1.383,0.16,0.789,0.098,3
1.15,2.925,13.175,2.8,1.625,1.15,1.125,1.125,1.55,1.15,2.0,-0.075,-0.25,-0.1,0.0,0.275,5,13,18,14,11,6,4,7,23,24,22,25,21,15,15,17,69,168,822,169,87,48,44,47,2.0,-0.383,1.383,0.137,0.844,0.138,3
2.7,4.075,15.175,2.725,1.375,1.05,1.125,1.4,-0.05,0.3,1.8,-0.725,-0.325,0.0,-0.125,-0.3,13,14,21,20,13,5,5,8,26,24,24,25,22,11,19,15,169,261,913,167,81,39,50,49,2.0,-0.383,1.383,0.108,0.902,0.173,3
2.65,4.375,16.975,2.0,1.05,1.05,1.0,1.1,2.65,0.675,3.3,0.2,0.225,-0.05,0.05,0.125,16,16,23,16,6,5,5,5,18,19,27,23,19,14,15,17,160,266,1057,106,54,39,47,43,2.0,-0.383,1.383,0.072,0.959,0.198,3
5.3,5.05,20.275,2.2,1.275,1.0,1.05,1.225,3.775,0.6,-0.15,-0.05,-0.225,0.0,0.0,0.5,15,18,19,13,6,4,6,11,22,19,26,20,16,14,18,19,283,266,1230,100,56,35,46,67,2.0,-0.383,1.383,0.029,1.018,0.215,3
9.075,5.65,20.125,2.15,1.05,1.0,1.05,1.725,1.325,1.225,-2.625,-0.35,0.075,0.025,-0.125,0.025,25,24,18,14,6,8,7,15,30,27,24,22,18,17,19,16,581,343,1191,107,56,47,47,87,2.0,-0.383,1.383,-0.013,1.066,0.223,3
10.4,6.875,17.5,1.8,1.125,1.025,0.925,1.75,1.425,2.2,1.625,0.125,0.25,0.1,-0.075,-0.1,23,22,18,14,6,7,6,15,25,25,21,21,20,18,17,23,717,413,1008,89,67,53,44,102,2.0,-0.383,1.383,-0.047,1.1,0.225,3
11.825,9.075,19.125,1.925,1.375,1.125,0.85,1.65,-1.075,-1.525,1.625,0.475,-0.275,0.075,0.05,-0.075,18,20,17,12,5,4,4,15,21,23,20,18,19,19,14,27,762,521,1153,90,73,54,40,103,2.0,-0.383,1.383,-0.08,1.128,0.225,3
10.75,7.55,20.75,2.4,1.1,1.2,0.9,1.575,-2.0,-1.375,2.4,1.875,0.35,-0.15,-0.025,-0.05,20,21,18,17,1,2,1,13,23,21,24,22,15,18,10,24,674,408,1300,130,47,52,33,92,2.0,-0.383,1.383,-0.109,1.149,0.225,3
8.75,6.175,23.15,4.275,1.45,1.05,0.875,1.525,0.025,3.65,4.55,1.15,0.45,0.025,-0.05,0.125,17,20,20,22,5,3,3,11,23,18,29,26,17,18,14,19,524,323,1403,278,62,52,35,80,2.0,-0.383,1.383,-0.143,1.17,0.229,3
8.775,9.825,27.7,5.425,1.9,1.075,0.825,1.65,0.8,7.15,0.25,-1.05,0.2,0.275,0.875,0.45,17,19,24,18,14,7,4,10,27,21,28,23,25,19,16,20,467,554,1731,343,106,56,41,82,2.0,-0.383,1.383,-0.175,1.19,0.236,3
9.575,16.975,27.95,4.375,2.1,1.35,1.7,2.1,2.2,7.925,8.525,2.125,0.225,0.1,0.625,0.35,20,17,23,14,22,7,9,17,29,22,24,20,26,17,17,27,587,976,1778,239,140,58,92,133,2.0,-0.383,1.383,-0.195,1.206,0.241,3
11.775,24.9,36.475,6.5,2.325,1.45,2.325,2.45,1.95,2.3,6.375,1.475,0.15,0.25,0.075,0.4,20,24,22,16,19,8,15,18,25,30,23,22,17,18,19,25,693,1682,2515,390,128,70,140,159,2.0,-0.383,1.383,-0.21,1.219,0.244,3
13.725,27.2,42.85,7.975,2.475,1.7,2.4,2.85,-3.225,-3.45,-10.8,-1.05,0.225,0.175,0.4,0.125,22,26,23,15,15,12,16,21,23,28,26,23,21,19,24,30,697,1854,2773,489,139,90,139,176,2.0,-0.383,1.383,-0.219,1.229,0.246,3
10.5,23.75,32.05,6.925,2.7,1.875,2.8,2.975,-0.7,-0.675,-6.1,-0.2,-0.325,-0.35,-0.225,0.45,20,22,19,18,15,13,20,23,25,25,28,23,22,17,26,32,536,1466,1914,439,136,90,160,178,2.0,-0.383,1.383,-0.222,1.232,0.249,3
9.8,23.075,25.95,6.725,2.375,1.525,2.575,3.425,1.825,1.775,3.325,0.075,-0.25,0.0,-0.225,-0.275,22,21,20,22,12,14,19,19,25,26,26,24,17,21,27,28,602,1456,1559,449,124,87,160,207,2.0,-0.383,1.383,-0.223,1.231,0.253,3
11.625,24.85,29.275,6.8,2.125,1.525,2.35,3.15,0.2,-4.075,-0.775,1.275,0.075,0.325,0.55,0.05,20,20,22,20,12,15,14,13,23,23,25,24,17,20,24,20,642,1478,1741,403,129,85,144,175,2.0,-0.383,1.383,-0.224,1.23,0.256,3
11.825,20.775,28.5,8.075,2.2,1.85,2.9,3.2,-0.65,-2.525,-1.075,-0.75,-0.075,0.075,0.075,0.1,14,23,21,21,14,13,14,15,20,25,22,26,23,18,23,17,614,1324,1656,460,122,95,165,171,2.0,-0.383,1.383,-0.225,1.23,0.258,3
11.175,18.25,27.425,7.325,2.125,1.925,2.975,3.3,-1.975,8.875,1.55,-1.35,0.3,0.175,1.325,0.0,20,28,21,19,15,12,14,21,22,28,20,25,19,24,21,20,686,1285,1513,451,104,109,166,191,2.0,-0.383,1.383,-0.226,1.232,0.259,3
9.2,27.125,28.975,5.975,2.425,2.1,4.3,3.3,-0.975,4.175,-0.625,1.35,0.2,-0.1,0.775,0.1,20,24,22,18,18,15,15,22,24,27,26,21,18,25,19,21,567,1646,1714,359,136,127,208,203,2.0,-0.383,1.383,-0.226,1.234,0.26,3
8.225,31.3,28.35,7.325,2.625,2.0,5.075,3.4,1.15,-8.35,0.975,2.325,-0.025,-0.075,-0.675,-0.15,18,21,21,19,18,15,15,20,26,23,31,18,20,23,20,25,485,1735,1778,441,160,122,233,225,2.0,-0.383,1.383,-0.226,1.236,0.261,3
9.375,22.95,29.325,9.65,2.6,1.925,4.4,3.25,0.325,1.8,3.1,0.1,0.2,0.225,0.525,0.425,19,24,19,21,19,13,14,20,26,27,24,23,20,20,23,27,532,1376,1688,623,153,108,237,211,2.0,-0.383,1.383,-0.225,1.237,0.263,3
9.7,24.75,32.425,9.75,2.8,2.15,4.925,3.675,-1.65,4.875,-0.25,-0.8,-0.125,-0.125,0.0,-0.65,18,24,21,20,18,13,18,17,24,27,24,21,21,17,22,23,507,1481,1970,558,163,113,277,221,2.0,-0.383,1.383,-0.225,1.236,0.264,3
8.05,29.625,32.175,8.95,2.675,2.025,4.925,3.025,0.45,-1.675,2.9,-1.3,-0.275,0.0,-0.15,-0.225,22,20,20,17,21,15,17,15,22,23,26,18,23,19,21,21,429,1694,1997,477,172,115,273,167,2.0,-0.383,1.383,-0.226,1.23,0.259,3
8.5,27.95,35.075,7.65,2.4,2.025,4.775,2.8,1.35,1.6,6.525,0.875,0.2,0.35,0.675,0.15,19,24,27,15,21,14,13,16,22,30,27,22,21,23,25,24,454,1872,2400,450,159,121,283,164,2.0,-0.383,1.383,-0.226,1.226,0.257,3
9.85,29.55,41.6,8.525,2.6,2.375,5.45,2.95,1.7,-2.95,-9.075,1.2,0.725,0.45,0.875,0.55,15,24,33,17,16,12,15,15,23,29,32,22,22,20,24,22,546,1841,3039,511,156,131,304,164,2.0,-0.383,1.383,-0.227,1.225,0.258,3
11.55,26.6,32.525,9.725,3.325,2.825,6.325,3.5,1.5,-0.575,-8.375,-2.0,-0.05,-0.5,-0.825,0.575,16,20,27,22,20,17,23,20,26,23,28,25,26,20,25,21,704,1554,2244,597,207,166,404,219,2.0,-0.383,1.383,-0.228,1.224,0.257,3
13.05,26.025,24.15,7.725,3.275,2.325,5.5,4.075,-0.35,4.125,2.225,0.725,-0.7,-0.525,-0.6,-0.575,16,24,19,25,27,19,25,21,27,26,26,28,31,24,25,23,825,1726,1404,523,210,148,368,248,2.0,-0.383,1.383,-0.228,1.224,0.256,3
12.7,30.15,26.375,8.45,2.575,1.8,4.9,3.5,-0.725,5.05,-0.375,0.45,0.05,0.075,0.3,-0.425,18,27,20,23,17,16,21,15,27,27,25,30,23,24,21,26,800,1952,1576,586,143,102,283,204,2.0,-0.383,1.383,-0.228,1.225,0.256,3
11.975,35.2,26.0,8.9,2.625,1.875,5.2,3.075,-1.7,1.425,5.9,-1.025,0.05,0.1,-0.3,-0.1,22,24,23,22,9,9,16,14,29,25,26,29,19,20,27,26,731,2027,1623,629,133,100,337,189,2.0,-0.383,1.383,-0.228,1.225,0.257,3
10.275,36.625,31.9,7.875,2.675,1.975,4.9,2.975,1.5,-6.425,8.225,0.425,0.275,0.65,0.75,0.9,22,20,22,22,13,9,19,14,29,26,25,27,24,22,30,23,620,2084,1827,500,146,110,322,172,2.0,-0.383,1.383,-0.228,1.224,0.259,3
11.775,30.2,40.125,8.3,2.95,2.625,5.65,3.875,1.575,-8.075,-6.2,0.075,-0.175,-0.275,-0.65,0.4,25,19,24,21,20,19,21,14,29,24,25,24,23,24,21,19,808,1748,2257,530,168,153,323,207,2.0,-0.383,1.383,-0.228,1.224,0.26,3
1.35,2.75,12.8,2.25,1.45,0.95,0.775,1.175,0.25,0.375,2.15,0.2,-0.1,0.025,0.175,0.225,10,14,20,16,11,10,1,9,15,23,27,20,24,21,14,17,64,170,767,130,72,52,38,69,3.0,0.0,0.617,0.202,0.669,-0.038,3
1.6,3.125,14.95,2.45,1.35,0.975,0.95,1.4,-0.225,-0.375,-0.375,-0.1,0.15,0.325,0.2,-0.075,7,14,24,16,12,6,3,15,15,24,28,27,24,17,11,25,71,196,959,142,70,45,40,81,3.0,0.0,0.617,0.202,0.669,-0.037,3
1.375,2.75,14.575,2.35,1.5,1.3,1.15,1.325,0.625,6.85,-0.15,0.35,1.225,0.225,0.075,-0.125,6,16,26,17,12,7,4,11,17,25,29,28,23,17,16,22,62,178,906,133,74,53,41,71,3.0,0.0,0.617,0.202,0.671,-0.036,3
2.0,9.6,14.425,2.7,2.725,1.525,1.225,1.2,0.725,6.8,2.025,0.85,0.125,0.025,-0.05,-0.075,15,19,22,16,12,10,5,4,21,26,27,23,18,18,16,13,112,560,915,164,126,71,45,58,3.0,0.0,0.617,0.204,0.683,-0.019,3
2.725,16.4,16.45,3.55,2.85,1.55,1.175,1.125,0.675,0.075,4.15,-0.475,-0.925,-0.05,0.125,0.05,25,22,22,19,12,10,6,4,26,30,26,18,20,19,14,16,171,1076,1044,210,143,79,43,55,3.0,0.0,0.617,0.203,0.713,0.045,3
3.4,16.475,20.6,3.075,1.925,1.5,1.3,1.175,1.35,1.975,2.175,-0.7,-0.25,-0.1,0.3,0.1,24,27,22,18,9,10,7,6,27,31,24,22,20,22,15,16,214,1132,1224,175,97,93,57,54,3.0,0.0,0.617,0.19,0.746,0.126,3
4.75,18.45,22.775,2.375,1.675,1.4,1.6,1.275,1.2,3.025,2.425,0.95,0.25,1.0,0.65,0.225,19,28,17,19,5,10,8,11,29,31,24,27,15,20,16,16,283,1311,1327,145,73,89,92,58,3.0,0.0,0.617,0.17,0.769,0.186,3
5.95,21.475,25.2,3.325,1.925,2.4,2.25,1.5,1.225,1.85,4.175,0.875,0.525,1.4,0.2,0.4,21,24,15,18,7,15,13,17,25,29,24,25,18,16,17,21,350,1475,1436,190,83,144,140,94,3.0,0.0,0.617,0.146,0.786,0.231,3
7.175,23.325,29.375,4.2,2.45,3.8,2.45,1.9,0.625,-2.675,-0.175,-0.025,0.25,-0.325,-0.175,0.175,23,19,19,15,14,18,15,17,21,25,25,22,24,20,25,23,398,1358,1550,232,137,235,149,126,3.0,0.0,0.617,0.125,0.797,0.263,3
7.8,20.65,29.2,4.175,2.7,3.475,2.275,2.075,1.5,-1.475,-2.15,1.9,0.225,-1.0,-0.275,0.15,18,19,21,20,16,21,13,18,21,26,27,23,27,27,25,22,434,1268,1596,236,171,226,143,133,3.0,0.0,0.617,0.109,0.802,0.283,3
9.3,19.175,27.05,6.075,2.925,2.475,2.0,2.225,1.575,1.475,2.775,0.425,0.4,0.075,0.1,0.6,21,19,22,22,15,16,12,14,23,25,27,23,25,21,21,19,535,1190,1592,352,181,134,119,114,3.0,0.0,0.617,0.097,0.804,0.298,3
10.875,20.65,29.825,6.5,3.325,2.55,2.1,2.825,-0.025,0.225,2.1,-2.1,-0.175,-0.375,0.2,-0.075,25,19,27,20,23,14,12,15,25,24,29,20,26,18,23,21,692,1275,1920,389,220,141,118,145,3.0,0.0,0.617,0.089,0.805,0.308,3
10.85,20.875,31.925,4.4,3.15,2.175,2.3,2.75,-1.75,1.7,-3.1,0.225,-0.025,-0.275,0.025,-0.575,25,24,25,19,23,14,16,17,25,29,27,22,27,15,24,22,634,1427,2018,277,182,118,143,159,3.0,0.0,0.617,0.084,0.805,0.314,3
9.1,22.575,28.825,4.625,3.125,1.9,2.325,2.175,-0.825,3.825,1.75,0.45,0.175,0.6,0.5,0.525,21,27,26,21,19,19,19,17,22,33,25,29,26,19,21,21,496,1648,1870,315,181,112,144,137,3.0,0.0,0.617,0.082,0.805,0.315,3
8.275,26.4,30.575,5.075,3.3,2.5,2.825,2.7,1.5,11.175,8.075,1.2,0.225,0.175,-0.125,0.85,18,22,27,21,17,22,18,20,26,33,28,26,27,24,26,27,518,1788,1947,317,195,160,184,174,3.0,0.0,0.617,0.081,0.804,0.315,3
9.775,37.575,38.65,6.275,3.525,2.675,2.7,3.55,-1.8,-1.6,-3.35,0.775,0.0,-0.3,-0.5,-0.4,23,20,26,19,17,16,13,21,28,29,28,19,26,22,25,32,642,2314,2382,322,209,166,169,233,3.0,0.0,0.617,0.081,0.805,0.314,3
7.975,35.975,35.3,7.05,3.525,2.375,2.2,3.15,-0.575,-9.625,-7.0,-1.075,-0.1,0.225,0.675,-0.3,18,20,25,20,16,13,10,13,24,23,28,21,21,21,19,26,459,2134,2194,386,175,125,113,173,3.0,0.0,0.617,0.081,0.806,0.314,3
7.4,26.35,28.3,5.975,3.425,2.6,2.875,2.85,0.325,0.5,2.325,0.025,0.45,0.2,0.35,0.2,16,20,23,20,13,11,14,11,21,20,25,22,21,25,18,24,383,1668,1817,363,165,131,144,169,3.0,0.0,0.617,0.081,0.806,0.313,3
7.725,26.85,30.625,6.0,3.875,2.8,3.225,3.05,0.95,-2.575,-3.25,0.225,-0.45,-0.575,-0.15,0.1,20,23,23,17,13,14,19,18,25,27,25,20,25,27,26,26,434,1575,1892,319,208,155,193,198,3.0,0.0,0.617,0.081,0.807,0.313,3
8.675,24.275,27.375,6.225,3.425,2.225,3.075,3.15,0.575,5.525,-0.15,-0.425,-0.9,-0.15,0.275,0.125,18,22,24,18,14,18,19,22,27,29,26,21,22,27,29,24,454,1263,1666,321,193,137,214,191,3.0,0.0,0.617,0.082,0.807,0.313,3
9.25,29.8,27.225,5.8,2.525,2.075,3.35,3.275,-2.5,3.625,-1.65,-0.825,0.075,-0.1,-0.45,-0.225,18,22,23,25,11,13,18,23,23,27,24,24,18,27,27,24,493,1930,1642,371,135,129,222,205,3.0,0.0,0.617,0.082,0.808,0.314,3
6.75,33.425,25.575,4.975,2.6,1.975,2.9,3.05,0.5,-3.5,-0.675,-0.025,0.4,-0.125,0.275,-0.075,16,23,23,22,15,12,18,19,19,25,24,23,24,27,27,24,407,2197,1608,329,170,118,186,205,3.0,0.0,0.617,0.083,0.809,0.315,3
7.25,29.925,24.9,4.95,3.0,1.85,3.175,2.975,-0.675,-0.2,3.75,0.1,-0.2,0.175,-0.05,0.45,19,27,26,21,13,10,14,13,25,27,27,22,25,23,23,20,459,2126,1661,313,167,93,180,165,3.0,0.0,0.617,0.083,0.809,0.315,3
6.575,29.725,28.65,5.05,2.8,2.025,3.125,3.425,-0.2,-2.95,-2.725,-0.4,0.1,0.1,-0.425,-0.025,24,25,27,18,8,9,15,18,29,28,26,25,18,24,22,22,434,1846,1814,294,119,103,170,183,3.0,0.0,0.617,0.084,0.809,0.315,3
6.375,26.775,25.925,4.65,2.9,2.125,2.7,3.4,3.7,4.8,1.775,-0.45,-0.025,-0.1,0.475,0.225,26,26,23,17,17,15,14,19,25,28,24,27,20,24,18,26,402,1589,1577,253,164,126,144,200,3.0,0.0,0.617,0.084,0.809,0.314,3
10.075,31.575,27.7,4.2,2.875,2.025,3.175,3.625,0.425,0.575,0.425,1.075,0.025,-0.225,-0.125,-0.2,24,26,22,21,20,16,15,15,27,27,25,26,21,21,17,24,576,2003,1786,250,174,125,151,191,3.0,0.0,0.617,0.084,0.808,0.314,3
10.5,32.15,28.125,5.275,2.9,1.8,3.05,3.425,-2.85,-8.575,-5.5,1.3,0.05,0.075,0.0,-0.775,18,23,22,19,15,14,15,14,30,27,26,26,22,19,24,26,618,2097,1863,312,172,107,173,206,3.0,0.0,0.617,0.085,0.809,0.314,3
7.65,23.575,22.625,6.575,2.95,1.875,3.05,2.65,-0.45,-0.25,4.925,-0.1,0.15,0.6,-0.175,0.325,15,21,20,22,15,14,15,16,25,22,27,27,25,21,27,24,436,1472,1444,413,173,97,186,191,3.0,0.0,0.617,0.085,0.81,0.315,3
7.2,23.325,27.55,6.475,3.1,2.475,2.875,2.975,0.55,2.4,6.575,-0.125,-0.125,-0.1,-0.075,0.15,18,20,20,24,15,18,18,17,24,21,26,25,24,26,25,23,421,1242,1559,426,189,155,169,187,3.0,0.0,0.617,0.086,0.811,0.315,3
7.75,25.725,34.125,6.35,2.975,2.375,2.8,3.125,-0.825,-2.525,-11.825,-1.525,-0.575,-0.7,-0.375,-0.65,23,20,22,22,21,22,17,19,26,23,24,29,25,23,22,23,467,1418,2125,415,212,159,151,171,3.0,0.0,0.617,0.086,0.811,0.315,3
6.925,23.2,22.3,4.825,2.4,1.675,2.425,2.475,-3.175,-11.675,-10.025,-2.15,-0.675,-0.45,-1.2,-1.025,17,25,22,21,17,13,13,15,24,31,24,32,24,17,21,22,423,1527,1521,334,155,88,119,135,3.0,0.0,0.617,0.119,0.769,0.221,3
3.75,11.525,12.275,2.675,1.725,1.225,1.225,1.45,-2.525,-8.025,3.75,-0.925,-0.4,-0.3,-0.275,-0.3,9,23,20,14,6,4,6,9,24,32,23,24,17,13,17,20,232,801,737,158,74,49,60,70,3.0,0.0,0.617,0.175,0.699,0.065,3
1.225,3.5,16.025,1.75,1.325,0.925,0.95,1.15,0.25,0.225,2.625,0.05,0.0,0.1,-0.025,0.175,6,18,23,14,3,3,2,11,19,27,27,20,13,14,13,23,59,233,1058,104,37,43,37,58,3.0,0.0,0.617,0.196,0.67,0.002,3
1.475,3.725,18.65,1.8,1.325,1.025,0.925,1.325,0.275,2.3,-1.275,0.425,0.675,0.35,0.1,-0.1,11,20,22,16,3,5,5,9,14,28,30,19,10,15,12,20,64,251,1238,110,42,50,39,75,3.0,0.0,0.617,0.196,0.672,0.003,3
1.75,6.025,17.375,2.225,2.0,1.375,1.025,1.225,-0.025,4.55,-2.325,0.05,0.525,0.1,0.15,-0.175,14,19,20,11,8,4,4,6,17,24,25,21,14,17,9,19,89,359,1089,119,86,59,40,72,3.0,0.0,0.617,0.196,0.681,0.014,3
1.725,10.575,15.05,2.275,2.525,1.475,1.175,1.05,0.375,0.475,0.2,-0.1,-0.575,-0.2,0.025,0.1,11,20,21,12,13,6,6,12,21,21,23,26,18,20,9,19,104,570,973,133,107,64,42,56,3.0,0.0,0.617,0.195,0.694,0.036,3
2.1,11.05,15.25,2.175,1.95,1.275,1.2,1.15,-0.025,0.525,1.175,0.25,-0.45,0.025,-0.075,0.05,15,23,21,13,9,6,9,13,22,25,25,23,17,22,15,18,118,662,897,114,82,65,54,64,3.0,0.0,0.617,0.19,0.708,0.066,3
2.075,11.575,16.425,2.425,1.5,1.3,1.125,1.2,-0.4,0.9,2.45,-0.25,0.075,-0.025,-0.025,0.1,19,25,23,18,9,9,5,8,23,28,23,24,19,19,14,18,126,790,1012,135,78,67,51,65,3.0,0.0,0.617,0.181,0.726,0.107,3
1.675,12.475,18.875,2.175,1.575,1.275,1.1,1.3,-0.25,-1.8,0.1,0.05,0.2,-0.1,-0.025,-0.175,13,23,24,17,9,8,6,8,20,28,24,22,17,18,18,20,108,819,1301,120,70,55,53,66,3.0,0.0,0.617,0.167,0.746,0.157,3
1.425,10.675,18.975,2.225,1.775,1.175,1.075,1.125,1.325,1.975,0.725,0.8,-0.075,0.0,0.1,0.35,7,21,19,13,7,5,7,5,17,26,26,19,15,16,20,19,78,649,1217,117,83,59,53,54,3.0,0.0,0.617,0.149,0.766,0.208,3
2.75,12.65,19.7,3.025,1.7,1.175,1.175,1.475,4.15,7.25,4.7,1.6,0.975,0.3,0.625,0.625,16,19,15,17,9,7,10,5,21,25,25,22,19,14,15,18,179,767,1159,167,94,56,61,70,3.0,0.0,0.617,0.127,0.784,0.251,3
6.9,19.9,24.4,4.625,2.675,1.475,1.8,2.1,2.1,2.325,-0.175,0.425,0.725,0.525,0.65,0.45,25,19,24,18,16,7,12,9,25,23,26,24,22,18,18,18,470,1282,1581,262,143,70,96,106,3.0,0.0,0.617,0.103,0.795,0.284,3
9.0,22.225,24.225,5.05,3.4,2.0,2.45,2.55,-2.025,4.45,6.175,-1.05,-0.525,0.075,0.475,0.275,24,21,29,21,16,13,10,11,31,24,29,27,17,21,17,20,594,1379,1706,312,166,105,109,128,3.0,0.0,0.617,0.083,0.8,0.305,3
6.975,26.675,30.4,4.0,2.875,2.075,2.925,2.825,-1.525,5.55,0.825,0.325,-0.2,-0.3,-0.1,-0.075,22,24,27,22,15,21,12,19,29,25,26,25,22,29,19,21,465,1761,2111,261,145,125,140,143,3.0,0.0,0.617,0.074,0.799,0.312,3
5.45,32.225,31.225,4.325,2.675,1.775,2.825,2.75,-0.05,-1.825,-7.725,0.975,-0.1,-0.025,0.3,0.0,16,22,26,17,18,18,18,22,24,25,27,20,27,26,24,20,353,2004,2045,247,140,105,158,148,3.0,0.0,0.617,0.073,0.797,0.313,3
5.4,30.4,23.5,5.3,2.575,1.75,3.125,2.75,-0.45,-2.95,1.95,-0.525,0.0,0.025,0.4,0.0,17,22,24,21,17,11,24,19,27,25,28,23,21,19,24,19,342,1718,1579,306,137,98,194,158,3.0,0.0,0.617,0.073,0.798,0.313,3
4.95,27.45,25.45,4.775,2.575,1.775,3.525,2.75,1.125,-0.9,6.425,0.525,0.25,0.35,-0.2,0.425,26,29,20,19,15,12,22,20,28,28,24,23,18,22,25,25,326,1763,1471,278,144,113,238,184,3.0,0.0,0.617,0.073,0.798,0.313,3
6.075,26.55,31.875,5.3,2.825,2.125,3.325,3.175,0.6,-0.65,1.2,1.0,-0.125,-0.15,-0.525,-0.25,23,28,19,16,16,15,17,18,25,31,25,24,24,26,23,25,345,1732,1911,330,166,141,206,201,3.0,0.0,0.617,0.073,0.799,0.312,3
6.675,25.9,33.075,6.3,2.7,1.975,2.8,2.925,-0.725,2.2,-2.9,-0.475,0.525,-0.15,0.65,-0.375,20,23,20,24,12,12,14,17,26,27,27,28,26,20,21,26,388,1634,1986,415,163,113,160,168,3.0,0.0,0.617,0.073,0.8,0.311,3
5.95,28.1,30.175,5.825,3.225,1.825,3.45,2.55,0.825,2.925,-2.125,-0.425,0.725,0.525,0.6,0.475,24,23,19,24,12,14,17,21,31,27,26,26,24,20,24,27,385,1666,1738,343,189,102,209,150,3.0,0.0,0.617,0.073,0.8,0.311,3
6.775,31.025,28.05,5.4,3.95,2.35,4.05,3.025,-1.225,-4.25,-1.925,-0.625,-0.875,-0.375,-1.2,-0.175,21,24,24,20,22,18,21,20,29,29,30,22,26,23,27,29,427,1891,1874,323,244,138,251,188,3.0,0.0,0.617,0.074,0.8,0.311,3
5.55,26.775,26.125,4.775,3.075,1.975,2.85,2.85,-1.075,0.35,2.975,0.025,-1.1,-0.2,-0.2,0.025,14,18,30,19,22,13,13,18,22,22,32,21,24,22,20,29,323,1458,1839,282,199,112,176,178,3.0,0.0,0.617,0.075,0.799,0.31,3
4.475,27.125,29.1,4.8,1.975,1.775,2.65,2.875,1.0,1.725,0.8,0.025,0.1,0.175,0.1,-0.15,14,20,25,17,12,12,11,19,23,21,29,23,23,19,19,25,253,1515,1872,260,117,96,161,175,3.0,0.0,0.617,0.076,0.798,0.31,3
5.475,28.85,29.9,4.825,2.075,1.95,2.75,2.725,1.025,1.55,-4.425,0.5,0.75,-0.1,-0.475,-0.25,20,23,21,21,9,12,17,17,26,23,27,30,26,18,24,26,329,1703,2036,307,137,106,176,162,3.0,0.0,0.617,0.076,0.798,0.31,3
6.5,30.4,25.475,5.325,2.825,1.85,2.275,2.475,1.3,8.4,1.175,1.05,-0.15,0.05,0.7,-0.175,19,20,21,24,13,11,21,16,24,25,28,33,24,18,24,26,374,1859,1738,364,182,104,142,146,3.0,0.0,0.617,0.076,0.799,0.31,3
7.8,38.8,26.65,6.375,2.675,1.9,2.975,2.3,-0.725,-6.65,-1.425,0.0,-0.35,0.125,0.625,0.025,20,22,28,26,16,15,18,12,25,25,31,30,22,20,25,18,453,2519,1806,432,163,107,168,131,3.0,0.0,0.617,0.076,0.799,0.31,3
7.075,32.15,25.225,6.375,2.325,2.025,3.6,2.325,-1.475,-8.55,-4.575,-0.55,0.125,-0.225,-0.675,0.625,26,21,27,28,17,17,17,12,29,25,30,31,24,22,24,19,448,2014,1676,410,147,115,196,144,3.0,0.0,0.617,0.076,0.799,0.31,3
5.6,23.6,20.65,5.825,2.45,1.8,2.925,2.95,0.025,1.625,0.6,0.2,0.0,-0.25,-0.075,-0.175,23,25,20,24,20,14,17,20,25,28,22,31,24,22,24,25,355,1509,1315,402,137,95,175,205,3.0,0.0,0.617,0.076,0.8,0.309,3
5.625,25.225,21.25,6.025,2.45,1.55,2.85,2.775,-0.8,-6.275,0.325,-1.525,-0.675,-0.275,-0.35,0.5,20,24,19,23,22,14,12,17,23,28,24,30,24,22,24,22,335,1600,1183,437,155,95,148,169,3.0,0.0,0.617,0.076,0.8,0.309,3
4.825,18.95,21.575,4.5,1.775,1.275,2.5,3.275,-2.15,-10.275,-6.9,-2.375,-0.8,-0.15,-0.975,0.0,18,15,24,23,11,10,10,17,23,21,27,27,20,21,18,20,285,1118,1216,293,115,78,128,179,3.0,0.0,0.617,0.128,0.75,0.188,3
2.675,8.675,14.675,2.125,0.975,1.125,1.525,3.275,-0.95,-4.8,-2.55,-0.3,0.3,0.325,0.1,0.45,9,17,25,19,4,8,8,21,18,21,27,23,15,17,19,23,150,528,918,119,49,53,88,194,3.0,0.0,0.617,0.192,0.687,0.037,3
1.725,3.875,12.125,1.825,1.275,1.45,1.625,3.725,-0.15,0.4,5.725,0.325,0.225,0.025,0.225,1.2,12,19,26,22,7,13,10,21,18,26,30,24,21,19,20,26,95,258,800,106,71,67,95,245,3.0,0.0,0.617,0.202,0.675,0.007,3
1.575,4.275,17.85,2.15,1.5,1.475,1.85,4.925,-0.325,-0.725,-0.625,0.3,0.4,0.025,-0.225,-1.45,12,19,27,22,11,10,11,16,18,25,32,25,24,18,23,28,83,267,1191,118,83,65,116,334,3.0,0.0,0.617,0.199,0.677,0.008,3
1.25,3.55,17.225,2.45,1.9,1.5,1.625,3.475,0.15,5.6,-2.075,0.275,1.2,0.55,-0.25,-1.825,8,16,20,17,10,10,11,15,18,23,27,24,22,21,26,29,69,198,1072,123,103,77,100,242,3.0,0.0,0.617,0.198,0.681,0.014,3
1.4,9.15,15.15,2.725,3.1,2.05,1.375,1.65,0.775,1.825,0.4,-0.1,-0.125,-0.2,0.125,1.4,12,17,18,14,10,14,10,14,24,22,25,22,19,22,19,19,99,478,828,153,161,104,74,102,3.0,0.0,0.617,0.196,0.688,0.026,3
2.175,10.975,15.55,2.625,2.975,1.85,1.5,3.05,0.475,-2.775,-0.075,-0.3,-0.825,-0.4,0.45,1.025,13,21,19,15,13,12,10,17,25,25,24,23,20,18,17,16,137,620,926,158,139,82,85,159,3.0,0.0,0.617,0.193,0.697,0.046,3
2.65,8.2,15.475,2.325,2.15,1.45,1.95,4.075,0.175,3.75,4.75,0.625,0.0,-0.075,-0.1,-0.475,14,24,21,16,11,13,12,15,24,29,22,21,22,14,17,19,144,592,978,133,118,65,105,202,3.0,0.0,0.617,0.186,0.713,0.081,3
2.825,11.95,20.225,2.95,2.15,1.375,1.85,3.6,1.0,3.125,2.4,0.525,0.15,-0.075,-0.025,-0.175,18,21,21,22,10,12,15,13,26,29,24,22,20,17,20,22,178,759,1300,170,127,67,106,190,3.0,0.0,0.617,0.172,0.735,0.127,3
3.825,15.075,22.625,3.475,2.3,1.3,1.825,3.425,1.4,-0.85,7.025,0.1,-0.075,0.475,0.425,0.225,21,21,22,21,9,12,14,14,24,30,30,18,17,18,22,24,239,976,1584,193,124,68,98,202,3.0,0.0,0.617,0.152,0.758,0.181,3
5.225,14.225,29.65,3.575,2.225,1.775,2.25,3.65,2.125,2.825,-1.225,0.7,0.125,0.15,0.325,1.175,20,20,20,22,10,15,15,16,26,29,28,20,17,19,22,26,318,858,1912,224,123,100,120,219,3.0,0.0,0.617,0.126,0.779,0.235,3
7.35,17.05,28.425,4.275,2.35,1.925,2.575,4.825,0.725,12.825,-0.95,1.55,0.85,0.35,0.7,-0.075,23,19,18,24,11,16,21,18,31,26,24,21,18,19,26,28,461,1047,1726,273,138,106,167,304,3.0,0.0,0.617,0.094,0.796,0.282,3
8.075,29.875,27.475,5.825,3.2,2.275,3.275,4.75,0.3,5.65,5.475,0.5,0.4,0.35,0.1,-1.35,23,25,22,22,14,18,19,21,27,27,27,21,23,22,26,27,503,1968,1685,320,196,128,225,299,3.0,0.0,0.617,0.067,0.803,0.315,3
8.375,35.525,32.95,6.325,3.6,2.625,3.375,3.4,0.575,-3.7,4.475,0.05,-0.425,-0.1,-0.1,-0.55,18,28,19,20,16,15,16,18,22,29,24,23,23,28,24,21,467,2382,1921,354,204,148,214,211,3.0,0.0,0.617,0.053,0.802,0.33,3
8.95,31.825,37.425,6.375,3.175,2.525,3.275,2.85,-0.65,-3.95,0.95,-0.775,-0.525,-0.225,-0.5,0.15,21,28,24,21,17,13,15,16,27,29,24,22,20,20,23,21,527,2097,2301,370,162,121,180,175,3.0,0.0,0.617,0.045,0.798,0.335,3
8.3,27.875,38.375,5.6,2.65,2.3,2.775,3.0,1.35,0.2,-6.85,-1.075,-0.325,-0.525,-0.325,0.225,23,24,27,23,18,16,15,20,29,28,26,23,20,17,23,28,541,1843,2526,331,148,120,153,187,3.0,0.0,0.617,0.042,0.796,0.337,3
9.65,28.075,31.525,4.525,2.325,1.775,2.45,3.225,-0.9,2.75,2.15,0.2,0.125,-0.075,0.275,-0.425,22,19,25,20,18,18,16,17,27,25,26,23,19,20,18,23,577,1643,2016,270,125,107,121,194,3.0,0.0,0.617,0.04,0.795,0.338,3
8.75,30.825,33.675,4.725,2.45,1.7,2.725,2.8,-2.375,-2.4,-3.825,-0.1,0.3,0.275,-0.1,-0.05,21,19,19,16,15,12,15,14,21,20,29,21,24,20,20,18,520,1703,2000,288,134,88,130,148,3.0,0.0,0.617,0.04,0.796,0.339,3
6.375,28.425,29.85,4.625,2.75,1.975,2.625,2.75,0.65,-4.025,-4.075,0.0,-0.125,0.075,0.05,0.15,18,19,18,19,12,7,17,17,21,22,27,22,23,19,22,21,374,1564,1737,294,142,103,150,158,3.0,0.0,0.617,0.04,0.797,0.339,3
7.025,24.4,25.775,4.625,2.625,2.05,2.675,2.9,-0.125,-1.675,1.975,-0.225,-0.1,-0.075,-0.125,-0.425,14,19,24,21,17,11,21,13,22,26,26,27,22,21,23,23,438,1335,1764,310,152,124,160,165,3.0,0.0,0.617,0.041,0.799,0.339,3
6.9,22.725,27.75,4.4,2.525,1.975,2.55,2.475,1.5,-0.025,2.0,0.375,0.125,0.025,-0.125,0.35,18,19,24,18,18,18,19,9,28,24,25,22,22,29,22,22,449,1280,1745,245,148,121,154,134,3.0,0.0,0.617,0.041,0.8,0.339,3
8.4,22.7,29.75,4.775,2.65,2.0,2.425,2.825,-0.1,0.0,-2.25,-0.1,-0.2,-0.025,-0.275,-0.125,20,22,23,16,15,18,19,16,30,25,24,16,19,28,23,21,467,1384,1770,237,154,125,136,157,3.0,0.0,0.617,0.042,0.801,0.339,3
8.3,22.7,27.5,4.675,2.45,1.975,2.15,2.7,-1.475,-1.225,-6.825,-0.9,-0.025,-0.025,0.075,-0.675,20,22,19,12,11,12,16,18,29,31,30,18,20,24,24,23,475,1581,1626,260,133,107,123,156,3.0,0.0,0.617,0.043,0.801,0.338,3
6.825,21.475,20.675,3.775,2.425,1.95,2.225,2.025,0.75,-1.375,2.85,0.875,0.3,0.175,0.275,0.825,22,21,20,11,13,10,11,18,29,32,31,17,25,21,21,24,423,1423,1206,217,132,106,125,124,3.0,0.0,0.617,0.043,0.801,0.338,3
7.575,20.1,23.525,4.65,2.725,2.125,2.5,2.85,1.65,5.05,3.275,1.425,0.375,0.175,0.125,0.35,25,29,24,17,16,13,13,20,29,33,29,19,23,23,18,27,492,1387,1517,275,152,135,136,190,3.0,0.0,0.617,0.044,0.8,0.337,3
9.225,25.15,26.8,6.075,3.1,2.3,2.625,3.2,-0.425,3.5,-0.7,0.2,-0.025,-0.075,0.575,-0.3,18,30,25,19,15,13,15,16,26,31,30,21,17,21,19,25,564,1713,1652,372,154,127,160,198,3.0,0.0,0.617,0.045,0.8,0.337,3
8.8,28.65,26.1,6.275,3.075,2.225,3.2,2.9,-2.2,-2.025,-1.825,-0.75,-0.575,-0.45,-0.1,-0.125,18,22,25,15,16,14,19,18,28,24,29,17,19,19,23,28,541,1658,1786,326,168,122,210,196,3.0,0.0,0.617,0.045,0.8,0.337,3
6.6,26.625,24.275,5.525,2.5,1.775,3.1,2.775,2.65,1.35,5.475,-0.55,0.15,0.175,-0.325,0.35,22,23,21,17,12,13,19,17,27,26,27,23,21,21,23,28,425,1626,1728,274,147,109,198,177,3.0,0.0,0.617,0.046,0.799,0.337,3
9.25,27.975,29.75,4.975,2.65,1.95,2.775,3.125,1.275,-0.5,0.175,-0.325,0.525,0.25,0.2,0.775,22,24,18,23,14,11,17,15,25,28,24,27,20,18,21,24,559,1892,1882,310,144,113,146,174,3.0,0.0,0.617,0.046,0.798,0.337,3
10.525,27.475,29.925,4.65,3.175,2.2,2.975,3.9,-1.2,-0.525,-1.1,0.075,-0.25,-0.1,-0.3,-0.225,22,25,19,22,18,13,17,17,27,30,26,24,22,17,24,26,654,1899,1780,287,190,117,163,218,3.0,0.0,0.617,0.045,0.798,0.337,3
9.325,26.95,28.825,4.725,2.925,2.1,2.675,3.675,0.225,-2.95,0.55,0.4,-0.75,-0.45,-0.325,-0.825,26,22,22,24,17,16,18,17,28,29,27,25,24,19,23,25,608,1635,1641,314,177,111,161,219,3.0,0.0,0.617,0.044,0.797,0.337,3
1.65,3.2,10.525,2.325,1.625,1.375,1.35,2.25,0.0,1.825,1.9,0.05,1.2,0.25,0.05,0.325,13,17,19,16,10,8,13,17,21,19,25,19,20,21,19,25,94,182,665,124,80,71,79,142,4.0,0.0,1.0,0.204,0.675,-0.004,3
1.65,5.025,12.425,2.375,2.825,1.625,1.4,2.575,-0.025,0.175,2.275,0.2,0.425,0.2,-0.175,-0.65,13,20,26,15,10,12,13,20,21,19,29,20,22,21,22,23,96,265,838,119,155,105,87,160,4.0,0.0,1.0,0.206,0.683,-0.0,3
1.625,5.2,14.7,2.575,3.25,1.825,1.225,1.925,-0.075,0.15,-0.1,-0.175,-1.15,-0.475,-0.075,-0.125,13,15,26,16,16,11,8,11,21,23,29,22,28,18,20,19,86,284,1029,129,187,101,60,98,4.0,0.0,1.0,0.212,0.698,0.008,3
1.55,5.35,14.6,2.4,2.1,1.35,1.15,1.8,0.2,3.475,3.025,-0.325,-0.475,-0.375,-0.225,-0.275,13,15,21,14,13,11,3,8,22,24,23,25,22,14,17,18,86,319,927,130,114,65,43,98,4.0,0.0,1.0,0.217,0.721,0.022,3
1.75,8.825,17.625,2.075,1.625,0.975,0.925,1.525,0.15,0.825,-2.275,-0.025,0.4,0.25,-0.1,0.25,10,18,24,8,7,6,1,8,18,23,23,22,15,13,14,18,93,600,1118,118,67,40,36,79,4.0,0.0,1.0,0.221,0.756,0.045,3
1.9,9.65,15.35,2.05,2.025,1.225,0.825,1.775,-0.1,-1.675,0.775,0.2,-0.2,0.1,0.1,0.025,16,22,27,13,11,9,1,16,23,24,27,23,19,19,18,26,122,688,1001,129,95,60,40,107,4.0,0.0,1.0,0.221,0.799,0.076,3
1.8,7.975,16.125,2.25,1.825,1.325,0.925,1.8,-0.25,-1.0,6.825,0.05,-0.025,-0.1,0.1,-0.475,17,25,25,17,11,10,4,16,24,24,26,20,17,22,15,21,109,543,1017,135,88,65,40,96,4.0,0.0,1.0,0.217,0.845,0.112,3
1.55,6.975,22.95,2.3,1.8,1.225,1.025,1.325,0.525,0.6,0.75,0.025,0.275,-0.025,-0.1,-0.05,11,26,27,16,12,4,7,11,18,27,28,22,20,19,13,16,80,476,1595,139,91,56,39,67,4.0,0.0,1.0,0.205,0.89,0.151,3
2.075,7.575,23.7,2.325,2.075,1.2,0.925,1.275,3.675,3.75,1.9,0.55,-0.5,-0.05,0.05,0.55,10,22,22,15,18,5,4,14,19,26,25,22,27,13,15,20,114,486,1520,136,117,47,36,77,4.0,0.0,1.0,0.184,0.935,0.192,3
5.75,11.325,25.6,2.875,1.575,1.15,0.975,1.825,1.175,4.575,3.6,1.0,0.3,-0.05,0.0,0.2,16,23,22,14,16,7,4,16,25,27,24,21,25,17,14,24,377,704,1643,172,100,49,43,116,4.0,0.0,1.0,0.159,0.97,0.224,3
6.925,15.9,29.2,3.875,1.875,1.1,0.975,2.025,0.7,8.6,-6.25,-0.025,0.825,0.25,0.725,0.3,19,25,29,18,11,5,3,13,25,27,32,24,23,19,14,23,453,950,1989,235,93,49,49,114,4.0,0.0,1.0,0.137,0.992,0.245,3
7.625,24.5,22.95,3.85,2.7,1.35,1.7,2.325,4.35,5.475,2.75,1.5,0.35,0.625,0.7,0.85,14,27,24,21,11,9,13,13,23,27,29,22,19,20,15,19,460,1634,1456,229,118,65,95,124,4.0,0.0,1.0,0.116,1.009,0.261,3
11.975,29.975,25.7,5.35,3.05,1.975,2.4,3.175,0.375,-1.225,2.2,0.45,-0.225,0.05,0.3,0.275,17,29,20,21,15,15,22,21,28,30,26,21,21,24,22,25,813,2080,1522,306,168,120,145,203,4.0,0.0,1.0,0.101,1.022,0.271,3
12.35,28.75,27.9,5.8,2.825,2.025,2.7,3.45,-3.15,-0.8,-1.275,-0.95,-0.475,-0.325,0.175,-0.65,21,25,22,20,20,15,21,23,28,27,26,26,27,26,23,25,858,1788,1705,377,183,128,165,214,4.0,0.0,1.0,0.091,1.029,0.277,3
9.2,27.95,26.625,4.85,2.35,1.7,2.875,2.8,-0.65,4.275,1.75,0.025,0.325,0.275,0.525,0.2,19,22,23,17,19,10,18,19,24,24,27,24,27,19,20,21,597,1614,1551,270,152,93,164,163,4.0,0.0,1.0,0.087,1.03,0.279,3
8.55,32.225,28.375,4.875,2.675,1.975,3.4,3.0,1.025,1.2,-4.0,-0.35,0.35,0.0,0.6,0.575,20,22,24,19,14,11,17,15,22,24,28,19,22,20,21,24,548,1895,1759,251,149,97,200,173,4.0,0.0,1.0,0.086,1.03,0.279,3
9.575,33.425,24.375,4.525,3.025,1.975,4.0,3.575,-0.925,-7.6,2.525,0.65,-0.525,-0.125,0.275,-0.225,25,23,20,18,10,18,19,15,24,24,27,23,19,28,27,27,611,2154,1450,244,151,113,254,218,4.0,0.0,1.0,0.086,1.03,0.279,3
8.65,25.825,26.9,5.175,2.5,1.85,4.275,3.35,-1.225,-1.875,5.325,0.675,-0.05,0.15,0.4,0.2,22,20,20,16,16,18,19,16,24,28,25,25,23,25,24,28,528,1765,1582,303,143,114,258,223,4.0,0.0,1.0,0.085,1.03,0.279,3
7.425,23.95,32.225,5.85,2.45,2.0,4.675,3.55,0.55,5.575,-2.325,-0.7,0.4,0.0,-0.9,-0.225,14,23,25,18,20,18,21,15,22,30,27,22,25,22,25,25,424,1440,1950,365,144,108,273,216,4.0,0.0,1.0,0.084,1.029,0.279,3
7.975,29.525,29.9,5.15,2.85,2.0,3.775,3.325,1.4,1.75,-4.1,-0.775,-0.25,-0.075,-0.625,-0.775,13,25,23,19,19,15,17,17,22,26,24,22,22,17,26,22,416,1892,1495,335,167,99,210,198,4.0,0.0,1.0,0.083,1.029,0.278,3
9.375,31.275,25.8,4.375,2.6,1.925,3.15,2.55,0.025,4.025,4.5,1.325,0.25,0.25,0.975,0.725,16,21,21,16,18,14,17,19,19,22,23,23,23,21,23,20,477,1840,1474,291,158,102,189,153,4.0,0.0,1.0,0.082,1.029,0.278,3
9.4,35.3,30.3,5.7,2.85,2.175,4.125,3.275,-1.325,-1.025,3.0,0.875,0.25,0.225,0.45,0.775,21,24,20,15,16,14,22,17,26,25,27,26,22,20,22,22,576,2178,1953,348,155,106,248,203,4.0,0.0,1.0,0.081,1.029,0.279,3
8.075,34.275,33.3,6.575,3.1,2.4,4.575,4.05,-0.225,-9.65,-0.6,-0.35,-0.15,-0.15,-0.525,-0.65,19,26,20,19,15,12,18,13,24,30,26,22,21,19,23,19,462,2116,2159,425,180,123,280,227,4.0,0.0,1.0,0.08,1.028,0.279,3
7.85,24.625,32.7,6.225,2.95,2.25,4.05,3.4,1.775,0.625,0.3,-0.45,0.1,-0.1,-0.275,-0.05,19,27,21,24,19,17,21,18,25,29,24,27,27,24,27,23,482,1554,2136,439,203,127,247,204,4.0,0.0,1.0,0.08,1.028,0.279,3
9.625,25.25,33.0,5.775,3.05,2.15,3.775,3.35,0.25,3.5,-0.925,-1.25,0.025,0.0,-0.075,-0.3,19,26,25,19,22,16,23,25,30,27,29,30,28,24,32,28,599,1560,2276,351,189,121,238,230,4.0,0.0,1.0,0.08,1.028,0.279,3
9.875,28.75,32.075,4.525,3.075,2.15,3.7,3.05,-1.625,1.625,-5.1,-0.175,0.0,0.025,0.175,-0.3,16,26,27,16,18,13,16,24,27,28,27,23,22,25,27,25,586,1795,2183,228,174,134,216,201,4.0,0.0,1.0,0.08,1.028,0.28,3
8.25,30.375,26.975,4.35,3.075,2.175,3.875,2.75,-0.35,-1.1,-3.05,0.7,0.1,-0.125,0.225,0.275,18,23,21,18,18,18,14,20,26,26,22,22,22,23,21,25,499,1905,1570,247,184,139,209,162,4.0,0.0,1.0,0.08,1.028,0.28,3
7.9,29.275,23.925,5.05,3.175,2.05,4.1,3.025,0.975,-1.225,7.85,0.45,-0.675,-0.275,-0.525,0.3,19,18,23,21,22,18,17,19,26,22,27,27,24,24,22,28,468,1848,1424,328,174,120,248,188,4.0,0.0,1.0,0.081,1.027,0.281,3
8.875,28.05,31.775,5.5,2.5,1.775,3.575,3.325,0.05,3.45,0.575,0.3,-0.35,-0.2,-0.025,-0.175,20,22,25,20,18,15,18,18,27,27,28,25,24,26,26,25,543,1949,1956,367,133,96,233,201,4.0,0.0,1.0,0.082,1.027,0.281,3
8.925,31.5,32.35,5.8,2.15,1.575,3.55,3.15,-1.675,-2.0,-4.2,0.175,0.2,0.225,0.25,-0.3,19,22,20,18,13,14,15,16,28,24,21,25,24,25,24,24,565,1941,1851,385,122,90,210,187,4.0,0.0,1.0,0.082,1.027,0.281,3
7.25,29.5,28.15,5.975,2.35,1.8,3.8,2.85,-0.475,-4.425,-0.5,0.55,-0.275,-0.025,-0.65,0.025,17,20,17,22,14,13,15,14,26,22,21,25,21,26,24,25,451,1722,1449,388,129,110,236,175,4.0,0.0,1.0,0.082,1.028,0.281,3
6.775,25.075,27.65,6.525,2.075,1.775,3.15,2.875,1.6,-0.65,-6.925,-0.15,0.825,0.175,0.25,0.125,17,22,16,22,14,11,14,17,24,24,24,23,18,20,20,24,384,1544,1543,364,117,102,197,175,4.0,0.0,1.0,0.082,1.028,0.281,3
8.375,24.425,20.725,6.375,2.9,1.95,3.4,3.0,-0.525,-5.925,-0.65,-1.075,0.275,0.25,0.25,-0.125,18,27,16,20,17,14,17,14,22,27,26,22,20,21,22,23,459,1628,1275,357,187,121,199,178,4.0,0.0,1.0,0.081,1.027,0.28,3
7.85,18.5,20.075,5.3,3.175,2.2,3.65,2.875,-3.925,-10.725,-1.75,-1.975,-1.225,-0.675,-1.35,-0.95,15,26,21,19,15,15,20,8,20,27,27,28,21,24,26,18,437,1287,1390,360,192,132,216,149,4.0,0.0,1.0,0.098,0.973,0.239,3
3.925,7.775,18.325,3.325,1.95,1.525,2.3,1.925,-2.6,-5.425,-4.5,-1.325,-0.7,-0.4,-1.075,-0.725,11,21,24,18,8,9,11,5,21,26,29,28,22,21,18,18,193,564,1226,210,97,79,118,81,4.0,0.0,1.0,0.156,0.796,0.103,3
1.325,2.35,13.825,2.0,1.25,1.125,1.225,1.2,0.1,-0.375,-3.4,-0.5,-0.05,0.0,-0.025,0.0,6,10,22,20,3,7,6,8,22,21,27,23,22,19,17,27,69,132,849,128,67,54,49,71,4.0,0.0,1.0,0.197,0.672,0.008,3
1.425,1.975,10.425,1.5,1.2,1.125,1.2,1.2,0.25,0.05,-2.975,-0.175,0.125,-0.125,-0.25,0.5,8,10,21,13,6,7,9,11,22,22,23,20,22,21,18,29,79,118,598,85,61,52,50,78,4.0,0.0,1.0,0.196,0.671,0.008,3
1.675,2.025,7.45,1.325,1.325,1.0,0.95,1.7,-0.35,0.1,5.1,0.475,-0.025,0.05,0.05,0.375,13,13,20,5,12,7,9,15,22,23,26,20,27,22,14,27,91,125,462,76,65,54,43,102,4.0,0.0,1.0,0.195,0.671,0.008,3
1.325,2.125,12.55,1.8,1.3,1.05,1.0,2.075,-0.175,0.225,2.325,0.125,0.075,0.125,0.1,-0.55,11,14,20,10,11,9,7,12,24,21,27,17,22,16,14,20,81,123,818,105,63,49,45,121,4.0,0.0,1.0,0.194,0.672,0.008,3
1.15,2.35,14.875,1.925,1.375,1.175,1.1,1.525,0.075,0.325,-2.275,0.15,0.45,0.175,-0.175,-0.5,9,17,21,14,11,11,6,8,25,22,23,20,20,21,19,16,72,130,933,115,61,62,52,94,4.0,0.0,1.0,0.192,0.674,0.009,3
1.225,2.675,12.6,2.075,1.825,1.35,0.925,1.025,0.35,1.55,2.8,1.725,0.6,0.2,0.3,0.1,9,18,21,15,11,10,4,9,22,23,23,19,18,22,20,12,65,152,755,117,76,72,49,47,4.0,0.0,1.0,0.191,0.676,0.01,3
1.575,4.225,15.4,3.8,2.425,1.55,1.225,1.125,0.175,0.825,2.55,0.475,0.05,0.025,0.05,-0.125,13,18,24,21,13,7,6,8,19,21,26,24,17,15,18,12,81,268,1001,210,115,66,51,41,4.0,0.0,1.0,0.191,0.685,0.017,3
1.75,5.05,17.95,4.275,2.475,1.575,1.275,1.0,-0.15,1.325,-0.8,-1.35,-0.725,-0.475,-0.225,-0.075,16,16,26,17,15,14,3,5,22,21,27,24,21,18,14,16,96,301,1194,231,143,85,48,47,4.0,0.0,1.0,0.195,0.705,0.033,3
1.6,6.375,17.15,2.925,1.75,1.1,1.05,0.925,0.125,1.85,2.4,-0.725,-0.475,-0.25,-0.05,0.1,14,15,25,15,8,12,4,6,25,23,25,18,23,19,13,18,94,386,1070,146,101,70,46,48,4.0,0.0,1.0,0.197,0.739,0.059,3
1.725,8.225,19.55,2.2,1.275,0.85,1.0,1.025,0.05,0.95,2.425,-0.2,0.225,0.4,0.0,0.2,14,19,22,16,6,3,4,10,22,23,25,19,21,18,10,18,101,492,1135,116,69,50,44,55,4.0,0.0,1.0,0.198,0.785,0.092,3
1.775,9.175,21.975,2.0,1.5,1.25,1.0,1.225,0.65,2.225,-1.825,0.45,0.025,0.0,-0.125,0.15,14,21,20,15,9,6,6,12,21,23,28,23,17,19,13,16,103,545,1391,115,75,57,49,68,4.0,0.0,1.0,0.192,0.837,0.13,3
2.425,11.4,20.15,2.45,1.525,1.25,0.875,1.375,0.4,0.75,1.2,0.65,-0.1,-0.1,0.05,0.15,20,26,20,13,13,7,7,7,23,29,31,23,15,20,19,19,145,750,1275,148,68,56,51,74,4.0,0.0,1.0,0.178,0.888,0.171,3
2.825,12.15,21.35,3.1,1.425,1.15,0.925,1.525,2.125,2.025,6.125,2.325,0.6,0.175,0.15,-0.075,18,24,20,12,12,7,4,8,21,26,30,22,14,18,20,27,145,787,1336,186,71,54,45,94,4.0,0.0,1.0,0.156,0.932,0.208,3
4.95,14.175,27.475,5.425,2.025,1.325,1.075,1.45,5.575,1.55,-0.375,2.775,1.2,0.425,0.4,0.4,19,22,22,17,8,13,7,13,22,26,27,24,15,16,24,26,266,917,1548,303,116,60,53,88,4.0,0.0,1.0,0.13,0.968,0.241,3
10.525,15.725,27.1,8.2,3.225,1.75,1.475,1.85,0.975,2.15,-0.15,-0.4,-0.2,0.125,1.325,0.7,23,25,19,21,14,21,11,16,25,32,22,27,21,21,21,24,661,1026,1415,480,186,99,74,107,4.0,0.0,1.0,0.102,0.996,0.268,3
11.5,17.875,26.95,7.8,3.025,1.875,2.8,2.55,-1.8,8.275,4.275,-1.35,-0.725,-0.075,0.375,0.6,20,24,17,19,17,21,14,17,22,27,21,26,25,26,20,21,734,1105,1558,465,182,124,154,147,4.0,0.0,1.0,0.08,1.013,0.283,3
9.7,26.15,31.225,6.45,2.3,1.8,3.175,3.15,-0.5,5.4,0.525,-0.3,-0.075,0.15,-0.675,0.4,21,20,21,19,14,13,20,19,23,27,22,23,25,25,27,21,575,1544,1903,389,146,118,200,178,4.0,0.0,1.0,0.067,1.019,0.29,3
9.2,31.55,31.75,6.15,2.225,1.95,2.5,3.55,-0.65,0.9,0.45,1.1,0.575,0.5,0.575,0.025,16,20,22,20,15,12,20,23,22,23,21,23,22,22,29,24,504,1737,1940,362,132,123,159,220,4.0,0.0,1.0,0.06,1.02,0.293,3
8.55,32.45,32.2,7.25,2.8,2.45,3.075,3.575,-0.1,-5.175,3.475,0.175,0.575,-0.025,0.5,-0.5,17,20,25,21,18,18,17,25,19,24,24,28,27,30,21,29,448,1882,2108,416,170,156,172,264,4.0,0.0,1.0,0.059,1.021,0.293,3
8.45,27.275,35.675,7.425,3.375,2.425,3.575,3.075,-1.575,-2.85,-0.525,-0.35,-0.9,-0.775,-0.975,-0.7,22,20,23,15,13,18,16,26,23,26,24,29,28,28,25,29,451,1717,2225,401,204,143,194,219,4.0,0.0,1.0,0.059,1.022,0.293,3
6.875,24.425,35.15,7.075,2.475,1.65,2.6,2.375,0.65,0.475,-4.5,-0.125,-0.2,-0.2,-0.65,0.075,19,22,19,14,9,13,12,24,20,24,25,26,20,21,31,27,372,1648,2031,370,141,93,162,145,4.0,0.0,1.0,0.059,1.022,0.294,3
7.525,24.9,30.65,6.95,2.275,1.45,1.95,2.45,-0.2,-3.3,-3.075,-1.75,0.65,0.35,0.675,0.6,21,24,20,19,16,11,8,19,21,25,28,25,21,21,22,26,466,1660,1931,390,130,85,125,146,4.0,0.0,1.0,0.059,1.021,0.294,3
7.325,21.6,27.575,5.2,2.925,1.8,2.625,3.05,0.1,2.325,-1.625,0.625,-0.05,0.125,0.9,0.6,20,26,24,19,18,13,12,18,25,27,29,26,24,19,23,24,504,1392,1737,297,179,102,158,195,4.0,0.0,1.0,0.058,1.02,0.294,3
7.425,23.925,25.95,5.825,2.875,1.925,3.525,3.65,2.8,6.425,4.0,0.275,-0.45,-0.15,0.55,0.1,16,24,25,17,16,13,16,20,24,26,29,22,20,18,26,23,438,1451,1635,370,166,101,212,220,4.0,0.0,1.0,0.058,1.02,0.294,3
10.225,30.35,29.95,6.1,2.425,1.775,4.075,3.75,0.925,-1.125,-0.875,-0.5,0.2,0.2,-0.425,-0.625,15,20,24,21,16,7,18,16,25,23,28,27,13,17,26,21,600,1757,1606,406,116,86,243,193,4.0,0.0,1.0,0.057,1.02,0.295,3
11.15,29.225,29.075,5.6,2.625,1.975,3.65,3.125,-1.35,-5.625,-0.3,1.3,0.15,-0.05,-0.3,-0.375,20,20,25,23,12,8,15,15,27,24,28,28,17,17,21,19,673,1687,1609,375,115,87,190,156,4.0,0.0,1.0,0.056,1.02,0.294,3
9.8,23.6,28.775,6.9,2.775,1.925,3.35,2.75,-0.825,-0.225,2.425,2.125,0.0,-0.425,0.2,0.35,19,20,28,19,8,13,12,16,27,28,28,24,19,18,18,20,548,1440,1979,414,146,93,170,139,4.0,0.0,1.0,0.056,1.02,0.293,3
8.975,23.375,31.2,9.025,2.775,1.5,3.55,3.1,-0.325,3.425,-3.675,0.425,0.925,0.1,-0.075,0.425,19,18,27,19,11,13,17,16,27,28,29,25,14,21,25,25,569,1426,2183,553,144,93,217,162,4.0,0.0,1.0,0.055,1.019,0.293,3
8.65,26.8,27.525,9.45,3.7,1.6,3.475,3.525,-0.55,1.075,1.975,-1.75,-0.625,0.475,-0.125,0.225,18,21,21,20,16,12,18,16,24,26,27,24,17,23,28,26,577,1677,1745,544,209,103,236,198,4.0,0.0,1.0,0.055,1.018,0.292,3
8.1,27.875,29.5,7.7,3.075,2.075,3.35,3.75,1.275,0.725,-1.875,-0.625,-1.0,0.125,-0.225,-0.525,21,22,20,18,16,13,11,20,22,27,23,25,23,23,18,25,529,1610,1725,420,185,118,188,226,4.0,0.0,1.0,0.055,1.018,0.292,3
9.375,28.6,27.625,7.075,2.075,2.2,3.125,3.225,0.725,-3.15,-4.5,-0.175,0.575,-0.225,0.3,-0.1,24,22,21,22,13,15,11,25,25,25,24,27,23,25,21,27,601,1671,1706,453,129,125,169,215,4.0,0.0,1.0,0.054,1.019,0.293,3
10.1,25.45,23.125,6.9,2.65,1.975,3.425,3.125,-2.15,-1.025,8.9,0.1,0.2,0.15,0.775,-0.075,22,22,25,22,11,11,16,24,26,23,28,24,20,21,28,24,622,1550,1430,416,148,110,209,208,4.0,0.0,1.0,0.054,1.02,0.293,3
7.95,24.425,32.025,7.0,2.85,2.125,4.2,3.05,-1.15,2.825,0.35,-0.975,-0.3,0.375,0.2,-0.175,19,23,29,23,9,10,16,23,25,26,32,28,18,19,25,26,494,1598,2034,420,155,110,254,199,4.0,0.0,1.0,0.054,1.02,0.293,3
6.8,27.25,32.375,6.025,2.55,2.5,4.4,2.875,-1.3,-2.2,-11.925,-1.0,-0.175,-0.175,-0.45,0.125,17,26,23,23,10,11,14,19,21,29,29,27,16,21,22,26,397,1846,2167,384,142,123,274,175,4.0,0.0,1.0,0.054,1.021,0.292,3
5.5,25.05,20.45,5.025,2.375,2.325,3.95,3.0,0.05,2.5,1.725,1.15,0.175,-0.2,-0.15,-0.025,17,24,19,17,12,12,16,16,20,26,23,21,20,23,24,25,311,1580,1316,295,126,130,274,188,4.0,0.0,1.0,0.054,1.02,0.291,3
5.55,27.55,22.175,6.175,2.55,2.125,3.8,2.975,-0.825,-10.675,-0.55,-1.85,-0.55,-0.7,-1.4,0.05,21,21,19,16,11,15,17,19,23,27,21,24,19,24,23,28,371,1600,1362,372,128,123,226,192,4.0,0.0,1.0,0.055,1.02,0.292,3
4.725,16.875,21.625,4.325,2.0,1.425,2.4,3.025,-3.15,-13.625,-6.925,-2.125,-0.55,-0.4,-1.325,-0.7,18,16,20,16,9,11,10,17,24,22,24,22,17,26,16,28,305,938,1350,267,89,83,129,173,4.0,0.0,1.0,0.127,0.845,0.145,3
1.575,3.25,14.7,2.2,1.45,1.025,1.075,2.325,-0.025,0.025,0.325,0.775,0.45,0.5,0.1,-1.025,13,17,23,13,11,9,3,13,23,21,27,18,18,24,10,24,89,175,972,121,67,64,56,130,4.0,0.0,1.0,0.2,0.676,0.001,3
1.55,3.275,15.025,2.975,1.9,1.525,1.175,1.3,-0.3,0.4,-1.675,0.4,0.0,-0.15,-0.1,-0.225,10,18,21,13,12,8,2,7,16,26,26,21,20,19,13,20,71,194,949,157,103,75,53,75,4.0,0.0,1.0,0.202,0.693,0.015,3
1.25,3.675,13.35,3.375,1.9,1.375,1.075,1.075,0.15,1.15,-1.075,-0.15,0.025,-0.1,0.025,-0.075,13,17,19,13,11,5,3,5,17,23,22,24,16,19,20,18,62,230,801,186,97,59,46,58,4.0,0.0,1.0,0.204,0.716,0.036,3
1.4,4.825,12.275,3.225,1.925,1.275,1.1,1.0,0.4,0.6,0.275,-1.0,-0.1,-0.1,0.05,-0.2,12,18,18,12,12,11,8,7,20,21,20,22,11,21,20,20,76,276,724,200,100,67,49,61,4.0,0.0,1.0,0.202,0.758,0.077,3
1.8,5.425,12.55,2.225,1.825,1.175,1.15,0.8,0.5,3.275,3.2,0.325,-0.225,-0.1,-0.15,0.075,14,17,20,7,13,11,7,5,19,25,26,17,19,18,17,18,91,312,793,141,100,63,51,46,4.0,0.0,1.0,0.196,0.812,0.129,3
2.3,8.7,15.75,2.55,1.6,1.075,1.0,0.875,1.75,6.05,6.8,2.75,0.475,0.3,0.0,0.375,12,21,20,12,10,9,3,4,20,28,27,19,25,18,17,14,117,523,902,131,86,57,48,41,4.0,0.0,1.0,0.168,0.887,0.195,3
4.05,14.75,22.55,5.3,2.075,1.375,1.0,1.25,3.675,2.625,5.225,3.45,0.925,0.225,0.525,0.625,13,22,17,19,14,20,5,8,23,28,21,24,25,27,24,17,233,933,1226,306,110,86,58,74,4.0,0.0,1.0,0.128,0.96,0.259,3
7.725,17.375,27.775,8.75,3.0,1.6,1.525,1.875,0.2,1.675,1.725,0.425,0.2,0.075,0.7,0.2,15,25,21,22,17,23,9,17,21,28,25,25,23,26,29,22,422,1141,1710,502,165,104,93,117,4.0,0.0,1.0,0.104,0.991,0.284,3
7.925,19.05,29.5,9.175,3.2,1.675,2.225,2.075,-1.1,3.975,-4.0,-2.0,-0.6,-0.35,0.175,-0.05,15,25,24,20,15,15,13,18,23,27,27,24,23,20,24,25,447,1292,1976,508,179,103,117,120,4.0,0.0,1.0,0.092,1.003,0.292,3
6.825,23.025,25.5,7.175,2.6,1.325,2.4,2.025,0.425,3.075,1.25,-0.575,-0.35,-0.025,-0.1,0.0,20,18,22,19,16,10,15,20,26,24,25,24,22,19,21,23,416,1505,1528,425,148,76,145,117,4.0,0.0,1.0,0.086,1.009,0.296,3
7.25,26.1,26.75,6.6,2.25,1.3,2.3,2.025,-0.15,1.5,0.825,0.375,0.125,0.325,0.125,0.025,19,20,21,18,13,8,12,21,24,24,25,22,20,18,22,21,400,1707,1577,371,118,59,136,110,4.0,0.0,1.0,0.085,1.009,0.297,3
7.1,27.6,27.575,6.975,2.375,1.625,2.425,2.05,0.475,0.975,-2.65,-0.4,0.3,0.15,-0.125,0.375,24,23,20,19,16,13,13,16,29,27,26,28,23,23,22,22,405,1738,1676,405,140,95,127,107,4.0,0.0,1.0,0.085,1.01,0.296,3
7.575,28.575,24.925,6.575,2.675,1.775,2.3,2.425,-0.5,-2.775,2.05,-1.35,-0.1,0.0,0.15,0.15,24,25,18,25,21,12,13,11,30,30,27,32,25,21,21,24,469,1738,1469,414,151,95,120,129,4.0,0.0,1.0,0.085,1.011,0.294,3
7.075,25.8,26.975,5.225,2.575,1.775,2.45,2.575,-0.125,-1.075,-0.275,-0.275,0.625,-0.125,0.325,-0.325,19,26,21,26,19,12,14,11,24,29,27,28,25,17,19,19,434,1659,1713,348,148,86,148,125,4.0,0.0,1.0,0.084,1.012,0.294,3
6.95,24.725,26.7,4.95,3.2,1.65,2.775,2.25,1.575,5.425,3.925,2.225,-0.025,-0.125,0.125,-0.15,19,25,24,22,15,11,18,14,24,26,28,29,23,17,21,21,403,1605,1734,286,202,92,171,117,4.0,0.0,1.0,0.083,1.014,0.293,3
8.525,30.15,30.625,7.175,3.175,1.525,2.9,2.1,1.975,-4.175,5.125,1.7,-0.75,-0.15,-0.1,0.075,19,26,26,23,13,11,18,16,29,29,29,28,22,21,26,24,537,2029,2121,452,190,90,178,110,4.0,0.0,1.0,0.083,1.014,0.292,3
10.5,25.975,35.75,8.875,2.425,1.375,2.8,2.175,-0.65,-5.875,-1.775,-1.475,-0.025,0.225,-0.475,0.125,24,24,23,22,14,16,16,13,31,28,31,23,26,27,24,21,720,1667,2446,541,141,90,168,108,4.0,0.0,1.0,0.082,1.013,0.291,3
9.85,20.1,33.975,7.4,2.4,1.6,2.325,2.3,-1.9,6.175,-6.725,-0.8,0.05,0.325,-0.05,-0.05,25,24,23,19,10,13,8,11,30,27,29,26,21,24,15,21,671,1182,2303,415,133,90,107,113,4.0,0.0,1.0,0.082,1.012,0.29,3
7.95,26.275,27.25,6.6,2.45,1.925,2.275,2.25,-0.6,6.625,-3.9,0.85,0.05,-0.2,0.325,0.4,23,26,23,23,17,19,11,10,30,26,27,27,24,22,18,19,534,1699,1698,426,167,111,120,119,4.0,0.0,1.0,0.081,1.012,0.29,3
7.35,32.9,23.35,7.45,2.5,1.725,2.6,2.65,-0.975,-3.1,5.825,0.225,0.025,-0.2,0.575,0.475,24,26,22,20,15,18,20,16,26,26,27,26,22,19,21,17,478,2229,1454,460,147,100,146,150,4.0,0.0,1.0,0.081,1.013,0.288,3
6.375,29.8,29.175,7.675,2.525,1.525,3.175,3.125,0.325,-7.9,-0.125,-1.175,0.675,0.6,0.225,0.45,23,25,27,18,12,10,19,14,26,26,30,28,18,15,21,22,403,1872,2038,455,125,72,168,171,4.0,0.0,1.0,0.082,1.014,0.287,3
6.7,21.9,29.05,6.5,3.2,2.125,3.4,3.575,1.275,-1.2,-4.075,-0.6,-0.05,0.15,-0.225,-0.075,22,24,26,21,20,15,18,15,28,28,29,25,22,23,21,24,404,1376,2004,404,170,118,195,211,4.0,0.0,1.0,0.082,1.014,0.287,3
1.75,3.675,15.6,2.975,2.05,1.25,1.2,1.9,0.25,0.175,1.7,-0.225,0.975,0.525,0.475,0.4,15,12,24,15,14,10,9,15,25,23,27,18,23,24,24,26,108,219,1010,156,126,69,69,124,5.0,0.0,1.383,0.199,0.683,0.004,3
2.0,3.85,17.3,2.75,3.025,1.775,1.675,2.3,0.0,0.2,-0.025,0.375,-0.45,0.15,-0.2,-0.25,15,15,23,16,19,15,9,15,28,26,26,21,28,26,21,26,124,247,1049,164,172,106,80,149,5.0,0.0,1.383,0.212,0.711,0.012,3
2.0,4.05,17.275,3.125,2.575,1.925,1.475,2.05,0.425,1.45,1.2,0.175,-0.425,-0.25,-0.575,-0.375,12,21,22,21,15,13,4,11,17,24,27,26,25,23,16,26,105,259,1060,182,128,117,68,120,5.0,0.0,1.383,0.231,0.764,0.027,3
2.425,5.5,18.475,3.3,2.15,1.675,0.9,1.675,2.275,1.175,-3.0,-0.575,-0.2,0.025,0.875,0.15,18,23,21,19,16,10,7,6,18,23,25,21,23,18,18,23,135,344,1133,189,126,100,54,98,5.0,0.0,1.383,0.252,0.833,0.047,3
4.7,6.675,15.475,2.725,1.95,1.7,1.775,1.825,1.275,-0.325,1.55,-0.325,-0.375,-0.35,0.275,0.7,20,19,22,13,17,12,11,7,19,23,24,21,20,19,15,22,267,392,986,170,116,102,94,108,5.0,0.0,1.383,0.264,0.918,0.072,3
5.975,6.35,17.025,2.4,1.575,1.35,2.05,2.525,-0.25,0.175,3.225,-0.05,-0.125,-0.25,-0.6,0.45,16,17,23,7,13,11,14,12,19,26,30,20,24,18,15,24,330,387,1101,143,82,83,105,159,5.0,0.0,1.383,0.262,1.001,0.099,3
5.725,6.525,20.25,2.35,1.45,1.1,1.45,2.975,1.85,1.2,-1.05,-0.125,-0.025,0.3,0.55,0.225,17,20,24,11,9,11,17,16,22,28,31,21,26,22,24,25,330,430,1357,131,80,67,86,195,5.0,0.0,1.383,0.248,1.065,0.124,3
7.575,7.725,19.2,2.225,1.425,1.4,2.0,3.2,1.5,1.825,-0.075,-0.075,0.025,0.125,0.275,0.35,17,22,24,18,10,12,15,15,21,25,28,23,23,20,22,22,425,515,1271,130,87,75,116,206,5.0,0.0,1.383,0.22,1.125,0.153,3
9.075,9.55,19.125,2.15,1.45,1.525,2.275,3.55,-0.425,-0.05,0.775,0.05,-0.075,-0.025,-0.75,-0.525,15,23,25,17,7,10,17,20,21,24,28,22,21,20,19,27,507,605,1285,131,82,79,127,248,5.0,0.0,1.383,0.185,1.176,0.183,3
8.65,9.5,19.9,2.2,1.375,1.5,1.525,3.025,0.025,-0.95,1.25,0.925,0.35,-0.025,0.025,-0.6,14,24,24,18,9,11,15,26,23,26,26,22,21,25,20,30,478,609,1203,141,70,90,91,210,5.0,0.0,1.383,0.151,1.208,0.211,3
8.675,8.55,21.15,3.125,1.725,1.475,1.55,2.425,0.175,0.6,-2.675,2.625,0.95,0.25,0.7,0.475,18,22,22,16,17,11,14,20,23,27,22,22,23,20,21,25,484,519,1251,195,99,86,89,151,5.0,0.0,1.383,0.117,1.232,0.236,3
8.85,9.15,18.475,5.75,2.675,1.725,2.25,2.9,2.65,9.45,10.825,3.6,0.275,0.2,0.575,0.625,20,18,21,16,15,13,12,20,22,25,24,22,25,20,20,26,514,465,1232,355,153,92,111,189,5.0,0.0,1.383,0.087,1.246,0.258,3
11.5,18.6,29.3,9.35,2.95,1.925,2.825,3.525,1.875,6.225,13.6,-0.125,-0.275,0.025,0.55,-0.1,19,21,20,21,14,14,12,17,26,24,26,25,23,19,23,23,699,1048,1833,616,159,102,163,213,5.0,0.0,1.383,0.066,1.253,0.278,3
13.375,24.825,42.9,9.225,2.675,1.95,3.375,3.425,-0.925,1.55,3.65,-2.675,-0.15,-0.075,0.025,-0.175,18,21,25,20,14,13,22,13,28,21,28,28,20,20,28,23,777,1380,2682,581,131,114,228,216,5.0,0.0,1.383,0.055,1.257,0.288,3
12.45,26.375,46.55,6.55,2.525,1.875,3.4,3.25,-0.875,-0.75,-4.625,-0.525,-0.1,-0.05,-0.65,-0.05,18,20,22,19,14,11,20,12,26,21,25,24,17,20,24,22,701,1505,2753,352,111,101,200,193,5.0,0.0,1.383,0.05,1.259,0.29,3
11.575,25.625,41.925,6.025,2.425,1.825,2.75,3.2,0.125,-4.825,-10.425,0.2,-0.05,-0.05,-0.125,-0.3,20,20,22,20,13,12,15,15,27,23,25,23,18,20,19,22,733,1454,2489,333,114,97,161,184,5.0,0.0,1.383,0.047,1.261,0.291,3
11.7,20.8,31.5,6.225,2.375,1.775,2.625,2.9,1.025,0.75,-1.775,-0.6,0.3,0.1,0.6,0.075,17,19,24,20,15,16,15,20,27,21,25,22,20,21,21,22,730,1218,2022,369,137,100,173,169,5.0,0.0,1.383,0.045,1.262,0.291,3
12.725,21.55,29.725,5.625,2.675,1.875,3.225,2.975,-1.5,3.1,0.35,0.7,-0.125,-0.1,0.175,0.125,18,21,21,18,19,14,15,20,25,22,24,22,25,17,23,23,778,1376,1744,369,165,108,187,166,5.0,0.0,1.383,0.044,1.261,0.293,3
11.225,24.65,30.075,6.325,2.55,1.775,3.4,3.1,-1.375,1.475,0.875,1.25,0.175,0.1,-0.35,0.375,23,24,18,17,17,11,17,23,27,25,23,21,26,16,24,27,686,1632,1595,366,148,102,198,197,5.0,0.0,1.383,0.044,1.261,0.294,3
9.85,26.125,30.95,7.575,2.725,1.875,3.05,3.475,0.6,-3.2,-0.075,-0.45,0.15,0.325,-0.1,0.4,22,22,17,20,17,15,16,22,28,28,23,22,22,20,29,27,551,1563,1720,433,171,118,191,233,5.0,0.0,1.383,0.044,1.261,0.296,3
10.45,22.925,30.875,7.125,2.875,2.2,2.95,3.875,2.775,1.65,-3.425,-0.675,-0.35,-0.35,0.1,0.075,21,23,17,18,16,16,14,21,27,29,22,24,21,22,25,28,650,1455,1845,416,166,143,182,263,5.0,0.0,1.383,0.044,1.262,0.295,3
13.225,24.575,27.45,6.45,2.525,1.85,3.05,3.95,1.1,3.0,1.3,0.025,-0.025,0.025,0.4,-0.6,18,24,19,16,15,17,16,18,23,26,24,25,23,24,22,24,811,1462,1563,342,144,120,169,227,5.0,0.0,1.383,0.044,1.262,0.295,3
14.325,27.575,28.75,6.475,2.5,1.875,3.45,3.35,-2.475,-2.25,-0.65,2.225,-0.325,-0.1,-0.2,-1.05,17,20,22,19,18,15,17,16,22,23,27,24,24,22,21,20,839,1495,1747,369,150,107,186,179,5.0,0.0,1.383,0.043,1.261,0.294,3
11.85,25.325,28.1,8.7,2.175,1.775,3.25,2.3,-0.175,2.65,-2.25,-0.35,0.075,0.05,0.525,0.225,21,20,22,23,19,14,14,20,23,25,28,22,19,19,23,22,670,1292,1811,509,114,102,188,139,5.0,0.0,1.383,0.043,1.26,0.293,3
11.675,27.975,25.85,8.35,2.25,1.825,3.775,2.525,0.425,2.125,7.3,-3.3,0.325,0.275,0.6,0.45,18,27,19,18,19,13,13,14,22,31,24,19,16,17,24,22,680,1732,1457,488,112,103,196,136,5.0,0.0,1.383,0.042,1.259,0.291,3
12.1,30.1,33.15,5.05,2.575,2.1,4.375,2.975,-2.05,-1.875,1.1,1.0,0.275,0.25,-0.475,0.375,17,25,22,13,17,16,20,16,22,26,23,20,19,20,28,21,677,1877,1866,245,144,125,256,162,5.0,0.0,1.383,0.041,1.258,0.289,3
10.05,28.225,34.25,6.05,2.85,2.35,3.9,3.35,-0.5,-6.35,1.325,0.3,-0.325,-0.025,0.425,0.275,21,23,25,18,16,15,23,20,21,26,26,23,19,23,25,20,594,1714,1994,360,161,149,246,207,5.0,0.0,1.383,0.04,1.258,0.288,3
9.55,21.875,35.575,6.35,2.525,2.325,4.325,3.625,1.35,-0.45,2.725,-0.675,0.2,-0.05,-0.05,0.15,19,24,24,22,15,11,21,17,22,28,29,23,20,24,21,22,571,1393,2322,419,142,138,272,227,5.0,0.0,1.383,0.039,1.258,0.288,3
10.9,21.425,38.3,5.675,2.725,2.275,4.275,3.775,-3.775,-6.1,-14.45,-1.6,-0.375,-0.25,-1.55,0.3,19,22,22,22,20,16,20,19,25,29,27,25,25,22,23,24,663,1387,2417,369,173,127,259,221,5.0,0.0,1.383,0.039,1.258,0.289,3
7.125,15.325,23.85,4.075,2.35,2.025,2.725,4.075,-4.775,-10.125,-13.45,-2.325,-1.2,-0.9,-1.45,-0.425,14,17,23,20,18,13,12,20,24,26,25,24,27,22,24,28,448,884,1464,257,138,113,162,253,5.0,0.0,1.383,0.114,0.994,0.161,3
2.35,5.2,10.4,1.75,1.15,1.125,1.275,3.65,-0.875,0.75,0.9,0.125,-0.025,-0.175,0.1,-0.3,8,19,23,16,8,4,7,18,22,20,26,23,20,18,22,25,95,273,652,108,52,51,66,203,5.0,0.0,1.383,0.198,0.7,0.019,3
1.475,5.95,11.3,1.875,1.125,0.95,1.375,3.35,-0.075,-0.175,2.675,0.125,0.5,0.3,0.175,-0.15,8,20,21,14,2,3,9,16,21,20,24,24,15,15,22,24,74,361,672,101,47,45,77,189,5.0,0.0,1.383,0.206,0.671,0.005,3
1.4,5.775,13.975,2.0,1.625,1.25,1.55,3.2,0.225,0.775,2.95,0.575,1.15,0.4,-0.175,-0.925,9,17,21,7,9,11,12,16,22,19,21,22,18,15,22,24,68,346,793,90,78,60,89,205,5.0,0.0,1.383,0.207,0.678,0.008,3
1.625,6.55,16.925,2.575,2.775,1.65,1.375,2.275,-0.2,-0.525,-1.625,0.2,0.1,-0.125,-0.175,-1.025,15,21,26,11,17,14,13,15,23,25,26,22,22,20,20,21,98,435,1151,120,149,83,78,155,5.0,0.0,1.383,0.212,0.693,0.017,3
1.425,6.025,15.3,2.775,2.875,1.525,1.2,1.25,-0.2,-0.5,-1.475,-0.2,-0.475,-0.225,-0.25,-0.175,14,22,25,16,13,4,9,9,22,24,27,23,23,16,15,18,90,390,1020,147,161,61,60,71,5.0,0.0,1.383,0.216,0.715,0.033,3
1.225,5.525,13.825,2.575,2.4,1.3,0.95,1.075,0.15,-0.975,0.125,-0.35,0.2,0.1,-0.25,0.075,7,21,17,17,10,2,5,5,18,20,24,20,21,14,14,19,59,332,767,139,118,58,41,57,5.0,0.0,1.383,0.221,0.75,0.057,3
1.375,4.55,13.95,2.225,2.6,1.4,0.7,1.15,0.075,-0.525,-0.25,-0.175,-0.55,-0.275,0.225,-0.075,5,19,18,14,11,8,1,5,18,25,22,21,17,13,16,22,72,257,819,117,119,60,31,61,5.0,0.0,1.383,0.225,0.799,0.089,3
1.45,4.025,13.7,2.05,2.05,1.125,0.925,1.075,0.4,0.075,1.525,0.15,-0.525,-0.25,0.25,0.125,7,14,21,14,10,9,3,5,20,24,24,27,18,10,19,21,79,219,767,120,103,39,46,55,5.0,0.0,1.383,0.225,0.862,0.125,3
1.85,4.1,15.225,2.2,1.525,0.875,1.175,1.2,0.5,-0.8,-1.35,-0.075,0.0,0.1,-0.05,0.3,14,17,24,15,9,4,7,13,20,21,25,26,14,11,18,22,111,233,834,121,68,39,51,64,5.0,0.0,1.383,0.218,0.931,0.159,3
2.35,3.3,13.875,2.125,1.525,0.975,1.125,1.5,2.575,2.0,2.1,-0.15,-0.225,0.25,0.025,-0.15,17,17,21,16,9,2,5,17,18,25,25,23,15,14,11,24,145,194,747,119,67,49,33,86,5.0,0.0,1.383,0.201,0.995,0.185,3
4.925,5.3,15.975,1.975,1.3,1.225,1.15,1.35,1.55,1.575,0.8,-0.1,0.025,0.05,-0.1,-0.1,18,22,23,18,8,4,2,15,18,27,30,30,18,19,10,20,310,350,1024,137,68,53,35,75,5.0,0.0,1.383,0.174,1.054,0.204,3
6.475,6.875,16.775,1.875,1.325,1.275,1.05,1.25,-0.825,-1.075,4.775,-0.4,0.05,-0.2,-0.15,0.075,18,26,26,16,12,4,3,14,21,28,32,29,17,19,17,19,406,460,1169,129,71,51,47,67,5.0,0.0,1.383,0.141,1.106,0.219,3
5.65,5.8,21.55,1.475,1.375,1.075,0.9,1.325,3.375,3.05,8.4,0.575,0.0,-0.025,0.3,0.45,17,19,22,11,13,5,4,11,20,25,27,18,16,16,19,24,370,357,1378,84,73,48,45,80,5.0,0.0,1.383,0.109,1.148,0.234,3
9.025,8.85,29.95,2.05,1.375,1.05,1.2,1.775,5.125,9.475,12.65,2.6,0.325,0.125,0.25,0.575,23,20,23,14,9,9,10,10,25,23,25,18,20,18,25,22,590,560,1938,126,80,51,73,91,5.0,0.0,1.383,0.076,1.186,0.252,3
14.15,18.325,42.6,4.65,1.7,1.175,1.45,2.35,2.525,10.9,5.55,3.35,1.15,0.65,0.625,1.4,24,22,22,20,8,9,9,15,29,24,26,27,17,17,20,20,898,1083,2676,303,95,62,81,130,5.0,0.0,1.383,0.05,1.216,0.267,3
16.675,29.225,48.15,8.0,2.85,1.825,2.075,3.75,-2.7,4.85,-6.175,0.575,0.725,0.5,0.7,0.5,21,26,22,20,14,13,10,19,29,28,28,30,15,21,18,22,1112,1999,2939,516,163,103,119,232,5.0,0.0,1.383,0.034,1.234,0.275,3
13.975,34.075,41.975,8.575,3.575,2.325,2.775,4.25,-3.975,-6.1,-3.65,-1.475,-0.5,-0.175,-0.4,-1.375,17,27,22,21,16,19,16,24,27,30,25,27,22,25,22,22,848,2259,2424,534,214,142,161,249,5.0,0.0,1.383,0.023,1.247,0.28,3
10.0,27.975,38.325,7.1,3.075,2.15,2.375,2.875,-1.025,-5.45,-5.675,-0.35,-0.325,-0.425,-0.2,-0.3,15,25,21,19,15,16,14,19,21,30,25,22,22,22,21,24,510,1799,2172,401,179,129,136,148,5.0,0.0,1.383,0.016,1.252,0.283,3
8.975,22.525,32.65,6.75,2.75,1.725,2.175,2.575,1.05,1.8,-0.15,0.05,-0.275,0.1,0.8,0.575,20,23,20,16,17,11,11,15,22,27,25,20,18,19,20,27,544,1379,1934,347,149,86,120,152,5.0,0.0,1.383,0.012,1.251,0.289,3
10.025,24.325,32.5,6.8,2.475,1.825,2.975,3.15,0.675,0.625,4.125,-0.625,0.075,0.275,0.45,-0.325,21,28,22,15,19,15,13,20,27,29,23,25,24,23,21,27,674,1678,1907,366,151,107,172,210,5.0,0.0,1.383,0.012,1.25,0.293,3
10.7,24.95,36.625,6.175,2.55,2.1,3.425,2.825,0.075,2.4,-3.275,0.475,0.0,-0.175,-0.25,-0.225,19,26,25,19,17,13,15,20,25,30,23,26,23,19,23,26,687,1644,2154,353,136,109,200,168,5.0,0.0,1.383,0.013,1.248,0.293,3
10.775,27.35,33.35,6.65,2.55,1.925,3.175,2.6,-0.3,8.9,-6.6,1.525,-0.275,-0.2,-0.45,0.1,23,23,21,23,15,12,19,15,24,28,25,24,21,17,25,24,669,1877,1960,369,145,88,194,153,5.0,0.0,1.383,0.014,1.247,0.291,3
10.475,36.25,26.75,8.175,2.275,1.725,2.725,2.7,-2.65,-7.0,0.575,0.925,0.2,-0.15,-0.2,-0.3,23,22,19,23,15,13,15,15,28,27,26,25,22,21,27,24,582,2359,1515,473,135,87,187,180,5.0,0.0,1.383,0.016,1.246,0.289,3
7.825,29.25,27.325,9.1,2.475,1.575,2.525,2.4,-0.525,-7.625,2.075,-2.15,0.075,0.325,0.35,0.375,21,16,22,26,17,9,9,13,26,24,27,29,23,22,24,21,464,1693,1542,594,130,85,157,146,5.0,0.0,1.383,0.018,1.246,0.287,3
7.3,21.625,29.4,6.95,2.55,1.9,2.875,2.775,2.05,4.85,-1.05,-2.125,0.35,0.5,0.875,0.65,19,18,22,19,13,11,10,15,19,22,27,24,22,23,20,21,377,1276,1711,417,151,116,164,164,5.0,0.0,1.383,0.019,1.245,0.284,3
9.35,26.475,28.35,4.825,2.9,2.4,3.75,3.425,0.625,3.3,3.55,1.65,0.125,0.175,0.5,0.45,21,20,23,12,14,17,16,17,23,22,28,19,19,23,23,24,537,1572,1801,288,170,148,240,211,5.0,0.0,1.383,0.02,1.246,0.283,3
9.975,29.775,31.9,6.475,3.025,2.575,4.25,3.875,0.775,-2.35,5.05,0.775,-0.375,-0.25,-0.05,0.475,22,16,25,11,14,15,17,20,27,24,28,16,20,26,24,26,603,1497,2055,363,163,147,247,231,5.0,0.0,1.383,0.019,1.246,0.281,3
10.75,27.425,36.95,7.25,2.65,2.325,4.2,4.35,-0.375,-0.175,4.725,-0.025,0.2,-0.25,-0.25,-0.4,21,21,24,17,12,10,22,22,26,25,25,21,22,26,26,24,643,1464,2148,406,124,123,242,238,5.0,0.0,1.383,0.019,1.246,0.28,3
10.375,27.25,41.675,7.225,2.85,2.075,3.95,3.95,0.85,4.25,0.575,0.75,0.0,0.125,-0.475,-0.85,19,23,26,20,18,12,19,17,25,28,27,26,26,25,24,24,585,1770,2571,423,149,120,242,225,5.0,0.0,1.383,0.019,1.244,0.279,3
11.225,31.5,42.25,7.975,2.85,2.2,3.475,3.1,-3.55,-14.9,-16.125,-2.65,-0.725,-0.5,-1.15,-0.55,22,19,28,22,21,11,12,13,29,27,27,27,23,22,22,21,705,2024,2762,498,156,107,195,177,5.0,0.0,1.383,0.019,1.243,0.279,3
7.675,16.6,26.125,5.325,2.125,1.7,2.325,2.55,-6.15,-13.35,-10.65,-3.15,-0.6,-0.625,-1.05,-0.35,23,19,26,18,16,10,15,13,26,26,25,24,24,16,20,22,521,1104,1796,313,112,66,127,144,5.0,0.0,1.383,0.11,0.958,0.129,3
1.525,3.25,15.475,2.175,1.525,1.075,1.275,2.2,0.2,0.45,2.625,-0.075,-0.3,-0.05,0.2,0.275,15,19,21,10,12,10,13,16,19,24,24,23,25,20,17,27,80,197,902,108,74,52,73,131,5.0,0.0,1.383,0.201,0.673,-0.02,3
1.725,3.7,18.1,2.1,1.225,1.025,1.475,2.475,0.125,0.15,-1.925,-0.3,0.0,-0.075,0.05,0.225,16,24,22,15,10,7,12,20,22,26,29,25,21,25,23,24,98,247,1178,132,63,54,94,149,5.0,0.0,1.383,0.199,0.673,-0.019,3
1.85,3.85,16.175,1.8,1.225,0.95,1.525,2.7,-0.225,-0.55,1.925,0.2,-0.075,-0.15,-0.35,-0.25,17,24,26,12,7,4,11,20,24,25,30,17,19,22,22,24,107,243,1023,98,60,49,89,148,5.0,0.0,1.383,0.199,0.674,-0.019,3
1.625,3.3,18.1,2.0,1.15,0.8,1.175,2.45,-0.225,0.275,2.8,0.1,-0.125,0.225,-0.1,0.325,13,18,25,9,6,2,6,14,23,21,31,20,20,15,12,23,102,209,1147,102,52,41,61,117,5.0,0.0,1.383,0.199,0.675,-0.018,3
1.4,3.575,20.9,2.1,1.025,1.025,1.075,2.775,0.05,-0.425,-3.925,-0.375,0.425,0.15,0.45,0.25,9,19,19,14,5,4,6,12,20,22,27,24,17,14,17,19,93,237,1255,114,53,51,71,150,5.0,0.0,1.383,0.198,0.676,-0.017,3
1.45,3.15,16.975,1.725,1.45,1.175,1.525,3.025,0.0,0.4,-4.15,0.725,0.575,0.0,-0.025,-0.95,10,18,19,11,7,8,8,18,23,21,25,18,21,16,24,22,85,200,1035,99,68,54,88,188,5.0,0.0,1.383,0.198,0.677,-0.017,3
1.45,3.55,12.825,2.45,2.025,1.175,1.5,2.075,-0.05,0.85,-1.55,0.3,0.35,0.375,-0.4,-0.95,8,15,18,11,9,9,11,15,23,18,23,17,23,15,22,22,77,202,799,129,95,53,88,125,5.0,0.0,1.383,0.199,0.684,-0.015,3
1.4,4.4,11.275,2.75,2.375,1.55,1.1,1.125,-0.025,-1.175,1.65,-0.35,-0.175,-0.05,0.0,-0.25,10,16,16,11,11,11,11,6,17,20,22,19,23,12,15,16,81,244,649,145,129,73,54,59,5.0,0.0,1.383,0.204,0.702,-0.002,3
1.375,3.225,12.925,2.4,2.2,1.5,1.1,0.875,-0.1,-0.375,1.275,-0.025,-0.2,-0.15,-0.2,0.05,11,14,19,15,11,8,8,2,14,20,22,25,16,13,12,15,69,173,723,144,123,68,42,39,5.0,0.0,1.383,0.211,0.731,0.019,3
1.275,2.85,14.2,2.375,2.0,1.35,0.9,0.925,0.125,0.95,1.075,0.55,-0.05,-0.175,-0.175,-0.125,9,17,18,15,13,8,5,1,19,22,25,23,17,13,13,19,70,172,789,136,105,59,41,43,5.0,0.0,1.383,0.216,0.769,0.048,3
1.4,3.8,15.275,2.925,1.95,1.175,0.725,0.8,-0.025,0.45,3.125,-0.05,-0.5,-0.25,0.025,0.0,9,20,23,15,13,10,2,3,24,20,29,22,21,14,17,20,91,204,980,156,97,54,47,47,5.0,0.0,1.383,0.218,0.822,0.084,3
1.375,4.25,18.4,2.875,1.45,0.925,0.75,0.8,0.275,-0.425,-2.25,-0.3,-0.275,-0.025,0.125,0.15,11,18,25,18,6,5,1,4,20,21,25,19,22,17,12,18,79,226,1142,166,71,48,39,43,5.0,0.0,1.383,0.214,0.884,0.119,3
1.65,3.825,16.15,2.575,1.175,0.9,0.875,0.95,1.875,0.85,2.05,1.025,0.225,0.0,0.15,0.25,14,23,21,12,7,2,3,8,20,25,24,18,29,17,12,20,89,244,999,154,71,42,37,54,5.0,0.0,1.383,0.202,0.948,0.15,3
3.525,4.675,18.2,3.6,1.4,0.9,1.025,1.2,3.55,2.475,0.325,-0.075,0.025,0.025,0.1,0.05,16,24,21,16,10,3,6,11,22,25,28,23,28,19,11,21,192,296,1142,213,79,45,37,73,5.0,0.0,1.383,0.185,1.007,0.173,3
7.075,7.15,18.525,3.525,1.425,0.925,1.125,1.25,1.475,0.375,-1.3,-0.65,-0.225,-0.05,-0.025,-0.05,19,18,20,22,8,3,8,11,18,24,26,25,22,24,14,18,441,422,1133,213,74,57,42,68,5.0,0.0,1.383,0.163,1.054,0.189,3
8.55,7.525,17.225,2.875,1.2,0.875,1.1,1.2,-1.4,-0.375,7.225,0.125,0.025,0.1,-0.1,0.075,21,16,19,22,6,2,6,7,21,22,22,22,14,22,16,18,530,446,1079,165,62,50,49,56,5.0,0.0,1.383,0.139,1.094,0.202,3
7.15,7.15,24.45,3.0,1.225,0.975,1.0,1.275,-0.65,3.625,3.725,0.675,0.4,0.25,0.075,0.325,19,22,20,14,2,4,2,8,23,27,25,20,16,17,15,22,395,462,1527,161,53,48,39,71,5.0,0.0,1.383,0.112,1.131,0.215,3
6.5,10.775,28.175,3.675,1.625,1.225,1.075,1.6,-1.4,3.75,1.075,0.25,0.325,0.125,0.15,0.2,16,25,23,20,6,5,2,13,19,28,30,24,19,15,16,18,347,725,1719,226,75,53,45,88,5.0,0.0,1.383,0.084,1.163,0.227,3
5.1,14.525,29.25,3.925,1.95,1.35,1.225,1.8,1.175,2.425,-0.775,2.475,0.35,0.175,0.35,0.975,15,23,21,24,10,6,4,11,21,25,25,24,18,19,23,12,271,880,1704,243,101,64,66,90,5.0,0.0,1.383,0.058,1.192,0.24,3
6.275,16.95,28.475,6.4,2.3,1.525,1.575,2.775,5.2,4.85,6.55,1.3,0.15,0.15,1.1,1.425,16,24,22,20,11,11,14,12,25,23,24,22,23,21,21,12,345,906,1626,370,142,76,97,144,5.0,0.0,1.383,0.037,1.217,0.252,3
11.475,21.8,35.025,7.7,2.45,1.675,2.675,4.2,1.55,5.5,-2.325,-1.55,-0.05,0.2,1.625,-0.25,19,22,25,19,17,17,18,15,24,22,26,25,27,23,18,19,711,1130,2104,490,171,93,155,241,5.0,0.0,1.383,0.022,1.236,0.263,3
13.025,27.3,32.7,6.15,2.4,1.875,4.3,3.95,-1.325,4.125,-8.2,-0.35,-0.075,0.1,3.5,0.2,18,16,22,18,17,11,16,18,21,20,24,25,23,22,23,22,828,1309,1884,378,131,84,214,235,5.0,0.0,1.383,0.013,1.248,0.272,3
11.7,31.425,24.5,5.8,2.325,1.975,7.8,4.15,-1.725,-1.025,6.575,-0.55,0.15,0.05,-0.05,-0.3,19,23,20,20,11,9,16,19,22,27,25,25,23,20,26,24,695,1990,1463,349,118,91,429,258,5.0,0.0,1.383,0.012,1.252,0.279,3
9.975,30.4,31.075,5.25,2.475,2.025,7.75,3.85,-0.675,-4.025,-1.7,-0.5,-0.35,-0.175,-2.65,-0.65,18,26,19,20,10,11,17,16,22,29,25,26,22,27,25,27,573,2037,1796,322,144,124,452,235,5.0,0.0,1.383,0.013,1.253,0.28,3
9.3,26.375,29.375,4.75,2.125,1.85,5.1,3.2,0.225,-4.6,-3.025,1.15,0.425,0.3,0.05,0.75,16,24,24,16,13,12,14,19,23,27,27,23,21,24,21,29,473,1708,1810,278,123,117,294,178,5.0,0.0,1.383,0.015,1.252,0.28,3
9.525,21.775,26.35,5.9,2.55,2.15,5.15,3.95,1.025,-3.4,0.775,0.475,0.375,0.275,0.25,0.85,22,20,26,19,14,14,15,20,26,24,29,24,20,19,19,26,561,1271,1789,385,143,121,282,217,5.0,0.0,1.383,0.017,1.25,0.279,3
10.55,18.375,27.125,6.375,2.925,2.425,5.4,4.8,-0.55,7.25,1.85,-0.075,-0.6,-0.6,-0.925,-0.525,25,23,21,21,14,14,24,18,26,28,25,25,20,18,27,23,679,1179,1652,389,160,132,345,290,5.0,0.0,1.383,0.017,1.248,0.276,3
10.0,25.625,28.975,6.3,2.325,1.825,4.475,4.275,-0.725,1.45,-0.625,0.8,0.1,-0.175,-1.45,-0.925,20,26,21,19,8,15,25,19,27,29,26,22,20,20,29,23,594,1703,1810,367,105,107,290,272,5.0,0.0,1.383,0.016,1.246,0.274,3
9.275,27.075,28.35,7.1,2.425,1.65,3.025,3.35,2.025,-3.55,-0.05,0.05,0.4,0.35,0.725,0.975,19,18,21,23,9,16,21,23,26,24,24,23,23,24,26,24,558,1583,1695,472,125,101,175,232,5.0,0.0,1.383,0.016,1.244,0.273,3
11.3,23.525,28.3,7.15,2.825,2.0,3.75,4.325,2.125,4.25,2.0,0.525,-0.05,0.1,0.325,-0.075,22,21,24,22,16,16,23,26,23,26,27,26,26,25,25,25,659,1425,1861,444,179,118,237,278,5.0,0.0,1.383,0.016,1.244,0.272,3
13.425,27.775,30.3,7.675,2.775,2.1,4.075,4.25,-1.275,-0.6,-0.65,0.075,-0.175,0.0,-0.2,-1.125,22,23,27,23,17,16,22,24,24,26,31,29,27,25,24,24,815,1730,2129,510,172,115,247,262,5.0,0.0,1.383,0.016,1.245,0.271,3
1.5,3.625,17.025,2.0,1.5,1.025,1.325,2.15,-0.05,-0.125,-2.9,0.35,1.025,0.575,-0.1,-0.35,16,14,23,11,10,6,15,17,21,24,24,25,22,17,25,29,88,230,1001,133,78,38,98,139,6.0,0.383,0.617,0.206,0.675,-0.034,3
1.45,3.5,14.125,2.35,2.525,1.6,1.225,1.8,0.575,2.6,1.85,0.375,0.075,0.025,0.3,0.4,13,19,20,14,12,11,12,15,20,23,23,24,28,20,22,24,81,220,811,146,137,76,75,114,6.0,0.383,0.617,0.212,0.683,-0.034,3
2.025,6.1,15.975,2.725,2.6,1.625,1.525,2.2,0.325,1.4,2.975,-0.025,-0.35,0.275,0.225,0.9,14,19,14,19,15,10,15,18,20,19,27,25,27,19,22,19,134,365,905,174,146,85,84,139,6.0,0.383,0.617,0.228,0.695,-0.032,3
2.35,7.5,18.95,2.7,2.25,1.9,1.75,3.1,-0.475,-2.025,0.3,0.075,0.65,0.175,0.1,-0.4,16,16,20,16,15,12,15,21,22,19,32,21,21,18,25,25,151,437,1260,171,110,98,102,188,6.0,0.383,0.617,0.252,0.712,-0.022,3
1.875,5.475,19.25,2.775,2.9,2.075,1.85,2.7,0.275,0.725,-3.625,0.0,0.475,-0.175,0.375,0.4,18,18,28,16,19,15,10,17,22,21,29,21,17,24,24,23,117,329,1248,172,145,123,115,140,6.0,0.383,0.617,0.278,0.733,-0.001,3
2.15,6.2,15.625,2.775,3.375,1.9,2.225,3.1,0.875,0.525,0.2,0.375,-0.075,0.125,-0.025,0.6,18,18,22,19,18,12,14,18,25,20,25,26,21,20,23,23,131,382,908,172,183,105,143,184,6.0,0.383,0.617,0.299,0.753,0.03,3
3.025,6.725,15.825,3.15,3.3,2.025,2.2,3.7,0.45,1.0,4.175,0.375,-0.2,0.225,-0.425,-0.375,17,18,24,21,14,14,13,19,26,27,29,25,20,17,23,28,186,440,1058,183,173,103,130,245,6.0,0.383,0.617,0.313,0.772,0.068,3
3.475,7.725,20.0,3.525,3.1,2.25,1.775,3.325,-0.075,1.375,2.225,-0.225,-0.325,1.45,-0.025,-0.325,20,20,25,16,16,14,12,20,26,31,28,22,19,18,24,28,216,527,1309,190,157,112,102,218,6.0,0.383,0.617,0.319,0.79,0.114,3
3.4,9.1,22.225,3.3,2.775,3.7,1.75,3.0,1.85,0.9,-0.2,-0.2,-0.425,-0.2,0.15,0.15,16,22,21,9,14,12,12,15,26,28,23,18,20,21,20,22,183,570,1285,170,139,198,95,167,6.0,0.383,0.617,0.318,0.808,0.164,3
5.25,10.0,22.025,3.1,2.35,3.5,1.9,3.15,2.6,3.775,3.775,0.3,0.25,-1.625,-0.15,0.225,17,18,15,11,11,14,9,15,25,25,24,17,19,25,17,20,303,588,1266,166,123,203,93,168,6.0,0.383,0.617,0.308,0.82,0.22,3
7.85,13.775,25.8,3.4,2.6,1.875,1.75,3.375,0.475,5.45,4.325,0.675,0.475,-0.025,0.375,-0.525,23,16,17,15,12,14,8,18,28,28,27,23,25,23,14,22,546,865,1626,192,136,107,88,180,6.0,0.383,0.617,0.295,0.825,0.267,3
8.325,19.225,30.125,4.075,3.075,1.85,2.125,2.85,1.1,6.225,-1.725,0.4,-0.25,-0.025,0.8,0.15,23,21,27,17,15,15,11,23,30,30,29,22,27,22,17,24,566,1283,1965,239,176,106,133,164,6.0,0.383,0.617,0.288,0.824,0.291,3
9.425,25.45,28.4,4.475,2.825,1.825,2.925,3.0,-0.675,0.525,-1.625,0.175,-0.025,1.075,0.025,-0.175,23,23,25,15,17,14,15,21,29,26,25,16,25,20,22,21,596,1536,1716,238,170,98,175,177,6.0,0.383,0.617,0.285,0.823,0.303,3
8.75,25.975,26.775,4.65,2.8,2.9,2.95,2.825,-1.125,-2.2,-0.85,-0.625,-0.325,0.55,0.025,0.075,17,24,23,14,21,13,15,13,20,25,26,21,26,22,24,19,522,1628,1642,270,177,169,164,163,6.0,0.383,0.617,0.283,0.821,0.309,3
7.625,23.775,25.925,4.025,2.475,3.45,2.975,2.9,1.275,-2.475,2.825,-0.75,0.275,-0.65,0.125,0.375,16,23,21,16,17,14,16,17,19,30,24,22,19,22,29,22,429,1551,1550,245,140,203,171,192,6.0,0.383,0.617,0.283,0.818,0.312,3
8.9,21.3,28.75,3.275,2.75,2.8,3.1,3.275,-0.725,3.7,0.15,0.65,0.15,-0.425,-0.45,-0.025,17,20,22,15,13,15,18,18,24,28,26,23,14,23,25,24,492,1375,1763,179,147,166,183,210,6.0,0.383,0.617,0.283,0.816,0.314,3
8.175,25.0,28.9,3.925,2.9,2.375,2.65,3.25,-1.175,0.425,1.05,0.05,-0.575,-0.525,-0.275,0.2,22,20,26,14,20,14,15,18,27,26,28,23,21,23,21,27,489,1585,1932,207,162,138,149,206,6.0,0.383,0.617,0.282,0.815,0.315,3
7.0,25.425,29.95,3.975,2.325,1.85,2.375,3.45,0.525,-4.85,5.575,0.25,0.475,0.1,0.15,-0.325,22,22,23,14,15,10,13,19,27,26,25,26,20,24,18,30,436,1548,1818,231,117,108,129,226,6.0,0.383,0.617,0.282,0.815,0.315,3
7.525,20.575,35.525,4.225,2.8,1.95,2.525,3.125,0.5,1.625,-2.55,0.975,-0.05,0.025,0.25,-0.325,16,20,23,18,14,12,15,17,25,25,26,31,18,22,20,21,386,1149,2294,292,171,120,145,186,6.0,0.383,0.617,0.282,0.814,0.315,3
8.025,22.2,32.975,5.2,2.75,1.975,2.775,2.8,0.65,-1.3,-1.0,0.15,-0.1,-0.125,-0.05,-0.35,18,24,21,22,19,16,19,18,26,28,25,27,24,26,23,20,482,1306,2186,349,189,128,154,149,6.0,0.383,0.617,0.283,0.813,0.315,3
8.675,20.9,31.975,5.35,2.65,1.85,2.725,2.45,-1.075,1.275,-0.075,0.025,0.875,0.225,0.1,0.15,16,27,21,19,21,14,19,18,24,30,22,23,26,24,24,23,499,1267,1982,309,170,117,161,140,6.0,0.383,0.617,0.283,0.813,0.314,3
7.6,22.175,31.9,5.375,3.525,2.075,2.825,2.6,-0.275,9.05,-3.6,0.175,0.2,-0.1,0.95,0.825,17,28,20,20,25,15,17,18,24,29,26,26,29,26,24,27,445,1453,1871,324,219,122,164,164,6.0,0.383,0.617,0.283,0.813,0.314,3
7.325,31.225,28.3,5.55,3.725,1.975,3.775,3.425,3.825,1.95,3.0,0.875,-0.5,-0.3,0.325,0.525,21,30,19,21,20,14,17,18,23,31,27,24,25,24,27,30,458,2095,1507,335,223,116,224,221,6.0,0.383,0.617,0.283,0.813,0.313,3
11.15,33.175,31.3,6.425,3.225,1.675,4.1,3.95,0.525,-2.9,-3.3,-0.875,-0.025,0.425,-0.375,0.05,22,24,22,19,13,13,18,15,24,31,25,18,21,22,24,29,700,2189,1860,383,189,110,228,234,6.0,0.383,0.617,0.283,0.812,0.313,3
11.675,30.275,28.0,5.55,3.2,2.1,3.725,4.0,-3.025,1.825,-1.95,-0.875,0.25,0.4,0.225,-0.5,23,19,20,17,10,13,15,14,24,26,19,17,18,17,21,27,707,1787,1699,309,156,101,202,229,6.0,0.383,0.617,0.283,0.812,0.312,3
8.65,32.1,26.05,4.675,3.45,2.5,3.95,3.5,-0.425,-4.375,-0.325,0.975,-0.35,-0.275,0.35,-0.025,18,25,19,15,14,16,17,14,24,27,21,19,18,14,23,19,516,2007,1610,245,188,117,223,200,6.0,0.383,0.617,0.284,0.811,0.312,3
8.225,27.725,25.725,5.65,3.1,2.225,4.3,3.475,-0.375,-3.675,-1.325,0.075,0.125,-0.325,1.375,0.175,19,27,22,13,16,16,19,17,29,26,23,23,23,18,20,19,548,1779,1651,287,186,125,245,188,6.0,0.383,0.617,0.283,0.811,0.311,3
7.85,24.05,24.4,5.725,3.225,1.9,5.675,3.65,-1.525,2.525,2.6,-0.4,0.125,-0.25,0.025,0.075,20,23,24,15,17,12,16,23,30,26,24,24,23,20,20,25,485,1425,1472,318,189,114,347,221,6.0,0.383,0.617,0.283,0.811,0.311,3
6.325,26.575,27.0,5.325,3.35,1.65,5.7,3.725,1.275,2.125,-0.975,0.075,-0.35,0.45,-0.725,0.925,20,22,23,16,15,12,17,22,24,28,26,21,19,20,21,22,376,1450,1654,290,189,97,323,203,6.0,0.383,0.617,0.283,0.811,0.312,3
7.6,28.7,26.025,5.4,3.0,2.1,4.975,4.65,-0.15,-2.675,2.975,1.4,-0.025,0.225,-0.8,-0.525,20,24,19,18,12,11,21,20,23,25,26,25,20,16,24,20,462,1758,1635,325,177,119,339,272,6.0,0.383,0.617,0.283,0.812,0.312,3
7.45,26.025,29.0,6.8,2.975,2.325,4.175,4.125,-1.5,-0.95,-4.35,0.125,-0.025,-0.475,-0.725,-1.2,19,24,22,23,14,16,20,16,22,23,30,28,21,20,22,25,445,1675,1759,412,172,132,268,234,6.0,0.383,0.617,0.282,0.812,0.312,3
5.95,25.075,24.65,6.925,2.95,1.85,3.45,2.925,-0.525,-5.4,-5.6,-2.175,0.025,0.125,-0.125,1.225,20,23,26,17,14,17,20,12,22,29,29,23,19,26,21,27,376,1421,1571,380,149,110,204,155,6.0,0.383,0.617,0.282,0.812,0.313,3
5.425,19.675,19.05,4.75,2.975,1.975,3.325,4.15,-2.35,-11.925,-0.425,-1.525,-0.975,-0.425,-0.725,0.9,16,21,21,16,13,13,20,17,26,28,25,25,20,22,27,29,335,1070,1104,267,162,115,202,258,6.0,0.383,0.617,0.263,0.777,0.233,3
3.075,7.75,18.625,3.225,2.0,1.55,2.6,5.05,-1.475,-3.8,-2.475,-0.8,-0.5,-0.5,-0.7,-1.9,12,20,21,23,7,10,16,20,25,22,26,28,18,21,27,28,186,485,1164,220,107,82,150,341,6.0,0.383,0.617,0.225,0.709,0.074,3
1.6,3.95,16.15,2.425,1.5,1.05,1.9,3.15,0.25,-0.075,-0.675,-0.025,0.425,0.125,-0.7,-1.5,12,18,23,15,7,4,11,13,24,20,26,23,13,21,28,25,93,244,1053,142,73,43,103,215,6.0,0.383,0.617,0.21,0.681,-0.003,3
1.85,3.875,15.475,2.4,1.925,1.175,1.2,1.65,0.1,1.375,0.7,0.325,0.75,0.4,0.15,0.925,15,16,22,14,14,8,8,11,24,20,25,23,19,21,24,18,116,212,933,140,110,64,66,87,6.0,0.383,0.617,0.223,0.692,0.006,3
1.95,5.25,16.175,2.725,2.675,1.575,1.35,2.575,-0.325,1.8,0.9,0.025,0.675,0.475,0.2,-0.125,17,16,23,17,16,11,9,13,21,21,26,23,21,17,18,16,128,308,933,168,149,84,65,129,6.0,0.383,0.617,0.249,0.712,0.031,3
1.625,7.05,17.075,2.75,3.35,2.05,1.55,2.45,0.125,0.65,1.6,1.075,0.55,1.425,0.25,-0.6,11,18,24,19,16,11,9,12,17,24,26,26,21,15,15,18,93,421,1064,187,186,107,75,126,6.0,0.383,0.617,0.28,0.74,0.072,3
1.75,7.7,18.675,3.825,3.9,3.475,1.8,1.85,1.95,4.025,0.25,0.05,0.525,0.525,0.0,0.25,12,22,26,18,11,16,10,12,21,30,27,30,23,22,24,23,100,491,1332,226,191,221,99,113,6.0,0.383,0.617,0.303,0.766,0.116,3
3.7,11.725,18.925,3.875,4.425,4.0,1.8,2.1,1.45,4.25,-0.825,-0.7,-0.775,0.05,0.075,0.45,19,25,23,13,14,20,11,12,26,30,28,23,25,23,20,25,249,802,1315,199,236,266,105,125,6.0,0.383,0.617,0.317,0.793,0.165,3
5.15,15.975,18.1,3.175,3.65,4.05,1.875,2.55,-0.25,-1.75,1.275,1.15,-0.675,-0.5,0.3,0.8,22,21,17,15,18,17,8,12,27,27,22,22,27,26,12,24,365,1031,999,164,220,259,93,145,6.0,0.383,0.617,0.319,0.814,0.209,3
4.9,14.225,19.375,4.325,2.975,3.55,2.175,3.35,2.35,5.25,7.425,2.025,-0.275,-0.95,0.625,-0.15,17,19,18,18,18,12,14,15,24,24,20,23,24,22,21,23,325,818,1033,224,179,214,116,199,6.0,0.383,0.617,0.313,0.825,0.243,3
7.25,19.475,26.8,6.35,2.7,2.6,2.8,3.2,1.075,3.5,3.6,-0.225,-0.175,0.0,0.525,-0.05,16,20,18,21,21,14,20,15,23,23,24,23,25,24,25,22,405,1126,1490,369,182,151,169,196,6.0,0.383,0.617,0.302,0.83,0.271,3
8.325,22.975,30.4,6.125,2.525,2.6,3.325,3.15,-1.15,0.075,-5.0,-1.7,0.225,-0.425,0.075,0.1,21,18,18,18,20,13,19,14,25,27,25,23,27,27,26,18,471,1295,1591,364,168,155,187,164,6.0,0.383,0.617,0.293,0.829,0.29,3
7.175,23.05,25.4,4.425,2.75,2.175,3.4,3.25,2.575,4.575,-1.8,0.525,0.65,0.05,-0.1,0.175,23,19,21,14,16,14,20,21,24,25,24,22,21,21,30,24,474,1346,1433,270,161,122,211,199,6.0,0.383,0.617,0.287,0.826,0.299,3
9.75,27.625,23.6,4.95,3.4,2.225,3.3,3.425,0.55,5.15,4.4,0.25,0.05,0.225,0.075,0.3,22,25,22,18,18,19,19,23,24,27,24,24,25,24,25,26,544,1836,1504,301,207,136,200,214,6.0,0.383,0.617,0.286,0.824,0.302,3
10.3,32.775,28.0,5.2,3.45,2.45,3.375,3.725,-2.975,-1.75,4.125,-0.1,-0.15,-0.225,-0.3,-0.7,16,21,19,15,16,20,20,24,24,27,23,22,24,25,21,24,535,2075,1611,289,185,143,199,219,6.0,0.383,0.617,0.285,0.823,0.304,3
7.325,31.025,32.125,5.1,3.3,2.225,3.075,3.025,-0.325,-3.225,3.175,0.6,0.0,-0.35,-0.95,-0.575,15,22,23,19,16,17,19,21,25,25,26,26,25,25,26,26,418,1962,2080,331,168,134,195,196,6.0,0.383,0.617,0.285,0.823,0.305,3
7.0,27.8,35.3,5.7,3.3,1.875,2.125,2.45,1.4,1.325,0.15,-0.4,-0.1,0.025,0.225,0.075,20,26,24,23,14,12,16,15,26,25,29,25,24,23,23,19,424,1834,2441,368,175,116,136,146,6.0,0.383,0.617,0.285,0.823,0.306,3
8.4,29.125,35.45,5.3,3.2,1.9,2.35,2.525,0.4,2.0,-7.325,-0.2,-0.275,-0.075,0.7,0.4,20,25,18,18,14,12,18,15,29,23,24,22,19,20,19,15,531,1944,2163,320,178,111,141,144,6.0,0.383,0.617,0.284,0.824,0.306,3
8.8,31.125,28.125,5.1,2.925,1.825,3.05,2.925,-0.975,-0.325,-2.15,-0.175,-0.55,-0.25,-0.3,-0.2,21,22,18,20,11,11,19,16,30,24,23,29,20,23,28,25,524,1998,1667,337,161,107,202,174,6.0,0.383,0.617,0.283,0.824,0.307,3
7.825,30.8,25.975,4.925,2.375,1.575,2.75,2.725,-1.225,-2.75,1.625,0.1,0.25,0.25,-0.425,-0.3,21,23,20,18,11,8,16,17,31,29,29,23,23,19,29,26,466,1816,1634,288,141,84,183,158,6.0,0.383,0.617,0.283,0.824,0.307,3
6.6,28.05,27.6,5.025,2.625,1.825,2.325,2.425,2.525,1.525,-3.0,-0.225,0.475,0.375,0.3,0.45,14,24,24,15,14,10,12,14,22,32,27,21,25,18,23,20,370,1689,1781,286,158,96,125,117,6.0,0.383,0.617,0.283,0.824,0.306,3
9.125,29.575,24.6,4.8,3.1,2.2,2.625,2.875,1.8,0.825,-5.575,-0.1,0.3,-0.025,-0.05,0.8,18,26,25,13,18,15,13,15,16,27,26,23,26,19,21,21,525,1986,1571,284,182,117,142,148,6.0,0.383,0.617,0.283,0.824,0.306,3
10.925,30.4,19.025,4.7,3.4,2.175,2.575,3.675,-1.65,-2.375,4.4,0.75,0.0,0.125,0.0,0.025,24,25,25,17,20,17,17,16,22,25,27,26,23,21,25,23,651,1764,1260,321,191,127,162,206,6.0,0.383,0.617,0.284,0.823,0.306,3
9.275,28.025,23.425,5.45,3.4,2.3,2.575,3.7,0.2,-5.4,2.95,-0.175,-0.55,-0.375,0.475,-0.4,20,26,29,22,23,17,22,16,27,29,28,27,25,28,28,27,556,1860,1613,354,210,156,166,221,6.0,0.383,0.617,0.284,0.823,0.306,3
9.475,22.625,26.375,5.275,2.85,1.925,3.05,3.3,-0.325,2.3,-1.325,-0.3,0.075,-0.05,-0.225,-0.15,19,23,28,22,20,16,19,18,27,26,30,26,25,21,24,27,559,1441,1781,321,177,117,190,206,6.0,0.383,0.617,0.285,0.823,0.305,3
9.15,24.925,25.05,4.975,2.925,1.875,2.825,3.15,-0.675,7.075,1.55,0.175,0.35,0.325,0.3,-0.3,25,19,23,20,14,15,14,21,24,22,30,30,17,23,21,27,564,1317,1600,317,153,105,164,211,6.0,0.383,0.617,0.285,0.823,0.305,3
8.475,32.0,26.6,5.15,3.275,2.2,3.125,2.85,-0.75,-3.8,-5.225,-1.0,-0.65,-0.275,0.1,0.35,25,19,28,17,14,17,14,19,25,22,33,27,17,25,22,29,577,1762,1840,325,173,134,174,191,6.0,0.383,0.617,0.285,0.822,0.304,3
7.725,28.2,21.375,4.15,2.625,1.925,3.225,3.2,-3.65,-15.35,-4.8,-1.425,-1.05,-0.55,-0.675,0.575,19,22,30,14,17,14,12,15,26,24,31,22,20,23,26,25,499,1643,1558,237,143,112,181,179,6.0,0.383,0.617,0.273,0.8,0.257,3
4.075,12.85,16.575,2.725,1.575,1.375,2.55,3.775,-2.45,-9.6,-2.725,-0.375,0.05,-0.075,-0.725,-1.275,8,21,23,17,11,9,11,14,21,25,25,20,23,21,25,20,228,785,992,159,86,73,137,192,6.0,0.383,0.617,0.233,0.727,0.101,3
1.625,3.25,13.85,2.35,1.625,1.3,1.825,2.5,0.05,0.8,-0.95,0.125,0.375,0.3,-0.7,-1.45,9,15,19,15,11,9,9,10,22,22,22,21,23,15,19,20,98,204,779,142,85,67,96,135,6.0,0.383,0.617,0.219,0.686,0.007,3
1.675,4.05,12.9,2.475,2.0,1.6,1.125,1.05,-0.075,0.4,-1.75,0.325,-0.15,-0.075,-0.125,0.025,12,16,16,13,14,10,6,4,17,18,20,23,24,19,16,19,84,249,728,133,108,81,47,51,6.0,0.383,0.617,0.246,0.703,0.034,3
1.6,4.45,11.15,2.8,1.85,1.525,1.0,1.075,0.025,0.3,3.35,-0.025,0.0,-0.125,0.025,-0.075,9,20,18,18,11,9,6,5,15,18,22,24,20,21,12,18,83,272,665,171,109,74,42,50,6.0,0.383,0.617,0.276,0.727,0.078,3
1.625,4.75,14.5,2.775,1.85,1.4,1.025,1.0,0.15,2.5,4.8,0.225,-0.225,-0.125,0.1,0.225,10,19,22,16,10,12,7,4,19,20,24,25,18,18,18,20,96,282,954,186,94,74,57,49,6.0,0.383,0.617,0.301,0.754,0.131,3
1.775,7.25,19.3,3.0,1.625,1.275,1.125,1.225,0.55,4.175,-0.225,0.2,-0.175,-0.175,0.1,0.175,15,21,25,16,9,9,6,7,27,24,24,27,22,17,23,18,118,466,1230,201,82,62,58,53,6.0,0.383,0.617,0.311,0.774,0.175,3
2.325,11.425,19.075,3.2,1.45,1.1,1.225,1.4,3.65,10.1,10.775,2.35,0.825,0.275,0.375,0.25,16,22,26,16,6,5,6,12,26,26,27,23,21,19,16,18,143,755,1331,200,88,52,52,67,6.0,0.383,0.617,0.309,0.79,0.216,3
5.975,21.525,29.85,5.55,2.275,1.375,1.6,1.65,3.35,13.775,4.4,1.55,0.85,0.475,1.05,1.55,17,20,23,19,17,12,7,12,23,25,29,24,23,23,15,20,287,1258,1881,319,148,88,69,82,6.0,0.383,0.617,0.3,0.803,0.26,3
9.325,35.3,34.25,7.1,3.125,1.85,2.65,3.2,-1.15,-4.8,-1.75,-1.15,0.45,0.125,0.525,-0.025,18,21,20,20,22,17,13,14,19,26,27,27,27,23,18,21,472,2042,2111,430,195,118,152,163,6.0,0.383,0.617,0.29,0.811,0.295,3
8.175,30.5,32.5,5.95,3.575,1.975,3.175,3.175,-1.725,-12.625,2.575,-1.225,-0.375,-0.225,-0.375,-1.0,17,19,22,19,24,14,21,18,24,31,28,25,28,25,25,26,444,1847,2046,385,218,132,226,192,6.0,0.383,0.617,0.286,0.813,0.308,3
6.45,17.875,35.075,4.725,3.2,1.75,2.8,2.175,-0.55,6.8,-9.175,0.0,-1.0,-0.225,0.05,0.0,17,19,22,18,20,11,18,19,22,29,23,25,22,23,27,25,355,1162,2122,306,174,109,181,139,6.0,0.383,0.617,0.285,0.814,0.309,3
5.9,24.675,25.9,4.725,2.2,1.525,2.85,2.175,1.0,3.75,-0.4,1.525,-0.1,0.175,-0.175,0.125,19,23,26,15,10,11,15,16,25,25,27,25,20,16,23,25,346,1579,1689,299,121,77,156,130,6.0,0.383,0.617,0.284,0.813,0.309,3
6.9,28.425,25.5,6.25,2.1,1.7,2.675,2.3,1.225,0.125,6.3,0.5,0.0,-0.25,-0.2,0.7,21,26,31,15,15,16,14,19,29,27,33,21,20,18,23,23,432,1923,1818,368,121,86,147,136,6.0,0.383,0.617,0.283,0.813,0.309,3
8.125,28.55,31.8,6.75,2.1,1.45,2.475,3.0,-0.625,-0.1,-6.45,-1.7,0.45,0.075,-0.025,-0.075,17,28,28,21,12,11,17,17,24,27,31,21,15,17,24,21,468,1970,2018,400,98,84,146,177,6.0,0.383,0.617,0.282,0.813,0.309,3
7.5,28.45,25.35,5.05,2.55,1.525,2.45,2.925,-0.2,-4.35,-3.425,-0.75,0.425,0.475,0.025,-0.275,24,27,23,22,12,9,16,16,26,26,23,29,13,17,20,26,485,1892,1466,325,118,86,134,182,6.0,0.383,0.617,0.282,0.813,0.309,3
7.3,24.1,21.925,4.3,2.975,2.0,2.475,2.65,0.075,1.875,2.95,1.1,0.075,0.225,0.375,0.375,23,19,21,22,14,9,16,18,27,26,23,29,17,19,20,29,469,1462,1294,270,149,99,135,167,6.0,0.383,0.617,0.281,0.813,0.309,3
7.375,25.975,24.875,5.4,3.05,2.225,2.85,3.025,-0.125,-1.075,5.95,0.075,-0.25,-0.3,0.125,-0.55,20,17,22,18,13,6,18,20,24,26,24,25,21,19,20,28,452,1568,1472,288,169,101,138,184,6.0,0.383,0.617,0.282,0.814,0.309,3
7.25,24.9,30.825,5.475,2.8,1.925,2.975,2.475,-0.575,-1.275,4.725,-0.475,0.0,-0.3,-0.4,-0.275,22,20,21,16,15,7,20,15,24,29,24,21,17,19,22,25,477,1519,1745,299,148,91,169,152,6.0,0.383,0.617,0.282,0.813,0.308,3
6.675,23.625,35.55,5.0,2.8,1.625,2.575,2.2,0.125,0.45,-1.775,0.1,-0.025,0.25,0.875,0.725,24,19,22,19,18,14,18,13,25,27,23,24,21,21,25,26,435,1466,1936,304,160,91,172,130,6.0,0.383,0.617,0.283,0.812,0.307,3
6.8,24.075,33.775,5.1,2.775,1.875,3.45,2.925,0.425,2.4,-4.9,0.475,-0.35,0.05,0.375,0.05,24,17,20,18,20,17,20,16,25,21,24,28,23,20,27,27,404,1389,1968,345,156,106,222,167,6.0,0.383,0.617,0.283,0.811,0.307,3
7.225,26.475,28.875,5.575,2.425,1.925,3.825,2.975,-0.525,3.275,-8.9,-0.225,0.2,-0.1,-0.85,-0.575,19,23,22,20,13,10,22,18,25,26,28,27,22,21,28,22,459,1644,1727,336,118,94,230,169,6.0,0.383,0.617,0.283,0.811,0.306,3
6.7,29.75,19.975,5.35,2.625,1.825,2.975,2.4,0.35,-4.625,3.225,-0.325,-0.025,-0.025,0.225,0.275,17,25,21,19,11,13,23,17,25,32,25,26,24,26,29,20,428,1962,1156,281,143,98,179,141,6.0,0.383,0.617,0.284,0.81,0.306,3
7.05,25.125,23.2,5.025,2.6,1.8,3.2,2.675,-0.425,-5.825,4.55,0.5,-0.325,0.0,0.175,0.2,22,20,19,16,18,15,20,14,24,30,23,22,21,26,24,18,437,1613,1355,255,159,106,182,160,6.0,0.383,0.617,0.284,0.81,0.305,3
6.625,19.3,27.75,5.525,2.275,1.8,3.375,2.875,0.425,-0.15,2.175,0.075,0.575,-0.05,-0.225,-0.375,28,23,19,19,17,10,15,15,31,25,22,21,21,23,23,23,437,1205,1599,324,132,87,191,174,6.0,0.383,0.617,0.285,0.809,0.305,3
1.05,0.925,1.1,1.15,1.025,0.975,0.85,0.825,-0.075,0.225,-0.075,-0.175,0.025,-0.025,0.125,-0.05,2,1,1,6,6,4,2,3,18,16,13,15,15,18,11,11,47,42,41,45,54,38,33,33,7.0,0.383,1.0,0.191,0.67,0.003,3
0.975,1.15,1.025,0.975,1.05,0.95,0.975,0.775,-0.025,0.175,1.175,-0.025,0.05,0.1,0.0,0.15,0,0,1,3,8,5,3,1,16,10,17,14,13,21,17,13,41,38,36,37,47,47,49,27,7.0,0.383,1.0,0.19,0.671,0.004,3
0.95,1.325,2.2,0.95,1.1,1.05,0.975,0.925,0.075,1.35,6.975,0.975,0.7,0.075,0.05,0.1,2,5,4,2,9,6,6,3,20,13,20,14,11,15,18,10,41,50,119,33,49,42,46,30,7.0,0.383,1.0,0.189,0.672,0.005,3
1.025,2.675,9.175,1.925,1.8,1.125,1.025,1.025,1.0,5.275,15.675,2.25,1.7,0.425,0.225,0.2,4,11,13,4,7,5,13,5,19,18,23,17,16,17,18,12,50,137,399,92,89,52,57,38,7.0,0.383,1.0,0.189,0.674,0.006,3
2.025,7.95,24.85,4.175,3.5,1.55,1.25,1.225,0.9,5.0,7.925,1.125,-0.025,-0.025,-0.05,0.075,8,16,19,15,10,6,10,10,22,15,22,22,22,20,23,21,119,390,1311,289,216,82,68,57,7.0,0.383,1.0,0.199,0.686,0.011,3
2.925,12.95,32.775,5.3,3.475,1.525,1.2,1.3,-0.7,1.725,-2.525,-1.2,-1.725,-0.225,-0.1,-0.225,15,22,19,19,14,7,7,12,23,24,22,21,20,19,19,17,177,741,1848,323,195,83,57,62,7.0,0.383,1.0,0.239,0.741,0.03,3
2.225,14.675,30.25,4.1,1.75,1.3,1.1,1.075,-0.6,-1.95,-4.55,-1.35,-0.35,0.05,-0.075,-0.125,18,24,18,20,12,10,7,6,18,31,26,21,17,13,15,14,130,972,1852,220,86,64,51,56,7.0,0.383,1.0,0.282,0.814,0.061,3
1.625,12.725,25.7,2.75,1.4,1.35,1.025,0.95,0.9,1.975,1.625,-0.075,0.35,-0.025,0.05,0.0,19,26,25,20,14,10,4,2,21,31,31,25,18,14,11,16,95,871,1821,183,75,71,44,50,7.0,0.383,1.0,0.304,0.874,0.096,3
2.525,14.7,27.325,2.675,1.75,1.325,1.075,0.95,3.2,5.175,6.7,2.2,0.3,0.325,0.425,0.225,18,26,24,20,14,10,4,3,23,27,28,29,16,20,15,15,130,955,1787,170,82,80,49,44,7.0,0.383,1.0,0.315,0.932,0.139,3
5.725,19.875,34.025,4.875,2.05,1.65,1.5,1.175,2.45,1.925,-0.1,1.875,0.575,0.2,0.425,0.675,17,24,22,18,16,11,11,12,20,25,24,24,20,21,18,21,334,1258,2029,292,108,98,79,66,7.0,0.383,1.0,0.315,0.974,0.174,3
8.175,21.8,33.925,6.75,2.625,1.85,1.925,1.85,-0.9,8.675,-9.425,1.75,1.575,0.325,0.5,0.975,17,22,22,19,18,11,16,19,25,28,24,24,23,18,22,23,490,1439,2044,437,139,102,118,109,7.0,0.383,1.0,0.309,1.0,0.198,3
7.275,30.475,24.5,8.5,4.2,2.175,2.425,2.825,-0.2,5.55,-3.125,0.2,0.3,-0.2,0.325,0.125,14,26,18,20,19,15,21,21,25,29,23,27,25,19,25,21,404,2118,1311,513,221,112,159,174,7.0,0.383,1.0,0.303,1.014,0.215,3
7.075,36.025,21.375,8.7,4.5,1.975,2.75,2.95,4.75,-6.2,9.9,-1.675,-1.225,-0.525,0.025,-0.1,22,32,19,18,21,13,20,17,24,31,26,24,24,19,25,23,463,2587,1353,513,253,115,179,179,7.0,0.383,1.0,0.297,1.02,0.227,3
11.825,29.825,31.275,7.025,3.275,1.45,2.775,2.85,-0.375,-3.475,1.475,0.5,-0.3,0.25,0.3,-0.3,23,25,21,22,19,8,16,15,26,24,23,24,22,16,27,26,769,1925,1915,433,190,78,182,180,7.0,0.383,1.0,0.292,1.025,0.237,3
11.45,26.35,32.75,7.525,2.975,1.7,3.075,2.55,-2.2,1.55,-2.825,0.875,0.4,0.3,0.275,0.025,14,18,21,23,16,10,18,14,28,21,21,28,23,19,23,24,697,1419,1888,503,171,94,183,161,7.0,0.383,1.0,0.288,1.027,0.246,3
9.25,27.9,29.925,8.4,3.375,2.0,3.35,2.575,1.325,-0.575,8.275,-0.325,0.075,0.325,0.675,0.95,13,21,19,21,15,10,18,14,26,27,21,24,22,19,22,25,508,1599,1709,520,182,116,191,151,7.0,0.383,1.0,0.285,1.028,0.252,3
10.575,27.325,38.2,8.075,3.45,2.325,4.025,3.525,-0.325,0.525,3.525,-0.55,0.0,0.225,0.85,0.8,17,27,24,19,14,15,21,22,24,30,26,20,24,20,26,29,591,1703,2407,491,214,132,241,210,7.0,0.383,1.0,0.284,1.029,0.254,3
10.25,27.85,41.725,7.525,3.45,2.55,4.875,4.325,-1.075,-0.2,-4.775,1.55,0.1,-0.15,0.8,0.875,19,26,27,19,12,22,27,24,22,27,30,21,23,22,27,30,631,1807,2761,498,215,156,325,277,7.0,0.383,1.0,0.283,1.029,0.255,3
9.175,27.65,36.95,9.075,3.55,2.4,5.675,5.2,-1.375,-4.7,1.625,-0.45,0.275,0.2,0.2,-0.25,20,23,23,23,12,19,24,23,24,25,28,23,21,26,28,30,550,1804,2184,562,184,146,369,331,7.0,0.383,1.0,0.282,1.029,0.255,3
7.8,22.95,38.575,8.625,3.825,2.6,5.875,4.95,0.35,0.575,-3.35,-1.775,0.25,-0.15,-0.675,-1.25,21,27,23,21,15,14,22,20,24,30,26,26,24,20,28,26,439,1591,2289,484,206,145,365,303,7.0,0.383,1.0,0.282,1.03,0.255,3
8.15,23.525,35.225,6.85,4.075,2.45,5.2,3.7,-0.25,2.375,1.175,1.6,-0.675,-0.6,-0.35,-0.125,21,22,24,21,21,11,19,17,22,28,30,29,26,15,23,25,478,1378,2213,413,242,137,305,222,7.0,0.383,1.0,0.281,1.031,0.254,3
7.9,25.9,36.4,8.45,3.4,1.85,4.85,3.575,1.2,1.0,7.5,-1.15,-0.325,0.05,-0.425,0.025,20,20,23,24,19,11,19,20,22,28,27,27,27,19,22,24,431,1472,2186,583,211,113,284,219,7.0,0.383,1.0,0.281,1.031,0.254,3
9.1,26.9,43.9,7.3,3.075,1.9,4.425,3.6,-0.175,-1.95,-6.85,-0.8,0.375,0.55,0.775,-0.225,22,23,25,21,15,12,21,21,27,26,29,26,25,21,24,22,573,1663,2848,468,180,112,271,239,7.0,0.383,1.0,0.281,1.031,0.254,3
8.925,24.95,37.05,6.5,3.45,2.45,5.2,3.375,-1.9,-0.925,-9.5,0.175,0.4,0.225,0.2,0.525,21,21,22,22,19,18,20,21,24,26,32,27,22,22,25,25,539,1478,2518,405,200,146,338,231,7.0,0.383,1.0,0.282,1.031,0.253,3
7.025,24.025,27.55,6.675,3.85,2.675,5.4,3.9,1.15,4.6,-0.375,-0.525,-0.4,-0.25,-1.125,0.6,23,20,22,21,24,19,23,18,25,27,31,26,27,24,26,27,411,1355,1772,394,262,178,370,255,7.0,0.383,1.0,0.282,1.03,0.252,3
8.175,28.625,27.175,6.15,3.45,2.425,4.275,4.5,2.525,0.975,5.975,1.175,0.05,0.6,0.675,0.4,22,22,20,14,20,17,22,19,25,23,26,26,25,21,27,25,507,1673,1738,325,231,151,277,284,7.0,0.383,1.0,0.283,1.03,0.251,3
10.7,29.6,33.15,7.325,3.5,3.025,4.95,4.9,-0.85,-5.95,4.95,0.575,0.2,0.25,0.375,-0.45,21,23,17,20,18,15,22,23,21,22,26,25,21,18,24,26,621,1724,2021,451,218,176,283,314,7.0,0.383,1.0,0.283,1.03,0.251,3
9.85,23.65,38.1,7.9,3.7,3.275,5.325,4.45,-1.325,-2.875,-1.025,0.075,-0.075,-0.35,-0.575,-0.5,24,23,21,22,20,14,22,18,23,23,29,24,25,18,24,26,593,1585,2394,501,233,196,297,278,7.0,0.383,1.0,0.283,1.031,0.25,3
8.525,20.775,37.075,7.975,3.625,2.925,4.75,3.95,0.325,1.15,-2.575,0.575,0.275,-0.125,-0.175,0.25,24,19,23,22,20,18,21,19,28,20,27,21,25,20,28,27,578,1165,2170,489,218,184,308,250,7.0,0.383,1.0,0.283,1.031,0.25,3
8.85,21.925,34.5,8.55,3.9,2.8,4.575,4.2,-2.05,-5.275,-6.125,-1.925,-0.825,-0.675,-0.425,-0.35,22,21,22,22,18,19,17,16,25,24,27,22,25,24,23,24,545,1253,1892,528,241,178,297,232,7.0,0.383,1.0,0.283,1.031,0.25,3
6.8,16.65,28.375,6.625,3.075,2.125,4.15,3.85,-3.45,-8.425,-6.6,-3.025,-1.0,-0.7,-1.725,-1.525,21,23,18,20,15,16,18,15,21,26,25,27,23,24,24,25,379,1069,1552,421,196,143,274,224,7.0,0.383,1.0,0.258,0.925,0.171,3
3.35,8.225,21.775,3.6,2.075,1.425,2.425,2.325,-1.275,-2.425,-0.625,0.15,0.7,0.725,-0.825,-0.35,18,22,19,13,12,13,8,12,24,21,21,20,21,21,23,21,181,517,1274,188,127,90,146,140,7.0,0.383,1.0,0.222,0.753,0.038,3
2.075,5.8,21.15,3.75,2.775,2.15,1.6,1.975,0.6,6.9,3.575,-0.1,0.15,0.375,0.4,0.45,13,19,26,15,13,18,10,11,22,23,25,18,23,25,24,22,116,327,1406,213,178,136,86,118,7.0,0.383,1.0,0.218,0.697,-0.018,3
2.675,12.7,24.725,3.65,2.925,2.525,2.0,2.425,-0.2,-0.05,-4.1,-0.875,-0.95,-0.85,-0.425,-0.325,13,22,30,19,17,21,16,17,20,25,32,24,19,22,24,26,155,823,1819,228,155,151,119,167,7.0,0.383,1.0,0.239,0.722,-0.018,3
2.475,12.65,20.625,2.775,1.975,1.675,1.575,2.1,0.25,-5.45,-5.125,-0.225,-0.125,-0.15,-0.2,-0.025,13,27,26,16,14,15,10,17,19,26,30,24,15,18,18,20,149,847,1309,176,96,98,79,124,7.0,0.383,1.0,0.268,0.76,-0.01,3
2.725,7.2,15.5,2.55,1.85,1.525,1.375,2.075,0.1,2.0,1.225,-0.1,0.05,0.2,-0.075,-0.425,11,25,21,20,14,10,10,15,16,25,28,23,18,17,13,20,157,468,853,160,95,86,64,124,7.0,0.383,1.0,0.3,0.812,0.006,3
2.825,9.2,16.725,2.45,1.9,1.725,1.3,1.65,0.675,0.975,2.85,-0.45,-0.15,0.05,-0.075,0.4,10,25,23,19,11,8,12,8,18,25,28,23,19,17,17,19,166,659,929,143,91,88,70,105,7.0,0.383,1.0,0.325,0.866,0.03,3
3.5,10.175,19.575,2.0,1.75,1.775,1.225,2.05,2.125,0.7,7.375,0.775,-0.075,0.425,0.425,0.85,8,19,31,12,10,8,8,8,19,23,32,21,20,21,15,19,177,648,1338,102,88,107,64,137,7.0,0.383,1.0,0.338,0.913,0.062,3
5.625,10.875,26.95,2.775,1.675,2.2,1.65,2.9,0.825,5.05,0.425,0.725,0.125,-0.15,0.45,-0.3,14,19,33,18,10,13,10,12,20,25,32,24,26,24,18,20,294,667,1921,189,92,145,99,176,7.0,0.383,1.0,0.339,0.952,0.099,3
6.45,15.925,27.375,3.5,1.8,2.05,2.1,2.6,0.0,1.825,-5.175,-0.15,0.2,-0.65,-0.2,-0.275,18,25,25,19,9,15,13,16,25,29,28,24,20,23,19,24,399,1038,1680,221,100,129,121,153,7.0,0.383,1.0,0.33,0.987,0.144,3
6.45,17.75,22.2,3.35,2.0,1.4,1.9,2.325,1.9,0.825,4.0,0.95,-0.025,0.425,-0.05,0.625,18,24,19,16,14,10,14,18,26,28,25,20,22,17,20,25,416,1144,1266,210,111,75,107,156,7.0,0.383,1.0,0.312,1.012,0.194,3
8.35,18.575,26.2,4.3,1.975,1.825,1.85,2.95,1.325,4.0,5.125,0.8,0.125,-0.05,0.2,-0.05,22,21,25,19,13,11,19,14,24,28,27,24,23,18,23,19,550,1184,1729,273,112,104,114,165,7.0,0.383,1.0,0.295,1.026,0.231,3
9.675,22.575,31.325,5.1,2.1,1.775,2.05,2.9,0.525,6.05,-3.3,0.65,-0.05,-0.375,0.525,-0.85,27,24,24,17,12,11,15,12,29,28,27,23,21,16,18,17,690,1441,2076,265,129,102,108,144,7.0,0.383,1.0,0.287,1.031,0.246,3
10.2,28.625,28.025,5.75,2.05,1.4,2.575,2.05,-0.1,-0.7,1.2,-0.05,-0.125,0.15,0.175,-0.1,22,24,20,16,12,9,14,9,25,25,23,23,24,17,20,26,619,1756,1804,312,127,78,146,117,7.0,0.383,1.0,0.283,1.034,0.254,3
10.1,27.925,29.225,5.7,1.925,1.55,2.75,1.95,-1.075,-3.625,3.75,-1.0,0.625,0.25,0.1,0.775,17,20,23,18,7,9,19,12,25,22,23,24,18,23,23,25,573,1644,1929,339,100,92,150,105,7.0,0.383,1.0,0.279,1.037,0.26,3
9.025,24.3,32.975,4.7,2.55,1.8,2.85,2.725,-0.65,6.425,1.725,1.175,0.575,0.225,0.15,0.225,17,19,24,15,12,15,19,19,26,24,23,24,20,23,27,24,553,1563,2077,256,144,93,180,164,7.0,0.383,1.0,0.277,1.039,0.264,3
8.375,30.725,34.7,5.875,3.125,2.025,3.0,2.95,-1.25,-3.4,-0.875,0.225,-0.4,-0.225,-0.45,-0.925,17,20,22,21,16,13,18,21,26,24,23,24,23,22,26,26,536,1845,2002,352,171,107,188,173,7.0,0.383,1.0,0.275,1.04,0.266,3
7.125,27.325,33.825,6.1,2.725,1.8,2.55,2.025,0.275,-1.6,-7.125,-0.5,-0.45,-0.15,0.4,0.3,18,17,24,23,15,8,15,15,25,24,26,21,20,14,20,20,442,1402,2015,379,134,94,141,113,7.0,0.383,1.0,0.273,1.04,0.267,3
7.4,25.725,26.7,5.6,2.275,1.65,2.95,2.325,3.05,7.975,2.9,0.3,0.125,0.025,0.175,0.875,15,16,24,22,10,11,17,14,25,26,25,23,21,13,25,19,402,1393,1650,326,115,80,176,134,7.0,0.383,1.0,0.272,1.04,0.267,3
10.45,33.7,29.6,5.9,2.4,1.675,3.125,3.2,-0.175,-6.325,4.075,0.025,-0.125,-0.2,-0.5,-0.1,15,18,25,23,12,11,22,18,24,29,27,24,22,16,31,19,583,2007,2032,344,139,85,206,186,7.0,0.383,1.0,0.271,1.039,0.267,3
10.275,27.375,33.675,5.925,2.275,1.475,2.625,3.1,-1.425,-6.1,-6.875,-0.4,-0.275,0.25,1.0,0.4,23,17,26,24,17,12,15,19,27,26,31,24,25,20,27,22,648,1601,2258,369,140,88,165,183,7.0,0.383,1.0,0.27,1.039,0.268,3
8.85,21.275,26.8,5.525,2.0,1.725,3.625,3.5,-1.575,4.475,-2.625,-0.475,-0.3,0.1,0.525,0.125,22,17,22,20,15,13,18,21,28,22,26,23,26,24,27,25,549,1185,1635,353,115,104,239,224,7.0,0.383,1.0,0.27,1.039,0.268,3
7.275,25.75,24.175,5.05,1.7,1.825,4.15,3.625,1.0,-0.925,3.95,0.4,0.325,0.075,-0.675,-0.375,21,19,18,15,11,13,20,18,27,25,21,22,25,25,26,26,435,1547,1616,308,90,103,265,229,7.0,0.383,1.0,0.269,1.04,0.268,3
8.275,24.825,28.125,5.45,2.025,1.9,3.475,3.25,2.65,3.225,3.1,1.35,0.3,0.375,-0.35,-0.225,22,18,18,20,11,14,15,19,23,25,21,24,25,26,22,25,450,1501,1736,320,116,112,178,182,7.0,0.383,1.0,0.269,1.04,0.268,3
10.925,28.05,31.225,6.8,2.325,2.275,3.125,3.025,-0.35,4.875,0.45,0.175,0.175,-0.275,0.075,0.075,19,20,22,23,10,17,13,22,22,25,24,24,21,21,22,24,601,1863,1853,395,143,122,155,174,7.0,0.383,1.0,0.269,1.039,0.268,3
10.575,32.925,31.675,6.975,2.5,2.0,3.2,3.1,-0.725,-0.125,-2.75,-0.275,-0.2,-0.075,0.375,0.35,18,22,25,22,9,12,18,22,25,29,25,22,18,18,25,25,620,2293,1952,384,151,112,195,209,7.0,0.383,1.0,0.268,1.039,0.268,3
9.85,32.8,28.925,6.7,2.3,1.925,3.575,3.45,0.0,1.675,-0.475,0.85,-0.35,0.125,0.2,-0.275,21,24,25,24,10,8,18,21,26,30,26,23,18,18,21,23,563,1994,1828,402,136,104,223,224,7.0,0.383,1.0,0.268,1.039,0.267,3
9.85,34.475,28.45,7.55,1.95,2.05,3.775,3.175,-1.475,-2.3,4.325,0.35,0.9,0.175,-0.3,-0.25,20,23,25,24,9,13,16,19,25,29,27,27,21,17,19,23,590,2049,1742,472,107,100,224,194,7.0,0.383,1.0,0.268,1.039,0.267,3
8.375,32.175,32.775,7.9,2.85,2.225,3.475,2.925,-0.35,-0.5,1.125,-0.725,0.675,0.45,0.425,0.425,15,20,26,21,14,17,17,18,23,23,25,27,24,18,21,23,496,1978,1925,497,154,125,200,182,7.0,0.383,1.0,0.269,1.04,0.267,3
8.025,31.675,33.9,7.175,3.525,2.675,3.9,3.35,1.0,-3.775,-3.5,-1.075,-0.225,-0.225,0.175,-0.175,17,19,25,20,20,18,20,19,24,22,26,27,22,19,25,27,518,1843,2020,462,212,158,245,230,7.0,0.383,1.0,0.269,1.04,0.267,3
9.025,27.9,30.4,6.1,3.3,2.45,4.075,3.175,-0.675,-2.525,-3.7,0.25,-0.075,-0.6,-0.6,-0.25,21,21,21,26,17,15,19,16,24,23,26,30,24,21,27,19,601,1661,1815,410,203,151,253,196,7.0,0.383,1.0,0.269,1.04,0.266,3
8.35,25.375,26.7,6.35,3.225,1.85,3.475,2.925,1.6,5.35,3.8,0.725,-0.375,0.025,-0.275,0.35,20,22,18,24,13,11,14,15,24,23,26,27,18,23,26,17,535,1670,1580,382,177,116,197,157,7.0,0.383,1.0,0.269,1.04,0.266,3
9.95,30.725,30.5,7.075,2.85,1.875,3.2,3.275,-3.475,-11.575,-5.5,-2.45,-1.05,-0.3,-0.875,-0.5,21,22,19,16,12,12,17,20,26,21,24,22,17,22,25,21,675,2080,1758,414,148,113,210,186,7.0,0.383,1.0,0.266,1.021,0.253,3
6.475,19.15,25.0,4.625,1.8,1.575,2.325,2.775,-4.775,-15.9,-12.8,-2.55,0.0,-0.15,-0.65,-0.475,16,21,19,13,9,9,12,17,20,18,21,17,21,18,23,26,405,1188,1394,283,93,88,131,167,7.0,0.383,1.0,0.23,0.839,0.116,3
1.7,3.25,12.2,2.075,1.8,1.425,1.675,2.3,-0.2,-0.25,-0.55,0.525,0.625,0.35,-0.525,-0.6,10,16,19,11,8,4,11,12,15,19,23,18,19,18,19,27,77,188,679,106,64,58,81,133,7.0,0.383,1.0,0.199,0.678,-0.006,3
1.5,3.0,11.65,2.6,2.425,1.775,1.15,1.7,0.1,0.625,6.4,0.275,-0.35,-0.05,-0.175,-0.75,12,14,22,12,15,6,6,10,18,19,28,20,19,21,16,24,76,159,675,120,106,79,54,90,7.0,0.383,1.0,0.204,0.687,-0.002,3
1.6,3.625,18.05,2.875,2.075,1.725,0.975,0.95,0.025,0.25,1.525,-0.05,-0.325,-0.125,0.075,0.0,15,20,26,15,15,7,0,4,22,24,28,22,18,21,13,17,79,209,1140,152,114,83,35,46,7.0,0.383,1.0,0.215,0.702,0.006,3
1.625,3.875,19.575,2.825,1.75,1.6,1.05,0.95,0.275,1.95,-1.4,-0.25,-0.125,-0.15,-0.15,0.025,14,22,27,14,12,13,4,3,22,25,27,21,20,24,10,13,86,254,1325,160,102,84,35,48,7.0,0.383,1.0,0.243,0.749,0.04,3
1.9,5.825,18.175,2.575,1.625,1.45,0.9,0.975,0.275,1.95,0.95,-0.05,-0.3,-0.425,0.175,0.075,15,21,25,14,16,13,8,4,19,24,25,19,22,21,15,16,97,360,1204,146,91,70,40,46,7.0,0.383,1.0,0.279,0.84,0.109,3
2.175,7.775,19.125,2.525,1.325,1.025,1.075,1.05,4.3,3.425,7.75,1.4,0.15,0.05,0.35,0.7,13,18,17,14,12,8,9,8,24,28,24,24,19,18,16,19,125,482,995,151,73,49,49,50,7.0,0.383,1.0,0.292,0.923,0.175,3
6.475,11.2,26.875,3.925,1.475,1.075,1.425,1.75,4.725,5.725,6.55,2.05,1.2,0.75,0.5,1.0,10,20,16,15,11,6,12,16,24,25,24,26,22,16,17,24,382,666,1494,253,94,54,68,111,7.0,0.383,1.0,0.286,0.969,0.216,3
11.2,16.925,33.425,5.975,2.675,1.825,1.925,2.75,-0.35,3.425,2.025,-0.125,0.375,0.225,0.3,0.225,16,24,22,19,19,12,16,21,26,25,29,26,25,21,22,30,661,1071,2257,376,179,109,102,190,7.0,0.383,1.0,0.277,0.997,0.242,3
10.85,20.35,35.45,5.85,3.05,2.05,2.225,2.975,-2.2,3.075,-1.55,0.775,-0.95,-0.325,-0.35,-0.55,23,22,19,18,16,16,14,18,25,28,30,25,25,21,24,24,667,1401,2317,362,204,131,130,183,7.0,0.383,1.0,0.269,1.015,0.26,3
8.65,23.425,33.9,6.625,2.1,1.725,1.875,2.425,-0.7,5.9,-1.375,1.0,-0.075,-0.175,0.275,-0.1,23,18,24,17,11,11,9,16,25,29,31,26,21,19,19,18,540,1617,2183,400,134,92,104,124,7.0,0.383,1.0,0.264,1.025,0.27,3
7.95,29.325,32.525,7.625,2.025,1.55,2.15,2.325,0.375,0.95,-1.225,-1.325,0.5,0.325,0.6,0.325,20,25,27,18,15,10,17,18,26,32,32,27,20,17,23,26,519,2030,2238,468,115,82,128,144,7.0,0.383,1.0,0.262,1.027,0.275,3
8.325,30.275,31.3,6.3,2.525,1.875,2.75,2.65,-0.7,-7.1,-5.55,-1.425,0.225,-0.05,0.0,-0.075,19,24,23,22,18,12,22,17,23,27,30,24,21,18,26,27,509,1987,2132,423,138,102,181,171,7.0,0.383,1.0,0.261,1.026,0.277,3
7.625,23.175,25.75,4.875,2.75,1.825,2.75,2.575,0.65,-1.775,0.1,0.125,0.125,-0.2,-0.125,-0.15,19,21,24,19,16,13,17,15,23,21,30,21,21,16,21,19,415,1382,1780,315,148,99,163,146,7.0,0.383,1.0,0.26,1.026,0.278,3
8.275,21.4,25.85,5.0,2.875,1.625,2.625,2.425,0.775,3.75,-0.9,0.55,0.025,0.15,0.125,0.0,25,25,26,22,14,12,18,17,27,27,31,26,21,20,19,24,501,1363,1849,312,164,96,147,139,7.0,0.383,1.0,0.26,1.024,0.279,3
9.05,25.15,24.95,5.55,2.9,1.775,2.75,2.425,-1.3,4.05,-0.6,0.6,-0.275,-0.025,0.45,0.825,27,22,23,23,18,13,18,18,29,28,26,26,22,24,21,24,560,1580,1560,334,163,102,161,146,7.0,0.383,1.0,0.26,1.024,0.279,3
7.75,29.2,24.35,6.15,2.625,1.75,3.2,3.25,-0.35,-0.175,6.625,1.75,-0.375,0.075,0.075,0.05,22,22,25,20,15,13,20,17,25,29,26,20,19,20,25,21,450,1816,1500,332,126,96,192,192,7.0,0.383,1.0,0.26,1.024,0.278,3
7.4,29.025,30.975,7.9,2.25,1.825,3.275,3.3,-0.35,-8.275,2.75,-0.275,-0.3,0.05,-0.275,-0.85,17,23,24,21,12,12,17,16,22,30,25,22,19,20,19,22,440,1824,1800,438,112,89,179,183,7.0,0.383,1.0,0.261,1.023,0.277,3
7.05,20.75,33.725,7.625,1.95,1.875,3.0,2.45,1.025,-3.6,-4.625,-0.8,0.3,0.175,0.125,0.85,22,23,17,23,9,10,18,12,25,31,23,26,24,26,21,20,469,1357,1749,443,108,90,163,142,7.0,0.383,1.0,0.262,1.023,0.276,3
8.075,17.15,29.1,6.825,2.25,2.05,3.125,3.3,1.55,0.6,-1.125,0.525,0.45,0.075,0.475,0.25,25,23,23,23,14,12,19,19,26,32,25,25,25,23,23,23,532,1133,1811,412,118,111,179,213,7.0,0.383,1.0,0.262,1.023,0.275,3
9.625,17.75,27.975,7.35,2.7,2.125,3.6,3.55,-1.525,-2.025,-0.825,-0.725,-0.25,-0.1,0.125,-0.6,22,23,25,22,19,18,20,24,27,26,26,24,24,20,24,30,606,1013,1912,446,148,131,227,246,7.0,0.383,1.0,0.262,1.023,0.275,3
8.1,15.725,27.15,6.625,2.45,2.025,3.725,2.95,-0.225,5.575,-0.275,-0.15,-0.5,-0.225,-0.625,-0.225,20,19,27,23,17,18,19,22,27,26,27,26,25,22,28,28,539,789,1817,417,146,124,227,198,7.0,0.383,1.0,0.263,1.024,0.275,3
7.875,21.3,26.875,6.475,1.95,1.8,3.1,2.725,0.625,0.95,-4.625,0.375,0.075,-0.025,0.3,0.4,21,18,25,25,14,15,14,23,27,28,27,26,23,17,24,28,525,1193,1794,422,119,105,167,183,7.0,0.383,1.0,0.263,1.024,0.275,3
8.5,22.25,22.25,6.85,2.025,1.775,3.4,3.125,-0.625,-1.6,-0.75,-0.3,0.4,-0.05,0.25,0.15,17,20,20,22,11,12,15,17,26,27,22,23,21,19,21,25,517,1364,1509,392,117,92,177,175,7.0,0.383,1.0,0.263,1.024,0.275,3
1.625,3.5,17.175,2.825,1.175,0.825,1.675,4.475,-0.2,-0.275,-0.85,-0.55,0.05,0.1,-0.025,-0.6,16,16,24,16,7,5,13,18,24,25,26,27,20,14,25,27,92,210,1125,173,61,47,101,266,8.0,0.383,1.383,0.198,0.678,-0.001,3
1.425,3.225,16.325,2.275,1.225,0.925,1.65,3.875,-0.15,0.25,-2.925,0.2,0.8,0.55,-0.3,-1.375,12,17,28,16,5,6,11,14,23,26,30,20,20,15,20,23,87,199,1195,139,62,51,96,221,8.0,0.383,1.383,0.197,0.679,-0.001,3
1.275,3.475,13.4,2.475,2.025,1.475,1.35,2.5,0.275,0.0,2.625,0.925,1.7,0.8,0.05,-0.625,10,19,23,14,15,11,6,18,20,21,28,21,24,17,14,24,81,202,901,141,126,77,71,145,8.0,0.383,1.383,0.197,0.682,-0.001,3
1.55,3.475,16.025,3.4,3.725,2.275,1.4,1.875,0.2,0.0,5.075,0.025,0.35,-0.05,-0.05,0.05,11,16,19,19,15,11,7,15,18,25,30,23,25,17,15,23,82,225,946,197,196,102,66,104,8.0,0.383,1.383,0.201,0.69,-0.002,3
1.75,3.475,21.1,3.425,4.075,2.225,1.35,1.925,-0.375,0.025,-0.25,-0.35,-1.6,-0.675,-0.15,-0.325,16,15,22,20,15,17,10,10,20,26,26,22,22,18,18,20,102,229,1316,201,206,107,68,104,8.0,0.383,1.383,0.218,0.713,-0.004,3
1.375,3.5,20.85,3.075,2.475,1.55,1.2,1.6,0.225,0.85,-3.35,-0.4,-1.075,-0.3,0.05,0.05,13,17,25,21,14,17,12,9,15,27,24,24,20,21,19,24,79,224,1350,189,138,85,69,99,8.0,0.383,1.383,0.27,0.805,0.009,3
1.6,4.35,17.5,2.675,1.4,1.25,1.25,1.65,0.75,1.425,-1.1,-0.3,0.2,-0.075,-0.075,0.15,9,17,23,19,9,8,9,6,13,26,24,23,19,22,16,22,85,276,1097,162,70,63,63,83,8.0,0.383,1.383,0.32,0.958,0.048,3
2.35,5.775,16.4,2.375,1.6,1.175,1.175,1.8,0.45,1.75,1.775,0.15,0.05,-0.1,-0.075,-0.225,15,20,24,21,8,5,3,8,19,27,28,24,20,18,11,22,132,374,1087,154,69,49,48,94,8.0,0.383,1.383,0.324,1.081,0.094,3
2.8,7.525,18.175,2.525,1.65,1.075,1.1,1.575,0.35,1.375,5.7,0.1,-0.15,0.15,0.075,-0.175,15,29,23,17,11,6,3,11,21,29,26,22,21,18,12,25,164,510,1195,156,78,49,46,96,8.0,0.383,1.383,0.309,1.144,0.125,3
3.15,8.9,23.875,2.625,1.5,1.225,1.175,1.4,0.25,1.925,5.15,-0.1,0.475,0.225,-0.05,0.7,18,26,22,13,7,7,6,13,26,28,25,19,15,22,18,27,197,576,1454,147,73,60,54,74,8.0,0.383,1.383,0.293,1.183,0.149,3
3.4,10.825,29.025,2.525,1.975,1.45,1.125,2.1,2.7,8.425,-0.95,1.65,0.775,0.3,1.925,1.125,15,17,26,16,8,7,5,12,22,23,27,17,15,20,19,24,183,537,1930,132,88,65,54,104,8.0,0.383,1.383,0.274,1.219,0.183,3
6.1,19.25,28.075,4.175,2.75,1.75,3.05,3.225,2.925,8.525,3.15,1.525,0.125,0.075,0.825,0.2,14,22,24,21,18,12,13,15,20,25,27,21,25,22,19,25,327,1149,1661,233,165,108,173,186,8.0,0.383,1.383,0.255,1.25,0.234,3
9.025,27.775,31.225,5.7,2.875,1.825,3.875,3.425,-0.575,-1.6,1.675,-0.3,0.0,-0.175,-0.85,-0.75,18,25,20,20,20,13,22,21,23,28,28,27,26,22,23,24,486,1770,1832,341,194,116,240,229,8.0,0.383,1.383,0.246,1.264,0.267,3
8.45,26.175,32.9,5.4,2.875,1.65,3.025,2.675,-0.3,0.2,2.525,0.375,0.075,0.2,0.45,0.1,20,20,19,18,18,9,19,20,28,28,25,22,23,14,24,19,495,1511,1935,332,167,77,196,172,8.0,0.383,1.383,0.246,1.264,0.27,3
8.15,26.375,35.425,5.775,2.95,1.85,3.475,2.775,1.1,4.975,0.1,-0.05,-0.2,0.375,-0.175,0.7,22,19,18,23,17,13,17,20,26,28,25,23,20,16,27,19,514,1565,2180,350,155,89,212,169,8.0,0.383,1.383,0.246,1.264,0.27,3
9.25,31.35,35.525,5.725,2.75,2.225,3.3,3.475,-0.725,-2.4,-6.275,-0.25,0.025,0.05,0.0,-0.275,20,20,21,24,15,12,18,20,22,25,25,26,20,19,24,22,556,1819,2376,362,138,105,178,181,8.0,0.383,1.383,0.246,1.263,0.27,3
8.525,28.95,29.25,5.475,2.775,2.275,3.3,3.2,-1.275,-3.225,1.775,1.25,0.075,0.0,1.45,-0.65,24,20,21,18,18,10,21,19,25,23,25,22,22,19,22,24,577,1786,1872,315,160,107,190,179,8.0,0.383,1.383,0.245,1.262,0.267,3
7.25,25.725,31.025,6.725,2.85,2.275,4.75,2.55,-0.625,-3.8,3.15,0.7,-0.4,-0.175,-0.275,0.3,23,19,22,14,15,15,20,18,28,26,24,20,19,22,23,25,475,1434,1871,335,148,104,268,153,8.0,0.383,1.383,0.244,1.263,0.263,3
6.625,21.925,34.175,7.425,2.45,2.1,4.475,2.85,-1.025,-0.8,-2.575,-1.375,-0.575,-0.325,-1.45,0.0,18,18,25,13,11,16,15,18,26,25,25,23,17,21,20,21,382,1283,2154,360,112,101,245,146,8.0,0.383,1.383,0.242,1.264,0.26,3
5.6,21.125,31.6,6.05,1.875,1.775,3.025,2.85,1.35,0.85,-7.175,-1.625,-0.2,-0.075,-0.275,-0.525,20,16,27,18,8,11,15,22,26,21,26,28,17,18,23,19,320,1232,2072,376,80,88,170,169,8.0,0.383,1.383,0.241,1.263,0.259,3
6.95,21.975,24.425,4.425,1.675,1.7,2.75,2.325,-1.775,-9.95,-3.925,-1.425,-0.35,-0.3,-0.775,0.125,15,18,21,19,9,10,10,19,24,25,24,23,19,20,22,18,433,1364,1440,302,83,87,135,146,8.0,0.383,1.383,0.23,1.086,0.183,3
5.175,12.025,20.5,3.0,1.325,1.4,1.975,2.45,-3.575,-7.425,0.15,-0.65,-0.125,-0.375,-0.55,0.35,8,17,20,16,7,8,4,13,24,25,27,19,17,15,19,19,320,680,1210,156,63,63,88,128,8.0,0.383,1.383,0.214,0.79,0.054,3
1.6,4.6,20.65,2.35,1.2,1.025,1.425,2.8,0.025,-0.225,-1.6,0.1,-0.025,-0.05,-0.175,-0.3,7,20,26,16,8,6,8,14,22,24,31,19,15,9,21,21,108,262,1410,127,55,35,74,139,8.0,0.383,1.383,0.206,0.672,0.001,3
1.625,4.375,19.05,2.45,1.175,0.975,1.25,2.5,0.325,-0.5,-2.025,-0.55,0.05,-0.025,-0.125,-0.575,11,20,23,18,9,6,9,15,19,20,24,21,13,15,17,25,87,230,1144,131,56,40,59,162,8.0,0.383,1.383,0.204,0.672,0.001,3
1.95,3.875,17.025,1.9,1.225,0.95,1.125,1.925,0.3,-0.2,0.625,0.15,0.625,0.275,0.3,-0.1,17,19,16,21,8,6,7,20,22,22,18,26,20,19,14,29,106,197,861,115,63,49,43,144,8.0,0.383,1.383,0.203,0.674,0.002,3
2.25,3.675,17.65,2.05,1.85,1.225,1.425,1.825,-0.4,0.125,0.325,0.475,0.425,0.375,0.025,-0.25,18,18,22,19,10,5,5,18,25,23,26,26,24,18,18,24,139,217,1103,120,88,55,50,114,8.0,0.383,1.383,0.203,0.677,0.002,3
1.85,3.8,17.975,2.525,2.275,1.6,1.45,1.575,-0.35,-0.875,-2.175,0.3,0.4,0.125,-0.175,-0.3,12,21,26,17,10,10,5,9,21,23,32,24,20,19,23,19,108,241,1235,138,117,74,61,87,8.0,0.383,1.383,0.206,0.684,0.002,3
1.5,2.925,15.8,2.825,2.675,1.725,1.275,1.275,0.15,-0.45,-1.85,0.0,-0.4,-0.25,-0.15,-0.225,10,18,27,18,17,15,12,7,18,23,32,28,22,22,23,24,68,180,1116,174,164,102,71,73,8.0,0.383,1.383,0.212,0.696,0.004,3
1.65,2.475,13.95,2.825,2.275,1.475,1.125,1.05,0.0,0.35,-0.975,0.075,-0.2,-0.15,-0.075,-0.225,12,12,27,17,15,13,10,2,20,19,29,25,23,19,18,21,82,143,935,170,144,86,62,51,8.0,0.383,1.383,0.226,0.718,0.011,3
1.65,2.825,12.975,2.9,2.075,1.325,1.05,0.825,0.1,0.65,1.275,-0.3,0.175,0.225,0.2,0.025,14,15,25,16,9,11,8,1,18,22,30,19,20,15,20,17,94,176,832,164,103,63,58,39,8.0,0.383,1.383,0.247,0.758,0.026,3
1.75,3.475,14.25,2.6,2.25,1.55,1.25,0.85,0.025,0.725,3.025,-0.225,-0.45,-0.25,-0.025,0.025,9,17,23,13,8,13,10,1,18,26,28,26,16,13,21,18,93,213,951,163,112,71,68,43,8.0,0.383,1.383,0.27,0.816,0.048,3
1.775,4.2,17.275,2.375,1.8,1.3,1.225,0.875,0.9,0.4,-0.775,0.225,-0.3,-0.35,-0.175,0.05,11,17,20,14,9,11,4,3,19,23,26,31,12,17,13,15,90,253,1093,156,91,67,46,42,8.0,0.383,1.383,0.289,0.893,0.073,3
2.675,4.6,16.5,2.6,1.5,0.95,1.05,0.925,3.0,1.725,-1.1,0.0,0.025,0.225,0.125,0.2,17,21,24,16,9,5,3,2,21,23,28,29,17,17,11,12,163,271,1085,174,79,54,41,39,8.0,0.383,1.383,0.298,0.97,0.097,3
5.675,6.325,15.4,2.6,1.525,1.175,1.175,1.125,1.375,0.025,0.625,0.225,0.175,0.1,0.05,0.1,17,23,27,12,7,8,4,3,21,26,26,26,17,15,9,13,322,368,959,146,79,51,46,49,8.0,0.383,1.383,0.294,1.036,0.117,3
7.05,6.35,16.025,2.825,1.7,1.275,1.225,1.225,-0.475,-0.725,0.8,0.5,-0.2,-0.15,-0.2,-0.075,19,19,21,11,10,9,8,8,21,24,22,22,16,10,16,17,399,398,919,158,83,49,51,69,8.0,0.383,1.383,0.282,1.092,0.136,3
6.575,5.625,16.825,3.325,1.5,1.125,1.025,1.15,-0.425,3.125,8.25,0.425,0.2,0.075,0.025,-0.075,22,15,18,11,8,5,7,7,24,21,19,20,18,9,18,21,390,337,948,199,74,42,51,69,8.0,0.383,1.383,0.267,1.136,0.156,3
6.15,8.75,25.075,3.75,1.7,1.2,1.05,1.075,-0.575,2.05,4.125,0.55,0.4,0.275,0.225,0.375,21,20,19,12,8,10,3,5,21,27,23,16,23,16,12,17,346,574,1455,210,82,51,47,61,8.0,0.383,1.383,0.252,1.171,0.178,3
5.575,10.8,29.2,4.3,2.1,1.475,1.275,1.45,3.35,5.375,-0.975,3.9,0.125,0.1,1.025,0.9,19,22,21,14,11,13,8,9,17,25,25,20,25,19,17,18,297,662,1783,231,105,75,58,88,8.0,0.383,1.383,0.238,1.204,0.204,3
8.925,16.175,28.225,8.2,2.225,1.575,2.3,2.35,2.275,8.725,8.675,2.5,0.3,0.35,0.65,0.925,23,21,24,20,12,7,15,14,23,23,26,25,21,20,23,23,564,944,1802,519,130,85,130,143,8.0,0.383,1.383,0.231,1.231,0.226,3
11.2,24.9,36.9,10.7,2.525,1.925,2.95,3.275,-1.4,0.575,3.675,-2.25,0.6,0.375,-0.3,0.15,23,26,26,27,15,9,20,17,25,27,29,31,22,22,22,23,717,1643,2491,769,164,103,185,196,8.0,0.383,1.383,0.228,1.247,0.236,3
9.8,25.475,40.575,8.45,3.125,2.3,2.65,3.425,-0.175,-1.675,0.7,0.55,-0.025,-0.15,0.0,-0.475,19,25,28,24,17,15,18,18,24,29,30,31,24,22,24,21,588,1781,2882,619,185,124,180,207,8.0,0.383,1.383,0.228,1.254,0.241,3
9.625,23.8,41.275,9.0,3.1,2.15,2.65,2.95,-1.35,1.35,-2.1,0.25,-0.85,-0.45,0.225,-0.3,22,20,26,18,15,13,15,14,29,24,27,24,25,18,22,24,640,1478,2813,502,170,116,156,185,8.0,0.383,1.383,0.228,1.256,0.246,3
8.275,25.15,39.175,9.25,2.25,1.7,2.875,2.65,1.05,-0.375,-1.925,-2.75,-0.15,-0.075,0.375,0.0,18,19,22,22,15,7,17,16,24,25,26,23,24,18,25,26,517,1466,2432,535,128,94,183,171,8.0,0.383,1.383,0.23,1.254,0.25,3
9.325,24.775,37.25,6.5,2.1,1.625,3.25,2.65,1.75,-1.225,-1.35,-0.425,0.325,0.3,0.3,-0.025,16,18,20,22,17,14,16,18,23,25,25,22,22,22,22,22,564,1447,2176,370,122,90,177,164,8.0,0.383,1.383,0.231,1.251,0.255,3
11.075,23.55,35.9,6.075,2.425,1.925,3.55,2.625,-0.425,1.2,-6.25,2.325,0.475,0.225,0.425,0.7,14,15,20,18,14,15,15,22,28,25,27,18,23,20,19,23,633,1236,2202,326,124,93,171,167,8.0,0.383,1.383,0.232,1.247,0.259,3
10.65,24.75,29.65,8.4,2.9,2.15,3.975,3.325,0.6,-2.65,-1.45,0.925,-0.275,-0.125,0.05,0.025,17,18,24,23,16,11,16,24,32,25,27,25,22,22,23,22,628,1367,1816,545,144,109,209,186,8.0,0.383,1.383,0.232,1.246,0.261,3
11.25,22.1,28.2,9.325,2.625,2.025,4.025,3.35,-0.825,-0.2,3.6,-1.775,-0.625,-0.175,-0.5,-0.3,24,24,23,26,19,20,21,22,29,25,25,29,24,29,22,24,702,1391,1630,601,159,134,217,194,8.0,0.383,1.383,0.232,1.246,0.262,3
10.425,21.9,31.8,7.55,2.0,1.85,3.525,3.05,0.175,6.55,6.325,-1.875,0.1,-0.025,-0.225,-0.1,25,21,20,22,18,21,21,21,26,21,26,28,24,26,19,27,626,1135,1860,440,129,109,194,195,8.0,0.383,1.383,0.232,1.246,0.262,3
10.6,28.45,38.125,5.675,2.1,1.825,3.3,2.95,1.2,-1.075,1.55,0.675,0.575,0.15,0.325,-0.075,26,21,25,20,12,14,19,19,26,22,28,30,21,19,23,28,643,1628,2466,355,119,95,194,188,8.0,0.383,1.383,0.232,1.246,0.262,3
11.8,27.375,39.675,6.35,2.675,1.975,3.625,2.875,-1.45,-3.625,-4.6,1.275,0.35,0.15,0.325,0.325,26,26,25,22,16,14,18,16,26,28,26,30,21,19,21,24,715,1700,2425,450,157,110,216,181,8.0,0.383,1.383,0.232,1.246,0.261,3
10.35,23.75,35.075,7.625,3.025,2.125,3.95,3.2,0.725,0.25,-4.45,-0.475,-0.375,-0.3,-0.425,0.3,18,30,19,18,21,22,19,19,23,30,28,22,26,27,24,23,603,1561,1986,450,200,138,254,197,8.0,0.383,1.383,0.232,1.246,0.26,3
11.075,24.0,30.625,7.15,2.65,1.825,3.525,3.5,0.25,-0.1,-3.625,-0.325,0.325,0.375,1.125,1.275,17,25,20,18,15,19,14,18,25,25,28,22,24,23,23,27,668,1457,1987,400,152,105,216,219,8.0,0.383,1.383,0.232,1.246,0.258,3
11.325,23.9,27.0,6.825,2.975,2.2,4.65,4.775,-1.375,2.575,-5.3,-0.525,0.025,0.225,0.3,-0.325,22,21,23,19,16,19,12,16,27,24,26,26,24,22,20,26,695,1418,1748,385,190,123,248,277,8.0,0.383,1.383,0.232,1.246,0.258,3
9.95,26.475,21.7,6.3,3.0,2.425,4.95,4.45,-1.85,0.625,5.7,0.05,-0.5,-0.075,-1.1,-1.075,27,21,20,19,15,20,15,16,28,23,25,22,28,18,19,24,659,1507,1396,344,191,122,254,257,8.0,0.383,1.383,0.232,1.245,0.258,3
8.1,27.1,27.4,6.35,2.5,2.35,3.85,3.375,0.05,-3.1,4.1,1.225,-0.35,-0.225,-0.325,-0.05,22,19,16,16,15,16,13,14,23,21,22,21,26,16,18,18,490,1642,1512,355,146,114,208,191,8.0,0.383,1.383,0.232,1.244,0.258,3
8.15,24.0,31.5,7.575,2.15,2.125,3.525,3.325,2.2,0.475,-3.4,-0.6,0.175,-0.325,-0.175,-0.025,19,20,19,17,17,15,13,13,21,21,22,22,27,19,19,18,500,1455,1791,489,126,117,184,169,8.0,0.383,1.383,0.233,1.243,0.258,3
10.35,24.475,28.1,6.975,2.325,1.8,3.35,3.3,-1.55,-3.1,-0.575,-0.275,0.275,0.15,0.05,0.4,22,22,24,20,14,15,16,13,24,24,25,24,24,21,23,21,689,1413,1696,435,119,103,179,172,8.0,0.383,1.383,0.233,1.243,0.258,3
8.8,21.375,27.525,6.7,2.6,1.95,3.4,3.7,-0.9,0.775,2.625,1.15,-0.275,-0.175,-0.55,-0.15,21,23,27,24,14,10,16,18,23,28,25,26,22,24,25,25,577,1290,1668,374,146,118,200,203,8.0,0.383,1.383,0.234,1.243,0.258,3
7.9,22.15,30.15,7.85,2.325,1.775,2.85,3.55,-2.175,-6.425,-9.55,-3.025,-0.7,-0.5,-0.375,-0.8,19,24,23,26,15,7,15,18,20,28,22,24,21,24,23,24,502,1361,1872,449,131,105,173,201,8.0,0.383,1.383,0.234,1.242,0.258,3
5.725,15.725,20.6,4.825,1.625,1.275,2.475,2.75,-3.55,-12.9,-9.85,-3.275,-0.3,-0.275,-0.6,0.2,16,19,21,22,6,6,15,16,17,21,23,23,16,23,21,23,314,904,1304,287,79,70,154,154,8.0,0.383,1.383,0.222,1.014,0.145,3
2.175,2.825,10.75,1.55,1.325,1.0,1.875,2.95,-1.025,-1.3,-1.2,0.0,0.05,0.025,-0.225,0.675,11,13,23,13,4,6,10,15,19,16,23,15,17,19,16,21,101,137,637,88,65,54,113,156,8.0,0.383,1.383,0.205,0.729,0.002,3
1.15,1.525,9.55,1.55,1.375,1.025,1.65,3.625,-0.05,0.025,-1.7,0.2,-0.2,0.275,-0.2,-0.15,7,9,23,11,5,6,8,15,21,18,23,17,21,17,23,24,64,70,556,78,63,54,99,214,8.0,0.383,1.383,0.201,0.673,-0.026,3
1.1,1.55,7.85,1.75,1.175,1.3,1.45,3.475,-0.05,-0.075,2.05,-0.075,0.1,-0.025,-0.1,0.3,7,12,23,9,3,4,8,16,20,22,24,23,19,17,26,28,61,85,534,94,57,54,78,209,8.0,0.383,1.383,0.201,0.673,-0.026,3
1.05,1.475,9.9,1.675,1.275,1.275,1.35,3.775,-0.1,-0.025,-2.775,0.175,-0.2,-0.325,0.45,-0.225,13,12,23,11,4,5,10,18,22,22,27,21,13,21,22,28,67,86,650,93,43,56,78,223,8.0,0.383,1.383,0.201,0.672,-0.026,3
0.95,1.45,7.125,1.85,1.075,0.95,1.8,3.55,0.075,0.25,-1.1,0.1,-0.1,0.0,-0.2,-0.85,10,10,19,15,5,3,14,18,25,17,28,24,17,17,23,23,53,61,408,113,43,43,99,211,8.0,0.383,1.383,0.202,0.672,-0.025,3
1.025,1.7,6.025,1.95,0.975,0.95,1.6,2.7,0.05,-0.225,0.9,-0.15,0.075,0.125,-0.4,-0.025,7,10,13,15,2,2,10,17,23,12,22,19,13,13,19,18,60,63,287,119,43,42,81,156,8.0,0.383,1.383,0.202,0.672,-0.025,3
1.075,1.475,6.925,1.8,1.05,1.075,1.2,2.675,0.025,-0.125,-1.075,0.125,0.05,0.0,0.025,0.275,9,7,11,15,5,10,7,21,18,17,21,18,14,20,17,26,63,66,337,107,50,59,69,177,8.0,0.383,1.383,0.201,0.674,-0.024,3
1.1,1.35,5.85,1.925,1.1,1.075,1.225,2.95,-0.1,0.0,-1.175,0.05,0.125,0.15,0.125,-0.6,7,5,16,12,7,11,12,19,11,19,23,19,15,18,18,27,48,68,324,113,58,55,76,206,8.0,0.383,1.383,0.2,0.678,-0.023,3
1.0,1.35,4.675,1.975,1.225,1.225,1.35,2.35,0.0,-0.1,0.275,-0.2,0.05,0.075,0.175,-0.625,7,7,22,12,5,8,13,12,13,19,24,16,16,19,22,21,51,68,282,104,65,51,76,152,8.0,0.383,1.383,0.2,0.683,-0.023,3
1.0,1.25,4.95,1.775,1.275,1.3,1.525,1.725,0.575,2.125,3.9,2.075,2.2,0.325,0.075,-0.05,9,6,25,15,4,8,10,14,16,17,27,21,21,17,20,19,52,57,328,103,66,47,77,104,8.0,0.383,1.383,0.2,0.687,-0.022,3
1.575,3.375,8.85,3.85,3.475,1.625,1.6,1.675,0.45,1.875,5.075,1.1,0.75,0.075,-0.3,-0.3,14,13,22,18,11,9,12,14,18,23,29,23,21,18,17,20,88,204,576,234,208,79,79,98,8.0,0.383,1.383,0.203,0.697,-0.02,3
2.025,5.25,13.925,4.95,4.225,1.7,1.3,1.375,-0.225,-1.075,0.9,-1.55,-1.625,-0.475,-0.1,-0.125,16,17,19,20,16,10,7,9,23,25,26,25,20,17,14,23,113,294,928,294,258,86,55,76,8.0,0.383,1.383,0.217,0.721,-0.014,3
1.8,4.175,14.825,3.4,2.6,1.225,1.2,1.25,-0.45,-1.0,-0.95,-0.8,-0.55,-0.075,-0.2,-0.175,12,18,19,15,13,11,5,5,24,21,25,26,22,16,13,23,92,211,926,174,143,57,46,56,8.0,0.383,1.383,0.246,0.779,0.006,3
1.35,3.175,13.875,2.6,2.05,1.15,1.0,1.075,-0.15,-0.15,1.6,-0.175,-0.425,0.025,-0.15,-0.05,7,20,18,13,9,12,7,5,20,20,24,23,21,16,15,20,73,191,840,147,113,54,46,49,8.0,0.383,1.383,0.278,0.855,0.034,3
1.2,3.025,15.475,2.425,1.625,1.175,0.85,1.025,0.925,0.25,-1.675,0.0,-0.15,-0.1,0.2,0.125,7,20,17,14,8,3,4,6,14,21,24,21,18,11,13,17,65,174,850,153,88,35,40,55,8.0,0.383,1.383,0.295,0.934,0.063,3
2.125,3.275,13.8,2.425,1.475,1.075,1.05,1.15,1.8,2.0,2.975,-0.05,0.2,-0.05,0.025,0.025,18,20,15,17,10,4,8,5,21,26,23,26,21,15,16,12,133,207,720,153,78,41,53,48,8.0,0.383,1.383,0.3,1.01,0.091,3
3.925,5.275,16.775,2.375,1.675,1.025,1.075,1.175,1.125,3.2,2.025,-0.225,0.125,-0.025,-0.05,0.175,22,18,19,15,11,8,12,8,25,28,23,26,20,21,20,12,263,307,935,149,81,50,63,50,8.0,0.383,1.383,0.295,1.068,0.115,3
5.05,8.475,18.8,2.15,1.8,1.0,1.025,1.35,1.275,8.15,2.5,0.6,0.25,0.1,0.325,0.325,15,19,23,11,14,8,8,8,21,25,25,20,20,15,22,11,270,506,1142,122,90,49,58,62,8.0,0.383,1.383,0.285,1.119,0.141,3
6.325,16.625,21.3,2.75,2.05,1.1,1.35,1.675,1.975,7.375,6.725,1.575,0.125,0.4,0.25,0.45,16,24,18,15,14,5,7,9,24,26,28,21,24,14,21,15,343,1063,1306,163,110,56,71,97,8.0,0.383,1.383,0.274,1.164,0.168,3
8.3,24.0,28.025,4.325,2.175,1.5,1.6,2.125,3.6,6.475,12.525,4.025,0.7,0.475,0.875,1.075,20,22,19,20,11,9,11,14,24,25,24,25,23,20,14,18,461,1508,1543,280,110,75,83,125,8.0,0.383,1.383,0.265,1.2,0.194,3
11.9,30.475,40.55,8.35,2.875,1.975,2.475,3.2,2.1,-0.675,10.3,0.7,0.7,0.15,0.625,0.4,27,21,19,20,14,17,20,23,29,27,24,26,26,26,22,25,800,1871,2052,507,164,127,165,192,8.0,0.383,1.383,0.259,1.233,0.222,3
14.0,29.8,50.85,9.05,3.575,2.125,3.1,3.6,-3.975,-9.725,-11.25,-2.075,-0.9,-0.075,-0.325,-0.85,25,24,21,19,21,19,23,24,29,27,30,24,25,28,26,27,976,1894,3072,501,208,147,201,236,8.0,0.383,1.383,0.259,1.25,0.244,3
10.025,20.075,39.6,6.975,2.675,2.05,2.775,2.75,-4.125,0.575,-6.15,0.15,-0.725,-0.425,-0.325,-0.325,19,25,25,20,17,17,17,15,22,24,30,20,20,25,22,20,644,1270,2663,385,154,120,155,167,8.0,0.383,1.383,0.262,1.249,0.251,3
5.9,20.65,33.45,7.125,1.95,1.625,2.45,2.425,0.225,5.225,-1.0,-0.975,0.125,-0.225,0.175,0.2,20,24,22,18,12,11,15,13,24,27,29,20,17,20,20,17,369,1128,1988,341,112,91,143,131,8.0,0.383,1.383,0.264,1.245,0.254,3
6.125,25.875,32.45,6.15,2.075,1.4,2.625,2.625,0.45,-1.1,-3.875,-0.8,0.0,0.175,0.55,0.05,21,22,20,17,13,9,16,14,23,30,28,24,19,20,24,19,376,1442,1928,307,110,77,153,166,8.0,0.383,1.383,0.265,1.242,0.255,3
6.575,24.775,28.575,5.35,2.075,1.575,3.175,2.675,0.775,-2.9,-4.45,0.6,0.35,0.0,-0.075,-0.1,19,20,19,19,19,15,21,17,20,25,23,28,22,23,29,25,371,1400,1658,311,123,93,209,185,8.0,0.383,1.383,0.266,1.241,0.254,3
7.35,21.875,24.125,5.95,2.425,1.575,3.1,2.575,2.15,1.85,5.45,-0.15,0.45,0.15,-0.55,-0.375,25,22,21,26,22,14,21,19,27,25,24,30,23,26,30,26,459,1305,1456,395,143,96,217,172,8.0,0.383,1.383,0.266,1.241,0.252,3
9.5,23.725,29.575,5.8,2.875,1.725,2.55,2.2,4.225,1.15,4.025,-0.925,-0.65,-0.2,0.125,0.325,26,24,21,26,22,14,16,13,31,29,26,28,26,24,26,21,619,1392,1842,398,177,105,154,122,8.0,0.383,1.383,0.265,1.242,0.251,3
13.725,24.875,33.6,4.875,2.225,1.525,2.675,2.525,-0.2,0.2,-6.675,1.35,0.225,0.25,0.525,0.775,24,24,28,22,12,9,14,14,28,27,31,22,21,19,23,25,856,1334,2235,302,126,87,149,153,8.0,0.383,1.383,0.263,1.245,0.249,3
13.525,25.075,26.925,6.225,2.45,1.775,3.2,3.3,-2.55,3.325,6.5,1.5,0.875,0.425,0.325,-0.05,22,20,29,21,9,12,19,20,23,24,30,21,16,12,23,28,820,1349,1914,363,130,88,190,211,8.0,0.383,1.383,0.259,1.248,0.248,3
10.975,28.4,33.425,7.725,3.325,2.2,3.525,3.25,2.675,-2.55,3.425,-0.275,-0.35,-0.175,-0.175,-0.025,17,20,21,21,14,17,21,19,24,26,26,23,19,17,26,26,641,1735,2147,481,183,110,227,215,8.0,0.383,1.383,0.255,1.25,0.247,3
13.65,25.85,36.85,7.45,2.975,2.025,3.35,3.225,-0.4,-5.5,-2.95,-1.75,-0.375,-0.2,0.425,0.2,20,21,21,20,17,17,17,20,30,24,26,23,19,20,26,25,816,1600,2461,440,171,114,211,209,8.0,0.383,1.383,0.253,1.25,0.247,3
13.25,20.35,33.9,5.7,2.6,1.825,3.775,3.425,-3.825,0.4,-1.875,0.5,0.25,0.0,0.525,-0.2,22,19,25,18,17,12,19,20,30,22,30,22,19,21,22,24,826,1208,2350,319,142,90,214,208,8.0,0.383,1.383,0.252,1.25,0.247,3
9.425,20.75,32.025,6.2,2.85,1.825,4.3,3.225,1.05,1.425,-6.15,1.8,0.6,0.425,-0.825,0.0,16,18,26,18,18,10,22,13,24,21,29,22,20,20,25,22,537,1231,2199,350,164,100,257,183,8.0,0.383,1.383,0.252,1.248,0.247,3
10.475,22.175,25.875,8.0,3.45,2.25,3.475,3.225,1.675,0.375,-7.775,-1.45,-0.05,-0.075,-0.25,-0.375,17,16,16,18,24,19,20,19,24,19,25,22,23,22,26,23,521,1297,1549,456,224,146,224,197,8.0,0.383,1.383,0.253,1.248,0.247,3
12.15,22.55,18.1,6.55,3.4,2.175,3.225,2.85,-1.15,0.875,2.2,-1.2,-0.425,-0.175,-0.125,-0.3,21,22,15,19,19,15,18,17,25,24,26,25,20,18,20,20,652,1430,1082,409,193,127,183,162,8.0,0.383,1.383,0.254,1.247,0.247,3
1.25,1.4,1.325,1.225,0.85,1.025,1.175,1.0,0.0,-0.2,-0.125,0.05,0.225,-0.2,0.05,-0.025,7,5,10,5,4,5,2,5,21,14,20,17,22,14,14,15,65,62,70,57,51,45,41,47,0.0,-0.383,0.617,0.188,0.658,-0.007,2
1.25,1.2,1.2,1.275,1.075,0.825,1.225,0.975,0.05,0.075,0.15,0.125,0.25,0.225,-0.075,0.05,9,5,9,7,8,2,4,5,22,15,21,18,18,14,9,13,68,66,68,65,47,38,43,39,0.0,-0.383,0.617,0.188,0.658,-0.006,2
1.3,1.275,1.35,1.4,1.325,1.05,1.15,1.025,-0.175,0.05,0.075,0.125,-0.175,0.3,-0.225,0.175,8,6,11,10,6,1,3,3,16,18,16,22,15,11,9,15,54,69,67,74,41,30,40,39,0.0,-0.383,0.617,0.188,0.659,-0.006,2
1.125,1.325,1.425,1.525,1.15,1.35,0.925,1.2,-0.125,1.025,3.925,0.325,0.625,0.25,-0.025,0.0,7,5,12,12,6,2,2,1,16,13,14,22,13,11,12,11,46,54,68,89,44,46,37,43,0.0,-0.383,0.617,0.188,0.66,-0.005,2
1.0,2.35,5.35,1.85,1.775,1.6,0.9,1.2,0.0,1.0,3.35,0.125,0.25,-0.15,0.3,-0.125,7,11,13,8,7,5,6,3,20,16,18,22,14,13,14,12,55,122,309,115,82,64,37,48,0.0,-0.383,0.617,0.187,0.664,-0.0,2
1.0,3.35,8.7,1.975,2.025,1.45,1.2,1.075,-0.025,-0.3,-1.55,-0.35,-0.675,-0.375,-0.075,0.125,7,20,18,12,11,10,8,5,21,21,20,23,15,19,16,15,63,186,518,117,94,66,46,54,0.0,-0.383,0.617,0.182,0.672,0.014,2
0.975,3.05,7.15,1.625,1.35,1.075,1.125,1.2,0.15,-0.025,1.85,-0.1,-0.225,0.075,-0.025,0.0,6,20,19,13,9,9,5,6,23,22,22,19,17,19,15,17,56,151,445,80,69,56,44,53,0.0,-0.383,0.617,0.169,0.684,0.039,2
1.125,3.025,9.0,1.525,1.125,1.15,1.1,1.2,0.125,0.725,2.15,-0.125,0.225,0.1,0.05,-0.05,10,18,20,6,4,7,6,7,20,23,24,17,16,15,14,15,49,163,570,68,50,50,43,53,0.0,-0.383,0.617,0.145,0.701,0.073,2
1.25,3.75,11.15,1.4,1.35,1.25,1.15,1.15,0.1,1.7,-1.225,0.0,0.2,0.05,0.075,0.025,9,24,24,5,5,9,5,4,16,25,27,17,14,16,13,8,51,237,761,67,60,60,41,42,0.0,-0.383,0.617,0.107,0.721,0.118,2
1.35,5.45,9.925,1.4,1.55,1.3,1.225,1.175,-0.175,0.175,1.025,-0.1,-0.25,-0.15,-0.125,-0.2,6,25,24,8,10,9,3,4,19,27,27,15,16,16,10,9,64,348,721,66,76,61,43,40,0.0,-0.383,0.617,0.06,0.739,0.165,2
1.175,5.625,10.95,1.3,1.3,1.15,1.1,0.975,0.125,-0.725,-0.45,-0.1,-0.075,2.525,1.95,0.1,3,24,26,8,11,7,5,5,17,28,29,14,16,18,14,14,54,372,774,60,64,54,50,47,0.0,-0.383,0.617,0.008,0.753,0.21,2
1.3,4.9,10.5,1.2,1.225,3.675,3.05,1.075,0.975,3.175,1.65,0.2,0.0,8.25,3.525,1.575,10,20,21,5,9,16,13,10,15,27,29,14,13,23,19,21,61,281,653,56,53,270,187,65,0.0,-0.383,0.617,-0.042,0.763,0.252,2
2.275,8.075,12.15,1.4,1.225,11.925,6.575,2.65,2.525,4.675,2.5,0.125,0.2,9.15,4.725,9.25,14,16,15,5,5,21,20,19,21,20,25,14,18,25,25,27,133,408,740,66,60,784,413,161,0.0,-0.383,0.617,-0.09,0.772,0.293,2
4.8,12.75,14.65,1.525,1.425,21.075,11.3,11.9,1.85,6.675,-1.225,0.2,0.7,5.9,5.6,13.95,17,20,24,10,6,21,21,23,24,21,25,19,24,27,27,27,320,714,947,87,76,1458,736,767,0.0,-0.383,0.617,-0.136,0.776,0.33,2
6.65,19.425,13.425,1.725,2.125,26.975,16.9,25.85,0.65,4.275,3.475,0.55,1.25,1.075,6.9,11.875,21,24,29,13,18,22,19,22,26,26,28,17,24,29,25,25,436,1328,888,98,124,1832,1116,1672,0.0,-0.383,0.617,-0.174,0.777,0.355,2
7.3,23.7,16.9,2.275,3.375,28.05,23.8,37.725,1.2,2.4,3.225,0.725,0.85,9.425,3.325,6.0,19,24,27,15,19,16,21,21,25,24,28,17,29,24,25,24,453,1615,1059,123,204,1451,1650,2304,0.0,-0.383,0.617,-0.202,0.775,0.37,2
8.5,26.1,20.125,3.0,4.225,37.475,27.125,43.725,1.075,3.45,-2.325,0.0,0.275,13.825,-1.575,-0.75,16,23,26,15,14,18,24,22,28,23,27,24,27,23,25,27,529,1591,1178,181,243,1967,1757,2826,0.0,-0.383,0.617,-0.218,0.772,0.377,2
9.575,29.55,17.8,3.0,4.5,51.3,25.55,42.975,-0.825,-1.65,-2.175,-0.4,-0.525,5.475,2.95,-8.925,15,21,23,15,22,24,22,24,26,26,28,25,27,27,26,27,531,1814,1002,183,294,3294,1554,2825,0.0,-0.383,0.617,-0.226,0.769,0.38,2
8.75,27.9,15.625,2.6,3.975,56.775,28.5,34.05,-0.975,-5.05,0.275,-0.25,-0.9,-5.175,4.475,-3.15,19,20,24,17,28,27,24,26,25,24,27,26,31,30,29,27,485,1598,950,162,280,3725,1926,2219,0.0,-0.383,0.617,-0.23,0.767,0.382,2
7.775,22.85,15.9,2.35,3.075,51.6,32.975,30.9,0.225,2.125,-3.1,-0.05,0.425,-9.6,-2.0,1.225,21,18,24,19,21,27,22,22,24,24,23,21,25,28,31,25,481,1298,960,146,189,3160,2138,1876,0.0,-0.383,0.617,-0.231,0.766,0.383,2
8.0,24.975,12.8,2.3,3.5,42.0,30.975,32.125,-0.325,2.2,-3.85,0.05,-0.1,-3.1,-3.825,-2.9,23,18,21,17,17,24,18,17,23,25,22,24,24,26,26,25,538,1461,756,139,203,2568,1844,1673,0.0,-0.383,0.617,-0.23,0.765,0.384,2
7.675,27.175,8.95,2.35,3.4,38.9,27.15,29.225,-0.575,-4.175,-2.15,-0.15,0.0,3.975,1.525,-0.15,20,25,19,18,18,20,19,19,24,25,22,25,27,27,25,23,457,1756,538,145,216,2431,1634,1664,0.0,-0.383,0.617,-0.229,0.764,0.385,2
7.1,23.0,6.8,2.2,3.4,42.875,28.675,29.075,0.375,-1.025,2.375,0.125,-0.225,3.875,5.1,-5.275,23,25,19,18,18,20,19,25,27,24,20,21,24,23,25,30,456,1404,390,113,194,2606,1564,1916,0.0,-0.383,0.617,-0.228,0.765,0.387,2
7.475,21.975,9.175,2.325,3.175,46.75,33.775,23.8,1.575,-2.55,1.45,-0.275,-0.3,-3.625,-5.375,-0.275,26,23,18,15,16,22,18,26,26,24,16,20,25,23,22,33,508,1357,468,116,173,2780,1667,1614,0.0,-0.383,0.617,-0.227,0.765,0.388,2
9.05,19.425,10.625,2.05,2.875,43.125,28.4,23.525,-0.85,-4.1,-3.55,-0.225,0.65,-2.925,-5.325,5.625,26,24,19,15,15,22,17,23,26,26,19,23,23,26,21,27,596,1342,570,119,168,2770,1437,1560,0.0,-0.383,0.617,-0.226,0.766,0.388,2
8.2,15.325,7.075,1.825,3.525,40.2,23.075,29.15,-0.425,-1.675,-0.8,-0.05,-0.05,-6.325,4.325,0.35,23,22,21,13,19,25,22,23,26,27,28,25,22,31,20,27,508,1033,484,110,215,2644,1370,1974,0.0,-0.383,0.617,-0.226,0.767,0.389,2
7.775,13.65,6.275,1.775,3.475,33.875,27.4,29.5,0.95,3.075,-0.825,0.5,0.1,0.925,3.125,-1.375,20,21,21,10,19,25,27,22,24,24,30,23,23,29,26,27,453,826,398,96,228,2083,1845,1987,0.0,-0.383,0.617,-0.226,0.767,0.389,2
8.725,16.725,5.45,2.275,3.575,34.8,30.525,28.125,-0.675,5.0,-0.5,0.75,0.375,9.025,-1.25,0.0,21,21,21,12,16,21,25,22,27,23,24,20,23,28,25,29,497,1002,323,108,192,2211,1746,1897,0.0,-0.383,0.617,-0.226,0.767,0.389,2
8.05,21.725,4.95,3.025,3.95,43.825,29.275,28.125,-1.075,-1.325,-0.2,-0.075,0.8,0.85,-5.975,-0.6,22,22,19,15,18,23,18,20,26,24,25,23,22,31,20,29,493,1425,297,183,209,2990,1423,1900,0.0,-0.383,0.617,-0.226,0.766,0.388,2
6.975,20.4,4.75,2.95,4.75,44.675,23.3,27.525,-0.025,-4.15,-1.1,-0.475,-0.7,-5.35,-0.925,-3.175,24,24,22,13,22,25,18,17,27,25,27,27,24,27,25,23,442,1323,309,192,270,2814,1216,1658,0.0,-0.383,0.617,-0.226,0.766,0.388,2
6.95,16.25,3.65,2.475,4.05,39.325,22.375,24.35,1.975,3.425,0.725,-0.3,-0.7,-8.575,1.525,-0.85,20,26,24,15,16,24,20,20,24,27,28,26,26,26,25,21,409,1063,250,149,226,2472,1158,1416,0.0,-0.383,0.617,-0.226,0.766,0.388,2
8.925,19.675,4.375,2.175,3.35,30.75,23.9,23.5,0.45,6.35,1.05,-0.225,0.25,-2.125,-1.05,2.025,23,29,27,17,12,18,21,19,25,27,29,27,26,27,26,21,538,1334,297,148,198,1930,1328,1417,0.0,-0.383,0.617,-0.226,0.766,0.388,2
9.375,26.025,5.425,1.95,3.6,28.625,22.85,25.525,-1.225,-2.625,-0.2,0.2,-0.325,11.025,1.025,3.525,24,28,21,14,13,19,19,20,29,26,29,22,19,29,29,26,610,1723,359,126,214,2008,1371,1627,0.0,-0.383,0.617,-0.225,0.766,0.388,2
8.15,23.4,5.225,2.15,3.275,39.65,23.875,29.05,-1.75,1.65,0.325,0.3,0.425,-2.025,0.55,-0.075,23,27,16,13,14,25,25,26,27,27,25,23,22,26,28,29,497,1639,327,112,175,2508,1553,1948,0.0,-0.383,0.617,-0.224,0.765,0.388,2
6.4,25.05,5.55,2.45,3.7,37.625,24.425,28.975,-0.5,4.825,0.7,1.1,0.325,-2.575,2.05,-0.725,25,26,23,14,19,26,26,19,29,28,25,20,26,25,31,25,436,1761,334,126,215,2283,1650,1934,0.0,-0.383,0.617,-0.224,0.765,0.388,2
5.9,29.875,6.25,3.55,4.025,35.05,26.475,28.25,0.1,-4.075,-0.45,-0.125,-0.15,5.625,-2.025,-0.6,24,24,28,19,21,25,22,16,29,28,27,23,27,26,29,23,379,2077,419,228,241,2196,1681,1734,0.0,-0.383,0.617,-0.224,0.764,0.387,2
6.0,25.8,5.8,3.425,3.875,40.675,24.45,27.65,-0.875,-6.975,0.0,-1.55,-0.3,-12.85,-8.225,-9.175,22,26,24,18,18,28,20,21,24,28,25,26,26,31,27,26,369,1776,384,235,209,2719,1354,1662,0.0,-0.383,0.617,-0.224,0.764,0.387,2
5.125,18.825,5.8,1.875,3.575,27.825,16.225,18.475,-1.475,-9.45,0.175,0.025,-1.35,-18.675,-8.75,-11.3,20,23,20,11,13,23,14,19,24,23,19,23,20,26,22,28,348,1232,307,116,211,1899,925,1165,0.0,-0.383,0.617,-0.097,0.738,0.277,2
3.65,9.375,5.975,1.9,2.225,9.15,7.475,7.175,-2.2,-6.475,-1.175,-0.25,-1.125,-8.25,-6.05,-4.725,13,15,20,13,6,11,10,16,19,17,22,21,16,24,17,25,224,556,335,97,118,595,374,398,0.0,-0.383,0.617,0.112,0.693,0.093,2
1.45,2.9,4.8,1.65,1.1,0.9,1.425,2.45,-0.45,-0.85,-0.425,-0.15,0.5,0.225,-0.125,0.0,6,12,20,15,4,6,13,14,14,22,25,18,19,25,21,21,74,165,276,74,50,53,90,140,0.0,-0.383,0.617,0.194,0.676,0.02,2
1.0,2.05,4.375,1.5,1.6,1.125,1.3,2.45,0.15,0.025,1.725,1.15,0.65,0.25,-0.075,-0.775,9,15,21,13,7,5,11,13,16,24,25,15,16,17,18,18,53,115,278,71,60,54,68,142,0.0,-0.383,0.617,0.193,0.678,0.02,2
1.15,2.075,6.1,2.65,2.25,1.375,1.225,1.675,0.125,0.475,2.5,0.175,0.025,0.15,-0.075,-0.575,8,15,22,15,12,6,8,8,12,23,25,18,20,19,18,18,48,117,391,129,109,64,53,86,0.0,-0.383,0.617,0.192,0.683,0.025,2
1.275,2.55,8.6,2.825,2.275,1.525,1.15,1.1,0.325,1.0,0.675,-0.375,-0.15,-0.1,-0.05,-0.05,6,17,14,21,9,12,10,6,15,21,22,23,22,22,23,17,53,150,490,159,128,76,66,55,0.0,-0.383,0.617,0.187,0.69,0.036,2
1.6,3.55,9.275,2.45,2.125,1.425,1.1,1.05,-0.075,0.225,2.825,-0.025,-0.225,-0.35,-0.075,0.025,10,21,13,17,11,11,7,8,20,21,24,22,19,16,20,16,77,211,539,127,102,63,54,52,0.0,-0.383,0.617,0.172,0.697,0.055,2
1.525,3.775,12.1,2.425,1.9,1.075,1.025,1.075,-0.15,0.725,0.7,-0.6,-0.1,0.0,0.525,0.05,11,19,23,10,10,5,4,9,22,20,28,22,20,12,12,19,74,213,783,112,77,51,42,58,0.0,-0.383,0.617,0.141,0.707,0.088,2
1.375,4.5,12.8,1.825,1.8,1.075,1.55,1.125,-0.225,0.15,-0.475,0.15,0.225,0.15,0.0,-0.075,9,20,25,9,8,3,8,10,18,20,27,20,17,14,14,22,61,249,792,99,68,48,66,65,0.0,-0.383,0.617,0.085,0.723,0.145,2
1.15,4.65,12.325,1.975,2.025,1.225,1.55,1.05,0.3,-0.025,0.225,0.4,-0.075,0.075,-0.275,0.425,9,25,25,13,11,6,12,4,19,25,27,19,14,13,15,14,61,290,786,123,84,48,68,50,0.0,-0.383,0.617,0.021,0.74,0.207,2
1.45,4.625,12.55,2.375,1.95,1.3,1.275,1.475,1.15,2.025,-0.575,-0.3,-0.425,1.175,1.2,3.25,12,25,24,18,10,6,12,10,22,24,26,26,16,11,14,21,87,299,844,148,90,60,57,82,0.0,-0.383,0.617,-0.025,0.754,0.251,2
2.6,6.65,11.975,2.075,1.525,2.475,2.475,4.725,2.975,2.025,0.85,-0.2,0.0,4.225,6.55,9.325,15,25,24,14,7,12,16,18,26,26,24,21,17,20,21,29,168,460,747,115,71,151,149,325,0.0,-0.383,0.617,-0.067,0.767,0.289,2
5.575,8.675,12.825,1.875,1.525,6.7,9.025,14.05,2.575,7.15,1.725,0.45,0.5,10.075,7.55,11.55,22,23,26,14,10,18,22,22,28,25,27,17,14,22,25,26,392,545,829,93,69,336,520,1050,0.0,-0.383,0.617,-0.109,0.78,0.327,2
8.15,15.825,14.55,2.325,2.025,16.775,16.575,25.6,0.175,12.075,6.25,0.5,0.75,9.525,2.6,7.875,25,23,23,18,11,20,22,25,27,28,25,23,19,22,30,28,549,1037,904,130,104,1014,1050,1696,0.0,-0.383,0.617,-0.147,0.788,0.356,2
8.325,27.9,20.8,2.825,2.775,26.3,19.175,33.475,0.025,3.425,3.6,0.125,-0.1,6.525,2.875,2.025,17,24,18,17,13,25,25,26,26,29,23,24,24,26,30,28,489,1712,1203,169,167,1708,1305,2104,0.0,-0.383,0.617,-0.178,0.788,0.375,2
8.35,31.325,24.4,2.95,2.675,32.825,22.05,35.5,0.775,-6.45,-4.25,-0.4,-0.225,1.825,3.875,-2.45,17,24,16,17,14,28,25,29,29,26,20,23,20,27,27,28,520,1893,1288,168,157,2193,1420,2508,0.0,-0.383,0.617,-0.2,0.783,0.386,2
9.125,24.875,20.15,2.55,2.45,34.65,25.925,33.05,-0.35,-3.55,-3.5,-0.425,0.35,4.475,-1.475,0.2,25,20,20,20,10,24,23,27,32,21,20,22,19,29,24,26,645,1496,1163,151,114,2325,1558,2109,0.0,-0.383,0.617,-0.213,0.778,0.392,2
8.775,21.325,16.65,2.125,2.8,39.125,24.45,33.25,-1.275,1.85,-0.05,-0.125,0.225,5.125,-2.55,-1.7,22,18,21,19,15,20,25,21,29,24,24,24,24,27,24,26,585,1301,1036,137,158,2393,1444,1943,0.0,-0.383,0.617,-0.222,0.775,0.397,2
7.5,23.175,16.6,2.0,3.025,44.25,21.9,31.55,-0.65,0.725,0.6,0.675,0.1,-4.35,1.575,3.25,21,21,16,19,20,24,23,21,26,30,26,25,25,25,25,31,448,1504,1017,133,185,2841,1349,2104,0.0,-0.383,0.617,-0.229,0.773,0.401,2
6.85,23.9,17.2,2.675,3.125,39.9,23.475,34.8,0.1,-1.55,-2.95,0.425,-0.125,-7.0,3.025,5.075,21,22,21,15,22,27,20,19,25,27,26,21,24,28,23,24,399,1522,1008,140,194,2727,1150,1813,0.0,-0.383,0.617,-0.232,0.772,0.403,2
6.95,22.35,14.25,3.1,3.0,32.9,26.5,39.875,0.7,0.65,0.325,-0.775,-0.15,-0.425,-0.6,-8.975,18,22,24,15,25,27,21,22,28,25,23,25,26,27,24,26,435,1355,840,170,199,2064,1225,2295,0.0,-0.383,0.617,-0.233,0.773,0.404,2
7.65,23.0,14.575,2.325,2.85,32.475,25.9,30.9,0.05,0.375,-1.1,-0.275,0.125,-0.825,-1.45,-8.05,22,25,25,19,23,30,20,22,28,27,26,28,28,28,25,28,454,1460,931,146,188,2234,1342,1999,0.0,-0.383,0.617,-0.233,0.773,0.404,2
7.7,23.375,13.475,2.05,2.975,31.65,24.45,22.85,-0.525,-4.975,-4.65,0.0,0.05,-1.575,-0.15,0.35,18,29,24,16,20,23,17,16,23,28,27,23,26,26,24,26,434,1622,895,123,186,2042,1282,1362,0.0,-0.383,0.617,-0.232,0.772,0.405,2
7.175,18.4,8.825,2.05,3.025,30.075,24.3,23.2,0.15,-1.225,6.925,0.2,0.025,7.5,2.275,5.15,22,26,17,12,21,16,19,21,22,25,25,19,24,23,25,24,446,1273,560,114,193,1857,1399,1501,0.0,-0.383,0.617,-0.232,0.77,0.405,2
7.325,17.175,15.75,2.25,3.05,37.575,26.575,28.35,-0.1,9.475,4.85,0.05,0.475,7.85,9.225,5.25,23,21,18,13,20,21,18,23,26,25,24,17,24,26,26,26,452,1078,996,123,193,2514,1530,1779,0.0,-0.383,0.617,-0.231,0.77,0.405,2
7.225,26.65,20.6,2.3,3.525,45.425,35.8,33.6,0.9,1.525,-4.125,-0.025,0.075,-4.525,-1.175,1.125,19,19,24,16,20,23,19,19,24,25,26,20,24,28,32,23,399,1603,1355,139,205,2955,2060,2008,0.0,-0.383,0.617,-0.232,0.77,0.406,2
8.125,28.175,16.475,2.275,3.6,40.9,34.625,34.725,1.375,-7.5,-2.75,0.05,-0.65,-7.1,-5.975,-2.925,19,23,26,17,19,21,19,18,25,25,27,21,21,28,30,24,447,1725,1082,133,207,2378,2037,2147,0.0,-0.383,0.617,-0.232,0.77,0.407,2
9.5,20.675,13.725,2.325,2.95,33.8,28.65,31.8,-1.55,1.225,-0.025,-0.125,-0.525,-3.475,-3.0,-7.75,23,22,22,15,15,24,18,17,25,28,28,19,21,30,24,28,566,1321,849,132,158,2143,1581,1884,0.0,-0.383,0.617,-0.232,0.77,0.408,2
7.95,21.9,13.7,2.2,2.425,30.325,25.65,24.05,-1.4,2.8,-0.525,0.25,0.475,1.15,-2.9,1.7,25,26,21,12,13,24,19,18,26,30,25,19,24,29,21,28,484,1596,822,127,125,2002,1450,1389,0.0,-0.383,0.617,-0.232,0.77,0.409,2
6.55,24.7,13.175,2.45,2.9,31.475,22.75,25.75,-0.275,-1.5,-1.725,-0.2,0.25,7.35,2.575,1.275,21,25,23,12,14,25,18,25,25,29,26,20,24,27,21,29,385,1702,787,134,174,2144,1280,1741,0.0,-0.383,0.617,-0.232,0.771,0.409,2
6.275,23.2,11.45,2.25,3.15,38.825,25.325,27.025,4.025,1.5,-0.225,-0.325,0.025,2.3,0.825,-3.025,18,21,23,13,12,25,16,25,22,24,28,19,22,25,24,28,380,1399,730,119,182,2494,1382,1715,0.0,-0.383,0.617,-0.232,0.771,0.41,2
10.3,24.7,11.225,1.925,3.175,41.125,26.15,24.0,2.1,-2.175,0.35,0.4,0.55,-1.75,6.475,13.05,20,25,28,16,15,23,14,17,27,24,30,26,19,23,21,24,691,1599,811,124,175,2502,1390,1240,0.0,-0.383,0.617,-0.232,0.771,0.409,2
12.4,22.525,11.575,2.325,3.725,39.375,32.625,37.05,-2.05,1.625,0.625,0.525,-0.175,-2.0,1.875,5.325,23,22,24,19,21,20,19,22,28,23,29,26,23,25,23,27,839,1359,751,145,233,2486,1913,2306,0.0,-0.383,0.617,-0.233,0.771,0.409,2
10.35,24.15,12.2,2.85,3.55,37.375,34.5,42.375,-1.1,2.875,0.075,-0.5,-0.425,-1.25,-6.925,-9.175,22,23,16,16,17,17,25,21,24,24,24,18,23,26,27,28,666,1570,686,147,202,2246,2254,2484,0.0,-0.383,0.617,-0.233,0.771,0.408,2
9.25,27.025,12.275,2.35,3.125,36.125,27.575,33.2,-0.25,-2.125,0.025,-0.7,-0.05,0.225,-3.85,-6.55,22,21,16,11,17,20,26,11,23,25,22,19,21,24,30,28,567,1747,665,114,173,2082,1866,1663,0.0,-0.383,0.617,-0.233,0.771,0.408,2
9.0,24.9,12.3,1.65,3.075,36.35,23.725,26.65,-2.55,-8.6,-3.375,-0.075,-0.825,-14.7,-10.95,-12.625,21,22,18,13,19,23,22,19,26,25,24,24,22,24,29,28,551,1586,737,97,191,2198,1438,1531,0.0,-0.383,0.617,-0.233,0.771,0.408,2
6.45,16.3,8.925,1.575,2.25,21.65,12.775,14.025,-4.375,-11.9,-5.3,-0.2,-1.025,-18.625,-10.225,-11.45,19,19,17,13,9,13,15,13,26,21,26,20,22,19,18,20,384,1021,523,87,133,1303,759,939,0.0,-0.383,0.617,-0.038,0.74,0.24,2
2.075,4.4,3.625,1.375,1.225,3.025,2.55,2.575,-0.8,-0.875,-1.025,-0.075,-0.25,-2.225,-1.75,-1.7,12,14,18,7,5,1,9,4,20,19,28,13,20,13,16,17,109,236,219,59,64,170,154,178,0.0,-0.383,0.617,0.177,0.705,0.053,2
1.275,3.525,2.6,1.3,0.975,0.8,0.8,0.875,-0.175,0.05,-0.85,-0.05,0.0,0.025,-0.1,0.35,8,15,19,7,5,4,3,4,17,17,25,14,18,10,17,18,70,165,150,52,48,37,43,50,0.0,-0.383,0.617,0.199,0.702,0.034,2
1.1,3.575,1.75,1.25,0.975,0.825,0.7,1.225,-0.125,-1.175,-0.55,-0.1,0.0,0.075,0.25,0.2,6,13,12,9,0,6,1,7,20,17,21,20,15,15,12,17,64,179,105,62,39,39,37,67,0.0,-0.383,0.617,0.198,0.702,0.035,2
0.975,2.4,1.2,1.15,0.975,0.9,0.95,1.425,0.15,0.375,2.75,0.35,0.4,0.35,0.2,-0.25,4,18,8,7,5,5,5,12,17,23,16,21,16,15,13,20,44,140,62,61,45,39,46,74,0.0,-0.383,0.617,0.198,0.703,0.035,2
1.125,2.775,3.95,1.5,1.375,1.25,1.15,1.175,0.225,0.875,9.4,1.15,1.125,0.575,0.275,-0.075,8,19,18,6,8,11,5,6,18,26,19,18,16,19,14,14,56,165,233,73,63,64,47,50,0.0,-0.383,0.617,0.197,0.704,0.035,2
1.35,3.65,13.35,2.65,2.5,1.825,1.425,1.1,0.125,0.325,3.15,0.5,0.2,-0.075,-0.075,0.075,17,19,24,10,10,13,8,6,26,26,23,16,17,22,19,18,86,215,809,128,118,94,70,55,0.0,-0.383,0.617,0.196,0.708,0.036,2
1.475,3.975,16.5,3.15,2.7,1.75,1.35,1.175,0.075,0.35,-1.525,-0.5,-0.875,-0.5,-0.3,0.15,17,22,24,15,14,8,9,8,25,30,25,19,22,20,23,20,89,236,1044,170,151,88,76,63,0.0,-0.383,0.617,0.189,0.714,0.046,2
1.55,4.325,14.975,2.65,1.825,1.25,1.05,1.325,-0.05,-0.125,0.325,-0.275,-0.3,-0.15,-0.2,-0.075,11,22,25,20,11,8,5,8,21,28,30,24,20,22,21,17,87,254,1006,164,103,67,53,55,0.0,-0.383,0.617,0.17,0.724,0.067,2
1.5,4.2,15.3,2.375,1.525,1.1,0.85,1.25,-0.125,-0.45,-2.55,0.325,0.075,-0.1,0.025,-0.325,8,19,23,16,12,8,5,9,17,21,30,21,18,20,23,18,78,230,1013,150,77,55,51,54,0.0,-0.383,0.617,0.14,0.735,0.096,2
1.375,3.75,12.75,2.7,1.6,1.0,0.875,0.925,-0.025,0.3,-1.125,0.7,-0.025,0.0,0.2,0.025,8,16,23,18,13,7,4,5,15,19,28,23,20,14,19,15,59,191,819,164,76,45,43,45,0.0,-0.383,0.617,0.105,0.749,0.132,2
1.35,4.05,11.625,3.4,1.575,1.0,1.075,0.95,0.2,1.325,0.325,0.025,0.15,0.325,0.2,0.15,8,15,23,26,10,12,8,6,16,22,26,30,22,21,20,11,64,226,723,233,79,55,52,42,0.0,-0.383,0.617,0.066,0.764,0.173,2
1.55,5.375,11.95,3.425,1.725,1.325,1.275,1.1,-0.025,0.6,4.95,-0.475,0.175,0.075,-0.05,-0.025,10,17,21,19,9,11,10,8,19,26,24,25,18,16,24,15,86,349,760,215,80,64,64,53,0.0,-0.383,0.617,0.026,0.779,0.214,2
1.525,5.975,16.9,2.95,1.9,1.4,1.225,1.075,0.05,0.2,1.775,-0.225,-0.35,-0.175,-0.125,-0.075,13,18,23,12,11,9,8,6,21,26,24,17,16,17,17,19,83,354,1054,161,88,68,51,56,0.0,-0.383,0.617,-0.018,0.793,0.257,2
1.575,6.175,18.675,2.725,1.55,1.225,1.1,1.0,2.425,1.75,0.425,0.25,-0.3,-0.1,1.15,0.175,13,17,26,18,8,7,4,5,18,25,29,20,20,20,14,22,80,371,1257,167,79,65,46,57,0.0,-0.383,0.617,-0.067,0.808,0.301,2
4.0,7.925,19.1,2.975,1.25,1.125,2.25,1.175,4.725,2.05,-2.9,-0.2,0.225,2.325,3.025,6.7,15,20,26,21,7,5,3,5,20,27,31,21,18,16,19,20,244,504,1225,176,65,58,125,59,0.0,-0.383,0.617,-0.107,0.819,0.336,2
8.725,9.975,16.2,2.775,1.475,3.45,5.275,7.875,1.575,2.65,-2.075,-0.625,0.05,4.3,5.275,16.125,19,19,19,13,12,13,9,17,22,29,22,19,18,19,23,24,598,690,944,148,78,219,328,530,0.0,-0.383,0.617,-0.139,0.827,0.362,2
10.3,12.625,14.125,2.15,1.525,7.75,10.55,24.0,-1.4,0.525,3.55,-0.15,0.275,1.7,4.2,9.025,24,17,14,13,11,21,18,29,28,27,19,27,24,26,22,29,691,846,681,116,85,506,588,1684,0.0,-0.383,0.617,-0.165,0.833,0.381,2
8.9,13.15,17.675,2.0,1.8,9.45,14.75,33.025,-2.375,0.075,-1.575,0.1,0.25,-1.25,1.975,-2.525,25,22,19,12,10,22,17,26,29,24,23,24,24,28,22,29,566,815,1023,114,95,641,899,2116,0.0,-0.383,0.617,-0.181,0.837,0.395,2
6.525,13.225,16.1,2.1,2.05,8.2,16.725,30.5,0.75,2.125,0.15,0.2,0.025,2.825,2.9,5.125,16,22,18,14,13,25,14,24,26,23,23,18,22,28,18,25,375,769,908,119,116,583,857,1818,0.0,-0.383,0.617,-0.19,0.837,0.405,2
7.275,15.35,16.25,2.3,2.075,11.025,19.625,35.625,3.6,-1.3,2.25,0.1,0.0,3.55,0.35,2.25,13,18,24,17,13,23,17,23,26,25,26,23,26,25,22,25,413,946,1027,139,119,707,1214,2087,0.0,-0.383,0.617,-0.194,0.834,0.412,2
10.875,14.05,18.5,2.4,2.075,14.575,19.975,37.875,1.125,-0.05,-0.65,-0.1,0.1,3.275,2.1,-2.45,21,17,24,10,10,21,16,22,29,28,23,22,27,23,26,25,715,869,1209,130,104,847,1165,2256,0.0,-0.383,0.617,-0.197,0.83,0.416,2
12.0,14.0,17.85,2.3,2.175,17.85,22.075,35.425,0.5,0.7,0.1,0.0,-0.05,3.225,3.875,6.075,22,19,19,8,12,21,17,23,23,28,21,18,25,23,22,26,727,873,1088,109,118,1098,1130,2145,0.0,-0.383,0.617,-0.199,0.828,0.418,2
12.5,14.7,17.95,2.3,2.125,21.075,25.95,41.5,-0.275,1.525,3.85,0.6,0.15,2.5,-4.975,-1.05,20,24,23,13,22,19,21,25,22,29,24,20,27,19,23,26,750,1041,1181,130,139,1254,1532,2537,0.0,-0.383,0.617,-0.202,0.826,0.421,2
12.225,16.225,21.8,2.9,2.275,23.575,20.975,40.45,-1.3,0.925,-3.55,-0.375,0.175,-0.175,-4.25,-4.05,21,23,25,18,22,23,21,22,25,25,28,23,28,26,24,25,802,1041,1525,175,143,1564,1256,2354,0.0,-0.383,0.617,-0.204,0.826,0.422,2
10.925,17.15,18.25,2.525,2.45,23.4,16.725,36.4,-2.5,-1.125,0.075,-0.4,-0.225,3.7,2.4,-1.925,19,22,22,17,16,29,17,22,24,25,24,27,25,30,22,26,633,1066,1189,146,134,1637,859,2312,0.0,-0.383,0.617,-0.206,0.825,0.423,2
8.425,16.025,18.325,2.125,2.225,27.1,19.125,34.475,-0.625,-0.475,3.45,0.6,0.225,4.125,-1.35,-8.1,20,23,21,12,13,22,19,27,26,25,22,22,28,23,26,28,519,1025,1109,102,134,1694,1201,2297,0.0,-0.383,0.617,-0.206,0.824,0.423,2
7.8,15.55,21.775,2.725,2.45,31.225,17.775,26.375,0.3,-0.925,0.625,-0.05,0.525,-4.8,0.35,-0.05,20,21,19,15,17,20,23,26,25,22,22,22,25,22,28,28,464,950,1348,132,154,1805,1146,1882,0.0,-0.383,0.617,-0.206,0.823,0.423,2
8.1,14.625,22.4,2.675,2.975,26.425,18.125,26.325,-0.3,1.025,1.325,-0.425,-0.325,-1.325,7.975,5.075,20,25,18,17,19,24,22,20,27,25,22,27,21,24,29,26,470,959,1384,168,173,1516,976,1467,0.0,-0.383,0.617,-0.206,0.823,0.422,2
7.8,15.65,23.725,2.25,2.65,25.1,26.1,31.4,0.575,-0.05,-3.425,-0.175,-0.65,3.175,2.875,-5.075,21,26,19,15,21,20,20,20,26,29,22,24,21,27,29,26,432,1136,1448,152,160,1603,1273,1832,0.0,-0.383,0.617,-0.206,0.823,0.423,2
8.375,15.6,20.3,2.075,2.0,28.275,28.975,26.325,-1.2,1.1,0.85,0.6,0.225,-2.675,-5.875,-9.675,19,27,20,17,20,23,21,22,24,34,24,22,22,28,29,29,428,1175,1275,119,123,1861,1590,1733,0.0,-0.383,0.617,-0.205,0.823,0.423,2
7.175,16.7,21.15,2.675,2.225,25.6,23.1,16.65,-0.875,2.2,2.975,0.125,0.525,-2.525,-1.225,0.975,13,26,21,17,17,24,21,21,17,33,27,22,24,29,28,27,376,1137,1307,142,151,1621,1285,985,0.0,-0.383,0.617,-0.205,0.822,0.423,2
6.3,18.9,24.125,2.8,2.75,23.075,21.875,17.625,1.3,-0.05,7.6,0.75,0.2,5.15,8.075,13.375,14,27,17,15,20,21,19,17,17,31,22,21,28,29,24,26,348,1247,1282,152,174,1444,1342,1004,0.0,-0.383,0.617,-0.205,0.82,0.423,2
7.6,18.85,31.725,3.55,2.95,28.225,29.95,31.0,-1.025,-0.575,1.05,0.725,0.275,5.075,-2.575,-1.275,15,24,20,16,19,25,20,18,21,32,26,20,22,31,27,25,411,1277,2088,219,158,1845,1851,1890,0.0,-0.383,0.617,-0.206,0.819,0.423,2
6.575,18.275,32.775,4.275,3.225,33.3,27.375,29.725,-0.7,-0.1,-3.725,-1.1,-0.075,3.15,-8.425,-3.45,16,24,21,18,16,24,16,22,24,31,27,23,21,28,27,25,380,1299,2179,260,169,2224,1574,1868,0.0,-0.383,0.617,-0.206,0.819,0.423,2
5.875,18.175,29.05,3.175,3.15,36.45,18.95,26.275,0.975,0.25,3.95,-0.025,-0.125,-2.9,1.5,0.5,18,28,17,17,14,19,18,26,24,27,26,28,24,26,27,30,350,1266,1711,180,174,2174,1129,1807,0.0,-0.383,0.617,-0.206,0.82,0.424,2
6.85,18.425,33.0,3.15,3.025,33.55,20.45,26.775,1.225,0.825,-3.6,0.35,0.2,-2.975,3.675,-0.275,17,24,18,14,15,20,24,26,23,28,27,24,25,29,27,33,400,1244,1983,169,173,2061,1198,1886,0.0,-0.383,0.617,-0.206,0.821,0.424,2
8.075,19.25,29.4,3.5,3.225,30.575,24.125,26.5,2.05,-1.675,-4.925,0.05,-0.35,0.0,5.25,4.35,15,24,21,14,20,22,18,27,25,26,27,20,26,31,25,32,399,1232,1766,168,185,1762,1199,1803,0.0,-0.383,0.617,-0.205,0.821,0.424,2
1.1,1.225,3.575,1.675,1.025,1.0,1.125,0.925,-0.125,-0.15,0.275,0.1,0.125,-0.1,-0.2,-0.125,5,11,16,12,2,4,4,3,19,23,24,22,19,15,18,22,58,75,207,95,42,43,46,53,1.0,-0.383,1.0,0.194,0.666,0.013,2
0.975,1.075,3.85,1.775,1.15,0.9,0.925,0.8,0.0,0.275,0.15,0.025,-0.025,0.25,-0.15,-0.1,7,5,17,15,4,3,2,3,24,20,24,21,21,16,14,19,60,64,203,106,53,43,41,48,1.0,-0.383,1.0,0.192,0.666,0.013,2
0.975,1.35,4.0,1.8,1.125,1.15,0.775,0.7,0.3,0.075,1.3,0.575,1.0,0.525,0.375,0.225,10,9,16,13,6,6,1,2,26,20,22,23,18,18,17,18,68,71,237,116,55,56,39,37,1.0,-0.383,1.0,0.191,0.667,0.013,2
1.275,1.425,5.3,2.375,2.125,1.675,1.15,0.925,0.2,0.425,1.75,0.475,0.7,0.0,0.075,0.15,12,9,19,14,11,12,4,2,22,19,21,21,23,18,19,18,75,62,332,138,117,82,56,43,1.0,-0.383,1.0,0.192,0.672,0.017,2
1.475,1.85,7.05,2.85,2.825,1.675,1.225,1.075,-0.025,1.075,1.1,-0.05,-0.45,-0.325,-0.225,0.15,9,8,24,15,12,12,4,1,17,18,24,18,22,14,15,18,68,86,432,155,162,83,50,50,1.0,-0.383,1.0,0.188,0.687,0.032,2
1.45,2.925,8.15,2.8,2.375,1.35,1.0,1.225,0.125,0.85,1.125,0.375,-0.45,-0.15,-0.05,0.05,7,12,18,14,14,9,5,6,14,24,23,22,22,12,16,20,64,142,512,152,133,61,35,65,1.0,-0.383,1.0,0.175,0.709,0.055,2
1.575,3.775,9.275,3.175,1.925,1.2,0.95,1.275,-0.125,0.375,6.6,-0.5,-0.5,-0.025,-0.025,-0.25,14,14,20,14,12,6,8,8,16,25,28,27,17,12,14,19,75,188,624,187,97,50,35,66,1.0,-0.383,1.0,0.151,0.736,0.086,2
1.45,4.15,15.875,2.675,1.425,1.175,0.925,1.025,0.0,1.0,3.975,-0.35,0.125,0.0,0.275,0.0,13,19,23,15,5,5,8,3,19,26,26,27,14,15,8,12,78,264,929,167,66,46,38,42,1.0,-0.383,1.0,0.12,0.772,0.124,2
1.45,5.15,19.85,2.325,1.55,1.175,1.2,1.025,-0.025,0.75,1.25,0.25,-0.1,-0.1,0.125,0.05,8,20,26,13,9,6,8,4,21,26,25,22,19,19,16,11,75,333,1234,141,89,55,58,46,1.0,-0.383,1.0,0.081,0.812,0.165,2
1.425,5.9,21.1,2.575,1.45,1.075,1.325,1.075,0.15,-0.1,1.325,-0.375,-0.275,-0.125,-0.225,0.7,10,24,28,16,9,3,6,6,19,28,28,24,20,16,16,12,77,370,1468,154,87,50,56,50,1.0,-0.383,1.0,0.034,0.855,0.211,2
1.575,5.8,22.425,2.2,1.175,0.95,1.1,1.775,1.75,0.625,-5.9,-0.025,0.4,0.325,0.375,6.925,13,24,25,17,9,3,5,10,18,29,29,21,22,15,17,19,93,397,1511,123,72,44,50,99,1.0,-0.383,1.0,-0.017,0.9,0.256,2
3.325,6.425,16.525,2.175,1.575,1.275,1.475,8.7,3.55,5.45,-3.525,-0.3,0.15,3.35,8.375,14.25,15,21,18,19,11,12,9,21,21,23,25,22,22,20,19,25,219,421,984,137,101,74,75,586,1.0,-0.383,1.0,-0.067,0.943,0.293,2
6.875,11.875,13.0,1.875,1.725,4.625,9.85,22.95,1.4,5.225,3.125,-0.025,0.475,12.05,11.4,7.625,21,21,17,18,7,20,19,25,26,24,20,19,14,22,23,26,506,741,659,120,85,295,670,1591,1.0,-0.383,1.0,-0.122,0.978,0.321,2
8.275,17.1,16.125,1.85,2.2,16.675,21.25,30.575,-1.325,1.75,0.075,0.525,0.875,13.95,1.725,6.7,23,18,17,17,7,21,22,26,27,24,23,19,21,25,27,29,551,1103,881,100,97,1056,1443,2212,1.0,-0.383,1.0,-0.178,0.999,0.34,2
6.95,18.85,16.2,2.375,3.075,30.625,22.975,37.275,-0.725,0.3,-3.175,0.05,0.375,4.775,-0.075,2.325,19,23,13,15,14,22,16,23,23,25,27,22,27,30,28,30,392,1240,885,119,169,2063,1449,2368,1.0,-0.383,1.0,-0.207,1.003,0.349,2
6.225,19.15,13.025,2.425,3.45,35.4,22.9,39.6,2.175,5.15,7.025,0.425,0.625,8.3,6.5,-7.9,17,27,17,12,22,29,22,20,23,26,27,20,28,33,29,28,357,1206,665,123,218,2604,1475,2222,1.0,-0.383,1.0,-0.211,1.0,0.352,2
8.4,24.3,20.05,2.85,4.075,43.7,29.4,31.7,1.775,0.625,2.175,0.1,0.25,3.225,-0.15,-0.625,19,24,22,13,22,29,22,18,26,26,28,21,32,27,23,24,536,1441,1341,164,263,2767,1538,1776,1.0,-0.383,1.0,-0.211,0.997,0.355,2
10.175,24.925,22.225,2.95,4.325,46.925,29.25,31.075,-2.925,-1.125,-2.175,-0.225,-1.125,-14.55,-7.075,-1.65,22,20,19,19,21,23,17,21,27,23,22,22,28,25,25,27,644,1355,1424,176,275,2824,1443,1831,1.0,-0.383,1.0,-0.212,0.996,0.356,2
7.25,23.8,20.05,2.725,3.2,32.375,22.175,29.425,-0.75,-0.9,-1.525,0.45,0.025,-0.45,-1.175,1.6,17,24,22,19,17,20,23,23,24,25,21,23,23,27,27,26,426,1475,1174,159,193,2058,1360,1677,1.0,-0.383,1.0,-0.213,0.996,0.357,2
6.5,22.9,18.525,3.175,3.225,31.925,21.0,31.025,3.525,-6.125,-5.675,-0.2,0.7,1.625,1.825,2.075,19,26,19,14,18,18,29,21,23,28,23,19,28,25,28,22,382,1433,1068,180,219,1878,1452,1589,1.0,-0.383,1.0,-0.215,0.998,0.358,2
10.025,16.775,12.85,2.975,3.925,33.55,22.825,33.1,-0.975,2.325,1.65,-0.525,-0.075,-5.675,-0.125,-5.25,21,23,17,14,23,19,21,19,23,27,22,21,30,26,25,23,579,1116,744,166,260,1986,1244,1889,1.0,-0.383,1.0,-0.216,1.0,0.359,2
9.05,19.1,14.5,2.45,3.85,27.875,22.7,27.85,-0.7,5.725,6.7,0.175,-0.125,6.025,2.125,-0.65,17,20,17,14,21,23,15,21,20,25,21,24,26,28,24,24,506,1164,782,147,246,1780,1076,1666,1.0,-0.383,1.0,-0.217,1.003,0.359,2
8.35,24.825,21.2,2.625,3.725,33.9,24.825,27.2,-0.4,-0.575,1.65,-0.1,-0.7,6.575,1.1,-1.925,17,19,22,17,22,21,20,25,23,26,24,23,28,25,26,25,507,1571,1331,179,254,2083,1456,1734,1.0,-0.383,1.0,-0.218,1.006,0.358,2
7.95,24.25,22.85,2.525,3.025,40.475,25.925,25.275,-0.925,-4.35,-2.975,0.025,0.5,5.0,-0.55,-3.6,16,16,25,16,22,16,21,26,24,23,24,24,29,21,24,26,491,1440,1418,148,218,2284,1379,1745,1.0,-0.383,1.0,-0.217,1.007,0.358,2
7.025,19.9,19.875,2.55,3.525,45.475,25.375,21.675,0.275,2.4,-0.375,0.1,1.65,-4.125,0.1,5.675,16,17,22,18,23,19,16,23,26,20,23,26,29,23,22,29,432,1112,1178,139,243,2736,1217,1477,1.0,-0.383,1.0,-0.217,1.008,0.357,2
7.3,22.3,19.5,2.65,5.175,41.35,25.475,27.35,-1.45,1.2,0.45,-0.2,0.275,-4.55,-0.725,4.85,16,24,23,17,25,25,18,20,30,27,27,27,29,26,23,29,448,1510,1163,132,341,2613,1434,1782,1.0,-0.383,1.0,-0.217,1.008,0.356,2
5.85,23.5,19.95,2.45,5.45,36.8,24.75,32.2,-0.5,-6.2,-4.65,-0.1,-1.25,7.3,-0.15,-3.15,16,23,24,11,23,26,21,20,26,27,26,23,25,24,27,27,324,1472,1203,134,359,2240,1651,1903,1.0,-0.383,1.0,-0.216,1.008,0.356,2
5.35,17.3,15.3,2.35,4.2,44.1,24.6,29.05,0.025,-2.225,-2.05,0.025,-0.15,6.45,4.2,0.05,18,22,21,11,20,28,23,17,21,26,24,19,20,26,29,27,285,1016,868,121,277,2812,1620,1573,1.0,-0.383,1.0,-0.215,1.009,0.355,2
5.375,15.075,13.25,2.375,4.05,50.55,28.8,29.1,2.425,5.8,4.825,0.025,0.725,-2.325,0.875,0.65,20,22,22,15,20,27,25,19,23,25,26,19,21,26,26,25,323,955,794,134,280,3318,1719,1674,1.0,-0.383,1.0,-0.212,1.01,0.355,2
7.8,20.875,18.075,2.4,4.775,48.225,29.675,29.75,1.2,1.075,-1.55,0.25,-0.5,-8.2,-5.65,-0.725,16,21,24,20,21,23,22,21,20,25,30,22,23,28,20,23,419,1415,1289,158,303,3282,1625,1649,1.0,-0.383,1.0,-0.211,1.01,0.355,2
9.0,21.95,16.525,2.65,4.275,40.025,24.025,29.025,-2.875,-2.725,-3.825,-0.35,-0.6,-1.7,-1.15,-0.65,17,23,24,20,21,25,15,15,24,27,25,25,23,31,18,20,508,1547,1190,165,263,2728,1242,1509,1.0,-0.383,1.0,-0.209,1.01,0.355,2
6.125,19.225,12.7,2.3,3.675,38.325,22.875,28.375,-1.25,-5.3,-4.325,-0.85,-0.725,-10.8,-7.05,-10.475,17,23,21,13,20,24,19,14,22,25,25,22,24,27,25,22,351,1243,855,135,222,2348,1397,1514,1.0,-0.383,1.0,-0.207,1.01,0.355,2
4.875,13.925,8.375,1.45,2.95,27.525,15.825,17.9,-1.6,-8.525,-5.3,-0.225,-1.3,-20.0,-11.25,-13.125,15,17,20,9,11,14,15,19,16,23,26,21,21,20,23,23,293,929,568,86,168,1631,1133,1104,1.0,-0.383,1.0,-0.065,0.91,0.244,2
3.275,5.4,3.075,1.225,1.65,7.525,4.575,4.775,-2.325,-3.45,-1.575,-0.25,-0.65,-6.65,-3.8,-3.675,7,13,17,12,4,5,3,12,12,25,26,23,19,17,12,19,214,356,194,75,90,360,283,302,1.0,-0.383,1.0,0.137,0.768,0.087,2
0.95,1.95,1.5,0.975,1.0,0.875,0.775,1.1,0.025,0.0,-0.25,0.15,0.225,0.25,0.475,0.95,0,14,15,8,3,2,2,5,12,25,20,18,16,14,17,17,42,117,75,55,49,36,41,61,1.0,-0.383,1.0,0.197,0.725,0.04,2
0.975,1.95,1.25,1.125,1.225,1.125,1.25,2.05,0.225,0.625,5.025,0.95,0.725,0.575,0.375,0.9,1,12,11,3,4,7,9,14,14,21,15,11,10,14,21,25,46,107,62,49,44,51,74,148,1.0,-0.383,1.0,0.197,0.726,0.041,2
1.2,2.575,6.275,2.075,1.95,1.7,1.625,2.95,0.325,1.125,5.4,0.925,0.125,0.05,-0.225,-0.675,4,9,9,7,8,13,14,20,18,14,15,11,12,19,20,27,60,118,263,77,69,82,91,203,1.0,-0.383,1.0,0.196,0.728,0.042,2
1.525,3.7,11.675,3.0,2.075,1.75,1.4,2.275,0.075,0.55,1.625,0.725,0.0,-0.15,-0.225,-0.875,12,14,18,16,10,15,11,15,22,20,22,22,16,20,17,19,73,214,665,164,92,92,71,134,1.0,-0.383,1.0,0.195,0.734,0.048,2
1.6,4.25,13.3,3.725,2.075,1.6,1.175,1.4,-0.075,-0.225,5.6,0.425,0.35,0.0,0.0,-0.4,14,20,23,23,9,18,6,8,23,26,26,28,18,25,15,16,82,275,803,240,108,96,58,67,1.0,-0.383,1.0,0.192,0.744,0.066,2
1.525,4.025,18.9,4.15,2.425,1.6,1.175,1.0,-0.225,-0.425,0.5,-1.1,-0.375,-0.35,-0.05,0.025,10,16,27,21,11,14,7,4,22,20,26,28,23,20,20,15,83,255,1283,276,129,92,60,44,1.0,-0.383,1.0,0.179,0.761,0.099,2
1.3,3.6,19.4,3.05,2.05,1.25,1.125,1.025,-0.05,-0.55,-5.075,-1.0,-0.35,-0.15,-0.075,0.0,8,14,26,14,12,8,6,6,23,18,29,22,21,10,17,14,72,215,1307,201,97,56,44,38,1.0,-0.383,1.0,0.155,0.788,0.142,2
1.25,3.05,14.325,2.05,1.7,1.1,1.05,1.025,0.375,1.175,1.45,0.4,-0.025,0.075,-0.025,0.1,9,20,25,16,10,6,5,9,19,23,28,19,19,15,15,15,67,189,884,130,86,46,45,45,1.0,-0.383,1.0,0.121,0.825,0.192,2
1.625,4.225,15.775,2.45,1.675,1.175,1.025,1.125,0.25,0.65,0.95,0.025,-0.175,0.1,0.025,1.65,13,25,25,18,7,10,4,10,18,30,25,20,21,22,17,17,93,277,1006,159,92,65,47,56,1.0,-0.383,1.0,0.078,0.868,0.243,2
1.875,4.875,16.725,2.475,1.5,1.275,1.05,2.775,0.85,-0.2,-0.425,-0.475,-0.05,4.2,5.225,9.7,15,22,21,12,6,11,10,18,24,27,23,22,17,18,19,24,118,305,1007,148,75,62,58,187,1.0,-0.383,1.0,0.027,0.914,0.292,2
2.725,4.675,16.3,2.0,1.45,5.475,6.275,12.475,1.225,1.15,0.95,-0.15,0.075,5.4,8.75,13.0,20,20,21,9,5,15,16,26,23,25,26,22,20,15,26,27,145,286,1080,103,68,333,346,830,1.0,-0.383,1.0,-0.026,0.955,0.331,2
3.95,5.825,17.25,1.85,1.525,10.875,15.025,25.475,1.05,5.125,-3.175,0.475,0.85,10.875,3.05,6.75,23,16,19,9,8,20,18,24,23,23,26,17,24,20,25,25,228,373,1082,91,81,658,781,1513,1.0,-0.383,1.0,-0.074,0.987,0.355,2
5.0,10.95,14.075,2.325,2.375,21.75,18.075,32.225,1.275,3.35,4.1,0.475,1.25,4.425,0.2,1.925,21,17,20,11,16,24,19,25,31,27,26,18,24,25,24,26,318,690,940,125,142,1496,936,1968,1.0,-0.383,1.0,-0.113,1.01,0.372,2
6.275,14.3,18.175,2.8,3.625,26.175,18.275,34.15,3.3,-0.8,3.7,0.175,0.55,0.775,6.925,2.6,13,24,24,12,21,24,23,25,25,28,28,17,28,25,25,28,335,944,1144,162,245,1835,1156,1946,1.0,-0.383,1.0,-0.138,1.023,0.381,2
9.575,13.5,21.875,2.975,4.175,26.95,25.2,36.75,1.25,1.525,-7.15,0.075,0.1,7.8,1.675,3.375,18,25,22,13,18,25,24,26,26,25,26,17,27,28,26,27,605,899,1300,175,266,1708,1583,2230,1.0,-0.383,1.0,-0.15,1.027,0.384,2
10.825,15.025,14.725,3.05,4.275,34.75,26.875,40.125,-3.525,0.525,-2.95,-0.35,-0.175,7.15,0.2,-1.45,20,25,19,16,14,28,19,26,28,23,22,17,24,29,26,24,675,916,877,164,246,2267,1510,2498,1.0,-0.383,1.0,-0.154,1.027,0.387,2
7.3,15.55,11.775,2.7,4.1,41.9,27.075,38.675,-1.5,1.1,4.225,-0.375,0.025,4.825,3.375,-8.05,20,26,23,18,18,29,23,26,26,25,26,22,23,28,26,25,388,955,788,138,256,2808,1655,2446,1.0,-0.383,1.0,-0.155,1.026,0.39,2
5.8,16.65,16.0,2.325,4.125,46.725,30.45,30.625,1.325,-0.95,4.575,0.125,-0.425,-5.95,-0.875,-2.875,19,25,24,17,19,27,24,27,22,28,25,24,22,28,29,30,319,1116,1013,139,273,2944,2055,2081,1.0,-0.383,1.0,-0.154,1.026,0.391,2
7.125,15.7,20.575,2.45,3.7,40.775,29.575,27.75,0.55,-1.05,1.8,0.325,-0.725,-8.075,-3.425,-3.025,13,25,22,18,13,22,21,20,17,27,22,20,23,23,25,30,368,1031,1268,146,240,2404,2009,1690,1.0,-0.383,1.0,-0.154,1.027,0.391,2
7.675,14.65,22.375,2.775,2.975,32.7,26.15,24.725,-0.175,2.4,-0.85,0.55,0.15,2.575,-2.875,-4.65,21,22,24,21,12,20,19,17,26,23,23,23,24,23,25,26,469,881,1384,166,187,1979,1730,1396,1.0,-0.383,1.0,-0.154,1.028,0.39,2
7.5,17.05,21.525,3.325,3.125,35.275,23.275,20.075,-0.2,-1.45,-0.15,-0.2,0.65,10.625,1.7,0.15,22,22,23,21,22,23,15,23,25,24,25,21,29,26,24,24,454,1051,1278,193,233,2314,1308,1324,1.0,-0.383,1.0,-0.154,1.028,0.389,2
7.3,15.6,21.375,3.125,3.775,45.9,24.975,20.225,-0.525,-1.8,0.775,-0.325,0.075,1.05,-1.35,1.1,21,25,19,21,26,27,25,21,26,31,23,19,28,28,28,26,439,976,1216,178,257,3133,1542,1299,1.0,-0.383,1.0,-0.153,1.028,0.388,2
6.775,13.8,22.15,2.8,3.85,46.95,23.625,21.325,1.6,-0.825,-4.4,-0.325,-0.675,-5.475,-2.4,-0.375,21,23,21,17,20,28,27,19,24,31,24,17,22,28,29,26,402,887,1322,150,225,3208,1477,1191,1.0,-0.383,1.0,-0.153,1.029,0.387,2
8.375,12.975,17.75,2.475,3.175,41.475,21.225,20.95,-1.025,-2.425,-5.05,-0.5,-0.125,-6.75,1.7,2.075,21,16,19,14,15,23,19,19,19,26,24,16,26,27,24,24,451,723,1065,116,182,2790,1132,1158,1.0,-0.383,1.0,-0.153,1.029,0.386,2
7.35,10.55,12.7,1.975,3.05,34.725,22.925,23.025,-2.325,-0.825,2.3,0.6,-0.175,-1.725,3.475,0.775,19,19,17,12,16,20,20,18,21,22,25,20,26,27,28,25,424,507,726,100,197,2366,1404,1379,1.0,-0.383,1.0,-0.153,1.03,0.386,2
5.025,9.725,15.0,2.575,2.875,33.0,26.4,23.8,3.475,3.725,3.575,0.675,0.55,2.125,0.5,-2.875,18,18,17,9,16,20,21,22,26,22,22,21,25,27,29,24,322,568,753,121,173,2101,1440,1391,1.0,-0.383,1.0,-0.154,1.03,0.386,2
8.5,13.45,18.575,3.25,3.425,35.125,26.9,20.925,3.625,4.475,0.7,0.05,0.075,-1.375,1.625,-1.25,23,19,15,16,18,18,21,22,28,26,23,25,25,26,24,28,566,880,965,186,207,2155,1435,1181,1.0,-0.383,1.0,-0.154,1.031,0.386,2
12.125,17.925,19.275,3.3,3.5,33.75,28.525,19.675,-2.35,4.025,1.65,-0.35,-0.225,-0.35,1.2,1.325,26,19,17,19,19,19,22,24,29,26,25,25,22,25,23,30,827,1032,1140,205,204,1929,1688,1147,1.0,-0.383,1.0,-0.153,1.031,0.386,2
9.775,21.95,20.925,2.95,3.275,33.4,29.725,21.0,-3.225,-2.0,-1.25,-0.1,0.675,-1.9,-3.875,1.075,24,20,21,16,20,24,20,23,29,27,22,21,26,25,24,26,696,1250,1234,171,212,2061,1637,1326,1.0,-0.383,1.0,-0.153,1.03,0.385,2
6.55,19.95,19.675,2.85,3.95,31.5,25.85,22.075,-0.075,-2.0,-0.325,-0.2,-0.4,-1.25,-3.075,-6.375,17,21,19,17,18,27,20,22,23,28,23,22,25,26,25,27,410,1220,1106,159,242,2116,1317,1396,1.0,-0.383,1.0,-0.153,1.03,0.385,2
6.475,17.95,19.35,2.65,3.55,30.25,22.775,15.7,0.7,2.625,1.9,-0.175,-0.325,1.1,1.4,-2.25,19,19,19,13,14,26,20,28,21,25,26,23,20,29,24,33,346,1008,1159,138,212,2016,1242,1121,1.0,-0.383,1.0,-0.152,1.03,0.385,2
7.175,20.575,21.25,2.475,3.225,31.35,24.175,13.45,1.025,-4.95,-3.175,0.075,0.2,8.325,-0.975,3.55,23,22,20,13,17,22,23,27,22,25,23,26,25,29,27,29,423,1283,1322,137,199,1975,1636,798,1.0,-0.383,1.0,-0.152,1.03,0.385,2
8.2,15.625,18.075,2.55,3.425,39.675,23.2,17.0,0.475,-3.175,-2.35,-0.375,0.075,4.225,0.85,0.975,23,18,19,16,22,23,20,17,27,25,20,21,30,27,30,23,520,961,1173,133,244,2336,1463,955,1.0,-0.383,1.0,-0.151,1.029,0.384,2
8.675,12.45,15.725,2.175,3.5,43.9,24.05,17.975,-0.225,3.0,3.85,0.325,-0.625,-11.95,-0.05,-2.1,21,18,20,16,18,24,16,17,30,24,23,15,25,23,27,22,542,705,1001,105,220,2646,1277,1093,1.0,-0.383,1.0,-0.15,1.029,0.384,2
8.45,15.45,19.575,2.5,2.875,31.95,24.0,15.875,-1.15,-3.175,-3.675,0.05,-0.75,-12.225,-9.825,-2.15,22,24,20,17,18,25,17,18,29,26,23,19,29,25,24,21,524,998,1121,141,160,2060,1187,828,1.0,-0.383,1.0,-0.15,1.029,0.383,2
7.3,12.275,15.9,2.55,2.125,19.725,14.175,13.725,-3.525,-7.7,-10.65,-0.95,-0.55,-10.9,-9.7,-7.05,20,18,17,11,16,17,13,14,26,25,25,16,24,22,23,19,440,792,965,130,121,1214,756,780,1.0,-0.383,1.0,-0.065,0.953,0.305,2
3.775,4.575,5.25,1.6,1.575,8.825,4.475,6.675,-2.65,-3.375,-3.875,-0.375,-0.325,-7.875,-3.85,-5.85,12,9,13,4,9,6,6,8,17,20,19,17,14,17,19,18,220,279,301,65,68,508,279,439,1.0,-0.383,1.0,0.103,0.802,0.149,2
1.125,1.2,1.375,1.225,1.25,0.95,0.625,0.825,-0.075,0.175,-0.05,-0.1,-0.2,-0.05,0.075,0.225,6,7,11,6,9,1,3,2,18,21,15,23,17,18,12,12,53,70,74,67,54,44,34,31,1.0,-0.383,1.0,0.187,0.726,0.071,2
1.05,1.375,1.325,1.125,1.05,0.9,0.7,1.05,0.0,0.175,1.8,0.35,0.45,0.275,0.3,0.075,5,7,8,6,7,0,3,7,23,18,14,22,20,13,14,14,58,71,74,62,58,32,34,41,1.0,-0.383,1.0,0.187,0.726,0.071,2
1.05,1.55,3.125,1.475,1.5,1.175,1.0,1.125,0.175,1.575,7.75,1.025,0.925,0.625,0.25,-0.175,10,7,10,7,7,4,6,7,24,16,15,19,17,12,17,18,69,69,153,67,70,57,49,49,1.0,-0.383,1.0,0.186,0.73,0.074,2
1.225,3.125,10.875,2.5,2.425,1.8,1.25,0.95,0.025,1.125,4.625,0.6,-0.05,-0.275,0.025,0.0,10,13,18,12,12,10,5,3,20,21,22,19,18,16,14,14,71,172,634,130,110,91,52,42,1.0,-0.383,1.0,0.176,0.749,0.094,2
1.25,4.25,15.5,3.1,2.375,1.525,1.275,0.95,-0.025,0.675,-0.525,-0.325,-0.475,-0.55,-0.275,0.025,5,20,22,15,14,8,4,4,16,25,27,20,20,15,14,10,62,260,958,179,113,76,49,34,1.0,-0.383,1.0,0.154,0.776,0.125,2
1.225,4.925,14.975,2.775,1.9,0.975,1.0,0.975,0.25,3.2,1.25,-0.15,-0.175,0.2,-0.175,-0.025,10,23,22,18,18,2,5,7,21,26,29,23,23,17,12,16,70,303,1024,173,112,53,45,47,1.0,-0.383,1.0,0.123,0.807,0.161,2
1.475,8.125,16.225,2.625,1.725,1.175,0.825,0.95,0.125,0.8,-1.725,0.4,-0.1,0.075,0.075,-0.025,13,24,23,17,18,4,3,7,21,24,28,23,16,20,12,19,81,487,1066,146,89,58,36,51,1.0,-0.383,1.0,0.084,0.846,0.203,2
1.6,8.925,14.5,3.025,1.625,1.25,0.9,0.925,0.275,-1.825,1.6,-0.6,-0.225,0.1,1.025,2.15,10,19,21,16,10,4,5,3,16,23,30,21,14,17,12,13,92,522,912,164,61,55,34,41,1.0,-0.383,1.0,0.03,0.894,0.252,2
1.875,7.1,16.1,2.425,1.4,1.35,1.925,3.075,3.025,1.95,5.25,-0.325,0.05,2.875,6.625,14.825,7,19,20,14,6,4,11,9,18,22,30,22,12,17,13,17,119,419,1014,128,52,65,93,174,1.0,-0.383,1.0,-0.044,0.962,0.31,2
4.9,9.05,21.35,2.1,1.45,4.225,8.55,17.9,1.475,1.55,2.025,0.3,0.15,9.275,10.075,8.85,17,18,20,15,13,13,19,20,21,22,27,26,14,21,21,25,331,545,1260,134,82,260,512,1221,1.0,-0.383,1.0,-0.117,1.02,0.355,2
6.375,10.6,23.375,2.4,1.6,13.5,18.625,26.75,0.15,2.2,-2.1,-0.075,0.55,6.7,6.55,7.9,21,13,20,17,13,24,25,26,22,25,25,23,16,27,26,27,395,654,1339,157,81,838,1150,1729,1.0,-0.383,1.0,-0.154,1.042,0.374,2
6.525,12.8,21.275,2.325,2.15,20.2,25.175,34.65,0.4,1.15,-1.275,0.0,0.525,0.275,-2.175,5.55,16,15,21,15,17,29,25,26,23,21,25,22,17,31,30,27,366,736,1283,141,107,1289,1642,2245,1.0,-0.383,1.0,-0.164,1.045,0.379,2
6.925,13.95,20.0,2.325,2.675,20.475,23.0,40.2,-0.425,-1.375,8.45,0.075,0.125,1.45,-2.125,-8.5,15,19,23,18,21,29,20,21,20,22,25,25,22,31,27,26,373,817,1207,146,157,1347,1421,2439,1.0,-0.383,1.0,-0.17,1.046,0.382,2
6.5,12.575,28.45,2.4,2.8,21.925,20.875,31.7,0.95,0.35,1.35,0.325,0.075,2.0,1.15,-0.675,19,21,27,14,15,23,16,20,20,23,27,24,23,23,24,26,350,733,1818,151,155,1207,921,1883,1.0,-0.383,1.0,-0.173,1.046,0.385,2
7.45,12.925,29.8,2.725,2.875,23.925,22.025,31.025,-0.05,2.3,1.075,0.35,-0.2,0.2,1.85,4.975,23,20,22,15,14,19,22,21,26,21,25,24,26,18,27,28,418,739,1863,168,170,1278,1006,1904,1.0,-0.383,1.0,-0.176,1.045,0.387,2
7.4,15.225,30.875,3.075,2.675,24.125,23.875,36.0,-0.075,-0.45,0.4,0.0,-0.05,2.05,-1.3,2.275,21,26,20,24,15,19,23,21,26,25,25,24,26,21,27,24,398,984,1826,189,162,1431,1291,2049,1.0,-0.383,1.0,-0.178,1.045,0.388,2
7.325,14.775,31.275,3.075,2.625,26.175,22.575,38.275,1.075,-2.425,-7.45,-0.8,0.1,0.225,-2.725,-3.325,18,25,19,27,19,21,16,19,27,26,23,26,27,26,25,21,388,957,1888,202,169,1711,1169,1982,1.0,-0.383,1.0,-0.178,1.046,0.388,2
8.4,12.35,23.825,2.275,2.725,26.4,19.85,34.95,-0.275,4.075,1.575,0.0,0.4,-0.275,5.2,-1.95,18,18,21,19,18,21,18,16,23,24,20,20,24,26,25,24,512,699,1416,130,164,1653,1147,1718,1.0,-0.383,1.0,-0.177,1.047,0.388,2
8.125,16.425,25.4,2.275,3.125,26.125,25.05,33.0,-0.525,4.575,4.05,0.575,-0.225,-2.1,6.4,-1.825,21,19,26,13,18,24,21,19,25,23,26,19,26,27,25,27,531,931,1657,126,189,1563,1566,1963,1.0,-0.383,1.0,-0.176,1.048,0.387,2
7.6,21.0,29.45,2.85,2.9,24.025,31.45,31.175,0.65,0.85,-0.45,-0.15,-0.55,-2.65,-2.225,-2.65,21,19,23,12,25,26,25,23,24,22,29,19,29,27,26,26,412,1142,1821,176,202,1574,2000,2091,1.0,-0.383,1.0,-0.176,1.048,0.387,2
8.25,21.85,29.0,2.7,2.35,21.375,29.225,28.525,-0.1,-3.0,-1.5,0.575,0.075,-1.125,-0.85,-1.2,18,19,21,15,15,28,23,22,17,24,28,21,20,30,26,25,407,1309,1752,173,132,1458,1686,1799,1.0,-0.383,1.0,-0.176,1.048,0.386,2
8.15,18.85,27.5,3.275,2.425,20.25,28.375,27.325,0.025,-2.675,0.075,0.0,0.1,4.925,-3.0,1.05,14,17,22,14,11,26,21,20,20,21,23,18,21,29,28,23,418,1104,1601,169,120,1336,1607,1640,1.0,-0.383,1.0,-0.176,1.047,0.386,2
8.175,16.175,27.575,3.275,2.525,25.175,25.375,28.375,-0.275,-0.475,-0.75,-0.725,0.3,7.8,-2.425,1.05,20,19,21,12,14,19,18,18,28,22,24,20,23,28,26,24,501,950,1522,171,135,1560,1421,1647,1.0,-0.383,1.0,-0.176,1.045,0.387,2
7.9,15.7,26.825,2.55,2.825,32.975,22.95,29.425,1.35,0.575,-5.075,-0.175,0.0,-3.475,4.65,1.1,27,22,24,15,14,20,16,17,28,21,28,26,18,29,25,24,533,909,1545,152,165,2033,1279,1616,1.0,-0.383,1.0,-0.176,1.045,0.388,2
9.25,16.275,21.75,2.375,2.825,29.5,27.6,30.525,1.625,-3.15,1.3,0.15,-0.175,-0.525,-1.175,-4.9,23,20,25,15,15,20,16,17,26,23,28,24,21,25,28,24,619,959,1315,139,162,1649,1499,1705,1.0,-0.383,1.0,-0.177,1.045,0.388,2
10.875,13.125,23.05,2.525,2.65,28.975,26.425,25.625,-1.625,2.575,8.35,0.125,0.125,1.425,-1.75,-4.175,23,19,23,11,12,21,19,21,23,26,27,25,23,24,28,22,725,812,1454,147,153,1765,1420,1537,1.0,-0.383,1.0,-0.177,1.045,0.387,2
1.55,2.325,3.9,1.825,1.1,0.9,0.975,0.9,-0.15,-0.55,-0.6,0.0,0.0,0.125,-0.125,0.025,13,16,13,14,10,6,4,6,25,26,29,22,20,19,14,15,95,136,245,107,58,40,38,48,2.0,-0.383,1.383,0.201,0.667,-0.01,2
1.4,1.775,3.3,1.825,1.1,1.025,0.85,0.925,0.05,0.05,0.7,-0.125,0.025,0.1,-0.025,0.05,12,15,14,9,7,7,7,3,22,27,26,18,24,16,19,11,79,109,195,92,57,43,42,41,2.0,-0.383,1.383,0.199,0.668,-0.008,2
1.45,1.825,4.0,1.7,1.125,1.125,0.825,0.975,0.0,0.875,2.9,0.4,0.425,0.15,0.05,0.125,12,15,18,7,1,8,10,5,18,23,23,17,22,19,24,13,85,110,244,92,58,47,54,44,2.0,-0.383,1.383,0.196,0.69,0.01,2
1.45,2.7,6.9,2.1,1.55,1.275,0.875,1.1,-0.175,0.1,2.7,0.075,0.225,-0.075,0.075,0.075,11,18,20,9,9,10,9,7,19,24,25,18,14,19,18,18,88,170,409,108,79,64,52,55,2.0,-0.383,1.383,0.184,0.737,0.049,2
1.275,2.8,9.6,2.175,1.775,1.2,0.95,1.175,0.2,-0.15,-1.4,-0.3,-0.25,-0.05,0.125,-0.05,9,16,21,10,10,6,5,7,16,20,23,16,18,16,12,19,63,156,591,98,84,60,41,51,2.0,-0.383,1.383,0.167,0.786,0.09,2
1.475,2.65,8.2,1.875,1.525,1.15,1.075,1.125,0.4,0.95,-0.475,0.4,-0.1,-0.075,0.025,0.0,11,17,18,9,7,4,8,6,17,18,20,14,19,10,15,16,78,146,485,92,66,41,49,51,2.0,-0.383,1.383,0.146,0.837,0.127,2
1.875,3.6,7.725,2.275,1.425,1.075,1.1,1.125,1.775,0.225,1.1,0.1,-0.2,-0.125,-0.1,0.0,14,15,19,10,8,5,9,6,20,22,22,18,18,12,17,12,107,212,492,115,62,37,51,52,2.0,-0.383,1.383,0.118,0.895,0.164,2
3.65,3.825,8.825,2.375,1.225,0.95,1.0,1.125,1.45,-0.15,-1.375,-0.175,-0.025,-0.05,0.025,-0.125,17,16,22,16,6,5,6,5,25,22,29,23,20,18,16,17,222,221,636,137,63,49,43,55,2.0,-0.383,1.383,0.087,0.953,0.195,2
5.1,3.675,7.45,2.2,1.2,0.9,1.025,1.0,-0.875,0.625,-1.3,0.1,0.25,0.025,-0.1,0.075,20,22,16,13,6,3,5,6,24,23,25,20,19,21,17,20,332,235,453,115,65,49,47,58,2.0,-0.383,1.383,0.052,1.007,0.218,2
4.225,4.3,6.15,2.3,1.45,0.925,0.925,1.075,-0.775,1.0,0.55,-0.35,0.0,0.15,-0.1,0.225,18,24,12,9,12,3,3,11,23,25,17,16,16,18,16,21,251,287,329,115,71,45,48,68,2.0,-0.383,1.383,0.014,1.06,0.236,2
3.45,5.3,6.7,1.95,1.45,1.075,0.825,1.3,-0.075,0.525,2.475,0.075,-0.125,0.1,1.025,1.575,17,23,15,10,13,11,2,8,27,25,19,17,19,21,17,21,210,330,388,113,71,57,43,69,2.0,-0.383,1.383,-0.039,1.122,0.254,2
3.375,5.825,9.175,2.025,1.325,1.175,1.85,2.875,0.25,2.15,4.95,0.275,0.15,0.575,3.725,6.25,16,15,20,10,8,11,6,9,27,19,23,18,17,23,23,20,204,300,561,124,55,58,104,176,2.0,-0.383,1.383,-0.095,1.178,0.27,2
3.625,7.975,14.125,2.3,1.475,1.75,5.575,9.125,1.625,3.075,0.775,-0.175,0.5,5.75,10.8,15.425,14,16,20,11,9,12,17,16,26,21,27,15,18,21,28,24,200,407,914,135,63,93,320,484,2.0,-0.383,1.383,-0.138,1.218,0.282,2
5.25,11.05,14.9,2.125,1.975,7.5,16.375,24.55,3.275,-0.375,-0.8,-0.075,1.4,14.65,12.375,13.1,19,15,20,14,18,19,24,20,23,22,25,17,26,23,26,25,293,609,919,118,114,427,911,1356,2.0,-0.383,1.383,-0.17,1.245,0.293,2
8.525,10.675,14.1,2.05,3.375,22.15,28.75,37.65,1.375,2.5,3.05,0.175,0.9,14.65,2.675,0.575,22,16,23,17,23,17,24,25,23,17,25,27,26,22,25,30,498,567,929,126,217,1190,1651,2580,2.0,-0.383,1.383,-0.186,1.254,0.302,2
9.9,13.175,17.15,2.225,4.275,36.8,31.425,38.225,-0.575,3.075,0.475,0.65,-0.375,5.8,-3.95,1.175,22,16,25,15,19,22,21,22,23,18,25,23,24,25,28,26,569,626,1173,128,284,2413,1928,2405,2.0,-0.383,1.383,-0.197,1.255,0.31,2
9.325,16.25,17.625,2.875,3.9,42.6,27.475,39.4,-0.3,-2.575,-2.975,-0.225,0.2,-2.0,3.225,3.45,25,20,21,19,15,29,20,20,30,25,22,21,23,30,28,19,551,931,1035,169,250,2848,1694,2147,2.0,-0.383,1.383,-0.205,1.258,0.313,2
9.025,13.675,14.65,2.65,4.1,40.6,30.7,42.85,-0.825,-0.75,-4.675,-0.55,0.0,-6.15,-0.9,-7.325,23,24,15,17,14,25,24,26,30,28,22,22,21,24,26,27,557,861,757,157,226,2463,1879,2850,2.0,-0.383,1.383,-0.211,1.263,0.317,2
8.2,12.925,9.975,2.1,4.1,34.45,29.8,35.525,-1.225,1.35,-0.7,-0.225,-0.925,-5.35,-7.625,-7.2,20,23,15,15,18,23,25,26,25,25,26,26,26,25,26,28,506,809,504,131,240,2122,1860,2408,2.0,-0.383,1.383,-0.212,1.269,0.323,2
6.975,14.275,9.275,1.875,3.175,29.1,22.175,28.325,-1.075,-1.575,-0.075,-0.15,-0.15,0.9,-1.4,-2.4,18,23,23,12,16,20,19,24,25,27,28,28,20,25,26,25,384,940,561,113,172,1704,1284,1698,2.0,-0.383,1.383,-0.212,1.274,0.33,2
5.9,12.7,9.2,1.725,3.025,30.0,20.775,25.925,-0.35,-0.3,-1.575,0.375,0.725,4.15,5.475,5.425,18,21,24,8,12,17,18,23,21,26,30,23,12,22,29,24,304,843,597,98,144,1478,1139,1626,2.0,-0.383,1.383,-0.212,1.28,0.34,2
5.55,12.4,7.625,2.1,3.75,34.15,26.25,31.35,1.575,0.175,0.275,0.25,0.55,10.575,5.075,0.175,17,16,21,11,14,20,19,24,20,23,27,26,18,24,26,24,312,719,516,122,209,1966,1462,1943,2.0,-0.383,1.383,-0.213,1.288,0.352,2
7.125,12.575,7.9,2.35,4.3,44.725,31.325,31.525,0.7,-2.4,-0.75,-0.45,-0.325,0.975,-0.7,-5.05,20,17,23,13,18,23,19,26,24,22,28,25,25,27,24,26,442,704,510,135,266,2909,1811,2092,2.0,-0.383,1.383,-0.214,1.293,0.361,2
7.825,10.175,7.15,1.9,3.975,45.7,30.625,26.475,-1.275,0.65,1.95,-0.2,-0.8,-9.85,-2.25,1.8,24,21,23,12,21,24,21,22,24,25,25,21,26,25,24,27,501,657,427,112,257,2916,1835,1679,2.0,-0.383,1.383,-0.214,1.296,0.365,2
6.55,10.825,9.1,1.7,3.175,35.85,28.375,28.275,-2.8,-3.3,-1.025,0.025,-1.05,-18.3,-14.875,-14.425,23,20,24,10,20,27,23,22,25,25,27,24,24,27,24,29,435,682,582,95,204,2446,1773,1797,2.0,-0.383,1.383,-0.214,1.298,0.37,2
3.75,7.525,8.075,1.725,2.125,17.55,13.5,13.85,-2.475,-5.65,-3.5,-0.125,-0.95,-16.425,-12.65,-12.925,18,17,23,11,14,17,14,16,21,23,26,24,20,21,20,23,229,424,534,93,128,1198,856,951,2.0,-0.383,1.383,-0.008,0.985,0.189,2
1.275,1.875,4.575,1.6,1.175,1.125,0.85,0.925,0.1,-0.025,0.175,0.0,-0.175,-0.025,0.2,0.1,11,18,18,12,9,6,4,6,20,21,24,19,22,12,19,19,74,110,291,76,60,41,52,45,2.0,-0.383,1.383,0.196,0.671,0.006,2
1.375,1.85,4.75,1.6,1.0,1.1,1.05,1.025,-0.05,0.025,-0.775,-0.35,0.0,-0.075,0.15,-0.025,11,21,18,10,5,3,4,3,23,24,23,15,22,9,23,20,77,115,299,60,45,39,52,40,2.0,-0.383,1.383,0.195,0.672,0.006,2
1.325,1.875,3.975,1.25,1.0,1.025,1.2,1.0,-0.15,-0.175,-0.125,0.1,-0.025,0.125,-0.175,0.0,14,18,18,8,8,3,6,3,23,25,19,19,17,12,15,16,77,125,244,61,43,41,43,39,2.0,-0.383,1.383,0.195,0.672,0.006,2
1.175,1.7,3.85,1.35,0.975,1.15,1.025,1.0,0.15,0.35,0.2,0.525,-0.025,0.0,-0.175,0.15,16,12,17,10,7,7,6,7,19,21,18,20,10,12,9,14,71,98,213,79,43,46,35,44,2.0,-0.383,1.383,0.195,0.674,0.007,2
1.325,2.05,4.05,1.875,0.95,1.15,0.85,1.15,-0.075,-0.3,-0.95,-0.25,-0.025,-0.1,-0.075,-0.125,10,11,16,12,1,5,2,6,14,23,20,18,10,12,11,14,64,109,243,104,35,44,34,46,2.0,-0.383,1.383,0.193,0.679,0.008,2
1.25,1.75,3.1,1.625,0.925,1.05,0.775,1.025,-0.05,-0.225,-0.2,-0.25,0.3,0.425,0.1,-0.075,5,8,17,13,1,1,3,1,18,23,22,24,16,7,16,13,57,96,170,94,39,33,36,34,2.0,-0.383,1.383,0.19,0.68,0.008,2
1.2,1.525,2.9,1.375,1.225,1.475,0.875,0.95,0.0,0.65,2.225,0.925,1.25,0.5,0.1,0.15,3,9,12,10,7,8,4,2,22,22,23,18,20,12,17,16,57,74,147,56,65,69,46,37,2.0,-0.383,1.383,0.187,0.681,0.009,2
1.2,2.175,5.125,2.3,2.475,1.975,0.975,1.1,-0.1,0.05,1.7,0.45,0.4,-0.375,0.1,-0.275,5,12,16,9,15,14,6,4,20,23,27,13,21,17,19,19,65,109,296,93,135,111,54,51,2.0,-0.383,1.383,0.186,0.687,0.013,2
1.1,2.225,6.825,2.75,2.875,1.6,1.075,0.825,0.15,-0.275,3.225,-0.525,-0.8,-0.45,0.1,-0.15,5,14,21,14,14,9,7,1,18,21,27,17,20,21,17,12,63,121,420,131,145,95,52,34,2.0,-0.383,1.383,0.182,0.708,0.032,2
1.25,1.95,10.05,2.225,2.075,1.15,1.175,0.675,0.15,1.05,4.05,0.025,-0.375,-0.05,-0.2,0.275,11,17,22,11,11,5,8,6,23,20,24,21,14,18,17,8,65,110,661,116,82,59,57,27,2.0,-0.383,1.383,0.172,0.739,0.065,2
1.4,3.0,14.1,2.25,1.7,1.1,0.975,0.95,-0.2,0.5,-0.75,-0.025,-0.075,0.025,-0.075,0.075,15,19,23,9,9,5,8,13,18,22,27,18,15,15,18,16,70,168,883,109,71,46,49,49,2.0,-0.383,1.383,0.151,0.783,0.105,2
1.2,3.5,13.35,2.225,1.625,1.125,0.9,1.025,0.8,-0.175,-1.325,-0.05,-0.175,0.0,0.025,-0.05,9,19,20,15,9,7,4,8,15,25,24,18,19,14,16,20,51,207,802,122,81,52,41,49,2.0,-0.383,1.383,0.12,0.841,0.148,2
2.0,3.325,12.025,2.175,1.45,1.125,0.925,0.975,0.875,0.575,1.95,0.275,0.05,0.15,-0.025,0.025,12,18,19,12,11,9,3,0,16,26,21,20,18,16,15,15,101,200,650,119,72,53,45,34,2.0,-0.383,1.383,0.082,0.906,0.188,2
2.875,3.9,13.975,2.45,1.5,1.275,0.9,1.0,0.6,0.5,-1.1,-0.05,-0.075,-0.125,0.125,-0.1,17,16,18,14,9,5,2,0,17,22,20,20,16,23,12,11,165,221,775,135,63,56,43,39,2.0,-0.383,1.383,0.042,0.973,0.219,2
3.475,4.4,12.875,2.4,1.425,1.15,1.025,0.9,0.8,0.35,-0.925,-0.55,-0.35,-0.125,0.125,0.15,19,18,20,19,6,4,4,1,19,19,23,25,19,17,8,12,187,248,756,150,69,54,40,43,2.0,-0.383,1.383,0.003,1.035,0.243,2
4.275,4.75,11.95,1.85,1.075,1.025,1.15,1.05,-0.25,0.275,1.3,0.2,0.125,0.175,1.35,0.7,20,18,24,18,4,9,10,5,24,19,27,25,19,15,13,13,278,272,748,130,65,47,51,56,2.0,-0.383,1.383,-0.037,1.093,0.258,2
4.025,5.025,13.25,2.05,1.2,1.2,2.5,1.75,1.1,0.875,0.25,0.1,0.275,3.025,5.025,7.175,24,15,21,18,11,11,12,10,26,18,25,23,18,16,19,15,288,280,766,132,70,58,142,94,2.0,-0.383,1.383,-0.079,1.148,0.273,2
5.125,5.9,13.5,2.15,1.475,4.225,7.525,8.925,3.65,3.2,-2.575,-0.4,0.625,8.55,7.175,14.525,23,21,14,14,13,18,18,17,24,22,23,23,19,23,24,23,346,358,736,130,81,282,436,606,2.0,-0.383,1.383,-0.118,1.194,0.286,2
8.775,9.1,10.925,1.75,2.1,12.775,14.7,23.45,5.025,2.275,-3.925,0.175,0.525,10.475,6.875,14.625,19,25,16,11,13,24,18,23,22,27,22,21,24,30,28,29,560,598,599,105,128,805,874,1508,2.0,-0.383,1.383,-0.146,1.228,0.295,2
13.8,11.375,7.0,1.925,2.625,23.25,21.575,38.075,1.025,-0.7,-0.225,0.15,0.175,3.7,4.9,8.125,22,24,20,14,14,27,13,24,25,28,23,21,20,30,28,28,899,715,410,107,148,1474,1099,2488,2.0,-0.383,1.383,-0.163,1.247,0.301,2
14.825,10.675,6.775,2.075,2.8,26.95,26.475,46.2,-4.925,3.25,1.025,0.1,0.7,5.925,-0.075,-2.45,23,22,21,11,14,26,14,25,29,28,28,14,20,27,25,28,911,677,419,92,154,1742,1265,3054,2.0,-0.383,1.383,-0.172,1.25,0.306,2
9.9,13.925,7.8,2.175,3.5,32.875,26.4,43.75,-1.725,1.225,0.725,0.3,0.625,6.275,-2.125,-5.425,18,20,24,17,20,23,17,19,26,27,30,18,24,26,25,26,594,919,496,114,205,2162,1475,2724,2.0,-0.383,1.383,-0.177,1.25,0.308,2
8.175,15.15,8.525,2.475,4.125,39.15,24.275,38.325,0.75,-3.4,4.325,-0.1,-0.375,1.975,2.55,2.275,17,16,23,15,21,23,16,16,20,22,31,19,27,25,28,23,425,834,517,122,248,2665,1390,2215,2.0,-0.383,1.383,-0.181,1.249,0.309,2
8.925,11.75,12.85,2.375,3.75,41.125,26.825,40.6,1.35,2.4,6.4,-0.175,-0.275,1.275,-0.625,-1.375,20,19,17,12,16,26,15,19,20,22,27,19,24,28,29,26,445,618,767,113,218,2835,1335,2392,2.0,-0.383,1.383,-0.186,1.25,0.308,2
10.275,14.15,19.25,2.2,3.475,42.4,26.2,39.225,0.175,1.825,-1.525,0.3,0.125,-5.55,0.85,-7.1,20,23,21,14,16,25,17,23,24,26,25,23,19,28,30,29,640,858,1197,135,187,2581,1381,2435,2.0,-0.383,1.383,-0.191,1.25,0.307,2
10.45,15.975,17.725,2.5,3.6,36.85,27.05,32.125,-0.425,-0.7,-6.925,-0.1,-0.35,-7.1,-2.025,-2.45,15,20,24,15,19,24,19,24,22,23,27,24,26,27,30,26,645,1010,1120,148,223,2164,1502,2128,2.0,-0.383,1.383,-0.195,1.25,0.306,2
10.025,15.275,10.8,2.4,3.25,29.75,25.025,29.675,-0.425,-0.725,-3.55,-0.2,0.525,5.5,-2.425,0.45,12,25,25,19,15,20,22,20,20,25,28,26,27,27,31,26,529,1054,671,141,211,1744,1545,1841,2.0,-0.383,1.383,-0.199,1.249,0.305,2
9.6,14.55,7.25,2.2,3.775,35.25,22.6,30.125,-1.675,2.025,0.5,-0.2,0.4,1.2,5.8,4.5,18,21,25,15,12,20,24,22,23,24,24,22,23,28,27,26,519,945,480,127,226,2116,1297,1775,2.0,-0.383,1.383,-0.201,1.248,0.306,2
7.925,16.575,7.75,2.0,4.175,36.45,28.4,34.625,0.7,-0.425,0.05,-0.2,-0.3,-7.875,-4.325,-1.25,20,18,24,8,18,21,23,23,28,20,23,14,21,26,22,24,439,899,490,89,231,2230,1598,1993,2.0,-0.383,1.383,-0.201,1.248,0.306,2
8.625,16.15,7.8,1.8,3.875,28.575,24.075,33.375,-0.3,-4.45,-0.425,0.05,0.525,5.125,4.125,-2.45,18,19,23,12,19,16,18,13,26,19,25,18,22,27,22,25,485,948,508,90,197,1713,1398,1713,2.0,-0.383,1.383,-0.199,1.251,0.306,2
8.325,11.7,7.375,1.85,4.4,33.7,28.2,30.925,-0.425,-2.075,0.3,0.275,0.05,6.7,1.15,-1.15,17,16,19,12,16,20,20,11,25,19,24,23,18,25,25,22,535,674,472,105,224,1989,1701,1724,2.0,-0.383,1.383,-0.198,1.253,0.307,2
7.9,9.625,7.675,2.125,4.45,40.4,29.35,29.775,0.675,0.2,0.85,0.05,-0.4,-0.575,-4.3,0.2,19,17,19,10,20,26,18,13,26,23,20,25,22,28,23,20,499,517,451,127,265,2681,1664,1665,2.0,-0.383,1.383,-0.197,1.254,0.307,2
8.575,9.825,8.525,2.175,4.05,39.825,25.05,29.975,-0.025,1.85,-0.4,0.025,0.075,-1.2,1.575,3.0,18,15,17,10,22,23,16,17,27,26,24,23,27,30,23,27,505,582,498,126,274,2649,1335,1736,2.0,-0.383,1.383,-0.196,1.254,0.308,2
8.55,11.675,8.125,2.2,4.125,38.625,26.625,32.975,0.0,1.375,0.55,-0.075,-0.5,-3.3,-3.15,1.0,17,17,20,15,23,21,18,18,28,25,30,21,26,26,21,26,527,703,480,124,253,2247,1500,1755,2.0,-0.383,1.383,-0.195,1.254,0.31,2
8.55,13.05,8.675,2.125,3.625,35.325,23.475,33.975,-0.225,0.025,0.15,-0.1,0.275,1.85,2.1,-3.35,20,19,29,17,20,22,18,19,25,29,33,23,24,27,23,24,496,764,584,131,194,1833,1296,1773,2.0,-0.383,1.383,-0.195,1.253,0.312,2
8.325,13.075,8.825,2.025,3.9,37.175,25.575,30.625,0.6,-2.55,-2.4,0.075,0.075,-0.025,-3.35,-8.05,18,20,27,13,16,23,21,21,26,29,29,22,23,30,28,29,413,834,620,112,229,2159,1396,1610,2.0,-0.383,1.383,-0.195,1.253,0.313,2
8.925,10.525,6.425,2.1,3.975,37.15,22.225,22.575,-3.375,-5.2,-1.25,-0.2,-1.85,-20.875,-13.375,-12.475,18,17,25,17,16,23,19,20,26,27,26,21,23,29,25,26,505,667,445,127,261,2396,1272,1326,2.0,-0.383,1.383,-0.137,1.175,0.271,2
5.55,5.325,5.175,1.9,2.125,16.275,8.85,10.1,-4.375,-3.925,-0.325,-0.15,-1.075,-15.175,-7.8,-9.125,15,13,23,16,8,11,10,13,23,24,25,20,20,19,21,23,349,322,369,124,124,893,531,633,2.0,-0.383,1.383,0.057,0.91,0.135,2
1.175,1.4,4.85,1.75,1.05,1.1,1.05,0.975,0.05,0.15,-0.6,-0.25,0.025,0.05,-0.2,0.0,8,9,22,11,5,4,4,7,17,22,27,20,14,14,17,24,62,79,332,98,45,39,44,51,2.0,-0.383,1.383,0.193,0.724,0.041,2
1.225,1.55,4.25,1.5,1.075,1.15,0.85,0.975,-0.175,0.075,-0.7,-0.125,0.0,-0.1,0.075,-0.175,7,7,21,8,5,6,3,5,19,21,28,20,14,16,11,25,61,84,272,88,44,50,38,54,2.0,-0.383,1.383,0.193,0.725,0.043,2
1.05,1.625,3.55,1.375,1.075,1.05,0.925,0.8,-0.2,-0.35,-1.025,0.125,-0.05,-0.15,0.125,0.075,8,8,19,9,3,5,4,2,22,21,22,17,21,14,13,23,60,84,225,73,53,38,37,47,2.0,-0.383,1.383,0.194,0.725,0.045,2
0.85,1.275,2.525,1.5,1.025,0.9,1.05,0.875,0.0,-0.075,-0.7,-0.025,-0.1,0.0,-0.25,0.0,7,7,16,15,3,1,2,2,18,17,20,21,17,9,13,19,43,58,151,79,50,22,38,43,2.0,-0.383,1.383,0.194,0.725,0.045,2
0.85,1.2,1.825,1.475,0.925,0.9,0.8,0.875,0.05,-0.05,0.0,-0.2,-0.05,0.05,0.075,0.075,5,4,16,14,2,2,1,3,18,19,23,21,9,12,19,15,45,58,106,75,38,28,45,36,2.0,-0.383,1.383,0.194,0.726,0.045,2
0.9,1.15,1.825,1.275,0.875,0.95,0.875,0.95,0.2,0.05,0.125,0.375,0.7,0.45,0.325,0.15,4,1,13,7,0,5,2,5,17,19,24,18,9,18,20,21,46,51,113,59,32,43,45,44,2.0,-0.383,1.383,0.194,0.726,0.045,2
1.1,1.2,1.95,1.65,1.575,1.4,1.2,1.1,0.175,1.2,5.575,1.125,0.925,0.35,0.2,0.15,7,2,10,4,4,6,4,11,21,14,22,20,13,19,16,28,59,45,117,73,57,62,43,68,2.0,-0.383,1.383,0.194,0.728,0.047,2
1.275,2.4,7.525,2.775,2.5,1.75,1.4,1.25,0.225,1.15,5.875,0.225,0.1,-0.1,-0.15,-0.05,7,11,20,12,11,6,8,12,20,17,27,20,16,11,15,26,66,128,505,128,107,65,54,78,2.0,-0.383,1.383,0.193,0.737,0.053,2
1.5,3.55,13.4,3.0,2.6,1.65,1.25,1.2,-0.1,-0.65,0.325,-0.45,-0.575,-0.175,-0.075,-0.175,6,15,23,17,14,11,9,6,15,21,27,22,19,15,13,20,78,192,881,162,125,77,53,64,2.0,-0.383,1.383,0.189,0.754,0.07,2
1.4,2.9,13.725,2.55,2.025,1.475,1.175,1.025,-0.375,-0.425,-3.175,-0.575,-0.5,-0.3,0.05,-0.15,6,14,27,15,12,10,9,4,14,25,27,19,19,17,14,15,70,168,926,146,102,72,60,45,2.0,-0.383,1.383,0.176,0.781,0.101,2
1.025,2.475,10.55,1.975,1.525,1.175,1.225,0.875,0.225,0.25,0.2,-0.1,-0.075,0.05,-0.05,-0.15,11,19,28,10,6,7,8,6,14,26,27,16,17,14,21,13,39,162,708,110,70,53,67,37,2.0,-0.383,1.383,0.153,0.822,0.142,2
1.25,2.725,10.75,1.875,1.45,1.225,1.175,0.725,0.2,-0.5,1.35,0.5,-0.05,-0.075,0.025,0.05,17,16,24,9,5,7,8,4,18,17,25,19,13,16,23,11,61,148,629,112,51,53,59,29,2.0,-0.383,1.383,0.12,0.875,0.187,2
1.45,2.225,12.1,2.375,1.4,1.15,1.2,0.775,-0.2,-0.05,0.0,0.275,-0.025,-0.25,-0.15,0.1,16,10,20,15,9,7,11,1,20,14,26,22,16,18,22,11,80,98,693,140,60,53,60,30,2.0,-0.383,1.383,0.079,0.94,0.232,2
1.25,2.175,12.1,2.65,1.375,0.9,1.05,0.875,1.05,0.65,0.425,0.075,-0.15,0.075,-0.125,0.1,9,14,20,13,9,4,9,4,21,16,28,18,17,16,17,11,67,115,703,140,69,41,52,36,2.0,-0.383,1.383,0.032,1.012,0.268,2
2.3,2.825,12.525,2.725,1.225,0.975,0.925,0.975,1.35,0.6,2.25,-0.45,-0.025,0.075,0.05,-0.025,9,14,20,15,8,2,7,6,20,17,26,17,15,16,13,12,142,149,721,147,56,47,41,40,2.0,-0.383,1.383,-0.016,1.083,0.291,2
3.65,3.425,14.775,2.275,1.2,1.05,0.975,0.95,-0.3,0.7,2.675,-0.35,0.15,-0.025,-0.075,0.05,17,13,21,18,13,5,4,5,25,19,25,24,21,12,14,18,230,189,894,137,55,45,39,44,2.0,-0.383,1.383,-0.056,1.135,0.301,2
3.35,4.125,17.45,1.925,1.35,1.025,0.9,1.0,0.55,2.025,0.825,-0.15,0.15,2.55,2.875,6.525,20,16,20,16,11,8,1,7,26,21,27,23,21,13,14,21,222,271,1072,121,64,40,36,53,2.0,-0.383,1.383,-0.087,1.171,0.306,2
3.9,6.15,18.275,1.775,1.5,3.575,3.775,7.525,1.825,1.975,-3.925,0.125,0.225,2.875,3.975,10.05,22,18,21,15,8,11,12,16,26,25,27,20,18,20,20,21,268,409,1182,116,74,206,237,515,2.0,-0.383,1.383,-0.119,1.203,0.313,2
5.725,8.125,14.35,1.9,1.725,6.45,7.75,17.575,2.925,3.15,-5.275,0.275,0.65,7.825,7.8,9.95,22,22,25,16,9,19,19,26,28,29,31,23,16,23,30,25,347,499,1014,116,86,400,442,1166,2.0,-0.383,1.383,-0.143,1.226,0.32,2
8.65,11.275,9.075,2.175,2.375,14.275,15.55,27.525,-0.45,-0.3,-0.9,-0.25,0.85,9.125,9.8,11.175,16,22,21,14,11,22,19,23,23,29,25,21,13,24,30,22,484,706,563,123,113,989,979,1566,2.0,-0.383,1.383,-0.157,1.239,0.323,2
8.2,10.975,8.175,1.925,3.225,23.4,25.35,38.7,0.025,-2.15,-1.875,-0.125,0.625,4.05,0.3,3.25,11,20,15,13,18,21,23,20,22,25,19,17,18,25,28,23,402,635,452,106,175,1373,1660,1997,2.0,-0.383,1.383,-0.167,1.247,0.327,2
8.225,8.825,6.3,1.8,3.85,27.45,25.65,41.95,2.025,3.425,3.975,0.35,-0.05,2.3,-1.275,-5.525,17,18,16,14,18,22,24,23,26,24,21,20,25,24,27,27,509,547,382,111,248,1494,1559,2642,2.0,-0.383,1.383,-0.176,1.248,0.329,2
10.25,12.25,10.275,2.15,3.8,29.75,24.375,36.425,-1.425,-0.25,2.775,0.15,-0.75,4.675,1.65,-2.375,21,15,18,15,17,24,25,20,24,20,20,18,27,25,28,28,633,718,571,124,264,1939,1459,2328,2.0,-0.383,1.383,-0.181,1.247,0.329,2
8.825,12.0,13.05,2.3,3.05,34.425,26.025,34.05,-2.175,-1.675,-2.875,-0.35,-0.625,-4.65,-5.625,-2.6,23,17,20,16,13,24,21,18,23,18,22,22,22,27,22,23,561,669,708,126,178,2276,1450,1813,2.0,-0.383,1.383,-0.184,1.246,0.33,2
6.65,10.325,10.175,1.95,2.425,29.775,20.4,31.45,0.425,2.825,0.4,-0.2,0.3,-3.175,-1.225,-2.65,20,18,22,13,14,23,16,20,24,24,26,17,20,27,21,27,414,581,600,101,129,1889,1037,1770,2.0,-0.383,1.383,-0.187,1.246,0.329,2
7.075,13.15,10.575,1.75,2.725,26.6,19.175,28.8,1.35,2.95,-1.025,0.275,1.675,13.1,8.875,1.825,15,17,21,11,16,21,16,24,25,25,27,14,20,25,22,29,452,694,657,92,156,1718,994,1855,2.0,-0.383,1.383,-0.188,1.247,0.328,2
8.425,16.1,9.55,2.025,4.4,39.7,28.05,30.625,-1.125,-0.325,-0.95,-0.125,-0.375,-1.3,-0.175,1.125,14,21,21,11,21,25,18,23,25,23,24,18,23,26,22,28,494,955,558,106,263,2591,1540,1978,2.0,-0.383,1.383,-0.189,1.247,0.328,2
7.3,15.775,8.6,1.9,4.025,38.4,27.875,31.75,0.9,-4.8,0.25,-0.35,-1.425,-9.05,-4.125,-2.95,15,24,22,12,17,23,21,19,24,26,25,23,22,26,24,28,407,1005,549,100,229,2350,1644,2007,2.0,-0.383,1.383,-0.187,1.249,0.328,2
8.2,10.975,8.85,1.55,2.6,29.35,23.75,28.8,1.55,-3.625,0.4,0.475,0.85,0.125,2.05,-7.45,19,21,21,10,13,18,17,16,26,22,24,24,20,23,22,25,483,643,544,88,152,1793,1275,1730,2.0,-0.383,1.383,-0.184,1.251,0.328,2
9.75,7.35,9.25,2.025,3.45,29.475,25.8,21.35,-0.5,3.15,0.85,0.15,0.025,3.3,0.35,-4.45,16,18,23,17,16,21,16,22,27,22,25,26,24,29,24,31,542,406,593,125,236,1842,1270,1328,2.0,-0.383,1.383,-0.183,1.253,0.329,2
9.25,10.5,10.1,2.175,3.475,32.775,26.15,16.9,1.25,3.125,-0.675,-0.425,0.025,2.55,-4.525,-2.45,18,21,25,20,16,24,20,21,23,22,30,25,25,29,27,26,518,624,660,131,218,2017,1471,1003,2.0,-0.383,1.383,-0.183,1.254,0.33,2
10.5,13.625,9.425,1.75,3.5,35.325,21.625,14.45,0.075,-2.425,-0.3,0.15,0.675,-1.125,-3.25,-0.15,20,26,27,19,19,24,20,14,18,27,31,25,23,23,27,25,627,917,637,108,211,2033,1331,746,2.0,-0.383,1.383,-0.184,1.255,0.331,2
10.575,11.2,9.125,1.9,4.175,34.2,18.375,14.3,1.875,-2.575,-0.875,0.25,0.4,-3.975,2.6,1.7,14,21,26,23,22,25,20,16,17,28,27,27,21,28,25,24,554,698,603,123,240,2115,1102,827,2.0,-0.383,1.383,-0.185,1.256,0.332,2
12.45,8.625,8.25,2.15,4.575,30.225,20.975,16.0,-0.15,1.7,-0.975,-0.15,0.175,0.325,3.1,-0.5,14,17,25,21,20,25,24,19,22,21,26,22,21,31,25,23,696,454,529,117,248,2064,1319,1001,2.0,-0.383,1.383,-0.185,1.256,0.333,2
1.85,3.7,12.4,2.025,1.25,1.275,2.5,5.625,0.15,-0.175,0.325,0.475,0.225,0.1,-1.15,-2.7,16,20,25,13,8,8,14,17,25,29,27,18,20,17,22,23,115,223,859,130,71,51,144,369,3.0,0.0,0.617,0.206,0.69,-0.008,2
2.0,3.525,12.725,2.5,1.475,1.375,1.35,2.925,-0.425,-0.1,-0.325,0.25,0.275,-0.15,-0.35,-1.45,12,21,26,16,8,4,7,12,26,28,31,25,16,19,21,17,111,208,904,150,70,55,74,176,3.0,0.0,0.617,0.202,0.707,0.014,2
1.575,3.425,12.4,2.75,1.75,1.225,1.0,1.475,-0.125,0.175,1.85,-0.25,-0.125,0.025,-0.025,-0.075,13,19,22,17,12,5,4,10,24,23,28,25,15,20,19,15,84,189,826,155,79,61,52,80,3.0,0.0,0.617,0.193,0.728,0.066,2
1.45,3.6,14.25,2.5,1.625,1.25,0.975,1.4,1.975,2.375,-0.525,-0.525,-0.225,6.95,8.2,14.7,11,17,21,17,10,7,5,12,19,20,28,23,17,20,21,20,66,207,953,144,73,63,55,84,3.0,0.0,0.617,0.17,0.754,0.148,2
3.425,5.975,13.725,1.975,1.4,8.2,9.175,16.1,6.725,5.95,-1.825,0.5,0.95,19.6,14.55,27.1,13,21,20,12,3,16,15,21,24,26,25,17,18,24,26,25,224,392,854,100,56,443,517,950,3.0,0.0,0.617,0.12,0.787,0.257,2
10.15,11.925,11.9,2.475,2.35,27.8,23.725,43.2,2.725,3.15,2.05,0.35,0.675,16.25,10.175,6.55,23,22,19,10,13,25,19,24,27,28,18,15,25,29,26,29,680,713,635,99,144,1915,1343,2355,3.0,0.0,0.617,0.075,0.807,0.333,2
12.875,15.075,13.95,2.825,3.025,44.05,33.9,49.75,-2.875,-2.475,1.725,0.125,-0.3,3.975,-0.55,-8.325,28,18,20,15,19,27,25,19,28,21,21,18,27,30,30,27,802,881,819,126,179,3126,2228,2735,3.0,0.0,0.617,0.058,0.807,0.355,2
10.0,12.6,15.675,2.95,2.725,48.025,33.35,41.425,0.65,2.825,-1.1,0.15,0.6,7.125,-8.65,-2.225,22,23,20,21,13,24,28,22,27,24,22,23,19,29,28,23,566,795,977,179,131,3065,2317,2490,3.0,0.0,0.617,0.052,0.803,0.363,2
10.65,15.425,14.575,3.1,3.325,55.15,24.7,39.2,1.425,2.275,1.775,-0.275,-0.35,4.275,3.55,-2.4,18,24,18,19,10,25,19,20,21,26,22,24,21,31,23,24,548,845,862,196,168,3475,1370,2268,3.0,0.0,0.617,0.05,0.798,0.368,2
12.075,17.7,16.35,2.825,2.975,59.425,28.25,36.8,0.25,-3.125,-0.375,0.025,-0.4,-15.8,2.975,-6.25,18,19,19,17,10,31,17,21,17,22,27,22,23,32,24,28,641,923,1039,159,163,4097,1520,2120,3.0,0.0,0.617,0.049,0.794,0.371,2
12.325,14.575,15.975,2.85,2.575,43.625,31.225,30.55,1.625,-0.65,0.075,-0.325,0.55,-8.4,-0.4,-4.775,17,16,19,22,11,26,21,25,19,24,26,22,24,29,28,28,692,762,1064,162,136,2819,1955,1928,3.0,0.0,0.617,0.048,0.796,0.374,2
13.95,13.925,16.05,2.525,3.125,35.225,30.825,25.775,-0.15,4.8,0.3,-0.15,-0.325,8.175,2.85,-1.5,22,23,19,20,11,21,23,20,24,28,20,22,19,28,30,27,842,783,1001,144,152,2219,1975,1551,3.0,0.0,0.617,0.048,0.799,0.375,2
13.8,18.725,16.35,2.375,2.8,43.4,33.675,24.275,-2.85,1.775,0.525,0.425,0.325,-5.1,-6.475,1.2,24,32,22,17,12,22,25,23,25,33,23,22,19,30,28,29,836,1307,987,131,153,3084,2075,1475,3.0,0.0,0.617,0.047,0.8,0.375,2
10.95,20.5,16.875,2.8,3.125,38.3,27.2,25.475,-1.175,-1.8,0.925,-0.05,0.025,0.6,-4.675,-1.25,21,26,24,17,18,23,20,24,24,29,29,21,24,29,25,27,658,1334,1131,167,198,2646,1540,1631,3.0,0.0,0.617,0.047,0.8,0.375,2
9.775,18.7,17.8,2.75,3.15,38.9,22.525,24.225,3.075,-0.7,-1.575,-0.35,-0.425,0.55,-0.05,-1.55,19,22,21,14,18,22,16,17,23,25,29,18,21,28,28,20,599,1132,1237,163,190,2429,1152,1311,3.0,0.0,0.617,0.047,0.8,0.375,2
12.85,18.0,16.225,2.4,2.725,39.45,22.475,22.675,0.45,-1.45,0.725,-0.225,0.6,1.125,8.35,1.7,23,22,22,12,12,21,17,22,27,26,29,17,20,29,28,26,759,1151,1031,128,131,2395,1148,1359,3.0,0.0,0.617,0.047,0.8,0.374,2
13.3,16.55,16.95,2.175,3.325,40.575,30.825,24.375,-3.575,0.375,-4.0,-0.175,-0.35,-3.525,4.5,2.05,24,17,26,14,19,21,19,21,26,22,29,21,20,24,23,29,845,916,1170,105,165,2338,1629,1441,3.0,0.0,0.617,0.047,0.798,0.374,2
9.725,16.925,12.95,2.0,2.975,37.05,35.325,26.425,-1.5,-0.65,-3.45,0.625,0.1,-13.725,-6.675,2.25,19,18,27,16,25,24,21,15,25,23,26,25,26,26,24,27,667,940,907,99,172,2154,1977,1283,3.0,0.0,0.617,0.047,0.797,0.374,2
8.225,16.275,9.5,2.625,3.075,23.325,28.65,28.675,0.525,-0.275,0.55,0.05,0.425,17.85,-6.3,-2.1,18,20,21,17,24,22,24,15,23,24,24,24,30,27,32,23,483,916,623,145,179,1381,1816,1409,3.0,0.0,0.617,0.048,0.797,0.375,2
8.75,16.0,10.05,2.675,3.5,41.175,22.35,26.575,1.0,-0.625,0.475,-0.675,-0.575,13.825,0.525,5.325,19,21,19,17,15,23,20,16,21,25,24,25,25,25,28,21,493,967,621,164,202,2545,1359,1411,3.0,0.0,0.617,0.048,0.797,0.375,2
9.75,15.375,10.525,2.0,2.925,55.0,22.875,31.9,-3.55,-5.925,-0.875,-0.175,-0.675,-24.975,-3.825,-4.925,20,22,24,15,10,26,14,20,24,26,25,24,25,24,25,25,590,937,661,121,173,3420,1458,1974,3.0,0.0,0.617,0.049,0.796,0.375,2
6.2,9.45,9.65,1.825,2.25,30.025,19.05,26.975,-4.375,-5.95,-2.125,-0.15,-1.025,-24.625,-12.925,-19.3,16,22,27,12,9,15,10,15,24,24,26,24,24,18,22,20,392,570,616,105,119,1764,1242,1798,3.0,0.0,0.617,0.107,0.745,0.226,2
1.825,3.5,7.525,1.675,1.225,5.4,6.125,7.675,-0.625,-1.425,-1.4,-0.225,-0.15,-4.525,-5.3,-6.5,10,20,27,11,4,3,3,6,18,23,29,21,15,6,16,14,98,213,478,97,47,244,295,385,3.0,0.0,0.617,0.178,0.683,0.041,2
1.2,2.075,6.125,1.45,1.075,0.875,0.825,1.175,0.225,0.675,3.3,0.325,0.8,0.325,-0.1,0.025,11,16,24,12,5,3,0,6,19,27,27,17,17,7,14,14,71,138,411,77,44,32,40,57,3.0,0.0,0.617,0.192,0.671,0.005,2
1.425,2.75,9.425,1.775,1.875,1.2,0.725,1.2,0.025,1.775,3.2,0.45,0.375,0.275,0.35,-0.1,9,12,19,15,11,7,5,5,23,28,22,21,23,15,16,12,81,157,524,93,88,61,48,49,3.0,0.0,0.617,0.192,0.675,0.008,2
1.45,4.525,12.625,2.225,2.25,1.475,1.075,1.1,0.4,1.95,3.4,0.4,-0.275,-0.075,0.2,0.1,9,14,18,16,13,13,10,6,17,23,23,22,21,20,20,18,77,236,738,120,115,78,63,55,3.0,0.0,0.617,0.192,0.683,0.021,2
1.85,6.475,16.025,2.625,1.975,1.4,1.275,1.2,0.7,0.875,2.925,0.6,-0.3,0.175,-0.025,0.2,14,17,21,15,9,12,8,8,19,23,23,25,22,15,17,20,115,379,996,149,104,64,61,71,3.0,0.0,0.617,0.191,0.693,0.045,2
2.55,7.35,18.95,3.225,1.675,1.575,1.25,1.4,0.15,-0.85,-2.1,-0.05,-0.175,0.525,0.925,4.375,20,19,25,14,4,9,3,10,25,24,24,27,20,17,14,21,159,451,1244,187,84,67,50,72,3.0,0.0,0.617,0.181,0.716,0.1,2
2.7,6.5,16.85,3.175,1.5,2.1,2.175,5.775,0.9,0.9,-1.25,-0.875,0.175,2.25,10.7,9.225,19,18,24,17,4,9,4,14,24,19,28,26,18,14,17,22,155,365,1145,184,69,91,102,305,3.0,0.0,0.617,0.158,0.748,0.18,2
3.6,7.4,15.6,2.3,1.675,4.35,12.875,15.0,2.4,9.0,-0.775,-0.275,0.5,11.15,14.15,9.125,19,16,23,17,10,21,11,21,24,18,27,21,16,20,26,24,228,359,1069,140,76,272,609,886,3.0,0.0,0.617,0.121,0.775,0.258,2
6.0,16.4,14.825,2.025,2.175,15.5,27.025,24.125,3.975,5.625,3.975,0.25,0.275,6.95,2.1,7.825,20,18,19,12,13,26,17,21,27,24,21,19,19,27,29,25,385,938,918,112,113,925,1583,1282,3.0,0.0,0.617,0.087,0.788,0.314,2
9.975,22.025,18.8,2.275,2.45,22.45,29.125,31.95,0.975,-4.7,0.15,-0.125,0.25,5.825,-2.45,4.1,28,18,19,10,14,19,26,24,31,26,23,16,25,23,31,28,720,1424,1155,114,147,1366,1966,1875,3.0,0.0,0.617,0.07,0.789,0.338,2
10.95,17.325,18.95,2.15,2.7,28.275,26.675,36.05,-2.725,-1.2,-2.95,-0.05,0.375,9.075,-3.0,-4.4,29,18,19,16,18,21,27,19,30,23,28,22,22,24,29,26,793,1106,1182,136,165,1872,1817,2122,3.0,0.0,0.617,0.065,0.788,0.344,2
8.225,16.125,16.0,2.1,3.075,37.35,23.675,31.65,-0.875,1.975,0.0,-0.2,0.025,8.475,2.5,-2.425,16,18,19,17,19,24,23,12,25,28,22,24,26,30,25,21,469,1019,957,126,174,2574,1420,1576,3.0,0.0,0.617,0.062,0.788,0.346,2
7.35,18.1,16.0,1.9,3.1,45.825,26.175,29.225,1.5,0.8,-0.55,-0.1,0.0,2.35,0.925,-1.125,11,16,19,13,18,24,24,17,28,25,22,17,27,30,27,25,422,1092,917,103,180,3092,1519,1545,3.0,0.0,0.617,0.06,0.787,0.348,2
8.85,18.9,15.45,1.8,3.1,48.175,27.1,28.1,1.075,-2.7,2.325,0.425,-0.275,-1.625,1.2,-0.325,14,23,16,12,19,27,26,17,27,23,22,13,23,31,29,27,523,1223,829,101,191,3205,1741,1531,3.0,0.0,0.617,0.058,0.786,0.348,2
9.925,16.2,17.775,2.225,2.825,46.55,28.3,27.775,-1.0,-3.15,-3.25,0.175,0.175,-3.25,0.025,3.1,18,24,19,15,19,26,21,17,24,29,23,17,24,29,28,22,600,1053,1037,130,176,3059,1826,1521,3.0,0.0,0.617,0.057,0.785,0.349,2
8.925,13.05,14.525,2.4,3.0,43.3,28.325,30.875,-0.6,3.65,-0.15,-0.125,0.1,-6.525,-2.1,-1.225,20,20,25,19,20,27,20,20,24,30,25,23,24,28,26,24,537,841,868,148,184,2875,1652,1838,3.0,0.0,0.617,0.057,0.786,0.351,2
8.325,16.7,14.375,2.275,3.1,36.775,26.225,29.65,0.225,4.675,4.825,-0.125,0.1,1.425,3.5,-1.75,19,19,22,18,20,24,20,24,24,30,23,21,24,31,23,27,491,1008,903,145,173,2292,1268,1806,3.0,0.0,0.617,0.058,0.787,0.352,2
8.55,21.375,19.2,2.15,3.2,38.2,29.725,27.9,0.85,-1.0,-1.775,0.2,0.4,4.675,-2.575,6.025,18,20,22,13,23,17,22,22,26,28,28,26,27,29,24,25,549,1249,1286,128,206,2186,1641,1499,3.0,0.0,0.617,0.057,0.787,0.352,2
9.4,20.375,17.425,2.35,3.6,42.875,27.15,33.925,-0.25,0.45,-1.7,0.625,-0.125,1.625,-1.05,-1.25,21,25,21,10,24,22,29,21,25,28,31,32,29,29,30,25,569,1242,1172,134,228,2779,1757,1876,3.0,0.0,0.617,0.057,0.786,0.35,2
9.15,20.825,15.725,2.975,3.475,44.5,26.1,32.675,-2.8,-3.125,-2.775,-0.35,-0.35,-1.1,0.025,-6.925,21,26,22,16,24,28,25,25,22,26,30,27,28,30,26,30,506,1313,1007,166,217,3088,1491,1911,3.0,0.0,0.617,0.057,0.784,0.349,2
6.35,17.7,12.95,2.625,3.125,43.4,26.125,25.75,1.225,-3.55,-4.625,-0.225,-0.25,-2.0,-4.3,3.125,15,28,26,17,21,23,20,19,24,30,26,21,29,27,23,28,351,1209,810,152,209,2940,1349,1450,3.0,0.0,0.617,0.057,0.783,0.347,2
7.575,14.15,8.325,2.4,2.875,41.4,21.825,28.875,1.275,-0.425,-0.2,0.15,0.225,-1.425,3.1,2.15,17,26,21,15,15,19,20,15,27,27,22,22,26,26,26,22,473,922,489,131,179,2781,1228,1582,3.0,0.0,0.617,0.057,0.782,0.346,2
8.85,13.725,8.125,2.55,3.1,39.975,24.925,31.025,-1.65,-1.05,1.8,-0.4,0.125,1.725,1.525,-0.35,17,25,22,17,16,22,18,15,23,24,24,25,20,25,26,24,492,886,537,141,188,2566,1221,1602,3.0,0.0,0.617,0.058,0.782,0.345,2
7.2,12.675,9.925,2.15,3.225,41.7,26.45,30.675,0.4,2.8,0.175,0.125,0.55,3.175,3.9,-1.475,18,24,25,15,15,26,20,23,24,25,27,23,21,27,25,32,408,775,631,132,186,2728,1306,1889,3.0,0.0,0.617,0.058,0.782,0.346,2
7.6,15.475,10.1,2.275,3.775,44.875,30.35,29.2,-1.075,3.6,-0.5,0.3,-0.025,1.925,4.95,-6.525,17,21,25,11,12,25,22,25,25,24,30,18,24,26,26,30,448,857,674,127,205,3046,1932,1885,3.0,0.0,0.617,0.058,0.784,0.346,2
6.525,19.075,9.6,2.575,3.75,46.8,35.3,22.675,-2.7,-4.625,-3.05,-0.3,-1.0,-13.65,-13.9,-11.45,14,22,21,8,14,22,22,21,27,26,27,19,23,24,26,25,409,1231,665,134,204,2876,2284,1318,3.0,0.0,0.617,0.057,0.785,0.346,2
3.825,14.45,6.55,2.275,2.75,33.15,21.4,11.225,-1.75,-10.175,-3.725,-0.6,-1.2,-22.425,-15.475,-7.95,10,15,19,8,14,15,18,14,25,29,23,15,21,21,24,23,234,904,423,96,154,1963,1386,609,3.0,0.0,0.617,0.097,0.766,0.257,2
2.075,4.275,2.825,1.675,1.55,10.725,5.925,3.275,-0.65,-2.825,-1.125,-0.4,-0.625,-9.6,-5.1,-2.2,10,11,13,7,6,9,8,9,23,24,17,16,18,16,23,15,107,176,146,75,78,543,324,182,3.0,0.0,0.617,0.164,0.736,0.109,2
1.425,1.45,1.7,1.275,0.925,1.125,0.825,1.075,0.125,0.125,0.05,0.25,0.275,-0.15,0.075,-0.125,15,15,9,7,3,6,3,6,26,25,17,20,18,14,17,16,90,83,84,63,41,45,43,45,3.0,0.0,0.617,0.19,0.723,0.049,2
1.55,1.575,1.75,1.525,1.2,0.975,0.9,0.95,-0.075,-0.2,0.325,0.35,0.325,-0.05,0.125,0.025,15,14,15,10,6,3,4,3,25,24,21,18,16,14,11,19,86,93,109,75,49,39,38,42,3.0,0.0,0.617,0.189,0.723,0.048,2
1.475,1.375,2.075,1.875,1.525,0.925,1.025,0.975,-0.2,0.425,6.65,0.6,0.175,0.325,0.05,0.075,10,10,18,11,8,5,4,5,22,22,22,20,14,16,8,13,78,84,126,103,64,52,37,37,3.0,0.0,0.617,0.188,0.724,0.048,2
1.275,1.8,8.725,2.475,1.7,1.25,1.075,1.05,-0.05,0.775,6.25,0.075,-0.075,0.1,0.125,-0.1,4,8,20,14,8,8,9,10,20,23,26,21,16,14,11,18,61,92,574,130,72,66,49,49,3.0,0.0,0.617,0.187,0.727,0.05,2
1.225,2.575,14.975,2.55,1.625,1.35,1.2,0.95,0.15,1.475,-1.4,-0.05,0.125,0.075,-0.05,0.05,8,14,23,16,9,7,13,8,17,25,27,18,19,17,17,19,61,152,1032,133,81,69,62,46,3.0,0.0,0.617,0.183,0.736,0.067,2
1.375,4.05,13.575,2.5,1.75,1.425,1.15,1.0,0.4,1.65,-0.3,0.075,0.125,0.05,0.075,0.5,8,21,23,16,13,10,9,9,21,26,25,24,19,20,16,18,77,266,901,157,97,76,49,51,3.0,0.0,0.617,0.169,0.753,0.115,2
1.775,5.7,13.275,2.575,1.875,1.475,1.225,1.5,0.325,-0.8,-0.2,-0.475,-0.375,0.175,0.475,0.675,10,21,21,13,11,12,10,12,24,26,24,22,16,19,16,19,109,393,783,146,102,71,53,75,3.0,0.0,0.617,0.143,0.774,0.193,2
2.1,4.9,13.075,2.1,1.5,1.65,1.7,2.175,1.575,1.9,1.825,-0.175,-0.25,1.0,0.5,5.075,13,16,21,12,8,15,9,12,21,21,25,18,17,23,19,23,127,292,747,107,78,96,80,121,3.0,0.0,0.617,0.118,0.79,0.263,2
3.675,6.8,14.9,1.925,1.25,2.65,2.2,7.25,3.3,7.65,6.7,0.025,0.575,11.975,9.275,16.475,14,21,25,13,11,17,9,13,23,25,27,18,17,27,23,27,225,467,960,117,69,173,117,400,3.0,0.0,0.617,0.098,0.797,0.316,2
6.975,14.45,21.6,1.95,1.825,14.625,11.475,23.725,2.05,5.55,1.75,0.075,0.675,11.4,10.425,12.975,20,24,27,15,13,18,20,19,24,25,27,21,16,28,26,27,394,939,1487,123,103,958,671,1535,3.0,0.0,0.617,0.079,0.796,0.368,2
9.025,20.0,23.35,2.025,2.5,26.025,21.9,36.7,-1.4,-1.425,-1.325,0.15,0.225,4.3,2.075,-1.0,17,20,24,18,14,26,26,23,21,23,27,22,21,30,26,26,470,1253,1468,119,149,1816,1357,2318,3.0,0.0,0.617,0.071,0.79,0.4,2
7.625,18.575,22.025,2.175,2.725,30.325,23.975,35.7,0.5,-3.6,-0.375,0.375,-0.425,-1.025,-3.425,-7.425,17,18,21,21,15,29,26,21,23,25,26,26,20,33,25,22,448,1215,1322,127,145,2036,1471,1932,3.0,0.0,0.617,0.071,0.786,0.408,2
8.125,14.975,21.65,2.55,2.3,29.3,20.55,28.275,-0.825,2.6,0.925,-0.1,-0.325,-0.675,0.875,1.125,21,20,19,18,14,24,25,20,27,24,24,23,19,26,24,23,488,926,1264,138,119,1695,1277,1476,3.0,0.0,0.617,0.072,0.784,0.411,2
7.3,17.575,22.575,2.45,1.975,28.625,21.425,29.4,-0.65,1.1,-0.6,-0.35,0.525,6.45,4.25,-1.725,22,26,19,15,17,25,20,21,29,25,24,21,22,25,21,24,429,1109,1463,143,119,1765,1173,1648,3.0,0.0,0.617,0.072,0.785,0.41,2
6.65,18.675,21.975,2.1,2.5,35.075,25.675,27.675,0.975,-1.7,0.1,0.575,-0.15,0.1,-4.675,-2.4,24,24,19,12,20,27,20,21,27,25,26,20,25,28,24,28,411,1200,1450,112,141,2374,1447,1578,3.0,0.0,0.617,0.073,0.786,0.41,2
7.625,16.975,22.075,2.675,2.35,35.175,21.0,25.275,-1.05,0.75,2.15,0.5,-0.4,-4.65,0.6,-1.825,23,25,22,15,17,22,19,20,25,30,27,17,23,26,27,29,446,1136,1369,128,136,2202,1335,1543,3.0,0.0,0.617,0.075,0.787,0.408,2
6.575,17.725,24.225,3.175,1.95,30.525,21.6,23.45,-0.075,-0.125,0.175,-0.75,0.5,-1.025,2.65,-2.975,19,23,21,18,12,23,21,19,24,29,26,19,20,29,28,24,376,1216,1439,182,107,1942,1382,1337,3.0,0.0,0.617,0.076,0.787,0.407,2
6.5,17.6,24.4,2.425,2.45,29.5,24.25,20.475,0.7,3.25,1.125,0.0,0.1,2.0,-0.2,-0.55,18,26,20,17,15,26,21,26,23,27,25,25,21,29,27,29,382,1237,1451,164,138,1976,1462,1306,3.0,0.0,0.617,0.076,0.787,0.406,2
7.2,20.85,25.525,2.425,2.55,31.5,24.05,19.925,-0.675,-1.8,-4.475,0.3,0.05,0.625,-1.625,-2.5,21,26,20,16,16,24,16,30,24,26,21,22,20,30,21,29,421,1351,1584,157,142,2116,1245,1336,3.0,0.0,0.617,0.075,0.787,0.406,2
6.525,19.05,21.05,2.725,2.6,32.125,22.425,17.425,0.15,-4.8,-3.425,-0.6,0.125,4.3,-0.825,6.6,20,23,22,13,16,23,20,24,25,24,24,20,19,30,21,26,395,1165,1288,152,138,2154,1304,1084,3.0,0.0,0.617,0.075,0.787,0.406,2
6.675,14.25,17.625,2.125,2.725,36.425,21.6,24.025,-0.025,3.25,3.9,0.35,-0.4,4.25,3.625,0.675,21,21,20,10,18,28,25,20,26,23,26,18,22,31,26,22,408,828,1102,117,154,2464,1436,1468,3.0,0.0,0.617,0.074,0.787,0.406,2
6.65,17.5,21.525,2.475,2.325,40.675,25.225,24.7,-1.35,6.25,5.575,0.275,-0.2,-4.9,2.2,-2.475,20,20,22,11,14,25,23,17,26,24,25,22,21,29,25,19,442,1039,1446,128,128,2622,1556,1350,3.0,0.0,0.617,0.074,0.787,0.407,2
5.3,23.75,27.1,2.75,2.125,35.775,27.425,22.225,1.525,-1.95,-0.4,-0.45,-0.025,-6.25,-4.65,-3.85,16,18,24,17,13,22,20,18,27,21,23,23,19,26,28,24,341,1165,1645,150,111,2327,1648,1231,3.0,0.0,0.617,0.073,0.786,0.407,2
6.825,21.8,26.7,2.3,2.1,29.525,22.775,18.375,0.55,-4.25,-0.875,0.2,0.025,-1.6,-0.825,-2.875,15,19,21,19,17,19,20,25,28,23,21,20,26,24,26,29,401,1138,1479,137,119,1800,1445,1123,3.0,0.0,0.617,0.073,0.786,0.406,2
1.75,3.6,6.5,2.075,1.025,0.825,0.925,1.3,-0.175,-0.275,0.2,-0.4,-0.075,0.3,-0.025,0.075,12,17,15,13,6,3,6,7,15,30,23,20,16,6,16,14,75,234,367,107,51,25,42,59,4.0,0.0,1.0,0.192,0.672,0.01,2
1.575,3.325,6.7,1.675,0.95,1.125,0.9,1.375,-0.375,-0.75,0.65,-0.425,0.175,0.025,0.05,-0.05,9,19,21,10,2,7,3,7,14,31,25,13,10,12,21,15,68,236,455,82,29,40,42,66,4.0,0.0,1.0,0.191,0.672,0.009,2
1.2,2.575,7.35,1.25,1.125,1.15,0.95,1.325,-0.15,-0.225,1.35,0.575,0.725,0.3,0.275,-0.225,4,17,20,7,2,8,6,8,11,25,24,13,9,16,21,18,50,172,507,61,30,49,49,72,4.0,0.0,1.0,0.19,0.673,0.009,2
1.05,2.35,8.7,1.825,1.85,1.45,1.225,1.1,0.075,0.975,1.925,0.525,0.225,0.3,0.05,-0.1,6,13,16,11,7,9,8,8,11,22,20,19,15,19,13,17,42,141,519,93,70,71,53,56,4.0,0.0,1.0,0.19,0.682,0.015,2
1.125,3.325,10.625,2.35,2.075,1.75,1.275,1.0,0.325,1.225,2.25,-0.15,-0.275,-0.225,-0.2,-0.025,9,10,18,13,9,12,7,6,17,19,23,20,18,17,15,11,60,183,634,122,88,91,51,41,4.0,0.0,1.0,0.189,0.714,0.04,2
1.45,4.55,12.875,2.2,1.8,1.525,1.075,0.975,1.7,5.15,1.825,-0.425,-0.125,1.625,5.275,7.325,10,15,18,12,8,14,5,3,22,19,25,18,21,19,13,13,83,257,743,107,83,85,42,44,4.0,0.0,1.0,0.181,0.776,0.091,2
3.15,9.7,14.7,1.775,1.675,3.15,6.35,8.3,2.25,5.0,2.525,0.175,-0.175,1.525,5.425,15.475,12,21,23,9,12,18,15,9,26,20,26,20,18,19,19,19,192,610,853,98,72,177,435,433,4.0,0.0,1.0,0.159,0.857,0.158,2
5.4,14.7,17.225,1.95,1.5,4.675,11.775,23.775,1.225,-0.225,1.075,0.25,0.3,6.175,3.525,11.525,18,19,28,15,10,19,22,21,27,23,29,24,21,20,25,23,366,954,1109,132,65,275,784,1415,4.0,0.0,1.0,0.129,0.922,0.214,2
6.625,14.475,18.3,2.2,1.8,10.85,15.3,35.3,2.675,3.5,-3.475,-0.15,0.525,8.6,6.75,4.2,19,21,23,20,8,18,22,26,24,25,28,26,22,23,26,26,412,935,1149,155,96,710,1013,2235,4.0,0.0,1.0,0.099,0.958,0.251,2
9.3,17.975,14.825,2.05,2.325,19.45,22.05,39.5,2.35,7.65,3.8,0.675,0.225,10.2,7.425,6.925,21,23,19,18,14,25,18,24,26,23,26,23,20,30,24,23,561,1140,944,126,141,1338,1189,2137,4.0,0.0,1.0,0.073,0.982,0.285,2
11.65,25.625,18.625,2.725,2.55,29.65,29.475,46.425,-1.275,0.075,0.85,0.425,0.6,6.575,-3.525,-6.35,25,21,18,16,16,26,14,25,27,21,25,21,25,30,24,25,716,1392,1185,161,157,1815,1487,2812,4.0,0.0,1.0,0.054,0.996,0.312,2
10.375,25.7,19.475,3.15,3.15,36.225,25.95,40.075,-0.425,-1.925,-2.975,-0.25,0.05,-3.925,-4.675,-16.075,23,21,19,19,17,22,23,25,26,24,25,23,29,24,27,28,601,1384,1212,192,193,2192,1452,2708,4.0,0.0,1.0,0.042,1.001,0.333,2
9.95,23.775,16.5,2.9,3.2,32.3,21.275,24.0,-0.225,1.375,-1.175,-0.65,-0.15,3.15,5.375,-1.275,22,24,22,22,23,24,28,23,23,28,26,24,33,28,28,29,574,1598,1118,176,226,2146,1524,1566,4.0,0.0,1.0,0.038,1.002,0.342,2
9.725,25.15,15.325,2.25,3.05,35.45,26.65,22.725,-1.15,-0.925,-3.55,-0.525,0.625,11.3,3.65,6.775,19,21,26,15,21,29,25,23,22,27,27,23,29,32,25,25,621,1604,1040,147,214,2389,1745,1378,4.0,0.0,1.0,0.038,1.001,0.343,2
8.575,24.225,11.775,1.725,3.675,46.75,30.3,29.5,0.325,1.35,-1.875,0.1,0.15,-3.0,-0.7,0.45,15,22,20,10,16,24,21,20,18,25,22,22,23,31,23,26,497,1464,677,105,216,2813,1786,1724,4.0,0.0,1.0,0.039,1.001,0.343,2
8.9,25.575,9.9,1.825,3.825,43.75,29.6,29.95,1.75,-1.35,-0.875,0.175,-0.6,-7.525,-6.775,-2.45,17,28,20,13,16,18,19,18,20,28,22,25,22,25,22,25,490,1787,559,105,215,2328,1642,1597,4.0,0.0,1.0,0.04,1.0,0.341,2
10.65,24.225,9.025,2.0,3.225,36.225,22.825,27.5,1.15,1.8,1.6,0.0,-0.3,3.2,-1.3,-1.875,22,26,26,19,19,22,17,22,27,26,29,26,23,24,23,25,656,1639,604,122,200,2015,1217,1726,4.0,0.0,1.0,0.042,0.999,0.338,2
11.8,26.025,10.625,2.0,2.925,39.425,21.525,25.625,-2.025,1.975,-1.625,-0.225,0.4,-7.175,5.475,-2.15,23,25,24,18,18,24,20,21,29,28,27,24,21,25,23,27,808,1727,685,125,169,2372,1309,1735,4.0,0.0,1.0,0.043,0.999,0.336,2
9.775,28.0,9.0,1.775,3.325,32.25,27.0,23.475,-0.375,-5.4,-2.075,0.125,0.275,-4.125,-0.425,1.375,21,27,23,14,19,18,22,21,26,34,26,22,23,23,24,22,595,2097,564,105,204,2018,1664,1404,4.0,0.0,1.0,0.043,1.0,0.335,2
9.4,22.6,6.925,1.9,3.6,28.125,26.575,24.85,-1.25,-6.375,1.175,-0.1,0.0,3.275,-2.5,2.625,17,23,25,14,21,19,23,27,23,27,28,20,27,26,26,27,464,1515,455,109,245,1775,1555,1560,4.0,0.0,1.0,0.043,1.0,0.335,2
8.15,16.225,8.1,1.8,3.6,31.4,24.075,27.475,-1.625,2.75,3.35,0.0,0.0,3.025,2.025,2.975,15,22,21,15,19,21,18,23,25,26,24,20,25,29,29,31,414,1074,466,101,234,1911,1294,1790,4.0,0.0,1.0,0.043,1.0,0.335,2
6.525,18.975,11.45,1.8,3.6,34.425,26.1,30.45,3.1,9.25,0.25,0.175,-0.025,1.95,4.125,1.175,14,21,18,11,15,21,17,17,24,27,23,21,25,28,29,26,323,1185,652,91,210,1974,1482,1545,4.0,0.0,1.0,0.043,0.999,0.336,2
9.625,28.225,11.7,1.975,3.575,36.375,30.225,31.625,-1.125,-8.075,-3.425,0.15,0.075,-11.275,-6.05,-8.775,16,22,20,11,13,20,23,21,21,28,29,20,23,27,30,26,563,1778,755,87,195,2350,1833,1891,4.0,0.0,1.0,0.043,0.998,0.336,2
8.5,20.15,8.275,2.125,3.65,25.1,24.175,22.85,-5.4,-14.5,-1.75,0.1,-1.075,-16.275,-15.475,-15.4,16,16,22,13,12,16,19,22,25,26,27,21,21,22,26,30,566,1205,517,104,186,1657,1378,1512,4.0,0.0,1.0,0.075,0.933,0.267,2
3.1,5.65,6.525,2.225,2.575,8.825,8.7,7.45,-1.975,-4.075,-0.575,0.025,-1.425,-7.725,-7.45,-5.8,13,10,23,13,12,6,7,11,24,21,29,22,24,15,18,22,184,322,410,119,140,525,455,346,4.0,0.0,1.0,0.156,0.769,0.095,2
1.125,1.575,5.95,2.25,1.15,1.1,1.25,1.65,0.35,1.25,3.75,0.475,0.6,0.35,-0.05,-0.1,9,19,20,19,8,3,4,7,19,30,30,25,19,17,15,19,67,110,379,141,56,40,64,95,4.0,0.0,1.0,0.205,0.674,-0.006,2
1.475,2.825,9.7,2.725,1.75,1.45,1.2,1.55,0.1,0.75,4.3,0.05,0.4,0.0,-0.1,-0.475,7,20,17,21,6,6,7,9,13,27,27,24,19,19,20,18,79,164,513,174,94,74,66,88,4.0,0.0,1.0,0.206,0.689,0.009,2
1.575,3.575,14.0,2.775,2.15,1.45,1.1,1.075,-0.325,-0.65,-2.4,-0.45,-0.375,-0.1,0.1,-0.025,7,14,20,20,7,6,9,9,17,26,25,28,22,17,24,15,73,192,816,165,108,79,64,59,4.0,0.0,1.0,0.204,0.715,0.042,2
1.25,2.925,11.6,2.325,1.775,1.35,1.2,1.05,0.075,0.825,2.925,-0.025,-0.025,-0.15,-0.05,0.025,5,13,21,16,7,8,6,7,24,27,25,25,15,14,16,17,67,162,706,124,80,66,49,52,4.0,0.0,1.0,0.194,0.746,0.085,2
1.325,3.75,14.525,2.3,1.75,1.2,1.15,1.075,0.4,2.6,4.825,0.2,0.25,-0.225,-0.125,-0.025,7,17,17,16,7,7,2,7,21,24,27,18,18,17,9,18,75,228,911,112,73,57,33,50,4.0,0.0,1.0,0.178,0.783,0.131,2
1.725,6.35,19.35,2.5,2.0,0.975,1.025,1.05,0.025,-0.05,-3.5,-0.35,-0.275,0.225,-0.025,0.325,10,22,16,23,9,3,4,7,20,24,29,21,17,15,12,16,92,393,1276,137,85,43,37,49,4.0,0.0,1.0,0.159,0.825,0.178,2
1.75,6.3,15.85,2.15,1.725,1.2,1.0,1.375,1.325,0.025,-3.475,-0.3,-0.5,1.625,1.1,2.25,11,23,19,20,5,3,5,9,22,26,24,22,15,11,14,15,99,388,1050,118,72,44,45,69,4.0,0.0,1.0,0.138,0.868,0.22,2
3.075,6.325,12.375,1.85,1.225,2.825,2.1,3.625,1.925,3.175,1.975,0.25,0.55,3.7,6.35,7.4,9,24,20,10,2,11,12,19,22,30,21,17,20,18,19,19,183,447,772,97,51,171,119,235,4.0,0.0,1.0,0.114,0.912,0.256,2
5.0,9.5,14.35,2.1,1.775,6.525,8.45,11.025,0.0,1.475,2.825,-0.225,0.375,6.05,10.45,19.725,9,26,20,12,11,24,20,24,19,29,23,20,23,28,26,26,286,669,929,118,101,483,582,681,4.0,0.0,1.0,0.089,0.953,0.287,2
5.0,10.975,17.175,1.875,2.15,12.575,18.9,30.75,1.725,2.625,1.275,-0.025,0.9,13.15,7.1,11.6,14,22,23,15,14,24,24,23,21,24,27,22,23,28,28,27,264,702,1156,117,125,847,1250,2051,4.0,0.0,1.0,0.068,0.983,0.309,2
6.725,13.6,18.45,1.85,3.05,25.725,26.0,42.35,2.65,6.625,-0.4,0.45,1.2,19.025,2.375,0.55,21,21,19,12,18,23,21,24,26,24,23,23,24,26,27,28,379,720,1149,105,186,1686,1559,2834,4.0,0.0,1.0,0.053,1.001,0.324,2
9.375,20.225,18.05,2.3,4.25,44.75,28.375,42.9,-0.725,-0.925,-1.6,0.075,-0.45,2.825,-3.05,-3.125,22,21,19,10,24,25,20,18,23,29,24,19,26,28,29,24,522,1074,1114,111,258,3061,1780,2387,4.0,0.0,1.0,0.047,1.008,0.331,2
8.65,19.3,16.45,2.375,3.8,47.575,25.325,39.775,-1.925,-3.6,-0.75,-0.275,-0.525,-7.675,-0.45,-12.5,20,23,23,16,16,20,19,18,23,27,26,20,23,28,27,24,521,1185,1053,136,231,3056,1507,2220,4.0,0.0,1.0,0.044,1.01,0.334,2
6.725,15.7,15.7,2.1,3.275,39.9,24.875,27.275,-0.4,-0.525,-1.175,0.175,0.2,-5.0,5.175,-3.65,20,21,23,16,12,16,17,21,22,23,25,22,22,25,26,24,435,930,880,119,185,2246,1337,1707,4.0,0.0,1.0,0.043,1.012,0.336,2
6.325,15.175,14.525,2.275,3.475,34.9,30.05,23.625,0.8,0.525,0.425,0.275,-0.075,1.675,0.2,4.675,19,21,22,15,16,22,15,20,22,26,25,18,25,25,31,26,373,864,922,125,214,1970,1811,1381,4.0,0.0,1.0,0.043,1.014,0.337,2
7.125,15.7,14.95,2.55,3.4,36.575,30.25,28.3,0.65,5.85,0.95,-0.275,-0.175,1.125,-4.1,3.65,20,21,21,18,19,25,18,21,24,26,26,19,22,26,30,27,416,956,926,140,216,2333,1930,1727,4.0,0.0,1.0,0.043,1.014,0.337,2
7.775,21.55,15.9,2.275,3.225,37.7,26.15,31.95,-1.625,0.5,-1.75,-0.3,0.475,-0.55,-2.475,-4.175,19,23,20,12,17,23,19,19,25,25,21,20,20,27,28,26,466,1247,895,116,188,2427,1529,1789,4.0,0.0,1.0,0.044,1.014,0.337,2
6.15,22.05,14.15,1.975,3.7,37.15,23.675,27.775,-1.4,-1.175,-0.85,-0.125,0.225,5.425,1.75,-2.85,20,24,20,8,20,26,22,16,27,27,19,18,25,27,30,23,429,1287,876,105,249,2468,1544,1453,4.0,0.0,1.0,0.045,1.015,0.336,2
4.75,20.875,13.3,1.85,3.925,42.575,25.425,24.925,1.5,0.025,-0.275,0.2,-0.275,-1.45,2.675,3.2,17,24,20,14,19,28,18,15,24,27,23,24,28,29,29,21,295,1325,813,116,280,2822,1478,1372,4.0,0.0,1.0,0.046,1.014,0.336,2
6.25,20.9,13.025,2.05,3.65,41.125,28.1,28.125,1.975,-1.6,-1.725,0.2,0.025,-4.575,-0.3,-1.475,18,25,19,12,18,24,12,19,23,25,26,27,26,27,25,24,394,1391,782,124,224,2554,1332,1511,4.0,0.0,1.0,0.046,1.014,0.335,2
8.225,19.3,11.3,2.25,3.675,36.55,27.8,26.65,0.1,-0.275,0.425,-0.225,-0.225,-3.75,-0.55,-5.1,22,22,18,11,19,22,18,22,27,25,25,25,26,26,28,27,500,1131,686,125,201,2323,1500,1549,4.0,0.0,1.0,0.046,1.014,0.335,2
8.325,19.025,11.725,2.025,3.45,32.8,27.25,21.55,-1.375,-2.525,-2.55,-0.2,-0.675,-1.325,-2.175,0.175,25,20,19,14,22,27,27,21,32,26,26,22,26,28,30,27,560,1080,744,112,217,2247,1867,1475,4.0,0.0,1.0,0.046,1.013,0.335,2
6.95,16.5,9.175,1.825,2.775,31.475,25.075,21.725,-0.775,-0.05,-3.275,-0.2,0.375,7.275,1.35,6.65,24,21,24,11,20,32,24,22,30,23,28,21,25,31,27,27,507,1040,594,99,171,2225,1655,1362,4.0,0.0,1.0,0.046,1.012,0.335,2
6.175,16.45,5.9,1.625,3.15,38.75,26.425,28.375,-0.25,1.95,2.9,-0.2,-0.025,5.35,-0.3,0.1,25,22,21,6,15,29,22,22,27,23,27,20,25,28,28,28,400,1022,400,78,187,2635,1610,1804,4.0,0.0,1.0,0.046,1.011,0.335,2
5.925,18.4,8.8,1.425,3.125,44.1,26.125,28.475,0.325,0.1,3.15,0.05,0.125,-7.325,-2.3,-3.225,20,23,18,7,18,30,24,19,25,29,25,20,23,29,29,22,352,1283,591,71,187,3082,1484,1505,4.0,0.0,1.0,0.047,1.01,0.335,2
6.25,18.5,11.95,1.475,3.25,36.775,23.825,25.25,0.475,-4.275,-2.5,0.1,0.175,-6.875,-0.475,-3.35,17,20,21,12,19,29,20,17,24,26,25,22,23,30,30,26,351,1180,775,97,199,2563,1493,1241,4.0,0.0,1.0,0.047,1.01,0.335,2
6.725,14.225,9.45,1.575,3.425,29.9,23.35,21.9,0.6,-1.175,-1.9,0.475,-0.375,6.425,2.25,-5.125,18,18,20,11,17,23,17,17,28,24,26,25,24,26,28,29,395,885,597,85,212,1841,1379,1257,4.0,0.0,1.0,0.047,1.01,0.335,2
7.325,13.05,7.55,2.05,3.05,36.325,25.6,16.775,0.95,5.525,1.875,0.4,0.5,4.55,1.0,3.8,22,19,20,7,18,24,17,16,30,26,23,25,22,27,23,22,455,798,449,114,181,2323,1237,978,4.0,0.0,1.0,0.048,1.009,0.335,2
8.275,18.575,9.425,2.45,3.55,40.875,26.6,20.575,1.0,0.825,-0.35,-0.175,0.625,-10.0,-5.325,6.2,28,22,26,9,17,23,17,18,28,23,28,18,20,27,25,23,542,1071,619,131,204,2544,1413,1141,4.0,0.0,1.0,0.049,1.009,0.335,2
9.275,19.4,9.075,2.275,4.175,30.875,21.275,26.775,-0.775,-5.525,-0.95,-0.125,-0.5,-2.1,-1.05,-6.55,24,21,22,10,20,27,14,23,25,22,27,16,25,29,26,26,614,1119,579,118,261,1985,1191,1506,4.0,0.0,1.0,0.049,1.009,0.335,2
8.5,13.875,8.125,2.15,3.675,28.775,20.225,20.225,-4.225,-7.525,-0.95,-0.125,-1.75,-11.275,-9.35,-13.125,19,18,18,11,20,27,12,19,26,21,24,18,22,30,21,25,564,792,534,127,221,1899,1015,1171,4.0,0.0,1.0,0.07,0.966,0.291,2
4.275,6.35,7.175,2.025,1.925,17.5,10.875,7.1,-3.025,-4.125,-1.625,0.125,-0.275,-16.375,-9.8,-6.0,13,14,21,12,12,13,9,10,21,21,24,19,18,22,17,20,274,345,468,111,101,1090,515,423,4.0,0.0,1.0,0.137,0.821,0.147,2
1.25,2.225,5.55,2.15,1.65,1.125,1.075,1.1,0.05,0.525,2.275,0.925,2.05,0.8,0.4,0.15,12,10,19,14,10,6,8,6,16,23,24,21,15,13,17,15,61,106,313,111,79,49,50,56,4.0,0.0,1.0,0.184,0.722,0.047,2
1.3,2.75,7.825,3.075,3.7,1.925,1.475,1.25,0.375,1.55,4.425,0.9,0.425,0.35,0.175,-0.05,11,15,14,9,13,12,12,6,21,26,27,21,15,14,17,17,67,176,427,167,156,94,72,55,4.0,0.0,1.0,0.186,0.729,0.051,2
1.675,4.3,12.25,3.975,4.125,2.275,1.65,1.2,0.425,2.125,0.925,0.0,-1.475,-0.5,-0.25,-0.125,9,17,18,12,16,17,13,7,22,22,27,17,15,18,17,18,90,256,734,216,186,115,88,54,4.0,0.0,1.0,0.188,0.741,0.06,2
2.1,6.425,13.175,3.975,2.65,1.775,1.4,1.075,0.0,3.675,1.2,-1.025,-0.725,-0.525,-0.225,-0.1,12,17,20,18,14,13,11,8,19,22,22,23,22,24,18,17,109,390,782,235,142,99,73,54,4.0,0.0,1.0,0.188,0.762,0.074,2
2.1,10.1,14.375,2.95,1.925,1.25,1.175,0.975,-0.425,1.125,2.45,-0.875,-0.475,-0.175,-0.125,-0.125,12,20,20,16,13,7,6,8,15,25,24,26,26,18,15,20,102,632,932,170,105,62,55,56,4.0,0.0,1.0,0.186,0.796,0.096,2
1.675,11.225,16.825,2.075,1.45,1.075,1.05,0.85,-0.325,-3.125,-0.125,0.1,-0.125,0.25,-0.125,0.175,13,21,21,16,14,6,7,6,15,25,23,24,25,17,17,23,79,725,1123,127,77,50,56,56,4.0,0.0,1.0,0.178,0.851,0.146,2
1.35,8.1,16.7,2.175,1.325,1.325,0.925,1.025,0.525,1.1,-0.95,0.1,0.125,0.375,0.125,0.225,10,20,20,15,12,6,6,12,20,26,25,18,22,19,15,24,72,463,1065,114,73,55,46,58,4.0,0.0,1.0,0.164,0.907,0.204,2
1.875,9.2,15.75,2.275,1.45,1.7,1.05,1.25,0.95,6.4,3.025,0.125,-0.1,6.55,3.475,5.4,13,23,17,12,8,5,5,11,21,29,24,18,19,17,16,19,112,648,956,103,65,75,59,63,4.0,0.0,1.0,0.148,0.949,0.25,2
2.825,15.6,18.775,2.4,1.35,8.25,4.525,6.65,4.95,1.725,1.875,0.225,0.2,8.475,9.325,6.0,17,25,20,14,8,14,12,12,22,27,23,26,18,21,21,19,149,1130,1217,136,60,561,294,388,4.0,0.0,1.0,0.13,0.99,0.289,2
7.775,17.325,20.65,2.625,1.55,16.725,13.85,12.65,2.95,-0.825,-3.35,-0.225,0.3,7.1,9.7,5.75,14,22,19,17,9,20,24,24,21,24,29,23,16,25,29,26,407,1102,1384,151,82,1043,857,822,4.0,0.0,1.0,0.116,1.019,0.314,2
10.725,16.5,17.3,2.4,1.85,23.825,23.55,18.4,3.5,1.55,-2.95,-0.175,0.55,5.475,0.3,6.85,19,19,18,14,10,18,24,22,25,22,31,24,18,28,27,22,625,921,1124,139,101,1426,1444,1102,4.0,0.0,1.0,0.107,1.035,0.329,2
14.225,18.05,14.35,2.225,2.4,29.3,23.85,25.25,4.125,3.675,-0.675,-0.025,0.55,5.35,2.475,-1.275,24,20,18,11,13,21,21,22,29,25,27,22,20,28,21,23,986,1061,802,110,111,1849,1448,1606,4.0,0.0,1.0,0.101,1.042,0.339,2
18.35,21.725,13.675,2.2,2.95,34.65,26.325,23.975,-0.425,0.675,0.6,0.1,-0.175,4.175,6.45,-5.1,26,23,20,15,15,24,25,25,28,25,28,21,20,27,26,29,1298,1408,828,113,155,2120,1725,1741,4.0,0.0,1.0,0.099,1.044,0.343,2
17.925,22.4,14.275,2.3,2.775,38.825,32.775,18.875,0.5,-0.925,-2.95,-0.1,0.125,1.25,-5.45,0.575,22,16,25,21,17,24,28,24,24,26,27,27,25,23,29,28,1116,1336,940,138,169,2261,2171,1359,4.0,0.0,1.0,0.097,1.046,0.345,2
18.425,21.475,11.325,2.2,2.9,40.075,27.325,19.45,-2.125,1.35,1.625,-0.3,0.725,6.55,-3.4,0.025,15,16,20,18,17,25,20,26,23,25,24,23,29,24,25,27,928,1238,649,133,188,2467,1557,1311,4.0,0.0,1.0,0.096,1.046,0.346,2
16.3,22.825,12.95,1.9,3.625,46.625,23.925,19.475,-1.25,4.5,2.225,0.15,0.15,-1.6,2.475,-4.25,17,20,17,12,19,29,16,22,24,17,24,18,25,29,26,22,846,1191,737,112,243,3349,1180,1179,4.0,0.0,1.0,0.094,1.047,0.346,2
15.05,27.325,15.175,2.05,3.775,45.025,26.4,15.225,-1.25,0.5,-1.975,0.425,-0.85,-10.95,-1.15,-1.15,21,19,21,10,19,29,22,20,23,23,24,19,23,29,29,22,880,1584,892,106,239,3287,1604,963,4.0,0.0,1.0,0.093,1.048,0.346,2
13.8,27.825,13.2,2.475,2.925,34.075,25.25,14.075,-1.925,-7.85,-0.625,-0.275,-0.175,2.275,-4.45,1.25,19,21,22,14,19,27,26,21,25,26,27,26,22,28,26,23,843,1552,788,140,173,2418,1625,921,4.0,0.0,1.0,0.092,1.048,0.347,2
11.875,19.975,12.575,2.2,2.75,36.35,20.8,15.325,0.85,-3.275,-0.05,-0.225,0.825,3.575,-0.6,0.4,16,21,19,14,25,25,21,21,25,21,28,26,25,26,29,23,788,1174,766,132,179,2337,1276,910,4.0,0.0,1.0,0.091,1.049,0.347,2
12.725,16.7,12.525,1.975,3.575,39.925,20.2,15.725,-0.6,3.5,-0.6,0.2,-0.425,-7.15,4.775,2.65,18,18,18,12,25,20,15,21,25,22,26,20,26,20,26,25,741,931,665,108,231,2406,1067,891,4.0,0.0,1.0,0.091,1.048,0.348,2
12.125,20.2,11.925,2.175,3.15,32.775,24.975,18.375,-2.875,1.225,-0.325,0.025,-0.275,3.825,2.725,3.475,18,24,20,14,21,17,23,25,23,28,26,24,24,21,26,26,664,1270,681,129,201,2012,1488,1207,4.0,0.0,1.0,0.091,1.048,0.347,2
9.25,21.425,11.6,2.2,2.875,36.6,27.7,21.85,1.95,-3.0,-0.175,0.075,0.175,3.7,-1.15,1.425,19,25,20,14,21,20,24,23,23,29,24,24,25,25,31,27,520,1291,715,131,206,2347,1569,1460,4.0,0.0,1.0,0.091,1.047,0.347,2
11.2,18.425,11.425,2.275,3.05,40.3,26.55,23.275,-0.175,2.0,-0.825,-0.225,0.075,-5.75,0.375,-6.05,26,18,17,13,15,23,22,19,30,23,19,17,25,26,29,25,768,996,651,105,192,2582,1473,1439,4.0,0.0,1.0,0.092,1.046,0.347,2
11.025,20.425,10.6,2.05,3.125,34.55,26.925,17.225,-1.35,2.025,5.75,-0.075,0.55,-0.5,0.975,-4.925,24,20,17,15,17,23,25,20,26,26,23,19,28,27,26,25,742,1303,571,103,192,2210,1751,931,4.0,0.0,1.0,0.093,1.046,0.347,2
9.675,22.45,16.35,1.975,3.675,34.05,27.9,12.3,0.4,-0.9,3.775,0.575,-0.075,7.4,-2.95,1.8,23,26,22,14,18,20,19,17,24,30,26,20,23,25,22,23,592,1502,991,98,208,1962,1484,650,4.0,0.0,1.0,0.093,1.047,0.347,2
10.075,21.55,20.125,2.55,3.6,41.45,24.95,14.1,-1.45,1.85,-4.625,-0.15,-0.25,7.85,-1.35,5.525,23,28,24,15,19,18,20,16,23,28,28,24,24,27,24,22,608,1447,1375,148,196,2388,1390,818,4.0,0.0,1.0,0.094,1.046,0.347,2
1.625,2.0,4.125,1.5,1.15,0.9,0.925,1.075,-0.15,0.125,0.6,0.15,0.025,-0.15,-0.025,0.075,12,15,19,11,6,3,4,6,19,22,23,22,18,19,19,21,81,119,260,87,57,48,42,52,5.0,0.0,1.383,0.188,0.681,0.015,2
1.475,2.125,4.725,1.65,1.175,0.75,0.9,1.15,0.025,0.05,0.075,0.025,0.05,0.1,0.05,-0.15,9,16,20,10,4,0,7,6,20,25,23,20,16,11,17,17,79,128,302,96,59,29,43,49,5.0,0.0,1.383,0.186,0.68,0.013,2
1.5,2.175,4.8,1.675,1.225,0.85,0.95,1.0,-0.025,-0.25,0.4,-0.275,0.075,0.1,-0.025,-0.1,11,15,20,11,7,1,5,4,21,24,26,20,18,12,22,19,89,127,314,93,60,32,44,43,5.0,0.0,1.383,0.185,0.679,0.012,2
1.475,1.925,5.2,1.4,1.3,0.95,0.925,0.9,-0.075,-0.225,0.175,0.025,-0.05,0.125,0.175,0.075,11,11,21,12,12,3,4,6,19,16,27,20,21,13,24,19,79,99,324,81,65,39,47,41,5.0,0.0,1.383,0.184,0.678,0.011,2
1.4,1.7,5.375,1.425,1.25,1.075,1.1,0.975,-0.1,0.85,2.525,0.65,0.725,0.575,0.325,-0.1,10,9,20,11,12,6,9,5,15,19,29,16,15,13,20,12,67,97,348,70,63,40,53,36,5.0,0.0,1.383,0.184,0.678,0.011,2
1.3,2.55,7.9,2.075,1.975,1.65,1.425,0.875,0.35,2.275,8.375,1.475,1.775,0.625,0.15,0.025,10,12,22,9,12,10,13,5,22,20,27,18,18,18,18,15,71,137,549,110,113,75,72,35,5.0,0.0,1.383,0.183,0.681,0.012,2
1.65,4.825,16.275,3.55,3.75,2.275,1.575,0.9,0.2,1.2,2.275,0.375,-0.5,0.2,0.075,0.125,13,17,28,10,16,11,10,7,25,23,28,20,20,17,15,18,92,267,1142,174,191,109,76,44,5.0,0.0,1.383,0.185,0.697,0.021,2
1.85,6.025,18.55,3.925,3.25,2.475,1.65,1.025,-0.15,0.75,2.6,-1.025,-1.525,-0.2,-0.325,0.1,15,17,28,12,12,11,8,6,22,24,26,17,16,24,17,14,100,334,1240,188,149,131,74,48,5.0,0.0,1.383,0.188,0.729,0.04,2
1.7,6.775,21.15,2.9,1.725,2.275,1.325,1.125,-0.225,-0.85,1.875,-0.05,-0.15,-0.775,-0.3,-0.125,13,18,25,12,14,12,8,5,28,24,26,21,20,26,17,15,102,418,1313,163,99,126,63,44,5.0,0.0,1.383,0.192,0.777,0.068,2
1.475,5.925,23.025,2.85,1.575,1.5,1.025,1.0,0.35,-0.875,-8.575,-0.15,-0.25,-0.475,-0.1,-0.1,9,19,24,16,15,11,7,4,23,22,28,22,22,20,16,14,86,371,1439,166,89,85,45,47,5.0,0.0,1.383,0.195,0.844,0.103,2
1.825,5.05,14.45,2.7,1.325,1.025,0.925,0.9,0.475,0.575,0.125,0.05,0.15,0.3,-0.025,0.125,9,17,22,16,9,7,4,6,18,20,28,21,17,22,11,15,97,277,928,141,71,58,35,46,5.0,0.0,1.383,0.192,0.913,0.136,2
2.3,5.625,14.575,2.75,1.475,1.325,0.9,1.025,0.875,1.35,2.25,0.375,0.275,0.1,-0.075,0.375,14,21,26,11,8,10,5,8,21,22,31,16,18,23,11,16,145,341,1035,133,73,79,38,47,5.0,0.0,1.383,0.184,0.977,0.163,2
3.175,6.975,16.825,3.125,1.75,1.425,0.825,1.4,1.05,0.375,-1.1,-0.2,0.075,-0.325,0.05,0.1,13,22,27,13,9,8,6,10,19,26,34,15,19,25,18,18,189,458,1195,156,78,80,46,67,5.0,0.0,1.383,0.172,1.035,0.187,2
4.225,7.35,15.725,2.925,1.825,1.1,0.875,1.5,0.575,-1.825,0.15,-0.25,-0.15,-0.125,0.225,-0.075,15,22,24,14,10,4,9,14,20,28,28,15,15,20,24,21,246,500,945,141,69,58,61,81,5.0,0.0,1.383,0.158,1.086,0.211,2
4.8,5.525,15.875,2.675,1.675,0.975,1.1,1.425,0.75,-0.325,-3.0,-0.075,-0.175,0.075,-0.05,-0.15,19,21,24,12,10,4,6,12,20,27,25,14,14,15,22,19,288,354,1071,129,68,50,64,67,5.0,0.0,1.383,0.14,1.132,0.237,2
5.55,5.2,12.875,2.6,1.5,1.05,1.05,1.275,0.2,-0.525,-1.075,-0.15,0.0,0.575,1.3,1.175,23,21,19,12,11,3,1,7,22,27,21,16,13,17,16,19,361,313,823,124,59,47,49,57,5.0,0.0,1.383,0.122,1.173,0.261,2
5.75,4.675,11.8,2.45,1.5,1.625,2.35,2.45,0.725,0.975,1.075,-0.25,-0.2,2.8,2.875,7.45,25,17,19,14,12,11,9,13,25,25,20,20,15,21,15,25,380,281,698,133,61,89,149,157,5.0,0.0,1.383,0.103,1.21,0.283,2
6.475,5.65,12.875,2.2,1.3,4.425,5.225,9.9,1.85,2.825,0.025,0.025,0.275,4.75,7.225,12.35,21,15,23,10,6,20,21,19,24,24,27,19,18,27,23,23,401,360,882,113,56,295,353,628,5.0,0.0,1.383,0.083,1.248,0.303,2
8.325,8.475,12.9,2.225,1.575,9.175,12.45,22.25,1.625,0.15,-2.15,0.0,0.75,5.875,4.45,14.75,14,20,25,12,9,20,22,19,26,24,28,21,21,27,27,23,469,517,889,119,90,593,737,1377,5.0,0.0,1.383,0.068,1.279,0.319,2
9.95,8.625,10.75,2.225,2.325,15.05,16.9,37.0,-1.4,3.425,0.925,0.225,0.65,10.975,1.975,7.875,14,17,22,17,12,21,21,19,27,21,26,21,20,23,27,25,526,550,698,118,129,992,1007,2024,5.0,0.0,1.383,0.061,1.293,0.331,2
8.55,12.05,11.675,2.45,2.975,26.025,18.875,44.875,-0.55,5.05,1.525,0.1,0.475,6.3,3.6,2.75,19,18,20,15,15,26,22,19,24,23,26,19,22,30,26,27,484,733,761,130,174,1781,1028,2413,5.0,0.0,1.383,0.058,1.295,0.339,2
8.0,17.1,13.2,2.55,3.45,32.325,22.475,47.625,2.9,-0.725,0.1,0.175,-0.525,-4.125,3.425,-8.15,19,20,19,9,20,23,19,21,23,23,26,20,28,26,23,26,505,960,851,151,218,2057,1191,2843,5.0,0.0,1.383,0.056,1.297,0.341,2
10.9,16.375,13.3,2.725,2.925,28.2,25.9,39.475,-0.35,-2.425,0.325,-0.225,0.0,5.4,-0.575,-11.2,20,21,16,13,16,21,17,24,26,21,23,26,26,24,21,30,670,952,840,175,159,1761,1431,2565,5.0,0.0,1.383,0.055,1.298,0.342,2
10.55,13.95,13.625,2.5,2.925,33.6,25.325,28.275,-1.725,2.55,-0.375,-0.225,0.775,9.125,-1.325,0.025,21,20,18,16,19,26,17,20,24,22,27,26,26,29,25,26,608,854,832,158,176,2322,1395,1736,5.0,0.0,1.383,0.055,1.299,0.342,2
8.825,16.5,13.25,2.275,3.7,42.725,24.0,28.3,0.7,-0.575,-1.1,0.0,0.35,2.425,3.7,2.6,22,23,21,11,20,24,19,18,23,26,28,22,20,27,26,24,565,1014,746,122,227,2782,1359,1610,5.0,0.0,1.383,0.054,1.299,0.342,2
9.525,15.925,12.15,2.275,4.05,45.15,27.7,30.9,-1.6,-0.8,-0.4,-0.15,0.125,-2.725,0.15,-2.225,19,23,22,13,21,26,20,18,24,24,27,17,22,27,29,29,625,975,707,107,257,2957,1652,1787,5.0,0.0,1.383,0.052,1.299,0.341,2
7.925,15.125,11.75,2.125,4.175,42.425,27.85,28.675,-0.975,2.25,1.6,0.15,0.175,-3.475,-2.775,-6.075,10,20,24,14,29,24,24,17,25,21,29,19,29,27,29,28,410,888,748,99,285,2697,1866,1748,5.0,0.0,1.383,0.051,1.299,0.339,2
6.95,17.375,13.35,2.275,4.35,38.95,25.075,22.6,1.475,-2.55,-1.5,0.25,0.575,8.125,2.475,2.9,14,23,25,16,22,20,27,17,31,22,27,24,27,23,26,24,439,1030,819,128,283,2346,1749,1274,5.0,0.0,1.383,0.05,1.299,0.337,2
8.425,14.825,11.85,2.525,4.925,47.075,27.55,25.5,0.25,-0.825,0.025,0.25,-0.45,-2.3,-0.425,3.25,23,21,21,17,13,22,27,16,28,22,22,24,21,25,30,21,516,882,617,144,292,2701,1845,1276,5.0,0.0,1.383,0.051,1.3,0.337,2
8.675,14.0,11.875,2.775,4.475,44.775,27.125,28.75,-0.45,-1.075,0.25,-0.525,-0.55,-12.3,-4.15,1.325,22,20,23,14,17,23,22,15,27,24,24,20,23,28,29,22,528,824,681,144,282,2857,1731,1302,5.0,0.0,1.383,0.051,1.3,0.336,2
8.225,12.925,12.125,2.25,3.925,32.475,22.975,30.075,-0.65,0.875,1.4,-0.2,-0.05,4.925,-0.825,-1.125,20,23,25,15,19,16,17,14,29,29,26,19,27,29,26,27,520,816,757,116,227,1973,1303,1328,5.0,0.0,1.383,0.052,1.299,0.336,2
7.575,13.8,13.525,2.05,3.875,37.4,22.15,28.95,-1.125,-0.75,1.675,0.2,0.225,7.225,4.35,0.15,16,25,22,15,21,18,14,21,26,29,27,25,31,31,22,32,446,918,837,117,251,2408,1107,1690,5.0,0.0,1.383,0.052,1.299,0.336,2
6.45,13.05,15.2,2.25,4.1,44.625,26.5,29.1,-1.175,-4.375,-2.775,-0.425,-0.575,-12.075,-3.9,-4.525,17,24,21,16,18,25,14,20,26,26,25,25,30,30,23,32,427,863,974,136,258,2820,1455,1803,5.0,0.0,1.383,0.053,1.299,0.336,2
5.275,8.675,12.425,1.825,3.525,32.55,22.6,24.575,-2.125,-4.15,-5.775,-0.55,-1.725,-21.55,-15.125,-12.875,14,15,20,12,12,19,15,12,23,22,24,23,21,26,23,22,320,529,783,126,206,2192,1383,1370,5.0,0.0,1.383,0.088,1.155,0.262,2
3.15,4.525,6.65,1.275,1.8,11.0,7.475,11.7,-2.1,-3.325,-4.925,-0.15,-0.675,-10.075,-5.85,-7.15,8,9,15,8,6,11,17,15,23,18,26,24,16,16,23,19,155,236,352,88,83,728,504,628,5.0,0.0,1.383,0.159,0.866,0.113,2
1.05,1.2,1.725,1.125,1.125,0.925,1.625,4.55,0.0,0.125,0.1,0.25,-0.35,0.025,-0.225,-2.1,5,9,12,7,4,5,13,22,18,18,26,20,16,15,21,22,48,57,95,65,51,40,93,285,5.0,0.0,1.383,0.194,0.722,0.039,2
1.05,1.325,1.825,1.375,0.775,0.95,1.4,2.45,0.075,-0.125,0.45,0.0,0.075,0.125,-0.05,0.15,6,5,15,8,2,4,8,22,17,14,24,16,12,18,18,22,47,47,104,68,33,52,76,146,5.0,0.0,1.383,0.193,0.721,0.039,2
1.125,1.2,2.275,1.375,0.85,1.075,1.35,2.6,-0.075,-0.15,-0.35,-0.075,0.325,-0.1,0.025,-0.15,8,8,15,12,1,5,7,18,16,16,26,22,16,18,16,20,51,46,136,81,37,50,63,138,5.0,0.0,1.383,0.193,0.721,0.04,2
1.05,1.05,1.925,1.3,1.175,0.975,1.375,2.45,-0.025,0.4,2.3,1.05,1.3,0.875,0.05,-0.725,5,6,16,12,2,5,9,17,18,18,25,22,18,11,21,21,46,46,119,81,44,43,65,132,5.0,0.0,1.383,0.194,0.721,0.042,2
1.025,1.45,4.225,2.35,2.475,1.85,1.425,1.725,0.175,2.175,12.1,1.65,0.725,0.5,-0.05,-0.5,4,6,16,15,6,14,9,15,24,14,25,22,19,17,18,21,49,66,275,104,109,90,55,95,5.0,0.0,1.383,0.194,0.723,0.043,2
1.2,3.625,16.325,4.0,3.2,2.35,1.375,1.225,0.275,1.25,6.675,-0.05,-0.95,-0.525,-0.2,-0.15,9,19,22,19,10,16,11,8,23,22,28,25,17,17,17,23,68,248,1154,226,159,118,64,65,5.0,0.0,1.383,0.196,0.73,0.047,2
1.475,4.875,23.0,3.95,2.25,1.825,1.175,1.075,-0.125,-0.875,-5.825,-0.725,-0.325,-0.175,-0.175,-0.15,15,26,28,16,9,14,11,4,23,30,29,27,12,21,20,19,94,357,1626,252,106,102,61,52,5.0,0.0,1.383,0.201,0.75,0.063,2
1.35,4.0,17.175,3.225,1.925,1.65,1.0,0.925,-0.275,-0.375,-4.85,-0.55,-0.125,-0.25,-0.075,-0.025,11,20,29,16,7,9,5,2,22,26,30,21,12,21,15,21,82,259,1205,169,74,78,44,51,5.0,0.0,1.383,0.207,0.785,0.092,2
1.075,3.625,12.325,2.675,1.8,1.4,0.925,0.9,-0.175,-0.725,-1.075,-0.475,-0.15,-0.35,0.05,0.125,6,18,30,21,8,8,3,4,13,23,29,19,15,18,10,19,52,198,874,138,77,70,42,49,5.0,0.0,1.383,0.207,0.857,0.142,2
0.9,2.9,11.25,2.2,1.65,1.05,0.975,1.025,0.275,-0.25,0.375,0.4,-0.2,0.1,-0.05,0.025,4,19,26,17,7,7,2,8,12,22,29,21,22,14,13,12,43,165,797,128,84,52,47,41,5.0,0.0,1.383,0.198,0.96,0.2,2
1.175,2.65,11.625,2.6,1.45,1.15,0.925,1.05,1.075,0.65,-0.525,0.0,-0.25,0.05,0.05,-0.1,5,17,22,15,10,9,2,5,16,21,26,20,26,16,12,15,58,149,761,144,86,50,40,37,5.0,0.0,1.383,0.18,1.051,0.241,2
2.25,3.3,11.1,2.6,1.2,1.2,0.975,0.95,0.325,1.625,2.8,-0.45,0.0,-0.025,0.05,0.15,11,20,19,16,8,10,3,1,21,23,24,20,16,16,14,15,131,193,660,141,64,54,47,34,5.0,0.0,1.383,0.161,1.115,0.263,2
2.575,4.925,13.9,2.15,1.2,1.175,1.025,1.1,0.075,1.5,0.05,-0.35,0.1,0.1,0.475,1.9,14,20,23,19,5,7,2,3,24,25,26,26,15,15,22,12,165,310,905,132,63,50,58,38,5.0,0.0,1.383,0.142,1.16,0.277,2
2.65,6.425,13.95,1.8,1.3,1.275,1.5,3.0,1.125,-0.6,-2.975,-0.3,0.05,2.35,2.45,8.15,13,20,26,19,9,10,5,8,23,28,26,25,16,17,22,12,168,387,955,115,64,56,91,156,5.0,0.0,1.383,0.123,1.199,0.29,2
3.775,5.825,10.975,1.5,1.35,3.625,3.95,11.15,1.725,0.525,-2.125,0.175,0.45,6.4,7.25,17.175,14,21,22,14,15,20,17,13,21,26,26,21,19,24,23,15,192,372,743,94,75,241,237,568,5.0,0.0,1.383,0.105,1.23,0.303,2
5.5,6.35,8.85,1.675,1.8,10.025,11.2,28.325,1.6,0.2,-3.85,-0.1,0.525,8.8,9.75,10.075,14,17,21,12,17,30,24,19,24,23,27,22,28,33,24,21,284,367,625,96,124,674,714,1827,5.0,0.0,1.383,0.092,1.256,0.313,2
7.1,6.55,5.0,1.575,2.325,18.825,20.95,38.4,-0.2,1.35,1.175,0.25,0.775,7.4,2.425,1.5,22,19,19,6,17,30,19,23,29,24,25,19,30,31,25,27,459,369,319,89,156,1351,1261,2488,5.0,0.0,1.383,0.084,1.271,0.318,2
6.9,7.9,6.175,1.825,3.1,26.225,23.375,39.9,-0.7,5.35,5.025,0.25,1.45,11.125,1.625,-4.125,24,24,21,16,19,28,20,26,24,25,28,27,26,29,27,31,402,513,406,130,209,1881,1305,2481,5.0,0.0,1.383,0.08,1.278,0.32,2
6.2,13.25,11.2,2.075,4.55,37.35,25.0,35.775,-0.1,0.5,0.8,0.0,-0.65,-5.875,-1.95,-2.8,18,22,22,20,21,27,22,23,24,24,32,25,25,28,29,30,333,848,737,135,293,2619,1536,2175,5.0,0.0,1.383,0.076,1.282,0.324,2
6.1,13.75,12.0,2.075,3.9,31.475,23.05,32.975,-0.075,-2.2,-1.55,-0.15,-1.325,-10.775,-2.775,-5.7,18,19,18,11,17,23,19,24,23,24,26,21,20,26,27,30,329,851,792,106,211,2221,1455,2192,5.0,0.0,1.383,0.073,1.286,0.329,2
6.025,11.55,10.45,1.925,2.575,20.7,20.275,27.275,0.725,1.7,0.15,-0.275,0.675,9.05,6.525,-0.825,20,17,17,12,18,20,17,25,22,24,25,21,18,24,27,28,362,668,637,97,129,1290,1221,1871,5.0,0.0,1.383,0.073,1.288,0.33,2
6.75,13.25,10.6,1.65,3.25,29.75,26.8,26.45,0.775,-1.275,-1.0,0.1,0.65,8.25,1.525,5.2,17,22,21,11,20,23,18,20,27,27,26,22,22,26,23,25,417,812,689,95,192,1973,1479,1607,5.0,0.0,1.383,0.074,1.288,0.33,2
7.525,11.975,9.6,1.75,3.9,38.0,28.325,31.65,-1.0,-2.575,-3.25,0.125,-0.125,1.15,-2.15,1.375,20,24,18,15,20,24,15,16,26,27,26,19,26,25,24,24,463,779,650,103,244,2452,1541,1721,5.0,0.0,1.383,0.076,1.287,0.33,2
6.525,9.4,6.35,1.875,3.775,39.15,26.175,33.025,-1.175,-0.075,-0.85,-0.125,-0.075,-4.175,-3.875,-2.5,20,22,18,17,20,25,16,15,24,23,26,20,27,25,27,25,393,590,415,105,245,2631,1335,1900,5.0,0.0,1.383,0.077,1.286,0.329,2
5.35,9.325,5.5,1.75,3.7,34.975,22.3,30.525,0.35,0.7,1.175,-0.4,-0.075,5.775,-2.175,-3.85,18,22,16,13,19,27,26,21,24,22,20,23,28,28,28,27,327,575,305,100,220,2417,1411,1954,5.0,0.0,1.383,0.077,1.286,0.328,2
5.7,10.025,6.675,1.35,3.625,40.75,20.125,26.675,-0.05,0.55,-1.05,0.075,-0.325,1.675,4.675,3.8,19,20,17,12,19,24,27,26,25,24,18,25,24,23,28,27,342,615,361,82,213,2467,1342,1774,5.0,0.0,1.383,0.077,1.285,0.326,2
5.65,10.575,5.625,1.425,3.3,42.425,24.8,30.475,-0.825,1.25,-0.925,0.4,0.975,0.2,-0.775,-0.85,17,21,22,10,12,23,23,26,22,26,22,22,21,25,27,27,304,664,349,85,195,2439,1469,1940,5.0,0.0,1.383,0.077,1.285,0.325,2
4.825,11.825,4.7,1.825,4.275,42.625,24.025,29.625,0.175,-1.025,0.55,0.025,0.825,7.725,0.825,-0.975,22,21,19,12,17,28,16,27,27,28,25,22,25,31,22,30,278,753,289,105,285,2849,1283,1956,5.0,0.0,1.383,0.077,1.286,0.324,2
5.0,10.8,5.25,1.85,5.1,50.35,24.85,28.65,1.125,-0.15,-0.65,-0.125,-0.775,0.05,2.1,3.275,21,22,21,16,21,23,19,28,24,28,26,24,25,32,24,30,295,692,321,97,337,3362,1379,1860,5.0,0.0,1.383,0.078,1.286,0.323,2
6.125,10.65,4.6,1.725,4.325,50.4,26.95,31.925,-0.15,2.1,0.0,0.25,-0.65,-7.25,-6.425,-1.85,19,21,22,15,20,24,24,29,23,26,21,21,22,31,28,28,373,618,260,94,274,3354,1641,2097,5.0,0.0,1.383,0.078,1.285,0.323,2
5.975,12.75,4.6,1.975,3.675,43.15,20.525,30.075,-1.575,-1.8,0.625,-0.075,-0.425,-8.65,-2.375,-7.775,21,19,20,13,21,22,19,29,24,24,24,21,25,26,28,29,377,750,268,108,244,2641,1156,2106,5.0,0.0,1.383,0.077,1.285,0.322,2
4.4,10.95,5.225,1.9,3.25,34.5,18.15,22.3,-1.775,-4.375,-1.85,-0.325,-1.0,-15.6,-6.275,-9.925,16,19,16,13,20,18,14,26,18,21,24,20,25,25,27,28,268,639,308,100,214,1949,882,1540,5.0,0.0,1.383,0.077,1.285,0.322,2
2.625,6.575,3.375,1.575,2.25,18.9,11.875,12.375,-1.175,-4.1,-1.775,-0.25,-1.15,-15.6,-9.225,-9.1,9,12,12,14,12,13,9,17,18,17,22,20,24,22,23,24,147,388,200,86,146,1163,604,846,5.0,0.0,1.383,0.125,1.053,0.214,2
1.45,2.475,1.6,1.325,1.1,3.3,2.65,3.275,-0.25,-1.25,0.025,0.075,-0.15,-2.275,-1.6,-2.275,4,8,11,11,5,4,6,5,19,15,20,24,19,19,16,16,73,137,87,72,59,127,154,181,5.0,0.0,1.383,0.184,0.762,0.08,2
1.2,1.225,1.625,1.4,0.95,1.025,1.05,1.0,-0.175,-0.125,-0.075,0.225,0.225,0.1,-0.075,-0.075,5,7,13,6,8,5,7,7,14,18,18,20,20,19,18,15,45,56,71,66,51,54,48,40,5.0,0.0,1.383,0.195,0.704,0.053,2
1.025,1.1,1.55,1.625,1.175,1.125,0.975,0.925,-0.075,0.225,3.95,0.5,0.4,0.3,0.225,-0.125,6,4,11,9,7,4,8,8,16,13,18,23,20,19,18,14,46,44,82,89,59,47,50,40,5.0,0.0,1.383,0.195,0.705,0.055,2
0.95,1.325,5.5,2.125,1.575,1.425,1.2,0.8,0.4,2.575,12.425,1.4,1.35,0.375,0.0,0.15,2,6,13,16,6,10,7,3,18,13,20,27,18,19,16,14,45,60,294,123,72,68,57,40,5.0,0.0,1.383,0.195,0.707,0.056,2
1.35,3.9,17.925,3.525,2.925,1.8,1.2,0.95,0.375,0.8,1.6,0.15,0.475,0.1,0.1,0.375,3,12,17,14,13,10,4,5,18,19,20,19,20,17,12,14,64,224,958,190,137,84,50,43,5.0,0.0,1.383,0.196,0.713,0.058,2
1.725,4.7,19.525,3.675,3.4,1.9,1.3,1.325,-0.3,-2.125,-8.875,-0.7,-0.9,-0.25,-0.05,-0.05,12,12,17,13,12,9,10,13,20,16,18,18,20,18,18,20,96,241,1027,202,161,95,67,64,5.0,0.0,1.383,0.197,0.724,0.065,2
1.425,2.575,10.65,2.975,2.5,1.65,1.25,1.275,-0.3,-0.5,-2.25,0.275,0.2,0.125,0.0,-0.175,9,11,19,14,11,13,11,11,22,15,20,23,22,19,19,16,76,119,607,160,132,96,72,53,5.0,0.0,1.383,0.2,0.748,0.079,2
1.125,2.075,8.4,3.25,2.7,1.775,1.25,1.1,-0.025,-0.4,0.3,-0.45,-0.125,0.05,-0.1,-0.025,2,12,25,14,14,12,7,7,25,21,27,19,21,21,13,15,56,113,565,169,140,106,61,44,5.0,0.0,1.383,0.204,0.786,0.104,2
1.1,1.675,8.7,2.8,2.575,1.825,1.15,1.075,-0.075,0.125,2.125,-0.35,-1.1,-0.55,-0.25,-0.05,7,6,29,15,11,12,5,9,24,18,31,16,18,21,19,13,60,94,621,135,139,105,60,48,5.0,0.0,1.383,0.208,0.835,0.135,2
1.025,1.8,10.825,2.45,1.475,1.275,0.9,1.025,0.2,0.725,4.1,0.6,-0.075,-0.25,0.025,-0.025,6,7,29,21,7,10,3,8,20,14,30,22,17,17,21,14,56,95,764,139,86,67,48,46,5.0,0.0,1.383,0.207,0.896,0.171,2
1.225,2.525,14.925,3.05,1.4,1.025,0.925,1.0,0.325,0.375,-1.275,-0.2,0.025,0.175,-0.025,-0.05,5,13,23,18,6,5,3,5,21,24,27,22,18,19,14,17,62,157,912,174,67,57,41,42,5.0,0.0,1.383,0.201,0.962,0.206,2
1.55,2.9,13.65,2.85,1.425,1.2,0.9,0.95,0.275,0.525,-2.725,-0.7,0.0,-0.025,0.075,0.05,8,12,18,16,8,5,4,7,19,22,21,19,18,16,16,14,79,171,749,156,63,62,41,41,5.0,0.0,1.383,0.19,1.019,0.232,2
1.825,3.425,10.925,2.15,1.425,1.175,0.975,1.0,-0.125,0.225,2.575,-0.025,0.175,-0.125,0.0,-0.025,12,14,21,15,12,5,4,4,21,20,22,22,25,14,14,14,113,193,628,123,78,51,38,44,5.0,0.0,1.383,0.176,1.071,0.253,2
1.7,3.65,13.5,2.125,1.6,1.05,0.975,0.975,-0.15,-0.1,1.725,0.075,-0.175,-0.025,0.5,0.8,9,18,20,12,12,4,4,6,17,23,25,20,25,12,13,18,99,209,771,120,91,36,41,47,5.0,0.0,1.383,0.159,1.122,0.272,2
1.55,3.55,15.225,2.2,1.425,1.025,1.475,1.775,0.725,0.025,-2.525,-0.375,0.25,4.775,4.2,7.725,10,16,19,13,12,5,4,9,11,22,25,19,20,16,13,15,80,185,919,115,71,43,76,88,5.0,0.0,1.383,0.14,1.169,0.291,2
2.275,3.575,12.7,1.825,1.675,5.8,5.675,9.5,1.7,2.175,0.175,0.125,0.5,4.575,4.325,13.475,17,17,20,14,14,13,13,13,17,20,24,19,22,23,22,21,119,180,793,102,84,413,370,506,5.0,0.0,1.383,0.12,1.211,0.307,2
3.975,5.75,12.875,1.95,2.175,10.375,10.0,22.975,1.35,2.025,-1.325,0.275,0.175,5.075,5.5,16.575,16,18,20,16,10,22,24,18,24,24,25,20,19,28,28,27,237,317,798,116,114,706,645,1215,5.0,0.0,1.383,0.102,1.245,0.321,2
5.325,7.775,11.55,2.225,2.35,15.45,15.5,39.55,1.175,0.225,-3.775,-0.45,1.475,18.925,9.75,-0.225,18,20,19,17,7,25,27,19,24,25,23,24,20,29,28,23,306,482,684,131,128,1058,1034,2359,5.0,0.0,1.383,0.089,1.265,0.329,2
6.5,8.0,7.775,1.775,3.825,34.375,25.25,39.325,-0.175,1.35,0.85,-0.075,2.05,14.525,4.775,-4.575,22,23,17,17,19,24,23,22,22,22,21,26,27,29,28,25,340,536,450,111,258,2273,1525,2604,5.0,0.0,1.383,0.083,1.272,0.334,2
6.325,9.35,8.625,1.7,5.875,48.9,30.025,34.75,-0.725,5.05,-1.45,0.25,-0.625,-3.825,-5.175,3.375,20,20,18,16,23,23,18,22,21,21,24,21,28,26,28,24,324,566,509,99,387,3174,1697,2152,5.0,0.0,1.383,0.081,1.274,0.336,2
5.6,14.4,7.175,1.95,5.25,45.075,24.85,38.125,0.775,1.25,-1.65,-0.15,-1.25,-4.875,-2.6,-8.825,21,18,23,12,16,28,19,21,24,19,26,18,21,28,29,25,310,735,468,103,288,3128,1429,2093,5.0,0.0,1.383,0.08,1.276,0.336,2
6.375,15.65,5.525,1.8,4.0,40.2,22.25,29.3,0.15,-2.4,1.725,-0.075,0.175,0.05,4.525,-3.15,21,19,21,9,17,26,23,22,27,22,23,18,20,29,30,28,368,810,336,101,224,2649,1224,1601,5.0,0.0,1.383,0.079,1.277,0.336,2
6.525,13.25,7.25,1.725,4.175,40.25,26.775,26.15,-0.4,0.725,0.9,0.35,-0.4,-1.45,0.8,4.675,18,25,23,9,17,24,22,20,26,25,25,20,21,28,28,27,392,821,429,109,246,2544,1538,1386,5.0,0.0,1.383,0.078,1.278,0.336,2
6.125,13.975,8.15,2.075,3.775,38.8,27.575,30.825,0.225,1.825,2.225,0.2,-0.075,1.475,-2.75,-3.175,20,25,30,14,17,19,25,21,24,26,29,23,20,25,26,26,408,907,562,116,212,2484,1697,1774,5.0,0.0,1.383,0.078,1.279,0.335,2
6.35,15.8,10.375,2.275,3.7,40.275,24.825,27.65,0.6,0.75,0.55,0.025,0.125,2.025,-3.775,-6.35,20,22,24,15,21,18,23,22,27,25,29,23,23,24,28,27,407,945,672,111,213,2461,1631,1686,5.0,0.0,1.383,0.078,1.28,0.335,2
6.95,16.55,10.925,2.3,3.825,42.3,21.05,21.3,-1.425,-1.5,-1.625,-0.075,-0.675,-4.075,-0.6,-2.225,17,25,17,14,21,23,21,20,24,27,28,20,29,32,31,25,377,1086,666,113,228,2527,1381,1264,5.0,0.0,1.383,0.078,1.281,0.334,2
5.525,15.05,9.3,2.225,3.15,38.225,20.45,19.075,-0.85,-1.2,2.925,-0.025,0.45,-8.05,1.175,4.45,14,25,21,15,24,25,20,17,20,31,27,15,31,34,28,23,294,1016,580,106,200,2473,1192,1064,5.0,0.0,1.383,0.078,1.281,0.334,2
4.675,13.85,12.225,2.2,3.6,30.175,21.625,23.525,2.1,-0.175,2.6,0.0,0.425,3.1,2.075,2.225,15,21,25,10,23,19,22,18,19,29,25,16,28,27,25,26,261,823,772,105,216,1924,1270,1348,5.0,0.0,1.383,0.079,1.281,0.334,2
6.775,13.675,14.825,2.2,4.025,33.275,23.7,25.75,1.075,-1.9,-1.8,-0.425,-0.6,7.7,3.6,0.6,15,20,24,13,17,18,25,22,21,27,27,20,25,24,28,26,384,772,909,128,230,1807,1601,1599,5.0,0.0,1.383,0.08,1.281,0.334,2
7.85,11.775,13.025,1.775,3.425,40.975,27.3,26.35,-0.5,1.275,0.05,-0.1,-0.1,-5.375,-2.375,-2.175,14,20,24,17,17,23,24,23,24,27,25,25,26,27,27,26,435,718,803,118,206,2554,1673,1784,5.0,0.0,1.383,0.081,1.28,0.333,2
7.35,13.05,13.075,1.675,3.325,35.6,24.925,24.175,-0.275,1.1,1.85,0.475,0.05,-3.325,-3.7,-7.725,15,22,22,15,18,25,22,23,21,27,27,25,21,29,28,25,421,806,903,97,190,2437,1520,1576,5.0,0.0,1.383,0.082,1.28,0.332,2
7.075,14.15,14.925,2.15,3.375,32.275,21.225,16.45,-1.125,-3.7,-3.0,0.05,-0.15,-2.325,-3.2,-1.325,18,24,19,14,13,22,21,22,23,26,27,21,17,24,26,24,442,886,972,111,182,2111,1364,984,5.0,0.0,1.383,0.082,1.281,0.331,2
5.95,10.45,11.925,2.2,3.225,29.95,18.025,15.125,-0.6,0.425,-0.25,-0.35,0.0,7.0,2.15,-0.45,18,25,18,15,14,22,21,25,24,28,25,20,21,26,26,24,371,666,737,130,176,2004,1112,927,5.0,0.0,1.383,0.083,1.281,0.331,2
5.35,10.875,11.675,1.85,3.225,36.95,20.175,14.675,1.0,-0.375,1.0,-0.025,0.025,4.95,2.575,0.45,16,29,18,14,16,23,21,25,22,29,22,20,22,27,25,26,340,702,630,101,177,2262,1244,902,5.0,0.0,1.383,0.083,1.281,0.33,2
6.35,10.5,12.675,1.825,3.25,41.9,22.75,15.125,-0.4,-0.425,-2.65,-0.025,-0.125,-9.975,5.5,4.1,18,25,23,15,14,22,23,26,26,25,23,21,23,25,28,29,425,657,745,100,205,2577,1447,976,5.0,0.0,1.383,0.083,1.281,0.33,2
5.95,10.075,10.025,1.8,3.125,31.925,28.25,19.225,-0.275,1.575,-1.6,0.125,0.125,-4.25,0.725,0.8,18,23,22,20,16,19,23,25,26,25,25,27,23,23,29,30,389,626,674,123,200,1884,1651,1245,5.0,0.0,1.383,0.083,1.282,0.33,2
5.675,11.65,8.425,1.925,3.25,27.675,28.975,20.025,-0.675,-0.15,4.125,0.075,-0.325,0.2,-8.025,-1.4,22,25,24,15,14,20,18,22,25,29,26,28,24,23,26,26,356,806,557,113,202,1671,1585,1286,5.0,0.0,1.383,0.084,1.282,0.33,2
1.85,3.1,5.55,2.2,1.15,0.8,1.0,1.025,-0.075,-1.2,1.0,-0.175,0.0,0.175,0.0,-0.05,15,22,19,18,3,2,6,8,22,23,24,23,21,14,19,20,111,207,338,127,53,33,56,45,6.0,0.383,0.617,0.193,0.673,-0.0,2
1.775,1.9,6.55,2.025,1.15,0.975,1.0,0.975,-0.025,0.475,0.3,-0.225,0.025,0.225,0.025,-0.1,13,18,22,14,4,4,1,6,20,23,29,22,18,11,15,20,106,122,430,120,48,34,40,45,6.0,0.383,0.617,0.191,0.673,-0.0,2
1.75,2.375,6.85,1.8,1.175,1.2,1.025,0.875,-0.25,-0.05,-0.75,0.325,0.35,0.25,0.075,0.05,14,18,24,11,5,6,3,3,20,23,28,19,14,14,14,14,104,140,445,88,42,43,38,31,6.0,0.383,0.617,0.189,0.674,0.0,2
1.5,2.325,6.1,2.125,1.525,1.45,1.1,0.925,0.025,0.6,4.1,0.95,1.075,0.225,-0.125,0.125,10,13,24,7,5,8,4,4,20,23,28,15,16,21,15,11,85,133,424,95,58,58,39,36,6.0,0.383,0.617,0.189,0.674,-0.001,2
1.525,2.925,10.2,3.075,2.6,1.675,0.975,1.05,0.325,2.175,5.75,0.175,0.275,-0.15,-0.25,0.0,13,14,21,10,11,10,6,5,22,23,30,16,22,20,18,20,88,147,617,167,127,75,47,53,6.0,0.383,0.617,0.193,0.676,-0.001,2
1.85,5.1,15.95,3.25,2.875,1.525,0.725,1.05,-0.1,4.6,3.45,0.375,-0.05,0.025,0.1,0.0,14,17,20,19,14,9,4,6,21,20,24,22,22,18,19,21,86,248,868,183,143,71,46,56,6.0,0.383,0.617,0.21,0.687,0.017,2
1.75,9.7,19.4,3.625,2.825,1.55,0.825,1.05,-0.325,0.45,-2.25,0.225,0.15,0.05,0.15,0.2,12,16,24,19,10,13,5,10,18,21,25,23,20,20,11,18,81,454,1224,203,125,78,41,59,6.0,0.383,0.617,0.238,0.709,0.054,2
1.425,10.15,17.15,3.85,2.975,1.6,0.975,1.25,0.5,-1.85,-2.825,-0.625,-0.45,0.95,1.775,4.7,15,19,18,19,12,11,5,9,20,21,23,25,20,23,15,18,84,519,1042,225,127,80,45,64,6.0,0.383,0.617,0.263,0.732,0.098,2
1.925,8.3,14.325,3.225,2.525,2.55,2.75,5.95,2.45,1.05,0.275,-0.475,-0.775,4.925,5.275,4.95,12,20,18,19,15,10,11,13,18,26,23,22,22,22,19,23,99,453,808,180,119,130,167,391,6.0,0.383,0.617,0.281,0.755,0.147,2
4.375,9.35,14.6,2.75,1.75,7.475,8.025,10.9,3.575,5.375,1.95,-0.1,0.075,10.6,12.525,8.75,13,20,23,12,9,22,18,23,21,25,29,17,22,26,24,30,242,595,908,142,82,526,470,775,6.0,0.383,0.617,0.289,0.776,0.197,2
7.95,14.725,16.55,2.65,1.825,18.075,20.55,19.65,0.7,8.075,1.5,0.325,0.775,12.35,7.375,19.275,16,18,22,11,11,27,22,23,24,24,29,21,24,28,27,25,463,928,1150,171,100,1258,1297,1259,6.0,0.383,0.617,0.288,0.792,0.242,2
8.65,22.8,18.05,2.975,2.6,30.425,27.925,38.925,1.075,5.575,0.55,0.125,0.5,3.4,1.375,7.5,16,19,16,17,17,26,19,24,26,23,21,27,26,26,24,26,513,1466,1045,200,162,2077,1666,2373,6.0,0.383,0.617,0.286,0.801,0.278,2
9.725,28.375,18.6,3.1,3.1,33.825,29.3,46.425,-0.1,-0.225,-1.45,-0.375,0.025,-1.825,2.65,-6.35,24,24,20,20,17,24,17,25,27,26,22,26,28,26,23,26,671,2003,1142,198,206,2323,1677,2834,6.0,0.383,0.617,0.286,0.801,0.305,2
9.625,28.15,17.15,2.725,3.125,32.0,31.95,40.075,-0.725,1.775,-2.275,-0.6,-0.5,3.8,-1.75,-4.55,24,23,20,16,16,27,22,21,29,28,20,23,25,28,22,26,649,1728,1004,170,199,2113,1787,2318,6.0,0.383,0.617,0.287,0.795,0.319,2
8.9,29.925,14.875,2.125,2.625,35.8,30.2,35.525,0.075,-3.5,1.55,-0.275,0.075,-1.525,-0.55,-0.5,19,18,17,14,15,25,23,18,25,27,21,19,21,26,26,24,527,1755,828,133,172,2285,1933,1773,6.0,0.383,0.617,0.288,0.789,0.328,2
8.975,26.425,16.425,1.85,2.7,34.275,29.65,35.025,-0.2,0.725,1.1,0.15,1.25,6.2,1.475,-3.725,21,24,18,11,13,20,22,19,25,30,25,16,19,25,27,22,523,1734,1048,100,160,1948,1837,1843,6.0,0.383,0.617,0.29,0.786,0.336,2
8.775,27.15,17.525,2.0,3.95,40.475,31.125,31.3,0.975,11.35,0.35,0.225,0.275,1.425,4.425,-0.6,25,26,18,12,19,19,20,23,26,29,21,18,25,27,28,23,544,1688,1095,102,259,2395,1884,1972,6.0,0.383,0.617,0.291,0.784,0.339,2
9.75,38.5,17.875,2.225,4.225,41.9,35.55,30.7,0.475,-3.975,1.275,0.4,-0.85,-9.825,-5.825,4.725,23,22,22,15,20,19,16,21,26,28,28,19,28,29,26,24,631,2440,1209,121,300,2614,1765,1818,6.0,0.383,0.617,0.293,0.784,0.341,2
10.225,34.525,19.15,2.625,3.375,32.075,29.725,35.425,-0.7,-7.875,0.075,0.125,-0.575,2.95,-8.375,-0.5,20,25,20,16,18,24,22,20,26,26,26,22,29,29,25,23,676,2363,1184,158,237,2219,1506,1894,6.0,0.383,0.617,0.293,0.784,0.343,2
9.525,26.65,19.225,2.75,2.8,35.025,21.35,34.925,-2.825,-2.25,-4.275,-0.55,0.25,4.7,1.65,-4.325,20,22,22,17,15,24,26,20,24,25,25,21,22,27,29,25,628,1712,1143,150,175,2247,1471,1898,6.0,0.383,0.617,0.293,0.784,0.344,2
6.7,24.4,14.95,2.2,3.05,39.725,23.0,30.6,-0.925,1.3,-1.05,-0.05,0.475,3.375,7.1,-3.15,20,22,26,16,19,20,19,19,21,25,32,20,20,28,29,25,411,1537,1009,114,174,2256,1358,1662,6.0,0.383,0.617,0.293,0.785,0.345,2
5.775,25.7,13.9,2.15,3.525,43.1,30.1,27.45,2.05,2.2,3.65,0.125,-0.675,-3.325,3.9,0.575,23,24,19,12,23,24,21,20,24,29,28,22,26,29,26,23,349,1728,871,127,219,2840,1798,1448,6.0,0.383,0.617,0.292,0.785,0.345,2
7.825,27.9,17.55,2.275,2.85,39.775,34.0,28.025,-0.275,-1.375,-0.05,-0.025,-0.175,-7.275,-1.2,1.55,20,23,16,15,17,25,26,21,27,27,25,23,21,30,28,23,436,1724,987,149,167,2683,2129,1592,6.0,0.383,0.617,0.292,0.785,0.345,2
7.55,26.525,17.5,2.25,2.675,32.5,32.8,29.575,-0.4,-1.8,-0.35,0.1,-0.075,1.95,-2.4,-4.35,15,24,21,17,14,23,21,22,28,25,26,25,20,31,23,23,408,1680,1037,141,138,2284,1925,1671,6.0,0.383,0.617,0.291,0.786,0.344,2
7.15,24.725,17.15,2.35,2.6,34.45,30.4,25.225,0.3,-1.975,-1.225,-0.375,-0.275,1.25,-4.3,-5.025,18,23,24,19,13,22,23,18,27,27,27,26,20,31,24,20,444,1741,1102,147,132,2322,1717,1330,6.0,0.383,0.617,0.29,0.785,0.344,2
7.45,22.75,15.925,1.975,2.325,35.7,26.1,20.2,-1.225,0.15,-5.575,-0.075,0.575,-2.225,-1.25,1.175,16,20,21,16,19,24,21,21,23,26,27,22,22,32,26,24,431,1484,970,112,144,2465,1544,1216,6.0,0.383,0.617,0.29,0.785,0.343,2
6.225,22.9,10.35,1.9,2.9,33.475,24.85,21.375,1.0,7.775,3.2,0.4,0.375,-1.625,-1.475,1.2,16,22,15,19,23,25,18,21,21,25,24,25,23,28,23,25,350,1433,562,110,177,2249,1363,1290,6.0,0.383,0.617,0.29,0.784,0.342,2
7.225,30.675,13.55,2.3,3.275,31.85,23.375,22.575,1.675,1.625,3.075,0.225,-0.125,-0.8,1.4,6.1,17,22,15,20,21,24,20,20,22,24,21,27,20,23,25,23,398,1819,776,138,191,2064,1223,1318,6.0,0.383,0.617,0.29,0.783,0.341,2
8.9,32.3,16.625,2.525,3.15,31.05,24.775,28.675,-1.825,-4.975,-4.95,-0.375,0.55,1.65,3.35,-0.95,21,22,22,19,21,20,21,22,23,26,26,18,21,21,27,27,543,1961,1005,144,170,1814,1390,1857,6.0,0.383,0.617,0.29,0.783,0.34,2
7.075,27.325,11.675,2.15,3.7,32.7,28.125,27.725,-0.875,0.5,2.35,0.175,-0.025,3.1,-4.2,-3.1,19,25,24,17,21,22,22,19,20,29,30,18,20,25,28,25,412,1874,754,115,212,1966,1718,1617,6.0,0.383,0.617,0.29,0.783,0.34,2
6.2,27.825,14.025,2.325,3.675,35.8,23.925,24.625,1.25,0.825,2.8,0.15,-0.2,2.9,-0.175,-2.9,17,25,19,13,17,24,19,20,22,27,23,21,25,29,30,28,346,1757,782,127,234,2363,1517,1371,6.0,0.383,0.617,0.291,0.784,0.341,2
7.45,28.65,16.825,2.475,3.475,38.7,23.75,21.725,-0.725,-3.15,-3.775,-0.55,-0.025,-2.325,-1.2,-6.075,20,19,23,13,19,21,21,22,25,23,24,22,25,28,31,25,469,1455,1031,138,206,2375,1394,1331,6.0,0.383,0.617,0.291,0.785,0.341,2
6.725,25.5,13.05,1.925,3.45,36.375,22.55,15.65,-2.425,-10.65,-4.4,0.0,-1.35,-14.5,-11.75,-6.15,23,17,26,14,19,20,23,18,28,22,28,24,17,26,25,22,454,1492,880,108,172,2112,1294,1005,6.0,0.383,0.617,0.291,0.785,0.341,2
4.3,14.85,8.65,1.925,2.1,21.875,10.8,9.5,-2.4,-10.8,-4.825,-0.25,-1.075,-16.525,-7.425,-7.475,17,15,18,12,10,17,17,9,27,19,23,21,14,20,21,19,293,920,546,105,92,1299,646,579,6.0,0.383,0.617,0.254,0.764,0.244,2
1.9,4.05,3.825,1.675,1.025,5.35,3.375,2.025,-0.525,-2.625,-1.725,-0.5,-0.075,-4.25,-2.275,-1.125,12,12,16,9,4,10,11,8,21,21,23,14,14,17,16,20,115,236,249,78,41,357,175,106,6.0,0.383,0.617,0.2,0.732,0.106,2
1.375,1.425,2.1,1.175,0.95,1.1,1.1,0.9,-0.175,0.45,-0.225,0.2,0.175,0.075,-0.15,0.075,9,9,17,9,2,7,6,6,20,19,28,15,16,15,19,20,72,92,131,60,40,49,47,49,6.0,0.383,0.617,0.184,0.723,0.065,2
1.2,1.875,1.875,1.375,1.125,1.175,0.95,0.975,-0.125,-0.075,-0.175,0.15,0.075,-0.225,-0.1,0.075,6,15,13,13,4,5,2,2,18,23,22,20,14,15,21,17,64,108,116,89,42,42,37,44,6.0,0.383,0.617,0.183,0.723,0.065,2
1.075,1.8,1.7,1.525,1.2,0.95,0.85,1.05,0.225,0.725,7.225,0.2,0.075,-0.025,0.125,-0.05,7,18,12,9,5,3,1,4,23,28,14,19,12,12,17,17,62,108,84,82,40,28,33,42,6.0,0.383,0.617,0.183,0.724,0.066,2
1.3,2.525,8.925,1.725,1.275,0.925,0.975,1.0,0.325,1.225,6.525,1.3,0.1,0.325,0.1,0.1,12,15,21,9,3,6,4,4,23,24,20,20,17,15,20,17,71,174,599,90,47,40,51,46,6.0,0.383,0.617,0.183,0.725,0.067,2
1.625,3.75,15.45,3.025,1.375,1.25,1.075,1.1,0.125,0.875,6.8,1.875,1.025,0.1,0.05,0.05,16,17,26,14,3,6,5,9,21,19,25,26,21,19,18,16,90,255,983,181,61,58,50,49,6.0,0.383,0.617,0.184,0.727,0.067,2
1.75,4.625,22.25,4.9,2.4,1.35,1.125,1.15,0.05,-0.55,1.15,0.225,0.475,0.075,0.025,0.025,17,19,20,22,13,6,8,10,22,21,20,27,23,17,18,14,104,265,1144,306,131,63,48,49,6.0,0.383,0.617,0.187,0.73,0.068,2
1.8,4.075,23.4,5.125,2.875,1.425,1.15,1.175,-0.075,-0.475,-5.325,-1.55,-0.65,-0.075,-0.05,0.1,17,19,20,25,20,9,10,6,20,22,22,28,23,17,21,15,106,242,1303,327,167,73,62,52,6.0,0.383,0.617,0.198,0.734,0.074,2
1.725,3.6,18.075,3.575,2.225,1.35,1.1,1.275,0.025,1.5,4.425,-0.875,-0.225,-0.1,-0.075,0.0,12,18,22,21,16,13,7,10,18,21,25,27,21,20,15,17,88,205,1189,226,125,75,58,58,6.0,0.383,0.617,0.218,0.743,0.093,2
1.75,5.1,22.5,2.7,2.0,1.25,1.025,1.275,0.475,0.6,-0.8,-0.25,-0.25,0.475,0.25,2.825,11,17,22,19,13,13,2,9,19,20,25,26,20,24,13,14,85,263,1454,158,107,77,43,61,6.0,0.383,0.617,0.243,0.757,0.128,2
2.225,5.7,21.7,2.45,1.75,1.725,1.275,4.1,1.0,-0.45,-1.0,-0.55,-0.3,4.25,6.15,17.225,11,16,20,16,14,15,4,16,23,21,25,19,23,25,17,21,111,327,1370,134,99,105,66,248,6.0,0.383,0.617,0.266,0.774,0.17,2
3.225,5.25,20.7,1.9,1.45,5.975,7.425,21.325,2.75,2.025,5.175,0.25,0.225,2.45,12.975,13.475,13,17,21,14,15,21,15,24,25,24,25,19,23,26,23,25,174,321,1290,110,88,394,477,1296,6.0,0.383,0.617,0.284,0.796,0.219,2
5.975,7.275,25.875,2.15,1.675,8.425,20.4,34.8,3.625,2.8,-1.275,0.8,0.225,2.675,5.85,-2.925,18,21,24,16,17,22,20,24,26,23,26,23,29,23,26,24,348,450,1666,141,115,585,1215,2189,6.0,0.383,0.617,0.295,0.818,0.265,2
9.6,10.075,24.6,2.95,1.9,11.1,26.25,31.875,2.025,5.35,-0.4,0.075,0.225,4.65,-2.875,-0.25,20,19,26,17,13,23,22,24,25,25,25,25,26,25,25,23,536,655,1625,190,110,755,1643,1953,6.0,0.383,0.617,0.299,0.831,0.3,2
11.625,15.425,24.2,3.025,2.125,15.75,23.375,31.625,0.775,2.6,3.225,0.1,0.675,3.025,2.725,12.125,18,22,26,17,13,27,25,21,22,29,25,25,22,26,31,22,627,1050,1574,186,121,1085,1555,1790,6.0,0.383,0.617,0.303,0.838,0.324,2
12.4,18.025,27.425,3.125,2.8,18.775,26.1,43.75,-0.45,-0.55,1.05,0.175,0.2,4.225,2.8,-1.025,20,24,22,25,21,22,21,23,22,27,27,27,26,25,26,23,726,1136,1689,208,180,1295,1546,2598,6.0,0.383,0.617,0.307,0.84,0.337,2
11.95,17.475,28.475,3.3,3.0,23.0,28.9,42.725,-1.5,0.525,1.525,-0.35,-0.2,-0.025,-4.375,-9.4,25,23,23,24,18,20,20,23,24,24,26,27,23,26,23,28,704,1016,1830,208,170,1562,1738,2633,6.0,0.383,0.617,0.312,0.84,0.343,2
10.45,18.0,30.0,2.95,2.8,22.975,24.525,33.325,-1.625,-1.125,1.375,-0.375,-0.25,1.25,-3.25,2.775,19,21,27,18,13,23,26,17,19,24,28,22,20,27,28,28,543,1096,2095,181,135,1649,1643,1779,6.0,0.383,0.617,0.316,0.838,0.347,2
8.825,16.875,31.375,2.575,2.55,24.225,21.275,36.1,-1.3,1.25,-0.95,0.15,-0.075,4.9,-1.525,-3.675,18,17,26,17,15,24,24,18,18,25,27,18,21,31,28,25,488,964,2075,142,135,1587,1471,1940,6.0,0.383,0.617,0.318,0.836,0.348,2
7.525,18.125,30.425,2.725,2.475,29.125,19.75,32.425,-0.125,-0.7,1.9,0.15,0.225,-1.4,-0.925,-0.4,19,18,24,16,14,27,17,17,22,25,26,19,24,34,22,22,395,995,1863,147,144,1952,1247,1804,6.0,0.383,0.617,0.319,0.834,0.349,2
7.4,17.425,32.325,2.875,2.7,27.725,18.825,32.025,0.3,-4.125,-0.575,-0.2,0.425,2.55,1.55,-2.675,21,19,21,13,15,24,22,18,24,27,27,21,21,25,26,22,381,1014,1885,163,163,1852,1186,1913,6.0,0.383,0.617,0.319,0.832,0.349,2
7.7,13.3,31.75,2.675,3.125,30.275,20.375,29.35,-0.45,-1.25,-3.5,-0.15,-0.025,8.075,1.425,-5.275,22,17,22,13,17,22,22,18,25,26,27,24,23,26,28,23,424,774,2095,161,205,2042,1078,1744,6.0,0.383,0.617,0.318,0.831,0.349,2
7.25,12.05,28.25,2.525,3.1,38.35,21.8,24.075,-0.675,1.575,1.375,0.325,-0.375,-1.25,-1.2,3.25,21,17,21,16,19,26,18,20,24,25,26,23,25,30,22,26,387,675,1875,147,199,2742,1094,1508,6.0,0.383,0.617,0.317,0.831,0.349,2
6.575,13.625,29.625,2.85,2.725,37.1,20.6,27.325,-0.625,-0.825,-2.7,-0.125,-0.15,-6.65,2.5,2.675,21,22,19,21,19,27,21,28,24,26,23,25,22,28,26,30,375,846,1736,176,174,2476,1253,1940,6.0,0.383,0.617,0.316,0.831,0.349,2
5.95,12.8,26.925,2.725,2.575,30.45,23.1,30.0,1.425,0.3,2.0,-0.3,-0.075,1.15,-0.25,-3.425,19,22,16,18,13,20,19,27,23,25,22,25,25,26,22,27,372,821,1488,153,173,1942,1473,1890,6.0,0.383,0.617,0.315,0.831,0.35,2
7.375,13.1,28.925,2.425,2.5,31.6,22.85,26.575,0.25,1.75,2.075,0.075,0.275,4.525,-1.15,-3.825,23,18,15,14,11,21,21,22,23,22,24,25,27,26,20,25,485,723,1611,137,152,1920,1374,1542,6.0,0.383,0.617,0.314,0.832,0.35,2
7.625,14.85,31.0,2.5,2.775,36.125,21.7,22.75,-1.275,0.175,-7.75,0.425,0.15,-1.25,0.425,-0.425,23,22,20,13,19,28,22,23,22,26,27,24,25,29,23,27,468,888,1907,154,171,2346,1337,1414,6.0,0.383,0.617,0.313,0.832,0.35,2
6.35,15.025,23.25,2.925,2.925,34.875,22.125,22.325,0.325,1.7,0.875,0.45,0.2,-3.475,-2.225,-1.05,20,27,21,18,19,24,21,23,23,29,26,24,24,26,25,26,379,1041,1428,181,170,2153,1412,1300,6.0,0.383,0.617,0.312,0.831,0.349,2
6.675,16.725,24.125,3.375,3.125,31.4,19.9,21.275,-0.725,-1.625,-2.2,-0.275,-0.175,-3.975,1.025,-0.85,20,25,20,17,12,19,24,20,24,28,24,24,21,21,28,25,417,1098,1408,197,172,1852,1242,1097,6.0,0.383,0.617,0.311,0.831,0.349,2
5.95,15.1,21.925,3.1,2.95,27.425,20.925,20.425,-0.675,-2.325,-1.775,-0.4,-0.675,-2.25,3.45,5.325,22,21,21,14,13,23,22,23,26,28,26,24,16,23,27,26,348,933,1224,152,155,1717,1173,1192,6.0,0.383,0.617,0.311,0.831,0.348,2
5.275,12.775,20.15,2.7,2.275,25.175,24.375,25.75,0.875,2.5,3.825,-0.575,0.025,3.975,2.2,-2.325,21,20,26,17,12,24,20,27,28,25,27,24,21,27,22,28,326,756,1267,163,124,1596,1256,1728,6.0,0.383,0.617,0.311,0.831,0.348,2
6.15,15.275,23.975,2.125,2.3,29.15,26.575,23.425,-0.25,-0.3,-5.425,-0.525,-0.175,6.025,-1.75,-6.55,20,20,24,11,11,25,21,25,26,27,26,20,22,27,22,30,377,917,1500,145,137,1882,1522,1442,6.0,0.383,0.617,0.31,0.832,0.348,2
5.9,14.975,18.55,1.6,2.125,35.175,24.825,16.875,-0.575,2.075,-2.2,-0.025,-0.05,0.95,-2.525,3.775,17,17,20,5,11,23,20,18,30,26,22,14,16,28,27,28,349,881,1041,104,109,2274,1453,809,6.0,0.383,0.617,0.31,0.833,0.348,2
5.325,17.05,16.35,1.575,2.075,36.125,22.3,20.65,1.075,2.975,6.45,0.65,0.725,-7.85,-0.025,-0.375,18,15,21,7,11,23,22,18,30,20,24,19,15,26,28,24,335,959,1005,87,97,2369,1367,1159,6.0,0.383,0.617,0.31,0.833,0.348,2
6.4,20.025,22.8,2.225,2.8,28.275,22.275,20.275,-0.975,-6.8,-4.125,0.5,-0.3,-8.825,-4.875,-3.95,28,21,19,18,17,18,22,20,30,25,30,26,19,24,24,20,448,1286,1498,136,147,1821,1280,1234,6.0,0.383,0.617,0.309,0.833,0.348,2
5.425,13.225,18.675,2.725,2.5,19.45,17.4,16.325,-3.025,-8.525,-12.35,-0.5,-1.1,-10.1,-11.2,-8.475,21,25,23,16,12,13,18,16,25,28,27,23,14,20,21,21,353,853,1181,158,120,1214,879,958,6.0,0.383,0.617,0.278,0.799,0.275,2
2.4,4.7,6.325,2.225,1.4,9.35,6.2,7.85,-1.3,-3.05,-2.9,-0.6,-0.375,-8.3,-5.225,-6.525,9,14,20,9,4,8,11,6,18,18,22,16,15,15,20,19,122,277,397,117,54,547,316,438,6.0,0.383,0.617,0.217,0.729,0.131,2
1.1,1.65,3.425,1.625,1.025,1.05,0.975,1.325,0.05,0.125,3.875,0.125,0.2,0.125,-0.175,0.7,12,7,18,9,5,2,3,3,23,17,22,14,19,18,17,14,66,76,202,81,44,43,49,55,6.0,0.383,0.617,0.186,0.695,0.059,2
1.15,1.775,7.3,1.75,1.225,1.175,0.8,2.025,0.0,1.05,10.2,1.55,0.8,0.375,0.5,-0.1,15,10,24,10,6,6,1,5,24,23,26,22,19,18,16,16,68,106,485,90,63,57,47,66,6.0,0.383,0.617,0.184,0.697,0.06,2
1.15,2.825,17.5,3.3,2.025,1.55,1.3,1.925,0.275,1.3,3.325,0.275,0.15,0.05,0.175,-0.675,9,14,25,14,10,10,7,10,19,18,27,24,14,19,16,16,59,168,1128,198,109,86,69,71,6.0,0.383,0.617,0.188,0.702,0.057,2
1.425,4.125,20.825,3.575,2.175,1.6,1.475,1.25,0.125,0.45,-4.975,-0.7,-0.225,-0.275,-0.25,-0.075,10,15,23,13,17,10,10,13,19,18,29,23,21,22,14,20,77,231,1284,206,118,84,74,67,6.0,0.383,0.617,0.2,0.709,0.059,2
1.55,4.575,15.85,2.875,1.95,1.325,1.225,1.175,-0.175,-0.15,2.85,0.775,0.475,-0.025,-0.05,0.3,11,12,18,15,13,8,9,9,21,24,27,22,19,18,21,20,79,253,899,170,97,60,71,56,6.0,0.383,0.617,0.218,0.718,0.077,2
1.375,4.425,18.7,3.65,2.425,1.3,1.175,1.475,-0.25,-0.675,3.0,-0.125,-0.325,-0.05,-0.175,-0.375,9,20,20,17,11,10,7,13,21,28,25,23,13,21,25,20,74,290,1158,203,102,69,65,72,6.0,0.383,0.617,0.244,0.734,0.114,2
1.125,3.75,21.7,3.525,2.1,1.25,1.0,1.1,0.425,1.1,-1.275,-0.85,-0.5,0.175,0.825,2.05,6,23,29,16,10,7,6,11,18,27,29,20,15,21,20,13,66,276,1550,181,97,72,50,59,6.0,0.383,0.617,0.272,0.756,0.169,2
1.55,4.85,20.425,2.675,1.6,1.425,1.825,3.15,1.175,1.3,0.475,-0.475,-0.225,2.375,1.375,6.375,9,19,24,13,7,7,13,11,18,27,28,16,18,19,19,16,96,299,1255,124,69,64,98,168,6.0,0.383,0.617,0.295,0.78,0.23,2
2.725,6.15,20.9,2.2,1.375,3.8,3.2,9.525,2.45,0.875,1.2,-0.225,-0.05,4.675,5.6,11.575,16,19,23,16,8,15,20,20,21,26,27,24,22,24,23,27,162,365,1264,132,75,218,209,564,6.0,0.383,0.617,0.309,0.802,0.283,2
5.175,7.025,22.1,1.975,1.325,8.475,8.8,21.1,1.175,6.8,2.35,0.375,0.325,2.625,7.125,8.3,21,17,23,18,7,18,18,24,26,25,27,26,19,24,21,27,342,396,1419,137,76,494,583,1406,6.0,0.383,0.617,0.318,0.817,0.318,2
6.35,13.825,24.45,2.35,1.65,11.1,15.925,29.4,-0.725,5.0,4.575,0.525,0.425,-0.05,-2.075,1.8,20,19,19,15,13,20,19,24,24,26,25,21,23,32,21,26,414,824,1467,135,96,723,943,2009,6.0,0.383,0.617,0.325,0.826,0.337,2
5.625,18.825,29.025,2.875,2.075,11.05,13.85,31.2,0.825,-2.125,4.15,0.05,0.275,2.725,2.925,2.5,14,23,24,17,16,20,24,22,17,25,26,23,21,30,30,26,275,1154,1886,157,110,713,799,1934,6.0,0.383,0.617,0.333,0.832,0.349,2
6.45,16.7,33.175,2.925,2.35,13.775,16.775,33.7,-0.325,-2.625,-3.175,-0.425,-0.35,2.525,5.3,-4.175,15,20,28,16,17,20,27,22,18,23,29,22,19,26,32,25,289,935,2366,174,133,869,1179,1864,6.0,0.383,0.617,0.342,0.834,0.355,2
6.125,14.075,30.0,2.5,2.0,16.3,22.075,29.525,-0.45,1.0,-2.675,-0.025,0.0,-0.35,-5.025,-2.975,17,24,23,16,18,21,23,20,21,24,27,25,17,26,25,25,319,802,2064,168,113,1011,1454,1720,6.0,0.383,0.617,0.348,0.834,0.357,2
5.675,15.075,27.325,2.475,2.0,15.95,17.05,26.55,-0.4,-0.75,1.1,0.3,0.275,0.275,2.675,5.7,19,25,23,21,18,26,20,19,26,26,22,26,19,28,21,27,355,864,1725,169,116,1034,1000,1598,6.0,0.383,0.617,0.352,0.832,0.359,2
5.275,14.325,28.425,2.775,2.275,16.225,19.725,32.25,-0.525,1.75,3.425,0.425,-0.05,8.025,2.3,3.875,19,24,22,19,18,23,18,19,26,32,24,23,21,23,23,26,322,912,1792,176,138,995,1099,1648,6.0,0.383,0.617,0.354,0.829,0.36,2
4.75,16.075,31.85,3.2,2.225,24.25,22.025,36.125,2.925,3.9,3.275,0.2,-0.025,1.85,-3.775,0.125,20,25,20,18,16,24,18,24,25,31,23,23,19,25,23,27,275,1104,1814,200,119,1585,1198,2019,6.0,0.383,0.617,0.355,0.828,0.362,2
7.675,19.975,35.125,3.4,2.2,26.1,18.25,36.25,-0.075,-2.475,-2.325,-0.2,-0.075,-6.775,1.5,-4.675,24,23,24,19,13,28,21,25,26,24,23,26,19,29,26,25,509,1300,2083,213,113,1739,1076,2152,6.0,0.383,0.617,0.354,0.827,0.363,2
7.6,17.5,32.8,3.2,2.125,19.325,19.75,31.575,-1.775,-1.4,-1.175,-0.675,-0.025,-2.1,-1.1,-0.475,22,18,23,16,14,29,18,22,28,21,23,22,21,30,22,26,503,970,1928,206,110,1336,1133,2020,6.0,0.383,0.617,0.354,0.827,0.364,2
5.825,16.1,31.625,2.525,2.1,17.225,18.65,31.1,0.95,2.825,-3.825,-0.05,-0.075,3.775,-0.825,0.475,19,21,23,15,19,26,16,22,26,24,25,23,27,30,19,28,359,917,1837,156,122,1153,1022,2028,6.0,0.383,0.617,0.353,0.827,0.365,2
6.775,18.925,27.8,2.475,2.025,21.0,17.825,31.575,-0.75,-1.1,0.25,0.275,0.075,3.625,2.375,-4.95,20,24,25,18,21,25,12,18,25,25,26,21,27,25,19,25,432,1191,1666,136,130,1316,916,1824,6.0,0.383,0.617,0.352,0.826,0.365,2
6.025,17.825,28.05,2.75,2.1,24.625,20.2,26.625,0.075,-2.25,3.375,-0.075,0.225,-0.175,2.475,3.575,21,25,23,19,15,26,11,14,26,24,24,23,21,27,19,23,390,1114,1690,165,122,1587,985,1298,6.0,0.383,0.617,0.352,0.825,0.364,2
6.1,15.575,31.425,2.675,2.325,24.45,22.675,30.2,1.075,1.6,1.475,0.375,0.3,4.725,0.625,-1.85,20,22,24,14,18,25,18,19,24,20,25,23,21,30,22,21,377,858,1782,153,147,1641,1327,1584,6.0,0.383,0.617,0.351,0.824,0.364,2
7.175,17.175,32.9,3.05,2.625,29.175,23.3,28.35,-0.975,2.025,6.225,0.475,0.0,0.15,-5.35,-1.925,19,20,21,17,19,24,20,23,24,21,25,23,24,29,27,25,429,997,2060,182,167,1957,1366,1619,6.0,0.383,0.617,0.351,0.824,0.364,2
6.2,19.2,39.125,3.525,2.625,29.325,17.95,26.425,-0.9,-2.95,-0.375,-0.275,-0.6,-8.15,-0.475,-0.1,21,21,22,21,14,25,17,24,24,26,28,20,20,31,28,26,353,1201,2520,211,156,1945,891,1561,6.0,0.383,0.617,0.35,0.823,0.364,2
5.3,16.25,38.75,3.25,2.025,21.175,17.475,26.325,0.1,-2.525,-7.325,-0.275,-0.4,-4.95,1.0,-7.375,19,24,24,19,11,26,18,23,24,27,30,22,17,31,28,24,307,1056,2471,182,111,1345,954,1524,6.0,0.383,0.617,0.349,0.823,0.364,2
5.4,13.725,31.425,2.975,1.625,16.225,18.475,18.95,1.025,2.675,-3.075,0.425,0.35,3.775,-2.525,2.65,19,23,24,19,9,25,18,18,26,24,32,28,19,29,31,25,338,919,2181,184,90,1041,1089,1051,6.0,0.383,0.617,0.349,0.822,0.364,2
6.425,16.4,28.35,3.4,1.975,20.0,15.95,21.6,0.275,0.625,1.6,-0.525,0.6,0.5,4.8,5.25,22,22,24,16,13,25,16,17,24,24,26,27,23,28,27,24,400,1095,1776,203,104,1307,940,1215,6.0,0.383,0.617,0.348,0.822,0.365,2
6.7,17.025,29.95,2.875,2.575,20.5,20.75,26.85,0.55,0.8,3.725,-0.5,-0.25,2.15,2.4,0.225,19,24,26,14,21,22,20,19,23,24,26,22,25,26,23,24,415,1058,1868,164,155,1208,1195,1558,6.0,0.383,0.617,0.348,0.822,0.366,2
7.25,17.825,33.675,2.375,2.325,22.65,23.15,27.075,0.35,2.125,7.55,1.125,-0.3,3.9,-2.725,1.225,17,21,24,13,21,17,20,19,27,24,26,20,26,24,22,24,459,1013,2076,131,149,1383,1325,1732,6.0,0.383,0.617,0.348,0.822,0.366,2
1.25,3.625,8.2,1.25,1.1,0.975,1.35,3.25,0.175,-0.925,-0.75,0.225,0.35,0.325,0.075,-0.825,10,20,19,8,2,6,11,19,17,25,22,17,14,19,21,28,65,238,478,68,44,47,86,232,7.0,0.383,1.0,0.2,0.669,-0.029,2
1.425,2.7,7.45,1.475,1.45,1.3,1.425,2.425,-0.075,-0.175,2.0,1.15,1.175,0.225,-0.125,-1.025,10,15,16,6,3,6,13,19,18,25,20,23,15,21,24,25,61,158,381,83,63,56,80,158,7.0,0.383,1.0,0.2,0.676,-0.04,2
1.35,2.525,9.45,2.625,2.625,1.525,1.3,1.4,0.05,0.475,2.75,-0.2,-0.175,-0.275,-0.4,-0.225,12,10,17,16,11,7,4,9,17,18,23,28,18,18,15,21,60,136,580,166,139,71,51,73,7.0,0.383,1.0,0.204,0.681,-0.037,2
1.4,3.0,12.2,2.425,2.45,1.25,0.9,1.175,0.1,0.075,-1.525,-0.925,-0.85,0.0,0.025,0.075,12,15,21,14,12,7,4,9,16,18,26,21,25,12,13,20,69,188,821,141,150,62,42,63,7.0,0.383,1.0,0.219,0.696,-0.026,2
1.5,3.075,10.675,1.5,1.6,1.25,0.925,1.25,0.0,-0.45,-1.45,0.225,0.0,0.025,-0.1,-0.15,9,18,21,10,8,9,7,10,21,22,22,17,19,11,22,18,76,195,670,83,87,60,53,60,7.0,0.383,1.0,0.241,0.722,-0.008,2
1.5,2.625,9.225,1.725,1.6,1.275,0.825,1.1,-0.05,0.275,0.8,0.4,0.075,-0.15,-0.025,0.025,11,13,20,10,6,7,5,8,20,19,21,14,15,11,18,17,83,146,545,96,77,60,44,53,7.0,0.383,1.0,0.269,0.761,0.021,2
1.45,2.9,10.025,2.125,1.675,1.125,0.8,1.125,0.8,0.475,0.375,0.2,-0.2,0.15,0.475,0.025,11,18,23,11,7,4,3,5,17,20,24,13,20,16,18,15,84,171,650,106,88,54,42,50,7.0,0.383,1.0,0.295,0.808,0.058,2
2.25,3.375,10.4,2.325,1.475,1.275,1.275,1.15,1.875,1.125,1.3,-0.125,-0.025,3.575,4.425,4.975,11,18,22,13,9,8,7,5,21,18,24,16,15,16,24,18,145,175,640,110,70,63,67,55,7.0,0.383,1.0,0.311,0.888,0.132,2
4.125,4.5,11.7,2.2,1.45,4.85,5.7,6.125,0.825,1.375,2.425,-0.425,0.45,7.9,6.15,11.375,15,18,22,14,6,13,13,12,26,21,23,19,16,19,21,19,257,250,737,114,67,262,375,376,7.0,0.383,1.0,0.311,0.966,0.214,2
4.95,5.875,14.125,1.775,1.9,12.75,11.85,17.5,2.55,4.325,-1.375,0.05,0.65,10.25,6.875,11.175,21,22,23,13,10,20,23,20,28,24,23,19,18,29,23,22,292,348,796,89,92,825,754,968,7.0,0.383,1.0,0.302,0.998,0.256,2
7.5,10.2,12.75,1.825,2.55,23.0,18.725,28.675,0.85,5.275,-1.75,0.475,0.825,8.2,11.6,6.575,19,21,22,8,15,27,26,22,25,28,26,16,21,32,28,22,431,619,720,71,144,1608,1111,1491,7.0,0.383,1.0,0.291,1.017,0.284,2
8.35,15.475,11.0,2.3,3.375,31.2,30.325,35.25,-0.875,4.7,1.275,0.125,-0.075,5.2,6.625,-3.6,15,22,22,15,18,27,23,21,25,28,27,16,26,29,26,26,472,1063,717,98,218,2132,1846,2039,7.0,0.383,1.0,0.283,1.028,0.305,2
7.475,20.175,12.275,2.425,3.3,36.4,36.95,31.65,0.825,-1.125,0.825,-0.025,0.85,10.1,-2.3,-1.925,20,23,25,19,18,27,22,21,26,27,29,21,23,29,23,26,435,1418,805,123,210,2516,2271,1870,7.0,0.383,1.0,0.279,1.031,0.315,2
8.3,19.05,13.1,2.4,4.15,46.5,34.65,29.725,-1.175,-4.4,-1.775,-0.25,0.625,3.6,-4.75,-3.275,22,17,21,14,17,25,19,18,26,24,29,20,24,27,24,20,467,1222,819,123,251,3211,1919,1419,7.0,0.383,1.0,0.277,1.032,0.32,2
7.125,14.65,11.325,2.15,4.775,50.1,29.9,26.45,0.125,-2.225,-1.475,-0.3,-0.8,-13.175,-4.95,-3.225,18,14,19,13,22,24,23,16,25,22,24,19,27,30,25,23,359,833,682,113,282,3451,1694,1340,7.0,0.383,1.0,0.276,1.032,0.322,2
7.25,12.425,9.85,1.85,3.975,36.925,24.95,23.225,-0.775,-0.05,-0.45,-0.2,-0.7,-13.9,-4.9,3.0,15,18,22,10,23,23,24,16,22,22,24,19,28,29,26,23,357,642,602,93,244,2456,1453,1169,7.0,0.383,1.0,0.275,1.032,0.323,2
6.475,12.375,9.4,1.65,3.275,23.025,20.05,26.225,-1.5,5.025,-1.25,-0.075,0.025,1.925,2.825,-4.8,12,18,21,9,23,19,20,16,25,24,27,20,27,27,25,23,370,688,613,87,215,1403,1110,1273,7.0,0.383,1.0,0.275,1.032,0.322,2
4.975,17.4,8.15,1.575,3.3,24.95,22.875,21.425,1.1,-0.225,-0.575,0.125,0.975,12.175,3.4,3.15,17,24,19,8,20,21,21,21,25,25,25,19,27,26,27,25,279,1115,578,87,228,1556,1321,1196,7.0,0.383,1.0,0.274,1.032,0.322,2
6.075,17.175,7.575,1.7,4.275,37.125,26.275,24.575,0.225,-0.3,-1.825,-0.125,-0.3,0.775,-4.075,1.925,21,25,15,10,25,24,20,26,25,23,20,21,28,25,28,27,357,1094,460,92,304,2578,1586,1615,7.0,0.383,1.0,0.274,1.032,0.322,2
6.3,16.875,5.75,1.575,3.975,37.9,22.2,26.5,-0.25,-0.05,-0.35,0.05,-0.825,-7.175,1.1,-6.1,18,26,17,12,24,27,20,25,25,26,23,20,25,27,28,27,387,1154,349,79,256,2765,1371,1599,7.0,0.383,1.0,0.273,1.031,0.321,2
6.05,16.825,5.4,1.625,3.15,30.725,23.3,20.4,1.6,-1.2,0.725,0.375,0.25,-2.025,-0.85,-1.225,19,27,21,15,18,27,24,21,22,28,32,21,22,26,29,27,363,1080,372,90,194,2069,1546,1215,7.0,0.383,1.0,0.273,1.03,0.32,2
7.65,15.625,6.125,2.0,3.4,28.7,22.45,19.175,-0.75,0.725,-0.6,-0.2,-0.175,-2.0,-0.3,-0.975,19,25,22,16,19,22,21,20,24,25,27,19,20,25,28,24,469,816,400,109,195,1776,1400,1193,7.0,0.383,1.0,0.272,1.031,0.32,2
6.9,16.35,5.525,1.8,3.225,26.7,22.15,18.2,-3.35,-7.55,-1.95,-0.425,-1.25,-11.2,-6.475,-8.4,14,23,21,13,16,13,20,20,22,23,25,18,20,25,24,22,404,871,366,97,163,1410,1242,1141,7.0,0.383,1.0,0.272,1.031,0.32,2
3.55,8.8,3.575,1.375,1.975,15.5,15.675,9.8,-1.85,-7.05,-1.65,-0.225,-0.775,-11.9,-12.55,-8.625,9,14,16,10,11,7,17,14,15,16,17,19,22,17,20,22,193,461,236,76,109,781,1000,650,7.0,0.383,1.0,0.238,0.894,0.198,2
1.7,1.75,1.925,1.15,1.2,3.6,3.125,1.175,-0.575,-0.425,-0.2,-0.075,-0.1,-2.575,-2.125,-0.25,4,6,13,10,5,2,8,5,10,16,18,22,16,11,16,18,65,66,108,66,49,88,182,68,7.0,0.383,1.0,0.201,0.742,0.063,2
1.125,1.325,1.725,1.075,1.1,1.025,1.0,0.925,-0.05,-0.275,-0.1,0.225,-0.025,0.075,0.075,0.05,5,8,9,9,3,4,6,4,8,22,26,26,13,14,14,22,44,64,102,68,42,38,41,45,7.0,0.383,1.0,0.197,0.727,0.05,2
1.075,1.05,1.625,1.3,1.075,1.1,1.075,0.975,0.05,0.05,0.325,0.2,0.25,-0.1,-0.175,-0.075,5,7,8,15,2,4,7,3,11,21,26,28,12,19,15,21,41,55,91,85,36,42,42,40,7.0,0.383,1.0,0.196,0.728,0.05,2
1.125,1.1,1.95,1.5,1.325,1.0,0.9,0.9,0.1,0.9,7.275,1.15,0.925,0.525,0.1,0.1,6,7,15,15,5,1,7,3,14,22,25,18,15,20,16,13,39,62,109,74,54,41,40,30,7.0,0.383,1.0,0.196,0.729,0.05,2
1.225,2.0,9.225,2.65,2.25,1.525,1.0,1.0,0.225,1.65,8.25,1.25,0.7,0.45,0.4,0.1,8,11,19,15,8,5,4,6,16,20,27,16,16,16,15,16,57,128,662,133,88,58,47,36,7.0,0.383,1.0,0.197,0.732,0.051,2
1.45,3.65,17.475,3.9,2.95,1.975,1.4,1.1,0.125,2.025,6.9,-0.6,-0.55,-0.35,-0.2,0.025,6,21,18,23,11,12,5,8,17,24,31,26,15,15,16,21,83,245,1093,251,133,84,63,51,7.0,0.383,1.0,0.204,0.74,0.055,2
1.575,5.675,24.375,3.3,2.4,1.625,1.2,1.125,0.1,1.85,3.725,-0.6,-0.7,-0.475,-0.325,0.0,11,22,18,19,14,12,4,9,20,28,29,25,20,20,14,20,97,390,1502,218,124,82,48,58,7.0,0.383,1.0,0.216,0.756,0.068,2
1.675,7.525,28.1,2.7,1.7,1.15,0.875,1.125,0.05,0.325,-4.8,0.2,-0.225,-0.225,0.1,0.25,11,23,25,16,14,5,3,8,20,31,29,21,21,17,16,19,111,535,1871,166,85,58,41,52,7.0,0.383,1.0,0.235,0.785,0.093,2
1.725,7.85,23.3,2.9,1.475,0.925,0.975,1.375,0.175,1.5,-5.1,-0.1,0.05,0.175,0.7,2.675,8,23,26,20,9,2,5,8,25,27,27,18,21,17,18,17,113,506,1491,184,80,49,49,68,7.0,0.383,1.0,0.256,0.826,0.127,2
1.9,9.35,18.2,2.8,1.525,1.1,1.675,4.05,0.725,5.975,-0.325,-0.475,-0.125,2.975,1.95,8.175,9,18,23,16,4,5,9,14,18,22,24,15,20,23,18,18,97,513,1116,141,74,59,89,219,7.0,0.383,1.0,0.275,0.877,0.169,2
2.625,15.325,17.875,2.325,1.4,4.075,3.625,12.225,0.475,0.475,3.025,-0.375,0.375,3.95,3.675,9.9,13,18,21,10,5,18,19,23,15,25,27,18,15,26,22,24,134,927,1173,107,57,259,233,790,7.0,0.383,1.0,0.288,0.93,0.211,2
3.1,15.8,20.9,1.95,1.775,8.025,7.3,22.125,1.65,-2.55,-0.475,0.05,0.975,7.425,8.975,10.075,15,19,20,11,12,26,24,25,18,26,25,21,22,29,27,28,173,1015,1317,115,106,556,487,1424,7.0,0.383,1.0,0.293,0.975,0.246,2
4.75,13.25,20.425,2.0,2.75,15.45,16.275,32.2,3.175,2.525,-4.625,0.325,0.175,6.375,11.125,7.85,18,22,23,12,21,25,20,20,25,24,24,17,29,27,22,28,315,850,1331,113,178,1078,916,1957,7.0,0.383,1.0,0.293,1.009,0.275,2
7.925,15.775,15.8,2.325,2.925,21.825,27.4,40.05,1.0,5.7,-2.6,-0.275,-0.1,-0.875,2.775,2.675,20,20,24,22,23,25,21,21,23,23,24,22,28,25,22,27,465,971,1015,141,191,1482,1702,2398,7.0,0.383,1.0,0.294,1.031,0.298,2
8.925,21.475,13.2,2.05,2.825,20.95,30.175,42.725,-0.625,-0.35,4.775,0.0,0.15,5.275,1.05,-5.825,18,24,22,20,20,24,23,22,24,27,26,22,27,25,25,27,509,1432,774,134,181,1406,1819,2735,7.0,0.383,1.0,0.295,1.041,0.311,2
8.3,21.125,17.975,2.05,2.975,26.225,31.225,36.9,1.075,1.3,2.325,0.55,0.75,6.35,-1.3,-5.775,17,26,26,11,18,23,21,22,27,28,29,22,26,27,23,27,478,1347,1172,128,193,1739,1571,2271,7.0,0.383,1.0,0.296,1.044,0.316,2
9.375,22.425,20.3,2.6,3.725,32.575,29.925,31.125,0.325,1.1,0.575,0.375,0.125,1.275,-1.95,7.825,20,22,23,14,16,23,15,16,24,26,26,22,26,31,24,27,555,1412,1318,159,255,2107,1489,1671,7.0,0.383,1.0,0.296,1.047,0.319,2
9.7,23.525,20.875,2.975,3.85,33.85,27.975,38.95,-0.35,-3.5,0.225,-0.3,-1.05,-0.9,5.225,1.675,23,22,19,16,15,26,14,15,23,23,22,19,26,34,23,29,605,1463,1127,172,256,2195,1489,2482,7.0,0.383,1.0,0.295,1.048,0.322,2
9.35,20.025,21.1,2.675,2.8,32.95,33.2,40.625,1.525,1.3,-3.5,-0.475,-0.35,-2.975,-3.0,-7.4,24,22,22,20,14,25,20,17,24,28,22,22,22,28,26,28,604,1220,1211,153,167,2060,1950,2573,7.0,0.383,1.0,0.295,1.048,0.324,2
10.875,21.325,17.6,2.2,2.45,29.975,30.2,33.225,-1.65,-2.35,-4.3,0.025,0.05,-1.75,-6.425,-2.025,26,20,22,17,16,22,21,21,26,24,24,26,17,25,25,24,736,1254,1173,131,130,1830,1686,1993,7.0,0.383,1.0,0.295,1.048,0.326,2
9.225,18.975,13.3,2.225,2.5,28.225,23.775,31.2,-2.625,-2.125,-1.75,0.325,0.55,3.075,2.6,-0.85,23,18,16,16,15,19,22,22,27,22,24,27,20,25,23,26,598,1019,845,131,149,1732,1183,1834,7.0,0.383,1.0,0.295,1.049,0.327,2
6.6,16.85,11.55,2.55,3.05,31.3,26.375,30.35,-0.1,0.3,7.05,0.0,0.85,2.5,-1.675,-2.125,21,23,18,23,18,17,26,18,25,28,27,27,25,25,27,28,411,1075,806,156,209,1832,1697,1649,7.0,0.383,1.0,0.295,1.049,0.327,2
6.5,17.15,18.6,2.55,3.9,33.8,24.7,28.225,-0.2,-1.25,3.475,-0.45,-0.8,-7.4,-4.6,-2.95,17,28,22,22,25,18,24,19,23,30,24,27,27,25,27,26,343,1094,1260,165,273,1939,1605,1549,7.0,0.383,1.0,0.295,1.049,0.327,2
6.3,15.9,22.075,2.1,3.1,26.4,20.1,25.275,-0.2,4.175,-2.75,0.15,-0.375,4.1,4.025,4.275,15,25,22,18,20,19,22,23,26,31,25,20,27,26,26,29,329,983,1377,119,207,1656,1166,1596,7.0,0.383,1.0,0.295,1.048,0.328,2
6.1,20.075,19.325,2.25,2.725,30.5,24.125,29.55,-0.9,3.1,-2.975,0.1,0.825,8.35,8.475,0.9,20,20,23,17,18,18,21,20,29,26,23,20,28,23,24,29,370,1116,1159,133,184,1772,1438,2014,7.0,0.383,1.0,0.295,1.048,0.329,2
5.2,23.175,16.35,2.35,3.55,38.85,32.6,30.45,-0.025,-2.425,-3.7,0.0,0.175,-1.925,-2.825,-7.45,19,24,19,12,24,21,24,14,28,28,21,22,27,20,28,24,311,1453,890,125,246,2170,2080,1767,7.0,0.383,1.0,0.294,1.048,0.33,2
5.175,20.75,12.65,2.35,3.725,36.925,29.775,23.0,0.725,5.625,0.575,-0.375,-0.55,-0.525,-6.225,1.45,18,21,15,15,27,22,24,15,30,27,20,26,26,25,31,24,317,1357,577,133,246,2197,2020,1262,7.0,0.383,1.0,0.294,1.048,0.33,2
5.9,26.375,13.225,1.975,3.175,36.4,23.55,24.45,-0.575,-1.675,2.775,-0.5,-0.675,-3.05,-1.35,-0.9,18,20,16,14,25,25,17,18,28,25,22,23,27,30,25,25,378,1621,723,112,194,2398,1285,1472,7.0,0.383,1.0,0.294,1.048,0.331,2
5.325,24.7,16.0,1.475,2.5,33.35,22.2,23.55,-0.175,-8.225,0.075,0.05,0.075,-8.675,-2.95,-0.425,13,24,18,9,19,26,17,17,25,27,24,17,24,28,19,25,338,1617,967,85,135,2213,1123,1360,7.0,0.383,1.0,0.294,1.049,0.332,2
5.15,16.475,16.075,1.525,2.575,24.675,19.25,23.125,-0.375,-0.725,-2.25,0.575,-0.075,-4.175,-0.375,1.625,14,24,21,10,17,20,22,22,24,24,23,17,24,23,23,29,320,1029,958,88,135,1516,1072,1452,7.0,0.383,1.0,0.293,1.049,0.332,2
4.775,15.75,13.825,2.1,2.5,20.5,18.875,24.75,0.475,0.925,-0.375,0.325,0.15,7.2,0.65,-1.15,20,23,25,16,16,21,25,24,25,22,25,23,20,27,25,27,312,998,900,129,139,1320,1194,1550,7.0,0.383,1.0,0.293,1.05,0.332,2
5.25,16.675,13.45,2.425,2.65,27.7,19.525,23.6,0.575,2.8,-0.75,-0.225,0.875,2.125,3.925,3.675,17,19,21,15,15,23,26,24,25,21,25,22,20,27,31,29,314,928,870,138,167,1767,1404,1618,7.0,0.383,1.0,0.293,1.05,0.332,2
5.825,19.475,12.7,2.2,3.525,29.825,23.45,27.275,-0.55,-1.05,-2.775,-0.125,0.025,2.35,4.95,-2.175,19,22,23,17,22,21,23,22,24,25,28,20,24,26,29,28,353,1247,832,121,243,1753,1518,1776,7.0,0.383,1.0,0.292,1.05,0.332,2
5.275,18.425,9.925,2.075,3.55,32.175,28.4,25.1,-0.775,-5.75,-0.675,-0.15,-1.25,-7.725,-7.425,-11.275,24,23,29,17,20,21,16,20,23,24,31,20,23,26,23,27,315,1148,701,109,219,1963,1432,1481,7.0,0.383,1.0,0.292,1.049,0.332,2
4.5,12.675,9.25,1.925,2.3,24.45,20.975,13.825,-1.875,-6.85,-3.55,-0.225,-1.075,-18.425,-14.1,-9.7,17,19,23,13,12,14,12,15,22,21,27,20,19,23,21,27,263,759,612,97,121,1463,959,871,7.0,0.383,1.0,0.261,0.948,0.256,2
2.625,5.825,5.7,1.7,1.225,6.025,6.875,4.125,-0.95,-4.0,-3.475,-0.125,0.025,-5.0,-5.55,-2.775,10,12,15,14,7,6,8,10,20,17,20,21,19,20,21,22,154,365,354,105,57,282,368,261,7.0,0.383,1.0,0.211,0.778,0.132,2
1.675,1.825,2.225,1.575,1.25,1.025,1.325,1.35,-0.125,-0.025,0.6,-0.225,0.0,0.0,-0.225,0.125,15,11,13,11,3,7,9,13,18,21,19,20,20,16,20,27,85,102,124,99,52,49,65,73,7.0,0.383,1.0,0.195,0.707,0.083,2
1.55,1.8,2.825,1.35,1.25,1.025,1.1,1.475,-0.25,-0.2,2.275,0.475,0.25,0.25,0.2,-0.175,14,14,17,10,0,5,10,12,17,19,25,23,18,17,18,22,85,106,194,86,51,53,56,89,7.0,0.383,1.0,0.199,0.705,0.08,2
1.3,1.6,5.1,1.825,1.5,1.275,1.3,1.3,0.325,1.85,8.5,1.825,1.225,0.15,0.075,-0.175,11,11,19,11,8,6,11,8,20,18,23,21,18,16,17,18,68,86,308,91,74,61,65,78,7.0,0.383,1.0,0.203,0.707,0.078,2
1.625,3.45,13.6,3.65,2.725,1.425,1.375,1.125,0.1,1.3,5.75,0.175,0.0,-0.15,-0.3,0.05,13,12,25,19,19,9,11,10,26,20,26,21,18,16,17,22,94,195,848,217,158,73,65,61,7.0,0.383,1.0,0.212,0.716,0.078,2
1.725,4.75,19.35,3.825,2.725,1.275,1.075,1.175,-0.4,-1.2,-1.75,-1.275,-0.6,0.075,-0.1,0.05,15,15,26,18,18,7,7,11,21,21,29,21,18,12,20,18,97,259,1263,229,151,59,57,56,7.0,0.383,1.0,0.227,0.735,0.084,2
1.325,3.55,17.6,2.55,2.125,1.35,0.975,1.225,0.025,-0.125,-0.325,0.35,-0.25,-0.05,0.075,0.0,9,15,22,14,18,11,6,10,13,22,25,21,21,14,20,19,64,210,1153,134,115,61,54,60,7.0,0.383,1.0,0.249,0.766,0.097,2
1.35,3.425,17.275,2.9,1.875,1.3,1.05,1.225,0.0,0.25,-2.35,0.175,-0.35,-0.175,-0.225,-0.15,5,18,22,20,17,14,9,7,18,26,23,21,22,24,18,18,55,208,1080,169,113,70,54,54,7.0,0.383,1.0,0.272,0.805,0.117,2
1.35,3.675,14.925,3.075,1.525,1.125,0.825,1.075,-0.1,-0.275,-2.475,-0.925,0.2,0.075,-0.025,0.05,11,16,22,21,11,10,8,8,20,26,26,24,19,22,16,16,63,229,910,182,97,60,50,50,7.0,0.383,1.0,0.294,0.854,0.146,2
1.25,3.4,12.45,2.15,1.725,1.2,0.8,1.125,0.125,0.25,-0.925,-0.45,0.025,0.025,0.3,0.1,14,11,24,13,6,8,4,9,17,23,29,22,17,14,16,13,69,203,838,120,101,55,45,50,7.0,0.383,1.0,0.311,0.911,0.185,2
1.375,3.65,11.525,1.7,1.75,1.225,1.1,1.225,0.5,0.6,0.35,0.05,-0.275,4.225,2.55,3.95,13,13,26,12,10,10,4,9,16,24,28,22,22,13,14,21,72,212,796,108,99,56,49,65,7.0,0.383,1.0,0.319,0.961,0.223,2
1.875,4.25,11.875,1.75,1.475,5.45,3.65,5.175,2.5,1.5,0.075,-0.05,0.125,8.925,4.7,5.375,15,18,25,11,9,20,13,14,20,25,25,19,20,21,22,25,116,268,801,102,74,356,209,346,7.0,0.383,1.0,0.319,1.003,0.257,2
4.375,5.75,11.95,1.7,1.6,14.375,8.35,10.55,1.575,0.2,-1.575,0.125,0.95,7.15,7.05,6.85,17,22,23,11,9,29,19,20,23,26,25,22,21,30,27,26,246,364,719,95,77,1021,468,733,7.0,0.383,1.0,0.313,1.038,0.285,2
5.95,5.95,10.375,1.825,2.55,21.525,15.4,17.4,3.85,3.7,-1.3,0.075,0.2,1.825,9.0,6.75,20,22,22,14,13,26,20,24,27,28,27,29,21,26,25,28,370,362,678,115,144,1401,895,1148,7.0,0.383,1.0,0.307,1.058,0.302,2
9.8,9.65,9.075,1.9,2.75,23.35,24.4,24.15,2.475,2.875,-1.275,-0.225,-0.15,9.225,-1.875,1.5,20,20,22,18,15,20,21,23,26,27,23,27,19,24,27,27,595,543,569,115,163,1300,1461,1467,7.0,0.383,1.0,0.305,1.066,0.312,2
12.275,12.525,7.8,1.675,2.6,32.575,22.525,25.65,-2.25,2.225,2.775,0.575,1.275,6.275,-4.45,0.825,22,22,16,12,19,22,17,22,23,26,19,25,23,25,28,27,718,739,421,102,168,2087,1370,1698,7.0,0.383,1.0,0.304,1.068,0.318,2
10.025,14.75,10.575,2.25,3.875,38.85,18.075,26.475,-0.1,2.825,1.175,0.4,0.475,-4.25,3.625,-0.6,20,22,18,16,21,24,19,18,22,24,23,28,28,27,25,25,570,960,658,152,265,2623,1065,1698,7.0,0.383,1.0,0.304,1.069,0.322,2
9.925,17.575,11.75,2.65,4.35,34.6,21.7,25.875,-0.525,-1.725,0.65,-0.3,-0.875,2.625,3.65,1.725,16,21,21,15,20,18,22,18,17,28,21,23,26,23,25,25,492,1265,675,145,285,2051,1317,1494,7.0,0.383,1.0,0.304,1.071,0.325,2
9.4,15.85,12.4,2.35,3.475,37.225,25.35,27.6,0.025,-1.925,0.8,-0.025,-0.4,9.75,5.85,5.0,20,22,21,11,18,17,23,19,20,27,25,20,22,22,26,25,492,1021,715,117,214,2076,1535,1639,7.0,0.383,1.0,0.304,1.073,0.326,2
9.425,13.925,13.2,2.325,3.075,46.975,31.2,32.6,-0.15,-0.425,-1.675,-0.225,0.5,-2.95,-0.9,2.75,23,23,20,13,19,25,22,21,28,25,23,22,24,28,29,26,576,861,814,130,196,3000,1948,2009,7.0,0.383,1.0,0.304,1.075,0.328,2
9.275,13.5,11.525,2.1,3.575,44.025,30.3,35.35,-2.45,1.35,-0.425,-0.025,0.275,-9.225,-2.85,-3.675,16,21,20,14,21,28,19,24,23,26,21,23,27,29,28,29,533,750,733,114,229,2862,1861,2174,7.0,0.383,1.0,0.305,1.076,0.328,2
6.825,14.85,11.1,2.075,3.85,34.8,27.45,31.675,-0.775,1.35,-0.05,0.275,0.775,6.875,0.875,-5.825,18,23,19,16,17,20,21,22,21,29,23,23,22,23,26,30,367,874,685,117,228,1898,1604,1949,7.0,0.383,1.0,0.306,1.076,0.328,2
6.05,16.2,11.05,2.35,4.625,41.675,28.325,25.85,0.5,2.175,-0.5,-0.225,-0.45,-1.125,-1.825,3.7,25,23,20,17,17,17,21,25,27,30,25,26,21,24,25,33,369,1056,693,136,282,2270,1733,1853,7.0,0.383,1.0,0.306,1.076,0.328,2
6.55,18.375,10.55,2.125,4.175,40.55,26.5,29.55,1.125,-0.25,-0.3,-0.3,-0.725,-1.475,5.5,0.375,21,23,24,17,17,19,20,20,29,30,28,27,24,28,21,29,403,1212,676,129,269,2454,1445,1748,7.0,0.383,1.0,0.306,1.075,0.328,2
7.675,18.125,10.25,1.825,3.45,39.075,32.0,29.925,0.65,0.125,1.45,0.025,0.75,3.5,-0.575,-3.9,15,25,24,14,16,24,21,14,26,30,28,21,25,29,24,22,467,1189,668,99,225,2298,1892,1483,7.0,0.383,1.0,0.306,1.074,0.328,2
8.325,18.25,11.7,1.85,4.2,42.575,31.425,26.025,-1.725,-2.15,-1.5,-0.375,-0.7,-12.05,-10.825,1.0,14,23,24,14,17,22,15,14,26,30,27,24,25,25,29,22,527,1132,758,103,284,2411,1762,1362,7.0,0.383,1.0,0.306,1.073,0.329,2
6.6,16.1,10.2,1.475,3.5,30.525,20.6,27.025,-0.425,-3.275,1.65,0.175,0.4,0.825,-2.225,2.0,17,24,24,9,14,17,8,16,26,29,25,17,24,23,22,27,414,1058,664,77,216,1649,883,1484,7.0,0.383,1.0,0.305,1.072,0.329,2
6.175,12.825,11.85,1.65,3.9,31.35,18.375,29.025,1.05,0.025,1.975,0.325,0.0,11.475,2.1,2.475,21,21,20,9,17,16,12,23,26,24,24,18,25,25,21,26,383,738,725,85,206,1761,898,1824,7.0,0.383,1.0,0.305,1.073,0.33,2
7.225,12.85,13.825,1.975,3.9,42.825,20.475,31.5,0.65,-1.075,-3.975,-0.425,-0.85,0.75,1.475,-4.225,20,17,17,15,21,21,15,24,26,18,24,23,24,26,21,26,424,625,784,115,216,2658,1106,2112,7.0,0.383,1.0,0.305,1.073,0.33,2
7.875,11.775,9.85,1.55,3.05,43.575,21.95,27.275,-1.725,0.9,-0.125,0.025,0.6,-0.65,2.875,-4.35,21,24,17,13,21,24,15,18,24,24,24,17,24,26,20,24,443,682,570,76,195,2815,1256,1544,7.0,0.383,1.0,0.305,1.073,0.331,2
6.15,12.675,9.725,1.575,3.65,42.925,24.825,22.925,-0.3,0.925,2.2,0.45,-0.275,-4.8,-1.525,1.5,22,29,16,9,15,22,17,16,24,29,27,15,19,26,22,20,357,873,638,70,225,2708,1366,1100,7.0,0.383,1.0,0.305,1.073,0.331,2
5.85,13.6,11.925,2.025,3.375,38.125,23.3,24.425,1.575,0.1,-0.825,0.025,0.125,-5.375,-0.75,4.925,23,22,20,11,17,23,20,22,27,23,28,22,23,26,29,25,377,840,804,105,215,2336,1347,1450,7.0,0.383,1.0,0.305,1.073,0.33,2
1.7,1.75,5.825,1.325,0.925,0.975,1.025,1.425,-0.4,-0.05,-0.875,0.15,0.225,-0.15,0.125,0.325,14,11,18,15,7,3,8,7,20,18,23,13,15,11,14,16,85,84,367,67,40,37,49,80,8.0,0.383,1.383,0.197,0.68,-0.001,2
1.3,1.7,4.95,1.475,1.15,0.825,1.15,1.75,0.2,0.2,0.275,1.2,1.975,0.975,0.525,-0.25,14,10,16,19,6,2,9,10,16,19,25,23,14,10,18,19,66,81,292,86,38,31,52,115,8.0,0.383,1.383,0.199,0.68,-0.002,2
1.5,1.9,5.225,2.675,3.125,1.8,1.675,1.5,0.175,0.45,1.325,0.275,0.225,0.125,-0.075,-0.45,14,15,20,15,10,8,16,9,18,19,25,22,15,17,24,19,76,105,305,135,135,101,91,86,8.0,0.383,1.383,0.211,0.698,0.005,2
1.675,2.35,6.55,2.95,3.35,1.925,1.6,1.05,-0.35,-0.025,0.275,-0.775,-1.775,-0.95,-0.6,-0.2,13,19,21,15,14,12,12,5,20,21,25,24,21,19,19,14,87,133,398,168,180,104,82,46,8.0,0.383,1.383,0.231,0.734,0.019,2
1.325,2.325,6.825,2.175,1.575,0.975,1.0,0.85,0.05,0.025,0.3,0.0,-0.125,0.225,-0.025,0.05,9,15,17,16,8,8,4,5,20,21,22,29,19,17,14,13,64,126,408,141,93,52,44,39,8.0,0.383,1.383,0.252,0.783,0.036,2
1.375,2.35,7.125,2.175,1.45,1.2,0.975,0.9,1.0,0.675,1.475,-0.1,0.075,0.075,0.1,0.15,8,16,15,16,6,4,4,3,24,21,21,24,17,14,13,19,75,148,423,135,80,45,38,48,8.0,0.383,1.383,0.28,0.873,0.066,2
2.375,3.025,8.6,2.075,1.525,1.275,1.075,1.05,0.7,0.05,1.35,-0.2,-0.125,-0.1,0.05,0.2,17,17,16,12,11,9,7,2,27,21,25,16,20,18,15,16,164,188,541,122,82,49,49,46,8.0,0.383,1.383,0.306,1.013,0.123,2
3.075,3.075,9.95,1.875,1.4,1.175,1.125,1.25,0.125,0.6,-0.15,-0.25,-0.025,0.45,1.325,3.55,18,15,19,10,11,12,9,3,20,21,23,19,24,18,18,16,191,179,608,102,81,58,56,54,8.0,0.383,1.383,0.313,1.131,0.182,2
3.2,3.675,9.8,1.625,1.375,1.625,2.45,4.8,1.15,1.9,0.325,-0.225,0.2,3.55,4.125,5.175,12,16,21,10,6,14,14,13,20,20,26,20,23,21,20,22,160,211,641,80,73,89,135,294,8.0,0.383,1.383,0.302,1.198,0.228,2
4.35,5.575,10.125,1.4,1.575,5.175,6.575,9.975,1.85,3.2,0.55,0.075,0.475,8.225,7.55,3.95,15,20,16,9,10,20,18,22,23,23,26,23,22,26,21,23,226,335,614,84,80,330,398,649,8.0,0.383,1.383,0.291,1.236,0.259,2
6.2,8.775,10.675,1.475,2.05,13.4,14.125,13.925,0.825,1.8,3.575,-0.025,0.225,9.775,6.45,11.625,22,18,15,9,17,22,22,22,22,20,20,25,23,24,26,27,388,496,531,91,128,811,898,918,8.0,0.383,1.383,0.282,1.259,0.275,2
7.025,10.575,14.25,1.45,2.275,23.175,20.575,25.55,-0.3,-1.275,2.0,-0.05,0.1,2.275,0.475,9.925,23,19,21,8,16,22,24,21,25,20,23,19,26,25,30,30,461,630,803,75,143,1417,1331,1664,8.0,0.383,1.383,0.277,1.274,0.288,2
6.725,9.3,16.25,1.4,2.375,25.45,21.05,35.475,-0.5,-0.875,-2.55,0.55,0.625,3.375,0.1,-1.2,22,24,27,10,16,25,20,23,25,26,29,23,25,28,30,27,412,609,1092,76,145,1673,1315,2347,8.0,0.383,1.383,0.274,1.281,0.296,2
6.225,8.425,13.7,1.95,3.0,28.825,21.15,34.275,0.45,3.1,0.825,0.45,0.65,14.475,6.35,-4.075,16,23,22,16,20,22,21,30,23,25,26,26,24,27,30,28,364,509,879,105,188,1933,1297,2360,8.0,0.383,1.383,0.274,1.284,0.301,2
6.675,11.525,14.525,2.4,3.65,43.3,27.5,30.2,2.875,3.825,3.15,0.1,1.125,14.2,1.1,2.5,14,18,21,19,23,18,19,28,21,20,21,25,25,25,28,29,400,619,807,129,226,2668,1587,2060,8.0,0.383,1.383,0.274,1.285,0.303,2
9.55,15.35,17.675,2.5,4.775,57.5,28.6,32.7,-0.225,-0.975,1.05,0.3,-0.45,-1.775,-4.05,-2.725,22,25,25,20,24,18,16,26,23,26,23,24,26,23,28,27,600,939,1052,140,296,3352,1624,2079,8.0,0.383,1.383,0.274,1.285,0.305,2
9.325,14.375,18.725,2.8,4.325,55.725,24.55,29.975,-2.45,-2.025,-3.825,0.125,-0.825,-9.825,4.95,-0.225,21,26,22,14,20,22,16,24,26,29,24,22,24,28,25,27,625,957,1151,160,262,3591,1413,2056,8.0,0.383,1.383,0.274,1.285,0.306,2
6.875,12.35,14.9,2.925,3.5,45.9,29.5,29.75,0.375,-1.5,-6.15,-0.5,0.35,-8.85,4.825,3.475,20,24,24,13,15,21,17,21,25,27,27,22,21,26,25,28,478,735,885,165,220,2869,1358,1877,8.0,0.383,1.383,0.274,1.285,0.306,2
7.25,10.85,8.75,2.425,3.85,37.05,34.325,33.225,0.375,-0.125,-1.15,-0.25,0.35,6.1,-1.325,-6.8,22,22,20,13,16,19,18,19,22,26,22,24,25,26,28,24,484,647,503,139,253,2199,1506,1840,8.0,0.383,1.383,0.274,1.285,0.306,2
7.625,10.725,7.6,2.175,4.2,43.15,33.0,26.425,0.475,0.925,0.125,-0.175,1.1,7.825,-2.8,-0.025,19,18,17,16,19,22,18,18,23,26,24,24,23,30,27,26,459,665,484,123,260,2722,1658,1529,8.0,0.383,1.383,0.274,1.285,0.306,2
8.1,11.65,7.725,2.0,5.3,50.975,30.2,26.4,-0.975,-1.675,0.3,-0.05,0.275,2.2,-0.65,2.85,17,19,20,16,24,26,16,19,22,26,31,24,26,29,27,26,447,713,504,115,364,3508,1576,1671,8.0,0.383,1.383,0.274,1.287,0.306,2
7.125,9.975,8.025,1.95,5.575,53.175,29.55,29.25,0.05,0.125,-0.425,0.175,-0.575,-5.2,-2.55,3.825,21,17,19,15,26,27,20,18,28,25,24,22,29,30,29,24,428,586,491,105,372,3641,1737,1819,8.0,0.383,1.383,0.275,1.288,0.306,2
7.175,10.1,7.6,2.125,5.0,47.975,27.0,33.075,-2.325,-3.55,-1.7,-0.375,-2.05,-29.55,-14.825,-14.2,24,23,18,19,25,25,24,19,31,29,20,25,26,28,25,24,491,679,429,120,312,3126,1716,1953,8.0,0.383,1.383,0.276,1.287,0.306,2
4.85,6.55,5.9,1.75,2.95,18.425,12.175,18.875,-3.875,-5.25,0.15,-0.1,-1.85,-17.55,-11.225,-17.95,16,18,21,13,14,12,16,12,21,26,23,23,20,16,19,18,326,437,341,102,176,1107,740,1051,8.0,0.383,1.383,0.238,1.007,0.165,2
0.975,1.3,6.05,1.65,1.1,0.875,0.95,0.925,0.05,0.1,0.425,0.075,0.075,-0.125,0.0,0.275,8,12,21,13,4,5,5,2,13,22,20,20,14,17,10,18,49,78,340,99,46,47,35,42,8.0,0.383,1.383,0.2,0.727,0.024,2
1.025,1.4,6.475,1.725,1.175,0.75,0.95,1.2,0.125,0.025,-0.5,0.075,0.4,0.35,0.125,-0.025,8,11,18,12,6,6,6,7,12,22,22,19,15,18,13,23,56,83,413,96,46,46,37,79,8.0,0.383,1.383,0.199,0.728,0.024,2
1.15,1.425,5.975,1.8,1.575,1.1,1.075,1.175,0.575,0.75,4.4,1.3,0.875,1.0,0.35,0.2,6,8,16,12,13,10,9,8,13,17,21,20,16,15,20,17,57,73,370,103,73,60,56,73,8.0,0.383,1.383,0.199,0.729,0.025,2
1.725,2.175,10.375,3.1,2.45,2.1,1.425,1.375,0.2,0.3,1.6,0.95,0.525,0.15,0.15,0.15,10,11,21,15,12,14,10,7,20,17,23,22,19,18,21,15,95,110,653,165,129,105,72,62,8.0,0.383,1.383,0.201,0.732,0.026,2
1.925,2.475,11.975,4.05,2.975,2.25,1.575,1.525,-0.725,0.425,1.625,-0.775,-0.125,-0.525,-0.175,-0.375,10,11,25,13,11,14,10,9,22,24,26,21,22,21,18,13,101,127,757,207,158,114,67,64,8.0,0.383,1.383,0.208,0.741,0.03,2
1.2,2.9,13.6,3.275,2.85,1.725,1.4,1.15,0.025,0.65,2.0,-0.65,-0.6,-0.275,-0.1,-0.075,5,15,23,15,15,11,12,8,18,27,30,19,23,21,16,15,67,182,929,179,138,93,63,50,8.0,0.383,1.383,0.22,0.76,0.041,2
1.225,3.55,15.6,2.625,2.25,1.45,1.3,1.075,0.2,-0.75,-4.925,-0.35,-0.5,-0.225,-0.025,0.025,9,20,26,18,14,9,12,8,18,29,31,23,24,16,15,22,62,236,1077,164,119,65,69,57,8.0,0.383,1.383,0.238,0.793,0.062,2
1.425,2.8,10.675,2.275,1.75,1.225,1.275,1.1,0.0,-0.4,-0.5,0.125,0.225,0.05,-0.025,-0.175,8,13,26,15,9,10,10,7,16,26,23,26,21,17,21,19,67,186,668,141,92,55,72,55,8.0,0.383,1.383,0.261,0.839,0.089,2
1.425,2.4,10.175,2.4,1.975,1.275,1.25,0.925,0.325,0.55,0.85,0.2,-0.15,-0.025,-0.125,0.0,8,11,21,11,10,8,9,4,21,20,21,24,15,18,19,14,85,136,608,141,95,60,63,42,8.0,0.383,1.383,0.284,0.9,0.123,2
1.75,2.95,11.025,2.6,1.825,1.25,1.125,0.925,-0.3,0.275,-0.1,-0.075,-0.5,-0.3,-0.1,-0.025,14,17,24,15,9,8,10,4,24,20,28,21,15,14,19,14,98,161,751,158,89,55,55,46,8.0,0.383,1.383,0.301,0.964,0.155,2
1.45,3.225,10.925,2.525,1.325,0.95,1.025,0.9,-0.175,0.275,1.8,-0.275,-0.075,0.0,-0.025,-0.125,7,17,22,16,4,4,11,3,20,17,26,21,16,12,21,19,75,150,684,156,64,36,54,49,8.0,0.383,1.383,0.307,1.026,0.182,2
1.275,3.5,12.725,2.25,1.25,0.95,1.0,0.775,0.2,1.25,-1.1,-0.425,-0.125,-0.025,0.075,0.3,9,17,19,12,4,3,7,0,16,20,22,22,16,11,13,15,71,186,764,138,58,35,39,33,8.0,0.383,1.383,0.308,1.085,0.204,2
1.475,4.75,11.625,1.825,1.125,0.925,1.075,1.075,1.3,0.3,-1.8,-0.2,0.175,2.775,4.975,15.925,15,25,22,13,7,6,8,7,19,25,28,22,19,15,14,18,91,296,774,113,59,47,48,57,8.0,0.383,1.383,0.304,1.139,0.219,2
2.775,5.05,9.825,1.625,1.3,3.7,6.05,17.0,1.025,0.325,2.525,0.125,0.3,6.55,10.4,14.8,15,24,21,13,7,12,12,17,19,24,29,26,18,19,21,24,139,311,590,101,68,225,239,1069,8.0,0.383,1.383,0.296,1.196,0.23,2
3.8,5.375,12.35,1.75,1.6,10.25,16.45,31.8,1.325,4.675,1.0,0.325,0.175,7.775,3.3,3.925,14,21,21,9,8,18,16,20,17,22,24,25,23,23,23,25,205,327,759,95,90,604,873,2069,8.0,0.383,1.383,0.286,1.245,0.238,2
5.125,10.05,13.35,2.075,1.775,18.025,19.75,35.725,1.85,3.8,-1.375,-0.025,0.85,7.075,-1.3,0.55,15,22,26,14,17,22,20,20,21,24,25,26,26,27,27,24,311,658,875,131,113,1140,1224,2174,8.0,0.383,1.383,0.276,1.275,0.246,2
6.975,13.85,11.975,2.05,2.625,25.1,18.45,36.275,-0.8,-1.025,-0.15,-0.225,-0.025,-0.225,0.7,3.425,21,20,25,14,21,25,17,22,26,25,23,22,24,27,26,27,394,889,718,121,160,1645,1084,2247,8.0,0.383,1.383,0.27,1.288,0.255,2
6.175,12.825,11.825,1.825,2.6,24.875,19.15,39.7,-0.45,-0.05,-1.075,0.075,-0.15,1.7,2.225,-0.325,15,23,25,15,17,25,18,23,25,27,25,23,26,27,20,32,361,790,768,115,163,1662,1085,2604,8.0,0.383,1.383,0.269,1.292,0.263,2
5.725,12.775,10.75,1.9,2.45,26.575,21.375,39.375,1.5,4.15,2.925,0.4,0.475,10.7,1.925,-1.225,16,26,24,16,17,23,19,21,24,28,24,29,27,26,21,31,361,869,680,108,151,1626,1233,2708,8.0,0.383,1.383,0.269,1.294,0.268,2
7.225,16.925,13.675,2.3,2.925,37.275,23.3,38.15,0.0,0.8,5.0,0.275,0.525,4.1,-0.075,3.75,20,25,23,15,19,23,19,21,19,28,23,25,26,26,27,28,353,1078,826,123,181,2203,1370,2409,8.0,0.383,1.383,0.269,1.293,0.269,2
7.225,17.725,18.675,2.575,3.45,41.375,23.225,41.9,-1.475,-4.35,-4.525,-0.1,0.45,-5.55,-1.5,-10.725,17,22,24,17,21,23,20,27,20,23,29,20,23,27,25,30,325,1076,1240,151,239,2711,1305,2675,8.0,0.383,1.383,0.269,1.293,0.27,2
5.75,13.375,14.15,2.475,3.9,35.825,21.725,31.175,-0.525,-0.875,-5.15,-0.425,-0.675,-9.725,-3.025,-4.1,17,19,16,13,16,23,21,27,23,20,24,19,21,26,24,28,318,796,864,134,235,2333,1234,1984,8.0,0.383,1.383,0.268,1.292,0.271,2
5.225,12.5,9.0,2.05,3.225,26.1,18.7,27.075,1.1,-0.35,3.05,0.3,-0.325,3.6,3.175,4.425,14,17,19,13,16,25,22,20,17,25,25,23,22,28,26,27,259,767,497,113,170,1626,1013,1497,8.0,0.383,1.383,0.267,1.291,0.271,2
6.325,12.15,12.05,2.35,2.9,29.7,21.875,31.5,1.05,0.875,2.35,0.275,0.85,10.425,10.4,5.525,14,19,24,21,16,27,25,20,16,28,29,28,25,30,26,29,301,762,800,143,162,2117,1242,1863,8.0,0.383,1.383,0.267,1.289,0.272,2
7.375,13.025,14.4,2.625,3.75,40.125,32.275,37.025,-0.675,1.175,-2.7,-0.525,0.7,1.125,-3.2,-3.25,19,21,25,24,16,23,25,20,21,28,28,25,27,28,26,28,443,859,1002,165,228,2512,2081,2289,8.0,0.383,1.383,0.266,1.287,0.273,2
6.7,14.2,11.7,2.1,4.45,41.25,29.075,33.775,-1.0,-1.1,-3.775,-0.55,-0.75,-7.0,-8.025,-7.55,16,21,25,20,22,20,19,18,25,26,30,25,27,30,28,28,389,913,840,142,296,2405,1810,2214,8.0,0.383,1.383,0.266,1.287,0.273,2
5.7,13.1,7.925,1.55,3.7,34.25,21.05,26.225,-0.3,0.7,2.975,0.25,-0.6,2.2,3.375,2.05,17,22,23,14,23,24,16,20,24,25,29,28,26,30,26,27,313,799,562,110,250,2089,1170,1745,8.0,0.383,1.383,0.266,1.287,0.273,2
5.4,13.8,10.9,1.8,3.1,36.45,24.425,28.275,0.75,-1.625,1.15,0.25,0.875,8.325,2.075,-1.9,22,22,23,12,21,24,18,20,25,27,26,25,21,25,26,25,347,786,689,102,183,1987,1413,1660,8.0,0.383,1.383,0.265,1.288,0.272,2
6.15,12.175,12.05,2.05,3.975,44.775,26.5,26.375,1.0,-0.25,-2.425,0.125,1.05,4.025,1.575,1.05,19,21,22,11,25,25,22,18,21,28,27,16,25,28,28,23,343,741,741,107,257,2814,1642,1433,8.0,0.383,1.383,0.265,1.289,0.272,2
7.15,11.925,9.625,2.175,5.025,48.8,28.075,27.425,-0.925,3.5,-0.35,0.075,-0.675,2.1,-1.45,10.95,21,23,24,16,25,26,25,21,24,26,28,21,31,31,29,22,429,779,645,128,353,3285,1781,1482,8.0,0.383,1.383,0.265,1.289,0.272,2
6.225,15.425,9.275,2.25,4.35,50.9,26.625,38.375,-1.575,-2.0,-0.375,-0.25,-1.2,-11.675,-5.175,-0.95,17,27,26,19,20,24,24,22,28,26,30,24,24,31,33,24,392,1034,657,139,282,3371,1789,2100,8.0,0.383,1.383,0.264,1.289,0.271,2
4.65,13.425,8.9,2.0,3.15,39.225,21.45,37.425,-0.075,-4.175,0.1,0.025,0.05,-5.55,-1.575,-6.825,12,27,26,13,21,24,21,20,23,27,28,23,22,29,28,25,276,909,614,121,192,2501,1329,1922,8.0,0.383,1.383,0.264,1.289,0.271,2
4.575,9.25,9.0,2.025,3.2,33.675,19.875,30.6,0.125,0.45,-0.925,-0.05,-0.075,5.9,0.55,-5.425,15,23,21,10,21,27,18,18,20,25,23,24,22,29,24,24,241,579,592,111,209,2343,1075,1591,8.0,0.383,1.383,0.264,1.288,0.271,2
4.7,9.7,8.075,1.975,3.125,39.575,20.425,25.175,-1.05,-2.65,-2.025,-0.05,-0.925,-16.225,-9.1,-13.65,18,18,20,12,17,22,20,22,24,23,25,25,23,27,24,23,270,615,505,113,185,2409,1174,1511,8.0,0.383,1.383,0.264,1.287,0.271,2
3.65,7.05,6.05,1.925,2.2,23.35,11.325,11.525,-1.575,-4.15,-0.675,-0.175,-0.9,-20.7,-9.3,-8.125,12,17,21,6,8,12,18,18,24,21,25,22,20,21,24,22,251,430,378,111,117,1217,658,655,8.0,0.383,1.383,0.237,1.03,0.165,2
2.075,2.9,5.375,1.75,1.3,2.65,2.025,3.4,-0.775,-0.5,-0.15,-0.175,-0.4,-1.65,-0.375,-0.375,6,14,22,5,1,5,13,16,23,20,24,19,10,16,22,22,137,147,353,97,52,86,120,180,8.0,0.383,1.383,0.205,0.746,0.047,2
1.3,2.4,5.225,1.575,0.9,1.0,1.65,3.025,0.05,0.15,-1.25,0.0,0.025,0.05,0.075,-0.225,4,10,24,13,3,5,10,14,17,21,28,21,11,16,16,23,60,138,337,92,32,48,93,178,8.0,0.383,1.383,0.201,0.718,0.034,2
1.35,2.55,3.975,1.575,0.925,1.05,1.725,2.8,-0.125,0.425,0.075,0.0,0.25,0.075,-0.05,-0.35,3,14,18,12,4,6,12,15,13,24,25,19,17,16,17,24,67,166,211,93,42,50,95,160,8.0,0.383,1.383,0.199,0.719,0.033,2
1.225,2.975,4.05,1.575,1.175,1.125,1.675,2.45,0.05,0.025,0.4,0.425,0.2,0.15,-0.225,-0.55,5,18,16,7,4,8,12,20,16,27,24,20,18,20,24,24,75,195,225,91,50,59,101,145,8.0,0.383,1.383,0.196,0.722,0.033,2
1.275,3.0,4.45,2.0,1.375,1.275,1.45,1.9,0.175,-0.6,1.0,0.625,0.675,0.375,-0.075,-0.475,6,18,19,12,7,9,13,13,16,23,22,23,19,19,26,19,60,165,267,117,57,66,85,111,8.0,0.383,1.383,0.195,0.724,0.034,2
1.45,2.4,5.45,2.625,2.05,1.65,1.375,1.425,-0.175,-0.025,4.3,0.6,1.4,0.65,0.0,-0.025,10,18,20,11,11,7,12,9,14,22,20,16,17,14,17,15,64,128,283,119,92,76,64,75,8.0,0.383,1.383,0.197,0.727,0.034,2
1.275,2.375,9.75,3.225,3.45,2.3,1.375,1.4,0.1,1.7,3.65,0.425,0.3,-0.2,0.1,-0.175,9,17,18,11,17,14,10,10,19,23,22,17,20,19,12,17,75,142,534,170,198,119,74,68,8.0,0.383,1.383,0.201,0.731,0.035,2
1.375,4.075,13.4,3.65,3.75,2.1,1.475,1.225,0.275,0.65,0.4,0.55,-0.825,-0.675,-0.15,0.075,7,24,22,15,17,14,9,9,22,26,27,23,24,22,15,16,88,277,847,231,212,116,78,57,8.0,0.383,1.383,0.21,0.743,0.044,2
1.65,4.725,13.8,4.2,2.925,1.425,1.325,1.3,0.175,-0.3,1.325,-0.9,-1.0,-0.25,-0.1,0.05,8,24,23,14,12,9,7,10,21,27,25,26,22,21,20,19,100,333,843,266,150,78,60,57,8.0,0.383,1.383,0.235,0.781,0.074,2
1.825,4.425,15.125,3.3,1.925,1.175,1.225,1.35,0.075,0.375,1.675,-0.925,-0.65,-0.1,-0.05,-0.15,17,20,18,15,8,11,7,6,30,25,23,23,18,21,23,20,122,294,829,204,95,70,60,63,8.0,0.383,1.383,0.284,0.922,0.155,2
1.9,4.8,16.8,2.375,1.275,1.075,1.175,1.2,0.175,-0.25,3.25,0.125,0.275,0.05,0.3,1.175,18,18,21,17,7,7,9,6,22,22,26,19,18,22,19,18,107,287,1002,139,60,60,57,56,8.0,0.383,1.383,0.316,1.071,0.225,2
2.075,4.55,20.05,2.5,1.55,1.125,1.475,2.375,0.75,1.15,0.825,-0.375,0.175,3.075,3.3,6.525,15,16,18,15,13,6,12,15,20,21,24,21,20,16,18,24,114,261,1135,145,81,55,74,116,8.0,0.383,1.383,0.315,1.14,0.251,2
2.825,5.7,20.875,2.125,1.725,4.2,4.775,8.9,1.4,2.7,-2.125,-0.325,0.075,6.0,5.45,15.975,17,17,20,12,12,13,24,24,23,22,23,24,19,16,29,29,179,314,1246,115,81,247,322,592,8.0,0.383,1.383,0.309,1.193,0.272,2
4.225,8.4,18.75,1.8,1.8,10.2,10.225,24.875,1.625,4.125,0.575,0.175,1.275,11.275,12.225,11.975,15,20,20,10,15,21,28,26,21,25,24,28,24,24,29,27,254,489,1179,102,108,648,660,1670,8.0,0.383,1.383,0.302,1.229,0.288,2
5.85,12.525,19.325,1.975,3.075,21.475,22.45,36.85,0.725,3.875,-1.65,-0.025,1.125,17.975,10.325,-2.2,15,20,22,14,18,24,22,24,21,23,23,25,27,24,23,25,368,653,1197,121,211,1412,1296,2324,8.0,0.383,1.383,0.296,1.253,0.299,2
6.575,16.4,17.675,1.95,4.2,39.45,32.775,34.65,0.6,-0.325,-2.9,0.2,-0.175,2.325,0.1,3.475,17,20,19,12,17,26,21,28,20,21,30,18,25,26,23,31,392,834,1164,110,266,2587,1779,2172,8.0,0.383,1.383,0.292,1.265,0.306,2
7.175,16.075,14.775,2.15,4.025,41.775,32.875,38.125,-0.225,-4.475,-1.425,0.275,-0.575,-5.0,-5.5,0.65,21,26,17,12,20,27,20,24,27,26,33,18,26,30,25,26,432,1007,925,116,248,2788,1893,2501,8.0,0.383,1.383,0.29,1.271,0.312,2
6.95,11.6,13.35,2.425,3.45,36.775,27.375,38.775,-0.375,0.7,0.05,-0.35,-0.05,2.05,2.725,-7.85,19,29,23,17,21,24,25,20,27,29,32,20,25,30,26,24,410,844,875,127,214,2397,1785,2472,8.0,0.383,1.383,0.286,1.276,0.318,2
6.575,12.3,13.4,2.075,3.4,38.825,30.1,30.925,0.15,3.125,1.175,0.0,0.15,-4.5,-0.35,-6.025,17,23,25,16,19,24,27,22,21,26,27,23,25,31,30,26,369,776,849,112,210,2566,1991,1918,8.0,0.383,1.383,0.282,1.278,0.321,2
6.725,15.425,14.575,2.075,3.55,34.325,29.75,24.9,-0.9,-1.65,-0.175,-0.275,0.8,4.325,-5.325,-5.75,21,21,26,16,25,24,23,18,25,28,27,25,30,33,30,29,387,950,944,112,264,2328,1814,1396,8.0,0.383,1.383,0.281,1.278,0.322,2
5.825,13.775,14.4,1.8,4.35,38.65,24.425,19.15,1.625,1.75,0.375,0.3,1.325,7.525,2.35,11.825,21,24,28,14,23,23,25,15,28,26,31,22,27,29,28,27,352,829,998,108,301,2399,1529,835,8.0,0.383,1.383,0.28,1.279,0.322,2
7.45,15.525,14.775,2.1,5.675,46.175,26.775,30.975,0.775,0.675,0.625,0.375,0.0,-2.55,0.325,11.45,19,26,25,13,22,21,23,19,26,26,28,24,27,28,28,23,457,953,998,114,383,2596,1697,1435,8.0,0.383,1.383,0.279,1.279,0.322,2
8.225,16.2,15.4,2.475,5.675,43.625,27.1,42.425,-1.825,-3.625,-1.525,-0.525,0.1,5.375,-5.65,-4.325,16,20,17,17,21,16,15,22,23,24,22,22,23,27,29,26,484,880,957,130,333,2342,1562,2262,8.0,0.383,1.383,0.279,1.279,0.322,2
6.4,12.575,13.875,1.95,5.775,49.0,21.45,38.1,0.175,2.125,-1.6,0.05,-1.025,-5.4,-0.85,-1.275,15,19,15,15,24,20,15,21,22,27,22,20,25,27,24,28,377,726,854,107,348,2899,1195,2032,8.0,0.383,1.383,0.279,1.278,0.322,2
6.575,14.7,12.275,2.0,4.75,43.6,20.6,36.825,-0.325,1.0,3.3,0.575,-0.425,-9.35,4.225,-3.825,14,28,23,10,23,20,18,19,27,29,27,17,28,24,26,27,355,1004,850,92,310,2345,1105,2060,8.0,0.383,1.383,0.279,1.278,0.322,2
6.25,15.7,15.575,2.575,4.325,34.25,24.825,33.0,-0.575,-3.8,1.45,-0.05,0.325,2.4,2.475,-0.575,16,31,27,17,22,22,20,18,26,30,28,22,26,26,27,25,299,1110,1084,154,289,1905,1342,1894,8.0,0.383,1.383,0.278,1.278,0.322,2
5.675,11.9,17.025,2.525,4.65,36.65,27.3,32.425,1.6,-0.25,-1.7,-0.15,-0.35,7.625,3.325,4.175,22,28,25,16,21,26,18,15,26,26,24,24,29,27,24,24,315,799,993,164,312,2285,1559,1600,8.0,0.383,1.383,0.278,1.278,0.322,2
7.275,11.65,15.325,2.375,4.3,44.275,30.625,36.6,1.1,1.725,-0.65,0.05,0.075,4.375,0.95,-2.7,21,22,22,13,18,21,15,18,25,21,22,22,26,26,24,23,436,717,912,131,281,2708,1839,1953,8.0,0.383,1.383,0.278,1.278,0.322,2
8.375,13.375,14.675,2.425,4.375,48.65,31.575,33.9,-1.3,-1.525,-3.025,0.2,-0.075,-3.875,-2.6,-3.225,15,20,19,13,17,22,18,18,23,24,23,21,22,25,26,23,460,801,935,98,272,3004,1683,1903,8.0,0.383,1.383,0.278,1.278,0.322,2
7.075,11.85,11.65,2.625,4.3,44.775,28.975,30.675,-1.25,-1.125,3.25,0.3,0.125,-0.225,-0.5,-0.15,15,20,22,13,18,26,17,19,20,30,27,23,22,26,24,25,384,756,756,137,261,2826,1398,1624,8.0,0.383,1.383,0.278,1.278,0.322,2
1.1,1.475,1.6,1.175,1.05,0.95,0.75,0.975,0.15,-0.375,-0.275,0.0,0.125,0.125,0.175,0.05,4,10,7,7,6,3,0,6,15,15,20,19,22,13,14,13,50,81,74,57,49,35,37,42,0.0,-0.383,0.617,0.189,0.702,-0.004,0
1.25,1.1,1.325,1.175,1.175,1.075,0.925,1.025,0.075,0.2,-0.025,0.075,-0.05,-0.025,-0.025,-0.15,4,6,7,7,6,6,1,5,15,15,19,19,18,13,22,16,54,62,68,58,47,41,48,48,0.0,-0.383,0.617,0.189,0.702,-0.005,0
1.325,1.3,1.3,1.25,1.125,1.05,0.9,0.875,-0.125,0.625,1.65,0.85,0.875,0.25,0.1,0.0,10,4,10,9,5,8,5,2,23,18,25,20,15,13,23,17,67,70,76,63,42,44,48,38,0.0,-0.383,0.617,0.189,0.702,-0.005,0
1.2,1.925,2.95,2.1,2.0,1.3,1.0,0.875,0.125,1.45,5.925,1.25,1.75,0.45,0.25,0.175,10,9,13,12,10,8,6,3,18,23,24,22,22,13,19,18,57,106,162,110,97,54,43,43,0.0,-0.383,0.617,0.189,0.704,-0.005,0
1.325,3.375,8.875,3.35,3.75,1.75,1.25,1.05,-0.05,-0.175,0.35,-0.05,-0.425,-0.15,-0.025,-0.1,6,11,19,19,15,7,6,8,15,20,25,26,23,15,15,18,65,177,541,197,201,77,48,56,0.0,-0.383,0.617,0.188,0.708,-0.001,0
1.275,3.2,9.225,3.3,3.325,1.6,1.225,0.95,-0.05,-0.475,-1.45,-0.475,-0.85,-0.35,-0.1,-0.05,10,14,20,16,14,9,6,6,19,20,24,24,20,18,16,19,71,177,593,187,171,83,46,53,0.0,-0.383,0.617,0.182,0.716,0.011,0
1.225,2.725,7.775,2.825,2.475,1.25,1.125,0.9,0.125,0.925,1.4,0.25,-0.325,0.025,0.0,0.125,11,13,22,14,10,10,7,6,22,22,26,28,18,24,15,14,63,173,553,183,125,73,48,42,0.0,-0.383,0.617,0.165,0.726,0.034,0
1.35,3.65,9.175,3.075,2.15,1.275,1.125,1.025,0.0,1.05,-1.375,0.375,-0.425,-0.05,-0.05,0.1,11,15,22,18,9,10,7,10,23,24,26,26,18,19,16,20,65,228,619,196,119,67,52,59,0.0,-0.383,0.617,0.135,0.738,0.07,0
1.35,4.7,7.8,3.45,1.725,1.225,1.075,1.125,0.1,1.2,-0.45,-0.6,0.175,-0.025,-0.025,0.1,10,20,17,17,9,8,6,10,21,24,21,22,15,16,16,21,61,276,453,179,86,58,45,56,0.0,-0.383,0.617,0.096,0.749,0.115,0
1.45,5.9,7.35,2.85,1.9,1.2,1.05,1.225,0.2,3.275,2.975,-0.375,-0.025,0.275,0.05,-0.05,10,21,13,11,10,5,5,9,16,26,21,22,9,16,15,16,68,359,429,143,80,49,43,48,0.0,-0.383,0.617,0.052,0.759,0.165,0
1.65,9.175,10.325,2.475,1.875,1.475,1.1,1.175,0.85,7.3,9.3,0.875,-0.2,0.05,0.075,0.075,9,23,17,12,11,8,4,10,17,30,22,16,14,23,17,17,84,572,662,116,92,72,47,55,0.0,-0.383,0.617,-0.002,0.768,0.222,0
2.5,16.475,19.625,3.35,1.675,1.525,1.175,1.25,1.5,6.4,9.625,1.875,0.425,-0.05,0.15,0.175,12,24,22,16,12,9,8,11,26,26,26,17,24,24,18,20,144,1044,1287,163,105,84,52,62,0.0,-0.383,0.617,-0.052,0.774,0.272,0
4.0,22.875,29.25,5.225,2.1,1.475,1.325,1.425,2.875,3.975,6.125,4.525,0.975,0.5,0.25,0.6,16,23,21,17,13,10,9,12,29,23,29,23,23,19,17,26,246,1429,1783,270,115,82,62,80,0.0,-0.383,0.617,-0.097,0.777,0.314,0
6.875,26.85,35.375,9.75,3.075,1.975,1.575,2.025,1.9,4.15,10.725,2.95,1.9,0.925,0.4,1.05,19,25,24,26,15,12,9,13,28,26,30,28,21,17,18,20,475,1713,2126,572,168,109,87,109,0.0,-0.383,0.617,-0.139,0.777,0.348,0
8.775,31.0,46.1,12.7,4.975,2.9,1.975,3.075,2.625,9.35,14.475,1.325,1.1,0.075,0.075,0.325,20,24,25,25,13,14,15,15,27,27,29,26,24,26,23,19,582,2196,2814,741,273,178,120,183,0.0,-0.383,0.617,-0.17,0.773,0.369,0
11.4,40.35,60.575,14.025,6.075,2.975,2.05,3.4,2.375,1.325,-0.85,-0.95,-1.3,-0.65,-0.375,-0.45,23,21,26,21,15,20,18,18,26,25,25,24,25,29,24,24,726,2496,3905,846,340,182,129,220,0.0,-0.383,0.617,-0.191,0.769,0.383,0
13.775,41.675,59.725,13.075,4.775,2.325,1.675,2.95,-0.45,-1.55,-4.325,-4.575,-0.875,-0.2,-0.05,-0.125,26,19,27,22,18,19,10,16,25,24,26,27,28,25,22,23,874,2287,3744,825,284,128,96,182,0.0,-0.383,0.617,-0.203,0.768,0.392,0
13.325,40.125,55.4,8.5,3.9,2.125,1.625,2.825,-2.1,-1.375,-6.25,0.6,0.475,-0.05,0.0,-0.075,23,22,24,20,21,16,11,16,26,28,27,26,26,24,21,21,852,2417,3440,554,248,127,90,174,0.0,-0.383,0.617,-0.212,0.77,0.397,0
11.225,38.75,49.15,9.1,4.375,2.075,1.625,2.75,0.25,-2.025,-2.175,5.875,1.475,0.375,0.0,0.025,22,25,20,17,17,12,13,19,26,24,26,22,20,20,17,19,719,2277,2918,537,262,120,87,162,0.0,-0.383,0.617,-0.219,0.771,0.4,0
11.475,36.725,46.975,14.975,5.85,2.45,1.625,2.775,0.275,2.0,1.075,3.35,-0.35,-0.175,0.0,0.15,24,22,19,20,16,16,13,19,23,23,24,24,19,23,16,22,729,2062,2574,934,338,142,93,172,0.0,-0.383,0.617,-0.223,0.771,0.4,0
11.75,38.725,48.05,18.325,5.5,2.275,1.625,2.925,-0.875,-0.225,-9.9,-1.725,-1.625,-0.6,-0.175,0.05,27,25,19,18,22,18,13,16,25,27,26,24,23,26,20,24,804,2371,2820,1143,338,143,105,189,0.0,-0.383,0.617,-0.227,0.769,0.4,0
10.875,38.5,38.15,16.6,3.875,1.675,1.45,2.975,-0.225,-3.8,2.55,-3.95,0.475,0.275,0.15,-0.2,28,24,20,19,20,12,10,12,27,27,27,25,22,27,23,24,713,2243,2412,1017,224,105,88,174,0.0,-0.383,0.617,-0.229,0.768,0.4,0
10.65,34.7,40.7,12.65,4.35,1.95,1.6,2.775,-1.5,7.75,6.975,-1.475,-0.575,-0.2,-0.15,0.025,28,24,21,20,17,9,14,16,27,28,28,23,21,24,26,29,679,2226,2724,691,229,117,98,176,0.0,-0.383,0.617,-0.23,0.768,0.401,0
9.15,42.45,47.675,11.175,3.775,1.75,1.45,2.8,2.575,2.85,2.55,1.5,-0.1,0.2,0.05,0.475,25,26,21,19,18,11,12,19,29,31,27,28,25,18,24,29,556,2765,3063,674,211,90,91,168,0.0,-0.383,0.617,-0.231,0.768,0.401,0
11.725,45.3,50.225,12.675,3.675,1.95,1.5,3.275,3.325,-4.15,6.075,0.5,2.65,1.2,0.525,0.075,21,24,22,16,19,15,9,16,27,31,25,27,27,21,24,25,714,2788,3069,810,223,114,96,174,0.0,-0.383,0.617,-0.23,0.767,0.402,0
15.05,41.15,56.3,13.175,6.325,3.15,2.025,3.35,-0.475,8.0,-1.125,-1.225,0.4,-0.275,-0.05,-0.075,22,19,22,14,24,18,14,14,23,26,23,24,28,27,24,22,901,2206,3140,808,414,200,124,188,0.0,-0.383,0.617,-0.23,0.766,0.402,0
14.575,49.15,55.175,11.95,6.725,2.875,1.975,3.275,-2.15,-1.0,-6.7,-2.175,-0.75,-0.275,-0.05,-0.1,24,23,19,17,25,18,14,18,21,24,24,22,24,20,20,25,851,2843,3001,686,441,183,119,202,0.0,-0.383,0.617,-0.23,0.766,0.402,0
12.425,48.15,48.475,9.775,5.975,2.6,1.925,3.175,-1.5,-2.475,-10.725,-0.575,-0.95,0.45,-0.325,-0.4,23,25,23,21,20,18,14,19,21,26,28,20,22,17,16,25,711,3075,3153,579,332,163,95,173,0.0,-0.383,0.617,-0.231,0.766,0.402,0
10.925,45.675,37.75,9.2,5.025,3.05,1.6,2.775,-2.25,-5.0,-6.625,0.525,-0.4,-0.4,-0.375,-0.45,21,20,21,19,17,22,11,20,21,27,26,24,24,25,18,23,627,2635,2394,601,310,194,81,158,0.0,-0.383,0.617,-0.231,0.766,0.402,0
8.675,40.675,31.125,9.725,4.625,2.65,1.225,2.325,0.4,1.4,7.65,0.65,1.425,-0.05,0.325,0.475,22,20,18,16,19,21,5,19,26,27,25,24,24,28,20,24,546,2238,1858,596,293,160,64,130,0.0,-0.383,0.617,-0.232,0.765,0.402,0
9.075,42.075,38.775,10.375,6.05,2.6,1.55,2.8,0.625,1.175,5.8,5.25,-0.675,-0.125,0.175,0.225,23,24,19,18,20,14,13,19,26,25,24,27,20,24,24,25,567,2623,2155,645,365,155,99,156,0.0,-0.383,0.617,-0.232,0.764,0.401,0
9.7,43.25,44.575,15.625,5.375,2.475,1.725,3.025,-1.025,3.1,1.875,2.025,-0.475,-0.35,-0.025,-0.25,20,26,23,23,19,11,13,22,22,25,28,31,22,24,28,24,586,2679,2576,1096,329,155,116,180,0.0,-0.383,0.617,-0.231,0.763,0.4,0
8.675,46.35,46.45,17.65,4.9,2.125,1.7,2.775,0.6,-1.575,-2.2,-4.375,-0.025,-0.175,0.0,0.05,21,22,24,21,18,11,13,21,25,29,27,27,23,19,28,23,526,2543,2820,1101,271,117,111,167,0.0,-0.383,0.617,-0.231,0.762,0.4,0
9.275,44.775,44.25,13.275,4.875,1.95,1.7,2.825,-1.125,-10.375,-8.2,-2.0,-0.575,-0.025,0.2,-0.2,20,17,19,16,20,12,14,17,27,28,26,23,23,18,19,24,558,2356,2490,717,278,100,85,165,0.0,-0.383,0.617,-0.23,0.763,0.401,0
8.15,34.4,36.05,11.275,4.3,1.925,1.9,2.625,0.675,1.575,0.925,1.35,-0.55,-0.05,0.15,-0.05,18,19,18,17,24,18,12,17,29,27,25,22,24,22,19,27,502,1945,1872,623,272,111,95,151,0.0,-0.383,0.617,-0.229,0.764,0.401,0
8.825,35.975,36.975,12.625,3.75,1.875,2.05,2.575,-0.775,-8.775,-6.45,-3.3,-1.025,-0.575,-0.5,-0.425,20,20,19,17,17,18,15,18,23,24,24,22,20,19,25,22,494,2105,2006,652,220,107,110,146,0.0,-0.383,0.617,-0.23,0.765,0.402,0
8.05,27.2,30.525,9.325,2.725,1.3,1.55,2.15,-4.7,-18.175,-20.675,-5.875,-0.925,-0.3,-0.5,-0.825,17,18,18,18,14,9,13,16,19,23,23,22,20,18,22,18,403,1560,1817,541,147,73,75,123,0.0,-0.383,0.617,-0.097,0.743,0.279,0
3.35,9.025,9.85,3.45,1.8,1.0,1.05,1.325,-2.025,-7.65,-8.225,-1.725,-0.7,-0.025,-0.175,-0.325,14,12,14,17,12,7,7,12,19,22,23,25,18,21,17,21,164,452,649,198,84,58,48,75,0.0,-0.383,0.617,0.125,0.707,0.074,0
1.325,1.375,1.625,1.725,1.1,0.975,0.875,1.0,-0.025,0.2,0.175,-0.475,0.025,-0.075,0.0,0.0,10,13,10,17,4,6,6,4,22,25,25,22,17,19,12,15,77,84,95,93,48,45,35,40,0.0,-0.383,0.617,0.214,0.693,-0.008,0
1.3,1.575,1.8,1.25,1.125,0.9,0.875,1.0,-0.175,0.425,3.075,0.65,0.85,0.425,0.325,-0.05,5,15,12,12,1,5,3,4,21,23,24,22,14,18,12,15,69,97,106,68,45,41,33,39,0.0,-0.383,0.617,0.213,0.694,-0.006,0
1.125,2.0,4.875,1.9,1.975,1.325,1.2,0.95,0.05,0.95,3.9,1.05,0.25,0.25,0.225,0.1,3,14,17,13,8,11,4,6,16,21,24,24,13,22,16,16,53,120,308,114,84,72,46,47,0.0,-0.383,0.617,0.205,0.705,0.01,0
1.175,2.95,8.775,2.95,2.225,1.575,1.425,1.05,0.2,2.8,5.275,0.15,-0.625,-0.25,-0.275,-0.15,5,17,22,11,12,11,7,4,17,23,22,22,20,18,20,15,52,171,577,146,103,76,54,48,0.0,-0.383,0.617,0.175,0.726,0.052,0
1.375,5.75,14.05,3.1,1.6,1.325,1.15,0.9,0.1,3.15,2.775,-0.525,-0.2,-0.05,-0.2,-0.2,10,18,22,16,9,8,8,4,20,23,28,27,21,17,15,17,76,384,853,150,83,66,46,43,0.0,-0.383,0.617,0.134,0.742,0.097,0
1.475,8.9,16.825,2.575,1.4,1.275,0.95,0.7,0.275,1.725,-0.85,-0.2,0.0,-0.025,0.05,0.225,9,20,20,18,8,7,6,3,22,24,27,27,21,16,13,19,78,599,1011,153,84,63,40,40,0.0,-0.383,0.617,0.093,0.752,0.137,0
1.75,10.625,15.975,2.375,1.4,1.25,1.0,0.925,0.075,-1.7,-0.025,0.05,0.25,-0.025,-0.075,0.075,10,19,19,13,8,8,3,4,21,21,18,26,19,17,12,19,103,659,875,168,81,66,43,47,0.0,-0.383,0.617,0.039,0.76,0.188,0
1.825,8.925,15.95,2.425,1.65,1.225,0.925,1.0,0.125,1.275,2.025,0.15,0.15,0.0,0.125,0.075,10,19,20,14,10,11,2,6,20,22,23,24,12,20,10,18,103,521,917,167,77,73,39,49,0.0,-0.383,0.617,-0.016,0.764,0.237,0
1.95,10.2,17.975,2.575,1.8,1.225,1.05,1.075,3.0,6.9,6.9,2.325,0.425,0.175,0.275,0.55,10,21,21,18,10,9,7,5,18,27,28,23,14,18,17,12,89,581,980,155,76,63,54,42,0.0,-0.383,0.617,-0.066,0.766,0.281,0
4.95,17.1,24.875,4.9,2.225,1.4,1.325,1.625,4.575,10.725,9.525,2.8,1.35,0.475,0.25,0.5,18,22,20,20,12,9,13,8,21,25,26,22,21,15,20,14,311,1028,1479,307,125,74,74,71,0.0,-0.383,0.617,-0.132,0.764,0.332,0
9.525,27.825,34.4,7.7,3.575,1.875,1.575,2.125,3.575,12.95,9.25,4.1,2.175,0.575,1.275,0.175,26,24,19,19,12,9,12,11,28,25,23,24,26,15,16,17,653,1618,1696,495,210,99,77,111,0.0,-0.383,0.617,-0.196,0.76,0.374,0
13.1,40.775,43.65,11.8,5.75,2.45,2.85,2.3,0.85,1.725,1.425,1.9,0.775,0.05,0.175,0.35,29,25,18,19,14,11,16,16,31,27,23,25,24,20,24,23,901,2491,2221,721,341,148,176,142,0.0,-0.383,0.617,-0.222,0.758,0.391,0
13.95,42.5,45.075,13.7,6.525,2.5,3.025,2.65,-0.95,-1.575,2.925,-2.85,-0.725,-0.125,-1.175,-0.025,22,26,19,20,16,13,18,17,25,24,24,24,23,21,23,25,871,2664,2712,809,387,163,190,169,0.0,-0.383,0.617,-0.224,0.758,0.393,0
13.0,40.925,48.0,10.85,5.8,2.375,1.85,2.625,-3.025,-3.65,-6.675,-2.425,-0.925,-0.1,-0.225,-0.1,21,25,18,19,18,11,16,15,22,24,22,25,25,18,22,22,762,2474,2684,649,350,126,109,178,0.0,-0.383,0.617,-0.226,0.759,0.393,0
9.975,37.275,41.325,8.425,4.875,2.275,1.625,2.525,-3.25,6.875,-3.075,1.05,-0.725,-0.15,-0.075,-0.25,18,22,21,15,16,9,13,14,20,25,27,21,25,17,20,21,563,2191,2435,465,300,112,90,155,0.0,-0.383,0.617,-0.228,0.758,0.392,0
6.725,44.15,38.25,9.475,4.15,2.125,1.55,2.275,0.775,-1.125,2.55,2.0,0.45,-0.1,-0.075,-0.425,18,20,26,16,11,8,14,16,22,24,29,23,24,22,15,20,369,2553,2495,562,259,120,82,130,0.0,-0.383,0.617,-0.229,0.757,0.391,0
7.5,43.025,40.8,11.475,4.6,2.025,1.475,1.85,0.55,-7.225,-3.0,2.075,0.525,-0.075,-0.025,0.6,20,17,27,20,12,11,14,18,29,20,26,24,20,22,19,23,437,2246,2583,749,272,116,77,123,0.0,-0.383,0.617,-0.229,0.756,0.391,0
8.05,35.8,37.8,13.55,5.125,1.95,1.45,2.45,0.975,7.5,8.45,-1.175,-0.15,0.15,0.2,0.725,15,15,25,19,16,14,10,14,28,23,26,21,21,22,21,23,416,1880,2220,762,289,109,64,129,0.0,-0.383,0.617,-0.23,0.753,0.39,0
9.025,43.3,46.25,12.375,4.975,2.1,1.65,3.175,1.775,-1.925,0.85,-1.55,-0.95,-0.35,0.15,-0.075,22,15,22,20,18,16,8,16,27,27,24,23,19,22,16,19,498,2366,2557,712,279,123,78,166,0.0,-0.383,0.617,-0.231,0.75,0.389,0
10.8,41.375,47.1,10.825,4.025,1.75,1.8,3.1,0.025,-5.55,-6.475,3.125,-0.4,-0.225,0.125,-0.25,22,21,22,21,20,15,10,19,24,27,24,26,21,21,19,24,614,2396,2656,722,238,108,100,199,0.0,-0.383,0.617,-0.231,0.75,0.39,0
10.825,35.825,40.625,13.95,3.625,1.525,1.925,2.85,-0.375,-1.675,-0.275,-1.45,0.95,0.25,-0.25,-0.1,17,24,24,26,22,10,10,16,19,28,28,29,27,19,21,22,527,2305,2622,985,229,77,103,151,0.0,-0.383,0.617,-0.23,0.75,0.39,0
10.45,34.15,40.35,12.5,4.575,1.775,1.675,2.75,0.375,6.525,-0.175,-1.675,0.9,0.15,-0.375,0.05,18,20,21,27,21,10,6,18,21,25,30,28,24,21,18,18,542,1868,2574,839,258,88,91,139,0.0,-0.383,0.617,-0.23,0.751,0.39,0
10.825,40.675,40.175,10.825,5.475,1.925,1.3,2.8,-0.675,1.2,-1.0,1.1,-0.3,0.25,0.25,-0.125,21,17,22,23,22,15,13,21,24,24,31,29,24,22,19,24,637,1966,2606,644,339,118,84,187,0.0,-0.383,0.617,-0.23,0.751,0.39,0
10.15,41.875,39.175,11.925,5.175,2.175,1.55,2.675,-1.425,-3.225,-0.9,0.7,-0.4,-0.125,0.05,-0.175,21,19,21,21,21,13,15,14,23,23,27,26,25,19,20,27,569,2257,2314,701,352,116,80,164,0.0,-0.383,0.617,-0.23,0.75,0.389,0
8.725,38.65,38.275,12.625,4.775,2.05,1.6,2.5,-4.1,-18.025,-19.3,-5.35,-1.825,-0.725,-0.35,-0.775,20,23,16,18,17,9,11,11,20,25,22,23,22,17,21,24,473,2282,2045,732,291,94,75,150,0.0,-0.383,0.617,-0.23,0.75,0.389,0
4.625,20.625,18.975,7.275,2.95,1.325,1.25,1.725,-3.725,-19.5,-17.675,-6.125,-2.0,-0.375,-0.325,-0.825,13,16,12,11,11,6,7,9,18,24,23,24,17,19,15,19,250,1326,1013,419,164,62,49,105,0.0,-0.383,0.617,-0.006,0.72,0.191,0
0.9,1.125,1.3,1.15,0.95,0.95,0.925,0.9,0.025,-0.15,0.125,0.1,0.05,0.05,0.025,0.05,3,3,11,7,2,4,5,5,15,15,19,25,14,16,9,17,49,50,65,75,33,38,28,43,0.0,-0.383,0.617,0.217,0.692,-0.006,0
0.925,0.975,1.425,1.25,1.0,1.0,0.95,0.95,-0.15,0.325,0.3,-0.125,0.075,0.025,0.075,-0.075,3,3,11,7,4,4,3,4,14,13,14,17,16,16,12,17,52,39,59,57,35,43,33,38,0.0,-0.383,0.617,0.216,0.693,-0.006,0
0.775,1.3,1.725,1.125,1.075,1.025,1.025,0.875,0.225,-0.025,-0.1,-0.175,-0.05,0.125,0.0,-0.075,2,7,12,7,3,5,0,4,17,18,16,12,13,18,17,13,40,57,78,47,38,41,41,33,0.0,-0.383,0.617,0.216,0.694,-0.006,0
1.0,1.275,1.625,0.95,1.025,1.15,1.025,0.8,0.25,-0.05,-0.225,0.15,0.1,-0.025,-0.075,0.1,6,7,9,7,0,5,1,2,21,20,19,16,13,18,22,13,53,65,80,53,38,37,52,36,0.0,-0.383,0.617,0.216,0.695,-0.006,0
1.25,1.225,1.4,1.1,1.125,1.125,0.95,0.9,-0.2,-0.05,-0.275,-0.075,0.025,-0.125,-0.1,0.175,8,5,4,7,4,7,5,2,21,19,21,20,14,23,19,16,65,53,61,56,45,54,53,42,0.0,-0.383,0.617,0.215,0.695,-0.006,0
1.05,1.175,1.125,1.025,1.15,1.0,0.85,1.075,-0.2,-0.075,0.225,0.125,-0.025,0.0,0.05,0.0,5,5,3,9,6,8,9,7,19,16,23,17,18,22,15,17,56,53,51,52,56,57,43,46,0.0,-0.383,0.617,0.213,0.696,-0.005,0
0.85,1.1,1.35,1.15,1.125,1.0,0.9,1.075,0.15,-0.05,0.0,0.2,0.075,0.275,-0.025,0.05,8,6,10,11,2,3,4,8,15,21,25,21,22,17,12,18,45,58,67,63,51,42,33,55,0.0,-0.383,0.617,0.212,0.697,-0.004,0
1.0,1.05,1.35,1.35,1.2,1.275,0.875,1.125,0.225,0.1,2.25,0.825,0.325,-0.025,0.025,-0.075,10,5,10,12,4,8,2,9,21,19,23,25,21,20,22,16,57,59,76,78,57,63,40,56,0.0,-0.383,0.617,0.21,0.7,-0.001,0
1.225,1.15,3.6,2.175,1.525,1.25,0.9,1.05,0.125,1.35,5.275,0.475,0.325,0.05,0.175,-0.15,9,7,12,14,7,15,3,6,22,18,24,21,19,17,21,14,64,69,204,128,82,68,50,42,0.0,-0.383,0.617,0.204,0.706,0.011,0
1.35,2.5,8.875,2.65,1.85,1.3,1.075,0.9,-0.15,0.95,3.625,0.125,-0.2,-0.025,-0.025,0.15,9,17,20,16,4,9,1,4,15,24,24,22,15,15,12,15,71,152,529,150,78,53,43,40,0.0,-0.383,0.617,0.189,0.713,0.034,0
1.2,3.45,12.5,2.775,1.65,1.275,1.05,1.05,-0.05,-0.025,-0.275,0.0,-0.25,-0.3,-0.025,0.0,7,19,19,18,4,3,2,8,17,22,20,21,14,12,14,17,66,199,718,160,82,49,44,47,0.0,-0.383,0.617,0.164,0.719,0.062,0
1.15,3.425,12.225,2.775,1.4,0.975,1.025,1.05,0.4,1.75,1.175,-0.15,-0.025,0.25,0.05,-0.05,7,18,19,20,4,4,4,7,20,20,20,24,14,14,18,16,58,186,695,168,69,45,48,44,0.0,-0.383,0.617,0.13,0.727,0.098,0
1.55,5.175,13.4,2.625,1.375,1.225,1.075,1.0,0.075,0.225,1.925,0.4,0.3,0.075,0.025,-0.025,10,20,18,20,6,9,5,6,18,23,22,27,17,19,21,11,81,310,731,172,74,60,46,41,0.0,-0.383,0.617,0.088,0.735,0.14,0
1.625,5.4,15.325,3.025,1.675,1.3,1.1,0.975,-0.025,-0.625,-3.0,-0.25,0.025,-0.2,0.125,-0.05,8,14,18,19,8,8,5,5,14,20,22,28,18,14,23,10,88,350,818,178,83,62,45,40,0.0,-0.383,0.617,0.04,0.742,0.189,0
1.6,4.775,12.325,2.775,1.7,1.1,1.225,0.925,1.275,11.325,13.55,1.025,-0.225,0.175,-0.175,0.525,8,19,18,15,9,5,8,5,15,23,22,23,13,17,16,10,89,322,728,145,69,54,51,37,0.0,-0.383,0.617,-0.021,0.752,0.246,0
2.875,16.1,25.875,3.8,1.475,1.275,1.05,1.45,4.05,12.95,18.4,3.925,0.475,0.35,-0.1,0.625,13,24,18,18,10,8,8,12,23,25,23,23,17,17,11,15,175,1008,1755,218,75,57,48,71,0.0,-0.383,0.617,-0.085,0.765,0.302,0
6.925,29.05,44.275,7.725,1.95,1.625,0.95,2.075,2.475,7.925,2.6,1.9,1.0,0.175,0.3,-0.125,16,26,20,16,11,9,5,13,23,26,25,27,16,17,12,21,453,1963,2873,462,101,73,45,107,0.0,-0.383,0.617,-0.147,0.772,0.342,0
9.4,36.975,46.875,9.625,2.95,1.8,1.25,1.95,1.25,8.625,5.275,-0.775,0.8,0.3,0.25,0.7,16,28,20,14,12,12,8,8,28,34,23,26,19,21,19,22,604,2639,2877,577,169,92,62,100,0.0,-0.383,0.617,-0.196,0.771,0.364,0
10.65,45.6,52.15,8.85,3.75,2.1,1.5,2.65,6.0,0.675,-1.45,-1.45,-0.025,0.1,0.3,1.025,16,29,22,20,20,20,12,16,26,36,24,24,25,27,16,24,623,3179,3249,568,245,128,80,155,0.0,-0.383,0.617,-0.222,0.769,0.374,0
16.65,46.275,50.7,7.4,3.725,2.2,1.8,3.675,-0.275,-3.75,-5.425,-0.2,-0.4,-0.425,-0.3,-0.15,22,24,23,19,26,20,14,19,24,29,23,24,25,27,15,23,1108,2823,3155,461,243,139,95,216,0.0,-0.383,0.617,-0.233,0.766,0.379,0
16.375,42.525,45.275,7.2,3.325,1.775,1.5,3.525,-4.275,-9.925,-2.25,0.725,0.075,-0.2,-0.225,-0.325,21,17,24,20,20,10,10,14,25,22,28,21,26,19,17,23,1011,2194,2897,422,214,91,81,217,0.0,-0.383,0.617,-0.24,0.763,0.381,0
12.1,32.6,43.025,7.925,3.4,1.575,1.275,3.2,1.275,-2.525,2.225,-1.375,-0.15,0.1,0.375,-0.025,18,15,28,20,15,6,8,13,25,18,32,23,24,19,17,22,725,1658,2858,442,202,79,72,208,0.0,-0.383,0.617,-0.244,0.761,0.382,0
13.375,30.075,45.25,6.55,3.25,1.675,1.65,3.175,-0.15,8.2,-6.325,-0.95,-0.575,-0.15,-0.05,-0.225,19,21,23,16,15,9,11,15,21,27,27,22,22,21,20,20,773,1781,2715,397,192,90,79,180,0.0,-0.383,0.617,-0.246,0.76,0.383,0
13.225,38.275,38.925,5.6,2.675,1.525,1.6,2.95,0.1,-4.85,-7.125,0.925,-0.275,-0.075,-0.125,-0.525,19,25,17,20,15,11,15,15,21,30,26,23,24,19,19,22,738,2540,2122,370,176,89,80,170,0.0,-0.383,0.617,-0.247,0.76,0.383,0
13.325,33.425,31.8,6.525,2.4,1.45,1.475,2.425,0.975,4.45,-0.225,2.0,1.6,0.525,0.175,0.75,14,24,22,23,13,8,15,13,23,29,31,25,20,18,16,18,679,2279,2029,424,155,88,72,142,0.0,-0.383,0.617,-0.247,0.761,0.384,0
14.3,37.875,31.575,8.525,4.0,1.975,1.65,3.175,2.575,9.7,-0.6,1.15,1.25,0.35,0.125,0.7,17,22,25,19,15,7,13,17,22,29,31,25,18,22,16,16,784,2074,2086,547,222,104,83,177,0.0,-0.383,0.617,-0.247,0.761,0.384,0
16.875,47.575,30.975,9.675,5.25,2.325,1.775,3.875,-1.95,0.675,7.075,-0.65,-1.175,-0.325,-0.275,-0.925,23,16,20,18,16,12,12,22,26,24,27,27,22,22,19,23,1095,2180,1564,609,297,126,92,238,0.0,-0.383,0.617,-0.247,0.76,0.383,0
14.925,48.25,38.05,9.025,4.075,2.0,1.5,2.95,-4.575,0.225,-2.55,-1.3,-1.025,-0.225,-0.025,-0.55,22,17,18,18,16,15,10,15,31,20,23,23,21,23,23,27,961,2368,1909,541,244,116,80,175,0.0,-0.383,0.617,-0.247,0.758,0.382,0
10.35,48.475,35.5,7.725,3.05,1.775,1.475,2.4,-1.025,-2.2,-3.225,-0.925,-0.05,0.0,0.1,0.175,18,21,24,21,19,13,12,14,27,25,27,22,20,20,20,24,557,2707,2219,458,189,97,73,142,0.0,-0.383,0.617,-0.247,0.758,0.383,0
9.325,46.275,32.275,6.8,3.0,1.775,1.575,2.575,1.25,-3.15,1.7,0.9,0.625,0.1,0.0,0.575,13,21,23,21,18,12,12,17,26,32,28,24,24,16,20,21,441,2814,2170,433,181,88,78,155,0.0,-0.383,0.617,-0.247,0.757,0.382,0
10.575,43.125,33.975,7.7,3.625,1.875,1.575,3.15,1.475,-1.725,3.425,1.5,0.625,0.15,-0.1,-0.2,17,19,16,17,18,20,14,17,22,30,22,21,25,22,23,19,566,2514,2057,450,226,116,95,184,0.0,-0.383,0.617,-0.248,0.756,0.382,0
12.05,41.4,37.4,9.2,4.25,2.025,1.475,2.95,-2.825,0.6,4.975,0.4,-0.625,-0.125,-0.2,-0.725,19,25,18,18,21,21,14,14,21,26,23,23,24,23,22,20,631,2452,2245,527,247,129,91,161,0.0,-0.383,0.617,-0.249,0.756,0.383,0
9.225,42.0,42.375,9.6,3.625,1.9,1.275,2.225,-1.2,-5.175,-0.225,-1.0,-0.475,-0.05,0.2,0.275,19,28,23,22,16,12,7,13,23,29,26,25,21,21,19,24,517,2588,2597,565,197,98,67,114,0.0,-0.383,0.617,-0.248,0.756,0.384,0
8.025,36.825,42.15,8.6,3.15,1.85,1.475,2.5,4.95,-1.1,-6.575,-0.1,0.475,0.15,0.1,0.725,24,22,24,20,17,11,7,17,25,27,25,27,25,23,14,25,511,2166,2696,497,193,90,65,143,0.0,-0.383,0.617,-0.248,0.756,0.384,0
12.975,35.725,35.575,8.5,3.625,2.0,1.575,3.225,1.8,9.575,-4.55,1.35,0.175,-0.25,-0.2,0.325,24,17,22,23,23,15,12,17,25,25,22,31,24,21,17,22,774,2146,2339,555,241,123,88,187,0.0,-0.383,0.617,-0.249,0.755,0.384,0
14.775,45.3,31.025,9.85,3.8,1.75,1.375,3.55,-3.475,-2.525,3.7,-0.65,-0.175,-0.125,0.1,-0.6,25,19,18,22,19,19,13,18,27,26,27,23,21,21,19,19,893,2612,1880,608,227,118,89,203,0.0,-0.383,0.617,-0.249,0.755,0.384,0
11.3,42.775,34.725,9.2,3.625,1.625,1.475,2.95,0.15,-6.725,-4.4,-0.725,-0.075,0.25,-0.075,-0.625,24,20,14,15,14,17,18,16,24,27,30,19,26,25,21,16,642,2582,1901,537,206,89,85,156,0.0,-0.383,0.617,-0.25,0.755,0.384,0
11.45,36.05,30.325,8.475,3.55,1.875,1.4,2.325,-0.725,-1.75,-0.825,0.075,0.05,-0.075,-0.125,0.25,23,18,16,17,11,11,17,13,23,27,25,25,22,21,17,15,642,2242,1489,478,180,78,66,106,0.0,-0.383,0.617,-0.251,0.756,0.384,0
1.475,1.45,1.275,1.775,1.45,0.925,0.875,1.025,-0.35,-0.15,0.225,0.475,1.75,0.725,0.275,-0.025,14,9,2,13,9,2,1,6,18,18,21,23,21,13,18,15,74,69,52,92,68,41,39,51,1.0,-0.383,1.0,0.205,0.694,-0.007,0
1.125,1.3,1.5,2.25,3.2,1.65,1.15,1.0,0.025,0.675,5.925,1.15,0.8,0.7,0.025,0.125,11,3,3,21,13,7,4,6,21,19,17,24,20,23,20,17,49,53,68,146,173,91,56,56,1.0,-0.383,1.0,0.205,0.701,-0.004,0
1.15,1.975,7.425,3.4,4.0,2.35,1.175,1.125,0.325,2.025,13.1,0.575,-1.25,0.05,-0.025,0.125,13,10,15,21,16,15,6,8,23,25,24,23,23,22,24,13,66,113,436,210,226,134,67,53,1.0,-0.383,1.0,0.203,0.715,0.006,0
1.475,4.0,20.525,3.975,2.75,2.4,1.15,1.25,0.2,1.475,2.775,-0.15,-0.2,-0.425,0.2,-0.025,13,20,25,15,14,17,5,7,22,26,26,23,22,19,23,17,77,263,1314,217,156,127,61,51,1.0,-0.383,1.0,0.195,0.733,0.022,0
1.675,5.475,23.3,3.825,2.55,1.975,1.35,1.225,-0.075,-0.65,-2.15,-0.4,-0.3,-0.4,-0.125,-0.15,13,23,22,17,13,12,7,4,25,28,23,25,19,20,21,18,88,346,1431,212,122,103,65,54,1.0,-0.383,1.0,0.177,0.768,0.058,0
1.6,4.825,21.15,3.425,2.25,1.575,1.225,1.075,0.025,-0.7,-2.875,-0.55,-0.525,-0.25,-0.025,0.0,11,21,23,15,14,6,8,3,22,27,26,24,15,14,17,14,85,302,1329,181,103,69,61,43,1.0,-0.383,1.0,0.138,0.823,0.126,0
1.625,4.125,18.275,2.875,1.725,1.325,1.2,1.075,0.15,0.7,-4.0,-0.575,-0.125,0.075,0.125,0.05,11,17,24,13,8,8,7,6,16,23,27,24,15,10,13,15,77,260,1233,149,81,57,53,46,1.0,-0.383,1.0,0.096,0.87,0.184,0
1.775,4.825,14.275,2.3,1.6,1.4,1.325,1.125,0.0,-0.175,4.425,-0.025,-0.1,-0.075,-0.125,-0.075,15,15,23,15,9,10,5,8,20,24,22,22,17,12,15,17,97,280,898,125,86,59,53,51,1.0,-0.383,1.0,0.059,0.9,0.222,0
1.775,4.65,18.7,2.275,1.5,1.325,1.2,1.05,-0.05,2.175,2.775,0.625,0.1,-0.175,-0.175,-0.025,14,20,22,15,11,6,7,5,18,26,27,19,21,10,15,13,95,265,1175,123,90,43,55,39,1.0,-0.383,1.0,0.02,0.927,0.259,0
1.725,6.825,21.475,2.9,1.6,1.15,1.025,1.025,1.125,10.775,1.6,0.8,0.15,0.2,0.025,0.05,13,23,26,16,7,8,4,4,18,25,29,25,18,11,6,13,89,479,1383,161,82,41,35,41,1.0,-0.383,1.0,-0.018,0.951,0.293,0
2.85,17.6,23.075,3.7,1.75,1.35,1.05,1.075,4.05,16.275,6.2,1.15,0.175,0.3,0.35,0.775,15,22,24,20,7,10,3,8,21,23,25,26,19,13,11,20,161,1106,1486,204,81,51,34,49,1.0,-0.383,1.0,-0.059,0.974,0.326,0
6.9,33.875,29.275,4.85,1.925,1.65,1.4,1.85,2.975,9.225,12.1,1.95,0.45,0.175,-0.025,0.475,21,20,22,19,13,10,8,14,23,22,23,25,22,15,19,19,404,1809,1708,262,105,77,71,96,1.0,-0.383,1.0,-0.097,0.991,0.35,0
9.875,43.1,41.375,6.8,2.375,1.825,1.375,2.325,0.925,0.525,6.85,2.85,1.775,0.275,0.15,-0.175,18,18,19,18,16,12,10,10,21,21,24,25,27,18,14,16,504,2139,2257,422,152,106,73,119,1.0,-0.383,1.0,-0.143,1.0,0.369,0
10.8,43.625,48.225,9.65,4.15,2.1,1.525,2.15,1.75,-2.45,-2.1,0.475,0.6,0.25,0.35,0.35,19,19,18,22,22,20,11,11,22,22,25,27,31,27,18,20,579,2462,2650,597,300,150,97,127,1.0,-0.383,1.0,-0.181,1.004,0.382,0
12.55,41.175,46.125,10.125,4.75,2.35,1.875,2.5,-2.075,1.6,1.125,0.8,-0.525,-0.175,-0.225,0.2,19,22,20,25,20,20,15,15,20,24,25,29,25,28,20,21,702,2518,2770,625,331,160,117,147,1.0,-0.383,1.0,-0.195,1.003,0.385,0
10.475,42.775,47.25,10.925,4.225,2.175,1.65,2.7,-1.2,2.3,-0.425,-0.55,-0.4,-0.225,-0.175,-0.2,18,22,20,26,19,17,13,15,21,25,27,31,22,22,20,20,557,2586,3071,712,246,128,93,151,1.0,-0.383,1.0,-0.2,1.002,0.386,0
9.275,45.075,46.825,10.375,3.825,1.95,1.475,2.5,0.95,-1.525,-5.55,-0.3,-0.025,-0.175,-0.175,-0.05,20,18,22,27,22,15,11,17,29,26,28,30,25,23,21,20,514,2508,2851,700,237,121,88,148,1.0,-0.383,1.0,-0.201,1.002,0.386,0
10.225,43.55,41.275,10.075,3.8,1.775,1.3,2.45,-2.675,-0.475,-6.475,0.025,0.35,0.025,-0.025,-0.125,20,19,22,26,18,12,8,21,28,25,26,28,26,23,14,20,565,2144,2297,649,215,104,57,142,1.0,-0.383,1.0,-0.203,1.0,0.386,0
7.55,43.075,34.8,10.1,4.15,1.8,1.275,2.325,-0.65,0.425,0.45,-0.825,-0.5,0.175,0.1,-0.45,20,19,19,22,18,12,10,22,23,26,21,25,23,23,16,29,415,2161,1863,667,231,110,61,151,1.0,-0.383,1.0,-0.204,0.999,0.385,0
6.9,43.5,35.25,9.275,3.65,1.975,1.375,1.875,1.975,-5.025,4.225,1.0,0.05,0.025,0.15,0.5,20,17,21,20,16,8,12,13,23,24,23,23,23,25,22,21,406,2304,2097,581,202,108,82,116,1.0,-0.383,1.0,-0.205,0.998,0.384,0
8.875,38.475,39.475,10.275,3.7,2.0,1.525,2.375,2.025,-2.025,5.175,1.35,0.975,0.35,0.275,0.575,15,19,25,25,16,8,9,10,24,24,26,28,26,22,22,14,471,2119,2541,695,207,100,82,117,1.0,-0.383,1.0,-0.205,0.997,0.383,0
10.9,36.45,44.65,11.625,4.675,2.35,1.8,2.95,-1.9,0.2,-5.925,3.075,0.475,0.1,0.225,-0.125,19,24,25,22,16,12,12,18,29,28,24,25,27,21,22,18,628,2260,2831,676,280,134,99,170,1.0,-0.383,1.0,-0.205,0.997,0.383,0
9.0,36.65,38.725,14.7,5.15,2.45,2.025,2.825,-1.025,-4.0,-5.55,-1.55,-0.9,-0.175,-0.4,-0.2,20,23,19,21,16,11,10,17,26,27,25,25,26,20,18,21,564,2290,2144,849,287,132,97,151,1.0,-0.383,1.0,-0.205,0.998,0.384,0
7.975,32.65,33.175,13.15,4.25,2.275,1.625,2.625,4.025,4.3,14.375,-3.375,-0.175,-0.025,-0.25,0.175,19,26,21,20,17,10,6,14,25,28,26,29,22,17,12,18,470,2094,2013,793,206,101,68,130,1.0,-0.383,1.0,-0.205,0.998,0.384,0
12.0,36.95,47.55,9.775,4.075,2.25,1.375,2.8,0.85,5.85,7.9,0.975,0.275,0.025,0.25,0.0,25,26,22,21,21,13,7,15,27,29,28,27,25,20,17,20,792,2468,3064,605,231,113,69,150,1.0,-0.383,1.0,-0.205,0.998,0.383,0
12.85,42.8,55.45,10.75,4.35,2.275,1.625,2.8,-1.75,-2.825,0.725,0.975,0.075,-0.05,-0.2,-0.3,24,21,22,20,20,16,8,14,26,24,28,25,22,21,18,22,880,2353,3504,696,260,135,75,156,1.0,-0.383,1.0,-0.206,0.998,0.383,0
11.1,39.975,56.175,11.725,4.425,2.225,1.425,2.5,0.675,-3.8,-7.3,-0.825,0.325,-0.1,0.0,0.275,21,22,25,20,14,15,9,17,24,24,27,22,17,21,15,26,724,2290,3614,678,239,128,65,161,1.0,-0.383,1.0,-0.206,0.998,0.383,0
11.775,36.175,48.875,10.9,4.75,2.125,1.425,2.775,-4.5,-17.175,-28.525,-4.95,-1.725,-0.475,-0.175,-0.8,22,23,19,19,18,15,9,18,22,24,25,22,21,23,16,22,751,2221,2676,632,292,124,71,173,1.0,-0.383,1.0,-0.207,0.998,0.383,0
7.275,19.0,20.35,5.95,3.025,1.65,1.25,1.975,-5.7,-17.45,-19.125,-4.725,-1.95,-0.55,-0.425,-0.95,19,16,9,16,14,8,5,10,20,19,19,24,20,20,19,17,461,1128,1007,378,187,86,62,109,1.0,-0.383,1.0,-0.01,0.841,0.195,0
1.575,1.55,1.225,1.225,1.075,1.1,0.825,1.025,-0.15,0.0,0.05,0.025,-0.2,-0.05,0.025,0.15,12,8,10,8,3,2,0,8,21,19,17,19,10,16,14,19,90,84,63,69,35,36,35,46,1.0,-0.383,1.0,0.187,0.683,0.007,0
1.425,1.55,1.275,1.25,0.875,1.05,0.85,1.175,-0.175,-0.175,-0.2,0.175,0.15,-0.075,0.1,-0.125,12,9,15,9,3,5,1,10,23,20,23,18,14,18,11,19,83,88,76,74,41,45,33,50,1.0,-0.383,1.0,0.187,0.682,0.006,0
1.25,1.375,1.075,1.425,1.025,0.975,0.95,1.05,-0.125,-0.125,0.425,0.25,1.275,0.625,0.225,-0.125,10,9,11,11,4,4,5,6,26,21,21,20,20,17,15,16,71,76,64,75,49,44,47,42,1.0,-0.383,1.0,0.186,0.682,0.008,0
1.125,1.25,1.5,1.675,2.3,1.6,1.175,0.925,0.05,0.55,6.3,1.975,2.0,0.75,0.15,0.3,5,7,12,10,8,4,8,5,25,17,18,18,18,16,16,15,68,59,90,77,107,70,64,41,1.0,-0.383,1.0,0.187,0.683,0.01,0
1.175,1.8,7.8,3.65,4.3,2.35,1.325,1.225,0.125,0.8,4.425,0.775,-0.025,-0.125,-0.025,0.075,9,11,18,15,13,8,10,7,21,16,20,21,24,17,13,18,71,90,442,201,271,102,64,59,1.0,-0.383,1.0,0.188,0.69,0.015,0
1.3,2.6,12.225,4.425,4.275,2.225,1.3,1.3,0.075,0.775,-1.475,-1.1,-1.05,-0.225,0.075,-0.125,13,17,19,19,17,13,11,9,20,22,23,24,24,17,17,18,73,151,717,267,270,105,68,63,1.0,-0.383,1.0,0.186,0.705,0.025,0
1.375,3.375,10.75,3.325,3.225,2.0,1.375,1.175,0.05,0.025,0.1,-0.325,-0.75,-0.5,-0.2,-0.15,6,18,18,23,19,17,10,7,16,24,23,27,24,21,19,16,63,186,661,230,199,106,70,50,1.0,-0.383,1.0,0.178,0.733,0.046,0
1.425,3.4,10.85,3.0,2.475,1.5,1.175,1.025,-0.175,-0.45,0.45,-0.325,-0.85,-0.35,-0.3,-0.05,6,17,22,21,17,14,6,8,13,26,28,27,27,22,19,19,57,195,697,199,146,84,53,49,1.0,-0.383,1.0,0.161,0.772,0.079,0
1.25,2.95,11.3,2.675,1.625,1.15,0.875,0.975,-0.025,0.5,1.475,-0.45,-0.4,-0.1,-0.1,-0.025,9,16,25,19,11,7,4,4,14,28,30,22,19,17,20,13,61,180,764,173,75,57,47,37,1.0,-0.383,1.0,0.135,0.815,0.122,0
1.225,3.45,12.775,2.225,1.225,1.05,0.775,0.95,0.425,2.925,3.55,0.3,0.075,-0.075,0.2,0.05,6,18,26,21,5,5,3,2,21,29,28,23,17,13,17,8,73,235,898,142,59,45,43,28,1.0,-0.383,1.0,0.1,0.857,0.167,0
1.65,6.375,16.325,2.525,1.3,0.975,0.975,1.0,0.45,1.75,2.75,0.425,0.125,0.025,0.1,0.2,8,19,27,17,6,6,3,9,19,25,26,25,20,20,14,14,85,366,1156,142,72,49,37,41,1.0,-0.383,1.0,0.056,0.898,0.215,0
2.1,8.125,19.075,2.95,1.425,1.0,1.075,1.2,0.675,3.7,4.9,0.475,0.525,0.325,-0.1,0.125,13,18,25,13,7,5,7,11,20,22,25,21,20,16,15,15,105,440,1258,153,72,42,41,53,1.0,-0.383,1.0,0.008,0.936,0.261,0
2.775,11.825,23.975,3.425,1.95,1.325,0.975,1.325,1.325,12.7,12.95,1.2,0.825,0.5,0.0,0.325,12,18,24,15,10,4,4,10,21,26,25,20,20,12,21,14,158,663,1486,192,88,53,56,62,1.0,-0.383,1.0,-0.043,0.971,0.302,0
4.1,24.525,36.925,4.625,2.775,1.825,0.975,1.65,3.025,7.825,11.85,2.525,0.5,0.175,0.575,0.8,19,22,20,19,15,8,4,16,28,30,21,24,23,20,18,18,271,1413,2060,281,136,91,60,91,1.0,-0.383,1.0,-0.092,0.998,0.335,0
7.125,32.35,48.775,7.15,3.275,2.0,1.55,2.45,3.75,5.8,-5.125,1.075,0.0,0.05,0.575,0.2,27,27,20,24,15,11,13,17,31,26,24,26,24,26,22,24,497,1957,3131,486,198,122,96,156,1.0,-0.383,1.0,-0.132,1.012,0.356,0
10.875,38.15,43.65,8.225,3.275,2.05,2.125,2.65,1.55,0.775,-5.175,-1.45,-0.2,-0.075,-0.375,-0.3,22,23,20,25,14,14,18,17,22,24,24,26,23,25,25,24,645,2121,2738,576,212,131,128,170,1.0,-0.383,1.0,-0.162,1.016,0.366,0
12.425,38.925,38.475,6.775,3.075,1.975,1.75,2.35,0.1,-1.625,1.475,-0.375,0.8,-0.075,-0.3,-0.05,18,19,19,24,15,17,15,14,22,24,23,25,19,24,20,18,646,2328,2157,461,198,121,94,132,1.0,-0.383,1.0,-0.181,1.018,0.371,0
12.525,37.3,39.95,6.4,3.875,1.9,1.45,2.3,-0.625,4.825,3.825,1.45,0.45,0.15,0.1,0.2,21,21,17,23,16,14,11,11,27,25,21,21,24,18,16,20,707,2464,2350,385,209,99,70,125,1.0,-0.383,1.0,-0.192,1.018,0.375,0
11.9,42.125,43.775,7.85,4.325,2.05,1.55,2.5,-1.0,1.275,1.65,0.075,-0.25,0.025,-0.2,-0.05,22,25,21,21,13,12,12,15,27,25,24,22,25,19,19,21,721,2709,2887,433,209,92,80,141,1.0,-0.383,1.0,-0.199,1.017,0.377,0
10.9,43.4,45.425,7.925,4.075,2.075,1.35,2.45,-0.875,-3.2,1.55,-0.075,0.075,0.0,0.125,-0.4,25,23,22,23,15,14,15,17,27,23,28,26,24,25,23,22,678,2576,2831,457,224,119,87,147,1.0,-0.383,1.0,-0.204,1.016,0.379,0
10.025,40.2,46.975,7.85,4.15,2.075,1.475,2.05,0.25,-1.2,2.775,3.65,0.7,0.25,0.45,0.675,24,19,18,25,21,13,11,14,24,24,23,25,26,21,17,22,641,2296,2611,515,270,127,88,121,1.0,-0.383,1.0,-0.208,1.014,0.379,0
10.275,39.0,49.75,11.5,4.85,2.325,1.925,2.725,1.8,1.875,-10.0,0.3,-0.075,0.075,-0.075,0.45,22,20,19,25,22,14,12,15,24,24,24,25,23,17,20,23,601,2314,2822,729,303,131,101,155,1.0,-0.383,1.0,-0.211,1.013,0.379,0
12.075,40.875,39.75,11.8,4.775,2.4,1.85,3.175,0.025,-1.95,-9.2,-3.675,-1.15,-0.325,-0.225,-0.65,23,22,22,21,23,17,19,20,29,24,28,27,25,25,25,25,766,2652,2503,730,305,138,107,192,1.0,-0.383,1.0,-0.214,1.012,0.38,0
12.1,38.925,30.55,8.125,3.625,2.075,1.625,2.525,-0.175,-1.825,5.575,0.05,0.2,-0.075,-0.025,-0.075,20,21,24,22,23,18,19,12,29,27,29,24,27,30,24,23,764,2503,1924,524,229,129,98,149,1.0,-0.383,1.0,-0.216,1.011,0.38,0
11.925,37.1,36.125,8.175,3.825,2.0,1.6,2.45,-0.85,0.075,7.825,-0.1,0.1,0.125,-0.1,0.175,17,22,24,22,22,19,18,9,22,27,29,24,31,27,22,22,659,2172,2337,491,240,136,96,135,1.0,-0.383,1.0,-0.218,1.011,0.38,0
11.075,37.175,43.95,8.075,3.925,2.125,1.5,2.625,-0.95,3.2,3.8,-0.425,-0.15,-0.3,0.1,-0.225,18,21,24,19,16,17,13,16,24,26,25,25,25,21,21,22,597,1972,2656,491,238,122,89,153,1.0,-0.383,1.0,-0.219,1.01,0.38,0
10.125,40.375,47.75,7.65,3.775,1.825,1.6,2.4,0.4,7.9,-4.225,0.525,0.225,-0.075,0.025,0.1,21,19,29,21,12,15,11,15,25,24,28,23,25,22,17,22,620,2012,2872,484,191,97,74,153,1.0,-0.383,1.0,-0.22,1.01,0.38,0
10.525,48.275,43.525,8.175,4.0,1.75,1.625,2.5,-1.375,-0.075,-1.325,2.15,-0.125,-0.125,-0.15,0.225,22,22,24,23,12,14,12,16,27,22,27,26,28,23,19,25,657,2736,2435,497,206,98,74,161,1.0,-0.383,1.0,-0.221,1.01,0.38,0
9.15,48.2,42.2,10.325,3.875,1.625,1.475,2.725,-0.825,-8.075,6.65,-0.025,-0.375,-0.075,0.125,0.15,21,24,21,23,18,13,10,18,26,24,24,27,28,25,20,28,555,2908,2345,607,227,104,73,171,1.0,-0.383,1.0,-0.221,1.01,0.38,0
8.325,40.125,48.85,10.3,3.5,1.55,1.6,2.875,-0.25,-6.375,0.55,-2.775,0.225,0.65,0.075,-0.45,19,25,25,27,21,12,13,17,26,24,28,28,24,25,21,29,501,2451,3056,670,221,108,86,179,1.0,-0.383,1.0,-0.222,1.011,0.38,0
8.075,33.75,49.4,7.525,3.725,2.2,1.675,2.425,0.375,3.95,-5.525,-0.6,0.6,0.325,-0.075,-0.475,19,22,28,26,18,13,16,13,27,26,31,28,25,28,22,23,462,1995,3242,517,237,133,107,145,1.0,-0.383,1.0,-0.221,1.013,0.381,0
8.45,37.7,43.875,6.925,4.325,2.525,1.6,1.95,2.475,6.05,-1.225,1.275,-0.475,-0.225,-0.075,0.75,21,21,27,21,22,19,16,16,29,30,30,27,28,28,19,19,508,2354,2960,428,281,145,100,109,1.0,-0.383,1.0,-0.221,1.015,0.381,0
10.925,43.75,42.65,8.2,3.85,2.3,1.525,2.7,0.325,-2.375,-0.85,0.15,0.25,0.075,0.175,0.225,24,22,26,26,24,23,18,23,28,29,32,30,28,26,21,25,749,2809,2834,537,258,143,97,174,1.0,-0.383,1.0,-0.221,1.015,0.381,0
11.25,41.375,41.8,8.35,4.1,2.375,1.7,2.925,-2.075,1.675,-6.225,0.075,0.575,0.025,0.1,-0.35,23,17,22,27,22,23,19,21,24,25,30,28,25,23,24,26,729,2191,2613,569,259,146,116,197,1.0,-0.383,1.0,-0.22,1.014,0.38,0
9.175,43.05,35.575,8.425,4.675,2.4,1.8,2.575,-0.575,-4.75,3.9,0.875,-0.75,-0.5,-0.2,-0.05,24,16,18,21,21,18,14,14,25,23,24,26,26,25,21,22,556,2153,2079,572,276,135,112,153,1.0,-0.383,1.0,-0.22,1.013,0.38,0
8.6,38.3,39.475,9.3,3.925,1.9,1.6,2.525,-3.3,-18.425,-14.3,-3.5,-1.575,-0.525,-0.325,-0.8,30,18,20,18,22,15,11,15,30,24,21,28,26,28,22,22,624,2044,2281,578,228,112,93,155,1.0,-0.383,1.0,-0.22,1.013,0.38,0
5.3,19.875,25.175,5.8,2.35,1.375,1.275,1.725,-3.825,-14.675,-21.6,-3.425,-1.25,-0.075,-0.275,-0.775,15,18,16,17,13,9,9,9,28,24,25,24,20,20,18,16,318,1099,1386,326,127,74,66,93,1.0,-0.383,1.0,-0.049,0.87,0.231,0
1.475,5.2,3.575,2.375,1.1,1.3,1.0,0.95,-0.025,0.5,-2.025,-0.55,0.4,0.0,0.0,0.1,6,11,5,13,2,5,2,2,19,27,19,16,14,14,19,12,65,291,201,113,51,52,47,37,1.0,-0.383,1.0,0.165,0.695,0.045,0
1.45,5.7,1.55,1.825,1.5,1.3,1.0,1.05,0.15,2.35,4.95,1.025,1.5,0.05,0.075,0.15,12,16,3,15,10,11,6,2,19,29,16,20,19,18,22,12,84,390,94,108,89,64,50,39,1.0,-0.383,1.0,0.208,0.668,0.012,0
1.6,8.05,6.5,2.85,3.0,1.35,1.075,1.2,-0.125,-3.15,5.625,0.125,-0.1,0.275,0.0,0.025,15,23,12,17,13,10,8,4,18,31,23,19,22,15,17,9,86,513,386,148,153,64,50,43,1.0,-0.383,1.0,0.204,0.682,0.022,0
1.475,4.9,12.125,2.975,2.9,1.625,1.075,1.225,0.075,-2.05,-1.075,-0.15,-0.675,0.1,0.025,-0.1,9,18,17,12,10,13,7,6,14,29,22,14,20,15,18,13,65,268,741,144,138,74,61,46,1.0,-0.383,1.0,0.195,0.704,0.04,0
1.55,2.85,11.05,2.825,2.225,1.725,1.1,1.125,-0.25,-0.075,0.575,-0.05,-0.125,-0.375,-0.025,-0.275,8,17,18,15,14,16,6,5,18,21,23,20,22,21,23,14,72,159,671,169,116,86,64,42,1.0,-0.383,1.0,0.175,0.734,0.07,0
1.3,2.775,11.625,2.775,2.1,1.35,1.075,0.85,0.025,0.9,4.7,-0.35,-0.175,-0.2,-0.175,0.15,6,18,22,14,18,12,5,3,19,22,27,21,26,18,25,13,58,158,750,162,116,64,56,38,1.0,-0.383,1.0,0.144,0.773,0.115,0
1.325,3.675,16.325,2.425,1.925,1.15,0.9,1.0,0.3,2.95,1.0,0.325,-0.15,-0.05,0.075,0.2,7,21,22,12,13,9,6,4,21,27,27,20,22,14,21,18,69,240,1049,131,89,48,48,57,1.0,-0.383,1.0,0.103,0.819,0.168,0
1.625,6.625,17.325,2.75,1.775,1.1,0.975,1.2,0.625,2.95,5.625,0.675,0.45,-0.025,0.15,-0.1,13,25,22,17,8,5,6,4,20,25,25,25,22,16,15,17,88,468,1143,162,84,55,48,54,1.0,-0.383,1.0,0.056,0.865,0.218,0
2.25,9.575,22.95,3.425,2.225,1.075,1.125,1.1,2.875,7.875,12.9,1.75,0.325,0.225,0.075,0.375,12,22,21,19,14,10,9,4,19,27,27,26,24,24,15,12,137,630,1523,218,129,65,52,41,1.0,-0.383,1.0,0.006,0.909,0.263,0
5.125,17.45,35.85,5.175,2.55,1.3,1.2,1.475,5.05,21.825,19.075,4.25,0.05,0.375,0.05,0.75,19,20,24,21,14,14,12,7,23,27,28,27,16,22,13,16,351,1098,2373,348,134,74,55,72,1.0,-0.383,1.0,-0.05,0.945,0.3,0
10.175,39.275,54.925,9.425,2.6,1.675,1.25,2.225,1.675,5.675,1.875,1.6,1.15,0.475,0.1,0.5,23,23,25,23,12,10,9,11,27,31,31,26,18,21,15,24,714,2496,3585,635,158,102,70,136,1.0,-0.383,1.0,-0.11,0.969,0.329,0
11.85,44.95,56.8,11.025,3.75,2.15,1.35,2.725,-0.625,-8.35,-13.25,-1.575,0.575,0.25,0.3,-0.225,26,22,24,22,15,15,8,17,29,27,27,22,23,21,20,26,844,2747,3647,655,233,119,76,174,1.0,-0.383,1.0,-0.162,0.982,0.347,0
11.225,36.6,43.55,9.45,4.325,2.4,1.65,2.5,0.8,-2.5,-0.95,-0.325,-0.7,-0.175,-0.125,-0.225,25,22,18,20,19,15,13,15,28,23,21,23,22,20,22,21,764,2030,2526,535,266,126,86,147,1.0,-0.383,1.0,-0.191,0.989,0.356,0
12.025,34.1,42.6,9.125,3.625,2.225,1.525,2.275,-0.7,-0.025,2.875,0.175,0.35,-0.275,0.0,0.3,17,26,13,16,16,15,11,10,26,25,22,23,22,23,20,22,695,2045,2210,530,216,122,78,122,1.0,-0.383,1.0,-0.205,0.991,0.359,0
11.325,34.075,45.475,9.3,3.975,1.95,1.525,2.575,-2.475,1.65,-5.525,0.4,1.0,-0.05,0.15,-0.05,14,26,18,22,13,12,8,16,23,28,25,26,22,22,17,27,633,2452,2334,612,245,108,76,150,1.0,-0.383,1.0,-0.215,0.993,0.362,0
8.85,35.725,39.95,9.7,4.975,1.9,1.675,2.525,0.45,1.7,-4.15,-0.3,-0.15,0.1,-0.125,-0.125,12,25,22,27,20,13,9,18,24,29,26,27,25,20,21,23,528,2544,2311,640,323,104,85,136,1.0,-0.383,1.0,-0.224,0.994,0.364,0
9.3,37.425,35.8,9.4,4.825,2.0,1.55,2.4,0.875,3.35,4.475,0.8,-0.25,0.25,-0.025,-0.025,18,21,24,23,24,15,5,18,28,27,27,30,26,23,14,21,595,2301,2388,652,302,107,65,141,1.0,-0.383,1.0,-0.232,0.994,0.364,0
10.175,40.775,40.275,10.2,4.575,2.25,1.525,2.375,-1.4,-2.0,4.35,0.275,0.05,0.025,0.175,-0.025,26,21,26,19,22,15,8,18,29,22,29,26,23,24,15,26,689,2369,2731,611,266,118,64,169,1.0,-0.383,1.0,-0.237,0.994,0.364,0
8.775,38.775,44.625,10.475,4.625,2.275,1.7,2.35,-0.55,-3.15,-7.25,-0.2,0.025,-0.225,0.0,0.05,23,23,24,23,24,21,14,14,24,25,29,26,26,27,21,26,539,2250,3077,642,291,138,85,154,1.0,-0.383,1.0,-0.24,0.994,0.364,0
8.225,35.625,37.375,10.275,4.65,2.05,1.7,2.4,1.65,-1.925,-6.45,3.425,1.625,0.575,0.2,0.1,20,24,18,19,17,17,10,12,23,28,28,26,26,27,21,25,483,2184,2398,597,272,127,84,122,1.0,-0.383,1.0,-0.242,0.994,0.364,0
9.875,33.7,30.925,13.7,6.275,2.625,1.9,2.5,0.525,-6.825,7.65,5.55,1.425,0.375,0.025,-0.15,20,22,15,21,17,16,13,14,28,26,25,28,25,25,21,23,650,1941,1674,806,375,152,105,126,1.0,-0.383,1.0,-0.242,0.992,0.363,0
10.4,26.875,38.575,19.25,7.7,3.0,1.925,2.35,-0.875,-3.85,-1.125,-2.2,-1.6,-0.85,-0.55,-0.175,20,22,20,26,19,18,17,18,27,24,24,27,23,26,21,22,635,1601,2142,1136,492,172,110,124,1.0,-0.383,1.0,-0.243,0.992,0.363,0
9.525,23.025,37.45,17.05,6.1,2.15,1.375,2.175,1.425,6.875,-5.85,-5.7,-1.6,-0.2,-0.075,0.1,21,19,20,24,18,11,10,18,25,23,24,27,20,24,19,21,547,1380,2271,977,336,106,69,119,1.0,-0.383,1.0,-0.244,0.991,0.362,0
10.95,29.9,31.6,11.35,4.5,1.95,1.3,2.275,0.875,5.375,-5.4,0.95,0.475,0.5,0.125,0.225,26,22,16,23,23,12,11,18,25,27,20,24,23,22,20,20,662,1761,1713,708,286,108,70,125,1.0,-0.383,1.0,-0.245,0.991,0.361,0
11.825,35.275,26.2,12.3,4.975,2.45,1.425,2.5,-1.95,3.975,3.7,2.075,0.425,-0.25,0.0,0.15,25,26,17,19,22,15,13,15,28,27,18,21,25,18,15,20,802,2195,1336,714,311,132,68,144,1.0,-0.383,1.0,-0.245,0.991,0.361,0
9.875,39.25,29.9,14.375,5.4,2.2,1.425,2.65,-0.1,-2.075,8.275,-0.6,1.325,0.175,0.15,-0.175,23,23,20,14,20,11,17,15,27,23,23,22,23,19,21,22,692,2389,1823,821,326,137,84,170,1.0,-0.383,1.0,-0.246,0.991,0.362,0
9.775,37.175,38.175,13.775,6.725,2.375,1.575,2.475,1.275,-3.0,-1.825,-2.125,-0.2,-0.075,-0.35,-0.525,21,18,23,19,20,14,15,18,24,23,27,25,24,27,23,24,571,2075,2363,867,406,152,87,159,1.0,-0.383,1.0,-0.246,0.99,0.362,0
11.05,34.175,36.35,11.65,6.525,2.3,1.225,1.95,-1.225,6.1,-4.2,-0.55,-0.275,0.025,-0.125,0.075,23,17,27,23,19,15,9,17,27,22,28,25,26,26,19,27,641,1736,2336,750,384,129,62,125,1.0,-0.383,1.0,-0.246,0.989,0.361,0
9.825,40.275,32.15,11.1,6.25,2.325,1.1,2.025,-0.9,7.475,5.225,2.675,1.05,0.4,0.475,0.725,21,19,30,23,20,12,12,17,28,23,30,27,24,20,18,28,597,2139,2254,752,349,128,59,132,1.0,-0.383,1.0,-0.246,0.988,0.361,0
8.925,47.75,37.375,13.775,7.3,2.725,1.575,2.75,-0.625,-5.325,10.55,3.35,-1.4,-0.625,0.0,0.35,21,20,27,23,24,18,17,18,30,27,29,28,22,23,22,24,586,2817,2380,887,450,174,98,161,1.0,-0.383,1.0,-0.247,0.988,0.361,0
8.3,42.425,47.925,17.125,5.9,2.1,1.575,3.1,-0.075,-11.475,-1.325,-3.725,-0.95,-0.175,-0.075,-0.3,24,22,22,21,21,13,18,21,30,28,26,24,22,26,23,25,522,2472,2690,967,348,141,101,192,1.0,-0.383,1.0,-0.248,0.988,0.36,0
8.225,30.95,46.6,13.4,4.95,1.925,1.5,2.8,1.65,5.1,-8.725,-2.275,0.375,0.15,0.025,-0.175,21,22,22,20,20,11,14,28,23,25,27,21,23,27,20,29,455,1831,2702,766,284,121,82,186,1.0,-0.383,1.0,-0.249,0.988,0.36,0
1.25,1.225,1.825,2.65,1.7,1.55,1.475,1.25,0.075,0.025,1.075,0.925,0.375,0.05,0.025,0.125,9,9,12,13,8,6,8,8,15,15,16,18,13,14,20,16,45,57,107,137,83,56,71,51,2.0,-0.383,1.383,0.209,0.661,-0.021,0
1.325,1.25,2.9,3.575,2.075,1.6,1.5,1.375,-0.2,0.125,0.575,0.2,0.7,0.175,-0.1,-0.1,12,12,15,20,13,12,15,9,17,21,22,23,19,16,25,18,68,65,174,227,116,80,88,59,2.0,-0.383,1.383,0.207,0.679,-0.012,0
1.125,1.375,3.475,3.775,2.775,1.775,1.4,1.275,-0.175,0.1,0.6,-0.3,0.475,-0.1,-0.1,-0.275,5,9,17,21,14,12,14,8,16,19,21,21,22,14,22,18,55,53,192,235,148,83,73,56,2.0,-0.383,1.383,0.2,0.706,0.001,0
0.95,1.475,4.075,3.475,3.25,1.675,1.3,1.0,0.325,0.575,2.475,0.175,-0.25,-0.3,-0.25,-0.05,5,8,21,18,17,10,12,5,13,18,22,20,22,20,19,14,39,60,202,206,187,91,68,45,2.0,-0.383,1.383,0.189,0.747,0.023,0
1.275,2.05,6.55,3.65,3.0,1.375,1.05,0.95,0.4,0.875,4.35,0.125,-0.45,-0.125,-0.2,0.075,10,10,20,18,17,7,5,3,16,19,26,24,20,21,17,14,63,106,388,233,169,81,50,41,2.0,-0.383,1.383,0.171,0.805,0.059,0
1.675,2.925,10.9,3.775,2.55,1.25,0.85,1.025,0.2,0.675,-0.4,-0.275,-0.65,-0.175,0.1,0.0,10,15,22,15,14,8,3,7,23,18,26,22,18,17,10,14,88,143,709,227,124,68,32,47,2.0,-0.383,1.383,0.137,0.891,0.114,0
1.875,3.6,10.5,3.5,1.9,1.075,0.95,1.025,1.675,0.4,-1.3,1.125,-0.2,-0.025,0.05,0.075,10,17,19,13,12,5,4,7,22,20,24,20,16,14,14,18,100,201,656,187,90,49,39,50,2.0,-0.383,1.383,0.098,0.972,0.165,0
3.55,4.0,9.2,4.625,1.7,1.05,1.0,1.1,3.15,0.575,0.4,0.075,-0.225,0.1,0.05,0.15,16,15,17,16,10,4,3,9,22,21,23,22,17,12,15,20,212,212,531,260,84,42,40,58,2.0,-0.383,1.383,0.05,1.046,0.207,0
6.7,4.575,9.6,4.7,1.475,1.15,1.05,1.25,2.025,2.225,4.55,-0.8,0.2,0.075,0.175,0.225,19,19,20,14,9,6,6,9,23,26,21,25,15,13,18,18,436,279,574,258,75,46,48,71,2.0,-0.383,1.383,0.004,1.106,0.241,0
8.725,6.8,14.15,3.9,1.675,1.225,1.225,1.475,0.825,3.9,12.75,2.075,0.7,0.175,0.05,0.325,20,24,23,12,11,8,11,9,23,29,27,23,17,17,22,17,563,440,911,225,86,55,64,85,2.0,-0.383,1.383,-0.035,1.144,0.26,0
9.55,10.7,26.9,5.975,2.375,1.4,1.275,1.8,0.7,11.975,21.55,4.95,0.975,0.5,0.2,0.4,24,22,23,15,15,7,12,12,24,27,26,22,21,19,19,23,562,681,1526,401,124,71,65,118,2.0,-0.383,1.383,-0.08,1.18,0.277,0
10.25,22.675,48.45,10.925,3.35,1.9,1.475,2.2,0.7,6.825,8.525,1.875,0.9,0.225,0.25,0.1,23,21,24,17,15,10,11,17,25,22,22,20,17,21,21,26,593,1436,2718,669,189,114,83,162,2.0,-0.383,1.383,-0.124,1.208,0.291,0
10.95,29.5,56.975,12.8,4.25,2.125,1.725,2.3,2.025,-3.975,-8.175,-2.05,-0.225,-0.3,-0.075,0.15,20,24,24,23,23,18,11,17,25,25,26,24,24,28,26,24,641,1864,3634,813,278,144,111,146,2.0,-0.383,1.383,-0.164,1.225,0.305,0
12.975,25.525,48.8,10.75,4.025,1.825,1.65,2.45,2.525,2.575,-4.525,-0.425,-0.025,0.05,0.075,0.55,21,23,20,26,23,17,15,16,25,27,25,26,26,27,25,20,837,1503,2883,692,251,118,107,139,2.0,-0.383,1.383,-0.191,1.234,0.316,0
15.5,28.1,44.275,10.325,4.0,1.875,1.725,3.0,-1.975,0.45,-2.925,-1.1,0.0,0.175,-0.025,-0.025,22,26,22,25,18,12,16,18,24,28,27,28,22,23,22,24,978,1745,2648,655,217,107,100,184,2.0,-0.383,1.383,-0.204,1.241,0.322,0
13.525,28.55,41.35,9.225,4.0,2.05,1.7,2.975,-1.0,-4.175,-0.575,-1.325,-1.0,-0.425,-0.225,-0.525,23,28,24,23,20,18,18,19,25,31,32,26,21,24,25,23,853,1972,2601,588,235,120,105,179,2.0,-0.383,1.383,-0.21,1.245,0.326,0
12.525,24.375,40.775,7.9,3.0,1.625,1.475,2.45,-0.275,1.55,-1.525,-0.725,-0.375,-0.025,0.15,-0.025,23,23,23,22,15,20,20,16,27,27,30,27,18,23,24,23,780,1655,2461,500,167,97,98,145,2.0,-0.383,1.383,-0.213,1.246,0.328,0
12.25,25.925,39.25,7.175,2.625,1.6,1.625,2.425,-2.25,2.375,-5.25,-0.875,0.225,0.175,-0.05,-0.1,19,23,25,21,12,15,16,14,25,26,28,28,22,24,23,27,732,1579,2425,461,143,99,92,156,2.0,-0.383,1.383,-0.215,1.246,0.329,0
10.0,28.3,34.0,6.3,2.85,1.775,1.575,2.325,0.325,-3.175,1.4,0.425,-0.175,-0.175,-0.2,-0.35,16,21,26,18,17,12,11,11,25,29,28,24,26,23,23,26,609,1861,2187,375,177,108,84,134,2.0,-0.383,1.383,-0.217,1.246,0.329,0
10.325,25.125,35.4,6.725,2.675,1.6,1.375,1.975,-1.375,-1.925,5.95,-0.225,0.475,0.05,0.15,0.325,20,24,25,18,20,15,10,12,27,31,27,22,27,20,22,22,619,1679,2393,389,172,83,75,115,2.0,-0.383,1.383,-0.219,1.247,0.329,0
8.95,23.2,41.35,6.5,3.15,1.65,1.525,2.3,-1.025,2.85,3.775,0.925,-0.05,-0.075,0.15,0.05,24,21,23,16,21,17,11,15,27,27,22,22,27,24,20,22,570,1330,2705,380,204,93,82,141,2.0,-0.383,1.383,-0.221,1.246,0.33,0
7.925,26.05,45.125,7.425,3.1,1.575,1.675,2.35,2.825,0.625,-7.5,1.175,0.3,0.375,-0.175,-0.25,22,21,20,13,20,13,11,15,22,26,23,23,19,23,20,25,474,1617,2892,419,181,92,83,144,2.0,-0.383,1.383,-0.222,1.246,0.332,0
10.75,26.675,37.625,8.6,3.4,1.95,1.5,2.1,1.325,0.3,-5.15,-1.225,0.025,0.175,-0.1,0.275,17,27,17,15,18,13,12,16,28,30,31,23,17,18,20,24,624,1867,2360,525,167,94,83,126,2.0,-0.383,1.383,-0.223,1.248,0.334,0
12.075,26.975,32.475,7.375,3.425,2.125,1.4,2.375,1.3,4.225,8.975,-1.15,-0.6,-0.475,0.05,0.475,20,21,18,19,15,13,12,21,31,28,29,22,22,23,22,31,767,1696,2025,475,175,97,81,160,2.0,-0.383,1.383,-0.223,1.25,0.337,0
13.375,31.2,41.45,6.225,2.825,1.65,1.45,2.85,0.35,0.9,4.775,-0.05,0.45,0.075,-0.175,0.15,29,18,25,21,10,9,8,23,29,24,29,26,21,20,16,32,910,1857,2744,422,166,73,70,195,2.0,-0.383,1.383,-0.224,1.253,0.337,0
13.725,32.1,46.225,6.175,3.275,1.725,1.275,3.0,0.1,-3.775,-2.2,0.65,-0.2,-0.025,-0.1,0.125,22,20,28,23,13,14,5,23,25,23,31,30,20,19,13,28,863,2011,3179,431,199,97,61,200,2.0,-0.383,1.383,-0.224,1.254,0.337,0
13.825,28.325,44.025,6.825,3.075,1.7,1.175,3.125,-1.825,-6.575,-8.425,-0.075,-0.275,-0.275,0.25,-0.425,17,20,25,22,15,13,4,20,22,23,29,29,22,20,19,28,791,1727,3010,433,180,92,65,195,2.0,-0.383,1.383,-0.225,1.254,0.337,0
12.0,21.75,35.6,6.75,2.8,1.425,1.425,2.7,-0.5,-2.9,-3.925,-0.35,0.15,0.0,-0.1,-0.1,18,21,21,23,15,11,6,13,22,26,24,23,22,18,23,28,627,1252,2203,407,157,72,72,155,2.0,-0.383,1.383,-0.225,1.254,0.337,0
11.5,18.85,31.675,6.4,2.95,1.425,1.325,2.6,-0.175,-3.725,-3.55,-0.5,-0.05,0.1,-0.125,-0.15,17,20,20,25,18,13,10,17,24,27,22,27,23,20,24,26,655,1118,1648,433,165,71,78,157,2.0,-0.383,1.383,-0.226,1.254,0.336,0
11.325,15.125,28.125,5.9,2.9,1.525,1.2,2.45,-6.7,-9.65,-15.825,-2.275,-0.95,-0.1,0.05,-1.075,15,17,21,20,18,11,9,15,20,26,24,27,22,19,23,26,599,923,1704,370,165,72,72,147,2.0,-0.383,1.383,-0.137,1.142,0.267,0
4.625,5.475,12.3,3.625,1.95,1.425,1.25,1.375,-3.675,-4.25,-10.7,-1.125,-0.65,-0.225,-0.3,-0.475,9,10,16,15,7,5,8,8,20,22,22,23,21,17,19,22,196,346,838,194,92,55,60,72,2.0,-0.383,1.383,0.085,0.862,0.093,0
0.95,1.225,1.6,2.5,1.3,1.2,0.95,0.9,0.025,-0.125,0.05,-0.2,0.05,-0.175,-0.025,-0.15,6,6,18,15,5,5,5,4,17,18,22,24,21,13,18,14,47,66,97,140,68,46,42,30,2.0,-0.383,1.383,0.218,0.695,-0.011,0
0.975,1.1,1.65,2.3,1.35,1.025,0.925,0.75,0.075,0.075,-0.05,-0.425,-0.025,-0.15,-0.025,0.05,8,6,16,14,8,6,4,0,17,17,24,20,18,13,17,12,57,55,104,125,65,44,37,27,2.0,-0.383,1.383,0.218,0.695,-0.011,0
1.05,1.175,1.6,1.875,1.325,0.875,0.9,0.8,0.15,-0.025,0.325,0.15,-0.225,0.075,-0.1,0.175,8,6,10,10,11,3,5,3,19,16,21,18,16,14,16,18,65,55,104,108,57,39,43,46,2.0,-0.383,1.383,0.217,0.695,-0.011,0
1.2,1.15,1.925,2.025,1.1,0.95,0.8,0.975,0.15,0.025,0.2,0.15,-0.125,0.1,0.05,0.025,7,7,14,13,8,5,2,6,23,18,22,21,17,17,15,21,64,57,116,126,52,50,42,53,2.0,-0.383,1.383,0.217,0.696,-0.01,0
1.35,1.175,2.125,2.175,0.975,1.05,0.85,1.0,0.0,0.15,0.025,-0.35,0.35,0.1,0.05,-0.05,11,5,15,14,5,6,4,3,21,15,19,20,14,17,20,19,71,51,109,122,39,53,44,42,2.0,-0.383,1.383,0.218,0.697,-0.008,0
1.35,1.325,2.15,1.825,1.325,1.15,0.9,0.95,-0.125,0.15,4.1,0.475,0.95,0.275,0.275,-0.025,13,4,11,11,7,6,6,1,22,20,21,20,13,20,17,12,79,60,114,96,51,60,47,36,2.0,-0.383,1.383,0.218,0.698,-0.007,0
1.225,1.475,6.25,2.3,2.275,1.425,1.175,0.925,-0.075,0.75,5.675,1.2,0.875,0.2,0.05,0.025,8,4,14,13,8,7,7,3,17,18,23,23,17,24,13,12,64,65,365,125,105,85,53,35,2.0,-0.383,1.383,0.217,0.701,-0.006,0
1.15,2.225,11.925,3.5,3.15,1.625,1.225,0.95,-0.05,0.275,-0.525,-0.2,0.65,0.175,0.0,0.0,9,14,21,18,13,7,10,3,16,19,25,22,20,23,18,16,58,133,799,205,176,93,60,41,2.0,-0.383,1.383,0.217,0.71,-0.002,0
1.1,2.5,11.4,3.3,3.8,1.8,1.225,0.95,0.025,-0.625,-4.025,-0.35,-0.275,0.1,-0.025,0.075,6,19,20,19,18,15,10,1,16,23,22,21,24,22,23,15,50,152,719,206,249,99,63,43,2.0,-0.383,1.383,0.215,0.731,0.012,0
1.125,1.875,7.375,2.95,3.525,1.9,1.2,1.025,0.25,-0.05,-0.85,0.65,0.1,0.25,-0.225,-0.125,5,12,21,21,20,19,8,4,18,19,23,25,27,23,19,15,53,97,456,178,239,113,59,43,2.0,-0.383,1.383,0.205,0.765,0.04,0
1.375,1.825,6.525,3.6,3.625,2.15,0.975,0.9,0.1,0.5,0.2,0.25,-0.275,-0.45,0.0,-0.125,12,13,23,21,21,17,5,5,21,21,28,28,27,23,13,16,73,106,393,212,231,129,50,38,2.0,-0.383,1.383,0.185,0.811,0.083,0
1.475,2.325,6.725,3.85,3.35,1.7,0.975,0.775,-0.1,0.725,2.575,-0.625,-1.275,-0.6,0.025,0.275,16,18,20,18,19,10,6,3,23,27,29,24,22,16,13,12,82,149,447,220,195,88,48,35,2.0,-0.383,1.383,0.16,0.858,0.127,0
1.375,3.05,9.3,3.225,2.075,1.1,1.0,1.05,0.075,0.975,3.025,0.1,-0.225,0.1,0.025,0.3,15,19,19,18,15,5,6,6,22,25,25,21,21,15,16,10,77,181,610,185,103,46,45,38,2.0,-0.383,1.383,0.129,0.912,0.172,0
1.45,4.025,12.325,3.325,1.85,1.2,1.025,1.35,1.275,-0.225,3.425,0.3,-0.325,-0.05,-0.025,0.075,8,16,23,17,9,6,4,5,17,20,24,22,18,16,14,14,73,226,740,194,84,55,43,44,2.0,-0.383,1.383,0.09,0.975,0.217,0
2.725,3.8,15.75,3.625,1.525,1.15,1.0,1.425,2.85,0.1,-0.1,-0.225,0.125,0.0,0.125,0.15,5,15,26,18,10,8,5,5,20,19,25,22,16,15,17,16,157,235,985,196,72,58,47,57,2.0,-0.383,1.383,0.049,1.034,0.253,0
5.575,3.9,15.65,3.4,1.65,1.15,1.125,1.575,0.2,1.525,-3.25,-0.7,0.1,0.05,0.05,-0.1,13,15,21,17,16,9,5,13,23,20,24,22,20,15,18,17,299,223,1003,178,83,61,54,80,2.0,-0.383,1.383,-0.003,1.097,0.284,0
5.775,5.425,12.4,2.7,1.75,1.2,1.175,1.475,0.1,2.525,4.65,0.2,-0.15,-0.075,-0.025,-0.075,21,19,19,17,11,5,8,15,22,24,27,20,20,20,20,18,326,314,761,137,80,58,63,84,2.0,-0.383,1.383,-0.054,1.152,0.307,0
5.875,7.95,17.05,2.9,1.6,1.125,1.15,1.4,4.925,13.95,22.15,5.05,0.275,0.1,0.275,0.85,19,20,22,16,7,2,7,11,25,27,27,17,20,17,18,21,370,468,1127,164,67,46,54,79,2.0,-0.383,1.383,-0.097,1.192,0.323,0
10.8,21.9,39.2,7.95,1.875,1.225,1.425,2.25,7.425,12.975,21.725,3.45,0.775,0.575,0.375,1.1,21,20,25,19,13,7,10,16,28,26,26,23,19,15,15,22,672,1238,2570,508,106,61,59,129,2.0,-0.383,1.383,-0.139,1.221,0.336,0
18.225,34.875,60.925,11.4,2.65,1.8,1.8,3.35,2.6,2.6,1.85,1.175,0.825,0.325,-0.05,0.825,18,24,24,21,19,15,9,22,28,26,29,27,22,21,18,22,1059,2104,3854,732,161,102,86,208,2.0,-0.383,1.383,-0.172,1.232,0.346,0
20.825,37.475,62.775,12.575,3.475,2.125,1.75,4.175,-3.525,2.6,-11.25,-0.775,0.7,0.025,0.0,-0.325,21,25,24,24,20,21,8,23,26,26,30,28,22,21,20,25,1284,2240,4038,823,201,127,103,264,2.0,-0.383,1.383,-0.192,1.235,0.356,0
17.3,40.075,51.525,11.8,4.175,2.15,1.75,3.85,0.95,0.475,3.875,-2.425,0.025,-0.025,-0.15,-0.675,22,28,19,20,17,16,13,19,28,26,29,24,23,21,22,23,1159,2598,2989,691,231,126,95,218,2.0,-0.383,1.383,-0.205,1.241,0.361,0
18.25,40.55,55.4,9.375,4.2,2.125,1.6,3.175,4.425,1.775,9.575,-0.4,-0.7,-0.15,-0.3,0.0,17,27,17,19,12,10,12,17,28,28,26,26,21,20,23,24,1017,2618,2941,508,218,112,86,182,2.0,-0.383,1.383,-0.214,1.248,0.36,0
22.675,42.325,64.975,8.975,3.5,1.975,1.3,3.175,2.45,-6.45,-6.5,0.9,-0.5,-0.4,0.25,0.425,15,25,22,26,14,9,9,15,22,28,27,29,22,20,23,24,1083,2605,3610,558,200,101,74,179,2.0,-0.383,1.383,-0.221,1.251,0.357,0
25.125,35.875,58.475,9.875,3.0,1.575,1.55,3.6,-3.025,-2.125,-14.075,1.725,0.8,0.125,-0.125,0.15,17,28,19,26,12,6,8,15,24,33,27,25,20,22,20,22,1331,2521,3466,634,154,80,75,198,2.0,-0.383,1.383,-0.227,1.251,0.355,0
22.1,33.75,44.4,11.6,3.8,1.7,1.425,3.75,-6.525,2.025,-11.275,-1.4,0.4,0.225,-0.15,-0.4,21,29,17,28,19,14,11,19,29,32,27,26,20,24,21,22,1252,2447,2470,757,211,98,80,222,2.0,-0.383,1.383,-0.232,1.251,0.354,0
15.575,35.775,33.125,10.2,4.2,1.925,1.275,3.35,1.1,-2.05,4.9,-1.125,-1.15,-0.175,0.225,-0.075,21,22,22,26,26,20,13,19,32,29,29,28,28,24,22,25,888,2330,1873,673,263,113,76,197,2.0,-0.383,1.383,-0.235,1.249,0.353,0
16.675,33.725,38.025,9.075,3.05,1.75,1.5,3.275,3.025,3.9,4.475,0.475,0.0,0.3,0.125,0.2,18,17,21,22,20,15,12,21,29,28,25,24,25,22,24,23,851,2076,2361,563,198,93,85,178,2.0,-0.383,1.383,-0.236,1.247,0.353,0
19.7,37.625,42.5,9.55,3.05,2.05,1.625,3.475,-0.275,-0.55,0.275,-1.65,-0.325,-0.2,-0.025,-0.3,16,22,21,19,15,15,10,21,25,27,25,23,20,21,19,22,1148,2399,2660,529,190,108,81,203,2.0,-0.383,1.383,-0.237,1.244,0.354,0
19.425,37.075,42.775,7.9,2.725,1.85,1.6,3.175,-2.275,-3.975,-4.025,-0.375,-0.575,-0.225,-0.075,-0.325,23,24,19,17,13,16,10,18,28,26,25,25,21,18,14,22,1287,2418,2520,444,163,96,70,195,2.0,-0.383,1.383,-0.238,1.241,0.355,0
17.15,33.1,38.75,7.525,2.15,1.625,1.525,2.85,-5.5,7.15,0.225,0.9,0.275,-0.025,-0.2,0.075,24,20,20,21,13,13,10,18,27,28,24,25,20,15,19,22,1125,1717,2412,448,121,70,80,184,2.0,-0.383,1.383,-0.239,1.241,0.355,0
11.65,40.25,38.975,8.425,2.425,1.6,1.325,2.925,-0.375,4.975,4.175,-1.5,0.2,-0.075,-0.075,-0.4,19,26,25,23,13,10,7,19,24,31,28,24,20,16,18,23,748,2535,2538,517,138,77,71,181,2.0,-0.383,1.383,-0.239,1.24,0.356,0
11.275,45.225,43.15,6.925,2.625,1.525,1.25,2.525,1.925,-0.95,0.65,-0.35,0.175,0.575,0.15,0.05,17,25,26,21,11,11,5,18,24,26,27,24,20,24,17,20,623,3037,2679,443,153,94,64,144,2.0,-0.383,1.383,-0.239,1.24,0.357,0
13.2,44.275,43.8,6.575,2.8,2.1,1.4,2.575,2.15,-3.4,-4.225,0.075,-0.375,0.025,0.2,0.575,20,18,22,20,12,14,7,15,22,21,24,21,20,23,18,18,735,2413,2464,417,151,118,75,146,2.0,-0.383,1.383,-0.239,1.239,0.357,0
15.35,40.875,39.575,6.65,2.425,2.125,1.6,3.15,1.425,-0.7,0.95,-0.575,0.175,-0.275,0.125,0.275,24,17,20,20,9,13,9,14,25,21,26,27,22,21,21,25,1030,2218,2478,418,120,112,87,195,2.0,-0.383,1.383,-0.239,1.239,0.357,0
16.775,40.175,40.525,6.075,2.6,1.85,1.725,3.425,-2.95,-0.175,5.1,-0.375,0.25,-0.225,-0.25,-0.425,21,19,22,21,14,12,11,15,27,25,29,30,23,26,25,24,1061,2365,2701,383,135,101,89,210,2.0,-0.383,1.383,-0.239,1.239,0.357,0
13.825,40.0,45.625,5.7,2.85,1.625,1.475,3.0,-2.05,-0.95,-9.075,-0.35,-0.125,0.025,-0.1,-0.35,23,19,20,22,21,13,11,18,26,25,26,27,27,30,21,22,813,2321,2598,340,168,92,77,164,2.0,-0.383,1.383,-0.24,1.239,0.357,0
11.775,39.05,36.55,5.35,2.725,1.65,1.375,2.65,-0.025,2.8,-3.125,0.525,0.0,0.4,0.05,0.0,20,17,20,19,16,17,10,18,22,25,28,25,25,27,20,21,663,2121,2088,317,168,98,64,131,2.0,-0.383,1.383,-0.241,1.239,0.356,0
11.75,41.85,33.425,5.875,2.725,2.05,1.425,2.65,-0.3,-0.35,13.7,0.5,-0.6,-0.325,-0.275,-0.15,15,22,19,21,15,16,11,12,19,27,28,28,23,21,23,17,621,2454,2052,384,161,116,73,119,2.0,-0.383,1.383,-0.242,1.239,0.356,0
11.45,41.5,47.125,6.375,2.125,1.725,1.15,2.5,0.3,-2.975,5.375,1.375,-0.15,-0.3,-0.15,0.075,15,22,20,25,15,10,10,11,23,27,27,28,19,14,20,18,688,2529,2647,411,116,84,67,129,2.0,-0.383,1.383,-0.242,1.239,0.357,0
11.75,38.525,52.5,7.75,1.975,1.425,1.0,2.575,-1.125,-15.25,-11.375,-1.05,0.25,0.025,0.25,-0.075,19,20,20,23,13,9,9,15,27,23,24,27,23,15,18,22,680,2338,2666,507,126,68,52,145,2.0,-0.383,1.383,-0.243,1.238,0.357,0
10.625,23.275,41.125,6.7,2.225,1.45,1.25,2.5,-5.525,-15.8,-22.625,-3.75,-0.575,-0.175,-0.175,-0.675,16,16,16,20,8,9,10,17,19,21,23,26,22,22,21,23,549,1465,2181,418,142,88,75,144,2.0,-0.383,1.383,-0.11,1.075,0.248,0
5.1,7.475,18.5,2.95,1.65,1.275,1.075,1.825,-3.675,-5.825,-15.975,-1.525,-0.4,-0.225,-0.25,-0.625,6,8,15,17,5,8,5,10,12,25,23,23,13,21,23,21,184,412,1046,144,71,70,64,83,2.0,-0.383,1.383,0.11,0.804,0.068,0
1.425,1.65,2.525,1.425,1.25,1.05,0.825,1.2,-0.375,-0.325,-0.25,0.275,1.375,0.125,0.225,-0.1,7,6,12,15,6,6,4,3,20,25,21,22,11,13,17,19,67,81,150,83,49,47,38,52,2.0,-0.383,1.383,0.197,0.698,-0.001,0
1.05,1.325,2.275,1.7,2.625,1.175,1.05,1.1,0.225,0.375,3.925,0.475,0.375,0.2,0.325,-0.125,8,10,13,12,10,7,11,7,19,20,22,21,17,12,10,19,59,70,129,105,139,55,43,60,2.0,-0.383,1.383,0.198,0.704,0.002,0
1.275,1.7,6.2,2.175,3.0,1.375,1.375,0.975,0.075,0.2,1.675,0.475,-0.6,0.15,-0.025,-0.05,11,15,18,10,17,13,13,7,17,19,22,21,20,18,12,16,72,106,363,129,177,74,63,57,2.0,-0.383,1.383,0.199,0.716,0.011,0
1.35,1.9,7.875,2.65,2.4,1.525,1.35,0.925,-0.225,0.1,0.5,0.125,-0.275,0.125,-0.225,0.025,8,16,22,10,17,16,9,4,17,24,24,24,24,24,17,16,69,126,487,135,147,84,64,48,2.0,-0.383,1.383,0.197,0.735,0.029,0
1.125,2.0,8.375,2.775,2.125,1.65,1.125,0.95,0.25,1.425,3.55,0.175,-0.35,-0.325,0.025,-0.025,5,15,24,10,11,13,7,3,20,26,27,24,24,26,17,21,56,127,524,138,118,78,55,53,2.0,-0.383,1.383,0.181,0.782,0.078,0
1.375,3.425,11.925,2.95,1.775,1.325,1.15,0.925,-0.025,0.35,0.875,-0.325,0.275,-0.2,-0.15,0.1,12,19,22,12,8,8,10,4,24,21,26,20,17,21,19,14,75,218,775,168,82,57,57,48,2.0,-0.383,1.383,0.141,0.862,0.157,0
1.35,3.775,12.8,2.625,2.05,1.125,1.0,1.025,1.675,0.05,-1.25,-0.575,-0.3,0.15,-0.1,0.225,11,19,20,14,11,11,8,5,21,23,24,19,19,17,20,16,74,221,830,149,96,60,52,52,2.0,-0.383,1.383,0.088,0.948,0.225,0
3.025,3.825,11.55,2.05,1.75,1.275,0.9,1.25,2.225,0.4,2.3,0.175,-0.425,0.075,0.075,0.025,13,16,19,18,10,15,9,5,22,22,24,27,20,20,17,19,203,216,708,126,90,74,44,65,2.0,-0.383,1.383,0.025,1.031,0.273,0
5.25,4.225,13.85,2.225,1.325,1.35,0.975,1.275,2.425,0.95,6.05,0.1,0.15,0.075,0.175,0.275,15,17,20,16,5,8,9,8,24,20,23,23,17,18,12,19,337,239,791,131,66,61,41,76,2.0,-0.383,1.383,-0.032,1.091,0.301,0
7.675,5.175,19.9,2.325,1.475,1.425,1.15,1.55,-0.75,0.3,2.225,0.025,0.15,-0.075,0.2,0.075,11,19,17,15,5,9,10,11,19,21,30,22,18,20,14,18,413,293,1227,140,77,66,51,98,2.0,-0.383,1.383,-0.077,1.131,0.317,0
6.925,5.475,22.125,2.35,1.625,1.35,1.35,1.625,-1.775,5.375,7.55,1.925,0.925,0.35,0.075,-0.025,16,22,18,18,10,12,12,11,21,27,30,28,21,16,17,21,391,354,1427,145,91,68,59,96,2.0,-0.383,1.383,-0.123,1.168,0.332,0
5.15,10.85,29.675,4.275,2.55,1.7,1.425,1.6,5.3,15.15,9.525,2.3,0.875,0.525,0.35,0.75,18,21,23,21,17,11,12,13,20,26,25,26,21,14,16,22,267,680,1873,226,144,82,67,98,2.0,-0.383,1.383,-0.179,1.201,0.343,0
10.45,26.0,39.2,6.575,3.425,2.225,1.775,2.35,3.825,7.725,11.4,0.275,-0.15,0.075,0.2,0.975,21,22,20,26,20,15,17,19,24,25,22,30,23,18,20,23,615,1519,2400,419,205,123,105,144,2.0,-0.383,1.383,-0.221,1.221,0.349,0
14.275,33.725,50.6,6.85,3.275,2.3,1.975,3.325,-0.775,1.95,2.675,0.925,0.025,-0.275,-0.35,0.375,20,23,19,24,20,17,18,23,25,25,20,30,24,20,20,26,839,1924,2763,448,213,134,125,209,2.0,-0.383,1.383,-0.232,1.225,0.349,0
13.5,35.675,53.275,7.775,3.3,2.025,1.625,3.7,-1.75,4.7,-11.5,1.075,-0.25,-0.425,-0.125,-0.775,17,24,19,23,19,19,12,20,22,24,20,26,28,27,20,22,703,2099,2707,522,213,127,92,202,2.0,-0.383,1.383,-0.236,1.229,0.349,0
11.75,40.375,41.775,8.85,3.05,1.6,1.5,2.925,-0.6,-6.525,6.35,0.425,-0.175,0.125,0.0,-0.325,20,24,24,25,14,13,12,16,25,26,25,25,25,25,22,23,663,2457,2571,600,182,98,78,164,2.0,-0.383,1.383,-0.238,1.231,0.348,0
11.15,33.85,48.125,9.275,2.875,1.725,1.5,2.6,-0.975,-1.95,4.9,0.325,-0.1,0.05,-0.1,-0.35,19,18,22,23,16,7,10,18,24,23,25,21,25,23,21,25,598,1931,2834,559,180,100,79,160,2.0,-0.383,1.383,-0.241,1.232,0.348,0
10.175,31.9,53.025,9.6,2.775,1.775,1.4,2.25,-2.825,3.5,-4.925,-0.85,-0.2,-0.125,-0.05,-0.3,21,18,20,22,19,11,8,14,27,22,27,26,28,25,18,19,609,1737,3175,542,180,106,64,127,2.0,-0.383,1.383,-0.243,1.234,0.347,0
7.35,35.4,48.1,8.75,2.575,1.65,1.35,1.95,-1.125,-1.45,1.05,0.025,0.3,0.05,-0.1,0.325,21,22,20,24,19,17,8,10,28,25,29,28,27,26,19,20,454,2089,2989,568,170,98,62,118,2.0,-0.383,1.383,-0.245,1.235,0.346,0
6.225,33.95,49.15,8.775,2.875,1.7,1.25,2.275,2.125,2.175,1.7,-1.375,0.25,0.025,0.175,0.075,15,19,17,22,19,11,8,15,21,28,25,26,27,17,18,21,374,2133,2811,502,167,77,59,139,2.0,-0.383,1.383,-0.245,1.237,0.347,0
8.35,36.125,50.85,7.4,3.125,1.725,1.425,2.35,3.625,-1.7,-4.775,-1.25,0.025,-0.025,0.05,0.0,12,18,21,23,16,15,9,18,19,27,26,26,30,19,23,20,424,2223,3092,438,185,92,73,136,2.0,-0.383,1.383,-0.245,1.237,0.347,0
11.975,34.425,46.075,6.15,3.15,1.7,1.475,2.35,-1.675,-3.65,-1.7,1.475,-0.55,-0.025,-0.25,-0.3,20,23,20,20,18,19,7,19,23,25,25,23,30,24,25,22,643,2130,2758,353,198,109,79,140,2.0,-0.383,1.383,-0.245,1.237,0.347,0
10.3,30.775,44.375,7.625,2.6,1.675,1.225,2.05,-1.35,0.95,-2.65,-0.025,0.05,0.125,-0.075,0.45,21,22,20,20,17,14,5,15,25,27,22,26,26,23,21,18,601,2000,2444,436,170,91,61,115,2.0,-0.383,1.383,-0.245,1.238,0.348,0
8.95,31.725,41.725,7.6,2.65,1.8,1.15,2.5,2.075,1.25,0.8,0.8,0.1,0.025,0.025,0.525,17,19,21,19,12,11,7,16,24,25,25,23,23,19,17,19,507,1928,2334,475,161,89,56,141,2.0,-0.383,1.383,-0.245,1.238,0.348,0
11.025,32.975,42.525,8.4,2.75,1.825,1.175,3.025,-1.0,-3.65,6.725,-0.5,-0.375,-0.125,0.25,-0.625,19,21,24,21,11,9,6,21,26,23,29,23,20,19,16,24,666,1878,2505,571,151,84,59,188,2.0,-0.383,1.383,-0.245,1.237,0.349,0
0.975,1.075,1.125,1.15,1.1,0.85,0.875,0.95,-0.025,0.075,-0.1,0.025,-0.05,0.25,0.075,-0.025,7,4,7,4,8,2,4,5,18,19,22,19,18,15,13,18,47,54,54,59,47,40,34,49,3.0,0.0,0.617,0.19,0.695,-0.017,0
0.95,1.15,1.025,1.175,1.05,1.1,0.95,0.925,-0.075,-0.075,0.175,0.2,0.175,0.075,0.4,-0.1,5,6,7,9,7,3,1,2,14,20,19,23,16,12,14,13,44,58,51,65,46,35,34,41,3.0,0.0,0.617,0.189,0.695,-0.017,0
0.875,1.075,1.2,1.375,1.225,1.175,1.35,0.825,0.275,1.325,3.325,0.65,0.75,0.45,0.125,0.05,2,6,6,12,6,5,4,1,16,19,12,19,11,15,18,12,43,47,48,66,51,45,57,37,3.0,0.0,0.617,0.19,0.696,-0.017,0
1.15,2.4,4.525,2.025,1.975,1.625,1.475,0.875,0.275,2.3,9.05,1.875,1.1,0.275,0.1,0.2,5,13,13,8,7,8,8,6,21,22,14,20,15,15,20,20,53,135,202,94,91,70,77,51,3.0,0.0,0.617,0.191,0.697,-0.017,0
1.425,4.7,13.575,3.9,3.075,1.9,1.575,1.075,-0.075,0.6,7.825,0.25,-0.225,-0.45,0.025,-0.025,11,20,27,14,14,8,11,7,24,29,26,25,19,17,19,24,82,291,894,214,162,92,87,60,3.0,0.0,0.617,0.191,0.702,-0.014,0
1.35,5.3,21.4,4.15,2.85,1.45,1.6,1.05,0.05,0.15,-0.4,-0.425,-0.8,-0.225,-0.35,0.2,8,20,26,18,15,6,11,5,20,32,30,26,21,18,19,24,81,334,1431,231,158,75,79,55,3.0,0.0,0.617,0.188,0.71,-0.005,0
1.4,5.45,21.0,3.725,2.05,1.225,1.25,1.25,0.2,0.275,-2.825,-0.1,-0.175,-0.025,0.025,0.05,5,18,23,16,13,5,5,14,15,25,27,23,22,19,16,23,66,326,1353,212,116,67,57,68,3.0,0.0,0.617,0.182,0.721,0.017,0
1.6,5.725,18.175,3.625,1.875,1.2,1.275,1.3,0.075,-1.375,-1.1,-1.05,-0.35,-0.1,-0.075,-0.225,9,21,24,13,13,6,7,14,18,21,26,20,22,21,11,20,72,310,1104,217,103,75,51,71,3.0,0.0,0.617,0.174,0.732,0.056,0
1.675,4.35,17.075,2.575,1.525,1.1,1.2,1.075,-0.05,0.3,-0.825,-0.35,0.025,-0.025,-0.2,-0.05,11,19,23,12,11,4,7,4,22,23,30,23,19,17,17,19,80,265,1072,155,70,54,47,49,3.0,0.0,0.617,0.161,0.742,0.107,0
1.625,4.65,16.25,2.225,1.55,1.075,1.0,1.025,0.75,3.4,9.3,0.975,0.375,0.2,0.15,0.075,11,22,23,16,14,7,6,7,19,28,29,22,19,14,19,19,85,317,1063,140,71,54,46,54,3.0,0.0,0.617,0.145,0.752,0.159,0
2.375,8.05,25.55,3.2,1.925,1.275,1.15,1.1,0.375,3.05,14.1,0.5,-0.075,0.2,-0.025,0.0,14,25,19,18,17,11,7,12,18,31,25,20,21,16,19,19,133,486,1447,192,105,70,55,67,3.0,0.0,0.617,0.126,0.759,0.214,0
2.75,11.1,39.65,3.7,1.85,1.475,1.125,1.1,0.825,7.625,5.8,1.225,0.325,0.025,0.1,0.5,16,20,21,17,17,11,4,8,22,27,28,26,17,16,19,14,165,650,2474,233,102,81,53,51,3.0,0.0,0.617,0.104,0.766,0.266,0
3.575,18.725,45.45,4.925,2.175,1.5,1.225,1.6,2.975,18.45,5.825,4.65,1.875,0.6,0.375,0.95,16,19,28,19,18,14,6,12,24,26,32,29,20,20,16,17,223,1080,3251,312,121,93,61,88,3.0,0.0,0.617,0.084,0.77,0.307,0
6.55,37.175,51.275,9.575,4.05,2.1,1.6,2.55,3.6,16.6,-3.5,3.225,1.1,0.475,0.3,0.375,21,24,27,24,19,20,13,23,23,27,32,29,27,25,21,22,398,2583,3690,649,257,145,95,159,3.0,0.0,0.617,0.066,0.771,0.334,0
10.15,53.775,47.775,12.8,5.15,2.575,1.9,2.925,-0.875,-9.075,-4.75,-1.35,-0.675,-0.25,0.05,-0.15,23,26,19,29,17,21,14,23,25,30,29,28,24,19,22,25,582,3643,2918,897,348,166,122,185,3.0,0.0,0.617,0.051,0.769,0.351,0
9.275,44.7,43.025,11.45,4.475,2.325,1.95,2.775,-0.925,-1.25,5.875,-0.825,-0.3,0.225,0.125,0.2,19,25,18,27,19,17,17,20,28,30,28,30,23,18,19,27,514,2728,2413,783,295,135,111,180,3.0,0.0,0.617,0.042,0.767,0.358,0
8.35,43.45,48.9,10.625,4.175,2.55,2.075,2.975,1.775,-1.3,2.325,-1.3,-0.65,-0.125,0.05,0.225,19,27,21,24,21,17,14,14,27,27,29,28,23,21,21,25,476,2682,2600,670,255,142,100,164,3.0,0.0,0.617,0.038,0.765,0.36,0
10.125,42.15,51.225,9.325,3.525,2.425,2.125,3.2,0.725,-1.675,-2.025,-0.175,0.0,-0.225,-0.175,-0.125,20,18,20,19,19,13,9,19,25,26,26,23,26,19,25,24,581,2249,2632,592,218,130,112,198,3.0,0.0,0.617,0.035,0.763,0.36,0
10.85,40.475,49.2,9.15,3.525,2.2,1.95,3.075,0.725,5.375,-4.875,2.425,0.35,-0.05,-0.25,-0.225,20,16,20,16,21,13,8,23,25,24,28,24,27,19,24,30,616,2064,2879,536,226,124,105,218,3.0,0.0,0.617,0.035,0.761,0.36,0
11.575,45.85,44.325,11.575,3.875,2.15,1.7,2.85,-0.675,-4.15,-0.775,-0.65,-0.2,-0.175,-0.05,-0.5,24,19,23,23,18,16,9,23,25,24,31,26,25,21,20,30,737,2592,2715,735,226,131,88,191,3.0,0.0,0.617,0.035,0.76,0.36,0
10.9,41.7,43.55,10.925,3.675,1.975,1.65,2.35,-0.625,0.1,-2.65,-0.475,0.25,0.25,0.2,0.275,23,16,24,23,19,13,13,20,27,22,28,26,22,25,19,21,655,2294,2435,702,193,121,85,149,3.0,0.0,0.617,0.035,0.759,0.361,0
10.275,41.8,40.9,10.45,3.925,2.225,1.85,2.625,0.6,-1.325,-7.0,-0.4,-0.375,-0.325,-0.2,0.1,24,21,23,25,24,18,16,21,30,23,28,29,23,27,19,23,632,2573,2417,718,233,145,105,181,3.0,0.0,0.617,0.036,0.759,0.361,0
10.875,40.475,33.9,10.05,3.55,1.9,1.65,2.725,-1.575,-1.15,2.925,0.25,-0.6,-0.1,0.0,-0.15,23,26,17,25,20,19,17,20,27,29,30,28,24,15,25,29,659,2537,1813,648,207,104,94,169,3.0,0.0,0.617,0.035,0.758,0.36,0
9.3,39.325,36.825,10.3,2.95,1.8,1.65,2.575,-0.2,-2.275,11.05,-0.175,0.525,0.3,0.2,0.425,20,24,18,24,18,13,13,14,26,29,29,29,24,15,24,30,528,2482,2162,631,170,73,82,148,3.0,0.0,0.617,0.035,0.757,0.36,0
9.1,37.05,47.875,10.125,3.475,2.1,1.85,3.0,1.075,1.15,1.525,-2.15,0.7,0.15,0.0,-0.325,18,24,23,24,21,13,13,12,27,30,30,31,24,23,21,24,528,2400,2914,677,216,104,98,155,3.0,0.0,0.617,0.034,0.756,0.36,0
10.175,38.2,49.4,7.975,4.175,2.25,1.85,2.675,0.575,7.85,-2.1,2.575,0.275,0.475,0.05,0.2,17,23,23,17,21,13,16,16,25,27,28,25,23,22,22,22,494,2332,2914,511,252,122,107,147,3.0,0.0,0.617,0.034,0.755,0.359,0
10.75,46.05,47.3,10.55,4.45,2.725,1.9,2.875,-0.125,-0.425,3.8,1.575,-0.3,-0.025,-0.225,-0.05,20,24,20,20,23,15,18,20,25,27,27,23,27,21,27,27,543,2962,2756,644,272,154,112,170,3.0,0.0,0.617,0.034,0.755,0.359,0
10.625,45.625,51.1,12.125,4.15,2.7,1.675,2.825,0.225,-11.075,-4.75,-1.375,-0.975,-1.0,-0.125,-0.575,23,25,19,25,20,13,18,18,23,27,31,26,25,20,24,24,587,2992,3044,783,250,136,97,161,3.0,0.0,0.617,0.034,0.755,0.359,0
10.85,34.55,46.35,10.75,3.175,1.7,1.55,2.25,-0.075,5.0,-6.1,-1.475,-0.35,-0.35,0.15,-0.35,24,22,20,24,19,12,15,18,24,23,29,25,22,20,25,21,609,2053,2702,695,202,90,93,126,3.0,0.0,0.617,0.034,0.755,0.359,0
10.775,39.55,40.25,9.275,2.825,1.35,1.7,1.9,-0.925,9.7,0.375,0.275,0.325,0.7,0.05,-0.175,22,19,22,24,18,13,15,14,26,27,30,27,26,20,25,24,619,2132,2473,535,180,80,95,113,3.0,0.0,0.617,0.034,0.756,0.36,0
9.85,49.25,40.625,9.55,3.15,2.05,1.75,1.725,0.75,-7.4,-2.475,1.1,0.2,-0.1,-0.05,0.85,20,21,26,20,17,16,20,12,27,29,29,29,22,21,26,22,568,2935,2816,540,182,108,99,97,3.0,0.0,0.617,0.034,0.756,0.36,0
10.6,41.85,38.15,10.65,3.35,1.95,1.7,2.575,-0.75,-5.25,1.475,-1.35,-0.15,-0.15,-0.05,0.25,20,28,24,20,15,13,18,22,26,31,27,28,18,18,22,21,607,2823,2694,645,197,104,94,138,3.0,0.0,0.617,0.034,0.756,0.36,0
9.85,36.6,39.625,9.3,3.2,1.8,1.65,2.825,0.2,4.625,3.85,0.375,0.4,0.4,-0.1,-0.425,16,26,23,21,20,14,15,20,18,28,28,24,24,20,17,23,486,2275,2558,584,209,111,96,168,3.0,0.0,0.617,0.033,0.756,0.36,0
10.05,41.225,43.475,9.675,3.6,2.2,1.55,2.4,-0.5,-2.775,-5.125,0.025,-0.55,-0.35,-0.225,-0.075,18,22,22,21,21,18,16,16,22,27,29,22,29,27,19,22,570,2421,2498,551,217,141,97,157,3.0,0.0,0.617,0.032,0.757,0.36,0
9.55,38.45,38.35,9.7,3.05,1.85,1.325,2.325,-4.625,-20.675,-20.025,-4.125,-1.3,-0.575,-0.25,-0.575,19,21,21,20,17,12,12,21,27,28,29,20,25,21,18,25,575,2222,2313,508,169,106,83,166,3.0,0.0,0.617,0.04,0.755,0.342,0
4.925,17.775,18.325,5.575,1.75,1.275,1.075,1.75,-3.475,-15.8,-14.275,-3.2,-0.375,-0.225,-0.125,-0.725,13,16,18,14,11,8,6,18,20,22,23,15,18,18,17,25,279,946,1254,273,92,67,65,116,3.0,0.0,0.617,0.121,0.726,0.156,0
1.45,1.975,4.05,2.375,1.375,1.05,0.95,1.025,-0.125,1.375,8.125,0.6,0.85,0.475,0.2,-0.05,11,13,15,15,5,8,6,5,19,24,21,21,15,19,16,16,83,133,232,155,61,57,48,45,3.0,0.0,0.617,0.196,0.701,-0.011,0
1.325,3.35,12.175,2.975,2.225,1.525,1.15,0.975,0.45,2.2,9.575,0.4,0.425,0.425,0.0,0.15,14,12,21,14,11,13,10,2,26,21,23,24,19,21,17,13,90,187,829,173,121,91,59,44,3.0,0.0,0.617,0.198,0.708,-0.007,0
1.775,5.55,21.75,3.375,2.65,1.95,1.15,1.125,0.0,0.1,1.95,-0.725,-0.7,-0.175,-0.15,0.1,17,19,25,15,18,18,9,7,24,22,25,25,26,23,22,18,107,338,1390,190,159,119,64,60,3.0,0.0,0.617,0.198,0.719,0.008,0
1.775,5.65,23.7,2.65,1.95,1.775,1.0,1.225,-0.1,-0.05,-0.05,0.2,-0.15,-0.025,0.025,-0.1,14,29,25,15,14,18,6,5,20,27,26,21,23,24,18,19,98,384,1525,158,114,99,50,56,3.0,0.0,0.617,0.194,0.732,0.032,0
1.675,5.6,23.65,2.85,1.8,1.75,1.025,1.125,0.35,0.7,-0.675,-0.025,-0.125,-0.3,0.075,-0.125,14,23,23,13,9,14,6,6,21,26,26,18,20,23,17,20,91,370,1556,158,102,88,50,52,3.0,0.0,0.617,0.185,0.743,0.069,0
2.025,6.3,22.975,2.825,1.675,1.45,1.1,1.0,0.225,0.2,5.775,0.225,-0.075,-0.2,-0.075,-0.075,15,17,23,11,14,9,5,6,25,24,23,19,20,23,21,22,106,368,1454,153,98,81,60,51,3.0,0.0,0.617,0.155,0.757,0.161,0
2.25,6.5,28.75,3.05,1.6,1.25,1.025,0.925,1.3,7.95,7.25,1.475,0.825,0.7,0.225,0.325,14,18,25,15,15,6,2,1,23,22,26,21,14,23,16,20,125,346,1902,185,87,68,50,47,3.0,0.0,0.617,0.121,0.765,0.257,0
3.55,14.45,36.0,4.525,2.425,1.95,1.25,1.25,3.375,14.4,2.35,3.425,1.825,0.425,0.375,0.375,19,23,18,20,11,9,5,9,23,23,27,25,11,21,15,23,221,837,2022,280,106,95,54,77,3.0,0.0,0.617,0.101,0.767,0.303,0
6.925,28.85,38.35,7.95,4.25,2.375,1.625,1.625,3.075,16.75,8.475,5.3,1.95,0.275,0.475,1.0,25,25,18,18,17,14,12,19,28,28,28,26,20,21,26,24,474,1855,2191,495,218,129,91,115,3.0,0.0,0.617,0.083,0.767,0.334,0
10.0,45.6,46.825,13.25,6.2,2.65,2.1,2.625,-1.975,-3.45,2.85,0.65,0.275,0.2,-0.025,0.15,25,24,24,25,19,13,17,18,26,29,29,28,28,21,26,23,645,2962,2975,855,392,161,134,165,3.0,0.0,0.617,0.071,0.765,0.351,0
8.025,42.15,49.675,13.9,6.475,2.85,2.075,2.775,-0.75,-9.325,-13.175,-0.2,-0.425,-0.175,-0.2,-0.175,20,21,18,26,12,13,17,17,22,26,29,27,28,19,22,20,462,2390,2688,892,383,154,121,160,3.0,0.0,0.617,0.065,0.764,0.36,0
7.275,32.825,36.5,13.7,6.05,2.675,1.875,2.6,1.075,2.375,-2.625,0.425,-0.55,0.0,0.075,0.3,20,24,17,22,14,13,14,17,25,29,29,27,25,21,23,20,469,2070,1946,915,344,150,99,159,3.0,0.0,0.617,0.062,0.763,0.365,0
8.35,35.2,33.875,14.125,5.5,2.675,1.95,2.9,-0.8,-0.85,10.175,-0.825,-0.725,-0.225,-0.35,-0.575,20,20,24,20,16,13,14,14,23,27,30,23,25,20,20,20,514,2021,2136,890,311,155,104,171,3.0,0.0,0.617,0.061,0.762,0.368,0
7.55,34.35,44.05,13.3,4.775,2.45,1.6,2.325,-1.425,3.4,-0.275,0.925,-0.4,-0.175,-0.175,-0.325,18,20,23,20,18,19,14,15,22,28,29,23,27,25,21,24,418,1891,2779,811,285,136,88,127,3.0,0.0,0.617,0.062,0.762,0.369,0
6.125,37.75,43.775,14.225,4.375,2.275,1.425,2.0,2.575,-0.375,-4.95,1.45,1.075,0.3,0.425,0.375,18,27,19,21,21,18,10,16,24,29,29,23,28,26,24,24,352,2492,2750,849,260,125,84,94,3.0,0.0,0.617,0.062,0.762,0.368,0
8.7,37.375,38.825,15.675,5.45,2.575,1.85,2.375,2.3,-1.025,2.3,-1.35,0.25,0.35,0.15,0.625,19,26,22,21,21,15,8,13,24,28,26,21,26,22,22,21,527,2510,2299,894,325,142,96,118,3.0,0.0,0.617,0.062,0.762,0.368,0
11.0,36.35,41.125,14.325,5.7,2.925,2.0,3.0,-3.125,0.175,-4.05,-1.95,-0.825,-0.25,-0.275,-0.55,19,18,28,19,22,16,9,15,22,27,27,19,26,22,19,20,691,2114,2758,770,364,177,98,171,3.0,0.0,0.617,0.061,0.762,0.367,0
7.875,36.525,37.075,12.375,4.875,2.675,1.725,2.45,0.7,2.9,1.575,-0.95,-0.525,-0.5,-0.275,-0.925,21,16,24,20,20,17,10,12,25,23,29,19,24,20,18,22,469,1953,2466,708,297,166,82,150,3.0,0.0,0.617,0.061,0.761,0.367,0
8.575,39.425,38.65,11.425,4.35,2.175,1.45,1.525,-0.5,-1.8,1.525,1.3,-0.175,0.25,-0.125,0.025,24,21,17,18,14,14,8,8,28,22,29,20,23,20,16,20,547,2357,1881,632,257,131,65,94,3.0,0.0,0.617,0.06,0.759,0.366,0
8.075,37.625,40.175,12.725,4.175,2.425,1.325,1.55,-0.95,0.075,-4.3,2.275,0.55,-0.05,0.05,0.6,17,21,16,15,15,15,10,10,26,28,27,22,24,23,15,18,471,2342,1983,711,246,144,56,71,3.0,0.0,0.617,0.061,0.758,0.366,0
7.125,37.7,35.875,15.0,4.725,2.375,1.375,2.15,0.575,3.45,-1.125,-1.25,0.15,-0.425,-0.075,-0.25,14,18,17,17,25,18,8,15,25,23,26,22,26,22,13,21,391,2016,1959,882,293,138,64,106,3.0,0.0,0.617,0.061,0.758,0.366,0
7.7,41.15,34.75,13.75,4.875,1.95,1.3,1.9,-0.175,-5.25,-0.55,-1.55,-0.425,-0.125,0.1,-0.25,18,20,21,23,22,18,7,12,26,22,28,25,23,27,18,20,477,2316,2037,895,305,131,69,103,3.0,0.0,0.617,0.061,0.758,0.366,0
7.525,35.9,34.2,12.2,4.45,1.825,1.4,1.65,3.075,-1.775,-0.575,0.125,-0.375,0.0,0.175,0.725,18,23,21,25,17,15,9,9,21,26,31,29,20,28,23,22,442,1975,2290,830,259,112,76,90,3.0,0.0,0.617,0.061,0.758,0.366,0
10.6,34.125,33.625,12.325,4.075,1.825,1.575,2.375,0.825,1.45,3.425,-1.125,-0.525,0.275,0.15,0.075,23,21,19,22,15,13,11,13,21,23,25,27,18,25,21,26,699,1895,2039,749,219,100,85,143,3.0,0.0,0.617,0.061,0.758,0.365,0
11.425,35.575,37.05,11.2,3.55,2.1,1.725,2.45,-2.125,-1.1,-2.625,-3.125,-0.825,-0.125,-0.075,-0.55,28,21,23,22,18,17,11,16,28,22,25,24,24,23,16,28,768,1948,2239,662,216,132,88,151,3.0,0.0,0.617,0.061,0.758,0.365,0
9.3,34.475,34.425,8.075,2.725,1.975,1.65,1.9,-4.425,-17.775,-21.7,-4.225,-0.725,-0.6,-0.6,-0.625,18,21,20,15,19,14,8,12,26,28,30,20,26,21,23,26,482,2194,2228,485,169,125,87,119,3.0,0.0,0.617,0.083,0.749,0.311,0
4.875,16.7,12.725,3.85,2.0,1.375,1.05,1.275,-3.925,-15.7,-11.275,-2.75,-0.775,-0.225,-0.2,-0.2,9,13,13,9,12,5,4,6,22,27,21,18,17,13,21,21,217,1197,710,219,95,63,60,80,3.0,0.0,0.617,0.156,0.719,0.133,0
0.95,1.0,1.45,1.1,1.225,1.15,0.85,1.075,-0.1,-0.05,-0.05,0.175,-0.325,0.05,0.275,-0.025,6,6,9,12,4,4,3,0,22,21,16,20,10,17,13,15,51,58,71,62,37,48,32,38,3.0,0.0,0.617,0.207,0.698,0.008,0
0.85,0.95,1.4,1.275,0.9,1.2,1.125,1.05,0.025,0.325,0.15,0.175,0.025,-0.025,-0.15,-0.1,3,8,5,12,2,6,4,0,16,21,13,17,11,21,17,15,35,55,65,60,31,57,38,38,3.0,0.0,0.617,0.206,0.699,0.01,0
0.875,1.275,1.55,1.45,0.925,1.175,0.975,0.95,0.05,-0.15,-0.275,-0.375,0.325,0.0,-0.05,0.025,4,10,6,12,4,6,3,6,16,23,12,19,18,15,17,22,38,74,61,63,48,43,40,48,3.0,0.0,0.617,0.205,0.7,0.011,0
0.925,1.125,1.275,1.075,1.25,1.175,0.925,0.975,0.225,0.5,3.325,0.475,0.4,0.2,0.1,-0.075,7,7,8,5,6,7,4,8,22,19,16,19,14,15,14,27,52,61,60,56,53,42,39,57,3.0,0.0,0.617,0.204,0.702,0.012,0
1.15,1.625,4.6,1.55,1.65,1.375,1.025,0.9,0.0,1.975,8.725,0.75,0.375,0.125,0.175,0.125,9,8,17,4,8,8,4,5,19,18,26,18,16,17,14,17,64,83,298,76,72,63,42,40,3.0,0.0,0.617,0.202,0.703,0.012,0
1.15,3.6,13.325,2.3,2.025,1.5,1.2,1.025,-0.225,0.85,7.5,0.625,-0.05,0.025,-0.05,0.225,10,20,24,11,14,9,8,8,14,26,28,23,21,20,17,17,57,223,879,134,126,88,58,47,3.0,0.0,0.617,0.2,0.707,0.012,0
0.925,4.45,20.825,2.925,1.975,1.525,1.15,1.25,0.325,-1.175,-2.425,-0.425,-0.1,-0.025,-0.325,-0.025,5,20,21,16,15,9,9,10,12,21,24,24,19,21,20,23,48,260,1274,190,113,87,67,69,3.0,0.0,0.617,0.196,0.715,0.023,0
1.25,3.275,18.4,2.5,1.875,1.5,0.825,1.225,0.3,0.4,-0.175,-0.25,-0.125,-0.3,0.125,-0.225,6,14,24,12,11,13,4,7,17,18,27,18,18,25,16,19,64,168,1106,142,83,84,50,61,3.0,0.0,0.617,0.188,0.727,0.052,0
1.55,3.675,18.225,2.25,1.75,1.2,0.95,1.0,0.125,2.275,5.55,0.825,-0.125,-0.1,0.075,0.0,12,15,23,13,12,12,2,5,20,21,26,17,22,21,13,11,83,210,1063,130,92,75,39,42,3.0,0.0,0.617,0.178,0.739,0.092,0
1.675,5.95,23.775,3.075,1.625,1.1,1.025,1.0,-0.05,0.3,-3.175,0.0,0.1,0.075,0.1,0.025,12,16,22,18,12,7,7,6,13,22,24,23,17,14,16,12,83,322,1485,176,70,50,44,40,3.0,0.0,0.617,0.162,0.751,0.147,0
1.625,6.25,20.6,3.075,1.725,1.175,1.125,1.025,0.625,3.4,0.65,0.05,0.125,-0.025,0.2,0.175,11,23,19,17,12,8,10,11,14,23,22,19,13,15,21,19,80,376,1208,171,73,51,61,55,3.0,0.0,0.617,0.135,0.767,0.221,0
2.25,9.65,21.25,3.125,1.85,1.15,1.325,1.2,2.9,9.1,19.125,2.375,0.675,0.1,-0.275,0.125,12,30,22,16,9,6,8,12,17,29,27,19,18,18,20,15,121,683,1351,171,95,54,62,64,3.0,0.0,0.617,0.097,0.782,0.297,0
5.15,18.75,40.375,5.5,2.525,1.25,1.05,1.325,4.475,10.35,20.7,4.55,2.775,1.05,0.525,0.825,17,27,25,18,11,9,6,12,23,27,28,24,22,20,20,16,289,1304,2578,343,136,64,52,66,3.0,0.0,0.617,0.066,0.79,0.347,0
9.625,29.1,61.075,10.05,5.3,2.3,1.575,2.15,2.35,7.225,-1.05,0.425,-0.225,0.2,0.4,0.775,19,22,29,22,21,17,7,16,27,27,28,29,26,27,20,18,575,1803,3812,690,318,131,86,121,3.0,0.0,0.617,0.048,0.788,0.365,0
11.975,36.325,60.025,10.475,5.075,2.5,1.975,2.925,-0.9,-0.125,-8.725,0.8,-1.125,-0.575,-0.375,-0.4,19,19,28,21,21,13,8,14,27,26,27,26,31,23,20,23,653,2107,3836,640,311,125,96,175,3.0,0.0,0.617,0.038,0.781,0.37,0
11.075,36.2,51.3,11.275,3.95,1.925,1.6,2.525,-1.125,0.025,-7.025,0.05,1.4,0.35,-0.275,-0.45,17,21,23,23,22,16,7,13,27,26,29,25,30,25,19,22,611,2211,3365,688,275,110,78,146,3.0,0.0,0.617,0.033,0.776,0.372,0
9.95,36.225,44.275,11.325,5.35,2.275,1.325,2.075,-0.475,0.775,1.2,2.85,-0.025,0.15,-0.1,-0.175,17,24,19,25,21,20,8,15,22,26,28,28,27,30,18,22,544,2478,2764,738,339,146,75,119,3.0,0.0,0.617,0.031,0.773,0.372,0
9.475,37.0,45.475,14.175,5.325,2.425,1.225,1.9,-1.2,0.525,0.5,2.775,0.125,-0.05,0.025,-0.025,19,22,20,23,19,16,8,17,23,27,24,25,28,25,18,29,583,2468,2621,839,309,141,70,133,3.0,0.0,0.617,0.03,0.771,0.372,0
8.275,37.525,45.975,16.95,5.45,2.375,1.25,1.875,-0.6,-0.6,-10.575,0.45,1.95,0.325,0.25,-0.2,14,21,18,24,27,19,5,16,27,26,22,28,32,25,18,30,514,2312,2273,1019,364,138,64,131,3.0,0.0,0.617,0.03,0.77,0.371,0
7.675,36.925,35.4,17.4,7.4,2.7,1.5,1.675,0.95,-5.175,6.325,1.775,-0.225,0.0,0.025,0.2,15,25,17,25,27,23,9,9,27,26,24,27,29,25,18,20,422,2375,1776,1117,506,172,89,104,3.0,0.0,0.617,0.029,0.769,0.371,0
8.625,31.75,41.725,19.175,7.175,2.7,1.525,1.875,0.775,1.85,4.8,0.0,-0.8,0.025,-0.1,0.225,23,23,24,22,23,20,13,9,26,26,26,28,25,22,18,20,541,2233,2755,1244,453,162,92,127,3.0,0.0,0.617,0.029,0.768,0.37,0
9.4,33.6,46.525,19.175,6.375,2.725,1.425,2.1,-0.875,-0.65,-6.45,-4.5,0.325,0.025,0.225,-0.15,21,21,25,21,22,20,11,17,25,26,28,28,27,22,17,22,591,2348,3131,1305,432,170,78,136,3.0,0.0,0.617,0.029,0.767,0.369,0
8.525,32.95,40.075,14.675,6.7,2.75,1.65,1.95,-0.55,-3.875,-4.65,-2.925,-0.225,-0.5,-0.05,0.05,19,22,25,20,21,21,13,16,24,25,28,26,29,22,20,22,510,2258,2809,955,465,170,93,124,3.0,0.0,0.617,0.029,0.766,0.369,0
7.975,29.075,35.425,11.75,6.475,2.25,1.6,2.0,-0.475,2.225,-2.1,3.75,-0.225,0.3,0.325,0.425,23,19,24,21,25,21,17,16,26,25,28,25,27,28,26,24,490,1880,2401,729,435,149,97,135,3.0,0.0,0.617,0.028,0.766,0.369,0
7.5,31.3,33.325,15.5,6.25,2.55,1.925,2.425,-0.275,5.125,3.3,3.575,-0.55,0.125,0.1,0.15,25,22,20,26,25,20,16,16,28,27,26,28,25,27,25,24,468,1940,1919,977,387,149,110,145,3.0,0.0,0.617,0.028,0.767,0.37,0
7.225,36.425,36.625,19.075,5.7,2.675,2.025,2.575,-0.375,-2.775,6.975,0.875,0.95,-0.125,-0.5,-0.4,24,24,20,22,21,13,9,12,29,31,24,28,27,19,20,23,472,2284,2069,1213,327,142,111,147,3.0,0.0,0.617,0.028,0.767,0.37,0
6.85,33.65,43.6,19.95,6.65,2.55,1.525,2.175,-0.025,-0.575,0.9,-3.075,0.675,0.0,-0.35,-0.225,26,22,22,21,18,12,6,12,27,29,25,26,23,17,19,18,452,2110,2743,1268,349,125,84,121,3.0,0.0,0.617,0.028,0.768,0.371,0
6.825,33.075,44.5,16.875,7.325,2.55,1.175,1.95,1.3,3.2,1.9,2.9,-1.175,-0.1,0.175,0.225,22,21,25,25,19,18,9,11,24,28,28,28,24,23,21,20,407,2141,2916,1030,415,140,67,111,3.0,0.0,0.617,0.028,0.768,0.371,0
8.125,36.275,46.4,19.775,6.15,2.45,1.35,2.175,0.05,-1.7,-1.025,0.775,-0.725,-0.125,0.1,0.025,21,22,24,30,21,18,8,9,24,29,30,29,27,26,18,21,485,2310,3056,1350,391,139,71,123,3.0,0.0,0.617,0.028,0.769,0.371,0
8.175,34.575,45.375,20.55,5.425,2.325,1.45,2.2,-0.875,-0.8,-9.6,-6.2,-0.6,-0.175,0.05,0.1,24,26,23,24,20,14,9,13,24,29,31,24,25,23,15,21,521,2373,3120,1344,343,128,80,119,3.0,0.0,0.617,0.028,0.77,0.371,0
7.3,33.775,35.775,14.35,4.825,2.15,1.5,2.3,0.3,1.8,-0.175,-1.125,-0.675,-0.05,0.025,0.05,17,25,25,18,22,12,15,14,26,24,27,26,29,18,25,24,394,1946,2364,857,278,101,92,127,3.0,0.0,0.617,0.028,0.769,0.371,0
7.6,35.575,35.6,13.225,4.15,2.1,1.525,2.35,0.525,-3.75,8.225,0.625,0.275,-0.325,-0.225,-0.075,16,20,22,21,19,12,13,13,25,21,25,29,27,22,22,19,383,1916,2198,844,227,89,89,122,3.0,0.0,0.617,0.028,0.769,0.371,0
8.125,31.825,43.825,13.85,4.425,1.775,1.3,2.275,0.35,-6.8,9.45,0.175,1.25,0.5,0.325,0.4,19,22,21,24,21,13,10,19,22,25,26,27,23,24,18,21,484,1943,2574,830,279,102,71,138,3.0,0.0,0.617,0.028,0.769,0.371,0
1.15,1.15,2.6,2.175,1.05,1.175,1.025,1.25,-0.2,-0.175,0.375,0.0,0.325,0.15,-0.025,0.2,3,12,16,15,5,9,6,2,18,17,22,21,16,19,17,17,46,55,163,118,49,59,39,44,4.0,0.0,1.0,0.197,0.696,-0.012,0
0.95,0.975,2.975,2.175,1.375,1.325,1.0,1.45,0.6,2.025,6.45,1.25,2.425,0.725,0.175,0.1,6,5,17,8,7,5,6,4,12,16,20,19,18,18,17,18,44,49,168,98,64,58,47,48,4.0,0.0,1.0,0.197,0.697,-0.013,0
1.55,3.0,9.425,3.425,3.8,2.05,1.175,1.55,0.275,1.05,6.1,1.3,0.4,0.05,0.05,-0.2,10,11,18,11,14,9,5,9,16,21,21,23,23,13,13,21,80,186,560,184,215,86,50,67,4.0,0.0,1.0,0.199,0.702,-0.011,0
1.825,4.05,15.525,4.725,4.2,2.1,1.225,1.35,-0.475,-1.35,1.35,0.2,-0.75,-0.175,0.125,-0.125,15,19,19,16,18,13,7,10,24,26,23,19,26,15,10,22,106,270,966,239,265,106,52,64,4.0,0.0,1.0,0.201,0.715,-0.004,0
1.35,2.7,16.875,4.925,3.45,1.925,1.35,1.225,-0.05,-0.2,-0.575,-0.25,0.15,0.175,0.225,0.0,11,18,24,13,18,9,9,11,19,28,26,16,24,19,16,16,72,176,1183,216,194,112,66,54,4.0,0.0,1.0,0.201,0.736,0.013,0
1.3,2.5,16.3,4.675,3.6,2.1,1.575,1.225,0.0,0.575,-1.3,-1.475,-1.275,-0.55,-0.3,-0.175,9,14,25,14,10,6,11,8,16,24,28,23,17,15,17,18,61,143,1215,249,161,112,74,58,4.0,0.0,1.0,0.199,0.763,0.039,0
1.3,3.075,15.0,3.2,2.325,1.55,1.275,1.05,0.375,1.125,-0.025,-0.775,-0.425,-0.15,-0.15,-0.15,13,13,20,17,9,6,10,9,22,20,25,24,20,14,19,25,69,177,1015,185,102,77,61,62,4.0,0.0,1.0,0.196,0.797,0.074,0
1.675,4.2,14.975,2.425,1.9,1.4,1.125,0.9,0.25,3.2,1.0,0.575,-0.175,0.0,0.0,-0.15,15,17,19,15,14,12,9,10,27,24,23,20,21,18,21,20,104,256,890,128,108,81,60,50,4.0,0.0,1.0,0.188,0.834,0.115,0
1.925,7.4,15.975,3.0,1.725,1.4,1.125,0.75,0.875,6.25,3.7,0.8,-0.15,-0.075,-0.075,0.35,9,18,20,14,12,14,6,3,25,27,22,19,17,17,17,13,120,459,900,156,94,80,51,35,4.0,0.0,1.0,0.176,0.872,0.159,0
2.8,13.65,19.675,3.8,1.575,1.325,1.05,1.1,1.5,6.1,12.025,1.95,0.625,0.175,0.8,2.0,13,19,18,15,6,11,9,7,25,27,21,21,18,14,17,18,168,877,1032,192,78,63,55,57,4.0,0.0,1.0,0.159,0.909,0.204,0
4.3,19.75,31.7,5.75,2.2,1.5,1.85,3.1,1.7,5.85,18.475,3.6,1.525,0.575,0.275,0.75,23,23,17,19,15,10,18,16,31,27,19,24,25,16,27,26,295,1284,1519,361,141,86,127,198,4.0,0.0,1.0,0.14,0.943,0.248,0
6.0,25.6,50.175,9.35,3.725,2.075,2.125,3.85,3.05,8.075,13.3,2.375,1.65,0.8,0.1,-0.05,21,21,19,21,21,12,17,22,27,25,23,25,25,21,26,26,399,1600,2690,558,210,115,143,242,4.0,0.0,1.0,0.122,0.97,0.284,0
9.05,33.675,63.475,11.725,5.375,2.875,2.225,3.8,3.25,10.0,3.85,2.05,0.8,0.6,0.425,0.575,19,21,21,21,17,14,12,22,26,24,25,27,18,20,19,24,600,1966,3492,675,264,149,128,238,4.0,0.0,1.0,0.106,0.984,0.31,0
12.3,43.675,67.325,13.775,6.175,3.475,2.65,4.375,0.025,4.125,-8.825,0.65,-0.825,-0.475,-0.45,-0.75,20,24,22,22,22,17,15,20,24,26,23,26,27,25,22,23,764,2535,3617,911,373,208,158,285,4.0,0.0,1.0,0.094,0.988,0.325,0
12.325,47.8,58.5,14.425,5.35,3.0,2.2,3.625,-2.8,-6.525,-3.875,-1.95,-1.15,-0.775,-0.4,-0.875,21,27,24,23,21,17,19,19,22,26,24,24,28,27,26,23,732,2943,3513,937,375,188,143,224,4.0,0.0,1.0,0.085,0.99,0.333,0
9.525,41.275,54.625,12.475,4.2,2.225,1.8,2.75,-2.225,-7.725,5.6,-2.025,-0.6,-0.075,-0.375,-0.275,24,26,22,24,17,15,15,16,23,26,27,24,22,19,18,20,576,2561,3367,765,270,131,103,163,4.0,0.0,1.0,0.081,0.99,0.338,0
7.3,33.55,60.225,10.45,3.6,2.15,1.425,2.475,1.125,2.075,-6.25,-1.35,-0.225,-0.075,-0.075,-0.225,21,23,23,22,17,14,8,14,21,25,29,23,18,18,15,22,443,2142,3551,630,197,107,74,140,4.0,0.0,1.0,0.078,0.989,0.34,0
8.425,35.625,53.975,9.1,3.375,2.075,1.35,2.25,1.3,5.05,-8.85,0.725,-0.075,-0.125,0.325,0.075,15,20,27,26,19,17,10,11,18,21,26,30,21,22,16,20,469,1930,3380,635,207,112,67,114,4.0,0.0,1.0,0.078,0.988,0.34,0
9.725,40.675,45.125,9.825,3.3,1.95,1.675,2.325,-2.25,3.4,-3.25,-0.225,-0.225,-0.125,-0.225,-0.125,15,23,23,24,15,15,10,10,20,24,28,30,20,16,14,17,532,2203,2729,607,187,95,74,118,4.0,0.0,1.0,0.077,0.987,0.34,0
7.475,44.075,41.875,9.6,3.075,1.825,1.45,2.2,-0.75,-7.425,-3.3,-2.175,0.275,0.1,-0.075,0.0,21,26,21,17,11,12,9,12,23,27,28,23,18,16,15,17,459,2566,2543,505,142,91,69,114,4.0,0.0,1.0,0.076,0.986,0.34,0
6.725,36.65,38.575,7.425,3.35,1.925,1.375,2.2,2.4,-5.25,2.0,2.225,0.325,0.1,0.225,0.5,20,25,19,21,15,15,10,18,21,26,24,22,23,20,18,21,383,2098,2216,434,175,104,76,119,4.0,0.0,1.0,0.075,0.986,0.34,0
9.125,31.4,40.575,9.65,3.675,2.025,1.6,2.7,-1.2,-0.2,1.65,0.15,-0.275,-0.125,-0.125,-0.6,20,24,17,25,21,17,13,20,21,27,23,24,27,24,25,25,475,1962,2203,583,225,115,102,151,4.0,0.0,1.0,0.074,0.986,0.34,0
7.925,31.2,42.225,9.8,3.4,1.9,1.475,2.1,-0.825,0.6,-1.9,-0.75,0.6,0.225,0.0,-0.25,21,25,17,23,21,15,12,16,22,26,24,26,27,28,24,21,438,2037,2497,609,197,116,93,123,4.0,0.0,1.0,0.074,0.986,0.34,0
7.1,31.8,40.325,9.05,4.0,2.125,1.475,1.85,0.55,7.525,2.2,0.7,-0.325,-0.25,-0.075,0.025,23,25,15,24,20,17,11,20,24,24,23,28,27,23,20,21,429,1980,2044,584,228,125,84,111,4.0,0.0,1.0,0.074,0.985,0.34,0
7.65,39.325,42.525,9.75,3.675,1.875,1.4,1.875,-1.225,-2.5,-1.5,-1.225,-1.2,-0.3,0.1,-0.075,22,25,21,24,16,11,8,14,26,26,29,29,23,19,18,20,461,2510,2487,634,205,98,72,102,4.0,0.0,1.0,0.074,0.984,0.34,0
6.425,36.825,41.025,8.525,2.475,1.575,1.5,1.8,0.525,-5.875,-2.4,0.85,0.425,0.25,0.025,0.25,18,22,28,23,11,6,4,8,23,24,29,25,21,20,13,15,351,2341,2748,536,125,75,65,91,4.0,0.0,1.0,0.074,0.984,0.34,0
6.95,30.95,38.625,9.375,2.9,1.825,1.525,2.05,-0.3,6.325,-0.2,-1.025,0.2,-0.1,-0.1,0.15,18,17,23,23,14,8,10,16,27,24,26,26,18,19,18,20,418,1749,2311,605,153,96,75,126,4.0,0.0,1.0,0.074,0.984,0.34,0
6.65,37.275,38.425,8.35,3.1,1.725,1.425,2.2,0.65,-1.9,4.875,-1.625,0.125,-0.15,0.0,0.0,22,20,21,21,14,10,10,23,30,24,27,23,19,17,23,26,412,2208,2323,503,176,95,76,138,4.0,0.0,1.0,0.074,0.984,0.34,0
7.3,35.375,43.3,6.725,3.225,1.575,1.425,2.2,0.325,-8.575,3.9,-0.4,0.1,0.15,-0.175,-0.075,24,24,23,18,14,7,11,20,27,24,26,27,20,20,25,27,473,2309,2672,409,194,93,92,146,4.0,0.0,1.0,0.074,0.984,0.34,0
7.625,26.8,47.2,6.325,3.325,1.725,1.25,2.125,-0.45,10.3,2.675,1.975,-0.25,0.3,0.075,0.25,24,24,23,16,18,11,10,17,25,28,26,31,25,24,22,25,527,1781,2770,407,224,118,84,155,4.0,0.0,1.0,0.074,0.983,0.34,0
7.175,37.1,49.875,8.3,3.075,2.025,1.325,2.375,1.2,4.725,-3.525,2.3,0.525,-0.225,0.125,-0.275,23,24,23,19,17,16,15,20,26,28,26,29,26,28,20,27,490,2155,2625,576,200,134,76,164,4.0,0.0,1.0,0.074,0.983,0.34,0
8.375,41.825,46.35,10.6,3.6,1.8,1.45,2.1,-0.85,-5.825,-3.6,-0.325,0.4,-0.2,0.025,-0.15,22,19,23,25,24,17,14,17,27,25,26,27,32,26,23,22,505,2353,2714,715,241,117,80,129,4.0,0.0,1.0,0.074,0.983,0.34,0
7.525,36.0,42.75,10.275,4.0,1.6,1.475,1.95,-1.45,-9.075,-7.55,-3.175,-1.3,0.1,-0.1,-0.2,22,16,25,23,24,20,7,16,27,27,30,28,32,30,22,21,436,2078,2739,625,265,113,75,122,4.0,0.0,1.0,0.073,0.983,0.34,0
6.075,26.925,35.2,7.1,2.7,1.7,1.375,1.75,-2.275,-16.175,-23.7,-4.175,-1.225,-0.55,-0.3,-0.675,22,18,21,19,12,17,6,12,27,25,28,29,19,25,18,21,399,1590,2257,452,152,96,61,108,4.0,0.0,1.0,0.086,0.954,0.307,0
3.8,10.75,11.5,2.925,1.475,1.15,1.075,1.075,-2.1,-8.875,-10.05,-1.45,-0.3,-0.25,0.0,-0.275,16,13,11,13,9,6,3,4,23,21,22,22,12,14,20,17,254,616,624,174,65,46,51,56,4.0,0.0,1.0,0.15,0.811,0.142,0
1.7,1.875,1.45,1.475,1.175,0.9,1.075,0.8,-0.125,-0.075,0.125,-0.025,0.0,0.35,-0.025,-0.05,14,13,9,11,8,3,2,2,21,19,19,17,14,15,23,11,102,117,72,88,54,38,48,33,4.0,0.0,1.0,0.202,0.697,0.011,0
1.575,1.8,1.575,1.45,1.175,1.25,1.05,0.75,-0.325,0.575,3.625,1.475,1.8,0.8,0.1,0.1,14,14,9,12,9,6,8,1,22,23,24,21,18,17,22,13,85,98,77,84,61,51,49,35,4.0,0.0,1.0,0.202,0.698,0.012,0
1.25,2.375,5.2,2.925,2.975,2.05,1.15,0.85,0.05,1.2,9.4,1.0,1.65,0.525,0.35,0.225,9,13,13,15,14,11,9,3,22,19,27,27,21,16,18,19,74,137,342,167,180,112,57,46,4.0,0.0,1.0,0.203,0.702,0.014,0
1.3,3.575,14.6,3.925,4.625,2.575,1.5,1.075,0.125,0.75,4.925,-0.15,-0.575,-0.375,-0.075,0.125,4,17,22,16,19,20,8,4,18,20,28,25,26,22,12,18,70,221,956,222,285,157,62,49,4.0,0.0,1.0,0.206,0.711,0.015,0
1.425,4.325,19.525,3.775,4.05,2.2,1.425,1.2,-0.05,0.625,0.3,0.175,-1.025,-0.1,-0.2,-0.125,7,21,26,15,22,20,8,2,18,23,29,18,26,27,17,17,67,251,1300,192,235,133,67,53,4.0,0.0,1.0,0.208,0.731,0.02,0
1.375,4.95,19.825,3.95,3.025,2.1,1.225,1.075,0.125,0.45,3.4,-0.35,-0.6,-0.075,-0.1,0.0,10,18,27,19,18,13,10,4,17,26,28,26,23,23,28,19,70,279,1284,222,170,111,77,54,4.0,0.0,1.0,0.21,0.762,0.032,0
1.5,5.4,23.225,3.6,2.425,2.025,1.125,1.075,0.7,4.625,-0.525,-0.375,-0.475,-0.55,0.15,0.05,13,19,22,18,13,13,13,13,19,26,27,27,21,20,26,17,78,320,1425,228,149,100,66,57,4.0,0.0,1.0,0.212,0.798,0.061,0
2.2,10.025,22.7,3.225,1.95,1.475,1.275,1.125,-0.05,3.625,-0.825,0.05,-0.275,-0.375,0.025,-0.2,17,25,18,20,15,14,10,15,22,26,28,25,23,20,21,21,119,678,1455,203,115,80,55,66,4.0,0.0,1.0,0.206,0.836,0.104,0
2.15,13.65,21.875,3.275,1.675,1.1,1.3,0.925,-0.05,-1.925,0.525,0.2,0.225,0.175,-0.2,0.075,15,22,19,24,16,11,10,6,21,28,30,28,30,18,20,21,133,936,1469,207,106,59,64,59,4.0,0.0,1.0,0.193,0.873,0.154,0
2.1,11.725,22.4,3.475,1.9,1.275,1.1,1.0,0.4,-0.975,0.55,-0.275,-0.175,0.025,0.025,0.05,12,20,18,24,13,9,9,4,21,27,29,24,22,10,21,16,118,732,1288,217,98,53,63,54,4.0,0.0,1.0,0.173,0.912,0.207,0
2.5,10.75,22.95,3.2,1.725,1.3,1.125,1.05,1.95,11.9,3.725,0.3,0.225,0.025,-0.025,0.05,14,25,18,22,8,8,9,6,22,29,24,24,22,13,21,15,141,699,1214,213,78,58,53,50,4.0,0.0,1.0,0.151,0.946,0.256,0
4.45,22.65,26.675,3.5,1.95,1.325,1.1,1.1,3.55,14.675,6.525,2.55,0.9,0.375,0.25,0.825,24,28,18,22,12,5,10,7,27,31,24,25,25,18,17,20,306,1612,1382,239,104,73,50,59,4.0,0.0,1.0,0.13,0.974,0.294,0
8.0,37.325,33.2,6.05,2.85,1.7,1.35,1.925,4.6,11.025,13.6,4.15,1.75,0.575,0.475,1.5,27,28,22,22,18,9,11,14,29,30,27,25,23,18,14,24,564,2650,1997,411,140,89,67,111,4.0,0.0,1.0,0.113,0.992,0.319,0
12.6,48.35,46.8,10.2,4.6,2.275,1.825,3.425,0.675,-1.85,4.875,1.45,0.925,0.475,0.025,0.4,23,21,23,19,22,16,17,25,27,29,26,23,26,21,19,25,828,2978,3068,588,281,140,108,207,4.0,0.0,1.0,0.1,0.998,0.333,0
13.275,46.5,51.675,11.65,5.525,2.75,1.85,3.825,-3.225,-5.475,-2.375,-2.9,-1.1,-0.05,-0.05,-0.875,19,21,19,20,24,21,19,22,22,29,26,25,27,28,24,24,760,2996,3024,697,372,192,113,218,4.0,0.0,1.0,0.093,0.998,0.341,0
10.05,41.025,49.3,8.75,4.425,2.7,1.8,2.95,-1.1,5.15,1.025,-1.125,-0.85,-0.425,-0.25,-0.725,21,26,20,24,16,17,12,17,23,27,25,27,24,29,20,24,568,2647,2697,555,268,161,95,160,4.0,0.0,1.0,0.089,0.998,0.345,0
8.95,46.175,50.325,7.625,3.575,2.275,1.55,2.225,-0.325,0.15,-9.575,1.0,0.225,-0.225,-0.05,-0.175,24,24,22,20,13,16,8,15,25,25,25,24,24,29,23,19,548,2827,2924,468,191,121,86,125,4.0,0.0,1.0,0.086,0.997,0.347,0
8.625,46.325,40.75,8.625,3.8,2.05,1.5,2.05,2.875,-2.175,-4.65,1.225,1.2,0.2,0.3,0.8,22,21,17,18,17,15,10,13,26,28,20,22,21,18,26,17,507,2873,2290,557,203,113,93,118,4.0,0.0,1.0,0.085,0.995,0.348,0
11.5,44.15,36.1,9.85,5.0,2.25,1.8,2.85,1.275,-1.45,2.975,1.925,-0.725,0.125,0.025,0.475,21,24,17,21,19,12,13,15,28,31,22,22,18,17,23,20,748,2942,1905,614,277,126,109,169,4.0,0.0,1.0,0.085,0.995,0.348,0
12.775,42.7,39.075,11.775,4.275,2.375,1.825,3.325,-1.1,0.925,7.425,1.575,-0.55,-0.375,-0.275,-0.65,22,26,22,22,19,16,15,14,29,27,27,25,21,21,23,18,825,2698,2158,747,248,141,105,177,4.0,0.0,1.0,0.085,0.995,0.348,0
11.675,43.625,46.5,13.35,3.725,2.0,1.55,2.675,-1.275,-2.775,-5.975,-2.6,-0.125,-0.4,-0.225,-0.575,22,23,18,23,19,15,15,12,25,23,26,24,23,21,23,22,661,2537,2623,838,214,117,95,140,4.0,0.0,1.0,0.084,0.995,0.348,0
10.4,40.85,40.525,10.75,3.6,1.6,1.325,2.1,-3.025,0.1,-11.05,-1.075,-0.625,0.4,0.2,0.075,22,23,15,19,19,13,10,12,26,25,24,21,23,21,18,26,609,2537,2271,606,199,86,69,125,4.0,0.0,1.0,0.084,0.996,0.347,0
7.375,40.95,29.475,9.675,2.975,2.0,1.525,2.175,0.725,1.25,4.9,1.35,0.175,0.3,0.0,0.05,16,22,17,17,12,13,8,15,26,29,19,20,25,20,19,25,409,2580,1823,550,177,109,80,127,4.0,0.0,1.0,0.085,0.996,0.346,0
8.1,42.2,34.375,11.025,3.15,2.3,1.525,2.225,0.525,2.425,2.775,-2.725,0.975,0.15,0.1,0.0,19,20,23,23,11,15,11,17,26,28,27,24,25,25,24,23,485,2647,2211,708,191,133,93,123,4.0,0.0,1.0,0.085,0.995,0.345,0
8.625,44.625,37.15,8.3,4.125,2.45,1.625,2.225,-0.975,1.05,-0.45,1.6,0.925,0.2,0.125,0.05,20,20,21,22,18,18,15,18,24,25,28,21,26,26,22,23,594,2638,2067,507,235,140,98,128,4.0,0.0,1.0,0.084,0.994,0.345,0
7.65,45.675,36.7,9.9,5.05,2.65,1.75,2.275,0.175,-6.025,3.15,-0.075,-0.875,-0.525,-0.2,-0.3,18,21,20,20,18,14,13,19,24,24,26,20,23,22,16,23,500,2653,2020,599,285,144,97,140,4.0,0.0,1.0,0.084,0.993,0.344,0
7.825,39.65,39.85,9.825,4.175,2.125,1.55,1.975,-0.35,-7.325,4.175,-1.0,-0.65,-0.325,-0.1,-0.1,21,23,20,21,18,17,7,16,24,26,23,24,24,24,15,22,463,2392,2065,632,262,130,79,121,4.0,0.0,1.0,0.085,0.992,0.344,0
7.475,32.325,44.025,8.825,3.525,1.8,1.45,1.875,1.65,5.0,-1.675,2.675,0.075,0.125,0.175,0.35,24,23,16,16,16,14,7,15,28,26,24,23,25,29,16,23,485,1792,2518,480,200,117,67,117,4.0,0.0,1.0,0.085,0.992,0.344,0
9.125,37.325,42.35,11.5,3.6,1.925,1.625,2.225,1.05,0.6,1.75,-0.95,-0.15,0.1,0.075,-0.075,20,25,18,18,15,7,9,14,24,25,27,21,21,22,17,19,545,2339,2322,661,189,113,71,131,4.0,0.0,1.0,0.084,0.992,0.344,0
10.175,37.925,44.1,10.55,3.45,2.025,1.7,2.15,0.225,3.25,-1.2,-0.175,0.525,0.025,-0.325,-0.05,21,24,26,23,17,14,11,17,25,26,29,23,20,17,21,27,612,2578,2700,638,189,99,78,137,4.0,0.0,1.0,0.084,0.993,0.344,0
10.4,41.175,42.9,10.375,3.975,2.05,1.375,2.1,-1.45,7.4,-4.725,0.825,0.025,0.025,-0.225,-0.075,24,18,25,19,19,16,13,19,27,24,27,25,21,21,22,28,664,2278,2452,655,235,115,79,147,4.0,0.0,1.0,0.083,0.993,0.344,0
8.95,48.575,38.175,11.2,4.0,2.075,1.15,2.025,-1.725,-6.65,1.725,-1.0,-0.8,0.0,0.275,-0.2,21,23,21,17,19,20,8,19,28,29,26,27,22,24,23,23,533,2979,2166,776,229,130,79,129,4.0,0.0,1.0,0.082,0.993,0.344,0
7.225,41.925,39.9,10.2,3.2,2.075,1.425,1.825,0.75,-1.975,-4.125,0.1,0.375,-0.075,0.525,0.4,19,23,23,23,19,16,5,16,26,34,30,29,25,23,19,21,426,2782,2590,721,191,111,65,96,4.0,0.0,1.0,0.082,0.993,0.344,0
7.975,39.95,35.775,10.3,3.575,2.0,1.95,2.225,-3.2,-19.3,-20.75,-3.675,-0.9,-0.5,-0.25,-0.55,21,21,22,22,18,12,8,13,25,29,29,28,26,24,22,18,468,2553,2299,680,215,100,91,126,4.0,0.0,1.0,0.094,0.962,0.308,0
4.775,20.65,15.025,6.625,2.675,1.5,1.7,1.675,-3.625,-19.175,-13.175,-4.625,-1.15,-0.55,-0.5,-0.75,18,20,15,16,17,10,6,10,25,19,24,28,21,18,22,14,267,1254,962,357,151,76,83,96,4.0,0.0,1.0,0.158,0.811,0.133,0
1.15,1.475,1.85,2.0,1.525,0.95,1.2,0.925,0.475,2.15,7.925,1.125,1.675,0.55,0.175,0.2,6,14,11,13,16,3,6,6,15,17,18,29,22,14,20,12,50,78,95,114,88,43,61,38,4.0,0.0,1.0,0.209,0.691,-0.007,0
1.625,3.625,9.775,3.125,3.2,1.5,1.375,1.125,0.725,3.0,16.025,1.7,0.975,0.4,0.2,0.25,7,11,19,19,15,5,7,6,13,20,24,27,23,15,21,15,74,213,530,190,175,61,74,53,4.0,0.0,1.0,0.209,0.696,-0.005,0
2.35,6.625,25.8,4.825,4.175,1.9,1.575,1.375,-0.6,-1.125,2.075,-0.45,-1.3,0.0,0.05,-0.225,13,17,25,22,17,7,7,10,19,24,29,27,22,15,16,17,125,381,1609,313,218,81,64,67,4.0,0.0,1.0,0.211,0.713,0.002,0
1.75,5.5,27.875,4.375,2.875,1.9,1.625,1.15,-0.25,-1.2,-9.525,-0.975,-0.775,-0.05,-0.2,-0.125,9,19,25,22,18,8,9,10,18,25,26,25,19,18,18,17,98,306,1807,278,156,89,71,59,4.0,0.0,1.0,0.213,0.759,0.025,0
1.5,4.3,18.35,3.4,2.1,1.85,1.425,1.025,0.45,2.925,1.725,0.125,-0.15,-0.4,-0.425,0.0,7,17,22,18,12,8,7,6,18,23,25,20,21,19,15,11,77,245,1111,192,121,82,61,47,4.0,0.0,1.0,0.198,0.847,0.093,0
1.95,7.225,20.075,3.525,1.95,1.45,1.0,1.025,0.425,1.45,3.325,0.5,0.0,0.125,-0.125,-0.025,14,20,22,17,12,8,4,6,25,24,26,24,22,17,16,16,122,470,1220,226,110,65,43,54,4.0,0.0,1.0,0.168,0.93,0.178,0
2.375,8.675,23.4,4.025,1.95,1.575,0.875,1.0,0.375,2.75,3.75,0.1,-0.05,-0.075,0.175,0.425,20,19,20,24,13,10,6,9,27,23,28,30,15,16,14,20,161,512,1356,279,111,77,45,64,4.0,0.0,1.0,0.138,0.972,0.236,0
2.75,11.425,27.15,4.125,1.9,1.5,1.05,1.425,5.075,12.625,9.5,2.05,0.55,-0.1,0.4,0.775,17,21,25,24,9,7,6,14,25,25,29,29,13,17,11,19,184,660,1762,265,90,69,40,74,4.0,0.0,1.0,0.111,0.999,0.277,0
7.825,24.05,36.65,6.175,2.45,1.4,1.45,2.2,3.925,17.475,9.85,2.775,1.45,0.55,0.325,0.775,16,20,19,21,16,10,12,14,20,24,25,26,18,20,14,20,444,1415,2031,386,147,83,62,112,4.0,0.0,1.0,0.087,1.013,0.303,0
11.75,41.525,46.5,8.95,3.9,1.95,1.775,2.975,-2.5,2.475,-0.125,0.725,0.4,0.15,0.1,-0.15,18,17,14,22,22,15,15,17,20,22,24,25,20,22,21,21,694,2421,2281,589,248,121,103,161,4.0,0.0,1.0,0.065,1.012,0.32,0
9.25,44.0,46.375,9.675,4.3,2.1,1.875,2.825,1.4,-6.075,-3.875,0.625,0.4,0.25,-0.025,0.075,15,23,18,18,19,13,17,19,24,25,23,24,23,22,24,26,519,2712,2479,628,238,117,114,157,4.0,0.0,1.0,0.05,1.005,0.332,0
10.65,37.925,42.5,10.3,4.7,2.35,1.85,2.9,2.5,-1.875,3.125,4.775,2.425,1.2,0.5,0.675,17,23,19,14,20,14,21,17,25,29,24,28,25,25,26,26,622,2190,2498,644,268,140,112,168,4.0,0.0,1.0,0.044,1.003,0.337,0
13.15,36.05,45.625,15.075,7.125,3.55,2.35,3.575,0.8,4.4,2.525,7.225,1.525,0.325,0.275,-0.1,22,22,19,13,20,17,19,19,25,27,26,23,28,28,23,23,781,2115,2493,814,433,220,139,225,4.0,0.0,1.0,0.044,1.002,0.338,0
13.95,40.45,48.15,22.3,8.65,3.875,2.625,3.475,-0.225,6.475,1.45,-1.2,-2.1,-1.125,-0.725,-0.5,24,19,19,22,19,16,16,16,25,24,27,24,27,24,22,21,800,2383,2594,1410,560,243,154,218,4.0,0.0,1.0,0.044,1.002,0.337,0
13.725,46.925,49.6,21.1,6.55,2.75,1.9,2.975,-0.55,2.5,1.675,-4.45,-1.775,-0.55,-0.5,-0.6,23,22,19,24,21,18,11,15,24,29,30,27,25,22,17,21,866,2777,2760,1375,448,175,108,177,4.0,0.0,1.0,0.044,1.003,0.336,0
13.175,49.425,51.275,16.65,4.775,2.2,1.4,2.375,-2.25,5.45,-0.1,1.25,1.275,0.25,0.2,-0.25,21,28,18,21,20,17,10,17,23,34,27,23,22,24,15,19,818,3154,2847,1044,277,128,78,149,4.0,0.0,1.0,0.045,1.003,0.335,0
10.925,54.875,51.175,17.9,6.05,2.45,1.6,2.125,-1.225,-2.725,-6.175,-1.75,0.525,0.0,0.075,0.35,22,24,24,20,20,18,11,13,25,31,25,23,26,19,18,18,696,3217,3057,1134,359,141,92,122,4.0,0.0,1.0,0.046,1.002,0.335,0
9.7,52.15,45.0,16.15,6.575,2.45,1.675,2.475,-0.25,-13.4,-7.95,-0.4,-0.625,-0.1,-0.25,0.225,19,23,22,18,19,17,8,10,23,28,28,23,24,19,19,22,521,3062,2801,987,365,132,86,124,4.0,0.0,1.0,0.046,1.001,0.336,0
9.45,38.75,37.05,15.75,5.95,2.35,1.425,2.7,0.15,-4.55,6.025,0.525,1.025,0.55,0.175,0.0,19,22,15,24,21,13,8,16,23,25,25,25,26,18,21,22,531,2261,2132,1006,353,123,72,142,4.0,0.0,1.0,0.046,1.002,0.336,0
9.6,34.2,43.075,16.275,6.975,2.9,1.6,2.7,0.9,4.275,12.95,-3.2,0.025,0.075,0.1,-0.2,19,21,20,28,23,15,11,24,24,26,26,26,30,23,25,28,545,2022,2411,1057,491,180,97,169,4.0,0.0,1.0,0.046,1.002,0.335,0
10.5,38.475,56.025,13.075,7.0,2.975,1.7,2.5,0.1,4.525,1.75,-0.2,-1.95,-0.625,-0.15,-0.15,23,23,25,23,23,17,13,18,26,27,25,28,26,25,26,25,597,2198,3356,832,483,193,119,156,4.0,0.0,1.0,0.046,1.001,0.334,0
10.6,43.0,57.775,12.875,5.05,2.35,1.55,2.35,2.55,-4.8,-5.075,1.625,-0.25,-0.025,0.225,0.25,22,19,22,19,26,18,13,10,23,24,27,26,26,24,28,24,589,2295,3385,771,339,139,105,125,4.0,0.0,1.0,0.046,1.001,0.334,0
13.15,38.2,52.7,14.5,4.8,2.325,1.775,2.6,-0.7,-5.925,-2.35,0.725,0.15,0.3,0.3,0.4,21,18,21,22,22,21,15,16,24,23,28,24,27,23,24,25,784,2051,3206,902,312,143,108,165,4.0,0.0,1.0,0.046,1.002,0.334,0
1.2,1.625,1.375,1.325,1.175,1.0,0.95,0.975,-0.05,0.05,0.425,0.85,0.675,0.45,0.1,0.0,9,14,11,8,10,3,4,4,16,22,20,20,12,13,17,20,58,85,70,68,45,47,48,42,5.0,0.0,1.383,0.203,0.695,0.001,0
1.15,1.675,1.8,2.175,1.85,1.45,1.05,0.975,-0.05,0.375,2.1,0.75,0.725,0.075,0.125,0.05,6,11,9,13,9,4,3,4,10,19,15,25,17,18,16,15,52,82,87,98,97,60,49,42,5.0,0.0,1.383,0.211,0.727,0.019,0
1.1,2.05,3.9,2.925,2.575,1.525,1.175,1.025,1.125,1.225,1.3,-0.725,-0.65,-0.5,-0.05,0.1,6,12,19,17,12,9,2,7,11,17,20,26,17,19,16,16,53,108,213,149,139,63,50,49,5.0,0.0,1.383,0.217,0.857,0.094,0
2.225,3.275,5.2,2.2,1.925,1.025,1.125,1.125,1.5,2.05,4.425,-0.2,-0.6,-0.175,0.0,0.1,12,17,17,18,15,11,7,7,17,18,18,25,22,18,17,18,119,173,284,130,103,50,50,58,5.0,0.0,1.383,0.199,1.019,0.183,0
3.725,5.325,9.625,2.0,1.325,0.85,1.125,1.225,2.575,6.325,14.775,2.775,0.9,0.45,-0.05,0.0,17,18,18,17,8,6,8,7,24,21,19,22,18,17,14,16,233,285,546,112,67,40,46,56,5.0,0.0,1.383,0.169,1.108,0.228,0
6.3,11.65,24.4,4.775,2.225,1.3,1.075,1.225,1.3,6.95,11.875,3.35,0.7,0.625,0.325,0.35,23,22,25,16,15,7,5,6,29,26,26,24,21,22,10,14,421,709,1545,265,121,72,50,64,5.0,0.0,1.383,0.137,1.162,0.254,0
7.6,18.6,36.275,8.125,2.925,1.925,1.4,1.575,1.3,8.675,6.125,1.0,0.25,0.2,0.45,0.375,22,21,24,21,21,13,7,9,29,30,28,26,20,23,13,22,452,1207,2376,461,179,112,73,105,5.0,0.0,1.383,0.099,1.209,0.278,0
8.9,27.275,42.4,9.125,3.175,2.125,1.85,1.95,2.95,6.075,9.5,2.025,0.275,-0.15,-0.15,0.45,19,22,22,23,19,18,12,16,26,29,28,25,21,20,16,26,492,1649,2683,576,200,124,93,125,5.0,0.0,1.383,0.049,1.248,0.317,0
11.85,33.35,51.9,11.15,3.45,1.975,1.7,2.4,-0.875,-0.075,-4.075,-0.6,-0.2,-0.35,-0.425,0.15,19,23,24,20,21,18,11,18,22,27,27,27,25,29,17,18,590,2121,3025,708,218,123,89,133,5.0,0.0,1.383,0.017,1.27,0.353,0
10.975,33.275,47.825,10.55,3.25,1.625,1.275,2.55,-0.45,4.8,-6.325,-2.125,-0.05,0.075,-0.125,-0.3,18,25,22,21,17,11,8,20,22,29,23,26,22,23,13,23,540,2235,2733,687,180,84,61,153,5.0,0.0,1.383,0.012,1.274,0.362,0
10.525,38.075,41.5,8.425,3.2,1.7,1.15,2.25,0.65,8.525,-4.625,0.1,0.975,0.75,0.5,0.35,21,24,19,20,22,15,9,18,25,28,23,21,25,17,17,20,674,2235,2263,510,203,93,68,128,5.0,0.0,1.383,0.009,1.274,0.365,0
11.175,46.6,36.875,8.525,4.175,2.45,1.65,2.6,-2.475,-10.075,-2.325,0.275,-0.1,-0.175,0.125,-0.025,17,24,21,18,22,20,14,16,28,27,25,22,28,23,21,15,715,2797,2181,498,283,147,97,128,5.0,0.0,1.383,0.008,1.276,0.369,0
8.7,36.525,34.55,8.8,4.075,2.275,1.775,2.575,0.725,-10.55,9.55,1.4,-0.975,-0.4,-0.125,-0.425,15,22,21,20,15,14,16,14,26,26,22,24,23,20,17,17,508,2332,2021,522,217,119,88,120,5.0,0.0,1.383,0.009,1.278,0.372,0
9.425,25.975,44.1,10.2,3.1,1.875,1.65,2.15,0.55,7.075,-3.525,-0.175,1.075,0.3,-0.05,0.4,20,21,23,24,15,9,12,12,25,25,25,25,22,17,15,21,553,1493,2733,614,157,85,68,123,5.0,0.0,1.383,0.009,1.279,0.373,0
9.975,33.05,40.575,10.025,4.175,2.175,1.6,2.55,-1.025,7.0,-5.1,-0.15,0.325,-0.175,-0.075,0.275,25,21,24,26,19,17,11,16,27,22,29,25,23,20,17,22,615,1926,2585,638,263,119,80,166,5.0,0.0,1.383,0.008,1.279,0.372,0
8.95,40.05,35.475,9.875,4.5,2.0,1.525,2.825,1.75,3.1,8.275,2.2,-0.575,-0.025,-0.1,-0.25,21,23,19,26,21,14,10,16,25,25,26,27,22,21,17,19,559,2301,1930,654,280,117,80,167,5.0,0.0,1.383,0.007,1.28,0.372,0
10.7,43.15,43.75,12.075,3.925,1.975,1.425,2.575,1.35,-2.45,8.7,-1.825,-0.525,0.0,-0.275,-0.025,18,23,17,23,20,15,9,14,22,29,23,24,23,23,16,19,648,2688,2442,737,241,105,71,146,5.0,0.0,1.383,0.006,1.28,0.373,0
12.05,40.7,52.45,10.25,3.4,1.975,1.15,2.55,-0.05,-7.575,-3.225,-2.175,-0.5,-0.225,0.3,0.325,20,18,16,23,21,19,8,16,26,25,26,22,25,25,17,22,743,2315,2887,594,219,107,68,158,5.0,0.0,1.383,0.007,1.28,0.374,0
12.0,33.125,49.225,8.075,2.9,1.75,1.45,2.875,-5.5,-18.525,-27.175,-2.85,-0.85,-0.275,-0.05,-0.8,25,21,17,24,19,18,6,16,29,23,24,25,28,23,17,24,757,1982,2651,516,207,104,83,173,5.0,0.0,1.383,0.017,1.248,0.354,0
6.5,14.6,22.05,5.225,2.05,1.475,1.4,2.075,-5.125,-12.95,-20.8,-3.95,-0.925,-0.375,-0.525,-1.1,23,18,10,17,10,13,8,12,27,24,18,22,26,24,18,24,435,883,1161,335,142,82,71,106,5.0,0.0,1.383,0.116,0.934,0.154,0
1.375,1.65,1.25,1.275,1.125,1.1,0.875,0.975,-0.1,0.125,0.225,0.45,0.475,0.35,0.125,-0.025,15,15,6,10,6,7,5,7,25,27,21,16,24,25,20,20,84,95,67,65,64,50,50,52,5.0,0.0,1.383,0.205,0.652,-0.026,0
1.275,1.775,1.475,1.725,1.6,1.45,1.0,0.95,0.15,0.0,0.575,1.65,0.85,0.375,0.225,0.15,10,15,10,10,9,12,4,5,23,25,26,18,23,22,17,11,71,95,90,83,81,68,47,46,5.0,0.0,1.383,0.204,0.655,-0.024,0
1.425,1.775,2.05,3.375,2.45,1.825,1.225,1.1,0.375,-0.2,0.5,0.2,0.675,0.025,-0.075,0.025,7,13,16,15,15,14,9,7,21,28,25,26,24,21,12,15,85,115,117,198,147,96,51,53,5.0,0.0,1.383,0.206,0.668,-0.015,0
1.8,1.575,2.55,3.575,3.125,1.85,1.15,1.125,0.05,0.125,0.0,-0.575,-0.15,-0.125,0.0,-0.1,6,10,13,22,15,14,7,8,20,21,25,24,24,18,20,24,81,88,143,220,192,97,56,59,5.0,0.0,1.383,0.214,0.7,0.007,0
1.85,1.7,2.55,3.0,2.975,1.725,1.15,1.025,-0.275,0.65,4.6,-0.15,-0.375,-0.175,0.075,0.1,10,15,9,22,12,13,5,4,16,18,22,21,22,14,19,21,76,88,141,173,161,76,50,50,5.0,0.0,1.383,0.222,0.75,0.041,0
1.575,2.35,7.15,2.85,2.6,1.55,1.225,1.125,-0.35,1.1,3.625,0.525,-0.625,-0.275,-0.225,-0.05,12,16,15,21,13,11,6,4,16,21,19,22,19,13,13,12,70,139,388,159,130,64,45,39,5.0,0.0,1.383,0.228,0.816,0.079,0
1.225,3.45,10.775,3.375,1.975,1.275,1.0,1.075,2.3,1.025,-0.325,-0.1,-0.525,-0.2,-0.025,0.0,8,15,25,16,9,11,6,4,16,23,27,24,17,15,16,12,61,217,723,182,98,61,47,36,5.0,0.0,1.383,0.227,0.891,0.112,0
3.525,4.475,10.45,3.275,1.45,1.075,0.975,1.075,2.075,0.825,2.575,0.4,0.125,-0.125,0.0,0.275,15,20,23,12,6,7,5,6,21,27,24,21,14,12,24,24,236,287,582,159,57,44,55,60,5.0,0.0,1.383,0.219,0.967,0.14,0
5.6,5.3,13.025,3.675,1.575,0.95,0.975,1.35,-0.425,1.275,3.375,0.175,0.15,-0.05,-0.175,0.1,20,17,17,16,12,5,7,9,19,22,24,24,16,14,24,28,345,316,764,207,72,42,55,92,5.0,0.0,1.383,0.201,1.046,0.169,0
5.175,6.575,16.4,3.85,1.725,0.9,0.8,1.45,0.775,2.575,6.7,0.4,0.05,0.225,0.175,-0.05,16,19,20,19,15,5,5,11,16,22,27,24,20,13,17,21,230,418,1031,227,93,45,38,86,5.0,0.0,1.383,0.175,1.117,0.201,0
5.95,9.15,23.1,4.25,1.775,1.125,0.975,1.4,1.325,2.8,10.3,1.7,-0.125,-0.05,0.025,0.1,17,23,21,17,10,5,1,11,23,28,26,24,20,12,13,16,303,610,1411,248,84,47,37,64,5.0,0.0,1.383,0.145,1.172,0.236,0
7.275,11.95,33.4,5.95,1.65,1.075,1.0,1.5,1.675,3.725,-0.425,1.775,0.325,0.025,-0.025,0.275,15,18,21,20,9,3,3,10,24,24,25,23,21,11,9,17,361,701,2037,363,87,46,37,69,5.0,0.0,1.383,0.112,1.215,0.268,0
8.95,15.675,32.975,7.725,1.975,1.1,0.975,1.775,2.2,11.3,7.575,2.45,0.75,0.575,0.325,0.35,17,20,21,20,14,4,4,14,23,23,25,21,23,18,16,23,430,953,2082,432,123,65,50,96,5.0,0.0,1.383,0.081,1.241,0.294,0
11.15,26.975,40.55,10.175,2.725,1.675,1.3,2.125,3.275,7.875,18.35,1.725,0.65,0.4,0.3,0.475,18,22,22,20,18,12,9,12,23,27,25,22,22,27,24,21,559,1728,2530,599,162,98,82,113,5.0,0.0,1.383,0.058,1.252,0.315,0
14.425,34.85,58.9,11.9,3.375,2.075,1.6,2.6,1.625,-0.5,-5.925,0.725,0.25,-0.175,0.15,0.8,20,22,29,24,19,13,11,14,24,27,31,28,19,27,26,24,815,2393,4166,798,179,117,89,145,5.0,0.0,1.383,0.042,1.259,0.335,0
16.05,34.35,52.975,12.625,3.625,1.9,1.75,3.4,-1.7,13.325,-0.85,-1.175,0.3,0.225,0.175,0.625,22,25,26,28,21,10,15,21,25,28,31,29,21,22,25,23,1002,2393,3559,883,213,114,102,200,5.0,0.0,1.383,0.03,1.267,0.352,0
14.35,47.675,52.125,11.45,3.925,2.125,1.925,4.025,-1.075,0.775,1.1,-0.675,0.575,0.425,0.0,-0.175,20,25,20,30,22,14,19,26,23,28,25,31,24,23,26,21,896,3241,2852,821,261,136,131,246,5.0,0.0,1.383,0.024,1.271,0.36,0
13.275,48.45,53.225,10.775,4.5,2.55,1.925,3.85,-3.35,-15.025,-1.025,-0.575,-0.475,-0.4,-0.35,-0.825,20,23,24,24,23,21,17,20,22,26,25,27,24,24,22,21,761,3226,3110,701,290,155,119,230,5.0,0.0,1.383,0.022,1.27,0.364,0
9.925,33.425,52.2,10.2,4.025,2.15,1.575,3.025,-2.05,2.525,-2.35,-0.675,-0.3,-0.375,-0.3,-0.725,20,20,23,22,20,18,14,16,26,26,26,26,23,26,21,21,612,2148,3041,656,224,116,87,188,5.0,0.0,1.383,0.021,1.268,0.366,0
7.875,35.95,49.85,9.525,3.725,1.775,1.275,2.3,0.85,2.725,-5.825,0.325,0.125,0.1,0.075,0.1,20,22,23,22,16,14,14,16,29,26,25,25,24,24,19,18,510,2173,2902,586,205,104,74,146,5.0,0.0,1.383,0.02,1.267,0.368,0
8.725,38.675,44.025,9.85,3.85,1.875,1.35,2.4,1.5,-4.425,5.6,-1.85,-0.225,0.25,0.3,0.375,21,24,27,22,18,19,13,19,28,23,26,27,26,27,18,19,520,2251,2775,573,248,122,69,134,5.0,0.0,1.383,0.019,1.266,0.368,0
10.225,34.25,49.625,8.0,3.625,2.125,1.65,2.775,-0.4,-0.4,0.325,-0.7,-0.4,0.0,-0.025,-0.2,23,20,24,19,16,22,14,23,28,21,29,28,26,26,19,26,669,1946,2732,518,248,135,84,162,5.0,0.0,1.383,0.017,1.266,0.372,0
9.825,33.85,49.95,7.3,3.225,2.125,1.625,2.575,-0.325,-2.8,-2.575,2.775,-0.225,-0.275,-0.3,-0.175,15,21,19,22,17,19,10,17,23,24,27,26,21,22,23,26,602,2081,2627,483,206,131,94,151,5.0,0.0,1.383,0.016,1.268,0.377,0
9.5,31.05,47.375,10.075,3.0,1.85,1.325,2.4,2.175,-4.45,-2.55,-1.95,-0.025,-0.075,0.1,0.075,13,24,17,25,15,14,11,13,20,25,25,27,17,21,20,18,542,1916,2860,646,168,106,82,131,5.0,0.0,1.383,0.016,1.268,0.38,0
11.675,26.6,44.825,8.125,2.975,1.775,1.425,2.475,0.575,6.075,7.875,-0.225,-0.075,0.05,0.075,0.4,20,23,21,20,15,12,13,16,24,25,25,25,24,27,14,15,772,1477,2804,516,184,100,85,130,5.0,0.0,1.383,0.015,1.267,0.38,0
12.25,32.675,52.7,7.9,2.9,1.825,1.5,2.875,-1.65,4.125,2.375,1.75,0.05,-0.25,-0.25,-0.15,19,19,25,18,15,12,8,21,28,26,27,24,27,27,17,17,784,1751,3186,486,190,112,86,151,5.0,0.0,1.383,0.014,1.265,0.38,0
10.6,36.8,55.075,9.65,2.95,1.575,1.25,2.725,-1.05,-1.175,-6.925,-1.825,0.475,0.025,0.075,-0.475,19,20,20,21,19,15,10,20,31,27,27,27,25,25,23,21,632,2265,3156,656,184,104,77,160,5.0,0.0,1.383,0.013,1.262,0.378,0
9.55,35.625,48.15,7.825,3.425,1.6,1.325,2.25,1.725,1.675,-2.225,1.55,0.025,0.075,0.125,0.25,22,21,18,25,23,15,12,13,30,26,30,30,25,26,22,26,608,2209,2968,518,227,103,83,138,5.0,0.0,1.383,0.012,1.26,0.376,0
11.275,37.3,45.925,9.375,3.45,1.675,1.45,2.5,0.525,-3.025,-3.65,2.6,0.075,0.0,-0.25,0.075,25,27,22,25,22,19,5,15,28,27,29,32,25,27,18,28,760,2479,2794,649,229,104,82,162,5.0,0.0,1.383,0.011,1.26,0.375,0
11.8,34.275,42.275,11.975,3.525,1.675,1.2,2.575,0.9,2.2,4.25,-0.575,0.15,0.15,0.5,0.45,16,25,19,19,17,16,5,18,24,28,22,29,23,21,22,23,688,2272,2228,738,210,87,72,151,5.0,0.0,1.383,0.01,1.261,0.375,0
12.7,36.475,46.525,11.4,3.675,1.825,1.7,3.025,1.175,5.65,4.85,-2.275,-0.175,-0.175,0.3,0.425,15,20,20,23,17,13,9,18,25,26,22,27,27,19,19,21,823,2314,2799,693,229,92,87,171,5.0,0.0,1.383,0.009,1.263,0.376,0
13.875,42.125,51.375,9.125,3.5,1.65,2.0,3.45,-1.3,0.25,5.425,-0.075,0.125,0.2,-0.4,-0.225,21,25,22,24,22,13,11,18,26,27,25,27,27,21,20,19,926,2810,3060,601,231,92,97,207,5.0,0.0,1.383,0.008,1.263,0.375,0
12.575,42.375,56.8,9.05,3.625,1.85,1.6,3.225,-4.875,-17.075,-18.45,-2.325,-1.0,-0.15,-0.25,-1.025,21,27,22,20,18,13,10,20,24,27,27,26,20,21,22,18,704,2882,3233,560,224,109,87,168,5.0,0.0,1.383,0.007,1.262,0.373,0
7.7,25.3,38.35,6.725,2.625,1.7,1.35,2.2,-4.75,-20.675,-31.15,-4.5,-1.175,-0.625,-0.4,-1.025,20,23,17,21,9,11,8,17,23,22,24,24,17,18,23,17,419,1653,2361,399,143,91,79,108,5.0,0.0,1.383,0.074,1.062,0.242,0
2.95,4.625,7.2,2.225,1.45,1.075,0.95,1.175,-1.75,-3.2,-5.8,-1.0,-0.275,-0.3,-0.15,-0.075,18,16,9,16,8,5,4,7,19,18,20,22,16,15,19,17,167,250,492,147,61,47,46,58,5.0,0.0,1.383,0.171,0.777,0.057,0
1.2,1.425,1.4,1.225,1.175,0.775,0.8,1.1,0.325,0.1,0.55,0.75,0.75,0.45,0.625,0.025,11,10,10,6,10,4,4,3,17,14,18,18,16,17,14,11,53,62,74,72,50,40,39,41,5.0,0.0,1.383,0.199,0.692,0.003,0
1.525,1.525,1.95,1.975,1.925,1.225,1.425,1.125,0.525,0.475,2.55,1.15,1.275,0.625,0.425,-0.075,9,9,13,8,9,6,8,5,16,14,18,16,22,20,18,11,75,69,115,84,82,59,57,44,5.0,0.0,1.383,0.2,0.701,0.007,0
2.05,2.0,4.5,3.125,3.2,1.85,1.85,1.05,-0.375,0.3,6.475,0.625,0.325,-0.1,-0.175,0.025,12,8,20,13,12,11,13,5,18,16,25,17,26,22,18,17,102,106,308,146,144,92,75,55,5.0,0.0,1.383,0.205,0.726,0.02,0
1.675,2.3,10.975,3.75,3.525,1.75,1.675,1.075,-0.175,0.5,3.65,0.0,-0.875,-0.2,-0.25,-0.05,12,8,21,18,13,8,9,7,19,14,25,19,22,18,12,14,94,133,663,232,188,91,76,52,5.0,0.0,1.383,0.212,0.764,0.044,0
1.5,2.8,14.625,3.75,2.65,1.55,1.425,1.025,0.05,1.075,-1.25,-1.05,-0.825,0.05,-0.275,-0.075,11,15,22,23,14,8,6,6,19,18,24,25,20,20,15,11,84,174,907,258,159,92,67,45,5.0,0.0,1.383,0.217,0.814,0.083,0
1.55,3.875,13.375,2.7,1.825,1.6,1.15,0.95,0.075,1.125,0.875,-0.175,-0.175,-0.075,-0.075,0.075,17,21,23,15,12,12,8,5,28,24,23,24,19,23,17,8,89,246,838,161,98,92,53,40,5.0,0.0,1.383,0.215,0.879,0.132,0
1.625,5.0,14.25,2.525,1.65,1.525,1.075,1.025,0.5,-0.425,0.5,0.675,-0.1,-0.275,0.05,0.15,14,18,20,10,12,12,10,6,23,19,25,21,19,20,15,15,78,262,871,136,84,76,51,46,5.0,0.0,1.383,0.203,0.954,0.183,0
2.125,4.575,14.75,3.2,1.55,1.25,1.125,1.175,1.025,-0.25,4.45,0.975,0.125,-0.1,-0.025,0.125,13,17,24,12,12,9,10,8,18,21,26,22,21,21,14,18,119,240,909,194,84,67,57,62,5.0,0.0,1.383,0.18,1.033,0.229,0
3.15,4.325,19.2,4.175,1.675,1.15,1.1,1.3,2.75,4.15,9.425,1.0,0.2,0.05,-0.1,0.175,17,20,26,19,10,10,9,9,23,22,25,23,20,21,24,12,202,256,1198,243,83,62,64,58,5.0,0.0,1.383,0.149,1.107,0.267,0
5.9,8.475,28.625,5.175,1.875,1.2,1.0,1.475,6.6,4.475,13.65,1.075,0.1,0.25,0.35,0.2,22,19,22,23,12,10,8,7,27,21,25,21,18,18,22,15,402,439,1765,295,94,58,52,68,5.0,0.0,1.383,0.115,1.168,0.293,0
12.5,12.95,42.275,6.25,1.975,1.45,1.35,1.675,5.9,5.15,3.8,1.275,0.9,0.475,0.625,0.9,23,17,21,21,17,8,12,9,25,22,26,21,21,17,21,21,706,675,2644,382,111,73,70,97,5.0,0.0,1.383,0.08,1.211,0.311,0
18.4,18.1,46.075,7.525,2.875,1.925,1.975,2.575,0.85,7.65,-3.4,-0.175,0.225,0.1,-0.25,0.475,18,17,22,22,18,13,15,13,24,22,25,26,23,20,25,21,1100,983,2718,457,171,116,114,143,5.0,0.0,1.383,0.053,1.236,0.324,0
19.25,25.75,42.675,7.35,3.1,2.025,1.725,3.05,-0.425,7.15,1.175,1.325,0.225,0.075,-0.25,-0.675,22,17,16,18,13,13,13,15,27,23,21,23,22,19,18,17,1125,1453,2136,417,187,123,95,155,5.0,0.0,1.383,0.038,1.248,0.333,0
18.825,32.9,43.85,8.675,3.325,2.1,1.475,2.375,-1.675,0.025,0.1,0.175,0.85,0.125,0.2,-0.15,22,22,23,18,16,16,15,16,25,27,29,25,22,23,18,18,1078,1908,2648,540,192,119,74,132,5.0,0.0,1.383,0.028,1.26,0.347,0
17.15,32.925,43.95,8.85,4.175,2.225,1.675,2.225,-3.175,-7.6,5.575,-1.325,-0.9,-0.475,-0.15,0.4,15,24,28,17,18,16,12,15,21,27,29,27,23,20,18,22,1006,1970,2924,568,234,122,74,124,5.0,0.0,1.383,0.021,1.27,0.36,0
13.975,25.325,49.525,7.525,3.275,1.75,1.525,2.625,0.9,-3.05,0.9,-0.325,-0.025,-0.225,-0.15,0.125,14,20,25,15,10,11,9,12,24,26,24,19,21,16,20,17,776,1621,3291,439,184,93,62,115,5.0,0.0,1.383,0.017,1.275,0.365,0
14.875,22.275,50.425,7.2,3.25,1.525,1.375,2.75,2.425,3.925,-6.95,-0.5,0.225,0.375,0.0,0.225,13,20,24,17,15,10,13,13,31,26,26,19,21,16,24,23,899,1402,3162,417,199,79,76,145,5.0,0.0,1.383,0.016,1.276,0.367,0
17.3,26.2,43.475,6.7,3.475,1.9,1.375,2.975,-2.075,0.35,-5.8,-0.075,-0.625,0.0,-0.1,-0.175,21,17,24,18,18,12,12,18,30,22,29,26,23,20,16,29,1184,1496,2642,409,216,115,71,191,5.0,0.0,1.383,0.016,1.276,0.367,0
15.225,26.55,37.675,6.625,2.85,1.9,1.275,2.8,-4.3,-0.55,-2.3,0.975,0.275,-0.175,-0.1,-0.425,26,16,25,20,18,15,7,21,27,23,30,28,24,25,16,26,1038,1455,2549,406,176,122,63,177,5.0,0.0,1.383,0.016,1.277,0.367,0
10.925,26.0,35.375,7.6,3.125,1.725,1.175,2.375,0.375,2.5,0.975,0.1,-0.275,-0.125,0.1,0.075,21,21,23,23,20,11,7,18,28,25,30,26,24,26,21,23,735,1428,2282,484,189,101,64,135,5.0,0.0,1.383,0.017,1.276,0.367,0
11.3,28.5,36.35,7.7,2.85,1.6,1.275,2.45,1.65,1.65,2.925,-2.625,-0.775,-0.475,0.05,-0.05,20,26,24,19,17,9,9,20,29,26,31,24,21,26,26,24,714,1717,2266,481,168,90,65,142,5.0,0.0,1.383,0.018,1.275,0.366,0
12.95,30.15,39.275,5.075,2.075,1.125,1.325,2.4,-1.85,3.425,-4.075,-0.35,0.075,0.15,0.1,0.05,23,25,26,20,10,7,13,22,26,24,32,24,14,17,24,28,816,1799,2637,309,113,56,79,148,5.0,0.0,1.383,0.019,1.274,0.365,0
11.1,33.575,35.2,4.725,2.15,1.275,1.425,2.45,-1.45,0.95,-3.275,2.55,0.575,0.475,0.05,0.0,20,22,27,26,10,8,13,20,25,24,32,29,13,19,17,30,653,2008,2298,331,108,72,79,151,5.0,0.0,1.383,0.019,1.273,0.366,0
9.65,34.525,31.925,7.275,2.725,1.75,1.475,2.45,0.15,0.025,1.525,-0.35,0.15,-0.05,-0.05,-0.1,19,24,23,29,15,15,6,16,27,28,27,30,23,24,15,26,581,2257,1872,498,161,105,66,140,5.0,0.0,1.383,0.019,1.273,0.367,0
9.8,34.55,33.45,6.925,2.875,1.7,1.425,2.35,0.55,1.4,4.925,-1.675,-0.225,0.075,0.1,-0.225,18,24,23,23,19,14,9,15,27,28,25,24,27,22,17,22,611,2214,2154,423,174,102,69,141,5.0,0.0,1.383,0.018,1.273,0.367,0
10.35,35.95,38.375,5.25,2.65,1.775,1.525,2.125,0.3,-8.7,-2.2,0.15,-0.125,-0.175,-0.25,0.175,16,18,25,18,17,15,16,14,28,24,26,23,30,21,20,20,616,2071,2509,302,159,102,80,128,5.0,0.0,1.383,0.017,1.273,0.366,0
10.65,27.25,36.175,5.4,2.525,1.6,1.275,2.3,0.375,-3.875,-3.85,0.375,0.025,0.05,-0.1,0.375,16,17,22,18,13,17,12,15,27,21,26,23,27,19,18,21,652,1645,2242,296,146,82,67,130,5.0,0.0,1.383,0.016,1.274,0.365,0
11.025,23.375,32.325,5.775,2.55,1.65,1.175,2.675,2.8,5.025,8.575,0.825,0.45,0.125,0.35,0.45,17,14,20,21,16,16,9,16,25,20,27,26,21,23,19,22,650,1326,1910,358,142,90,58,167,5.0,0.0,1.383,0.015,1.273,0.363,0
13.825,28.4,40.9,6.6,3.0,1.775,1.525,3.125,0.9,8.1,-5.925,0.75,0.25,-0.05,0.2,-0.075,21,18,21,23,19,14,13,17,23,25,28,25,27,22,24,23,781,1683,2436,418,193,105,79,179,5.0,0.0,1.383,0.014,1.273,0.362,0
14.725,36.5,34.975,7.35,3.25,1.725,1.725,3.05,-1.675,-0.725,-4.925,0.525,0.2,0.15,0.0,0.175,19,23,25,23,15,8,12,19,22,26,26,25,28,17,23,26,806,2106,2258,438,202,82,85,174,5.0,0.0,1.383,0.013,1.274,0.361,0
0.95,1.325,1.25,1.25,0.95,0.85,0.975,0.975,0.225,0.125,-0.05,0.125,0.15,0.05,-0.15,-0.15,5,11,8,9,4,2,6,5,15,22,22,16,19,12,15,14,41,70,65,63,41,33,44,41,6.0,0.383,0.617,0.197,0.687,-0.007,0
1.175,1.45,1.2,1.375,1.1,0.9,0.825,0.825,0.1,0.55,1.825,1.75,0.725,0.3,0.175,0.05,11,13,12,9,7,3,2,4,17,24,24,18,20,12,18,13,63,80,69,72,59,37,46,40,6.0,0.383,0.617,0.197,0.688,-0.007,0
1.275,2.0,3.025,3.125,1.825,1.2,1.0,0.875,0.425,1.55,10.325,1.875,0.95,0.425,0.175,0.325,8,15,13,12,12,4,0,2,20,23,24,22,22,18,15,11,72,113,177,192,93,55,40,41,6.0,0.383,0.617,0.202,0.692,-0.008,0
1.7,3.55,13.35,5.0,2.775,1.625,1.175,1.2,0.1,0.8,5.575,-0.425,-0.05,0.05,-0.275,0.125,7,20,19,24,14,9,1,7,18,23,26,25,25,19,13,18,92,217,922,308,136,65,39,62,6.0,0.383,0.617,0.214,0.701,-0.006,0
1.8,4.35,18.925,4.575,2.725,1.675,0.9,1.325,-0.425,-0.075,0.025,-1.275,-0.5,-0.15,-0.025,-0.275,10,23,22,21,13,11,3,9,17,25,24,22,23,17,13,22,103,276,1240,276,145,69,42,71,6.0,0.383,0.617,0.231,0.711,0.006,0
1.375,4.275,18.95,3.3,2.225,1.525,0.875,1.05,0.2,0.275,3.85,-0.225,-0.325,-0.175,0.2,-0.075,5,22,22,17,11,10,5,5,17,27,25,23,21,24,14,20,78,250,1245,191,113,74,45,55,6.0,0.383,0.617,0.252,0.722,0.034,0
1.575,4.55,22.8,3.075,1.9,1.35,1.075,0.975,0.175,0.8,0.525,0.425,0.1,-0.05,0.075,0.05,9,20,26,21,13,9,4,3,20,25,28,25,20,21,16,18,93,279,1657,191,92,68,51,54,6.0,0.383,0.617,0.274,0.732,0.074,0
1.75,5.35,23.325,3.5,2.0,1.3,1.15,1.025,0.175,0.525,-3.95,-0.4,0.15,0.25,0.025,0.0,15,16,25,17,15,10,5,4,23,21,27,27,20,14,16,21,121,310,1542,230,104,69,57,57,6.0,0.383,0.617,0.298,0.744,0.133,0
1.925,5.875,19.375,3.1,2.15,1.55,1.175,1.025,0.95,4.5,2.15,0.8,-0.075,0.025,0.225,0.1,16,13,19,16,11,11,8,7,24,21,21,29,22,17,22,21,129,331,1160,206,120,84,68,54,6.0,0.383,0.617,0.317,0.757,0.202,0
2.875,10.375,21.525,3.9,2.075,1.575,1.4,1.125,0.925,11.775,12.95,2.5,0.9,0.15,0.15,0.6,18,18,22,20,7,10,15,11,24,22,28,24,16,20,24,25,190,659,1493,227,105,86,84,73,6.0,0.383,0.617,0.326,0.77,0.255,0
3.8,22.15,34.475,6.4,2.975,1.725,1.55,1.725,2.525,15.725,8.25,3.05,1.65,0.45,0.25,0.8,21,23,24,20,10,16,18,16,24,28,29,19,15,23,21,25,265,1451,2110,357,158,114,95,104,6.0,0.383,0.617,0.327,0.779,0.295,0
6.325,37.875,42.725,9.45,4.625,2.175,1.8,2.525,0.9,1.775,2.175,1.3,0.025,-0.175,-0.1,-0.275,26,23,20,17,19,22,15,21,28,26,26,20,26,23,23,25,456,2217,2455,494,305,135,117,153,6.0,0.383,0.617,0.321,0.78,0.321,0
7.225,39.65,44.9,10.75,4.65,2.0,1.7,2.25,-1.4,-8.775,4.6,0.35,-0.025,0.025,-0.175,-0.25,25,21,25,20,22,19,14,19,29,23,30,23,26,18,21,25,506,2334,2924,623,315,106,104,143,6.0,0.383,0.617,0.314,0.778,0.336,0
5.825,30.875,49.5,11.1,4.625,2.025,1.525,2.0,-1.475,-1.85,-6.575,-0.025,0.3,0.15,0.025,0.075,21,18,27,20,17,13,13,15,23,24,30,23,26,15,19,23,341,1765,3363,679,263,90,83,111,6.0,0.383,0.617,0.311,0.777,0.343,0
4.35,29.025,42.925,11.075,4.925,2.175,1.55,2.075,2.625,10.675,-5.375,-0.675,-0.875,-0.125,-0.175,0.4,21,23,23,21,20,15,8,14,22,26,24,25,26,18,18,18,250,1790,2688,705,276,110,83,115,6.0,0.383,0.617,0.31,0.776,0.344,0
6.975,39.7,37.55,10.4,4.05,2.05,1.375,2.475,1.75,-2.35,12.95,0.825,1.525,0.7,0.225,0.025,22,25,18,22,17,16,5,15,26,28,20,28,24,26,15,21,456,2409,2193,619,213,108,61,139,6.0,0.383,0.617,0.309,0.774,0.345,0
8.725,37.35,50.5,11.225,5.575,2.75,1.6,2.5,-2.1,-6.225,-2.25,0.4,0.725,0.125,-0.125,-0.7,22,16,22,18,13,14,9,14,24,27,22,27,22,25,15,23,546,2081,3222,655,286,126,72,139,6.0,0.383,0.617,0.308,0.773,0.345,0
6.625,31.125,48.25,11.625,6.3,2.875,1.475,1.8,1.675,6.6,-15.2,-0.35,-0.875,-0.275,-0.15,0.375,18,16,22,23,21,20,12,11,21,25,25,28,24,23,19,18,394,1671,3271,751,366,153,76,100,6.0,0.383,0.617,0.307,0.773,0.345,0
8.3,37.725,33.05,11.275,5.425,2.6,1.325,2.175,-1.25,2.75,-2.8,-0.275,-0.775,-0.2,-0.025,-0.125,22,19,19,29,24,21,9,14,23,24,23,30,22,20,16,20,500,2031,2063,796,317,145,61,124,6.0,0.383,0.617,0.305,0.774,0.347,0
7.05,40.475,30.25,11.0,4.65,2.4,1.3,2.05,-0.9,2.45,6.825,0.45,0.0,-0.6,0.075,0.05,22,15,21,23,20,19,8,14,25,23,24,28,24,18,15,19,432,1822,1872,758,259,119,56,119,6.0,0.383,0.617,0.305,0.775,0.348,0
6.15,42.925,37.075,11.45,4.65,1.8,1.375,2.1,2.125,-4.075,1.975,-0.875,0.825,0.05,0.525,0.5,19,16,20,19,15,16,13,15,26,27,26,27,23,21,25,18,383,2227,2133,703,268,99,86,133,6.0,0.383,0.617,0.304,0.775,0.348,0
8.275,38.85,39.05,10.575,5.475,1.85,1.9,2.6,0.0,1.625,3.375,0.375,-0.875,0.325,-0.3,-0.5,24,20,20,20,14,15,16,18,27,31,26,24,20,24,23,25,547,2392,2170,605,305,118,118,164,6.0,0.383,0.617,0.304,0.775,0.348,0
8.275,40.475,42.425,10.95,4.6,2.175,1.6,2.1,-0.8,-1.325,7.875,2.35,0.75,0.525,-0.025,-0.05,24,18,22,22,18,15,9,18,26,28,27,20,21,25,21,25,552,2158,2736,648,269,138,84,118,6.0,0.383,0.617,0.303,0.774,0.348,0
7.475,39.15,50.3,13.3,5.35,2.7,1.575,2.05,0.1,-3.65,-1.7,0.875,0.75,0.175,0.425,0.125,20,19,20,22,23,14,11,16,28,26,24,26,27,19,21,24,455,2006,2939,786,356,165,85,120,6.0,0.383,0.617,0.302,0.774,0.347,0
7.575,35.5,48.6,14.175,6.1,2.875,2.0,2.175,0.1,-2.55,-3.375,0.125,-1.1,-0.525,-0.25,-0.125,16,26,23,21,22,16,13,17,24,28,26,27,26,23,19,28,407,2129,2783,869,373,168,109,136,6.0,0.383,0.617,0.302,0.774,0.347,0
7.675,32.95,45.225,14.3,5.0,2.35,1.75,2.05,-0.925,-6.725,-7.05,-0.5,0.675,-0.025,-0.2,-0.05,17,26,26,19,17,14,11,13,21,29,27,24,20,22,15,23,412,2020,2803,908,270,124,94,123,6.0,0.383,0.617,0.302,0.775,0.347,0
6.75,26.225,38.175,13.8,5.675,2.325,1.55,2.0,-0.175,3.925,-3.65,0.275,-0.35,-0.05,0.0,-0.125,18,24,20,16,20,14,12,7,22,25,24,23,22,23,20,17,393,1666,2270,830,342,132,91,106,6.0,0.383,0.617,0.301,0.775,0.347,0
6.575,30.15,34.525,14.075,5.325,2.275,1.55,1.875,0.65,6.025,5.275,-1.175,-0.575,0.2,-0.1,0.15,17,20,21,18,21,14,16,13,19,23,25,20,24,21,26,20,397,1627,2060,786,338,135,96,103,6.0,0.383,0.617,0.301,0.774,0.346,0
7.225,36.175,39.8,12.9,4.75,2.475,1.45,2.025,0.075,0.675,-1.875,-1.325,-0.3,-0.1,-0.05,-0.1,23,23,22,22,22,15,18,16,24,28,25,26,26,24,26,28,487,2193,2462,780,328,166,100,141,6.0,0.383,0.617,0.3,0.774,0.345,0
7.3,36.85,37.925,11.575,4.45,2.375,1.4,1.925,-0.35,1.775,-0.9,-0.6,-0.975,-0.325,0.15,0.025,27,27,17,22,22,17,15,15,28,28,20,27,24,23,22,22,476,2420,2129,699,298,156,91,122,6.0,0.383,0.617,0.3,0.774,0.345,0
6.95,38.625,37.025,10.975,3.475,2.05,1.55,1.95,-0.925,-8.0,-6.175,-3.875,-0.025,0.225,-0.325,-0.25,25,25,17,22,21,16,18,14,27,28,23,22,22,17,20,17,429,2340,1709,655,219,117,91,103,6.0,0.383,0.617,0.299,0.774,0.345,0
6.025,30.625,30.85,7.1,3.45,2.275,1.225,1.7,-3.075,-19.9,-19.325,-4.25,-1.4,-0.675,-0.3,-0.75,21,17,20,18,20,17,14,10,28,26,28,17,26,20,16,18,370,1885,1478,425,233,138,71,82,6.0,0.383,0.617,0.282,0.758,0.278,0
2.95,10.725,11.525,2.85,2.05,1.6,0.925,0.95,-2.15,-9.575,-10.05,-1.5,-1.175,-0.65,-0.075,-0.05,10,7,19,12,9,9,4,4,23,20,24,20,20,24,14,19,190,556,660,161,125,91,41,42,6.0,0.383,0.617,0.238,0.715,0.111,0
0.8,1.15,1.475,1.35,0.875,0.95,0.85,0.9,0.275,0.275,0.175,-0.15,0.025,0.0,-0.075,0.075,3,8,18,8,5,7,3,4,24,19,24,20,18,23,16,18,52,67,87,70,43,48,39,42,6.0,0.383,0.617,0.212,0.689,0.011,0
1.075,1.425,1.65,1.2,0.9,0.95,0.775,0.975,0.125,-0.025,0.0,0.075,0.175,0.1,0.325,0.075,7,12,14,9,6,4,3,6,25,16,23,17,18,17,18,18,63,70,83,63,39,37,37,47,6.0,0.383,0.617,0.211,0.689,0.012,0
1.2,1.4,1.65,1.275,1.075,1.05,1.1,1.05,0.0,0.375,2.7,0.425,0.4,0.15,0.075,0.225,7,12,10,12,5,1,1,6,21,11,23,20,14,12,13,19,61,55,83,71,39,30,34,45,6.0,0.383,0.617,0.211,0.689,0.012,0
1.2,1.775,4.35,1.7,1.475,1.2,1.175,1.275,0.875,4.475,8.2,2.175,0.775,0.45,0.05,0.05,5,13,12,16,5,3,3,10,22,14,24,24,16,13,10,20,60,83,236,99,56,42,36,53,6.0,0.383,0.617,0.211,0.69,0.012,0
2.075,6.25,12.55,3.875,2.25,1.65,1.225,1.325,0.125,3.0,8.925,0.2,0.525,0.2,0.075,0.075,15,21,14,22,10,10,10,11,23,23,22,29,21,23,15,21,129,418,611,267,115,85,57,56,6.0,0.383,0.617,0.212,0.692,0.009,0
2.2,9.25,21.475,4.075,2.775,1.85,1.3,1.4,-0.725,-2.3,3.5,-0.9,-0.575,-0.275,-0.1,-0.225,16,21,14,20,13,13,14,11,22,22,25,27,19,21,16,23,139,563,1235,251,137,99,71,58,6.0,0.383,0.617,0.218,0.696,0.006,0
1.475,6.95,24.975,3.175,2.2,1.575,1.2,1.175,-0.05,-2.375,-3.55,0.025,-0.7,-0.275,0.0,-0.3,10,16,19,15,9,8,12,9,17,22,26,21,17,14,15,14,83,360,1528,170,95,66,64,48,6.0,0.383,0.617,0.23,0.703,0.011,0
1.425,4.575,21.425,3.2,1.5,1.3,1.2,0.875,-0.25,-0.775,-5.55,-0.45,-0.025,-0.075,-0.15,0.05,6,17,27,16,10,6,8,6,15,27,27,21,20,16,12,12,76,283,1375,180,80,64,54,40,6.0,0.383,0.617,0.248,0.712,0.03,0
1.175,3.8,15.875,2.75,1.475,1.225,1.05,0.925,0.1,1.475,3.725,0.175,0.225,0.15,0.0,0.15,4,21,30,11,16,11,3,5,15,25,31,19,25,19,10,15,55,249,1103,149,88,70,39,41,6.0,0.383,0.617,0.27,0.726,0.069,0
1.275,5.275,19.6,2.925,1.7,1.375,1.05,1.075,1.625,1.025,6.35,0.325,0.325,0.075,-0.05,0.025,7,25,27,8,14,13,4,2,19,24,29,19,23,19,9,13,63,312,1314,163,92,70,34,37,6.0,0.383,0.617,0.293,0.74,0.127,0
2.9,6.3,25.95,3.25,2.025,1.45,1.0,1.1,0.975,0.85,5.075,0.525,-0.075,-0.175,-0.075,-0.025,13,22,24,15,11,10,3,5,21,25,26,23,16,21,13,12,169,377,1538,186,96,84,35,39,6.0,0.383,0.617,0.309,0.753,0.191,0
3.875,7.15,31.025,3.775,1.95,1.275,0.925,1.075,0.95,4.175,7.35,-0.1,-0.25,-0.15,0.1,0.0,20,15,22,20,13,12,4,6,27,18,25,22,18,22,17,16,267,363,1801,211,105,73,43,50,6.0,0.383,0.617,0.316,0.765,0.252,0
4.825,11.325,38.375,3.675,1.7,1.125,1.025,1.075,1.5,2.75,-4.125,0.4,0.825,0.15,0.2,0.425,24,20,23,20,12,10,9,6,29,19,26,20,17,20,18,14,340,688,2421,195,84,50,53,49,6.0,0.383,0.617,0.318,0.775,0.3,0
6.325,14.075,34.25,4.075,2.525,1.275,1.225,1.5,1.2,8.025,-2.25,1.85,0.725,0.2,0.15,0.5,24,24,23,17,14,10,7,10,25,24,24,19,16,19,20,16,411,939,2191,209,121,59,57,72,6.0,0.383,0.617,0.316,0.781,0.333,0
7.525,22.1,32.0,5.925,3.25,1.475,1.375,2.0,0.9,9.3,3.375,2.375,1.275,0.225,0.05,0.25,19,23,22,19,17,12,8,12,27,24,20,22,15,19,18,21,464,1273,1893,335,170,78,55,98,6.0,0.383,0.617,0.313,0.781,0.35,0
8.425,31.4,35.375,8.3,4.525,1.7,1.425,2.25,0.825,5.55,4.875,2.15,0.625,0.075,-0.1,0.275,18,27,21,19,17,9,11,13,23,29,22,25,19,17,18,21,477,2088,1932,450,256,92,73,112,6.0,0.383,0.617,0.311,0.778,0.357,0
9.25,36.95,40.25,10.45,5.15,1.775,1.325,2.525,-0.025,-0.575,0.5,-0.475,-0.625,0.25,-0.15,0.05,21,27,22,21,21,11,14,21,22,30,23,25,25,17,25,26,512,2595,2391,623,330,105,77,152,6.0,0.383,0.617,0.31,0.777,0.36,0
9.225,36.375,40.75,9.975,4.525,2.025,1.175,2.575,-2.05,-5.625,-3.475,0.125,-0.425,0.05,0.2,-0.05,20,24,24,25,24,17,10,20,25,28,25,25,31,19,24,25,530,2400,2407,658,313,114,59,164,6.0,0.383,0.617,0.308,0.777,0.363,0
7.175,30.75,37.275,10.1,4.1,2.075,1.375,2.525,-0.2,-4.275,0.225,2.9,0.0,-0.1,0.2,-0.275,21,22,27,25,26,18,9,18,27,29,28,26,31,22,21,24,440,1902,2415,652,275,114,68,167,6.0,0.383,0.617,0.307,0.777,0.364,0
6.975,26.475,37.5,13.0,4.1,1.975,1.575,2.25,0.1,2.575,13.225,2.1,0.4,-0.125,-0.2,-0.35,18,20,26,21,20,19,20,19,25,25,28,27,26,27,28,26,384,1546,2421,830,263,126,103,136,6.0,0.383,0.617,0.306,0.777,0.365,0
7.075,29.05,50.725,15.1,4.5,1.85,1.375,1.9,-1.1,4.075,6.825,-1.2,0.925,0.2,0.05,0.1,14,17,22,18,12,16,15,15,25,22,25,25,23,27,24,20,384,1417,2962,881,255,114,91,101,6.0,0.383,0.617,0.305,0.776,0.365,0
5.975,33.125,57.55,13.9,5.425,2.05,1.425,2.0,1.45,-3.875,-18.675,-3.4,0.175,0.225,0.05,0.175,15,18,23,19,16,10,4,16,26,21,24,26,24,21,21,18,342,1618,3248,796,300,113,79,107,6.0,0.383,0.617,0.304,0.776,0.364,0
7.425,29.25,38.875,10.5,5.6,2.275,1.475,2.175,1.1,-7.425,-8.175,0.875,-0.7,-0.275,-0.3,0.0,19,23,25,20,19,13,5,18,29,24,27,25,27,20,21,21,431,1641,2433,631,333,133,82,121,6.0,0.383,0.617,0.304,0.775,0.363,0
8.525,21.825,30.7,11.375,4.9,2.0,1.175,2.175,-0.825,5.3,4.55,-0.9,-0.1,-0.275,0.175,-0.075,19,24,26,21,17,16,11,17,25,28,27,23,25,21,21,24,496,1363,1959,750,294,125,70,123,6.0,0.383,0.617,0.303,0.775,0.363,0
7.7,27.125,35.25,10.475,4.8,1.725,1.35,2.1,0.825,10.0,5.675,-1.6,0.45,0.325,0.175,0.225,20,19,18,19,19,13,16,19,23,23,27,22,22,19,24,25,474,1621,1881,656,267,100,76,135,6.0,0.383,0.617,0.302,0.776,0.364,0
8.525,37.125,40.925,8.875,5.25,2.05,1.525,2.325,-0.025,-2.275,9.925,2.45,1.275,0.65,-0.05,-0.05,25,20,14,23,19,11,13,19,26,26,24,26,22,18,23,24,563,2272,1905,547,310,112,89,148,6.0,0.383,0.617,0.302,0.777,0.364,0
8.5,34.85,50.85,11.325,6.525,2.7,1.475,2.275,-0.15,-5.25,-3.05,1.75,0.5,0.25,0.025,-0.2,24,20,25,21,22,21,11,17,27,28,26,29,26,20,19,23,567,2093,3074,754,407,149,88,141,6.0,0.383,0.617,0.302,0.778,0.364,0
8.35,29.6,47.8,13.075,7.025,2.95,1.5,2.075,-0.375,-5.275,-9.175,1.2,-1.15,-0.325,-0.1,0.425,22,20,25,18,23,23,13,20,25,25,24,26,28,25,23,24,491,1729,2799,851,444,179,88,128,6.0,0.383,0.617,0.302,0.778,0.365,0
7.975,24.325,38.625,14.275,5.875,2.625,1.4,2.5,0.25,5.5,0.625,-0.8,-1.175,-0.55,-0.025,0.15,17,18,22,19,20,13,11,19,24,24,21,26,22,18,22,23,438,1412,2141,929,370,146,86,146,6.0,0.383,0.617,0.301,0.779,0.365,0
8.225,29.825,39.25,13.475,4.7,2.075,1.375,2.65,-0.1,1.1,-0.025,-0.6,-0.775,-0.375,0.0,-0.3,19,18,21,22,18,5,8,17,25,31,23,26,21,13,23,22,511,1716,2160,856,267,92,79,149,6.0,0.383,0.617,0.301,0.78,0.365,0
8.125,30.925,39.225,12.875,3.925,1.7,1.375,2.35,-2.05,-7.55,-4.275,0.7,-0.45,-0.05,-0.025,-0.075,22,22,21,23,20,8,12,16,27,31,25,24,25,16,28,19,538,2004,2287,825,255,89,82,131,6.0,0.383,0.617,0.3,0.78,0.365,0
6.075,23.375,34.95,13.575,3.475,1.65,1.35,2.275,0.925,2.5,-2.725,-2.375,0.35,0.475,0.15,-0.075,20,19,24,20,20,14,13,18,27,25,29,24,22,22,23,17,396,1482,2202,796,220,100,75,126,6.0,0.383,0.617,0.3,0.78,0.364,0
7.0,25.875,32.225,11.2,3.825,2.125,1.5,2.2,0.625,8.175,8.05,-0.95,0.35,-0.075,0.025,-0.4,22,18,25,21,18,16,14,21,27,23,32,21,21,24,18,23,475,1471,2094,654,239,132,81,132,6.0,0.383,0.617,0.299,0.78,0.364,0
7.625,34.05,40.275,10.25,4.175,2.05,1.525,1.8,0.525,-2.75,3.75,3.675,0.75,0.05,0.125,0.175,22,25,22,22,17,12,13,13,27,26,30,20,20,22,19,27,491,2240,2582,577,247,122,89,123,6.0,0.383,0.617,0.298,0.779,0.363,0
8.15,31.3,44.025,13.925,4.925,2.1,1.65,1.975,-0.25,-9.325,-10.0,-2.95,-0.55,-0.05,-0.15,0.025,20,23,20,26,18,11,11,13,26,27,26,27,22,27,23,26,493,2005,2781,828,271,125,105,139,6.0,0.383,0.617,0.297,0.779,0.363,0
7.9,21.975,34.025,10.975,4.375,2.05,1.5,2.0,-3.925,-11.75,-19.675,-7.225,-2.175,-0.625,-0.5,-0.75,16,15,22,19,17,15,8,15,27,25,26,26,23,27,20,21,524,1325,2300,738,259,131,92,131,6.0,0.383,0.617,0.278,0.763,0.289,0
3.975,10.225,14.35,3.75,2.2,1.425,1.0,1.25,-2.775,-8.85,-12.725,-2.2,-1.0,-0.3,-0.025,-0.25,10,13,17,11,11,13,2,6,24,22,23,15,22,22,13,14,257,690,896,205,127,74,51,66,6.0,0.383,0.617,0.229,0.724,0.102,0
1.2,1.375,1.625,1.55,1.2,1.125,0.975,1.0,-0.225,-0.275,-0.175,-0.025,-0.1,-0.175,0.0,-0.05,8,12,11,12,9,5,4,3,18,24,18,13,18,16,13,18,64,90,86,72,51,48,42,41,6.0,0.383,0.617,0.201,0.7,-0.011,0
0.975,1.1,1.45,1.525,1.1,0.95,0.975,0.95,0.175,-0.125,0.1,-0.075,-0.2,0.0,0.025,-0.025,6,9,9,14,10,1,7,6,14,26,21,20,13,15,13,19,45,70,81,87,45,45,41,43,6.0,0.383,0.617,0.202,0.699,-0.011,0
1.15,0.975,1.55,1.45,0.9,0.95,1.0,0.925,-0.05,0.225,-0.05,0.025,0.075,0.15,0.075,0.125,10,7,10,16,6,2,9,5,20,19,23,26,16,23,13,17,61,51,96,100,41,54,46,45,6.0,0.383,0.617,0.202,0.699,-0.011,0
1.1,1.2,1.5,1.475,0.975,1.1,1.075,1.05,-0.15,0.05,1.025,0.6,0.425,0.225,0.0,0.125,10,6,11,8,0,1,11,3,23,20,22,19,15,18,17,20,58,57,95,72,31,41,50,47,6.0,0.383,0.617,0.202,0.699,-0.009,0
0.95,1.25,2.525,2.075,1.4,1.325,1.075,1.175,0.6,3.125,17.6,1.675,1.925,0.65,0.25,0.3,6,7,11,7,3,7,4,6,21,20,21,18,12,12,16,18,47,71,156,88,51,49,46,49,6.0,0.383,0.617,0.202,0.7,-0.009,0
1.55,4.375,20.125,3.75,3.325,1.975,1.325,1.475,0.275,2.125,10.15,0.4,0.375,0.05,0.175,-0.1,12,14,15,15,9,18,5,12,17,24,24,19,17,24,19,20,82,228,1292,223,183,115,69,62,6.0,0.383,0.617,0.205,0.702,-0.011,0
1.825,6.5,30.275,4.15,3.7,2.025,1.5,1.375,-0.1,-0.85,-6.8,-0.775,-1.35,-0.35,-0.225,-0.375,15,19,19,19,12,16,8,11,18,26,28,20,20,24,14,16,104,342,1867,250,212,112,70,62,6.0,0.383,0.617,0.214,0.708,-0.008,0
1.725,5.65,23.475,3.375,2.35,1.675,1.275,1.0,-0.175,-0.65,-3.675,-0.1,-0.625,-0.15,-0.275,-0.175,13,17,19,15,12,10,10,6,22,26,28,19,19,15,17,8,97,304,1372,193,116,72,62,41,6.0,0.383,0.617,0.232,0.718,0.008,0
1.55,5.0,19.8,3.275,1.725,1.525,1.0,0.825,-0.275,-0.95,-3.65,-0.6,-0.225,-0.375,0.0,0.025,13,24,22,19,17,10,8,8,24,28,26,23,20,21,20,8,83,301,1124,205,94,76,62,36,6.0,0.383,0.617,0.26,0.733,0.043,0
1.275,4.05,16.15,2.675,1.5,1.15,1.0,0.85,0.075,-0.2,0.425,-0.25,0.175,0.025,0.15,0.3,11,29,20,18,13,7,4,8,24,26,20,25,18,20,11,12,68,270,766,160,83,60,45,40,6.0,0.383,0.617,0.287,0.749,0.096,0
1.35,3.85,16.575,2.425,1.675,1.175,1.15,1.15,0.6,1.3,4.625,0.175,0.025,0.175,-0.075,0.15,10,20,19,14,9,7,4,10,23,24,24,24,17,18,10,21,76,262,939,150,92,55,36,61,6.0,0.383,0.617,0.308,0.762,0.16,0
1.95,5.15,21.2,2.6,1.7,1.35,1.075,1.3,3.65,9.45,17.675,2.15,0.3,0.05,0.0,0.5,10,12,19,14,10,9,3,12,17,21,22,23,17,17,9,23,95,310,1250,162,81,56,36,67,6.0,0.383,0.617,0.32,0.774,0.226,0
5.6,14.6,38.875,4.75,2.0,1.4,1.075,1.8,3.9,13.125,14.675,3.75,0.85,0.275,0.25,0.4,17,18,20,13,12,9,5,11,20,19,23,22,18,14,8,25,343,857,2204,252,87,55,40,95,6.0,0.383,0.617,0.322,0.78,0.284,0
9.5,27.725,53.55,8.5,2.85,1.675,1.325,2.2,-0.25,7.45,-3.45,2.6,1.625,0.45,0.15,-0.175,24,24,22,25,13,8,9,12,27,24,23,27,17,18,17,25,687,1739,3236,569,142,88,65,125,6.0,0.383,0.617,0.315,0.779,0.329,0
9.25,35.175,50.1,11.1,4.475,2.125,1.475,2.025,-0.475,0.075,1.45,6.925,2.8,0.6,0.525,0.175,22,22,24,23,20,15,12,11,24,27,24,30,23,26,25,19,628,2156,3084,725,274,137,90,116,6.0,0.383,0.617,0.307,0.773,0.355,0
8.775,35.25,51.55,18.025,7.275,2.725,2.0,2.2,0.85,1.825,0.425,1.475,0.325,-0.05,2.225,0.4,16,23,18,19,23,21,16,16,20,28,26,25,30,27,25,23,509,2204,2650,1126,469,185,128,144,6.0,0.383,0.617,0.304,0.768,0.363,0
9.625,37.075,51.975,19.5,7.6,2.675,4.225,2.6,-0.7,-0.4,-7.15,-3.325,-1.8,-0.175,-0.225,0.0,16,21,17,20,18,17,19,20,25,26,28,28,25,24,25,25,555,2209,2501,1252,469,172,264,182,6.0,0.383,0.617,0.305,0.767,0.364,0
8.925,36.675,44.825,16.175,5.8,2.5,4.0,2.6,-0.425,2.425,-1.45,-0.25,-0.45,-0.05,-2.225,-0.15,20,20,22,18,19,16,16,17,26,24,27,28,26,25,24,23,521,2129,2442,945,333,148,241,163,6.0,0.383,0.617,0.305,0.767,0.364,0
8.5,39.1,43.375,15.925,5.35,2.45,1.775,2.45,0.95,5.0,5.425,2.675,0.725,0.1,-0.15,-0.025,16,24,24,25,23,19,12,20,17,25,26,27,26,25,23,23,466,2431,2705,972,317,144,97,153,6.0,0.383,0.617,0.304,0.767,0.364,0
9.45,44.1,48.8,18.6,6.075,2.55,1.625,2.425,0.275,-2.325,-2.9,3.25,1.8,0.4,0.2,0.075,15,24,25,26,24,16,12,21,17,27,26,27,26,22,19,24,515,2830,3061,1239,376,148,91,155,6.0,0.383,0.617,0.302,0.766,0.363,0
9.725,41.775,45.9,21.85,7.875,2.95,1.825,2.5,1.2,-3.025,-6.85,-5.1,-1.675,-0.35,0.0,0.275,17,19,24,20,22,14,9,18,24,23,25,23,29,23,16,23,610,2216,2760,1351,500,181,101,160,6.0,0.383,0.617,0.3,0.765,0.362,0
10.925,38.75,39.05,16.75,6.2,2.6,1.825,2.775,-1.1,-2.85,4.175,0.125,-1.225,-0.275,-0.2,-0.275,20,24,21,20,16,10,10,18,28,25,25,22,33,25,19,25,736,2126,2425,987,407,160,97,196,6.0,0.383,0.617,0.299,0.764,0.362,0
9.825,35.9,43.225,16.875,4.975,2.325,1.625,2.5,-2.6,-5.175,-5.25,-0.075,1.175,0.175,0.0,-0.425,21,25,20,19,11,13,15,18,25,27,28,24,28,26,23,25,617,2258,2566,973,297,130,87,165,6.0,0.383,0.617,0.299,0.765,0.362,0
7.225,30.725,37.975,16.8,6.15,2.5,1.625,2.075,1.625,-6.15,-1.3,-4.3,0.075,0.375,0.25,0.425,20,19,18,16,15,24,19,16,24,26,23,23,26,28,25,23,411,1791,2010,963,389,158,99,128,6.0,0.383,0.617,0.298,0.764,0.362,0
8.85,24.575,36.675,12.5,6.225,2.875,1.875,2.5,1.0,-1.475,6.025,3.3,0.25,0.125,-0.075,0.075,23,18,15,14,21,25,15,14,27,26,24,19,27,29,27,25,590,1473,1792,599,406,191,118,162,6.0,0.383,0.617,0.298,0.764,0.361,0
9.85,23.1,42.7,15.8,6.475,3.0,1.8,2.575,-1.7,1.825,4.925,-0.2,-0.725,-0.45,-0.175,-0.175,26,11,18,19,24,22,10,12,27,27,28,24,31,31,24,21,676,1300,2292,903,458,196,108,158,6.0,0.383,0.617,0.298,0.764,0.361,0
8.15,24.925,47.625,15.6,5.75,2.55,1.625,2.4,-0.325,6.9,-1.975,-1.6,-0.175,-0.025,-0.1,0.2,24,15,19,23,23,19,12,17,25,23,25,27,28,24,18,20,517,1332,2602,978,376,146,83,140,6.0,0.383,0.617,0.298,0.764,0.361,0
7.825,31.825,45.65,14.0,5.575,2.525,1.525,2.6,1.25,3.45,-6.15,2.5,-0.1,-0.05,0.025,-0.075,20,22,18,19,23,21,14,20,21,23,22,25,28,25,17,25,463,1885,2414,855,378,167,91,162,6.0,0.383,0.617,0.298,0.764,0.361,0
9.075,35.275,39.5,16.5,5.475,2.475,1.55,2.525,-1.3,-0.175,3.325,0.05,-0.925,-0.475,0.05,-0.55,18,26,22,20,19,20,15,15,24,26,24,23,28,28,23,23,574,2304,2339,933,377,169,98,147,6.0,0.383,0.617,0.298,0.764,0.361,0
7.775,35.1,42.825,16.55,4.55,2.0,1.6,1.975,-1.0,-0.875,-2.075,-1.425,-0.25,-0.15,-0.075,-0.1,19,25,29,18,16,17,14,15,29,28,28,23,25,23,22,21,513,2120,2982,896,260,119,86,117,6.0,0.383,0.617,0.297,0.764,0.361,0
6.775,34.225,40.75,15.125,4.3,1.85,1.525,1.875,0.6,0.125,-4.8,-1.025,0.725,0.25,-0.025,0.35,22,23,28,20,20,17,9,16,27,28,29,25,26,19,17,24,425,1867,2814,846,261,107,80,121,6.0,0.383,0.617,0.297,0.764,0.361,0
7.375,34.35,35.95,14.1,5.025,2.1,1.5,2.225,-0.975,1.6,-2.5,0.325,0.5,0.35,-0.05,-0.175,21,23,26,19,21,13,9,15,28,28,27,21,26,21,20,25,445,1938,2335,703,287,115,79,131,6.0,0.383,0.617,0.296,0.764,0.36,0
6.4,35.95,33.45,14.425,5.525,2.45,1.45,2.05,-0.3,-1.9,-1.475,-0.3,-0.225,-0.025,0.15,0.2,18,24,24,23,20,16,8,18,26,29,29,23,26,23,21,24,373,2235,2294,819,304,131,68,123,6.0,0.383,0.617,0.296,0.763,0.36,0
1.075,0.875,1.225,1.1,1.0,0.975,0.85,0.925,-0.275,0.0,-0.025,-0.15,0.075,-0.075,-0.025,-0.025,1,1,5,5,4,9,6,3,18,13,16,19,14,17,17,16,47,33,41,51,39,57,39,45,7.0,0.383,1.0,0.201,0.653,-0.042,0
0.8,0.875,1.2,0.95,1.075,0.9,0.825,0.9,-0.025,0.15,0.05,0.025,-0.075,0.125,0.15,0.05,1,2,7,4,6,6,5,3,15,16,22,15,18,14,16,17,43,41,57,39,47,43,36,41,7.0,0.383,1.0,0.201,0.652,-0.042,0
0.775,1.025,1.25,0.975,1.0,1.025,0.975,0.95,0.425,0.625,4.175,0.7,0.35,0.35,0.15,0.0,5,4,7,2,4,6,4,2,17,16,25,16,17,12,15,16,45,38,61,43,43,39,36,43,7.0,0.383,1.0,0.201,0.653,-0.042,0
1.2,1.65,5.425,1.675,1.35,1.375,1.125,0.95,0.2,0.425,2.65,1.25,0.575,0.25,0.05,0.125,7,12,16,9,9,12,8,3,13,17,20,23,22,20,20,15,48,85,337,106,81,66,53,47,7.0,0.383,1.0,0.202,0.656,-0.038,0
1.4,2.075,8.075,2.925,1.925,1.625,1.175,1.075,-0.1,-0.075,-1.75,0.225,0.025,-0.225,-0.125,-0.025,4,17,22,16,16,14,8,6,15,16,24,24,22,21,24,14,51,125,532,181,124,82,62,46,7.0,0.383,1.0,0.225,0.694,0.004,0
1.3,2.0,6.325,3.15,1.95,1.4,1.05,1.05,-0.25,-0.25,-0.925,-0.95,-0.45,-0.3,-0.15,-0.25,3,16,20,17,13,9,6,6,20,21,26,22,21,13,26,14,55,126,396,175,111,59,55,41,7.0,0.383,1.0,0.26,0.755,0.067,0
1.05,1.75,5.4,2.2,1.5,1.1,0.9,0.8,-0.1,-0.275,1.5,-0.425,-0.075,0.15,0.0,0.075,4,15,18,15,8,7,6,3,16,26,27,22,18,15,25,11,47,103,280,117,79,51,54,32,7.0,0.383,1.0,0.28,0.803,0.109,0
0.95,1.475,6.9,1.775,1.425,1.25,0.9,0.875,0.55,1.275,2.725,0.425,0.025,-0.025,-0.025,-0.05,2,10,17,12,5,7,3,4,11,20,25,21,15,16,15,17,39,72,335,92,63,60,45,40,7.0,0.383,1.0,0.293,0.86,0.152,0
1.5,2.75,9.625,2.2,1.45,1.225,0.875,0.825,4.925,19.475,18.375,3.75,1.275,0.6,0.775,0.75,9,8,20,14,10,6,1,3,21,17,26,19,18,16,13,14,93,132,577,116,66,60,40,38,7.0,0.383,1.0,0.3,0.928,0.206,0
6.425,22.225,28.0,5.95,2.725,1.825,1.65,1.575,7.025,24.475,27.85,9.375,1.95,0.925,0.525,1.7,21,16,23,17,22,9,13,7,31,23,31,23,24,16,23,14,427,1406,1636,304,170,100,97,89,7.0,0.383,1.0,0.296,0.973,0.254,0
13.45,46.7,55.85,15.325,4.675,2.75,2.175,3.275,2.225,-1.825,4.425,3.025,0.4,0.025,-0.1,0.975,23,23,22,19,23,18,18,17,25,30,28,25,23,21,26,24,855,3006,3119,891,282,165,134,194,7.0,0.383,1.0,0.288,0.982,0.277,0
15.675,44.875,60.275,18.35,5.075,2.775,2.075,4.25,-0.3,-11.2,-8.475,-5.45,-0.6,-0.55,-0.2,-0.375,20,22,18,22,21,21,9,23,23,28,28,26,21,25,22,25,944,2641,3150,1124,313,171,119,250,7.0,0.383,1.0,0.284,0.98,0.282,0
15.375,33.675,51.8,12.9,4.475,2.225,1.875,3.875,-2.0,-2.525,-0.05,-1.175,-0.125,-0.075,0.025,-0.35,20,20,14,20,20,15,6,20,26,24,27,22,21,22,16,23,943,2056,2561,755,258,136,100,237,7.0,0.383,1.0,0.284,0.98,0.284,0
13.375,31.15,51.75,11.725,4.35,2.15,1.9,3.525,-1.425,5.025,-4.675,0.75,0.675,0.425,0.5,0.075,19,26,16,24,17,8,13,18,25,30,27,24,23,22,20,25,856,2101,2615,719,254,122,111,232,7.0,0.383,1.0,0.284,0.98,0.284,0
11.95,36.175,47.075,12.475,5.025,2.575,2.4,3.6,-0.775,4.275,4.3,0.775,0.8,0.375,-0.3,-0.35,21,28,23,27,15,13,20,20,26,31,29,28,24,29,29,28,733,2374,2767,794,300,150,151,227,7.0,0.383,1.0,0.284,0.982,0.285,0
11.175,40.45,51.375,13.25,5.825,2.95,2.1,3.25,-1.3,-3.725,8.35,1.325,0.575,0.225,-0.2,0.25,22,22,28,23,19,19,18,18,26,25,27,26,23,28,25,21,671,2553,3572,841,347,179,138,173,7.0,0.383,1.0,0.284,0.983,0.284,0
9.875,36.725,59.725,14.575,6.4,3.175,1.9,3.5,-0.625,0.075,-9.65,0.65,-0.975,-0.525,0.025,-0.45,22,19,23,20,23,21,16,18,27,22,24,24,27,25,23,22,629,2337,3599,880,418,199,123,188,7.0,0.383,1.0,0.284,0.984,0.284,0
9.25,36.8,50.075,15.225,5.425,2.65,1.925,3.05,-1.575,-4.15,-6.175,-0.975,0.2,-0.15,0.075,-0.675,25,20,19,22,21,20,18,17,27,26,22,26,28,23,24,26,625,2441,2758,967,366,168,116,177,7.0,0.383,1.0,0.283,0.984,0.285,0
7.675,32.65,43.9,14.25,5.625,2.5,2.0,2.375,-1.0,-6.9,3.35,-3.225,-0.25,-0.3,-0.175,0.05,21,22,20,30,16,14,18,11,23,31,24,31,22,21,21,24,431,2133,2635,992,318,134,112,127,7.0,0.383,1.0,0.283,0.984,0.284,0
6.675,25.75,47.25,11.025,5.375,2.2,1.825,2.425,0.2,3.175,-2.325,-0.075,-0.675,-0.05,-0.375,0.125,20,19,23,26,20,12,15,17,26,24,27,31,25,24,19,26,371,1514,2906,784,331,128,93,140,7.0,0.383,1.0,0.283,0.985,0.284,0
6.875,28.925,44.925,10.95,4.7,2.15,1.45,2.55,2.525,0.3,-9.5,0.075,0.35,0.425,0.475,0.6,17,17,24,17,20,14,9,18,24,22,27,21,26,22,18,22,352,1682,2682,620,290,119,79,152,7.0,0.383,1.0,0.283,0.985,0.283,0
9.4,29.225,35.425,11.025,5.05,2.575,1.925,3.15,-3.05,-14.825,-19.125,-5.675,-2.3,-0.8,-0.25,-0.925,16,19,25,18,21,17,13,15,19,29,25,20,28,23,22,18,488,1695,2246,607,296,147,116,166,7.0,0.383,1.0,0.274,0.955,0.254,0
6.35,14.4,16.3,5.35,2.75,1.775,1.675,2.225,-5.225,-12.825,-15.125,-4.275,-1.725,-0.725,-0.725,-1.275,11,16,14,10,13,10,15,10,22,22,22,17,24,16,23,19,352,830,1135,316,157,89,91,101,7.0,0.383,1.0,0.227,0.806,0.116,0
1.125,1.575,1.175,1.075,1.025,1.05,0.95,0.95,0.0,-0.175,0.15,0.175,0.05,0.0,0.025,0.025,6,7,4,2,4,5,7,3,24,22,18,14,14,17,17,12,68,77,55,49,36,46,45,39,7.0,0.383,1.0,0.19,0.686,0.006,0
1.125,1.4,1.325,1.25,1.075,1.05,0.975,0.975,-0.1,-0.275,0.025,0.125,0.225,0.025,0.0,0.025,7,7,5,4,4,9,0,8,18,26,18,17,16,21,8,14,59,67,59,64,38,58,25,45,7.0,0.383,1.0,0.19,0.685,0.006,0
1.025,1.125,1.35,1.375,1.3,1.075,0.975,1.0,0.05,0.325,0.175,0.725,0.8,0.3,-0.05,0.0,7,7,7,7,5,6,2,9,18,25,20,15,20,18,6,17,54,57,58,66,49,55,27,49,7.0,0.383,1.0,0.19,0.685,0.005,0
1.075,1.45,1.525,2.1,2.1,1.375,0.925,1.0,0.175,0.5,3.4,1.25,1.375,0.575,0.225,0.0,6,10,6,10,12,5,3,3,19,24,17,20,19,16,7,13,57,81,68,109,98,64,33,41,7.0,0.383,1.0,0.191,0.686,0.003,0
1.25,1.95,4.925,3.35,3.475,1.95,1.15,1.0,0.175,0.8,11.2,1.5,0.95,0.275,0.275,0.125,5,9,13,15,17,11,8,4,20,19,21,24,22,21,17,10,62,109,263,205,216,105,60,42,7.0,0.383,1.0,0.193,0.689,-0.001,0
1.425,2.75,16.125,4.85,4.425,2.225,1.425,1.125,-0.05,1.275,6.75,0.525,-0.625,-0.375,-0.15,0.0,6,10,22,14,19,13,13,8,21,20,22,21,25,25,23,15,74,166,944,272,300,136,86,60,7.0,0.383,1.0,0.203,0.701,-0.008,0
1.375,4.025,22.875,5.375,3.8,1.85,1.275,1.125,-0.125,0.575,-4.75,0.1,-0.35,-0.175,0.05,-0.025,6,17,23,14,18,12,8,6,17,25,25,21,24,20,22,19,68,253,1355,282,235,106,76,58,7.0,0.383,1.0,0.219,0.723,-0.012,0
1.25,4.6,18.125,5.475,3.45,1.675,1.325,1.1,0.175,0.375,0.3,-0.475,-0.425,-0.125,0.025,-0.15,5,18,24,16,18,12,8,9,19,24,29,26,24,19,24,19,66,272,1173,301,202,92,70,55,7.0,0.383,1.0,0.242,0.752,-0.003,0
1.425,4.975,18.425,5.0,3.025,1.55,1.35,0.95,0.25,1.275,2.125,-1.6,-0.475,-0.05,-0.175,-0.075,9,22,24,21,16,9,12,10,16,20,25,27,22,22,19,16,76,288,1194,300,166,90,61,51,7.0,0.383,1.0,0.276,0.804,0.033,0
1.675,6.25,20.55,3.4,2.55,1.5,1.175,0.875,0.375,0.7,-1.15,0.275,0.275,0.05,0.0,0.2,16,24,25,18,12,8,9,3,15,24,27,22,17,17,12,14,81,354,1333,191,114,73,45,35,7.0,0.383,1.0,0.304,0.86,0.081,0
2.05,6.95,19.4,3.675,2.825,1.55,1.175,1.075,1.25,3.2,11.0,2.375,-0.05,0.15,0.375,0.925,19,24,23,18,17,11,6,3,18,26,28,24,19,16,14,18,114,436,1204,234,142,80,53,47,7.0,0.383,1.0,0.318,0.917,0.141,0
3.3,10.15,30.4,6.05,2.775,1.7,1.55,2.0,2.225,7.175,14.925,3.8,1.575,0.825,0.575,0.825,20,21,23,21,17,15,11,12,22,22,26,26,19,20,20,27,200,570,1848,397,155,103,85,117,7.0,0.383,1.0,0.323,0.972,0.201,0
5.525,17.325,45.325,9.85,4.35,2.525,2.125,2.825,4.4,7.05,10.05,2.0,1.075,0.425,-0.1,0.15,19,21,23,23,17,19,19,18,26,23,24,22,19,24,20,28,316,957,2625,622,241,151,110,167,7.0,0.383,1.0,0.319,0.998,0.235,0
9.925,24.375,55.375,11.85,5.425,2.95,2.025,2.975,2.025,7.6,-1.125,-1.25,0.0,-0.125,-0.25,0.15,22,23,20,23,18,17,18,20,26,23,24,23,21,24,20,21,635,1448,3178,742,324,172,108,183,7.0,0.383,1.0,0.312,1.01,0.259,0
11.95,31.975,54.25,10.6,5.425,2.825,1.775,3.125,-1.425,2.725,-8.65,-0.45,-0.125,-0.15,0.1,-0.425,24,20,22,21,17,18,12,18,25,20,28,27,22,25,21,16,770,1787,3408,657,348,171,99,176,7.0,0.383,1.0,0.303,1.015,0.277,0
10.525,34.7,45.6,10.15,5.3,2.675,1.875,2.7,-0.95,-4.0,-6.125,0.2,-0.45,-0.175,-0.05,-0.15,22,20,21,24,20,15,10,12,27,25,25,29,25,25,20,17,687,1962,2830,622,352,167,101,149,7.0,0.383,1.0,0.297,1.018,0.288,0
9.575,30.7,39.475,10.35,4.85,2.5,1.825,2.55,-0.3,7.025,-2.05,1.4,0.95,0.425,0.125,0.475,20,19,21,25,21,11,9,13,26,28,22,22,25,25,19,21,579,1733,2419,615,296,148,86,135,7.0,0.383,1.0,0.295,1.019,0.295,0
9.275,37.725,37.425,11.75,5.8,2.925,1.95,3.025,1.0,2.0,3.05,0.275,-0.85,-0.525,-0.175,-0.35,22,22,21,20,18,13,13,19,25,27,24,22,26,23,20,24,605,2482,2355,664,344,158,95,171,7.0,0.383,1.0,0.295,1.018,0.298,0
10.275,39.725,40.475,12.025,4.95,2.4,1.775,2.675,-1.175,-7.675,2.175,0.775,-1.025,-0.375,-0.275,-0.6,25,24,21,19,13,12,17,23,28,26,28,23,25,22,25,28,706,2454,2500,675,328,139,104,169,7.0,0.383,1.0,0.295,1.017,0.299,0
9.1,32.05,42.65,12.8,3.925,2.025,1.5,2.075,-1.875,0.5,1.55,3.225,1.175,0.65,0.25,0.55,24,21,20,25,16,14,17,19,27,26,28,26,27,26,26,27,582,1599,2658,838,271,131,101,132,7.0,0.383,1.0,0.296,1.016,0.3,0
7.225,32.55,44.2,16.025,5.1,2.675,1.75,2.625,-0.35,2.45,-2.775,0.125,0.45,-0.25,-0.2,0.225,19,18,15,28,24,20,13,15,26,27,26,28,26,25,23,24,423,1699,2494,1042,324,164,105,146,7.0,0.383,1.0,0.296,1.017,0.301,0
6.875,35.0,41.425,16.15,5.55,2.425,1.55,2.85,0.975,1.55,2.325,-2.675,-0.275,-0.25,-0.05,-0.4,13,21,10,23,23,15,6,16,28,27,25,25,25,22,20,20,362,2017,1800,928,348,135,83,141,7.0,0.383,1.0,0.296,1.017,0.301,0
7.85,36.55,43.75,13.475,5.275,2.175,1.5,2.45,1.75,2.3,1.625,-1.35,0.275,0.525,0.075,-0.05,18,26,17,22,23,17,13,23,27,25,25,23,25,22,21,22,480,2388,2050,777,345,123,87,145,7.0,0.383,1.0,0.296,1.017,0.302,0
9.6,38.85,45.375,12.125,5.55,2.7,1.575,2.4,-0.9,-1.925,-4.925,-1.175,-0.575,-0.05,-0.1,-0.15,20,23,24,26,23,25,13,22,26,22,27,27,24,23,15,25,653,2389,2589,792,353,164,79,158,7.0,0.383,1.0,0.295,1.016,0.303,0
8.7,36.925,40.45,10.95,4.975,2.65,1.475,2.25,0.275,-0.675,1.375,0.075,0.25,-0.2,0.3,0.275,20,19,24,24,24,24,10,16,27,23,27,27,27,27,14,22,562,2118,2438,685,326,169,72,132,7.0,0.383,1.0,0.295,1.015,0.303,0
8.975,36.25,41.825,11.025,5.225,2.45,1.775,2.525,-0.225,0.15,-4.45,5.275,0.575,0.025,0.15,0.1,22,18,23,18,19,17,18,18,28,25,26,23,24,24,19,24,582,2030,2443,595,315,154,102,154,7.0,0.383,1.0,0.294,1.014,0.304,0
8.75,36.4,37.375,16.3,5.8,2.475,1.925,2.625,-0.425,-0.15,1.8,1.225,-0.925,-0.3,-0.375,-0.5,23,23,23,24,20,17,20,17,31,27,28,27,26,25,22,24,606,2298,2390,985,365,165,121,170,7.0,0.383,1.0,0.294,1.014,0.304,0
8.325,36.25,39.175,17.525,4.875,2.175,1.55,2.125,-1.175,-1.475,-1.175,-3.875,0.825,0.325,-0.25,-0.2,23,24,24,24,21,14,13,15,27,27,30,27,26,21,20,21,574,2252,2693,1068,295,133,96,146,7.0,0.383,1.0,0.294,1.015,0.304,0
7.15,34.775,38.0,13.65,5.7,2.5,1.3,1.925,-0.2,1.25,-2.125,-1.825,0.65,-0.025,0.075,0.025,20,22,25,19,19,13,7,14,27,27,29,25,27,24,13,21,481,2141,2570,840,328,153,67,123,7.0,0.383,1.0,0.294,1.015,0.304,0
6.95,36.025,35.875,11.825,6.35,2.475,1.375,1.95,3.225,-1.575,2.45,0.75,-0.25,0.075,0.325,0.55,19,22,24,22,17,15,9,14,22,28,29,25,27,27,17,20,390,2295,2301,748,359,154,76,113,7.0,0.383,1.0,0.294,1.016,0.304,0
10.175,34.45,38.325,12.575,6.1,2.55,1.7,2.5,-1.4,-2.95,1.875,1.05,-1.3,-0.175,-0.05,-0.1,22,23,19,22,16,14,16,15,22,28,23,23,26,18,21,16,586,2224,2328,702,338,141,97,123,7.0,0.383,1.0,0.294,1.016,0.303,0
8.775,31.5,40.2,13.625,4.8,2.375,1.65,2.4,-2.5,0.35,6.525,-0.05,-1.15,-0.425,-0.075,-0.325,25,21,21,23,17,18,14,16,26,23,22,26,26,22,23,19,554,1741,2513,826,305,143,92,127,7.0,0.383,1.0,0.293,1.015,0.302,0
6.275,31.85,46.725,13.575,3.65,1.95,1.575,2.075,-1.575,2.15,-0.225,-1.675,1.0,0.225,0.05,0.05,19,22,18,25,16,16,13,14,20,26,22,27,25,23,25,24,358,1815,2682,842,219,117,80,121,7.0,0.383,1.0,0.293,1.015,0.302,0
4.7,34.0,46.5,11.9,4.65,2.175,1.625,2.125,0.175,1.925,-1.325,-1.65,0.2,0.225,-0.2,-0.125,16,23,20,24,22,16,12,17,20,29,27,28,27,25,25,25,245,2058,2720,724,297,147,80,129,7.0,0.383,1.0,0.292,1.015,0.302,0
4.875,35.925,45.175,10.25,4.85,2.4,1.425,2.0,-0.9,-19.3,-22.875,-4.35,-2.05,-0.65,-0.25,-0.45,22,18,22,23,24,16,6,15,29,27,30,32,25,26,24,24,318,2147,2975,705,320,159,73,128,7.0,0.383,1.0,0.287,0.999,0.287,0
3.975,16.625,22.3,5.9,2.8,1.75,1.175,1.55,-2.525,-14.875,-21.1,-4.425,-1.625,-0.95,-0.3,-0.425,15,14,15,19,13,7,3,11,27,27,26,28,19,16,21,25,240,1089,1451,406,159,90,60,99,7.0,0.383,1.0,0.245,0.843,0.133,0
1.45,1.75,1.2,1.475,1.175,0.8,0.875,1.125,-0.2,-0.3,0.05,-0.25,-0.25,0.1,0.075,0.05,10,12,10,11,5,1,4,10,19,23,16,21,18,11,16,19,82,97,59,77,50,30,41,58,7.0,0.383,1.0,0.208,0.701,-0.006,0
1.25,1.45,1.25,1.225,0.925,0.9,0.95,1.175,0.175,-0.075,0.375,0.575,0.775,0.6,0.4,-0.05,11,12,5,7,2,3,8,10,18,22,16,17,21,13,19,16,73,78,52,62,47,36,49,52,7.0,0.383,1.0,0.207,0.701,-0.007,0
1.425,1.375,1.625,1.8,1.7,1.5,1.35,1.125,0.025,0.125,0.25,1.2,1.05,0.325,0.025,-0.025,9,11,6,9,5,6,7,10,22,20,21,20,20,20,19,18,70,72,87,106,84,61,64,53,7.0,0.383,1.0,0.207,0.701,-0.008,0
1.45,1.5,1.875,3.0,2.75,1.825,1.375,1.1,0.2,1.675,7.075,1.925,1.075,0.125,-0.025,0.35,10,9,6,14,15,12,7,11,27,20,19,29,21,24,17,18,68,69,99,185,145,95,68,51,7.0,0.383,1.0,0.21,0.703,-0.01,0
1.65,3.175,8.95,4.925,3.825,1.95,1.35,1.45,0.275,0.975,3.7,0.875,1.125,0.675,0.3,0.1,9,14,19,17,10,11,11,10,22,23,24,24,19,19,16,18,88,163,653,304,200,100,74,69,7.0,0.383,1.0,0.218,0.711,-0.012,0
1.925,4.15,12.65,5.8,4.95,2.625,1.65,1.55,-0.375,-0.7,-2.05,-1.425,-0.5,-0.175,0.075,-0.275,9,18,25,16,6,10,11,9,17,24,26,19,16,17,17,15,104,255,856,346,260,117,85,72,7.0,0.383,1.0,0.231,0.727,-0.012,0
1.55,3.45,10.6,4.375,4.45,2.45,1.725,1.275,-0.425,0.35,4.85,-1.025,-1.575,-0.825,-0.25,-0.25,10,14,20,15,13,13,12,9,20,24,26,22,20,16,16,18,78,203,679,238,221,104,72,59,7.0,0.383,1.0,0.26,0.762,-0.005,0
1.125,3.8,15.45,3.35,2.875,1.625,1.475,1.025,0.325,1.1,1.325,-0.375,-0.95,-0.3,-0.2,-0.125,9,19,23,15,15,12,10,8,27,23,30,21,22,19,16,21,64,227,1044,181,131,77,52,57,7.0,0.383,1.0,0.295,0.807,0.012,0
1.45,4.9,16.775,2.975,1.925,1.325,1.275,0.9,0.2,-0.35,-1.5,-0.875,-0.1,-0.15,-0.025,0.025,15,19,24,15,14,9,8,3,25,26,27,21,19,19,17,17,86,328,1057,181,91,72,50,47,7.0,0.383,1.0,0.319,0.845,0.043,0
1.65,4.55,15.275,2.1,1.825,1.175,1.25,0.925,-0.3,0.05,-0.3,0.3,0.275,0.125,-0.125,-0.15,20,20,23,11,15,6,5,6,26,27,27,26,19,17,14,20,101,302,946,123,100,59,48,51,7.0,0.383,1.0,0.333,0.88,0.083,0
1.35,4.6,14.975,2.4,2.1,1.3,1.125,0.775,0.175,2.875,4.075,1.25,0.325,0.15,0.1,0.075,18,25,26,13,13,5,3,6,23,28,28,26,15,18,9,15,87,282,958,139,98,56,42,42,7.0,0.383,1.0,0.339,0.916,0.13,0
1.525,7.475,19.05,3.65,2.425,1.45,1.225,0.85,1.85,9.15,14.375,2.1,0.5,0.125,0.175,0.775,14,22,24,18,12,6,9,6,17,27,24,26,22,19,13,17,90,422,980,215,128,65,52,42,7.0,0.383,1.0,0.339,0.951,0.179,0
3.375,16.625,33.425,5.75,2.925,1.575,1.4,1.625,2.75,15.925,8.975,2.725,0.175,0.25,0.225,0.775,18,17,19,16,16,9,9,13,19,24,22,23,21,18,17,21,196,904,1738,301,155,76,55,89,7.0,0.383,1.0,0.332,0.976,0.217,0
6.125,32.55,42.4,8.475,3.1,1.825,1.625,2.4,3.775,8.2,4.3,0.05,0.425,0.3,0.2,0.45,20,20,21,19,17,12,12,16,24,24,25,22,20,19,24,25,388,2005,2426,488,172,98,84,143,7.0,0.383,1.0,0.32,0.991,0.248,0
9.9,40.75,46.7,8.525,3.525,2.125,1.825,2.85,0.6,4.375,-3.55,-0.35,1.075,0.1,-0.2,-0.15,22,19,27,20,19,13,18,19,25,25,29,26,27,24,30,26,613,2478,3045,549,230,124,116,183,7.0,0.383,1.0,0.306,1.0,0.272,0
10.5,45.125,43.15,8.175,4.6,2.225,1.625,2.7,-2.375,1.875,-2.075,1.0,0.025,-0.35,-0.25,-0.75,21,17,29,19,18,14,16,17,24,25,30,27,29,24,29,22,598,2446,2972,524,304,133,104,160,7.0,0.383,1.0,0.296,1.007,0.289,0
8.125,47.0,41.075,9.175,4.625,1.875,1.375,1.95,-0.55,-3.85,6.85,2.425,-0.85,-0.2,0.075,-0.175,16,22,21,19,17,13,12,8,24,25,24,25,27,17,23,20,445,2651,2426,501,286,99,79,100,7.0,0.383,1.0,0.289,1.011,0.298,0
7.575,43.15,47.925,11.6,3.775,1.675,1.45,1.775,-0.325,-3.1,-3.875,-0.675,-0.35,0.225,0.05,0.075,14,24,20,22,19,15,12,11,23,26,24,24,23,19,20,23,452,2520,2995,699,238,92,76,109,7.0,0.383,1.0,0.286,1.012,0.302,0
7.25,40.05,44.05,10.925,3.425,1.9,1.5,1.85,-0.875,-3.85,-8.125,-2.45,0.575,0.525,0.25,0.1,13,24,25,27,16,16,12,14,20,25,27,26,23,23,21,20,424,2307,2888,724,189,97,80,108,7.0,0.383,1.0,0.285,1.012,0.304,0
6.375,36.2,35.925,8.475,4.0,2.425,1.75,1.95,-1.125,-2.25,-4.075,-0.3,-0.575,-0.225,-0.125,0.225,19,20,23,25,15,19,17,14,22,27,28,27,24,25,20,19,363,2127,2350,549,245,138,95,105,7.0,0.383,1.0,0.286,1.011,0.305,0
5.25,33.95,31.85,8.175,3.425,2.2,1.625,2.175,-0.125,1.0,0.2,-1.175,-0.7,-0.55,-0.425,-0.1,21,21,18,20,13,18,15,13,28,26,27,26,24,25,19,20,363,2111,1920,518,217,126,90,125,7.0,0.383,1.0,0.286,1.011,0.306,0
5.125,34.95,32.05,7.0,2.725,1.65,1.2,2.075,0.725,2.425,-4.05,-0.2,0.25,0.175,0.25,-0.2,16,23,19,20,13,14,9,13,25,22,30,25,24,22,21,21,307,1983,1824,454,163,102,70,114,7.0,0.383,1.0,0.287,1.011,0.306,0
5.85,37.375,28.0,6.8,2.975,1.825,1.45,1.875,0.275,3.575,0.725,0.575,-0.475,-0.125,-0.025,-0.3,19,19,19,22,18,14,12,12,25,22,28,29,23,22,22,21,339,2237,1574,467,190,106,80,102,7.0,0.383,1.0,0.287,1.012,0.306,0
6.125,40.95,28.725,7.375,2.5,1.7,1.425,1.575,0.725,4.125,10.1,-0.325,0.35,0.175,-0.075,0.05,23,17,18,20,14,14,11,7,25,24,23,30,23,22,18,17,394,2423,1648,415,153,93,70,82,7.0,0.383,1.0,0.286,1.013,0.306,0
6.85,45.075,38.825,7.05,2.85,1.875,1.35,1.625,0.325,-4.425,0.0,0.7,0.3,-0.125,0.15,0.1,27,22,22,24,10,11,10,9,28,25,25,29,24,24,20,22,468,2616,2553,390,167,105,70,89,7.0,0.383,1.0,0.286,1.013,0.306,0
7.175,40.65,38.825,7.75,3.15,1.75,1.5,1.725,-0.95,-1.825,3.175,0.55,-0.075,-0.175,0.075,0.075,27,21,24,27,12,11,7,11,26,25,27,30,28,23,18,22,477,2327,2578,490,197,96,70,99,7.0,0.383,1.0,0.286,1.013,0.306,0
6.225,38.825,42.0,8.3,3.075,1.575,1.575,1.8,0.65,1.5,6.1,-0.65,0.55,0.3,0.0,0.25,20,18,23,23,14,12,9,11,21,28,27,30,27,26,18,25,348,2053,2539,555,188,94,75,99,7.0,0.383,1.0,0.287,1.013,0.306,0
6.875,40.325,48.1,7.65,3.625,1.875,1.575,2.05,0.225,-6.275,-8.625,0.225,-0.8,-0.4,-0.3,-0.325,18,21,24,20,17,12,15,12,19,27,25,27,22,24,23,22,381,2449,2718,490,201,107,88,106,7.0,0.383,1.0,0.287,1.012,0.306,0
7.1,34.05,39.475,7.875,2.825,1.475,1.275,1.725,-0.625,2.275,-7.925,1.125,-0.5,-0.05,0.025,-0.15,16,23,21,23,19,10,10,10,19,28,28,27,22,22,19,14,388,2302,2188,482,172,82,66,81,7.0,0.383,1.0,0.287,1.012,0.306,0
6.475,36.325,31.55,9.0,2.325,1.425,1.3,1.575,-0.15,3.6,-3.675,-1.375,0.225,0.325,0.3,0.225,16,22,16,24,18,10,8,14,20,30,23,25,23,22,18,19,365,2356,1577,576,160,80,64,87,7.0,0.383,1.0,0.287,1.012,0.305,0
6.325,39.925,27.875,7.625,2.55,1.75,1.6,1.8,1.0,1.675,7.575,-1.5,-0.175,0.2,0.05,0.1,18,22,17,22,17,12,13,15,25,27,21,24,25,19,21,19,374,2469,1431,487,175,92,86,102,7.0,0.383,1.0,0.287,1.012,0.305,0
7.325,41.6,35.45,6.125,2.375,1.95,1.65,1.9,0.1,-6.475,8.775,0.125,0.575,0.225,-0.05,0.125,17,23,24,21,17,15,13,15,24,24,27,23,27,19,19,18,414,2458,2297,356,156,110,81,94,7.0,0.383,1.0,0.287,1.012,0.305,0
7.425,35.125,44.225,6.25,2.95,2.175,1.6,2.025,-0.5,1.225,-7.55,-0.05,0.55,0.05,-0.125,0.075,22,25,23,22,23,19,15,19,26,26,29,23,30,28,21,21,435,2285,2798,363,203,151,87,118,7.0,0.383,1.0,0.287,1.011,0.306,0
6.925,36.35,36.675,6.2,3.5,2.225,1.475,2.1,1.275,6.675,-7.9,1.275,-0.025,-0.125,0.15,-0.1,24,23,17,20,20,19,12,19,28,26,25,24,29,31,23,23,431,2155,2031,383,230,140,88,134,7.0,0.383,1.0,0.287,1.01,0.305,0
1.2,1.575,1.125,1.125,1.0,1.025,0.775,1.025,-0.025,-0.35,-0.1,0.05,-0.075,0.075,0.075,0.1,11,10,4,12,5,2,2,5,23,20,16,18,13,14,15,21,72,84,57,67,40,36,31,51,8.0,0.383,1.383,0.192,0.693,0.001,0
1.175,1.225,1.025,1.175,0.925,1.1,0.85,1.125,-0.025,0.1,0.175,0.5,0.425,0.0,0.125,0.05,11,6,4,9,6,7,4,6,19,18,16,18,14,14,16,19,64,64,45,65,42,40,35,51,8.0,0.383,1.383,0.192,0.692,-0.001,0
1.15,1.325,1.2,1.675,1.35,1.1,0.975,1.175,-0.15,0.2,0.2,0.2,0.45,-0.075,0.05,-0.275,6,4,7,8,10,9,6,8,13,17,15,21,19,15,14,18,56,64,52,83,57,50,43,51,8.0,0.383,1.383,0.191,0.693,-0.002,0
1.0,1.525,1.4,1.875,1.8,1.025,1.025,0.9,0.175,0.9,7.1,1.125,0.975,0.575,0.025,0.125,3,6,8,10,12,5,8,5,9,21,21,20,19,17,19,17,45,68,77,94,73,51,53,46,8.0,0.383,1.383,0.192,0.694,-0.003,0
1.175,2.425,8.5,3.0,2.775,1.6,1.05,1.025,0.175,0.175,3.25,1.4,0.825,0.325,0.025,0.175,6,15,10,17,16,10,5,3,14,26,26,18,22,23,17,18,54,143,586,180,149,89,46,48,8.0,0.383,1.383,0.195,0.696,-0.006,0
1.35,2.6,11.75,4.4,3.6,1.925,1.075,1.2,0.15,-0.675,-1.8,0.05,0.575,0.1,0.175,0.0,9,16,16,17,17,15,9,6,21,21,26,17,22,18,17,16,69,148,785,241,192,100,51,53,8.0,0.383,1.383,0.201,0.706,-0.011,0
1.5,1.925,9.95,4.45,4.175,2.025,1.25,1.2,-0.025,0.425,1.925,-0.55,-0.175,0.3,0.125,0.05,14,13,21,14,17,15,12,9,19,22,22,19,18,17,16,16,86,98,644,226,197,95,66,58,8.0,0.383,1.383,0.212,0.726,-0.011,0
1.475,2.35,11.875,3.9,4.0,2.325,1.375,1.25,-0.275,0.375,0.775,-1.0,-0.675,-0.2,0.075,-0.025,11,17,26,18,18,18,10,13,16,27,25,22,23,23,15,19,84,151,838,206,221,134,65,75,8.0,0.383,1.383,0.234,0.762,0.004,0
1.2,2.725,12.65,2.9,3.325,2.125,1.45,1.225,-0.1,-0.175,-2.225,-0.7,-0.775,-0.525,-0.225,-0.15,6,14,23,17,15,16,11,12,15,23,24,25,24,24,13,18,68,148,729,169,181,129,61,70,8.0,0.383,1.383,0.274,0.846,0.054,0
1.1,2.55,10.425,2.2,2.55,1.6,1.225,1.075,0.25,0.0,-2.85,0.2,-0.925,-0.5,-0.3,-0.025,7,15,20,15,14,10,6,6,16,19,22,23,17,21,19,17,64,131,572,135,120,89,58,56,8.0,0.383,1.383,0.309,0.942,0.111,0
1.35,2.55,7.575,2.4,1.625,1.1,0.925,1.05,1.225,2.45,4.075,0.175,-0.2,-0.025,0.075,0.125,8,22,20,18,13,6,4,3,26,26,23,19,14,17,18,20,92,177,458,126,76,59,44,60,8.0,0.383,1.383,0.321,1.013,0.147,0
2.575,5.0,11.65,2.575,1.425,1.075,1.0,1.175,1.7,4.0,12.125,0.7,0.05,0.225,0.125,0.1,14,26,22,15,8,5,8,8,25,29,28,20,15,21,16,20,160,316,721,130,58,54,49,63,8.0,0.383,1.383,0.323,1.077,0.178,0
4.275,9.0,23.775,3.275,1.475,1.3,1.125,1.275,-0.375,1.95,8.55,0.5,0.725,0.15,-0.025,0.2,18,26,26,14,11,7,6,11,18,29,29,22,18,21,15,17,249,563,1573,186,75,54,48,63,8.0,0.383,1.383,0.318,1.134,0.208,0
3.9,10.95,32.325,3.775,2.2,1.45,1.1,1.475,0.4,5.9,10.275,1.725,0.575,0.075,0.3,0.525,13,23,27,15,14,8,5,11,20,27,27,20,20,17,10,20,223,645,2190,215,124,67,43,76,8.0,0.383,1.383,0.309,1.189,0.24,0
4.3,16.85,42.6,5.5,2.775,1.525,1.4,2.0,3.825,9.375,12.2,2.05,0.475,0.4,0.725,0.95,18,22,24,13,15,10,9,13,25,25,29,20,24,18,15,20,261,1019,2849,331,165,85,75,112,8.0,0.383,1.383,0.298,1.231,0.268,0
8.125,26.225,54.8,7.55,3.25,1.925,2.125,2.95,3.525,4.525,6.975,2.775,1.275,0.65,0.15,0.85,22,24,20,18,16,16,16,20,27,23,24,21,28,22,21,23,507,1611,3226,434,201,119,129,183,8.0,0.383,1.383,0.287,1.253,0.29,0
11.65,30.75,61.775,10.325,4.525,2.575,2.275,3.8,0.8,-2.35,3.375,1.65,0.35,0.0,-0.425,-0.15,21,24,20,26,17,17,17,23,26,23,25,27,27,25,20,23,723,1928,3597,686,289,167,138,235,8.0,0.383,1.383,0.277,1.259,0.307,0
12.45,28.4,65.15,11.975,4.875,2.575,1.85,3.65,-0.55,0.1,-6.95,-1.575,-1.25,-0.25,-0.05,-0.35,19,21,24,26,15,12,11,17,21,23,27,27,20,18,16,18,687,1760,4041,809,266,139,97,200,8.0,0.383,1.383,0.269,1.259,0.319,0
11.9,28.5,58.2,10.4,3.625,2.325,1.8,3.3,0.85,3.225,-4.05,-0.375,0.175,0.125,0.2,-0.375,21,20,24,21,18,17,15,17,26,24,24,24,18,21,17,23,649,1866,3555,623,200,128,97,194,8.0,0.383,1.383,0.264,1.257,0.325,0
12.75,31.725,54.15,10.025,3.8,2.45,2.0,2.925,-1.15,-2.275,-6.4,-0.85,0.725,0.075,-0.35,-0.25,21,20,22,23,19,24,17,20,29,22,25,28,23,25,21,28,768,1891,3258,636,249,151,115,195,8.0,0.383,1.383,0.264,1.256,0.328,0
11.6,29.45,47.75,9.175,4.525,2.525,1.65,2.675,-2.2,-2.175,-0.65,0.15,-0.5,-0.1,-0.1,0.15,18,25,22,25,18,20,13,22,23,26,25,28,24,24,22,22,716,1888,2821,634,272,146,101,176,8.0,0.383,1.383,0.264,1.256,0.329,0
9.4,27.275,47.1,9.325,4.025,2.425,1.55,2.825,-1.875,-2.45,2.075,-0.4,-0.5,-0.4,0.075,-0.175,21,26,22,22,20,13,12,22,25,25,23,29,24,22,20,23,583,1784,2591,644,218,133,95,177,8.0,0.383,1.383,0.264,1.257,0.329,0
7.525,24.825,49.175,8.925,3.525,2.025,1.625,2.65,-1.825,-3.35,-11.2,-0.95,0.025,-0.275,-0.125,-0.325,20,19,25,19,23,15,15,20,27,24,24,30,28,26,27,23,424,1426,2706,568,220,123,97,155,8.0,0.383,1.383,0.265,1.257,0.328,0
5.7,21.475,37.975,7.975,3.55,1.75,1.5,2.325,0.525,-0.525,0.675,0.45,0.1,0.225,-0.075,-0.075,20,18,21,20,23,16,12,20,24,23,25,25,29,26,23,26,336,1266,2279,466,226,106,80,129,8.0,0.383,1.383,0.265,1.257,0.327,0
6.225,20.95,38.65,8.425,3.65,1.975,1.425,2.25,0.65,0.4,5.9,0.65,-0.2,-0.15,0.0,-0.025,19,17,19,26,14,11,11,20,26,25,28,24,24,27,19,27,411,1271,2302,495,195,96,79,133,8.0,0.383,1.383,0.265,1.257,0.327,0
6.875,21.35,44.55,9.075,3.45,1.825,1.425,2.225,-0.375,1.4,0.7,-0.525,-0.475,-0.4,-0.075,-0.275,18,14,19,24,12,9,11,15,29,25,29,26,24,24,19,24,444,1316,2854,537,189,86,78,126,8.0,0.383,1.383,0.264,1.257,0.328,0
6.5,22.75,45.25,8.55,2.975,1.425,1.35,1.95,-0.3,3.0,5.5,0.025,0.125,0.2,-0.025,0.2,18,19,18,18,17,10,11,16,32,24,25,28,23,26,20,22,430,1411,2689,536,187,89,75,104,8.0,0.383,1.383,0.263,1.258,0.328,0
6.2,25.75,50.75,8.575,3.1,1.625,1.325,2.15,0.65,6.675,-4.625,0.475,0.05,0.125,0.125,0.125,20,28,24,16,17,12,10,18,26,29,23,26,20,22,19,22,386,1705,3005,532,198,91,78,118,8.0,0.383,1.383,0.263,1.259,0.328,0
6.85,32.425,46.125,9.05,3.15,1.75,1.45,2.275,0.0,-2.875,-2.4,-0.8,0.025,0.1,0.0,0.0,18,26,17,23,16,15,11,19,23,29,30,28,21,20,16,26,420,2105,2748,585,210,101,82,143,8.0,0.383,1.383,0.262,1.258,0.328,0
6.85,29.55,43.725,8.25,3.175,1.85,1.45,2.275,0.675,-8.3,8.0,0.975,1.025,0.425,0.25,0.55,16,23,14,25,16,16,15,19,21,24,25,27,22,20,21,24,381,1799,2361,505,188,99,85,138,8.0,0.383,1.383,0.263,1.258,0.328,0
7.525,21.25,51.725,9.225,4.2,2.275,1.7,2.825,0.225,-3.05,-8.925,-0.95,-0.2,-0.175,-0.1,-0.15,17,24,23,21,19,18,17,19,24,27,22,26,26,22,24,26,430,1408,3061,547,237,124,102,179,8.0,0.383,1.383,0.263,1.259,0.328,0
7.75,18.2,42.8,8.275,4.0,2.1,1.6,2.675,0.0,3.275,-3.825,-1.225,-0.725,-0.125,-0.15,-0.175,21,18,28,20,24,18,17,15,27,23,27,28,27,27,22,27,496,1022,2725,484,247,132,93,170,8.0,0.383,1.383,0.263,1.259,0.328,0
7.75,21.475,38.975,7.05,3.275,1.975,1.45,2.5,-0.075,2.875,6.8,-0.3,-0.025,0.0,-0.025,-0.25,20,18,24,22,25,16,11,15,22,22,25,29,25,26,20,23,471,1243,2234,456,223,124,77,142,8.0,0.383,1.383,0.263,1.259,0.328,0
7.675,24.35,45.775,6.75,3.25,1.975,1.425,2.25,-3.65,-12.975,-22.275,-3.3,-1.0,-0.7,-0.275,-0.925,21,21,20,21,19,18,9,17,23,24,22,25,23,23,20,23,468,1525,2648,452,207,116,81,134,8.0,0.383,1.383,0.26,1.231,0.311,0
4.025,11.375,23.5,3.45,2.25,1.275,1.15,1.325,-2.8,-9.925,-22.075,-2.15,-1.025,-0.3,-0.15,-0.425,13,19,12,9,13,11,8,8,18,22,19,20,20,17,21,16,219,701,1326,205,115,64,64,70,8.0,0.383,1.383,0.226,0.951,0.144,0
1.225,1.45,1.425,1.3,1.225,0.975,1.0,0.9,-0.25,-0.275,-0.15,-0.05,-0.025,0.0,0.0,0.125,4,9,8,3,12,7,6,3,15,19,18,15,22,14,19,8,53,71,71,49,58,35,50,29,8.0,0.383,1.383,0.196,0.699,-0.006,0
0.975,1.175,1.275,1.25,1.2,0.975,1.0,1.025,0.0,0.025,-0.075,-0.025,0.025,-0.125,0.1,0.0,6,6,6,6,10,8,6,5,19,17,19,20,16,16,19,11,56,59,64,66,50,40,54,33,8.0,0.383,1.383,0.195,0.7,-0.005,0
0.975,1.2,1.2,1.225,1.225,0.85,1.1,1.025,0.1,0.05,0.125,0.4,0.025,0.125,0.05,-0.3,5,8,3,10,4,5,6,7,20,19,22,24,12,13,14,14,51,57,57,71,42,40,40,41,8.0,0.383,1.383,0.194,0.7,-0.004,0
1.075,1.25,1.325,1.625,1.25,0.975,1.15,0.725,0.15,0.125,3.3,1.75,1.425,0.55,0.2,0.25,7,7,6,14,5,9,6,6,18,18,22,23,18,20,18,13,57,55,67,97,63,55,43,35,8.0,0.383,1.383,0.194,0.701,-0.003,0
1.225,1.375,4.625,3.375,2.675,1.525,1.35,0.975,0.175,0.15,1.275,1.0,0.85,0.15,0.05,0.15,11,8,14,14,11,13,10,7,15,18,25,27,21,26,24,20,59,69,301,219,127,93,72,50,8.0,0.383,1.383,0.196,0.706,-0.001,0
1.4,1.525,5.9,4.375,3.525,1.675,1.4,1.125,0.075,0.725,0.5,-0.225,-0.225,0.05,-0.375,-0.15,13,7,19,13,12,11,9,5,15,19,29,25,20,20,18,24,69,83,387,262,184,92,75,63,8.0,0.383,1.383,0.207,0.721,0.004,0
1.475,2.25,6.4,4.15,3.3,1.725,1.025,0.975,0.025,2.15,5.1,0.15,-0.15,0.075,0.0,0.125,12,11,14,17,18,14,5,2,16,18,26,24,26,16,15,21,75,119,336,230,207,87,61,55,8.0,0.383,1.383,0.227,0.751,0.019,0
1.5,4.4,11.5,4.3,3.15,1.8,1.025,1.1,-0.15,1.225,6.825,-0.475,-0.475,-0.3,0.1,-0.1,11,17,17,20,24,12,5,7,18,26,25,22,26,15,17,19,85,283,662,241,183,91,54,59,8.0,0.383,1.383,0.253,0.793,0.041,0
1.35,5.625,18.325,3.825,2.675,1.5,1.125,1.0,0.2,-0.825,3.875,-0.975,-0.3,-0.1,0.1,0.0,8,17,24,18,15,6,8,5,20,25,27,23,20,18,16,20,76,355,1085,216,128,67,48,53,8.0,0.383,1.383,0.282,0.85,0.069,0
1.55,4.8,22.2,2.85,2.375,1.4,1.225,1.0,0.5,-1.1,-1.675,-0.925,-0.7,-0.325,0.15,0.15,10,15,26,17,14,6,8,0,24,25,28,24,18,17,13,23,81,283,1394,163,126,54,49,48,8.0,0.383,1.383,0.31,0.918,0.096,0
2.05,3.7,20.525,1.925,1.675,1.075,1.375,1.15,0.25,0.85,-0.7,0.2,-0.15,-0.125,-0.325,-0.025,16,16,23,12,15,3,9,5,25,27,27,19,22,15,20,20,125,217,1332,120,100,45,62,57,8.0,0.383,1.383,0.327,0.979,0.115,0
2.3,4.55,19.825,2.125,1.525,0.95,1.05,1.125,0.05,1.25,-2.075,0.1,0.025,0.3,-0.25,0.05,13,23,18,8,9,3,7,7,22,24,23,17,19,19,21,22,142,274,1234,129,74,48,52,62,8.0,0.383,1.383,0.334,1.033,0.135,0
2.35,5.8,17.75,2.225,1.55,1.25,0.8,1.175,0.95,-0.25,-1.5,0.225,0.025,-0.1,0.125,-0.125,13,23,17,14,10,7,4,8,20,22,26,20,17,19,16,19,149,354,1026,141,74,54,41,65,8.0,0.383,1.383,0.333,1.087,0.164,0
3.3,5.55,16.25,2.45,1.575,1.15,0.925,1.05,1.975,2.975,7.725,2.325,0.625,0.3,0.25,0.175,18,18,22,18,15,6,7,8,24,21,28,21,21,11,12,15,225,322,987,158,86,39,45,62,8.0,0.383,1.383,0.325,1.137,0.197,0
5.275,8.525,23.975,4.775,2.2,1.45,1.175,1.225,0.425,7.05,13.625,3.675,0.6,0.55,0.175,0.475,18,17,27,15,18,10,10,8,24,20,26,18,22,16,18,19,336,521,1537,260,122,71,61,73,8.0,0.383,1.383,0.313,1.181,0.23,0
5.7,15.575,37.6,8.45,2.8,2.0,1.35,1.7,7.825,7.425,15.05,2.45,0.35,-0.05,0.175,0.75,16,22,24,13,14,14,14,13,22,27,29,23,23,22,20,23,309,1028,2547,500,165,98,75,103,8.0,0.383,1.383,0.298,1.211,0.257,0
13.525,23.0,52.65,10.9,3.15,1.95,1.525,2.45,10.675,3.675,-6.875,-1.6,-0.175,0.075,0.2,1.0,16,20,19,18,12,13,15,16,24,24,30,24,25,23,19,26,744,1326,3251,692,199,109,82,147,8.0,0.383,1.383,0.285,1.226,0.278,0
24.2,26.675,45.775,9.3,2.975,2.025,1.725,3.45,0.15,3.05,-9.925,-0.2,-0.025,0.1,0.2,0.05,19,19,23,19,12,11,16,18,25,22,30,22,20,22,19,27,1325,1387,2782,592,165,114,90,210,8.0,0.383,1.383,0.275,1.233,0.291,0
24.35,29.725,35.85,9.1,2.95,2.125,1.925,3.5,-3.525,-1.075,11.825,2.0,0.625,-0.15,-0.125,-0.65,20,17,27,19,19,15,24,22,25,24,28,26,22,21,24,28,1438,1605,2258,626,176,127,123,223,8.0,0.383,1.383,0.268,1.238,0.299,0
20.825,28.65,47.675,11.1,3.575,1.975,1.8,2.85,-2.525,0.875,9.45,-0.35,0.075,0.075,-0.175,-0.075,21,20,24,23,20,14,19,20,28,25,28,27,26,18,25,27,1227,1684,2938,720,226,122,111,190,8.0,0.383,1.383,0.263,1.242,0.303,0
18.3,29.525,57.125,10.75,3.65,2.05,1.625,2.775,-1.8,4.35,-5.425,-0.85,0.4,0.325,0.425,0.375,19,25,24,20,15,8,12,16,26,28,31,25,23,19,20,22,937,1785,3597,641,205,109,83,170,8.0,0.383,1.383,0.26,1.243,0.306,0
16.5,33.875,51.7,9.9,4.05,2.375,2.05,3.15,-2.4,-1.35,-2.725,-0.35,1.15,0.25,0.2,0.1,21,22,20,17,20,13,15,20,27,26,23,24,22,23,22,25,940,1974,2778,588,235,135,128,195,8.0,0.383,1.383,0.259,1.243,0.307,0
14.1,32.525,48.975,9.55,5.2,2.625,2.25,3.25,-1.65,-0.525,-0.9,-0.7,0.0,0.175,-0.275,-0.1,22,20,25,16,21,14,13,18,26,24,24,24,23,22,25,24,894,1949,3007,560,309,159,136,208,8.0,0.383,1.383,0.258,1.243,0.308,0
12.45,32.0,48.075,8.85,5.2,2.8,1.975,3.15,-1.85,0.575,-8.45,-0.2,-0.7,-0.325,-0.425,-0.375,24,19,25,20,17,15,15,22,27,24,27,26,20,19,26,25,867,1901,3019,564,299,161,122,215,8.0,0.383,1.383,0.257,1.243,0.309,0
10.6,32.575,39.625,8.65,4.5,2.475,1.55,2.775,-0.5,4.95,12.05,-0.125,-0.55,-0.6,-0.175,-0.625,22,18,22,23,16,14,12,21,24,25,25,27,21,22,25,26,653,1919,2222,588,264,136,90,182,8.0,0.383,1.383,0.257,1.242,0.309,0
10.1,37.525,51.675,8.525,3.95,1.875,1.375,2.15,0.1,-3.925,5.9,-0.15,-0.45,-0.15,0.05,0.3,19,21,24,21,19,12,9,16,22,30,29,25,25,27,23,25,642,2428,2942,537,229,109,74,133,8.0,0.383,1.383,0.256,1.242,0.308,0
10.2,33.6,57.575,8.375,3.5,1.725,1.425,2.45,-0.175,-3.05,-10.275,0.425,0.275,0.225,-0.075,0.275,20,23,23,21,17,14,12,16,23,29,28,27,23,25,23,24,677,2339,3442,520,194,97,91,142,8.0,0.383,1.383,0.257,1.242,0.307,0
10.025,30.55,47.3,8.8,3.775,1.95,1.35,2.725,2.15,3.725,-2.75,-0.85,0.25,0.0,0.075,-0.225,23,23,20,26,17,16,9,18,29,24,29,29,26,26,18,22,661,1983,2776,573,222,103,73,163,8.0,0.383,1.383,0.257,1.242,0.306,0
12.175,34.275,44.55,7.95,4.025,1.95,1.425,2.5,1.125,-2.575,-6.175,-0.2,4.85,0.5,0.0,0.075,21,23,21,28,19,17,8,20,28,26,31,30,26,24,18,28,787,2055,2651,545,248,111,64,163,8.0,0.383,1.383,0.258,1.241,0.306,0
13.3,31.7,38.375,7.75,8.875,2.45,1.425,2.575,-2.15,-2.5,4.5,-0.15,0.525,0.175,0.1,-0.175,18,22,23,27,25,16,8,16,24,29,25,27,27,19,17,25,775,1913,2445,500,633,141,61,151,8.0,0.383,1.383,0.259,1.241,0.306,0
11.15,29.2,42.875,7.6,9.4,2.625,1.525,2.4,-3.65,3.225,8.15,0.95,-5.025,-0.8,0.05,-0.325,23,22,22,24,26,15,12,19,25,25,24,21,28,20,21,25,610,1835,2501,427,655,144,71,137,8.0,0.383,1.383,0.259,1.241,0.307,0
7.5,32.425,51.025,8.55,4.375,1.825,1.575,2.075,0.45,4.825,-6.4,1.05,-0.3,-0.175,-0.025,0.325,22,23,22,16,19,14,14,20,24,26,28,22,27,20,21,24,485,1877,3247,422,253,102,83,123,8.0,0.383,1.383,0.26,1.24,0.307,0
7.95,37.25,44.625,9.6,4.075,1.65,1.55,2.4,1.45,-4.5,-9.925,-0.85,-0.975,-0.225,-0.2,0.3,19,23,20,19,17,11,12,17,21,27,29,28,24,19,17,24,489,2193,2762,579,226,90,78,147,8.0,0.383,1.383,0.26,1.24,0.307,0
9.4,32.75,34.7,8.75,3.1,1.425,1.35,2.7,0.1,-3.975,2.825,0.45,0.325,0.425,0.225,-0.325,21,25,18,24,15,9,9,18,24,25,30,27,17,21,12,27,558,2110,2086,602,169,79,58,163,8.0,0.383,1.383,0.259,1.24,0.308,0
9.5,28.775,37.525,9.2,3.425,1.85,1.575,2.375,-2.4,-11.675,-12.775,-2.35,-0.1,0.125,0.2,-0.525,20,24,19,20,19,15,11,17,26,25,24,23,20,22,18,23,529,1694,2325,582,196,103,91,144,8.0,0.383,1.383,0.259,1.24,0.308,0
7.1,17.1,24.75,6.85,3.325,1.975,1.775,1.85,-4.425,-13.95,-21.775,-4.125,-1.875,-0.95,-0.525,-0.6,11,20,17,14,16,19,14,10,22,24,18,19,18,21,17,26,415,1087,1416,411,179,107,95,115,8.0,0.383,1.383,0.239,1.015,0.189,0
2.675,3.15,2.975,2.725,1.45,1.025,1.25,1.25,-1.525,-1.975,-0.825,-0.7,-0.05,-0.075,-0.225,-0.35,8,15,11,8,10,11,8,4,18,20,18,17,16,16,12,19,159,203,165,141,70,53,57,63,8.0,0.383,1.383,0.214,0.735,0.039,0
1.15,1.175,2.15,2.025,1.4,0.95,1.025,0.9,0.225,0.225,2.025,1.1,1.475,0.65,0.1,0.125,12,12,13,5,7,5,3,2,18,18,19,14,12,12,14,10,58,55,105,90,59,38,52,36,8.0,0.383,1.383,0.209,0.683,0.007,0
1.375,1.4,4.175,3.125,2.875,1.6,1.125,1.025,-0.1,1.075,3.125,0.975,1.25,0.425,0.075,0.05,10,12,18,13,11,8,4,4,22,19,25,19,14,15,20,10,66,73,257,174,141,71,59,42,8.0,0.383,1.383,0.217,0.7,-0.0,0
1.275,2.475,7.3,4.1,4.125,2.025,1.2,1.075,0.025,-0.125,0.25,0.175,-0.15,0.15,0.1,0.0,11,19,24,17,15,13,6,6,19,23,28,20,17,19,17,15,61,146,458,237,221,105,60,54,8.0,0.383,1.383,0.234,0.727,-0.006,0
1.3,2.35,7.55,4.275,3.975,2.175,1.3,1.075,0.175,-0.575,0.725,-0.025,-0.325,0.075,0.075,0.125,9,15,20,17,13,13,7,4,18,19,25,24,20,18,17,17,56,138,464,254,221,116,65,56,8.0,0.383,1.383,0.262,0.767,-0.003,0
1.475,1.775,8.275,4.25,3.65,2.25,1.375,1.2,-0.1,0.4,-0.65,-0.875,-0.95,-0.275,-0.075,-0.125,16,10,20,17,19,16,8,5,22,22,24,26,23,17,21,20,78,115,517,286,224,126,76,63,8.0,0.383,1.383,0.296,0.819,0.008,0
1.375,2.175,7.625,3.375,2.7,1.975,1.3,1.075,-0.2,0.0,-2.775,-1.325,-1.1,-0.525,-0.175,-0.1,13,12,21,16,15,15,8,9,24,20,25,22,18,16,18,19,70,130,482,215,160,109,66,54,8.0,0.383,1.383,0.328,0.878,0.024,0
1.175,2.175,4.85,2.05,1.6,1.45,1.125,0.975,0.325,-0.15,2.2,-0.4,-0.25,-0.45,-0.225,0.0,5,17,19,12,9,10,7,6,23,22,25,22,16,16,16,17,57,136,297,113,73,68,53,41,8.0,0.383,1.383,0.353,0.945,0.045,0
1.5,2.025,7.05,1.65,1.35,1.0,0.9,0.975,1.075,0.95,3.075,0.375,0.2,-0.025,0.025,0.075,8,19,19,9,8,5,6,3,16,27,27,25,21,17,17,15,77,150,507,94,70,50,45,41,8.0,0.383,1.383,0.365,1.014,0.073,0
2.575,2.975,10.125,2.025,1.55,0.975,0.925,1.05,1.325,3.925,11.775,0.525,0.325,0.25,0.2,-0.025,10,19,20,14,10,6,5,7,15,27,24,27,21,15,16,17,138,206,695,130,82,53,45,52,8.0,0.383,1.383,0.362,1.083,0.115,0
3.9,6.9,21.9,2.55,1.875,1.225,1.125,1.025,3.975,12.05,23.75,3.125,1.1,0.45,0.525,0.875,18,20,21,12,18,10,9,8,22,23,24,15,21,16,15,22,226,406,1210,137,108,58,53,56,8.0,0.383,1.383,0.338,1.169,0.187,0
7.875,18.95,45.65,5.675,2.975,1.675,1.65,1.9,5.175,9.4,15.65,3.75,1.075,0.475,0.3,0.8,19,20,22,11,21,12,14,14,27,22,25,19,21,21,17,24,444,1163,2786,353,177,88,76,108,8.0,0.383,1.383,0.307,1.228,0.249,0
13.05,28.35,61.3,9.425,4.05,2.15,1.95,2.7,1.75,-1.675,-4.725,0.225,-0.35,-0.175,-0.3,0.1,17,18,23,23,24,18,15,17,25,21,27,31,22,24,20,25,745,1785,3877,636,243,130,109,172,8.0,0.383,1.383,0.287,1.242,0.275,0
14.8,26.675,56.575,9.65,3.7,1.975,1.65,2.8,-1.725,2.4,-6.5,-0.275,-0.375,-0.375,-0.425,-0.075,22,21,22,25,19,17,13,17,23,25,27,30,21,20,20,20,913,1657,3435,644,224,117,99,172,8.0,0.383,1.383,0.274,1.247,0.291,0
13.075,29.075,50.075,9.375,3.325,1.6,1.225,2.725,-0.45,5.25,-5.925,0.825,-0.3,-0.025,-0.125,-0.05,21,21,25,20,17,10,8,20,26,25,28,26,17,17,14,27,782,1512,3296,612,196,87,56,171,8.0,0.383,1.383,0.265,1.25,0.3,0
12.625,34.325,44.15,10.2,3.025,1.575,1.1,2.675,-0.825,-3.575,-6.55,0.05,0.175,0.175,0.15,-0.075,21,24,26,21,17,11,5,17,26,24,27,25,21,18,11,28,727,1985,2906,683,172,90,46,170,8.0,0.383,1.383,0.261,1.253,0.307,0
11.8,30.75,37.6,10.25,3.2,1.75,1.25,2.6,-3.325,-4.75,-4.45,-2.125,-0.125,-0.1,-0.075,-0.525,25,24,21,19,14,13,10,13,27,25,23,28,22,19,16,22,741,2009,2070,640,191,106,70,152,8.0,0.383,1.383,0.258,1.254,0.31,0
8.475,26.0,33.15,8.125,3.075,1.65,1.175,2.075,-1.625,-4.875,4.125,-1.175,-0.55,-0.125,-0.025,0.0,20,23,17,18,11,13,12,11,27,25,21,27,22,19,16,19,519,1654,1768,468,184,100,66,117,8.0,0.383,1.383,0.255,1.253,0.313,0
6.85,21.125,37.275,6.95,2.525,1.525,1.15,2.075,0.475,-0.775,0.175,0.875,0.375,0.15,0.075,0.425,18,24,21,19,12,15,12,15,24,27,26,25,22,15,18,23,406,1260,2257,440,151,84,65,128,8.0,0.383,1.383,0.253,1.252,0.315,0
7.325,20.35,37.45,7.825,2.9,1.675,1.225,2.5,1.65,3.1,0.3,0.5,-0.225,-0.175,0.05,-0.375,18,20,25,17,14,13,11,18,24,21,26,21,19,15,19,26,394,1107,2335,468,162,82,67,142,8.0,0.383,1.383,0.252,1.251,0.316,0
8.975,23.45,37.75,8.325,2.675,1.5,1.275,2.125,1.0,1.925,8.225,-0.525,0.075,0.175,-0.125,0.025,21,22,21,19,14,11,11,17,33,24,26,20,19,15,18,25,553,1334,2353,492,157,69,60,124,8.0,0.383,1.383,0.253,1.25,0.317,0
9.975,25.375,45.975,7.8,2.75,1.675,1.15,2.15,-1.175,1.325,-0.525,-0.575,0.675,0.25,-0.05,0.325,20,21,18,20,19,12,6,15,28,26,24,25,22,20,14,22,618,1419,2779,511,165,79,53,121,8.0,0.383,1.383,0.255,1.25,0.317,0
8.8,26.7,45.45,7.225,3.425,1.925,1.1,2.475,-0.875,-0.925,-5.35,-0.225,-0.05,-0.175,0.25,-0.375,12,17,22,24,22,13,3,9,23,23,24,30,24,22,14,17,444,1428,2895,480,195,98,55,109,8.0,0.383,1.383,0.256,1.25,0.317,0
7.925,25.775,40.1,7.0,3.375,1.75,1.35,2.1,0.75,2.4,-0.9,0.475,0.225,0.0,0.2,0.0,16,20,22,25,22,10,7,15,21,23,24,28,24,17,21,22,450,1475,2546,495,185,97,69,109,8.0,0.383,1.383,0.256,1.249,0.318,0
8.675,28.175,39.2,7.475,3.6,1.75,1.55,2.1,-0.825,2.575,7.225,0.65,0.175,0.1,0.025,0.3,22,24,24,19,23,9,15,20,25,24,28,24,26,18,23,27,569,1663,2569,459,230,109,96,129,8.0,0.383,1.383,0.256,1.249,0.318,0
7.85,30.75,46.425,8.125,3.775,1.85,1.575,2.4,0.45,-0.95,-1.9,1.1,0.45,0.225,-0.05,-0.125,19,23,23,17,21,13,17,15,26,24,29,21,28,21,21,22,526,1873,2773,491,240,116,92,149,8.0,0.383,1.383,0.256,1.25,0.319,0
8.3,29.8,44.525,9.225,4.225,2.075,1.525,2.275,0.9,2.05,-7.65,-0.175,-0.175,0.225,0.15,-0.4,17,24,19,19,20,15,14,12,23,25,28,22,28,21,21,18,443,1912,2640,588,238,109,84,136,8.0,0.383,1.383,0.256,1.25,0.319,0
9.2,31.85,36.875,9.05,4.05,2.3,1.675,1.875,-0.5,3.7,1.15,0.225,-0.95,-0.375,-0.1,0.2,20,24,23,24,15,12,13,12,24,27,25,23,23,20,23,14,469,2087,2325,612,201,101,85,102,8.0,0.383,1.383,0.256,1.251,0.319,0
8.7,35.55,38.025,9.275,3.1,1.925,1.575,2.075,0.425,-0.35,9.15,1.275,0.275,-0.3,-0.275,0.225,23,23,23,22,13,12,15,16,26,27,28,23,21,20,25,20,539,2345,2224,555,166,102,92,124,8.0,0.383,1.383,0.256,1.25,0.319,0
9.125,35.2,47.175,10.55,3.375,1.625,1.3,2.3,-1.35,-0.95,0.2,-1.75,-0.25,0.075,-0.2,-0.175,19,21,24,20,18,13,12,14,23,28,29,27,27,29,25,27,530,2181,3017,605,210,110,81,151,8.0,0.383,1.383,0.257,1.25,0.318,0
7.775,34.25,47.375,8.8,3.125,1.7,1.1,2.125,1.4,-0.95,-1.625,-0.825,-0.15,0.125,0.15,0.225,16,18,23,20,15,10,5,13,22,25,26,23,28,27,20,23,428,1983,3002,516,189,92,54,123,8.0,0.383,1.383,0.257,1.25,0.317,0
