EMG1;EMG2;EMG3;EMG4;EMG5;EMG6;EMG7;EMG8;SessionID;Timestamp
-4;-29;-20;-10;1;3;0;-2;8f4cdfd9-c6a5-4abe-9c92-0d36fb7e13b7;2025-05-09 12:29:01.6067
-1;-1;-1;-3;-6;-1;-1;-1;8f4cdfd9-c6a5-4abe-9c92-0d36fb7e13b7;2025-05-09 12:29:01.6087
-2;0;3;-1;-2;0;1;-1;8f4cdfd9-c6a5-4abe-9c92-0d36fb7e13b7;2025-05-09 12:29:01.6087
-3;1;-6;0;2;-3;1;0;8f4cdfd9-c6a5-4abe-9c92-0d36fb7e13b7;2025-05-09 12:29:01.6087
0;8;6;2;-2;-3;-2;0;8f4cdfd9-c6a5-4abe-9c92-0d36fb7e13b7;2025-05-09 12:29:01.6152
1;1;0;1;4;-2;0;0;8f4cdfd9-c6a5-4abe-9c92-0d36fb7e13b7;2025-05-09 12:29:01.6152
-1;-4;-3;-2;-1;-3;-1;-1;8f4cdfd9-c6a5-4abe-9c92-0d36fb7e13b7;2025-05-09 12:29:01.6237
0;-1;0;-1;-6;0;1;0;8f4cdfd9-c6a5-4abe-9c92-0d36fb7e13b7;2025-05-09 12:29:01.6237
1;5;3;2;3;4;0;-1;8f4cdfd9-c6a5-4abe-9c92-0d36fb7e13b7;2025-05-09 12:29:01.6317
3;5;22;12;11;0;-2;0;8f4cdfd9-c6a5-4abe-9c92-0d36fb7e13b7;2025-05-09 12:29:01.6327
-2;-3;-41;-10;-12;-6;-3;-1;8f4cdfd9-c6a5-4abe-9c92-0d36fb7e13b7;2025-05-09 12:29:01.6327
-1;-3;-3;-8;-1;1;1;0;8f4cdfd9-c6a5-4abe-9c92-0d36fb7e13b7;2025-05-09 12:29:01.6327
1;-1;-3;3;0;-3;-1;-1;8f4cdfd9-c6a5-4abe-9c92-0d36fb7e13b7;2025-05-09 12:29:01.6466
0;10;7;-4;-2;-1;-1;-1;8f4cdfd9-c6a5-4abe-9c92-0d36fb7e13b7;2025-05-09 12:29:01.6466
-1;-2;34;14;3;4;1;-1;8f4cdfd9-c6a5-4abe-9c92-0d36fb7e13b7;2025-05-09 12:29:01.6526
2;5;-29;8;11;-1;-2;0;8f4cdfd9-c6a5-4abe-9c92-0d36fb7e13b7;2025-05-09 12:29:01.6526
-3;0;5;-7;-9;-6;-3;-2;8f4cdfd9-c6a5-4abe-9c92-0d36fb7e13b7;2025-05-09 12:29:01.6995
-2;0;-24;-10;-1;1;0;-1;8f4cdfd9-c6a5-4abe-9c92-0d36fb7e13b7;2025-05-09 12:29:01.7005
0;-1;0;6;-6;-2;1;0;8f4cdfd9-c6a5-4abe-9c92-0d36fb7e13b7;2025-05-09 12:29:01.7005
-1;-4;17;-4;4;-2;0;-2;8f4cdfd9-c6a5-4abe-9c92-0d36fb7e13b7;2025-05-09 12:29:01.7005
-2;-4;-8;-1;4;-3;0;0;8f4cdfd9-c6a5-4abe-9c92-0d36fb7e13b7;2025-05-09 12:29:01.7025
1;1;2;-24;-10;-2;-2;1;8f4cdfd9-c6a5-4abe-9c92-0d36fb7e13b7;2025-05-09 12:29:01.7025
-1;0;6;2;-13;-5;-1;0;8f4cdfd9-c6a5-4abe-9c92-0d36fb7e13b7;2025-05-09 12:29:01.7214
0;0;1;20;19;10;2;0;8f4cdfd9-c6a5-4abe-9c92-0d36fb7e13b7;2025-05-09 12:29:01.7214
-1;2;9;9;8;3;2;1;8f4cdfd9-c6a5-4abe-9c92-0d36fb7e13b7;2025-05-09 12:29:01.7224
-1;-2;5;8;-8;-4;-2;-1;8f4cdfd9-c6a5-4abe-9c92-0d36fb7e13b7;2025-05-09 12:29:01.7224
3;2;-1;15;27;14;2;0;8f4cdfd9-c6a5-4abe-9c92-0d36fb7e13b7;2025-05-09 12:29:01.7902
-1;-2;2;5;-7;-3;-3;-1;8f4cdfd9-c6a5-4abe-9c92-0d36fb7e13b7;2025-05-09 12:29:01.7902
-2;0;2;11;4;-3;-1;-2;8f4cdfd9-c6a5-4abe-9c92-0d36fb7e13b7;2025-05-09 12:29:01.7902
-4;-5;-15;-12;-9;-2;0;1;8f4cdfd9-c6a5-4abe-9c92-0d36fb7e13b7;2025-05-09 12:29:01.7912
-1;0;23;-11;-9;-2;2;-1;8f4cdfd9-c6a5-4abe-9c92-0d36fb7e13b7;2025-05-09 12:29:01.7922
-3;-9;-35;13;1;-1;-1;-4;8f4cdfd9-c6a5-4abe-9c92-0d36fb7e13b7;2025-05-09 12:29:01.7922
2;5;3;-12;6;4;-1;-2;8f4cdfd9-c6a5-4abe-9c92-0d36fb7e13b7;2025-05-09 12:29:01.8022
-2;-3;-3;-12;-9;-2;0;0;8f4cdfd9-c6a5-4abe-9c92-0d36fb7e13b7;2025-05-09 12:29:01.8022
1;-1;18;-4;-4;-3;-2;-2;8f4cdfd9-c6a5-4abe-9c92-0d36fb7e13b7;2025-05-09 12:29:01.8142
-2;-5;-5;-6;2;1;1;-2;8f4cdfd9-c6a5-4abe-9c92-0d36fb7e13b7;2025-05-09 12:29:01.8142
0;1;-9;2;-3;-2;-2;-4;8f4cdfd9-c6a5-4abe-9c92-0d36fb7e13b7;2025-05-09 12:29:01.8261
-2;-3;-19;6;3;1;-2;0;8f4cdfd9-c6a5-4abe-9c92-0d36fb7e13b7;2025-05-09 12:29:01.8261
1;0;-1;-21;-9;-5;-2;1;8f4cdfd9-c6a5-4abe-9c92-0d36fb7e13b7;2025-05-09 12:29:01.8481
2;-3;11;8;5;1;0;-1;8f4cdfd9-c6a5-4abe-9c92-0d36fb7e13b7;2025-05-09 12:29:01.8481
1;0;-3;-3;-8;-1;1;1;8f4cdfd9-c6a5-4abe-9c92-0d36fb7e13b7;2025-05-09 12:29:01.8566
-2;0;4;10;5;0;-1;0;8f4cdfd9-c6a5-4abe-9c92-0d36fb7e13b7;2025-05-09 12:29:01.8566
-4;-2;-23;0;-4;0;-2;-1;8f4cdfd9-c6a5-4abe-9c92-0d36fb7e13b7;2025-05-09 12:29:01.8646
-1;-1;15;0;9;1;0;0;8f4cdfd9-c6a5-4abe-9c92-0d36fb7e13b7;2025-05-09 12:29:01.8646
-2;-1;13;-8;-6;-1;-1;1;8f4cdfd9-c6a5-4abe-9c92-0d36fb7e13b7;2025-05-09 12:29:01.8656
0;2;-9;4;-1;0;-1;-2;8f4cdfd9-c6a5-4abe-9c92-0d36fb7e13b7;2025-05-09 12:29:01.8656
-1;-2;3;4;10;1;1;1;8f4cdfd9-c6a5-4abe-9c92-0d36fb7e13b7;2025-05-09 12:29:01.8675
-1;-2;-14;-17;-5;-2;0;2;8f4cdfd9-c6a5-4abe-9c92-0d36fb7e13b7;2025-05-09 12:29:01.8675
-1;-3;3;12;6;0;0;-1;8f4cdfd9-c6a5-4abe-9c92-0d36fb7e13b7;2025-05-09 12:29:01.8785
-1;-3;-10;-8;-4;-2;0;0;8f4cdfd9-c6a5-4abe-9c92-0d36fb7e13b7;2025-05-09 12:29:01.8785
0;1;2;-4;0;-1;-1;-1;8f4cdfd9-c6a5-4abe-9c92-0d36fb7e13b7;2025-05-09 12:29:01.8845
-5;-4;-4;-2;-8;-3;-1;-2;8f4cdfd9-c6a5-4abe-9c92-0d36fb7e13b7;2025-05-09 12:29:01.8845
1;4;16;13;0;1;0;0;8f4cdfd9-c6a5-4abe-9c92-0d36fb7e13b7;2025-05-09 12:29:01.9254
-3;-9;-51;-28;-5;-3;-2;-3;8f4cdfd9-c6a5-4abe-9c92-0d36fb7e13b7;2025-05-09 12:29:01.9254
0;-1;-8;-7;7;0;-2;-1;8f4cdfd9-c6a5-4abe-9c92-0d36fb7e13b7;2025-05-09 12:29:01.9264
-1;1;7;10;-11;-4;1;0;8f4cdfd9-c6a5-4abe-9c92-0d36fb7e13b7;2025-05-09 12:29:01.9264
-2;-4;-6;3;3;2;-1;1;8f4cdfd9-c6a5-4abe-9c92-0d36fb7e13b7;2025-05-09 12:29:01.9274
-2;0;15;11;-1;-2;0;0;8f4cdfd9-c6a5-4abe-9c92-0d36fb7e13b7;2025-05-09 12:29:01.9274
0;2;-1;-12;-2;3;0;1;8f4cdfd9-c6a5-4abe-9c92-0d36fb7e13b7;2025-05-09 12:29:01.9304
-2;-4;0;-17;0;-2;-2;-2;8f4cdfd9-c6a5-4abe-9c92-0d36fb7e13b7;2025-05-09 12:29:01.9304
0;1;1;0;-1;-1;-1;0;8f4cdfd9-c6a5-4abe-9c92-0d36fb7e13b7;2025-05-09 12:29:01.9394
-1;0;12;9;3;-2;-1;0;8f4cdfd9-c6a5-4abe-9c92-0d36fb7e13b7;2025-05-09 12:29:01.9394
-2;-3;-2;-1;-10;-3;-2;-1;8f4cdfd9-c6a5-4abe-9c92-0d36fb7e13b7;2025-05-09 12:29:01.9404
1;1;1;8;3;3;1;0;8f4cdfd9-c6a5-4abe-9c92-0d36fb7e13b7;2025-05-09 12:29:01.9404
0;0;-7;-4;1;-1;-1;-1;8f4cdfd9-c6a5-4abe-9c92-0d36fb7e13b7;2025-05-09 12:29:01.9538
1;1;8;8;5;-2;0;-1;8f4cdfd9-c6a5-4abe-9c92-0d36fb7e13b7;2025-05-09 12:29:01.9538
-1;-1;-3;-2;-7;-2;0;-2;8f4cdfd9-c6a5-4abe-9c92-0d36fb7e13b7;2025-05-09 12:29:01.9678
0;0;-9;-2;-1;-1;-1;-1;8f4cdfd9-c6a5-4abe-9c92-0d36fb7e13b7;2025-05-09 12:29:01.9678
-1;-3;-9;-4;0;-3;-1;-1;8f4cdfd9-c6a5-4abe-9c92-0d36fb7e13b7;2025-05-09 12:29:01.9917
1;3;3;-12;-5;4;-2;0;8f4cdfd9-c6a5-4abe-9c92-0d36fb7e13b7;2025-05-09 12:29:01.9917
-3;-1;11;6;-1;-1;-1;0;8f4cdfd9-c6a5-4abe-9c92-0d36fb7e13b7;2025-05-09 12:29:01.9927
1;-1;-5;-3;-6;-2;-3;-1;8f4cdfd9-c6a5-4abe-9c92-0d36fb7e13b7;2025-05-09 12:29:01.9927
1;2;12;-5;2;-3;1;-1;8f4cdfd9-c6a5-4abe-9c92-0d36fb7e13b7;2025-05-09 12:29:01.9937
0;-3;-20;11;-14;-1;-1;-1;8f4cdfd9-c6a5-4abe-9c92-0d36fb7e13b7;2025-05-09 12:29:01.9937
-2;-5;-5;-6;8;3;0;-3;8f4cdfd9-c6a5-4abe-9c92-0d36fb7e13b7;2025-05-09 12:29:02.0137
0;-1;16;18;6;4;0;1;8f4cdfd9-c6a5-4abe-9c92-0d36fb7e13b7;2025-05-09 12:29:02.0137
-3;-1;-9;-21;-5;-2;-2;-2;8f4cdfd9-c6a5-4abe-9c92-0d36fb7e13b7;2025-05-09 12:29:02.0147
0;5;36;10;7;0;-2;-3;8f4cdfd9-c6a5-4abe-9c92-0d36fb7e13b7;2025-05-09 12:29:02.0147
0;-3;-39;-4;-7;-3;-2;-2;8f4cdfd9-c6a5-4abe-9c92-0d36fb7e13b7;2025-05-09 12:29:02.0600
-3;-2;-1;-18;-6;-4;-1;-2;8f4cdfd9-c6a5-4abe-9c92-0d36fb7e13b7;2025-05-09 12:29:02.0600
2;8;44;12;0;2;1;1;8f4cdfd9-c6a5-4abe-9c92-0d36fb7e13b7;2025-05-09 12:29:02.0610
-4;-14;-81;-27;-10;-4;-1;0;8f4cdfd9-c6a5-4abe-9c92-0d36fb7e13b7;2025-05-09 12:29:02.0610
0;0;21;11;-4;-2;0;2;8f4cdfd9-c6a5-4abe-9c92-0d36fb7e13b7;2025-05-09 12:29:02.0620
0;1;4;2;6;0;0;0;8f4cdfd9-c6a5-4abe-9c92-0d36fb7e13b7;2025-05-09 12:29:02.0620
-2;-3;-11;-2;-10;-4;-1;0;8f4cdfd9-c6a5-4abe-9c92-0d36fb7e13b7;2025-05-09 12:29:02.0670
0;0;19;-1;4;4;1;0;8f4cdfd9-c6a5-4abe-9c92-0d36fb7e13b7;2025-05-09 12:29:02.0670
-1;2;1;0;1;-1;2;1;8f4cdfd9-c6a5-4abe-9c92-0d36fb7e13b7;2025-05-09 12:29:02.0680
-1;-3;-18;-6;-4;-3;-1;-1;8f4cdfd9-c6a5-4abe-9c92-0d36fb7e13b7;2025-05-09 12:29:02.0680
0;0;-4;-3;0;-2;-3;-1;8f4cdfd9-c6a5-4abe-9c92-0d36fb7e13b7;2025-05-09 12:29:02.0820
2;2;12;0;-5;-1;-1;-2;8f4cdfd9-c6a5-4abe-9c92-0d36fb7e13b7;2025-05-09 12:29:02.0820
0;1;-8;0;6;2;1;0;8f4cdfd9-c6a5-4abe-9c92-0d36fb7e13b7;2025-05-09 12:29:02.0880
-1;3;13;8;2;-1;0;0;8f4cdfd9-c6a5-4abe-9c92-0d36fb7e13b7;2025-05-09 12:29:02.0880
-1;-3;-7;-5;-1;-1;-1;-1;8f4cdfd9-c6a5-4abe-9c92-0d36fb7e13b7;2025-05-09 12:29:02.1558
1;2;-10;1;8;-1;1;-1;8f4cdfd9-c6a5-4abe-9c92-0d36fb7e13b7;2025-05-09 12:29:02.1558
-3;-1;26;13;-16;-4;-4;-2;8f4cdfd9-c6a5-4abe-9c92-0d36fb7e13b7;2025-05-09 12:29:02.1927
-1;-1;-3;5;-5;-1;1;0;8f4cdfd9-c6a5-4abe-9c92-0d36fb7e13b7;2025-05-09 12:29:02.1927
-2;-5;12;-12;0;2;0;0;8f4cdfd9-c6a5-4abe-9c92-0d36fb7e13b7;2025-05-09 12:29:02.2256
0;3;-5;-5;9;1;1;0;8f4cdfd9-c6a5-4abe-9c92-0d36fb7e13b7;2025-05-09 12:29:02.2256
0;1;-4;-19;4;0;0;-1;8f4cdfd9-c6a5-4abe-9c92-0d36fb7e13b7;2025-05-09 12:29:02.2266
-2;-4;1;14;-7;-3;-4;-3;8f4cdfd9-c6a5-4abe-9c92-0d36fb7e13b7;2025-05-09 12:29:02.2266
0;2;-12;9;6;0;-1;0;8f4cdfd9-c6a5-4abe-9c92-0d36fb7e13b7;2025-05-09 12:29:02.2545
-1;1;6;-1;-3;-1;-1;-1;8f4cdfd9-c6a5-4abe-9c92-0d36fb7e13b7;2025-05-09 12:29:02.2545
-3;-5;-25;-6;-8;-1;-2;-2;8f4cdfd9-c6a5-4abe-9c92-0d36fb7e13b7;2025-05-09 12:29:02.2555
0;1;-15;-22;5;3;2;2;8f4cdfd9-c6a5-4abe-9c92-0d36fb7e13b7;2025-05-09 12:29:02.2555
2;3;18;-3;4;0;0;-1;8f4cdfd9-c6a5-4abe-9c92-0d36fb7e13b7;2025-05-09 12:29:02.2565
-2;-5;-1;-1;-5;-3;-4;-2;8f4cdfd9-c6a5-4abe-9c92-0d36fb7e13b7;2025-05-09 12:29:02.2565
1;1;-2;4;-3;-2;-2;-1;8f4cdfd9-c6a5-4abe-9c92-0d36fb7e13b7;2025-05-09 12:29:02.3224
-2;1;7;1;4;0;0;0;8f4cdfd9-c6a5-4abe-9c92-0d36fb7e13b7;2025-05-09 12:29:02.3224
-1;-4;-7;-5;-6;-1;-1;1;8f4cdfd9-c6a5-4abe-9c92-0d36fb7e13b7;2025-05-09 12:29:02.3224
-2;1;4;-2;3;1;0;0;8f4cdfd9-c6a5-4abe-9c92-0d36fb7e13b7;2025-05-09 12:29:02.3234
0;5;8;8;0;-1;-2;1;8f4cdfd9-c6a5-4abe-9c92-0d36fb7e13b7;2025-05-09 12:29:02.3244
-2;-5;-4;-7;0;-1;-2;-3;8f4cdfd9-c6a5-4abe-9c92-0d36fb7e13b7;2025-05-09 12:29:02.3244
-1;-3;-5;6;-2;-2;-1;1;8f4cdfd9-c6a5-4abe-9c92-0d36fb7e13b7;2025-05-09 12:29:02.3897
-1;-2;-11;-7;-2;0;-1;-1;8f4cdfd9-c6a5-4abe-9c92-0d36fb7e13b7;2025-05-09 12:29:02.3907
0;2;20;7;3;0;-1;-2;8f4cdfd9-c6a5-4abe-9c92-0d36fb7e13b7;2025-05-09 12:29:02.3907
1;0;7;3;0;-2;0;-3;8f4cdfd9-c6a5-4abe-9c92-0d36fb7e13b7;2025-05-09 12:29:02.3907
-1;-1;11;3;-4;-4;-2;0;8f4cdfd9-c6a5-4abe-9c92-0d36fb7e13b7;2025-05-09 12:29:02.4333
-2;1;6;8;-6;-1;0;0;8f4cdfd9-c6a5-4abe-9c92-0d36fb7e13b7;2025-05-09 12:29:02.4343
-1;-4;-20;-22;-2;1;1;1;8f4cdfd9-c6a5-4abe-9c92-0d36fb7e13b7;2025-05-09 12:29:02.4353
-1;-2;-2;-3;3;0;0;1;8f4cdfd9-c6a5-4abe-9c92-0d36fb7e13b7;2025-05-09 12:29:02.4353
0;-2;4;-4;-3;-2;-1;-1;8f4cdfd9-c6a5-4abe-9c92-0d36fb7e13b7;2025-05-09 12:29:02.4473
0;0;-11;-8;-5;-3;-1;-2;8f4cdfd9-c6a5-4abe-9c92-0d36fb7e13b7;2025-05-09 12:29:02.4473
0;1;6;-5;1;-3;-1;-1;8f4cdfd9-c6a5-4abe-9c92-0d36fb7e13b7;2025-05-09 12:29:02.4623
0;0;-4;-7;-5;-4;-1;0;8f4cdfd9-c6a5-4abe-9c92-0d36fb7e13b7;2025-05-09 12:29:02.4623
1;0;20;-4;8;2;-1;-1;8f4cdfd9-c6a5-4abe-9c92-0d36fb7e13b7;2025-05-09 12:29:02.4702
-2;-6;-32;14;-7;-1;-1;-1;8f4cdfd9-c6a5-4abe-9c92-0d36fb7e13b7;2025-05-09 12:29:02.4702
1;2;14;5;-2;-2;0;-1;8f4cdfd9-c6a5-4abe-9c92-0d36fb7e13b7;2025-05-09 12:29:02.4872
-2;-3;2;-3;-1;-2;-1;0;8f4cdfd9-c6a5-4abe-9c92-0d36fb7e13b7;2025-05-09 12:29:02.4872
-1;-3;-8;-9;-4;-1;0;0;8f4cdfd9-c6a5-4abe-9c92-0d36fb7e13b7;2025-05-09 12:29:02.4882
-1;-2;-3;0;4;2;-2;0;8f4cdfd9-c6a5-4abe-9c92-0d36fb7e13b7;2025-05-09 12:29:02.4892
0;1;0;3;-1;-1;1;1;8f4cdfd9-c6a5-4abe-9c92-0d36fb7e13b7;2025-05-09 12:29:02.4892
0;-1;3;-1;0;-2;-2;-1;8f4cdfd9-c6a5-4abe-9c92-0d36fb7e13b7;2025-05-09 12:29:02.4892
0;-1;0;-3;-3;2;0;0;8f4cdfd9-c6a5-4abe-9c92-0d36fb7e13b7;2025-05-09 12:29:02.4952
1;0;-3;3;2;-1;-3;-1;8f4cdfd9-c6a5-4abe-9c92-0d36fb7e13b7;2025-05-09 12:29:02.4952
-2;0;10;-3;-1;-1;-1;-1;8f4cdfd9-c6a5-4abe-9c92-0d36fb7e13b7;2025-05-09 12:29:02.4962
-1;-1;2;2;-2;-4;-1;-1;8f4cdfd9-c6a5-4abe-9c92-0d36fb7e13b7;2025-05-09 12:29:02.4962
-1;-2;-15;-2;-3;2;-3;-1;8f4cdfd9-c6a5-4abe-9c92-0d36fb7e13b7;2025-05-09 12:29:02.5231
-2;1;4;4;3;2;1;0;8f4cdfd9-c6a5-4abe-9c92-0d36fb7e13b7;2025-05-09 12:29:02.5231
-1;0;4;-6;-2;0;-1;0;8f4cdfd9-c6a5-4abe-9c92-0d36fb7e13b7;2025-05-09 12:29:02.5251
-1;-4;-17;-12;0;0;-1;-3;8f4cdfd9-c6a5-4abe-9c92-0d36fb7e13b7;2025-05-09 12:29:02.5251
1;0;10;20;-3;-4;-1;-2;8f4cdfd9-c6a5-4abe-9c92-0d36fb7e13b7;2025-05-09 12:29:02.5301
-2;3;24;7;-6;1;-1;0;8f4cdfd9-c6a5-4abe-9c92-0d36fb7e13b7;2025-05-09 12:29:02.5301
0;-2;-14;-5;5;-2;-3;-1;8f4cdfd9-c6a5-4abe-9c92-0d36fb7e13b7;2025-05-09 12:29:02.5530
-1;-1;-9;-12;-6;-2;-3;0;8f4cdfd9-c6a5-4abe-9c92-0d36fb7e13b7;2025-05-09 12:29:02.5530
-1;-1;-6;-4;-2;0;0;0;8f4cdfd9-c6a5-4abe-9c92-0d36fb7e13b7;2025-05-09 12:29:02.5540
-1;-2;17;7;0;-1;-2;-1;8f4cdfd9-c6a5-4abe-9c92-0d36fb7e13b7;2025-05-09 12:29:02.5540
0;-1;-9;-3;-2;-1;-1;-1;8f4cdfd9-c6a5-4abe-9c92-0d36fb7e13b7;2025-05-09 12:29:02.5696
-1;1;1;-3;-3;-2;0;-1;8f4cdfd9-c6a5-4abe-9c92-0d36fb7e13b7;2025-05-09 12:29:02.5696
-1;-1;0;-2;2;0;-2;-1;8f4cdfd9-c6a5-4abe-9c92-0d36fb7e13b7;2025-05-09 12:29:02.5706
0;-2;-7;-2;-2;-4;0;-1;8f4cdfd9-c6a5-4abe-9c92-0d36fb7e13b7;2025-05-09 12:29:02.5706
-3;-3;-1;-2;0;0;2;-1;8f4cdfd9-c6a5-4abe-9c92-0d36fb7e13b7;2025-05-09 12:29:02.5926
-1;-1;-9;1;1;-2;-3;0;8f4cdfd9-c6a5-4abe-9c92-0d36fb7e13b7;2025-05-09 12:29:02.5926
0;-1;16;-6;1;1;0;0;8f4cdfd9-c6a5-4abe-9c92-0d36fb7e13b7;2025-05-09 12:29:02.5936
-2;-1;-8;0;-1;-2;-3;-2;8f4cdfd9-c6a5-4abe-9c92-0d36fb7e13b7;2025-05-09 12:29:02.5936
0;0;-10;-5;-1;-1;-2;1;8f4cdfd9-c6a5-4abe-9c92-0d36fb7e13b7;2025-05-09 12:29:02.5966
-2;0;8;10;2;0;0;0;8f4cdfd9-c6a5-4abe-9c92-0d36fb7e13b7;2025-05-09 12:29:02.5975
0;-2;-6;-2;-2;1;1;0;8f4cdfd9-c6a5-4abe-9c92-0d36fb7e13b7;2025-05-09 12:29:02.6125
0;3;11;-5;0;1;-1;-1;8f4cdfd9-c6a5-4abe-9c92-0d36fb7e13b7;2025-05-09 12:29:02.6125
-2;-3;-24;3;-3;-1;0;-1;8f4cdfd9-c6a5-4abe-9c92-0d36fb7e13b7;2025-05-09 12:29:02.6205
0;-3;-1;-4;-1;0;0;1;8f4cdfd9-c6a5-4abe-9c92-0d36fb7e13b7;2025-05-09 12:29:02.6215
1;1;2;-3;-2;-2;-1;-1;8f4cdfd9-c6a5-4abe-9c92-0d36fb7e13b7;2025-05-09 12:29:02.6265
-2;-5;-11;-7;1;-1;0;0;8f4cdfd9-c6a5-4abe-9c92-0d36fb7e13b7;2025-05-09 12:29:02.6265
-2;2;16;11;2;0;0;-2;8f4cdfd9-c6a5-4abe-9c92-0d36fb7e13b7;2025-05-09 12:29:02.6354
-2;0;1;2;-2;-2;-2;-3;8f4cdfd9-c6a5-4abe-9c92-0d36fb7e13b7;2025-05-09 12:29:02.6364
-2;-1;-3;3;2;0;-1;-1;8f4cdfd9-c6a5-4abe-9c92-0d36fb7e13b7;2025-05-09 12:29:02.6494
-1;-1;-4;3;0;1;-1;0;8f4cdfd9-c6a5-4abe-9c92-0d36fb7e13b7;2025-05-09 12:29:02.6504
0;0;9;-2;-1;-3;0;-1;8f4cdfd9-c6a5-4abe-9c92-0d36fb7e13b7;2025-05-09 12:29:02.6584
0;-1;-8;-3;1;0;-1;-1;8f4cdfd9-c6a5-4abe-9c92-0d36fb7e13b7;2025-05-09 12:29:02.6584
0;-1;17;-2;-2;-3;1;0;8f4cdfd9-c6a5-4abe-9c92-0d36fb7e13b7;2025-05-09 12:29:02.6723
-1;-3;-22;-7;-1;0;-2;1;8f4cdfd9-c6a5-4abe-9c92-0d36fb7e13b7;2025-05-09 12:29:02.6723
-1;-2;-2;0;-1;-1;-2;0;8f4cdfd9-c6a5-4abe-9c92-0d36fb7e13b7;2025-05-09 12:29:02.6893
0;1;7;1;2;-1;-1;-2;8f4cdfd9-c6a5-4abe-9c92-0d36fb7e13b7;2025-05-09 12:29:02.6893
-1;-3;-34;0;-2;-1;-1;-2;8f4cdfd9-c6a5-4abe-9c92-0d36fb7e13b7;2025-05-09 12:29:02.6963
0;7;33;4;-8;-1;-2;-2;8f4cdfd9-c6a5-4abe-9c92-0d36fb7e13b7;2025-05-09 12:29:02.6963
-3;-11;14;11;-1;0;-1;-3;8f4cdfd9-c6a5-4abe-9c92-0d36fb7e13b7;2025-05-09 12:29:02.6973
0;0;-3;-5;0;0;1;0;8f4cdfd9-c6a5-4abe-9c92-0d36fb7e13b7;2025-05-09 12:29:02.6973
-2;-3;-2;9;-5;-2;-3;-1;8f4cdfd9-c6a5-4abe-9c92-0d36fb7e13b7;2025-05-09 12:29:02.7112
-1;-2;-5;-13;2;-1;1;1;8f4cdfd9-c6a5-4abe-9c92-0d36fb7e13b7;2025-05-09 12:29:02.7112
1;1;-4;6;6;0;-2;-1;8f4cdfd9-c6a5-4abe-9c92-0d36fb7e13b7;2025-05-09 12:29:02.7122
-1;-1;8;1;-8;0;1;0;8f4cdfd9-c6a5-4abe-9c92-0d36fb7e13b7;2025-05-09 12:29:02.7122
0;-1;-1;-2;3;1;-2;0;8f4cdfd9-c6a5-4abe-9c92-0d36fb7e13b7;2025-05-09 12:29:02.7412
-1;0;4;5;4;-3;-1;0;8f4cdfd9-c6a5-4abe-9c92-0d36fb7e13b7;2025-05-09 12:29:02.7412
-1;1;4;-6;-6;1;-3;0;8f4cdfd9-c6a5-4abe-9c92-0d36fb7e13b7;2025-05-09 12:29:02.7422
-2;-2;-5;1;4;-1;0;1;8f4cdfd9-c6a5-4abe-9c92-0d36fb7e13b7;2025-05-09 12:29:02.7422
-2;0;-1;-4;-4;-1;-2;-1;8f4cdfd9-c6a5-4abe-9c92-0d36fb7e13b7;2025-05-09 12:29:02.7471
-2;-2;-2;3;0;-2;-1;-2;8f4cdfd9-c6a5-4abe-9c92-0d36fb7e13b7;2025-05-09 12:29:02.7471
1;3;15;-5;-1;-1;4;2;8f4cdfd9-c6a5-4abe-9c92-0d36fb7e13b7;2025-05-09 12:29:02.7616
-1;-2;-37;-2;-2;1;-2;-1;8f4cdfd9-c6a5-4abe-9c92-0d36fb7e13b7;2025-05-09 12:29:02.7616
-1;-3;1;-11;-7;-2;-1;-1;8f4cdfd9-c6a5-4abe-9c92-0d36fb7e13b7;2025-05-09 12:29:02.7786
1;-2;-19;4;5;1;-2;0;8f4cdfd9-c6a5-4abe-9c92-0d36fb7e13b7;2025-05-09 12:29:02.7786
-2;3;19;-2;-4;-3;-4;-3;8f4cdfd9-c6a5-4abe-9c92-0d36fb7e13b7;2025-05-09 12:29:02.7846
-1;-2;26;11;-2;1;1;-1;8f4cdfd9-c6a5-4abe-9c92-0d36fb7e13b7;2025-05-09 12:29:02.7846
-2;-1;-10;-8;2;-2;-1;-1;8f4cdfd9-c6a5-4abe-9c92-0d36fb7e13b7;2025-05-09 12:29:02.7925
0;-4;-7;7;-1;-1;0;-3;8f4cdfd9-c6a5-4abe-9c92-0d36fb7e13b7;2025-05-09 12:29:02.7925
-1;-1;-10;-13;1;1;-3;0;8f4cdfd9-c6a5-4abe-9c92-0d36fb7e13b7;2025-05-09 12:29:02.8005
0;4;-4;-11;2;0;1;0;8f4cdfd9-c6a5-4abe-9c92-0d36fb7e13b7;2025-05-09 12:29:02.8005
-1;5;54;29;1;0;0;0;8f4cdfd9-c6a5-4abe-9c92-0d36fb7e13b7;2025-05-09 12:29:02.8070
-4;-6;-42;-14;-6;-2;0;-3;8f4cdfd9-c6a5-4abe-9c92-0d36fb7e13b7;2025-05-09 12:29:02.8070
0;-3;-22;-10;1;2;-1;1;8f4cdfd9-c6a5-4abe-9c92-0d36fb7e13b7;2025-05-09 12:29:02.8220
-3;-8;-25;-10;-2;-3;-2;-4;8f4cdfd9-c6a5-4abe-9c92-0d36fb7e13b7;2025-05-09 12:29:02.8220
2;0;4;-7;2;-1;3;1;8f4cdfd9-c6a5-4abe-9c92-0d36fb7e13b7;2025-05-09 12:29:02.8310
1;2;22;17;-3;-1;1;2;8f4cdfd9-c6a5-4abe-9c92-0d36fb7e13b7;2025-05-09 12:29:02.8310
-3;-1;-8;-9;-5;-1;-3;-2;8f4cdfd9-c6a5-4abe-9c92-0d36fb7e13b7;2025-05-09 12:29:02.8327
-1;-1;8;-2;-2;-2;-2;0;8f4cdfd9-c6a5-4abe-9c92-0d36fb7e13b7;2025-05-09 12:29:02.8330
0;-1;-8;1;1;0;-2;-1;8f4cdfd9-c6a5-4abe-9c92-0d36fb7e13b7;2025-05-09 12:29:02.8614
0;2;8;3;2;0;0;0;8f4cdfd9-c6a5-4abe-9c92-0d36fb7e13b7;2025-05-09 12:29:02.8614
0;1;-6;3;1;-2;1;-1;8f4cdfd9-c6a5-4abe-9c92-0d36fb7e13b7;2025-05-09 12:29:02.8674
0;0;11;-10;-3;-2;-2;-1;8f4cdfd9-c6a5-4abe-9c92-0d36fb7e13b7;2025-05-09 12:29:02.8674
-2;-1;-11;2;-3;-2;-1;-3;8f4cdfd9-c6a5-4abe-9c92-0d36fb7e13b7;2025-05-09 12:29:02.8684
1;0;7;2;0;-1;-1;-1;8f4cdfd9-c6a5-4abe-9c92-0d36fb7e13b7;2025-05-09 12:29:02.8684
-1;-1;15;13;3;0;0;-1;8f4cdfd9-c6a5-4abe-9c92-0d36fb7e13b7;2025-05-09 12:29:02.8893
-1;-1;-19;-2;-4;-2;0;-1;8f4cdfd9-c6a5-4abe-9c92-0d36fb7e13b7;2025-05-09 12:29:02.8893
-3;-11;-5;-11;-2;0;0;-1;8f4cdfd9-c6a5-4abe-9c92-0d36fb7e13b7;2025-05-09 12:29:02.8983
-1;0;-5;-8;-2;1;0;-1;8f4cdfd9-c6a5-4abe-9c92-0d36fb7e13b7;2025-05-09 12:29:02.8983
1;2;15;9;-2;-1;-1;0;8f4cdfd9-c6a5-4abe-9c92-0d36fb7e13b7;2025-05-09 12:29:02.9003
-1;1;22;8;5;0;0;-1;8f4cdfd9-c6a5-4abe-9c92-0d36fb7e13b7;2025-05-09 12:29:02.9003
-3;-2;-19;-5;-7;-2;-4;-3;8f4cdfd9-c6a5-4abe-9c92-0d36fb7e13b7;2025-05-09 12:29:02.9123
0;-1;11;-8;-2;0;-1;-1;8f4cdfd9-c6a5-4abe-9c92-0d36fb7e13b7;2025-05-09 12:29:02.9133
0;-4;-16;-11;-13;-2;-2;-1;8f4cdfd9-c6a5-4abe-9c92-0d36fb7e13b7;2025-05-09 12:29:02.9192
-1;1;3;17;13;5;2;0;8f4cdfd9-c6a5-4abe-9c92-0d36fb7e13b7;2025-05-09 12:29:02.9192
0;3;9;5;3;0;2;0;8f4cdfd9-c6a5-4abe-9c92-0d36fb7e13b7;2025-05-09 12:29:02.9352
-1;-5;-16;-5;0;-2;-1;-2;8f4cdfd9-c6a5-4abe-9c92-0d36fb7e13b7;2025-05-09 12:29:02.9352
-2;1;8;9;-1;-2;0;-1;8f4cdfd9-c6a5-4abe-9c92-0d36fb7e13b7;2025-05-09 12:29:02.9432
-2;-6;-16;-31;-7;-3;-3;-2;8f4cdfd9-c6a5-4abe-9c92-0d36fb7e13b7;2025-05-09 12:29:02.9432
-2;-1;0;8;-4;-4;-3;-1;8f4cdfd9-c6a5-4abe-9c92-0d36fb7e13b7;2025-05-09 12:29:02.9581
-1;-1;5;3;3;0;0;1;8f4cdfd9-c6a5-4abe-9c92-0d36fb7e13b7;2025-05-09 12:29:02.9581
-2;-3;-12;-4;1;0;-1;-2;8f4cdfd9-c6a5-4abe-9c92-0d36fb7e13b7;2025-05-09 12:29:02.9651
0;3;9;1;-1;0;-1;1;8f4cdfd9-c6a5-4abe-9c92-0d36fb7e13b7;2025-05-09 12:29:02.9651
-1;-1;-3;-5;1;-1;-3;0;8f4cdfd9-c6a5-4abe-9c92-0d36fb7e13b7;2025-05-09 12:29:02.9886
-2;-3;0;0;-4;-4;-3;-2;8f4cdfd9-c6a5-4abe-9c92-0d36fb7e13b7;2025-05-09 12:29:02.9886
1;-1;0;-2;2;1;-1;0;8f4cdfd9-c6a5-4abe-9c92-0d36fb7e13b7;2025-05-09 12:29:03.0035
-1;0;-2;3;-3;-1;-2;1;8f4cdfd9-c6a5-4abe-9c92-0d36fb7e13b7;2025-05-09 12:29:03.0045
0;1;-10;-8;-3;0;0;0;8f4cdfd9-c6a5-4abe-9c92-0d36fb7e13b7;2025-05-09 12:29:03.0045
-1;-1;3;3;-1;0;-1;-2;8f4cdfd9-c6a5-4abe-9c92-0d36fb7e13b7;2025-05-09 12:29:03.0045
-1;-2;-2;-4;0;-1;1;-2;8f4cdfd9-c6a5-4abe-9c92-0d36fb7e13b7;2025-05-09 12:29:03.0065
0;-2;-1;4;-1;-3;-1;-1;8f4cdfd9-c6a5-4abe-9c92-0d36fb7e13b7;2025-05-09 12:29:03.0065
-1;2;-5;-3;-1;-2;-1;-1;8f4cdfd9-c6a5-4abe-9c92-0d36fb7e13b7;2025-05-09 12:29:03.0175
1;4;34;-1;3;1;1;0;8f4cdfd9-c6a5-4abe-9c92-0d36fb7e13b7;2025-05-09 12:29:03.0175
-1;-6;-55;-3;-3;-2;-1;-1;8f4cdfd9-c6a5-4abe-9c92-0d36fb7e13b7;2025-05-09 12:29:03.0334
-2;1;8;-5;-4;0;-2;-1;8f4cdfd9-c6a5-4abe-9c92-0d36fb7e13b7;2025-05-09 12:29:03.0334
-1;-1;-22;0;-1;0;1;-1;8f4cdfd9-c6a5-4abe-9c92-0d36fb7e13b7;2025-05-09 12:29:03.0344
-2;-3;-12;-10;-3;-1;-2;0;8f4cdfd9-c6a5-4abe-9c92-0d36fb7e13b7;2025-05-09 12:29:03.0344
-2;1;19;3;0;-1;0;-2;8f4cdfd9-c6a5-4abe-9c92-0d36fb7e13b7;2025-05-09 12:29:03.0474
0;-1;-2;15;0;-4;-2;-2;8f4cdfd9-c6a5-4abe-9c92-0d36fb7e13b7;2025-05-09 12:29:03.0474
0;0;1;-26;1;2;-1;1;8f4cdfd9-c6a5-4abe-9c92-0d36fb7e13b7;2025-05-09 12:29:03.0564
-2;-3;8;24;-1;-1;-3;-1;8f4cdfd9-c6a5-4abe-9c92-0d36fb7e13b7;2025-05-09 12:29:03.0564
0;1;-11;-8;2;1;1;-1;8f4cdfd9-c6a5-4abe-9c92-0d36fb7e13b7;2025-05-09 12:29:03.0574
0;1;16;0;-4;-2;-1;-2;8f4cdfd9-c6a5-4abe-9c92-0d36fb7e13b7;2025-05-09 12:29:03.0574
1;-3;6;0;0;-1;-1;-2;8f4cdfd9-c6a5-4abe-9c92-0d36fb7e13b7;2025-05-09 12:29:03.0793
-2;-6;-52;-19;-6;-2;-2;-2;8f4cdfd9-c6a5-4abe-9c92-0d36fb7e13b7;2025-05-09 12:29:03.0793
0;1;21;9;0;-1;-2;0;8f4cdfd9-c6a5-4abe-9c92-0d36fb7e13b7;2025-05-09 12:29:03.0803
-1;-1;2;6;-3;0;0;-1;8f4cdfd9-c6a5-4abe-9c92-0d36fb7e13b7;2025-05-09 12:29:03.0803
-1;-1;9;-2;1;-1;0;-2;8f4cdfd9-c6a5-4abe-9c92-0d36fb7e13b7;2025-05-09 12:29:03.0933
0;0;-15;6;1;1;0;1;8f4cdfd9-c6a5-4abe-9c92-0d36fb7e13b7;2025-05-09 12:29:03.0933
-2;-2;-6;-18;-6;-2;-4;-2;8f4cdfd9-c6a5-4abe-9c92-0d36fb7e13b7;2025-05-09 12:29:03.1003
0;-2;-5;0;1;0;-1;-1;8f4cdfd9-c6a5-4abe-9c92-0d36fb7e13b7;2025-05-09 12:29:03.1003
0;-3;-4;6;-2;-1;1;-1;8f4cdfd9-c6a5-4abe-9c92-0d36fb7e13b7;2025-05-09 12:29:03.1162
0;2;5;-1;2;1;0;0;8f4cdfd9-c6a5-4abe-9c92-0d36fb7e13b7;2025-05-09 12:29:03.1162
-2;-1;11;9;2;0;-1;0;8f4cdfd9-c6a5-4abe-9c92-0d36fb7e13b7;2025-05-09 12:29:03.1182
-1;0;-4;-13;-4;1;0;-1;8f4cdfd9-c6a5-4abe-9c92-0d36fb7e13b7;2025-05-09 12:29:03.1182
-1;1;2;-1;0;0;-3;-1;8f4cdfd9-c6a5-4abe-9c92-0d36fb7e13b7;2025-05-09 12:29:03.1596
1;1;-11;-6;-2;-2;-1;0;8f4cdfd9-c6a5-4abe-9c92-0d36fb7e13b7;2025-05-09 12:29:03.1596
0;0;1;5;1;-3;0;-1;8f4cdfd9-c6a5-4abe-9c92-0d36fb7e13b7;2025-05-09 12:29:03.1776
0;3;41;15;0;-2;0;-1;8f4cdfd9-c6a5-4abe-9c92-0d36fb7e13b7;2025-05-09 12:29:03.1776
-3;-5;-42;-15;-6;0;0;1;8f4cdfd9-c6a5-4abe-9c92-0d36fb7e13b7;2025-05-09 12:29:03.1786
-1;-3;6;-4;1;0;-1;-2;8f4cdfd9-c6a5-4abe-9c92-0d36fb7e13b7;2025-05-09 12:29:03.1786
-1;-1;-5;-5;-2;-1;0;-1;8f4cdfd9-c6a5-4abe-9c92-0d36fb7e13b7;2025-05-09 12:29:03.2194
0;-7;-1;15;4;-2;0;-1;8f4cdfd9-c6a5-4abe-9c92-0d36fb7e13b7;2025-05-09 12:29:03.2204
-1;2;18;-6;-3;-3;-2;-1;8f4cdfd9-c6a5-4abe-9c92-0d36fb7e13b7;2025-05-09 12:29:03.2434
-1;0;6;-2;3;-2;0;-2;8f4cdfd9-c6a5-4abe-9c92-0d36fb7e13b7;2025-05-09 12:29:03.2434
1;1;2;-1;-3;1;0;0;8f4cdfd9-c6a5-4abe-9c92-0d36fb7e13b7;2025-05-09 12:29:03.2434
1;0;-2;1;0;0;0;0;8f4cdfd9-c6a5-4abe-9c92-0d36fb7e13b7;2025-05-09 12:29:03.2444
0;0;1;-4;3;0;-2;-1;8f4cdfd9-c6a5-4abe-9c92-0d36fb7e13b7;2025-05-09 12:29:03.3052
-3;0;-8;-11;-6;-1;-1;-2;8f4cdfd9-c6a5-4abe-9c92-0d36fb7e13b7;2025-05-09 12:29:03.3052
-1;2;25;15;3;-3;-2;1;8f4cdfd9-c6a5-4abe-9c92-0d36fb7e13b7;2025-05-09 12:29:03.3062
-3;-7;-61;-19;-4;-2;-1;-2;8f4cdfd9-c6a5-4abe-9c92-0d36fb7e13b7;2025-05-09 12:29:03.3062
-3;-2;15;10;-6;-4;0;-3;8f4cdfd9-c6a5-4abe-9c92-0d36fb7e13b7;2025-05-09 12:29:03.3072
-1;2;27;8;-1;-1;-3;0;8f4cdfd9-c6a5-4abe-9c92-0d36fb7e13b7;2025-05-09 12:29:03.3072
-1;0;2;10;6;-1;-2;-1;8f4cdfd9-c6a5-4abe-9c92-0d36fb7e13b7;2025-05-09 12:29:03.3571
0;1;23;13;-1;1;-1;0;8f4cdfd9-c6a5-4abe-9c92-0d36fb7e13b7;2025-05-09 12:29:03.3571
-1;-6;-22;-19;-7;-1;-2;-1;8f4cdfd9-c6a5-4abe-9c92-0d36fb7e13b7;2025-05-09 12:29:03.3591
-1;1;9;-4;-1;2;-2;-1;8f4cdfd9-c6a5-4abe-9c92-0d36fb7e13b7;2025-05-09 12:29:03.3591
-1;2;9;-3;1;-3;0;-1;8f4cdfd9-c6a5-4abe-9c92-0d36fb7e13b7;2025-05-09 12:29:03.3601
0;7;26;-7;-4;1;0;-1;8f4cdfd9-c6a5-4abe-9c92-0d36fb7e13b7;2025-05-09 12:29:03.3601
-1;-4;-25;1;4;-3;1;0;8f4cdfd9-c6a5-4abe-9c92-0d36fb7e13b7;2025-05-09 12:29:03.4758
0;-1;2;11;-3;-2;-1;0;8f4cdfd9-c6a5-4abe-9c92-0d36fb7e13b7;2025-05-09 12:29:03.4768
-1;-6;-29;-16;1;0;-2;-1;8f4cdfd9-c6a5-4abe-9c92-0d36fb7e13b7;2025-05-09 12:29:03.4768
0;2;18;11;-2;-1;-3;-1;8f4cdfd9-c6a5-4abe-9c92-0d36fb7e13b7;2025-05-09 12:29:03.4768
-1;0;-4;-5;-4;0;-1;-2;8f4cdfd9-c6a5-4abe-9c92-0d36fb7e13b7;2025-05-09 12:29:03.4778
-1;-1;0;0;2;-1;-1;-2;8f4cdfd9-c6a5-4abe-9c92-0d36fb7e13b7;2025-05-09 12:29:03.4778
0;2;5;3;0;0;-1;-2;8f4cdfd9-c6a5-4abe-9c92-0d36fb7e13b7;2025-05-09 12:29:03.4917
-2;-1;-5;-5;0;0;-1;0;8f4cdfd9-c6a5-4abe-9c92-0d36fb7e13b7;2025-05-09 12:29:03.4917
-2;-4;-6;-6;-3;-3;0;-1;8f4cdfd9-c6a5-4abe-9c92-0d36fb7e13b7;2025-05-09 12:29:03.4927
-3;-2;3;-3;0;-2;0;1;8f4cdfd9-c6a5-4abe-9c92-0d36fb7e13b7;2025-05-09 12:29:03.4927
-1;-1;15;0;1;0;-2;0;8f4cdfd9-c6a5-4abe-9c92-0d36fb7e13b7;2025-05-09 12:29:03.4977
-1;-1;-13;1;-2;-1;0;0;8f4cdfd9-c6a5-4abe-9c92-0d36fb7e13b7;2025-05-09 12:29:03.4977
-1;-1;-3;-8;-1;-1;1;-1;8f4cdfd9-c6a5-4abe-9c92-0d36fb7e13b7;2025-05-09 12:29:03.5217
-1;0;-1;-2;0;0;-2;-1;8f4cdfd9-c6a5-4abe-9c92-0d36fb7e13b7;2025-05-09 12:29:03.5217
1;1;1;1;-1;-2;-1;-1;8f4cdfd9-c6a5-4abe-9c92-0d36fb7e13b7;2025-05-09 12:29:03.5226
-1;-3;6;-3;-1;-2;-1;-1;8f4cdfd9-c6a5-4abe-9c92-0d36fb7e13b7;2025-05-09 12:29:03.5226
-1;-1;-3;-5;-4;3;0;-1;8f4cdfd9-c6a5-4abe-9c92-0d36fb7e13b7;2025-05-09 12:29:03.5236
0;5;19;23;1;0;0;1;8f4cdfd9-c6a5-4abe-9c92-0d36fb7e13b7;2025-05-09 12:29:03.5236
-3;-4;-31;-14;-3;-3;-2;0;8f4cdfd9-c6a5-4abe-9c92-0d36fb7e13b7;2025-05-09 12:29:03.5436
-1;-1;2;0;-3;-1;-1;-2;8f4cdfd9-c6a5-4abe-9c92-0d36fb7e13b7;2025-05-09 12:29:03.5436
-1;1;-2;-2;2;1;1;1;8f4cdfd9-c6a5-4abe-9c92-0d36fb7e13b7;2025-05-09 12:29:03.5446
1;-1;-1;9;5;2;-2;1;8f4cdfd9-c6a5-4abe-9c92-0d36fb7e13b7;2025-05-09 12:29:03.5446
-2;-5;-29;-14;-1;-2;-3;-2;8f4cdfd9-c6a5-4abe-9c92-0d36fb7e13b7;2025-05-09 12:29:03.5586
0;1;5;-2;-9;-1;1;0;8f4cdfd9-c6a5-4abe-9c92-0d36fb7e13b7;2025-05-09 12:29:03.5586
0;0;0;-4;1;-2;-2;-2;8f4cdfd9-c6a5-4abe-9c92-0d36fb7e13b7;2025-05-09 12:29:03.5715
-2;-2;-2;-9;-2;-3;-3;-2;8f4cdfd9-c6a5-4abe-9c92-0d36fb7e13b7;2025-05-09 12:29:03.5725
-1;-1;3;13;0;2;1;-1;8f4cdfd9-c6a5-4abe-9c92-0d36fb7e13b7;2025-05-09 12:29:03.5805
-2;-2;4;3;3;0;-1;-2;8f4cdfd9-c6a5-4abe-9c92-0d36fb7e13b7;2025-05-09 12:29:03.5815
2;0;0;1;-3;-1;-1;-1;8f4cdfd9-c6a5-4abe-9c92-0d36fb7e13b7;2025-05-09 12:29:03.5825
0;-2;-5;-8;-2;-1;0;0;8f4cdfd9-c6a5-4abe-9c92-0d36fb7e13b7;2025-05-09 12:29:03.5825
1;2;5;5;-3;-1;-2;-1;8f4cdfd9-c6a5-4abe-9c92-0d36fb7e13b7;2025-05-09 12:29:03.6044
-1;-3;-4;-2;4;0;0;-1;8f4cdfd9-c6a5-4abe-9c92-0d36fb7e13b7;2025-05-09 12:29:03.6044
0;0;8;3;-2;0;0;1;8f4cdfd9-c6a5-4abe-9c92-0d36fb7e13b7;2025-05-09 12:29:03.6054
0;-2;-8;1;0;-1;-1;-2;8f4cdfd9-c6a5-4abe-9c92-0d36fb7e13b7;2025-05-09 12:29:03.6054
-2;-2;0;-8;-7;-2;1;-1;8f4cdfd9-c6a5-4abe-9c92-0d36fb7e13b7;2025-05-09 12:29:03.6179
1;2;15;7;1;0;0;-1;8f4cdfd9-c6a5-4abe-9c92-0d36fb7e13b7;2025-05-09 12:29:03.6179
-2;-4;-35;-11;0;-1;-2;-2;8f4cdfd9-c6a5-4abe-9c92-0d36fb7e13b7;2025-05-09 12:29:03.6179
-1;0;-1;-5;1;1;0;-1;8f4cdfd9-c6a5-4abe-9c92-0d36fb7e13b7;2025-05-09 12:29:03.6179
1;-1;0;3;1;0;-1;1;8f4cdfd9-c6a5-4abe-9c92-0d36fb7e13b7;2025-05-09 12:29:03.6408
-1;-2;2;4;1;0;-1;-1;8f4cdfd9-c6a5-4abe-9c92-0d36fb7e13b7;2025-05-09 12:29:03.6408
1;1;3;0;-3;0;-2;-2;8f4cdfd9-c6a5-4abe-9c92-0d36fb7e13b7;2025-05-09 12:29:03.6418
-1;-1;-2;-2;-1;-1;-2;-1;8f4cdfd9-c6a5-4abe-9c92-0d36fb7e13b7;2025-05-09 12:29:03.6418
0;3;-10;-13;-1;3;2;0;8f4cdfd9-c6a5-4abe-9c92-0d36fb7e13b7;2025-05-09 12:29:03.6558
0;0;18;5;2;-3;-2;0;8f4cdfd9-c6a5-4abe-9c92-0d36fb7e13b7;2025-05-09 12:29:03.6558
-2;0;9;6;-4;-4;-3;-1;8f4cdfd9-c6a5-4abe-9c92-0d36fb7e13b7;2025-05-09 12:29:03.6628
1;-1;-6;-5;0;0;0;1;8f4cdfd9-c6a5-4abe-9c92-0d36fb7e13b7;2025-05-09 12:29:03.6628
-1;0;-1;6;2;0;0;-2;8f4cdfd9-c6a5-4abe-9c92-0d36fb7e13b7;2025-05-09 12:29:03.6777
-1;1;-5;-1;-3;0;-2;-1;8f4cdfd9-c6a5-4abe-9c92-0d36fb7e13b7;2025-05-09 12:29:03.6777
0;-3;8;-5;-1;2;-1;-1;8f4cdfd9-c6a5-4abe-9c92-0d36fb7e13b7;2025-05-09 12:29:03.6787
-1;-1;-2;-8;-4;-1;-1;-1;8f4cdfd9-c6a5-4abe-9c92-0d36fb7e13b7;2025-05-09 12:29:03.6787
1;0;1;4;4;-1;0;-1;8f4cdfd9-c6a5-4abe-9c92-0d36fb7e13b7;2025-05-09 12:29:03.7087
0;-2;-3;-3;-2;-3;0;-2;8f4cdfd9-c6a5-4abe-9c92-0d36fb7e13b7;2025-05-09 12:29:03.7087
-1;-1;-3;10;0;-4;-1;0;8f4cdfd9-c6a5-4abe-9c92-0d36fb7e13b7;2025-05-09 12:29:03.7087
0;-2;2;-3;-8;0;0;-1;8f4cdfd9-c6a5-4abe-9c92-0d36fb7e13b7;2025-05-09 12:29:03.7087
2;8;11;8;5;1;-1;-1;8f4cdfd9-c6a5-4abe-9c92-0d36fb7e13b7;2025-05-09 12:29:03.7226
-4;-10;-15;-11;-3;-1;-1;-2;8f4cdfd9-c6a5-4abe-9c92-0d36fb7e13b7;2025-05-09 12:29:03.7226
2;0;9;13;0;0;-1;0;8f4cdfd9-c6a5-4abe-9c92-0d36fb7e13b7;2025-05-09 12:29:03.7306
-1;0;0;-12;-5;-4;-2;-2;8f4cdfd9-c6a5-4abe-9c92-0d36fb7e13b7;2025-05-09 12:29:03.7306
2;9;12;8;8;0;0;0;8f4cdfd9-c6a5-4abe-9c92-0d36fb7e13b7;2025-05-09 12:29:03.7446
0;-9;-8;-1;-2;-2;1;-2;8f4cdfd9-c6a5-4abe-9c92-0d36fb7e13b7;2025-05-09 12:29:03.7446
-3;-2;-14;-20;0;-1;0;0;8f4cdfd9-c6a5-4abe-9c92-0d36fb7e13b7;2025-05-09 12:29:03.7525
-3;1;27;30;1;0;-1;-2;8f4cdfd9-c6a5-4abe-9c92-0d36fb7e13b7;2025-05-09 12:29:03.7525
-3;-6;4;-3;-5;-3;-2;0;8f4cdfd9-c6a5-4abe-9c92-0d36fb7e13b7;2025-05-09 12:29:03.7685
2;18;3;8;7;1;-1;0;8f4cdfd9-c6a5-4abe-9c92-0d36fb7e13b7;2025-05-09 12:29:03.7685
-4;-7;-1;-6;-8;-1;0;-3;8f4cdfd9-c6a5-4abe-9c92-0d36fb7e13b7;2025-05-09 12:29:03.7695
2;-1;-11;-13;-1;-3;-1;0;8f4cdfd9-c6a5-4abe-9c92-0d36fb7e13b7;2025-05-09 12:29:03.7695
-3;-9;-8;-6;-4;-1;-2;-2;8f4cdfd9-c6a5-4abe-9c92-0d36fb7e13b7;2025-05-09 12:29:03.7745
-1;3;5;3;-2;0;-3;1;8f4cdfd9-c6a5-4abe-9c92-0d36fb7e13b7;2025-05-09 12:29:03.7745
0;2;-2;-2;1;1;1;-2;8f4cdfd9-c6a5-4abe-9c92-0d36fb7e13b7;2025-05-09 12:29:03.7904
-1;0;-6;-7;2;1;-1;0;8f4cdfd9-c6a5-4abe-9c92-0d36fb7e13b7;2025-05-09 12:29:03.7904
1;3;2;5;-3;-3;-1;-1;8f4cdfd9-c6a5-4abe-9c92-0d36fb7e13b7;2025-05-09 12:29:03.7974
-1;-7;-5;-12;-3;-1;0;-1;8f4cdfd9-c6a5-4abe-9c92-0d36fb7e13b7;2025-05-09 12:29:03.7974
0;1;-8;2;2;-2;0;-1;8f4cdfd9-c6a5-4abe-9c92-0d36fb7e13b7;2025-05-09 12:29:03.7984
-2;-3;-9;-7;-1;0;-1;-1;8f4cdfd9-c6a5-4abe-9c92-0d36fb7e13b7;2025-05-09 12:29:03.7984
-2;-3;-1;0;-3;-2;1;0;8f4cdfd9-c6a5-4abe-9c92-0d36fb7e13b7;2025-05-09 12:29:03.8214
-1;1;7;2;-2;1;0;0;8f4cdfd9-c6a5-4abe-9c92-0d36fb7e13b7;2025-05-09 12:29:03.8214
-3;-11;0;0;-3;0;-1;-2;8f4cdfd9-c6a5-4abe-9c92-0d36fb7e13b7;2025-05-09 12:29:03.8224
0;1;-7;-3;3;-1;1;-1;8f4cdfd9-c6a5-4abe-9c92-0d36fb7e13b7;2025-05-09 12:29:03.8224
-1;-3;-7;-4;-4;-1;-2;1;8f4cdfd9-c6a5-4abe-9c92-0d36fb7e13b7;2025-05-09 12:29:03.8443
-5;1;2;1;0;-2;-3;-1;8f4cdfd9-c6a5-4abe-9c92-0d36fb7e13b7;2025-05-09 12:29:03.8443
15;15;22;13;7;0;2;4;8f4cdfd9-c6a5-4abe-9c92-0d36fb7e13b7;2025-05-09 12:29:03.8453
-9;-23;-20;-10;-3;-2;-3;-4;8f4cdfd9-c6a5-4abe-9c92-0d36fb7e13b7;2025-05-09 12:29:03.8453
1;-2;-5;-9;-1;-1;-2;-2;8f4cdfd9-c6a5-4abe-9c92-0d36fb7e13b7;2025-05-09 12:29:03.8662
0;-1;1;0;-3;-1;-1;-1;8f4cdfd9-c6a5-4abe-9c92-0d36fb7e13b7;2025-05-09 12:29:03.8662
-4;-2;-2;-4;-1;-4;-2;-3;8f4cdfd9-c6a5-4abe-9c92-0d36fb7e13b7;2025-05-09 12:29:03.8672
0;9;6;5;3;0;0;-1;8f4cdfd9-c6a5-4abe-9c92-0d36fb7e13b7;2025-05-09 12:29:03.8672
0;1;6;5;-2;0;-2;1;8f4cdfd9-c6a5-4abe-9c92-0d36fb7e13b7;2025-05-09 12:29:03.8812
-1;-5;-16;-7;0;-1;-1;-1;8f4cdfd9-c6a5-4abe-9c92-0d36fb7e13b7;2025-05-09 12:29:03.8822
-3;2;4;-1;-3;-2;-2;0;8f4cdfd9-c6a5-4abe-9c92-0d36fb7e13b7;2025-05-09 12:29:03.8822
2;2;7;6;2;0;0;-1;8f4cdfd9-c6a5-4abe-9c92-0d36fb7e13b7;2025-05-09 12:29:03.8822
-4;-5;-5;-4;-4;-4;-2;-1;8f4cdfd9-c6a5-4abe-9c92-0d36fb7e13b7;2025-05-09 12:29:03.8947
2;5;5;2;-3;1;1;1;8f4cdfd9-c6a5-4abe-9c92-0d36fb7e13b7;2025-05-09 12:29:03.8957
-1;0;6;-4;3;1;-1;0;8f4cdfd9-c6a5-4abe-9c92-0d36fb7e13b7;2025-05-09 12:29:03.8957
-2;-5;-15;-12;-3;1;1;1;8f4cdfd9-c6a5-4abe-9c92-0d36fb7e13b7;2025-05-09 12:29:03.8957
-2;-3;-8;5;1;1;-2;-2;8f4cdfd9-c6a5-4abe-9c92-0d36fb7e13b7;2025-05-09 12:29:03.9177
-2;-7;-12;-6;-6;-6;-5;-7;8f4cdfd9-c6a5-4abe-9c92-0d36fb7e13b7;2025-05-09 12:29:03.9177
0;9;14;5;0;-2;-5;2;8f4cdfd9-c6a5-4abe-9c92-0d36fb7e13b7;2025-05-09 12:29:03.9187
0;-5;-16;-2;-2;0;7;8;8f4cdfd9-c6a5-4abe-9c92-0d36fb7e13b7;2025-05-09 12:29:03.9187
2;-1;-11;-12;-3;-3;-1;-3;8f4cdfd9-c6a5-4abe-9c92-0d36fb7e13b7;2025-05-09 12:29:03.9406
-1;1;3;1;4;2;2;3;8f4cdfd9-c6a5-4abe-9c92-0d36fb7e13b7;2025-05-09 12:29:03.9406
-3;-2;1;10;3;2;-2;-6;8f4cdfd9-c6a5-4abe-9c92-0d36fb7e13b7;2025-05-09 12:29:03.9406
-1;3;4;-1;-3;-2;-5;-3;8f4cdfd9-c6a5-4abe-9c92-0d36fb7e13b7;2025-05-09 12:29:03.9406
0;4;6;3;0;-4;-8;1;8f4cdfd9-c6a5-4abe-9c92-0d36fb7e13b7;2025-05-09 12:29:03.9567
-1;-7;-9;-6;-3;-1;7;0;8f4cdfd9-c6a5-4abe-9c92-0d36fb7e13b7;2025-05-09 12:29:03.9567
-2;-3;-10;-9;4;0;3;-2;8f4cdfd9-c6a5-4abe-9c92-0d36fb7e13b7;2025-05-09 12:29:03.9578
1;5;8;3;2;-1;-2;-2;8f4cdfd9-c6a5-4abe-9c92-0d36fb7e13b7;2025-05-09 12:29:03.9578
-2;-5;0;-2;-4;-2;-3;-4;8f4cdfd9-c6a5-4abe-9c92-0d36fb7e13b7;2025-05-09 12:29:03.9788
0;3;4;1;-1;-3;-4;0;8f4cdfd9-c6a5-4abe-9c92-0d36fb7e13b7;2025-05-09 12:29:03.9788
-1;-4;-7;-3;-4;-3;2;2;8f4cdfd9-c6a5-4abe-9c92-0d36fb7e13b7;2025-05-09 12:29:03.9798
-1;-4;1;2;-1;-4;-1;-3;8f4cdfd9-c6a5-4abe-9c92-0d36fb7e13b7;2025-05-09 12:29:03.9798
0;-2;-4;-2;-1;0;0;-2;8f4cdfd9-c6a5-4abe-9c92-0d36fb7e13b7;2025-05-09 12:29:04.0079
-2;-2;4;-2;1;0;-5;-3;8f4cdfd9-c6a5-4abe-9c92-0d36fb7e13b7;2025-05-09 12:29:04.0089
0;2;-5;-5;-4;-2;1;0;8f4cdfd9-c6a5-4abe-9c92-0d36fb7e13b7;2025-05-09 12:29:04.0089
-2;-6;-3;3;0;1;-4;-3;8f4cdfd9-c6a5-4abe-9c92-0d36fb7e13b7;2025-05-09 12:29:04.0089
-3;-2;-6;-3;-1;-7;-9;-3;8f4cdfd9-c6a5-4abe-9c92-0d36fb7e13b7;2025-05-09 12:29:04.0307
0;0;5;4;-1;2;-2;1;8f4cdfd9-c6a5-4abe-9c92-0d36fb7e13b7;2025-05-09 12:29:04.0307
0;-3;2;-3;-3;3;8;0;8f4cdfd9-c6a5-4abe-9c92-0d36fb7e13b7;2025-05-09 12:29:04.0317
-1;-1;-7;-8;-2;-2;-1;-3;8f4cdfd9-c6a5-4abe-9c92-0d36fb7e13b7;2025-05-09 12:29:04.0317
-3;-5;-8;0;0;2;6;-1;8f4cdfd9-c6a5-4abe-9c92-0d36fb7e13b7;2025-05-09 12:29:04.0596
-1;-6;-19;0;3;-2;-1;3;8f4cdfd9-c6a5-4abe-9c92-0d36fb7e13b7;2025-05-09 12:29:04.0596
2;12;21;8;-1;-3;-5;-4;8f4cdfd9-c6a5-4abe-9c92-0d36fb7e13b7;2025-05-09 12:29:04.0686
1;-1;5;-2;2;3;1;1;8f4cdfd9-c6a5-4abe-9c92-0d36fb7e13b7;2025-05-09 12:29:04.0686
1;5;8;8;0;-2;0;1;8f4cdfd9-c6a5-4abe-9c92-0d36fb7e13b7;2025-05-09 12:29:04.0706
-3;-13;-16;-9;-4;-3;-3;-5;8f4cdfd9-c6a5-4abe-9c92-0d36fb7e13b7;2025-05-09 12:29:04.0706
-1;-4;-5;-3;0;-1;-4;-2;8f4cdfd9-c6a5-4abe-9c92-0d36fb7e13b7;2025-05-09 12:29:04.0845
1;5;9;2;-1;-4;0;-2;8f4cdfd9-c6a5-4abe-9c92-0d36fb7e13b7;2025-05-09 12:29:04.0845
-1;3;4;2;2;2;-1;-1;8f4cdfd9-c6a5-4abe-9c92-0d36fb7e13b7;2025-05-09 12:29:04.0865
1;5;-2;-1;2;-2;0;-1;8f4cdfd9-c6a5-4abe-9c92-0d36fb7e13b7;2025-05-09 12:29:04.0865
-3;-4;-7;-2;-4;-3;-3;0;8f4cdfd9-c6a5-4abe-9c92-0d36fb7e13b7;2025-05-09 12:29:04.0875
0;1;0;3;-3;-4;0;-2;8f4cdfd9-c6a5-4abe-9c92-0d36fb7e13b7;2025-05-09 12:29:04.0875
-1;-5;-3;-5;-5;6;4;1;8f4cdfd9-c6a5-4abe-9c92-0d36fb7e13b7;2025-05-09 12:29:04.1224
1;2;5;6;-3;-3;-5;-5;8f4cdfd9-c6a5-4abe-9c92-0d36fb7e13b7;2025-05-09 12:29:04.1224
1;-3;-5;-9;12;4;8;6;8f4cdfd9-c6a5-4abe-9c92-0d36fb7e13b7;2025-05-09 12:29:04.1234
0;6;-9;-7;-2;-2;-13;-1;8f4cdfd9-c6a5-4abe-9c92-0d36fb7e13b7;2025-05-09 12:29:04.1234
-4;-1;6;6;-3;-5;5;-1;8f4cdfd9-c6a5-4abe-9c92-0d36fb7e13b7;2025-05-09 12:29:04.1244
2;4;0;-3;3;3;5;3;8f4cdfd9-c6a5-4abe-9c92-0d36fb7e13b7;2025-05-09 12:29:04.1244
-2;0;4;5;-3;4;-6;-3;8f4cdfd9-c6a5-4abe-9c92-0d36fb7e13b7;2025-05-09 12:29:04.1424
-1;-1;-4;-3;3;-2;1;-2;8f4cdfd9-c6a5-4abe-9c92-0d36fb7e13b7;2025-05-09 12:29:04.1424
0;-4;-15;-1;-1;0;3;2;8f4cdfd9-c6a5-4abe-9c92-0d36fb7e13b7;2025-05-09 12:29:04.2037
-2;-2;-3;-4;-4;-5;-6;-4;8f4cdfd9-c6a5-4abe-9c92-0d36fb7e13b7;2025-05-09 12:29:04.2037
-1;-6;-11;-8;-3;-5;1;-1;8f4cdfd9-c6a5-4abe-9c92-0d36fb7e13b7;2025-05-09 12:29:04.2107
0;1;18;6;0;0;1;1;8f4cdfd9-c6a5-4abe-9c92-0d36fb7e13b7;2025-05-09 12:29:04.2107
-1;-2;-3;0;0;0;-2;0;8f4cdfd9-c6a5-4abe-9c92-0d36fb7e13b7;2025-05-09 12:29:04.2576
-1;2;7;0;1;-1;1;1;8f4cdfd9-c6a5-4abe-9c92-0d36fb7e13b7;2025-05-09 12:29:04.2576
0;-1;-4;-3;-2;-3;-3;-2;8f4cdfd9-c6a5-4abe-9c92-0d36fb7e13b7;2025-05-09 12:29:04.2576
-1;1;-2;1;-3;1;1;-1;8f4cdfd9-c6a5-4abe-9c92-0d36fb7e13b7;2025-05-09 12:29:04.2576
0;2;0;-4;1;2;-2;0;8f4cdfd9-c6a5-4abe-9c92-0d36fb7e13b7;2025-05-09 12:29:04.2586
0;0;8;10;2;0;0;-1;8f4cdfd9-c6a5-4abe-9c92-0d36fb7e13b7;2025-05-09 12:29:04.2586
-1;-3;7;5;0;-2;-4;-2;8f4cdfd9-c6a5-4abe-9c92-0d36fb7e13b7;2025-05-09 12:29:04.2596
-1;-3;-5;-6;-2;-3;3;-1;8f4cdfd9-c6a5-4abe-9c92-0d36fb7e13b7;2025-05-09 12:29:04.2596
2;0;4;1;-2;-3;-1;-1;8f4cdfd9-c6a5-4abe-9c92-0d36fb7e13b7;2025-05-09 12:29:04.5049
-3;-6;-18;-6;-4;-3;-3;-1;8f4cdfd9-c6a5-4abe-9c92-0d36fb7e13b7;2025-05-09 12:29:04.5049
-1;-2;-1;-4;-1;-4;-2;-1;8f4cdfd9-c6a5-4abe-9c92-0d36fb7e13b7;2025-05-09 12:29:04.5049
0;0;7;9;-1;1;1;-1;8f4cdfd9-c6a5-4abe-9c92-0d36fb7e13b7;2025-05-09 12:29:04.5049
0;2;2;-1;-2;-2;-3;0;8f4cdfd9-c6a5-4abe-9c92-0d36fb7e13b7;2025-05-09 12:29:04.5109
-1;2;1;-1;-2;-2;1;0;8f4cdfd9-c6a5-4abe-9c92-0d36fb7e13b7;2025-05-09 12:29:04.5119
0;-1;-13;-18;-2;0;2;-1;8f4cdfd9-c6a5-4abe-9c92-0d36fb7e13b7;2025-05-09 12:29:04.5269
0;0;23;24;11;1;0;-2;8f4cdfd9-c6a5-4abe-9c92-0d36fb7e13b7;2025-05-09 12:29:04.5269
0;2;6;-5;-1;-1;-1;-1;8f4cdfd9-c6a5-4abe-9c92-0d36fb7e13b7;2025-05-09 12:29:04.5289
-2;-2;0;-9;-1;-1;-2;-1;8f4cdfd9-c6a5-4abe-9c92-0d36fb7e13b7;2025-05-09 12:29:04.5289
0;0;4;-6;1;2;0;0;8f4cdfd9-c6a5-4abe-9c92-0d36fb7e13b7;2025-05-09 12:29:04.5299
0;0;20;11;-4;-3;0;-3;8f4cdfd9-c6a5-4abe-9c92-0d36fb7e13b7;2025-05-09 12:29:04.5299
-2;-3;-17;3;-1;-2;-1;-4;8f4cdfd9-c6a5-4abe-9c92-0d36fb7e13b7;2025-05-09 12:29:04.5478
1;1;-5;-1;3;-1;-1;-1;8f4cdfd9-c6a5-4abe-9c92-0d36fb7e13b7;2025-05-09 12:29:04.5478
-2;-2;1;-4;-5;0;0;1;8f4cdfd9-c6a5-4abe-9c92-0d36fb7e13b7;2025-05-09 12:29:04.5628
-2;1;12;-3;0;1;-1;0;8f4cdfd9-c6a5-4abe-9c92-0d36fb7e13b7;2025-05-09 12:29:04.5628
1;7;2;-1;2;1;0;1;8f4cdfd9-c6a5-4abe-9c92-0d36fb7e13b7;2025-05-09 12:29:04.5698
-1;-1;-7;4;-1;-2;1;0;8f4cdfd9-c6a5-4abe-9c92-0d36fb7e13b7;2025-05-09 12:29:04.5698
-5;-10;-2;5;-4;-3;-3;-3;8f4cdfd9-c6a5-4abe-9c92-0d36fb7e13b7;2025-05-09 12:29:04.5777
-1;0;-3;-7;-1;0;-1;-1;8f4cdfd9-c6a5-4abe-9c92-0d36fb7e13b7;2025-05-09 12:29:04.5777
2;5;7;2;-1;0;-2;-1;8f4cdfd9-c6a5-4abe-9c92-0d36fb7e13b7;2025-05-09 12:29:04.5877
-3;-15;-12;-6;-2;-2;-2;-3;8f4cdfd9-c6a5-4abe-9c92-0d36fb7e13b7;2025-05-09 12:29:04.5877
-2;-10;-7;-10;-5;-2;-1;0;8f4cdfd9-c6a5-4abe-9c92-0d36fb7e13b7;2025-05-09 12:29:04.5887
-1;-1;-18;-11;-2;-2;-1;0;8f4cdfd9-c6a5-4abe-9c92-0d36fb7e13b7;2025-05-09 12:29:04.5892
10;36;32;18;14;7;5;6;8f4cdfd9-c6a5-4abe-9c92-0d36fb7e13b7;2025-05-09 12:29:04.6162
-15;-51;-20;0;-13;-8;-4;-6;8f4cdfd9-c6a5-4abe-9c92-0d36fb7e13b7;2025-05-09 12:29:04.6162
1;1;3;4;3;-1;-1;-1;8f4cdfd9-c6a5-4abe-9c92-0d36fb7e13b7;2025-05-09 12:29:04.6162
0;-1;-20;-6;0;-1;-1;-2;8f4cdfd9-c6a5-4abe-9c92-0d36fb7e13b7;2025-05-09 12:29:04.6171
-5;-19;-12;-5;-6;-2;-3;-2;8f4cdfd9-c6a5-4abe-9c92-0d36fb7e13b7;2025-05-09 12:29:04.6371
6;20;17;1;10;5;2;2;8f4cdfd9-c6a5-4abe-9c92-0d36fb7e13b7;2025-05-09 12:29:04.6371
3;16;3;4;4;0;2;1;8f4cdfd9-c6a5-4abe-9c92-0d36fb7e13b7;2025-05-09 12:29:04.6461
-5;-20;-10;-5;-6;-2;-2;-4;8f4cdfd9-c6a5-4abe-9c92-0d36fb7e13b7;2025-05-09 12:29:04.6461
-3;-6;-1;-3;-2;-1;-3;-3;8f4cdfd9-c6a5-4abe-9c92-0d36fb7e13b7;2025-05-09 12:29:04.6531
2;23;15;4;7;3;0;0;8f4cdfd9-c6a5-4abe-9c92-0d36fb7e13b7;2025-05-09 12:29:04.6531
5;18;13;6;3;-1;1;1;8f4cdfd9-c6a5-4abe-9c92-0d36fb7e13b7;2025-05-09 12:29:04.6541
-6;-20;-28;-8;-7;-1;-3;-1;8f4cdfd9-c6a5-4abe-9c92-0d36fb7e13b7;2025-05-09 12:29:04.6541
-5;-17;-1;-4;-6;-5;-3;-1;8f4cdfd9-c6a5-4abe-9c92-0d36fb7e13b7;2025-05-09 12:29:04.6600
-1;-4;-6;-6;-3;1;-5;-2;8f4cdfd9-c6a5-4abe-9c92-0d36fb7e13b7;2025-05-09 12:29:04.6600
2;11;13;5;4;0;5;2;8f4cdfd9-c6a5-4abe-9c92-0d36fb7e13b7;2025-05-09 12:29:04.6610
8;26;11;4;6;1;3;4;8f4cdfd9-c6a5-4abe-9c92-0d36fb7e13b7;2025-05-09 12:29:04.6610
-9;-22;-3;-5;-4;0;-2;-3;8f4cdfd9-c6a5-4abe-9c92-0d36fb7e13b7;2025-05-09 12:29:04.6830
2;9;-14;-8;1;-4;-2;2;8f4cdfd9-c6a5-4abe-9c92-0d36fb7e13b7;2025-05-09 12:29:04.6830
-8;-33;-3;4;-7;-3;-4;-6;8f4cdfd9-c6a5-4abe-9c92-0d36fb7e13b7;2025-05-09 12:29:04.6840
-1;-6;-15;-7;-2;-2;-2;-3;8f4cdfd9-c6a5-4abe-9c92-0d36fb7e13b7;2025-05-09 12:29:04.6840
0;0;4;1;-7;-4;-1;-1;8f4cdfd9-c6a5-4abe-9c92-0d36fb7e13b7;2025-05-09 12:29:04.6979
5;15;2;-4;2;1;0;2;8f4cdfd9-c6a5-4abe-9c92-0d36fb7e13b7;2025-05-09 12:29:04.6979
0;0;-1;-15;-4;-2;-1;0;8f4cdfd9-c6a5-4abe-9c92-0d36fb7e13b7;2025-05-09 12:29:04.6979
-2;0;2;7;0;-1;-1;-2;8f4cdfd9-c6a5-4abe-9c92-0d36fb7e13b7;2025-05-09 12:29:04.6989
2;13;11;7;5;0;-1;-1;8f4cdfd9-c6a5-4abe-9c92-0d36fb7e13b7;2025-05-09 12:29:04.7279
-1;-2;4;3;1;5;3;-1;8f4cdfd9-c6a5-4abe-9c92-0d36fb7e13b7;2025-05-09 12:29:04.7279
1;0;-5;3;0;-2;-5;-3;8f4cdfd9-c6a5-4abe-9c92-0d36fb7e13b7;2025-05-09 12:29:04.7289
-7;-33;-26;-12;-9;-2;0;-2;8f4cdfd9-c6a5-4abe-9c92-0d36fb7e13b7;2025-05-09 12:29:04.7289
0;5;2;-4;1;1;0;0;8f4cdfd9-c6a5-4abe-9c92-0d36fb7e13b7;2025-05-09 12:29:04.7448
3;0;1;6;1;1;1;1;8f4cdfd9-c6a5-4abe-9c92-0d36fb7e13b7;2025-05-09 12:29:04.7448
-8;-15;-5;-6;-3;-2;-5;-1;8f4cdfd9-c6a5-4abe-9c92-0d36fb7e13b7;2025-05-09 12:29:04.7458
5;17;16;5;4;2;1;0;8f4cdfd9-c6a5-4abe-9c92-0d36fb7e13b7;2025-05-09 12:29:04.7458
0;-4;-7;-4;-5;-3;-1;2;8f4cdfd9-c6a5-4abe-9c92-0d36fb7e13b7;2025-05-09 12:29:04.7658
-6;-7;-2;-4;-6;-1;3;-2;8f4cdfd9-c6a5-4abe-9c92-0d36fb7e13b7;2025-05-09 12:29:04.7658
4;11;0;4;5;0;-1;1;8f4cdfd9-c6a5-4abe-9c92-0d36fb7e13b7;2025-05-09 12:29:04.7667
0;7;5;-1;-2;0;-2;0;8f4cdfd9-c6a5-4abe-9c92-0d36fb7e13b7;2025-05-09 12:29:04.7667
-1;-3;-4;-3;-3;-1;-1;-2;8f4cdfd9-c6a5-4abe-9c92-0d36fb7e13b7;2025-05-09 12:29:04.7882
-1;0;5;3;1;-2;-1;-1;8f4cdfd9-c6a5-4abe-9c92-0d36fb7e13b7;2025-05-09 12:29:04.7882
0;3;0;0;1;2;1;0;8f4cdfd9-c6a5-4abe-9c92-0d36fb7e13b7;2025-05-09 12:29:04.7892
-2;-7;-5;8;-2;-1;-2;-2;8f4cdfd9-c6a5-4abe-9c92-0d36fb7e13b7;2025-05-09 12:29:04.7892
0;-7;-13;-21;-4;-5;-2;-2;8f4cdfd9-c6a5-4abe-9c92-0d36fb7e13b7;2025-05-09 12:29:04.8111
-2;1;0;-2;-7;-2;0;-1;8f4cdfd9-c6a5-4abe-9c92-0d36fb7e13b7;2025-05-09 12:29:04.8111
2;0;-4;6;8;4;7;3;8f4cdfd9-c6a5-4abe-9c92-0d36fb7e13b7;2025-05-09 12:29:04.8121
-1;3;14;0;3;0;-1;-1;8f4cdfd9-c6a5-4abe-9c92-0d36fb7e13b7;2025-05-09 12:29:04.8121
2;5;-4;10;5;3;1;1;8f4cdfd9-c6a5-4abe-9c92-0d36fb7e13b7;2025-05-09 12:29:04.8191
0;-1;-2;6;-3;-3;-3;-1;8f4cdfd9-c6a5-4abe-9c92-0d36fb7e13b7;2025-05-09 12:29:04.8191
0;2;4;-6;-3;-3;-1;-2;8f4cdfd9-c6a5-4abe-9c92-0d36fb7e13b7;2025-05-09 12:29:04.8201
-1;-4;-5;-7;-3;-7;-2;-2;8f4cdfd9-c6a5-4abe-9c92-0d36fb7e13b7;2025-05-09 12:29:04.8201
-2;-2;-7;-4;-7;1;1;-1;8f4cdfd9-c6a5-4abe-9c92-0d36fb7e13b7;2025-05-09 12:29:04.8401
1;-1;0;-1;9;3;1;1;8f4cdfd9-c6a5-4abe-9c92-0d36fb7e13b7;2025-05-09 12:29:04.8401
-2;-3;-3;11;-2;-1;-1;-1;8f4cdfd9-c6a5-4abe-9c92-0d36fb7e13b7;2025-05-09 12:29:04.8411
2;8;11;-8;3;-1;-1;1;8f4cdfd9-c6a5-4abe-9c92-0d36fb7e13b7;2025-05-09 12:29:04.8411
-1;2;1;-1;-3;-2;-2;0;8f4cdfd9-c6a5-4abe-9c92-0d36fb7e13b7;2025-05-09 12:29:04.8630
-2;-3;-5;-5;-4;-1;-1;-2;8f4cdfd9-c6a5-4abe-9c92-0d36fb7e13b7;2025-05-09 12:29:04.8640
-1;0;-4;-4;-2;-2;-1;-1;8f4cdfd9-c6a5-4abe-9c92-0d36fb7e13b7;2025-05-09 12:29:04.8640
2;4;-4;1;-2;-1;-1;-1;8f4cdfd9-c6a5-4abe-9c92-0d36fb7e13b7;2025-05-09 12:29:04.8640
0;0;4;8;5;1;-2;0;8f4cdfd9-c6a5-4abe-9c92-0d36fb7e13b7;2025-05-09 12:29:04.8780
-1;0;8;-7;-4;0;-1;-2;8f4cdfd9-c6a5-4abe-9c92-0d36fb7e13b7;2025-05-09 12:29:04.8780
-2;1;10;12;2;-2;-2;-1;8f4cdfd9-c6a5-4abe-9c92-0d36fb7e13b7;2025-05-09 12:29:04.8780
-1;-2;-11;-16;-1;-1;0;-3;8f4cdfd9-c6a5-4abe-9c92-0d36fb7e13b7;2025-05-09 12:29:04.8790
0;-3;-3;-2;-1;2;-2;0;8f4cdfd9-c6a5-4abe-9c92-0d36fb7e13b7;2025-05-09 12:29:04.8999
0;2;-6;-1;4;-2;-1;0;8f4cdfd9-c6a5-4abe-9c92-0d36fb7e13b7;2025-05-09 12:29:04.8999
-3;-3;-9;-6;-4;1;-2;-1;8f4cdfd9-c6a5-4abe-9c92-0d36fb7e13b7;2025-05-09 12:29:04.9149
-1;-3;4;6;-1;-7;-2;-2;8f4cdfd9-c6a5-4abe-9c92-0d36fb7e13b7;2025-05-09 12:29:04.9149
0;3;30;10;0;6;1;-2;8f4cdfd9-c6a5-4abe-9c92-0d36fb7e13b7;2025-05-09 12:29:04.9238
-1;-2;-21;-6;7;5;-1;1;8f4cdfd9-c6a5-4abe-9c92-0d36fb7e13b7;2025-05-09 12:29:04.9238
0;-3;-19;-11;-3;-2;-1;-2;8f4cdfd9-c6a5-4abe-9c92-0d36fb7e13b7;2025-05-09 12:29:04.9238
-1;5;13;12;2;2;1;1;8f4cdfd9-c6a5-4abe-9c92-0d36fb7e13b7;2025-05-09 12:29:04.9238
-2;2;-2;1;-3;-5;-3;-2;8f4cdfd9-c6a5-4abe-9c92-0d36fb7e13b7;2025-05-09 12:29:04.9368
0;2;19;3;-5;-1;-3;-1;8f4cdfd9-c6a5-4abe-9c92-0d36fb7e13b7;2025-05-09 12:29:04.9368
-2;-2;-6;-8;-4;1;0;-1;8f4cdfd9-c6a5-4abe-9c92-0d36fb7e13b7;2025-05-09 12:29:04.9528
1;3;-4;1;2;2;-3;1;8f4cdfd9-c6a5-4abe-9c92-0d36fb7e13b7;2025-05-09 12:29:04.9528
0;-5;-17;-5;-2;-5;-1;0;8f4cdfd9-c6a5-4abe-9c92-0d36fb7e13b7;2025-05-09 12:29:04.9762
1;1;3;14;0;-1;-1;1;8f4cdfd9-c6a5-4abe-9c92-0d36fb7e13b7;2025-05-09 12:29:04.9762
-1;0;-1;-11;-2;4;1;0;8f4cdfd9-c6a5-4abe-9c92-0d36fb7e13b7;2025-05-09 12:29:04.9762
-1;1;4;1;-2;-2;0;-1;8f4cdfd9-c6a5-4abe-9c92-0d36fb7e13b7;2025-05-09 12:29:04.9762
-3;-3;-2;-3;0;0;1;0;8f4cdfd9-c6a5-4abe-9c92-0d36fb7e13b7;2025-05-09 12:29:04.9842
-1;-1;-2;-1;0;-2;-2;-2;8f4cdfd9-c6a5-4abe-9c92-0d36fb7e13b7;2025-05-09 12:29:04.9842
1;-1;-1;1;0;-5;-3;0;8f4cdfd9-c6a5-4abe-9c92-0d36fb7e13b7;2025-05-09 12:29:04.9852
-2;-5;-1;0;-4;1;1;0;8f4cdfd9-c6a5-4abe-9c92-0d36fb7e13b7;2025-05-09 12:29:04.9852
0;0;-11;-6;1;-1;0;-2;8f4cdfd9-c6a5-4abe-9c92-0d36fb7e13b7;2025-05-09 12:29:04.9981
0;2;10;0;-2;-4;0;-1;8f4cdfd9-c6a5-4abe-9c92-0d36fb7e13b7;2025-05-09 12:29:04.9981
-3;-2;-9;7;-2;-1;-2;-1;8f4cdfd9-c6a5-4abe-9c92-0d36fb7e13b7;2025-05-09 12:29:04.9981
-2;-1;1;-8;-2;3;0;0;8f4cdfd9-c6a5-4abe-9c92-0d36fb7e13b7;2025-05-09 12:29:04.9981
0;1;0;3;6;0;2;-1;8f4cdfd9-c6a5-4abe-9c92-0d36fb7e13b7;2025-05-09 12:29:05.0211
-3;-4;-3;-4;-4;-2;0;-1;8f4cdfd9-c6a5-4abe-9c92-0d36fb7e13b7;2025-05-09 12:29:05.0211
0;-1;7;9;-2;-1;-2;-2;8f4cdfd9-c6a5-4abe-9c92-0d36fb7e13b7;2025-05-09 12:29:05.0221
2;2;-5;-12;0;-2;0;1;8f4cdfd9-c6a5-4abe-9c92-0d36fb7e13b7;2025-05-09 12:29:05.0221
-2;-6;4;6;-6;-3;-4;-1;8f4cdfd9-c6a5-4abe-9c92-0d36fb7e13b7;2025-05-09 12:29:05.0665
-1;0;-1;4;0;-1;-1;-2;8f4cdfd9-c6a5-4abe-9c92-0d36fb7e13b7;2025-05-09 12:29:05.0665
1;0;-7;-3;-4;-1;-2;1;8f4cdfd9-c6a5-4abe-9c92-0d36fb7e13b7;2025-05-09 12:29:05.0824
-2;1;19;17;4;0;3;-2;8f4cdfd9-c6a5-4abe-9c92-0d36fb7e13b7;2025-05-09 12:29:05.0824
-1;-4;-20;-19;-5;-2;-2;-2;8f4cdfd9-c6a5-4abe-9c92-0d36fb7e13b7;2025-05-09 12:29:05.0834
-1;-3;-8;-3;0;1;-2;-1;8f4cdfd9-c6a5-4abe-9c92-0d36fb7e13b7;2025-05-09 12:29:05.0834
-1;-1;0;0;1;-1;0;-2;8f4cdfd9-c6a5-4abe-9c92-0d36fb7e13b7;2025-05-09 12:29:05.1124
0;0;-2;-1;-4;0;-2;-2;8f4cdfd9-c6a5-4abe-9c92-0d36fb7e13b7;2025-05-09 12:29:05.1124
-2;2;4;0;1;0;0;0;8f4cdfd9-c6a5-4abe-9c92-0d36fb7e13b7;2025-05-09 12:29:05.1134
-2;-6;-4;-3;-4;-1;0;-3;8f4cdfd9-c6a5-4abe-9c92-0d36fb7e13b7;2025-05-09 12:29:05.1134
-2;-1;4;0;1;-1;-2;-2;8f4cdfd9-c6a5-4abe-9c92-0d36fb7e13b7;2025-05-09 12:29:05.1144
0;-2;-8;-9;-3;-2;-2;-2;8f4cdfd9-c6a5-4abe-9c92-0d36fb7e13b7;2025-05-09 12:29:05.1144
-1;1;2;3;-1;1;1;0;8f4cdfd9-c6a5-4abe-9c92-0d36fb7e13b7;2025-05-09 12:29:05.1184
0;1;-8;-2;1;1;1;0;8f4cdfd9-c6a5-4abe-9c92-0d36fb7e13b7;2025-05-09 12:29:05.1184
0;1;10;-1;2;-2;1;0;8f4cdfd9-c6a5-4abe-9c92-0d36fb7e13b7;2025-05-09 12:29:05.1194
0;-1;-2;0;0;1;-1;0;8f4cdfd9-c6a5-4abe-9c92-0d36fb7e13b7;2025-05-09 12:29:05.1194
1;0;-3;5;3;-1;-2;1;8f4cdfd9-c6a5-4abe-9c92-0d36fb7e13b7;2025-05-09 12:29:05.1194
0;-1;4;-3;-4;-1;-1;-1;8f4cdfd9-c6a5-4abe-9c92-0d36fb7e13b7;2025-05-09 12:29:05.1204
2;-1;-5;-4;-4;0;-1;0;8f4cdfd9-c6a5-4abe-9c92-0d36fb7e13b7;2025-05-09 12:29:05.1877
-3;-3;-2;-3;-1;-1;-1;0;8f4cdfd9-c6a5-4abe-9c92-0d36fb7e13b7;2025-05-09 12:29:05.1877
0;-2;9;2;1;0;0;-1;8f4cdfd9-c6a5-4abe-9c92-0d36fb7e13b7;2025-05-09 12:29:05.1887
1;-1;12;9;-1;-3;-2;0;8f4cdfd9-c6a5-4abe-9c92-0d36fb7e13b7;2025-05-09 12:29:05.1887
-2;-4;-3;-18;-2;-2;-2;-2;8f4cdfd9-c6a5-4abe-9c92-0d36fb7e13b7;2025-05-09 12:29:05.1897
1;-1;10;7;-13;-7;-3;1;8f4cdfd9-c6a5-4abe-9c92-0d36fb7e13b7;2025-05-09 12:29:05.1897
-2;-4;-26;-10;8;10;-1;-2;8f4cdfd9-c6a5-4abe-9c92-0d36fb7e13b7;2025-05-09 12:29:05.2555
0;3;-4;3;17;5;1;2;8f4cdfd9-c6a5-4abe-9c92-0d36fb7e13b7;2025-05-09 12:29:05.2555
1;-1;-9;-19;17;7;2;1;8f4cdfd9-c6a5-4abe-9c92-0d36fb7e13b7;2025-05-09 12:29:05.2565
0;1;-1;-15;-14;-4;-2;0;8f4cdfd9-c6a5-4abe-9c92-0d36fb7e13b7;2025-05-09 12:29:05.2565
-2;-3;1;-5;-3;-2;0;0;8f4cdfd9-c6a5-4abe-9c92-0d36fb7e13b7;2025-05-09 12:29:05.2575
-3;-1;-8;3;-2;-1;-2;-1;8f4cdfd9-c6a5-4abe-9c92-0d36fb7e13b7;2025-05-09 12:29:05.2575
-2;-2;2;3;-7;-3;-2;-3;8f4cdfd9-c6a5-4abe-9c92-0d36fb7e13b7;2025-05-09 12:29:05.3458
0;0;2;-1;7;1;0;0;8f4cdfd9-c6a5-4abe-9c92-0d36fb7e13b7;2025-05-09 12:29:05.3458
-3;-3;1;-5;-11;-5;-1;-1;8f4cdfd9-c6a5-4abe-9c92-0d36fb7e13b7;2025-05-09 12:29:05.3458
1;2;-4;1;7;4;1;-1;8f4cdfd9-c6a5-4abe-9c92-0d36fb7e13b7;2025-05-09 12:29:05.3468
2;-2;-15;-15;8;2;1;1;8f4cdfd9-c6a5-4abe-9c92-0d36fb7e13b7;2025-05-09 12:29:05.3468
-2;-7;-23;-16;-10;-6;-2;-3;8f4cdfd9-c6a5-4abe-9c92-0d36fb7e13b7;2025-05-09 12:29:05.3468
-2;-1;10;17;2;2;0;0;8f4cdfd9-c6a5-4abe-9c92-0d36fb7e13b7;2025-05-09 12:29:05.4041
-1;0;5;-17;2;1;-1;1;8f4cdfd9-c6a5-4abe-9c92-0d36fb7e13b7;2025-05-09 12:29:05.4051
1;4;28;15;1;-2;0;1;8f4cdfd9-c6a5-4abe-9c92-0d36fb7e13b7;2025-05-09 12:29:05.4051
-1;0;-5;7;-9;-3;-2;-4;8f4cdfd9-c6a5-4abe-9c92-0d36fb7e13b7;2025-05-09 12:29:05.4051
-2;-3;9;11;-1;-5;-3;-3;8f4cdfd9-c6a5-4abe-9c92-0d36fb7e13b7;2025-05-09 12:29:05.4111
0;1;-6;-27;-10;-1;0;0;8f4cdfd9-c6a5-4abe-9c92-0d36fb7e13b7;2025-05-09 12:29:05.4111
-2;2;2;-2;7;1;1;0;8f4cdfd9-c6a5-4abe-9c92-0d36fb7e13b7;2025-05-09 12:29:05.4131
1;-1;-12;0;3;2;2;0;8f4cdfd9-c6a5-4abe-9c92-0d36fb7e13b7;2025-05-09 12:29:05.4131
-3;-7;-36;-9;-12;-2;-2;-4;8f4cdfd9-c6a5-4abe-9c92-0d36fb7e13b7;2025-05-09 12:29:05.4171
-2;-1;11;-1;-1;0;0;-1;8f4cdfd9-c6a5-4abe-9c92-0d36fb7e13b7;2025-05-09 12:29:05.4171
1;-3;7;-17;-7;-2;0;-3;8f4cdfd9-c6a5-4abe-9c92-0d36fb7e13b7;2025-05-09 12:29:05.4261
0;2;6;10;2;2;1;2;8f4cdfd9-c6a5-4abe-9c92-0d36fb7e13b7;2025-05-09 12:29:05.4261
-2;-2;-5;4;-1;-3;-2;0;8f4cdfd9-c6a5-4abe-9c92-0d36fb7e13b7;2025-05-09 12:29:05.4320
0;-2;-6;-3;1;0;-1;-2;8f4cdfd9-c6a5-4abe-9c92-0d36fb7e13b7;2025-05-09 12:29:05.4320
1;0;2;5;-4;-2;0;-1;8f4cdfd9-c6a5-4abe-9c92-0d36fb7e13b7;2025-05-09 12:29:05.4400
0;1;13;-8;-1;1;-1;-1;8f4cdfd9-c6a5-4abe-9c92-0d36fb7e13b7;2025-05-09 12:29:05.4400
-1;-2;-8;-7;-2;-1;-2;-1;8f4cdfd9-c6a5-4abe-9c92-0d36fb7e13b7;2025-05-09 12:29:05.4560
-1;0;26;10;0;0;-1;1;8f4cdfd9-c6a5-4abe-9c92-0d36fb7e13b7;2025-05-09 12:29:05.4560
-1;-2;-37;-4;-3;-4;0;1;8f4cdfd9-c6a5-4abe-9c92-0d36fb7e13b7;2025-05-09 12:29:05.5074
0;1;-2;2;5;0;1;-2;8f4cdfd9-c6a5-4abe-9c92-0d36fb7e13b7;2025-05-09 12:29:05.5074
1;-5;-20;-2;1;0;-1;-1;8f4cdfd9-c6a5-4abe-9c92-0d36fb7e13b7;2025-05-09 12:29:05.5313
1;1;-5;-12;-2;-1;-1;0;8f4cdfd9-c6a5-4abe-9c92-0d36fb7e13b7;2025-05-09 12:29:05.5313
2;13;36;27;7;1;1;2;8f4cdfd9-c6a5-4abe-9c92-0d36fb7e13b7;2025-05-09 12:29:05.5323
0;-9;4;-3;-2;0;-1;0;8f4cdfd9-c6a5-4abe-9c92-0d36fb7e13b7;2025-05-09 12:29:05.5323
-1;-1;-2;-2;-2;-1;-1;0;8f4cdfd9-c6a5-4abe-9c92-0d36fb7e13b7;2025-05-09 12:29:05.5383
-1;-2;-13;-6;1;-1;-2;-2;8f4cdfd9-c6a5-4abe-9c92-0d36fb7e13b7;2025-05-09 12:29:05.5383
-2;-4;2;-6;-9;-2;-3;-2;8f4cdfd9-c6a5-4abe-9c92-0d36fb7e13b7;2025-05-09 12:29:05.5462
-2;-5;-2;9;4;3;-1;-2;8f4cdfd9-c6a5-4abe-9c92-0d36fb7e13b7;2025-05-09 12:29:05.5462
-2;-4;4;-2;-6;-4;-4;0;8f4cdfd9-c6a5-4abe-9c92-0d36fb7e13b7;2025-05-09 12:29:05.5532
-3;-8;-9;-2;-4;-4;-3;0;8f4cdfd9-c6a5-4abe-9c92-0d36fb7e13b7;2025-05-09 12:29:05.5532
-1;3;-7;-5;3;1;1;-1;8f4cdfd9-c6a5-4abe-9c92-0d36fb7e13b7;2025-05-09 12:29:05.5552
-1;0;-4;0;-4;-1;0;0;8f4cdfd9-c6a5-4abe-9c92-0d36fb7e13b7;2025-05-09 12:29:05.5552
0;-2;9;3;7;0;1;1;8f4cdfd9-c6a5-4abe-9c92-0d36fb7e13b7;2025-05-09 12:29:05.5602
3;12;16;11;-6;0;0;0;8f4cdfd9-c6a5-4abe-9c92-0d36fb7e13b7;2025-05-09 12:29:05.5602
-2;-9;-19;-19;-4;-3;-2;-3;8f4cdfd9-c6a5-4abe-9c92-0d36fb7e13b7;2025-05-09 12:29:05.5747
0;0;0;4;-2;-4;-1;-2;8f4cdfd9-c6a5-4abe-9c92-0d36fb7e13b7;2025-05-09 12:29:05.5747
1;-1;-5;3;5;4;1;-1;8f4cdfd9-c6a5-4abe-9c92-0d36fb7e13b7;2025-05-09 12:29:05.5837
-3;-6;-18;-13;-8;-2;-1;-2;8f4cdfd9-c6a5-4abe-9c92-0d36fb7e13b7;2025-05-09 12:29:05.5837
-2;0;3;6;-3;-4;-2;0;8f4cdfd9-c6a5-4abe-9c92-0d36fb7e13b7;2025-05-09 12:29:05.5847
1;2;7;0;3;1;1;0;8f4cdfd9-c6a5-4abe-9c92-0d36fb7e13b7;2025-05-09 12:29:05.5847
-2;-1;-6;2;-2;0;-2;0;8f4cdfd9-c6a5-4abe-9c92-0d36fb7e13b7;2025-05-09 12:29:05.6056
-3;-8;-1;-13;-3;-1;0;-2;8f4cdfd9-c6a5-4abe-9c92-0d36fb7e13b7;2025-05-09 12:29:05.6056
1;3;6;-2;0;1;0;0;8f4cdfd9-c6a5-4abe-9c92-0d36fb7e13b7;2025-05-09 12:29:05.6206
-1;1;-3;-2;-2;-3;-3;-4;8f4cdfd9-c6a5-4abe-9c92-0d36fb7e13b7;2025-05-09 12:29:05.6206
0;3;-1;1;6;1;1;0;8f4cdfd9-c6a5-4abe-9c92-0d36fb7e13b7;2025-05-09 12:29:05.6216
-1;2;3;-2;-8;-1;-2;-1;8f4cdfd9-c6a5-4abe-9c92-0d36fb7e13b7;2025-05-09 12:29:05.6216
-1;-2;-3;-1;2;-2;1;1;8f4cdfd9-c6a5-4abe-9c92-0d36fb7e13b7;2025-05-09 12:29:05.6435
0;-2;-8;-7;-5;2;1;0;8f4cdfd9-c6a5-4abe-9c92-0d36fb7e13b7;2025-05-09 12:29:05.6435
-1;-6;21;32;-3;-5;-2;-2;8f4cdfd9-c6a5-4abe-9c92-0d36fb7e13b7;2025-05-09 12:29:05.6445
-1;-2;-7;-12;-3;-3;0;0;8f4cdfd9-c6a5-4abe-9c92-0d36fb7e13b7;2025-05-09 12:29:05.6445
1;0;3;-3;-1;-1;-2;-4;8f4cdfd9-c6a5-4abe-9c92-0d36fb7e13b7;2025-05-09 12:29:05.6495
-1;-1;-7;-5;0;-2;0;0;8f4cdfd9-c6a5-4abe-9c92-0d36fb7e13b7;2025-05-09 12:29:05.6495
-1;-4;-6;-12;0;1;1;0;8f4cdfd9-c6a5-4abe-9c92-0d36fb7e13b7;2025-05-09 12:29:05.6654
0;-1;0;3;-2;-3;-1;-1;8f4cdfd9-c6a5-4abe-9c92-0d36fb7e13b7;2025-05-09 12:29:05.6654
-1;1;-1;3;-1;0;-2;1;8f4cdfd9-c6a5-4abe-9c92-0d36fb7e13b7;2025-05-09 12:29:05.6739
-3;-1;1;-3;2;1;0;-2;8f4cdfd9-c6a5-4abe-9c92-0d36fb7e13b7;2025-05-09 12:29:05.6739
-3;-3;-1;-4;-1;1;-1;-2;8f4cdfd9-c6a5-4abe-9c92-0d36fb7e13b7;2025-05-09 12:29:05.6879
1;1;-2;3;1;-3;0;-1;8f4cdfd9-c6a5-4abe-9c92-0d36fb7e13b7;2025-05-09 12:29:05.6879
0;-1;-2;-4;-3;-1;0;0;8f4cdfd9-c6a5-4abe-9c92-0d36fb7e13b7;2025-05-09 12:29:05.6949
-1;-2;-2;-4;-3;-1;-2;-1;8f4cdfd9-c6a5-4abe-9c92-0d36fb7e13b7;2025-05-09 12:29:05.6949
0;0;3;0;-2;-1;-2;0;8f4cdfd9-c6a5-4abe-9c92-0d36fb7e13b7;2025-05-09 12:29:05.7098
0;1;-6;-5;-1;0;0;-1;8f4cdfd9-c6a5-4abe-9c92-0d36fb7e13b7;2025-05-09 12:29:05.7098
0;0;4;6;-1;0;0;1;8f4cdfd9-c6a5-4abe-9c92-0d36fb7e13b7;2025-05-09 12:29:05.7328
-1;-2;-3;-2;0;-2;2;0;8f4cdfd9-c6a5-4abe-9c92-0d36fb7e13b7;2025-05-09 12:29:05.7328
0;0;0;-5;-4;0;1;-1;8f4cdfd9-c6a5-4abe-9c92-0d36fb7e13b7;2025-05-09 12:29:05.7338
-1;-1;-1;1;1;0;0;-2;8f4cdfd9-c6a5-4abe-9c92-0d36fb7e13b7;2025-05-09 12:29:05.7338
1;1;-12;-3;3;1;0;0;8f4cdfd9-c6a5-4abe-9c92-0d36fb7e13b7;2025-05-09 12:29:05.7417
-2;-1;28;1;-12;-5;-3;-2;8f4cdfd9-c6a5-4abe-9c92-0d36fb7e13b7;2025-05-09 12:29:05.7417
-2;-6;-20;-25;-4;-1;-2;-1;8f4cdfd9-c6a5-4abe-9c92-0d36fb7e13b7;2025-05-09 12:29:05.7427
-1;0;13;6;2;2;1;-1;8f4cdfd9-c6a5-4abe-9c92-0d36fb7e13b7;2025-05-09 12:29:05.7427
-2;-2;-26;-5;-8;-2;0;-2;8f4cdfd9-c6a5-4abe-9c92-0d36fb7e13b7;2025-05-09 12:29:05.7627
1;-1;-14;-1;11;1;-1;-1;8f4cdfd9-c6a5-4abe-9c92-0d36fb7e13b7;2025-05-09 12:29:05.7627
0;0;12;2;-2;0;0;-2;8f4cdfd9-c6a5-4abe-9c92-0d36fb7e13b7;2025-05-09 12:29:05.7781
0;0;-3;6;-6;-4;-1;0;8f4cdfd9-c6a5-4abe-9c92-0d36fb7e13b7;2025-05-09 12:29:05.7781
-2;-2;-2;-6;-2;-3;-1;-2;8f4cdfd9-c6a5-4abe-9c92-0d36fb7e13b7;2025-05-09 12:29:05.7871
-1;-1;-8;2;5;3;1;-1;8f4cdfd9-c6a5-4abe-9c92-0d36fb7e13b7;2025-05-09 12:29:05.7871
-2;0;1;-6;-2;-3;0;0;8f4cdfd9-c6a5-4abe-9c92-0d36fb7e13b7;2025-05-09 12:29:05.7881
-1;-1;5;5;3;1;-1;1;8f4cdfd9-c6a5-4abe-9c92-0d36fb7e13b7;2025-05-09 12:29:05.7881
-1;-1;7;1;-3;-1;-1;-1;8f4cdfd9-c6a5-4abe-9c92-0d36fb7e13b7;2025-05-09 12:29:05.7901
0;-1;-2;1;-1;-2;-2;0;8f4cdfd9-c6a5-4abe-9c92-0d36fb7e13b7;2025-05-09 12:29:05.7901
-2;-1;-3;7;3;1;-2;-1;8f4cdfd9-c6a5-4abe-9c92-0d36fb7e13b7;2025-05-09 12:29:05.8001
-1;0;-1;-7;-2;0;-2;-1;8f4cdfd9-c6a5-4abe-9c92-0d36fb7e13b7;2025-05-09 12:29:05.8001
0;-1;4;0;-1;-2;-2;-3;8f4cdfd9-c6a5-4abe-9c92-0d36fb7e13b7;2025-05-09 12:29:05.8071
-2;-4;-8;3;-3;-2;-1;-1;8f4cdfd9-c6a5-4abe-9c92-0d36fb7e13b7;2025-05-09 12:29:05.8071
2;-1;-5;-8;1;-1;-1;-1;8f4cdfd9-c6a5-4abe-9c92-0d36fb7e13b7;2025-05-09 12:29:05.8240
-1;-1;0;13;-2;-2;0;0;8f4cdfd9-c6a5-4abe-9c92-0d36fb7e13b7;2025-05-09 12:29:05.8240
1;3;6;-13;-3;-2;-3;0;8f4cdfd9-c6a5-4abe-9c92-0d36fb7e13b7;2025-05-09 12:29:05.8300
1;3;11;9;0;1;0;-1;8f4cdfd9-c6a5-4abe-9c92-0d36fb7e13b7;2025-05-09 12:29:05.8300
-2;0;0;3;3;-2;-1;-1;8f4cdfd9-c6a5-4abe-9c92-0d36fb7e13b7;2025-05-09 12:29:05.8529
-2;0;-18;-13;-4;-1;-3;-1;8f4cdfd9-c6a5-4abe-9c92-0d36fb7e13b7;2025-05-09 12:29:05.8539
-2;-1;15;2;-1;2;0;0;8f4cdfd9-c6a5-4abe-9c92-0d36fb7e13b7;2025-05-09 12:29:05.8549
-2;-4;-8;10;6;0;2;1;8f4cdfd9-c6a5-4abe-9c92-0d36fb7e13b7;2025-05-09 12:29:05.8549
2;0;7;-10;-4;-5;-2;-1;8f4cdfd9-c6a5-4abe-9c92-0d36fb7e13b7;2025-05-09 12:29:05.8764
0;-1;3;6;0;-1;-1;-2;8f4cdfd9-c6a5-4abe-9c92-0d36fb7e13b7;2025-05-09 12:29:05.8764
-1;0;-3;3;-1;-2;-2;1;8f4cdfd9-c6a5-4abe-9c92-0d36fb7e13b7;2025-05-09 12:29:05.8774
0;-1;4;-2;-5;0;-2;-2;8f4cdfd9-c6a5-4abe-9c92-0d36fb7e13b7;2025-05-09 12:29:05.8774
0;0;-7;5;2;1;0;-1;8f4cdfd9-c6a5-4abe-9c92-0d36fb7e13b7;2025-05-09 12:29:05.8834
2;3;4;-11;1;0;0;0;8f4cdfd9-c6a5-4abe-9c92-0d36fb7e13b7;2025-05-09 12:29:05.8834
-4;-6;-4;-4;-3;-3;-2;-2;8f4cdfd9-c6a5-4abe-9c92-0d36fb7e13b7;2025-05-09 12:29:05.8854
-2;-1;2;-1;-3;-4;-1;-3;8f4cdfd9-c6a5-4abe-9c92-0d36fb7e13b7;2025-05-09 12:29:05.8854
0;-1;-8;1;1;-1;-1;1;8f4cdfd9-c6a5-4abe-9c92-0d36fb7e13b7;2025-05-09 12:29:05.9133
-1;0;-5;-4;-1;-2;-1;0;8f4cdfd9-c6a5-4abe-9c92-0d36fb7e13b7;2025-05-09 12:29:05.9133
0;2;0;-3;-2;0;1;0;8f4cdfd9-c6a5-4abe-9c92-0d36fb7e13b7;2025-05-09 12:29:05.9153
-1;-1;6;6;5;1;-1;1;8f4cdfd9-c6a5-4abe-9c92-0d36fb7e13b7;2025-05-09 12:29:05.9153
-1;0;8;3;-2;0;-2;-2;8f4cdfd9-c6a5-4abe-9c92-0d36fb7e13b7;2025-05-09 12:29:05.9203
0;2;-11;-1;0;2;0;0;8f4cdfd9-c6a5-4abe-9c92-0d36fb7e13b7;2025-05-09 12:29:05.9203
-1;-7;-27;-10;-3;-1;-2;-3;8f4cdfd9-c6a5-4abe-9c92-0d36fb7e13b7;2025-05-09 12:29:05.9273
-1;-1;-9;-10;-2;-1;-2;0;8f4cdfd9-c6a5-4abe-9c92-0d36fb7e13b7;2025-05-09 12:29:05.9273
-2;0;1;6;4;1;0;-1;8f4cdfd9-c6a5-4abe-9c92-0d36fb7e13b7;2025-05-09 12:29:05.9432
-2;-4;11;-10;-5;0;-2;-1;8f4cdfd9-c6a5-4abe-9c92-0d36fb7e13b7;2025-05-09 12:29:05.9432
1;2;10;15;4;-2;-1;1;8f4cdfd9-c6a5-4abe-9c92-0d36fb7e13b7;2025-05-09 12:29:05.9492
0;-1;-6;-8;-6;-1;-4;-1;8f4cdfd9-c6a5-4abe-9c92-0d36fb7e13b7;2025-05-09 12:29:05.9492
-1;-2;7;4;-1;-2;-2;0;8f4cdfd9-c6a5-4abe-9c92-0d36fb7e13b7;2025-05-09 12:29:05.9667
-3;-2;4;5;6;2;0;-2;8f4cdfd9-c6a5-4abe-9c92-0d36fb7e13b7;2025-05-09 12:29:05.9667
-1;-1;-7;0;0;-2;-1;-1;8f4cdfd9-c6a5-4abe-9c92-0d36fb7e13b7;2025-05-09 12:29:05.9677
0;1;2;-2;-3;-2;-2;-1;8f4cdfd9-c6a5-4abe-9c92-0d36fb7e13b7;2025-05-09 12:29:05.9677
0;-2;-4;-7;-4;-1;-1;0;8f4cdfd9-c6a5-4abe-9c92-0d36fb7e13b7;2025-05-09 12:29:05.9796
-2;-1;1;-4;-3;-3;-3;-1;8f4cdfd9-c6a5-4abe-9c92-0d36fb7e13b7;2025-05-09 12:29:05.9796
0;0;1;-5;0;0;0;1;8f4cdfd9-c6a5-4abe-9c92-0d36fb7e13b7;2025-05-09 12:29:05.9966
-1;0;-8;-1;-1;-2;-1;0;8f4cdfd9-c6a5-4abe-9c92-0d36fb7e13b7;2025-05-09 12:29:05.9966
-4;-2;9;-8;-6;-1;-1;-1;8f4cdfd9-c6a5-4abe-9c92-0d36fb7e13b7;2025-05-09 12:29:06.0036
-1;-3;-8;4;2;1;3;-1;8f4cdfd9-c6a5-4abe-9c92-0d36fb7e13b7;2025-05-09 12:29:06.0036
-2;1;15;5;2;0;0;-1;8f4cdfd9-c6a5-4abe-9c92-0d36fb7e13b7;2025-05-09 12:29:06.0185
2;-1;-1;4;-4;0;1;-1;8f4cdfd9-c6a5-4abe-9c92-0d36fb7e13b7;2025-05-09 12:29:06.0185
-2;-2;-7;0;1;-2;-2;0;8f4cdfd9-c6a5-4abe-9c92-0d36fb7e13b7;2025-05-09 12:29:06.0335
0;-2;0;-1;-2;-1;-1;-1;8f4cdfd9-c6a5-4abe-9c92-0d36fb7e13b7;2025-05-09 12:29:06.0335
-2;2;6;2;0;0;-2;0;8f4cdfd9-c6a5-4abe-9c92-0d36fb7e13b7;2025-05-09 12:29:06.0883
-1;-2;-4;-2;2;1;0;0;8f4cdfd9-c6a5-4abe-9c92-0d36fb7e13b7;2025-05-09 12:29:06.0883
-1;-1;-6;-2;-1;2;-2;-1;8f4cdfd9-c6a5-4abe-9c92-0d36fb7e13b7;2025-05-09 12:29:06.0883
-1;-2;2;2;-3;-4;-1;-2;8f4cdfd9-c6a5-4abe-9c92-0d36fb7e13b7;2025-05-09 12:29:06.0883
-2;0;-4;-2;-1;2;0;0;8f4cdfd9-c6a5-4abe-9c92-0d36fb7e13b7;2025-05-09 12:29:06.0923
-2;-1;1;-4;0;-1;0;0;8f4cdfd9-c6a5-4abe-9c92-0d36fb7e13b7;2025-05-09 12:29:06.0923
-1;-3;-1;3;-1;-2;1;-1;8f4cdfd9-c6a5-4abe-9c92-0d36fb7e13b7;2025-05-09 12:29:06.0933
-1;-3;-2;-3;-2;-2;-1;1;8f4cdfd9-c6a5-4abe-9c92-0d36fb7e13b7;2025-05-09 12:29:06.0933
-2;0;3;2;1;1;0;-1;8f4cdfd9-c6a5-4abe-9c92-0d36fb7e13b7;2025-05-09 12:29:06.1552
-1;0;-3;-1;-1;-1;-1;-1;8f4cdfd9-c6a5-4abe-9c92-0d36fb7e13b7;2025-05-09 12:29:06.1552
-1;-4;-2;-7;0;-2;-1;0;8f4cdfd9-c6a5-4abe-9c92-0d36fb7e13b7;2025-05-09 12:29:06.1562
-2;-1;2;10;0;-2;-1;-2;8f4cdfd9-c6a5-4abe-9c92-0d36fb7e13b7;2025-05-09 12:29:06.1562
0;1;4;1;-1;0;0;0;8f4cdfd9-c6a5-4abe-9c92-0d36fb7e13b7;2025-05-09 12:29:06.1572
-1;-1;6;1;-2;-2;-2;1;8f4cdfd9-c6a5-4abe-9c92-0d36fb7e13b7;2025-05-09 12:29:06.1572
0;0;3;0;2;-1;0;-2;8f4cdfd9-c6a5-4abe-9c92-0d36fb7e13b7;2025-05-09 12:29:06.1612
0;-2;-5;-5;-2;-2;1;-1;8f4cdfd9-c6a5-4abe-9c92-0d36fb7e13b7;2025-05-09 12:29:06.1621
-1;-1;1;3;1;-1;-2;-1;8f4cdfd9-c6a5-4abe-9c92-0d36fb7e13b7;2025-05-09 12:29:06.1621
1;0;-2;-3;-1;0;0;0;8f4cdfd9-c6a5-4abe-9c92-0d36fb7e13b7;2025-05-09 12:29:06.1621
-1;0;0;0;0;-1;-1;-1;8f4cdfd9-c6a5-4abe-9c92-0d36fb7e13b7;2025-05-09 12:29:06.2230
-1;-1;-6;-1;-1;0;-2;-1;8f4cdfd9-c6a5-4abe-9c92-0d36fb7e13b7;2025-05-09 12:29:06.2230
1;2;14;6;0;-1;1;0;8f4cdfd9-c6a5-4abe-9c92-0d36fb7e13b7;2025-05-09 12:29:06.2240
-2;-4;-11;0;-3;0;-2;-2;8f4cdfd9-c6a5-4abe-9c92-0d36fb7e13b7;2025-05-09 12:29:06.2240
-2;-1;-14;-7;0;-1;-2;-1;8f4cdfd9-c6a5-4abe-9c92-0d36fb7e13b7;2025-05-09 12:29:06.2290
-2;-2;-8;-2;-1;-2;0;-2;8f4cdfd9-c6a5-4abe-9c92-0d36fb7e13b7;2025-05-09 12:29:06.2290
-3;-1;-2;0;-1;-2;1;1;8f4cdfd9-c6a5-4abe-9c92-0d36fb7e13b7;2025-05-09 12:29:06.2300
-1;0;9;-5;1;0;0;-1;8f4cdfd9-c6a5-4abe-9c92-0d36fb7e13b7;2025-05-09 12:29:06.2300
-3;0;13;18;-1;-3;0;-2;8f4cdfd9-c6a5-4abe-9c92-0d36fb7e13b7;2025-05-09 12:29:06.2310
-1;0;-1;-1;0;-2;0;-1;8f4cdfd9-c6a5-4abe-9c92-0d36fb7e13b7;2025-05-09 12:29:06.2320
-2;-2;-2;-2;-2;-2;0;0;8f4cdfd9-c6a5-4abe-9c92-0d36fb7e13b7;2025-05-09 12:29:06.2898
-2;0;-5;0;1;1;1;0;8f4cdfd9-c6a5-4abe-9c92-0d36fb7e13b7;2025-05-09 12:29:06.2898
0;-1;-10;-14;-2;0;-1;-2;8f4cdfd9-c6a5-4abe-9c92-0d36fb7e13b7;2025-05-09 12:29:06.2908
0;0;6;1;0;-1;-3;0;8f4cdfd9-c6a5-4abe-9c92-0d36fb7e13b7;2025-05-09 12:29:06.2918
-1;-2;-8;-2;-1;-2;-1;0;8f4cdfd9-c6a5-4abe-9c92-0d36fb7e13b7;2025-05-09 12:29:06.2918
0;1;-1;9;4;-1;-1;-1;8f4cdfd9-c6a5-4abe-9c92-0d36fb7e13b7;2025-05-09 12:29:06.2918
0;1;12;-10;-5;-1;-1;-2;8f4cdfd9-c6a5-4abe-9c92-0d36fb7e13b7;2025-05-09 12:29:06.3207
-1;-1;7;4;-4;-2;-1;-1;8f4cdfd9-c6a5-4abe-9c92-0d36fb7e13b7;2025-05-09 12:29:06.3207
-1;0;5;-6;-3;-2;-2;-1;8f4cdfd9-c6a5-4abe-9c92-0d36fb7e13b7;2025-05-09 12:29:06.3217
0;1;1;2;0;-1;-1;0;8f4cdfd9-c6a5-4abe-9c92-0d36fb7e13b7;2025-05-09 12:29:06.3217
-1;-3;-18;-15;-3;0;0;0;8f4cdfd9-c6a5-4abe-9c92-0d36fb7e13b7;2025-05-09 12:29:06.3566
-1;-2;13;15;0;-1;-3;0;8f4cdfd9-c6a5-4abe-9c92-0d36fb7e13b7;2025-05-09 12:29:06.3566
0;-3;-4;-5;-2;-1;0;-1;8f4cdfd9-c6a5-4abe-9c92-0d36fb7e13b7;2025-05-09 12:29:06.3566
0;-1;-1;-1;-3;-1;-1;-1;8f4cdfd9-c6a5-4abe-9c92-0d36fb7e13b7;2025-05-09 12:29:06.3566
1;-1;-9;-1;1;-1;0;0;8f4cdfd9-c6a5-4abe-9c92-0d36fb7e13b7;2025-05-09 12:29:06.3631
-1;-1;-2;-7;-1;0;0;-1;8f4cdfd9-c6a5-4abe-9c92-0d36fb7e13b7;2025-05-09 12:29:06.3631
-2;-5;-8;-2;-3;-2;0;-1;8f4cdfd9-c6a5-4abe-9c92-0d36fb7e13b7;2025-05-09 12:29:06.3641
-2;-2;-5;-2;-1;-2;-1;-1;8f4cdfd9-c6a5-4abe-9c92-0d36fb7e13b7;2025-05-09 12:29:06.3641
0;-2;0;-2;-3;0;-1;-1;8f4cdfd9-c6a5-4abe-9c92-0d36fb7e13b7;2025-05-09 12:29:06.3721
-3;-2;-2;0;0;-1;-1;-1;8f4cdfd9-c6a5-4abe-9c92-0d36fb7e13b7;2025-05-09 12:29:06.3721
2;3;3;3;1;0;0;0;8f4cdfd9-c6a5-4abe-9c92-0d36fb7e13b7;2025-05-09 12:29:06.3941
-2;-2;-1;-8;-2;-1;0;0;8f4cdfd9-c6a5-4abe-9c92-0d36fb7e13b7;2025-05-09 12:29:06.3941
-2;1;7;15;3;-1;0;-1;8f4cdfd9-c6a5-4abe-9c92-0d36fb7e13b7;2025-05-09 12:29:06.3951
-2;0;2;-5;-3;-2;-3;-1;8f4cdfd9-c6a5-4abe-9c92-0d36fb7e13b7;2025-05-09 12:29:06.3951
-1;-1;10;1;0;-3;0;-1;8f4cdfd9-c6a5-4abe-9c92-0d36fb7e13b7;2025-05-09 12:29:06.4110
-1;-1;-14;-15;-4;-2;-1;-1;8f4cdfd9-c6a5-4abe-9c92-0d36fb7e13b7;2025-05-09 12:29:06.4110
-1;-3;-4;7;-1;-2;-1;0;8f4cdfd9-c6a5-4abe-9c92-0d36fb7e13b7;2025-05-09 12:29:06.4110
-2;-1;5;-8;-4;0;-2;-1;8f4cdfd9-c6a5-4abe-9c92-0d36fb7e13b7;2025-05-09 12:29:06.4110
0;-1;-6;3;0;-1;-2;-2;8f4cdfd9-c6a5-4abe-9c92-0d36fb7e13b7;2025-05-09 12:29:06.4150
-1;0;1;-2;0;0;0;0;8f4cdfd9-c6a5-4abe-9c92-0d36fb7e13b7;2025-05-09 12:29:06.4150
-2;0;7;2;-1;-1;-3;-2;8f4cdfd9-c6a5-4abe-9c92-0d36fb7e13b7;2025-05-09 12:29:06.4310
0;-1;4;4;-1;-1;-2;-3;8f4cdfd9-c6a5-4abe-9c92-0d36fb7e13b7;2025-05-09 12:29:06.4310
-1;-2;5;-1;-3;-1;-2;1;8f4cdfd9-c6a5-4abe-9c92-0d36fb7e13b7;2025-05-09 12:29:06.4320
0;-3;-8;-5;-1;-1;0;-1;8f4cdfd9-c6a5-4abe-9c92-0d36fb7e13b7;2025-05-09 12:29:06.4330
-1;0;-1;-4;2;2;0;-1;8f4cdfd9-c6a5-4abe-9c92-0d36fb7e13b7;2025-05-09 12:29:06.4539
-1;-1;-6;0;-1;1;-1;0;8f4cdfd9-c6a5-4abe-9c92-0d36fb7e13b7;2025-05-09 12:29:06.4539
0;-1;3;8;-2;0;0;-2;8f4cdfd9-c6a5-4abe-9c92-0d36fb7e13b7;2025-05-09 12:29:06.4549
-1;0;0;-1;-1;0;-1;0;8f4cdfd9-c6a5-4abe-9c92-0d36fb7e13b7;2025-05-09 12:29:06.4549
-1;-2;-7;-9;-2;0;-1;0;8f4cdfd9-c6a5-4abe-9c92-0d36fb7e13b7;2025-05-09 12:29:06.4848
0;-1;-4;0;2;1;-1;0;8f4cdfd9-c6a5-4abe-9c92-0d36fb7e13b7;2025-05-09 12:29:06.4848
-1;1;-5;-1;2;-1;-1;-2;8f4cdfd9-c6a5-4abe-9c92-0d36fb7e13b7;2025-05-09 12:29:06.4868
0;-2;3;-2;-6;-2;-1;-2;8f4cdfd9-c6a5-4abe-9c92-0d36fb7e13b7;2025-05-09 12:29:06.4868
0;-2;6;8;-1;-3;0;0;8f4cdfd9-c6a5-4abe-9c92-0d36fb7e13b7;2025-05-09 12:29:06.4868
0;-2;-2;-5;-5;-2;1;1;8f4cdfd9-c6a5-4abe-9c92-0d36fb7e13b7;2025-05-09 12:29:06.4868
-2;-4;-10;-7;2;0;-1;-1;8f4cdfd9-c6a5-4abe-9c92-0d36fb7e13b7;2025-05-09 12:29:06.4988
-3;-1;3;-1;-3;-2;-1;0;8f4cdfd9-c6a5-4abe-9c92-0d36fb7e13b7;2025-05-09 12:29:06.4988
-1;0;-6;-11;-2;-1;-1;-1;8f4cdfd9-c6a5-4abe-9c92-0d36fb7e13b7;2025-05-09 12:29:06.5058
0;-1;5;9;-2;-3;-1;-3;8f4cdfd9-c6a5-4abe-9c92-0d36fb7e13b7;2025-05-09 12:29:06.5058
-1;2;-7;4;4;1;0;0;8f4cdfd9-c6a5-4abe-9c92-0d36fb7e13b7;2025-05-09 12:29:06.5078
-4;-5;1;-4;-3;-1;-1;-1;8f4cdfd9-c6a5-4abe-9c92-0d36fb7e13b7;2025-05-09 12:29:06.5078
-3;-3;-1;0;0;1;0;0;8f4cdfd9-c6a5-4abe-9c92-0d36fb7e13b7;2025-05-09 12:29:06.5287
-2;-1;-4;1;-2;-3;-2;0;8f4cdfd9-c6a5-4abe-9c92-0d36fb7e13b7;2025-05-09 12:29:06.5287
1;0;0;-6;-4;-1;0;-2;8f4cdfd9-c6a5-4abe-9c92-0d36fb7e13b7;2025-05-09 12:29:06.5297
0;0;-4;4;3;0;1;0;8f4cdfd9-c6a5-4abe-9c92-0d36fb7e13b7;2025-05-09 12:29:06.5297
1;1;4;5;0;3;-2;0;8f4cdfd9-c6a5-4abe-9c92-0d36fb7e13b7;2025-05-09 12:29:06.5437
-2;-1;-8;-11;-3;-2;0;0;8f4cdfd9-c6a5-4abe-9c92-0d36fb7e13b7;2025-05-09 12:29:06.5437
-1;-2;3;1;0;0;-2;0;8f4cdfd9-c6a5-4abe-9c92-0d36fb7e13b7;2025-05-09 12:29:06.5447
-1;-1;-4;-1;-3;-2;-1;-2;8f4cdfd9-c6a5-4abe-9c92-0d36fb7e13b7;2025-05-09 12:29:06.5447
0;0;2;2;-3;-2;-1;-2;8f4cdfd9-c6a5-4abe-9c92-0d36fb7e13b7;2025-05-09 12:29:06.5647
0;-1;-3;-1;2;0;1;0;8f4cdfd9-c6a5-4abe-9c92-0d36fb7e13b7;2025-05-09 12:29:06.5647
-2;-1;6;4;-3;0;1;-1;8f4cdfd9-c6a5-4abe-9c92-0d36fb7e13b7;2025-05-09 12:29:06.6041
-2;-1;-1;5;2;3;0;0;8f4cdfd9-c6a5-4abe-9c92-0d36fb7e13b7;2025-05-09 12:29:06.6051
-2;-2;-5;-8;0;-2;0;-2;8f4cdfd9-c6a5-4abe-9c92-0d36fb7e13b7;2025-05-09 12:29:06.6051
-1;0;-5;1;-1;0;-1;0;8f4cdfd9-c6a5-4abe-9c92-0d36fb7e13b7;2025-05-09 12:29:06.6051
-1;-1;4;2;-2;-2;-1;-1;8f4cdfd9-c6a5-4abe-9c92-0d36fb7e13b7;2025-05-09 12:29:06.6420
2;2;6;-7;-1;0;-1;-1;8f4cdfd9-c6a5-4abe-9c92-0d36fb7e13b7;2025-05-09 12:29:06.6420
-2;1;7;15;0;-3;-1;0;8f4cdfd9-c6a5-4abe-9c92-0d36fb7e13b7;2025-05-09 12:29:06.6430
-1;-2;-16;-8;1;0;-2;0;8f4cdfd9-c6a5-4abe-9c92-0d36fb7e13b7;2025-05-09 12:29:06.6430
0;0;7;9;-3;-2;-3;-1;8f4cdfd9-c6a5-4abe-9c92-0d36fb7e13b7;2025-05-09 12:29:06.6490
-1;-1;-4;0;-2;-1;-3;-3;8f4cdfd9-c6a5-4abe-9c92-0d36fb7e13b7;2025-05-09 12:29:06.6490
0;-1;3;9;7;1;0;-1;8f4cdfd9-c6a5-4abe-9c92-0d36fb7e13b7;2025-05-09 12:29:06.6660
-1;1;-9;-11;-1;-2;-1;-3;8f4cdfd9-c6a5-4abe-9c92-0d36fb7e13b7;2025-05-09 12:29:06.6660
0;-3;10;-4;-4;-2;0;0;8f4cdfd9-c6a5-4abe-9c92-0d36fb7e13b7;2025-05-09 12:29:06.6660
0;-3;-4;3;1;-1;1;0;8f4cdfd9-c6a5-4abe-9c92-0d36fb7e13b7;2025-05-09 12:29:06.6660
0;1;-5;-8;1;0;0;0;8f4cdfd9-c6a5-4abe-9c92-0d36fb7e13b7;2025-05-09 12:29:06.6779
-2;-1;-1;-1;-1;-1;-2;0;8f4cdfd9-c6a5-4abe-9c92-0d36fb7e13b7;2025-05-09 12:29:06.6779
-1;0;6;0;-5;-2;-2;1;8f4cdfd9-c6a5-4abe-9c92-0d36fb7e13b7;2025-05-09 12:29:06.6869
1;-1;3;12;2;2;1;0;8f4cdfd9-c6a5-4abe-9c92-0d36fb7e13b7;2025-05-09 12:29:06.6869
1;0;-13;-15;-3;-1;0;-1;8f4cdfd9-c6a5-4abe-9c92-0d36fb7e13b7;2025-05-09 12:29:06.6879
0;0;6;0;-1;-2;-1;-1;8f4cdfd9-c6a5-4abe-9c92-0d36fb7e13b7;2025-05-09 12:29:06.6879
-2;-3;-8;-2;-3;-5;-4;-1;8f4cdfd9-c6a5-4abe-9c92-0d36fb7e13b7;2025-05-09 12:29:06.6939
-3;-2;-4;4;-2;0;-1;-1;8f4cdfd9-c6a5-4abe-9c92-0d36fb7e13b7;2025-05-09 12:29:06.6939
-2;-1;-1;-6;-2;0;0;-2;8f4cdfd9-c6a5-4abe-9c92-0d36fb7e13b7;2025-05-09 12:29:06.7088
0;1;12;4;-1;-1;0;-1;8f4cdfd9-c6a5-4abe-9c92-0d36fb7e13b7;2025-05-09 12:29:06.7088
-1;-2;2;-3;0;0;1;-1;8f4cdfd9-c6a5-4abe-9c92-0d36fb7e13b7;2025-05-09 12:29:06.7148
1;1;26;17;-3;-1;-1;0;8f4cdfd9-c6a5-4abe-9c92-0d36fb7e13b7;2025-05-09 12:29:06.7148
-2;-6;-34;-20;-3;-2;0;-1;8f4cdfd9-c6a5-4abe-9c92-0d36fb7e13b7;2025-05-09 12:29:06.7308
-1;0;0;3;2;1;1;-2;8f4cdfd9-c6a5-4abe-9c92-0d36fb7e13b7;2025-05-09 12:29:06.7308
-1;1;0;0;3;1;0;-2;8f4cdfd9-c6a5-4abe-9c92-0d36fb7e13b7;2025-05-09 12:29:06.7328
-1;-4;-5;-7;-4;-1;1;-1;8f4cdfd9-c6a5-4abe-9c92-0d36fb7e13b7;2025-05-09 12:29:06.7328
0;1;9;8;-1;0;-1;1;8f4cdfd9-c6a5-4abe-9c92-0d36fb7e13b7;2025-05-09 12:29:06.7537
0;-1;2;-7;-7;-4;-2;0;8f4cdfd9-c6a5-4abe-9c92-0d36fb7e13b7;2025-05-09 12:29:06.7537
-1;1;6;11;6;5;1;0;8f4cdfd9-c6a5-4abe-9c92-0d36fb7e13b7;2025-05-09 12:29:06.7547
0;-3;-34;-6;1;-1;-2;-1;8f4cdfd9-c6a5-4abe-9c92-0d36fb7e13b7;2025-05-09 12:29:06.7547
-2;2;6;-3;-4;-4;-1;-1;8f4cdfd9-c6a5-4abe-9c92-0d36fb7e13b7;2025-05-09 12:29:06.7757
0;-1;-3;-3;-4;1;1;0;8f4cdfd9-c6a5-4abe-9c92-0d36fb7e13b7;2025-05-09 12:29:06.7757
0;-1;0;-4;-3;-3;-1;-2;8f4cdfd9-c6a5-4abe-9c92-0d36fb7e13b7;2025-05-09 12:29:06.7778
-1;-2;0;-3;-2;-1;-1;0;8f4cdfd9-c6a5-4abe-9c92-0d36fb7e13b7;2025-05-09 12:29:06.7778
-1;-1;1;1;1;1;1;-1;8f4cdfd9-c6a5-4abe-9c92-0d36fb7e13b7;2025-05-09 12:29:06.7828
-1;-1;0;2;0;-1;-2;-2;8f4cdfd9-c6a5-4abe-9c92-0d36fb7e13b7;2025-05-09 12:29:06.7828
-1;-3;-12;-4;-1;-2;-3;-2;8f4cdfd9-c6a5-4abe-9c92-0d36fb7e13b7;2025-05-09 12:29:06.7967
-1;0;8;2;-1;-2;-1;-2;8f4cdfd9-c6a5-4abe-9c92-0d36fb7e13b7;2025-05-09 12:29:06.7967
-3;-2;-5;0;1;1;-1;-1;8f4cdfd9-c6a5-4abe-9c92-0d36fb7e13b7;2025-05-09 12:29:06.8057
-1;-1;7;13;3;2;0;-1;8f4cdfd9-c6a5-4abe-9c92-0d36fb7e13b7;2025-05-09 12:29:06.8057
0;-1;-7;-18;3;2;0;1;8f4cdfd9-c6a5-4abe-9c92-0d36fb7e13b7;2025-05-09 12:29:06.8077
0;1;13;-1;-6;-5;-2;-1;8f4cdfd9-c6a5-4abe-9c92-0d36fb7e13b7;2025-05-09 12:29:06.8077
-2;-2;-6;-1;-6;-1;-3;-3;8f4cdfd9-c6a5-4abe-9c92-0d36fb7e13b7;2025-05-09 12:29:06.8286
-1;-2;-3;-3;-6;-7;-2;-2;8f4cdfd9-c6a5-4abe-9c92-0d36fb7e13b7;2025-05-09 12:29:06.8286
0;3;13;8;5;3;1;1;8f4cdfd9-c6a5-4abe-9c92-0d36fb7e13b7;2025-05-09 12:29:06.8296
-1;-2;-29;1;-1;-2;0;-3;8f4cdfd9-c6a5-4abe-9c92-0d36fb7e13b7;2025-05-09 12:29:06.8306
-2;-4;-30;-8;1;-1;-3;-3;8f4cdfd9-c6a5-4abe-9c92-0d36fb7e13b7;2025-05-09 12:29:06.8426
-1;0;0;-2;-2;3;0;-1;8f4cdfd9-c6a5-4abe-9c92-0d36fb7e13b7;2025-05-09 12:29:06.8426
0;-2;-7;-6;-8;-6;-3;-1;8f4cdfd9-c6a5-4abe-9c92-0d36fb7e13b7;2025-05-09 12:29:06.8496
0;1;12;-7;0;0;-1;1;8f4cdfd9-c6a5-4abe-9c92-0d36fb7e13b7;2025-05-09 12:29:06.8496
0;2;11;5;4;-1;-2;-2;8f4cdfd9-c6a5-4abe-9c92-0d36fb7e13b7;2025-05-09 12:29:06.8805
-3;-2;-6;-3;-8;-7;-2;0;8f4cdfd9-c6a5-4abe-9c92-0d36fb7e13b7;2025-05-09 12:29:06.8805
-1;1;1;-2;-5;-2;3;0;8f4cdfd9-c6a5-4abe-9c92-0d36fb7e13b7;2025-05-09 12:29:06.8825
-1;2;10;7;10;13;0;0;8f4cdfd9-c6a5-4abe-9c92-0d36fb7e13b7;2025-05-09 12:29:06.8825
0;-3;-16;-1;6;0;0;0;8f4cdfd9-c6a5-4abe-9c92-0d36fb7e13b7;2025-05-09 12:29:06.8885
0;0;1;-9;-5;-6;-3;0;8f4cdfd9-c6a5-4abe-9c92-0d36fb7e13b7;2025-05-09 12:29:06.8885
-4;-5;3;-1;-16;-21;-4;-4;8f4cdfd9-c6a5-4abe-9c92-0d36fb7e13b7;2025-05-09 12:29:06.8945
-1;2;21;7;8;13;-2;0;8f4cdfd9-c6a5-4abe-9c92-0d36fb7e13b7;2025-05-09 12:29:06.8945
0;-3;-24;0;-2;8;0;-2;8f4cdfd9-c6a5-4abe-9c92-0d36fb7e13b7;2025-05-09 12:29:06.9024
1;2;18;-3;16;-1;3;2;8f4cdfd9-c6a5-4abe-9c92-0d36fb7e13b7;2025-05-09 12:29:06.9024
-1;-1;-9;10;-9;-1;0;-1;8f4cdfd9-c6a5-4abe-9c92-0d36fb7e13b7;2025-05-09 12:29:06.9114
-2;-5;-11;-25;-40;-22;-5;-2;8f4cdfd9-c6a5-4abe-9c92-0d36fb7e13b7;2025-05-09 12:29:06.9114
-12;0;42;14;15;-3;-20;-15;8f4cdfd9-c6a5-4abe-9c92-0d36fb7e13b7;2025-05-09 12:29:06.9264
6;4;-19;9;19;33;6;4;8f4cdfd9-c6a5-4abe-9c92-0d36fb7e13b7;2025-05-09 12:29:06.9264
-2;-13;-32;-4;11;13;-1;-2;8f4cdfd9-c6a5-4abe-9c92-0d36fb7e13b7;2025-05-09 12:29:06.9274
2;-1;-12;11;16;4;4;2;8f4cdfd9-c6a5-4abe-9c92-0d36fb7e13b7;2025-05-09 12:29:06.9274
2;2;23;-2;-12;-16;1;1;8f4cdfd9-c6a5-4abe-9c92-0d36fb7e13b7;2025-05-09 12:29:06.9483
-1;1;17;-8;-17;-21;-5;-2;8f4cdfd9-c6a5-4abe-9c92-0d36fb7e13b7;2025-05-09 12:29:06.9483
-3;-1;4;-5;-7;7;-2;-2;8f4cdfd9-c6a5-4abe-9c92-0d36fb7e13b7;2025-05-09 12:29:06.9503
0;-1;-2;-5;0;-4;1;0;8f4cdfd9-c6a5-4abe-9c92-0d36fb7e13b7;2025-05-09 12:29:06.9503
1;-1;3;-4;-7;1;4;3;8f4cdfd9-c6a5-4abe-9c92-0d36fb7e13b7;2025-05-09 12:29:06.9623
-2;-3;5;7;8;3;1;-3;8f4cdfd9-c6a5-4abe-9c92-0d36fb7e13b7;2025-05-09 12:29:06.9623
1;3;-6;-2;4;0;0;3;8f4cdfd9-c6a5-4abe-9c92-0d36fb7e13b7;2025-05-09 12:29:06.9708
-4;-11;-45;-16;-7;-3;-1;-2;8f4cdfd9-c6a5-4abe-9c92-0d36fb7e13b7;2025-05-09 12:29:06.9708
2;10;53;6;-1;2;2;5;8f4cdfd9-c6a5-4abe-9c92-0d36fb7e13b7;2025-05-09 12:29:06.9937
-8;-12;-42;-13;-21;-13;-1;-5;8f4cdfd9-c6a5-4abe-9c92-0d36fb7e13b7;2025-05-09 12:29:06.9937
8;12;30;23;25;14;3;5;8f4cdfd9-c6a5-4abe-9c92-0d36fb7e13b7;2025-05-09 12:29:06.9947
-1;2;-11;-4;0;1;-2;-3;8f4cdfd9-c6a5-4abe-9c92-0d36fb7e13b7;2025-05-09 12:29:06.9947
3;5;30;17;4;6;4;3;8f4cdfd9-c6a5-4abe-9c92-0d36fb7e13b7;2025-05-09 12:29:07.0087
-4;-4;-35;-18;-7;-6;-2;-3;8f4cdfd9-c6a5-4abe-9c92-0d36fb7e13b7;2025-05-09 12:29:07.0087
-2;-7;-29;-10;-10;-5;2;-1;8f4cdfd9-c6a5-4abe-9c92-0d36fb7e13b7;2025-05-09 12:29:07.0097
-3;-6;6;-6;3;1;-4;-3;8f4cdfd9-c6a5-4abe-9c92-0d36fb7e13b7;2025-05-09 12:29:07.0097
2;-2;0;-10;-2;-2;4;4;8f4cdfd9-c6a5-4abe-9c92-0d36fb7e13b7;2025-05-09 12:29:07.0306
-1;5;33;30;-1;-1;-2;-1;8f4cdfd9-c6a5-4abe-9c92-0d36fb7e13b7;2025-05-09 12:29:07.0316
-2;-2;-1;-5;-1;-4;-2;-1;8f4cdfd9-c6a5-4abe-9c92-0d36fb7e13b7;2025-05-09 12:29:07.0327
1;4;7;6;3;2;1;-1;8f4cdfd9-c6a5-4abe-9c92-0d36fb7e13b7;2025-05-09 12:29:07.0327
-3;-5;-20;-16;-5;-4;-2;-2;8f4cdfd9-c6a5-4abe-9c92-0d36fb7e13b7;2025-05-09 12:29:07.0536
1;1;6;5;3;6;-2;1;8f4cdfd9-c6a5-4abe-9c92-0d36fb7e13b7;2025-05-09 12:29:07.0536
-1;2;2;4;0;-1;-3;-2;8f4cdfd9-c6a5-4abe-9c92-0d36fb7e13b7;2025-05-09 12:29:07.0545
0;0;0;-7;-4;-3;1;1;8f4cdfd9-c6a5-4abe-9c92-0d36fb7e13b7;2025-05-09 12:29:07.0555
0;-5;-26;3;-1;-1;0;-2;8f4cdfd9-c6a5-4abe-9c92-0d36fb7e13b7;2025-05-09 12:29:07.0755
0;-2;-1;1;1;-1;-2;-1;8f4cdfd9-c6a5-4abe-9c92-0d36fb7e13b7;2025-05-09 12:29:07.0755
2;4;41;1;-1;0;2;0;8f4cdfd9-c6a5-4abe-9c92-0d36fb7e13b7;2025-05-09 12:29:07.0845
2;5;-16;-9;3;-1;1;1;8f4cdfd9-c6a5-4abe-9c92-0d36fb7e13b7;2025-05-09 12:29:07.0845
-4;-11;-19;-6;-4;-2;-3;-4;8f4cdfd9-c6a5-4abe-9c92-0d36fb7e13b7;2025-05-09 12:29:07.0855
-2;-1;18;3;5;4;0;-2;8f4cdfd9-c6a5-4abe-9c92-0d36fb7e13b7;2025-05-09 12:29:07.0855
-2;2;25;4;-3;-5;-4;-4;8f4cdfd9-c6a5-4abe-9c92-0d36fb7e13b7;2025-05-09 12:29:07.1234
0;-2;-10;10;0;-1;0;0;8f4cdfd9-c6a5-4abe-9c92-0d36fb7e13b7;2025-05-09 12:29:07.1234
-1;6;33;-23;1;4;0;0;8f4cdfd9-c6a5-4abe-9c92-0d36fb7e13b7;2025-05-09 12:29:07.1234
0;-11;-51;-8;-4;-3;-2;-1;8f4cdfd9-c6a5-4abe-9c92-0d36fb7e13b7;2025-05-09 12:29:07.1244
-2;2;2;13;-4;-3;-3;-2;8f4cdfd9-c6a5-4abe-9c92-0d36fb7e13b7;2025-05-09 12:29:07.1373
-2;-5;-5;-4;-1;-1;-2;0;8f4cdfd9-c6a5-4abe-9c92-0d36fb7e13b7;2025-05-09 12:29:07.1373
2;-3;-7;10;-2;-2;-1;0;8f4cdfd9-c6a5-4abe-9c92-0d36fb7e13b7;2025-05-09 12:29:07.1383
-3;0;23;-3;1;0;-1;0;8f4cdfd9-c6a5-4abe-9c92-0d36fb7e13b7;2025-05-09 12:29:07.1383
0;0;-5;-13;-3;-2;-1;1;8f4cdfd9-c6a5-4abe-9c92-0d36fb7e13b7;2025-05-09 12:29:07.1393
0;1;10;7;3;-2;-1;-3;8f4cdfd9-c6a5-4abe-9c92-0d36fb7e13b7;2025-05-09 12:29:07.1393
0;1;-10;4;-2;-1;-2;1;8f4cdfd9-c6a5-4abe-9c92-0d36fb7e13b7;2025-05-09 12:29:07.1902
1;5;15;-13;-2;1;1;2;8f4cdfd9-c6a5-4abe-9c92-0d36fb7e13b7;2025-05-09 12:29:07.1902
-1;-7;-18;1;1;1;1;-1;8f4cdfd9-c6a5-4abe-9c92-0d36fb7e13b7;2025-05-09 12:29:07.1912
-3;-3;5;-8;-2;-1;-2;-3;8f4cdfd9-c6a5-4abe-9c92-0d36fb7e13b7;2025-05-09 12:29:07.1912
-3;-4;-7;1;-1;-2;-1;-3;8f4cdfd9-c6a5-4abe-9c92-0d36fb7e13b7;2025-05-09 12:29:07.1922
1;0;9;0;-1;-1;-1;1;8f4cdfd9-c6a5-4abe-9c92-0d36fb7e13b7;2025-05-09 12:29:07.1922
0;-3;-7;-4;-2;-2;-1;0;8f4cdfd9-c6a5-4abe-9c92-0d36fb7e13b7;2025-05-09 12:29:07.2131
2;1;20;3;2;2;0;1;8f4cdfd9-c6a5-4abe-9c92-0d36fb7e13b7;2025-05-09 12:29:07.2131
1;9;6;-4;4;3;2;2;8f4cdfd9-c6a5-4abe-9c92-0d36fb7e13b7;2025-05-09 12:29:07.2131
-1;2;7;5;5;1;3;-1;8f4cdfd9-c6a5-4abe-9c92-0d36fb7e13b7;2025-05-09 12:29:07.2141
0;7;-6;-12;-3;-2;-1;0;8f4cdfd9-c6a5-4abe-9c92-0d36fb7e13b7;2025-05-09 12:29:07.2261
0;-2;-16;9;-6;-3;0;-1;8f4cdfd9-c6a5-4abe-9c92-0d36fb7e13b7;2025-05-09 12:29:07.2271
-1;2;-8;-5;-4;-3;-1;0;8f4cdfd9-c6a5-4abe-9c92-0d36fb7e13b7;2025-05-09 12:29:07.2271
0;0;7;6;0;5;1;1;8f4cdfd9-c6a5-4abe-9c92-0d36fb7e13b7;2025-05-09 12:29:07.2271
-1;-3;-4;-6;4;2;-1;-1;8f4cdfd9-c6a5-4abe-9c92-0d36fb7e13b7;2025-05-09 12:29:07.2291
0;1;9;-6;-3;-1;-2;-2;8f4cdfd9-c6a5-4abe-9c92-0d36fb7e13b7;2025-05-09 12:29:07.2291
-2;-4;-28;-1;-1;-1;-1;-2;8f4cdfd9-c6a5-4abe-9c92-0d36fb7e13b7;2025-05-09 12:29:07.2560
-1;-1;4;-10;-1;-3;-1;0;8f4cdfd9-c6a5-4abe-9c92-0d36fb7e13b7;2025-05-09 12:29:07.2560
-1;-2;1;5;-5;-3;0;1;8f4cdfd9-c6a5-4abe-9c92-0d36fb7e13b7;2025-05-09 12:29:07.2570
-1;1;-4;3;2;0;0;1;8f4cdfd9-c6a5-4abe-9c92-0d36fb7e13b7;2025-05-09 12:29:07.2580
-3;0;20;2;3;3;0;-1;8f4cdfd9-c6a5-4abe-9c92-0d36fb7e13b7;2025-05-09 12:29:07.2869
-2;-6;-46;6;-2;-3;-5;-3;8f4cdfd9-c6a5-4abe-9c92-0d36fb7e13b7;2025-05-09 12:29:07.2879
-2;-3;-20;-18;-1;0;0;0;8f4cdfd9-c6a5-4abe-9c92-0d36fb7e13b7;2025-05-09 12:29:07.2889
-2;-2;17;15;0;-3;-1;-3;8f4cdfd9-c6a5-4abe-9c92-0d36fb7e13b7;2025-05-09 12:29:07.2889
0;2;1;-19;-6;-1;-1;-1;8f4cdfd9-c6a5-4abe-9c92-0d36fb7e13b7;2025-05-09 12:29:07.2899
1;0;12;15;5;1;0;0;8f4cdfd9-c6a5-4abe-9c92-0d36fb7e13b7;2025-05-09 12:29:07.2899
-1;-6;17;11;-3;-3;-2;-1;8f4cdfd9-c6a5-4abe-9c92-0d36fb7e13b7;2025-05-09 12:29:07.3009
-2;-2;-19;-23;-4;-3;-4;-1;8f4cdfd9-c6a5-4abe-9c92-0d36fb7e13b7;2025-05-09 12:29:07.3009
0;1;35;26;1;1;1;1;8f4cdfd9-c6a5-4abe-9c92-0d36fb7e13b7;2025-05-09 12:29:07.3158
-4;-16;-75;-41;-8;-2;-2;0;8f4cdfd9-c6a5-4abe-9c92-0d36fb7e13b7;2025-05-09 12:29:07.3158
1;2;12;14;1;-5;-2;-2;8f4cdfd9-c6a5-4abe-9c92-0d36fb7e13b7;2025-05-09 12:29:07.3178
-2;-1;12;2;6;-1;-1;0;8f4cdfd9-c6a5-4abe-9c92-0d36fb7e13b7;2025-05-09 12:29:07.3178
-2;-3;-19;0;-3;0;0;0;8f4cdfd9-c6a5-4abe-9c92-0d36fb7e13b7;2025-05-09 12:29:07.3218
-2;-2;15;-2;-5;-3;-3;-2;8f4cdfd9-c6a5-4abe-9c92-0d36fb7e13b7;2025-05-09 12:29:07.3218
-3;-2;-11;-2;3;2;0;-1;8f4cdfd9-c6a5-4abe-9c92-0d36fb7e13b7;2025-05-09 12:29:07.3368
-1;0;-5;-3;-2;-1;1;1;8f4cdfd9-c6a5-4abe-9c92-0d36fb7e13b7;2025-05-09 12:29:07.3368
0;1;-3;-9;0;-3;-1;-1;8f4cdfd9-c6a5-4abe-9c92-0d36fb7e13b7;2025-05-09 12:29:07.3448
-1;5;22;6;-3;0;-1;0;8f4cdfd9-c6a5-4abe-9c92-0d36fb7e13b7;2025-05-09 12:29:07.3448
-1;1;-1;-5;4;0;1;-3;8f4cdfd9-c6a5-4abe-9c92-0d36fb7e13b7;2025-05-09 12:29:07.3537
-3;1;5;-1;-4;-2;-1;0;8f4cdfd9-c6a5-4abe-9c92-0d36fb7e13b7;2025-05-09 12:29:07.3537
0;-2;-18;-1;-1;0;-2;-2;8f4cdfd9-c6a5-4abe-9c92-0d36fb7e13b7;2025-05-09 12:29:07.3682
0;4;15;9;1;-1;-1;-1;8f4cdfd9-c6a5-4abe-9c92-0d36fb7e13b7;2025-05-09 12:29:07.3682
1;-1;7;-5;-4;-1;0;0;8f4cdfd9-c6a5-4abe-9c92-0d36fb7e13b7;2025-05-09 12:29:07.3702
-1;-3;-6;-9;-1;-2;-2;-2;8f4cdfd9-c6a5-4abe-9c92-0d36fb7e13b7;2025-05-09 12:29:07.3702
0;-1;-7;-7;-1;0;1;-1;8f4cdfd9-c6a5-4abe-9c92-0d36fb7e13b7;2025-05-09 12:29:07.3912
0;3;6;5;0;-1;-1;-1;8f4cdfd9-c6a5-4abe-9c92-0d36fb7e13b7;2025-05-09 12:29:07.3912
0;3;8;-8;-4;2;1;1;8f4cdfd9-c6a5-4abe-9c92-0d36fb7e13b7;2025-05-09 12:29:07.3922
-2;-1;3;4;3;0;-1;-1;8f4cdfd9-c6a5-4abe-9c92-0d36fb7e13b7;2025-05-09 12:29:07.3922
-3;-9;-12;-1;-11;-6;-3;-1;8f4cdfd9-c6a5-4abe-9c92-0d36fb7e13b7;2025-05-09 12:29:07.4051
2;1;5;-13;0;2;0;0;8f4cdfd9-c6a5-4abe-9c92-0d36fb7e13b7;2025-05-09 12:29:07.4051
1;1;-4;13;9;0;0;0;8f4cdfd9-c6a5-4abe-9c92-0d36fb7e13b7;2025-05-09 12:29:07.4141
-1;-2;-15;-9;-5;-2;-2;1;8f4cdfd9-c6a5-4abe-9c92-0d36fb7e13b7;2025-05-09 12:29:07.4141
-1;2;14;3;3;0;-3;-2;8f4cdfd9-c6a5-4abe-9c92-0d36fb7e13b7;2025-05-09 12:29:07.4345
-1;6;2;0;-3;-1;1;-2;8f4cdfd9-c6a5-4abe-9c92-0d36fb7e13b7;2025-05-09 12:29:07.4355
0;3;12;-2;-3;-1;0;0;8f4cdfd9-c6a5-4abe-9c92-0d36fb7e13b7;2025-05-09 12:29:07.4525
0;7;-5;-17;-1;-1;0;-1;8f4cdfd9-c6a5-4abe-9c92-0d36fb7e13b7;2025-05-09 12:29:07.4535
-1;5;1;37;4;-1;-3;0;8f4cdfd9-c6a5-4abe-9c92-0d36fb7e13b7;2025-05-09 12:29:07.4535
0;1;0;-6;2;1;1;1;8f4cdfd9-c6a5-4abe-9c92-0d36fb7e13b7;2025-05-09 12:29:07.4535
-1;-1;1;3;1;2;-1;0;8f4cdfd9-c6a5-4abe-9c92-0d36fb7e13b7;2025-05-09 12:29:07.4575
0;-9;1;4;1;-2;0;1;8f4cdfd9-c6a5-4abe-9c92-0d36fb7e13b7;2025-05-09 12:29:07.4575
-1;-11;-28;-25;-1;0;0;1;8f4cdfd9-c6a5-4abe-9c92-0d36fb7e13b7;2025-05-09 12:29:07.4655
0;0;17;8;-1;-2;-3;-1;8f4cdfd9-c6a5-4abe-9c92-0d36fb7e13b7;2025-05-09 12:29:07.4655
0;1;4;-9;-3;0;-3;1;8f4cdfd9-c6a5-4abe-9c92-0d36fb7e13b7;2025-05-09 12:29:07.4724
-1;-2;-5;-5;-5;-2;-1;-4;8f4cdfd9-c6a5-4abe-9c92-0d36fb7e13b7;2025-05-09 12:29:07.4724
0;2;7;-1;3;2;0;0;8f4cdfd9-c6a5-4abe-9c92-0d36fb7e13b7;2025-05-09 12:29:07.4884
-3;-9;-4;7;-5;-3;-2;-1;8f4cdfd9-c6a5-4abe-9c92-0d36fb7e13b7;2025-05-09 12:29:07.4884
-1;-5;-3;-2;1;-1;0;-2;8f4cdfd9-c6a5-4abe-9c92-0d36fb7e13b7;2025-05-09 12:29:07.4904
-4;-9;-1;4;-2;-2;-1;-2;8f4cdfd9-c6a5-4abe-9c92-0d36fb7e13b7;2025-05-09 12:29:07.4904
0;-2;-4;-19;-2;-3;0;-1;8f4cdfd9-c6a5-4abe-9c92-0d36fb7e13b7;2025-05-09 12:29:07.5183
1;0;12;2;6;2;2;-1;8f4cdfd9-c6a5-4abe-9c92-0d36fb7e13b7;2025-05-09 12:29:07.5183
0;3;-4;18;-1;-3;-2;-3;8f4cdfd9-c6a5-4abe-9c92-0d36fb7e13b7;2025-05-09 12:29:07.5203
-3;-15;-1;-4;-8;0;-2;-2;8f4cdfd9-c6a5-4abe-9c92-0d36fb7e13b7;2025-05-09 12:29:07.5203
-3;-4;1;0;-2;0;-1;-1;8f4cdfd9-c6a5-4abe-9c92-0d36fb7e13b7;2025-05-09 12:29:07.5253
0;-1;-5;-1;0;-3;-2;1;8f4cdfd9-c6a5-4abe-9c92-0d36fb7e13b7;2025-05-09 12:29:07.5253
-1;1;9;-6;-2;-2;-2;-1;8f4cdfd9-c6a5-4abe-9c92-0d36fb7e13b7;2025-05-09 12:29:07.5323
0;3;-22;6;4;3;3;1;8f4cdfd9-c6a5-4abe-9c92-0d36fb7e13b7;2025-05-09 12:29:07.5323
0;0;-21;-12;-1;0;1;0;8f4cdfd9-c6a5-4abe-9c92-0d36fb7e13b7;2025-05-09 12:29:07.5482
-1;0;-16;-5;-5;-3;-2;-2;8f4cdfd9-c6a5-4abe-9c92-0d36fb7e13b7;2025-05-09 12:29:07.5482
-3;-15;-10;-6;-4;-2;-2;-2;8f4cdfd9-c6a5-4abe-9c92-0d36fb7e13b7;2025-05-09 12:29:07.5502
0;2;12;6;3;1;-1;-1;8f4cdfd9-c6a5-4abe-9c92-0d36fb7e13b7;2025-05-09 12:29:07.5502
-1;-6;6;8;-2;-1;0;0;8f4cdfd9-c6a5-4abe-9c92-0d36fb7e13b7;2025-05-09 12:29:07.5787
-2;-2;6;-8;0;0;-2;0;8f4cdfd9-c6a5-4abe-9c92-0d36fb7e13b7;2025-05-09 12:29:07.5787
-1;0;-9;-6;-1;-1;-2;-2;8f4cdfd9-c6a5-4abe-9c92-0d36fb7e13b7;2025-05-09 12:29:07.5797
1;8;4;4;-1;-1;0;0;8f4cdfd9-c6a5-4abe-9c92-0d36fb7e13b7;2025-05-09 12:29:07.5807
-1;4;-6;-4;0;1;1;1;8f4cdfd9-c6a5-4abe-9c92-0d36fb7e13b7;2025-05-09 12:29:07.5936
-1;1;8;7;2;-2;1;-1;8f4cdfd9-c6a5-4abe-9c92-0d36fb7e13b7;2025-05-09 12:29:07.5936
-1;4;-2;-3;0;0;-1;0;8f4cdfd9-c6a5-4abe-9c92-0d36fb7e13b7;2025-05-09 12:29:07.5946
2;0;-7;-9;0;0;0;1;8f4cdfd9-c6a5-4abe-9c92-0d36fb7e13b7;2025-05-09 12:29:07.5946
-3;2;9;10;-7;-5;-2;-3;8f4cdfd9-c6a5-4abe-9c92-0d36fb7e13b7;2025-05-09 12:29:07.6086
-1;2;-10;1;-4;-1;1;-2;8f4cdfd9-c6a5-4abe-9c92-0d36fb7e13b7;2025-05-09 12:29:07.6086
1;7;4;0;3;1;1;0;8f4cdfd9-c6a5-4abe-9c92-0d36fb7e13b7;2025-05-09 12:29:07.6096
-1;-9;-13;-9;-5;-1;-2;-2;8f4cdfd9-c6a5-4abe-9c92-0d36fb7e13b7;2025-05-09 12:29:07.6096
-1;-3;6;6;6;1;-2;-1;8f4cdfd9-c6a5-4abe-9c92-0d36fb7e13b7;2025-05-09 12:29:07.6305
0;0;2;-7;-7;-3;0;2;8f4cdfd9-c6a5-4abe-9c92-0d36fb7e13b7;2025-05-09 12:29:07.6315
-1;0;-8;-2;-2;-2;-1;0;8f4cdfd9-c6a5-4abe-9c92-0d36fb7e13b7;2025-05-09 12:29:07.6325
-1;1;11;2;1;2;0;0;8f4cdfd9-c6a5-4abe-9c92-0d36fb7e13b7;2025-05-09 12:29:07.6325
2;7;-12;3;5;0;0;0;8f4cdfd9-c6a5-4abe-9c92-0d36fb7e13b7;2025-05-09 12:29:07.6445
-5;-19;15;-8;0;2;-1;0;8f4cdfd9-c6a5-4abe-9c92-0d36fb7e13b7;2025-05-09 12:29:07.6445
-1;-8;0;3;-7;-4;-4;-1;8f4cdfd9-c6a5-4abe-9c92-0d36fb7e13b7;2025-05-09 12:29:07.6614
-1;-3;-7;-8;-4;-3;0;-1;8f4cdfd9-c6a5-4abe-9c92-0d36fb7e13b7;2025-05-09 12:29:07.6614
-1;-5;8;10;-5;-2;-1;-2;8f4cdfd9-c6a5-4abe-9c92-0d36fb7e13b7;2025-05-09 12:29:07.6684
4;13;-9;-3;10;1;0;0;8f4cdfd9-c6a5-4abe-9c92-0d36fb7e13b7;2025-05-09 12:29:07.6684
-2;3;13;10;-4;2;2;-1;8f4cdfd9-c6a5-4abe-9c92-0d36fb7e13b7;2025-05-09 12:29:07.6704
-2;-3;1;-5;-1;0;-1;-1;8f4cdfd9-c6a5-4abe-9c92-0d36fb7e13b7;2025-05-09 12:29:07.6704
1;10;2;-7;-6;-2;0;1;8f4cdfd9-c6a5-4abe-9c92-0d36fb7e13b7;2025-05-09 12:29:07.6919
0;1;9;15;10;0;-1;-1;8f4cdfd9-c6a5-4abe-9c92-0d36fb7e13b7;2025-05-09 12:29:07.6919
-1;-3;-2;-5;-1;-2;-2;-1;8f4cdfd9-c6a5-4abe-9c92-0d36fb7e13b7;2025-05-09 12:29:07.6969
-2;0;-3;-3;0;-1;-3;-3;8f4cdfd9-c6a5-4abe-9c92-0d36fb7e13b7;2025-05-09 12:29:07.6969
0;6;-2;-4;2;2;0;0;8f4cdfd9-c6a5-4abe-9c92-0d36fb7e13b7;2025-05-09 12:29:07.7048
-1;-2;6;-3;-4;-1;-1;0;8f4cdfd9-c6a5-4abe-9c92-0d36fb7e13b7;2025-05-09 12:29:07.7048
-3;-8;-17;-11;-1;1;0;-1;8f4cdfd9-c6a5-4abe-9c92-0d36fb7e13b7;2025-05-09 12:29:07.7138
2;7;9;9;2;-2;-2;1;8f4cdfd9-c6a5-4abe-9c92-0d36fb7e13b7;2025-05-09 12:29:07.7138
0;-2;-9;-8;-5;0;0;-1;8f4cdfd9-c6a5-4abe-9c92-0d36fb7e13b7;2025-05-09 12:29:07.7288
-3;-8;-6;-1;-5;-1;0;-3;8f4cdfd9-c6a5-4abe-9c92-0d36fb7e13b7;2025-05-09 12:29:07.7288
-1;1;6;7;2;0;-2;-1;8f4cdfd9-c6a5-4abe-9c92-0d36fb7e13b7;2025-05-09 12:29:07.7298
1;8;10;6;-1;-2;-2;-1;8f4cdfd9-c6a5-4abe-9c92-0d36fb7e13b7;2025-05-09 12:29:07.7298
-3;-3;8;-8;0;1;-2;-1;8f4cdfd9-c6a5-4abe-9c92-0d36fb7e13b7;2025-05-09 12:29:07.7507
0;4;4;-8;-2;-1;0;-2;8f4cdfd9-c6a5-4abe-9c92-0d36fb7e13b7;2025-05-09 12:29:07.7507
0;-5;-9;18;2;-2;0;-1;8f4cdfd9-c6a5-4abe-9c92-0d36fb7e13b7;2025-05-09 12:29:07.7527
0;3;2;-3;-2;2;0;1;8f4cdfd9-c6a5-4abe-9c92-0d36fb7e13b7;2025-05-09 12:29:07.7527
-3;-17;-16;-11;-3;-2;-3;-2;8f4cdfd9-c6a5-4abe-9c92-0d36fb7e13b7;2025-05-09 12:29:07.7647
0;3;-6;-11;-2;0;-2;-1;8f4cdfd9-c6a5-4abe-9c92-0d36fb7e13b7;2025-05-09 12:29:07.7647
1;4;8;22;1;-1;1;0;8f4cdfd9-c6a5-4abe-9c92-0d36fb7e13b7;2025-05-09 12:29:07.7891
-2;-9;4;0;-5;-4;-3;-1;8f4cdfd9-c6a5-4abe-9c92-0d36fb7e13b7;2025-05-09 12:29:07.7891
1;3;8;11;2;-2;-1;0;8f4cdfd9-c6a5-4abe-9c92-0d36fb7e13b7;2025-05-09 12:29:07.7901
-1;3;7;-3;-2;0;-1;-1;8f4cdfd9-c6a5-4abe-9c92-0d36fb7e13b7;2025-05-09 12:29:07.7901
-2;-5;-8;0;-2;-1;-1;0;8f4cdfd9-c6a5-4abe-9c92-0d36fb7e13b7;2025-05-09 12:29:07.7911
0;0;-6;21;5;1;3;1;8f4cdfd9-c6a5-4abe-9c92-0d36fb7e13b7;2025-05-09 12:29:07.7911
-1;3;0;-27;0;0;-1;0;8f4cdfd9-c6a5-4abe-9c92-0d36fb7e13b7;2025-05-09 12:29:07.8111
0;-9;-10;43;2;0;0;-1;8f4cdfd9-c6a5-4abe-9c92-0d36fb7e13b7;2025-05-09 12:29:07.8111
-1;1;-4;-45;-8;-3;-2;-1;8f4cdfd9-c6a5-4abe-9c92-0d36fb7e13b7;2025-05-09 12:29:07.8121
0;-5;-22;-24;-5;-1;-2;0;8f4cdfd9-c6a5-4abe-9c92-0d36fb7e13b7;2025-05-09 12:29:07.8130
-1;1;2;-2;-1;-4;-2;-3;8f4cdfd9-c6a5-4abe-9c92-0d36fb7e13b7;2025-05-09 12:29:07.8250
-2;0;-9;-3;0;-1;-1;0;8f4cdfd9-c6a5-4abe-9c92-0d36fb7e13b7;2025-05-09 12:29:07.8250
-1;1;1;-4;1;1;1;0;8f4cdfd9-c6a5-4abe-9c92-0d36fb7e13b7;2025-05-09 12:29:07.8330
1;7;25;28;2;-2;-1;0;8f4cdfd9-c6a5-4abe-9c92-0d36fb7e13b7;2025-05-09 12:29:07.8340
-3;-11;3;11;-3;1;-2;-2;8f4cdfd9-c6a5-4abe-9c92-0d36fb7e13b7;2025-05-09 12:29:07.8559
1;3;9;-3;-2;-1;0;0;8f4cdfd9-c6a5-4abe-9c92-0d36fb7e13b7;2025-05-09 12:29:07.8559
-1;-2;-17;5;-2;0;-1;-1;8f4cdfd9-c6a5-4abe-9c92-0d36fb7e13b7;2025-05-09 12:29:07.8579
-1;-4;-15;-27;-1;-2;-1;1;8f4cdfd9-c6a5-4abe-9c92-0d36fb7e13b7;2025-05-09 12:29:07.8579
1;3;1;2;-5;-3;0;1;8f4cdfd9-c6a5-4abe-9c92-0d36fb7e13b7;2025-05-09 12:29:07.8709
-2;-1;8;2;0;-1;-3;0;8f4cdfd9-c6a5-4abe-9c92-0d36fb7e13b7;2025-05-09 12:29:07.8709
-4;-3;16;-6;-5;-2;-4;-1;8f4cdfd9-c6a5-4abe-9c92-0d36fb7e13b7;2025-05-09 12:29:07.8724
-2;-9;-60;-7;-3;0;-1;-3;8f4cdfd9-c6a5-4abe-9c92-0d36fb7e13b7;2025-05-09 12:29:07.8724
0;-2;-16;-8;1;2;1;-1;8f4cdfd9-c6a5-4abe-9c92-0d36fb7e13b7;2025-05-09 12:29:07.8844
0;3;2;-9;-4;-1;-1;0;8f4cdfd9-c6a5-4abe-9c92-0d36fb7e13b7;2025-05-09 12:29:07.8844
0;5;14;6;1;-2;1;0;8f4cdfd9-c6a5-4abe-9c92-0d36fb7e13b7;2025-05-09 12:29:07.8933
-1;-1;6;7;2;0;-2;0;8f4cdfd9-c6a5-4abe-9c92-0d36fb7e13b7;2025-05-09 12:29:07.8933
-3;-3;-7;-5;1;1;2;0;8f4cdfd9-c6a5-4abe-9c92-0d36fb7e13b7;2025-05-09 12:29:07.9083
-2;-1;1;-2;-1;-1;-2;-2;8f4cdfd9-c6a5-4abe-9c92-0d36fb7e13b7;2025-05-09 12:29:07.9083
-2;-7;-13;-3;0;-1;0;-1;8f4cdfd9-c6a5-4abe-9c92-0d36fb7e13b7;2025-05-09 12:29:07.9103
-1;5;19;11;0;1;2;0;8f4cdfd9-c6a5-4abe-9c92-0d36fb7e13b7;2025-05-09 12:29:07.9103
0;-2;4;15;0;1;0;0;8f4cdfd9-c6a5-4abe-9c92-0d36fb7e13b7;2025-05-09 12:29:07.9307
2;0;3;-14;-1;-1;-1;-1;8f4cdfd9-c6a5-4abe-9c92-0d36fb7e13b7;2025-05-09 12:29:07.9307
0;-4;-10;-10;-3;-2;-1;1;8f4cdfd9-c6a5-4abe-9c92-0d36fb7e13b7;2025-05-09 12:29:07.9327
-1;1;5;-4;-1;-1;-2;-1;8f4cdfd9-c6a5-4abe-9c92-0d36fb7e13b7;2025-05-09 12:29:07.9327
0;3;9;7;0;0;0;-1;8f4cdfd9-c6a5-4abe-9c92-0d36fb7e13b7;2025-05-09 12:29:07.9447
-1;-2;-3;4;-2;1;-1;-1;8f4cdfd9-c6a5-4abe-9c92-0d36fb7e13b7;2025-05-09 12:29:07.9447
1;1;-16;-13;-5;0;0;-1;8f4cdfd9-c6a5-4abe-9c92-0d36fb7e13b7;2025-05-09 12:29:07.9537
-1;-6;-4;-10;-4;-1;0;0;8f4cdfd9-c6a5-4abe-9c92-0d36fb7e13b7;2025-05-09 12:29:07.9537
0;0;-1;-2;0;-1;-1;-1;8f4cdfd9-c6a5-4abe-9c92-0d36fb7e13b7;2025-05-09 12:29:07.9676
-1;-1;-7;-2;-3;-3;-1;-1;8f4cdfd9-c6a5-4abe-9c92-0d36fb7e13b7;2025-05-09 12:29:07.9676
0;2;13;22;-1;-4;-2;-2;8f4cdfd9-c6a5-4abe-9c92-0d36fb7e13b7;2025-05-09 12:29:07.9766
-2;-2;-8;-26;7;1;-1;-1;8f4cdfd9-c6a5-4abe-9c92-0d36fb7e13b7;2025-05-09 12:29:07.9766
-1;1;4;2;-1;-1;0;-1;8f4cdfd9-c6a5-4abe-9c92-0d36fb7e13b7;2025-05-09 12:29:07.9996
-2;-1;-7;-3;-6;-2;-1;-1;8f4cdfd9-c6a5-4abe-9c92-0d36fb7e13b7;2025-05-09 12:29:07.9996
-1;-3;6;-4;-1;-1;-1;-1;8f4cdfd9-c6a5-4abe-9c92-0d36fb7e13b7;2025-05-09 12:29:08.0006
0;1;10;28;1;2;-2;-1;8f4cdfd9-c6a5-4abe-9c92-0d36fb7e13b7;2025-05-09 12:29:08.0006
0;0;-1;-17;2;1;-1;1;8f4cdfd9-c6a5-4abe-9c92-0d36fb7e13b7;2025-05-09 12:29:08.0055
0;1;9;28;0;0;0;1;8f4cdfd9-c6a5-4abe-9c92-0d36fb7e13b7;2025-05-09 12:29:08.0055
-2;0;-7;-5;2;-1;-2;-2;8f4cdfd9-c6a5-4abe-9c92-0d36fb7e13b7;2025-05-09 12:29:08.0210
-2;-5;1;-6;-6;-3;0;0;8f4cdfd9-c6a5-4abe-9c92-0d36fb7e13b7;2025-05-09 12:29:08.0210
0;0;-10;-8;1;0;-1;-1;8f4cdfd9-c6a5-4abe-9c92-0d36fb7e13b7;2025-05-09 12:29:08.0898
-1;1;8;-4;2;1;0;0;8f4cdfd9-c6a5-4abe-9c92-0d36fb7e13b7;2025-05-09 12:29:08.0898
0;-2;-8;13;1;-1;-3;0;8f4cdfd9-c6a5-4abe-9c92-0d36fb7e13b7;2025-05-09 12:29:08.0918
0;-1;1;-22;-5;-2;0;-2;8f4cdfd9-c6a5-4abe-9c92-0d36fb7e13b7;2025-05-09 12:29:08.0918
0;-2;5;9;-4;-3;-3;-3;8f4cdfd9-c6a5-4abe-9c92-0d36fb7e13b7;2025-05-09 12:29:08.0918
-1;-1;-5;4;4;1;-1;-1;8f4cdfd9-c6a5-4abe-9c92-0d36fb7e13b7;2025-05-09 12:29:08.0918
0;0;9;-12;-1;2;1;1;8f4cdfd9-c6a5-4abe-9c92-0d36fb7e13b7;2025-05-09 12:29:08.1038
-1;-1;-10;0;-3;-1;-1;-1;8f4cdfd9-c6a5-4abe-9c92-0d36fb7e13b7;2025-05-09 12:29:08.1038
-2;-1;-22;1;2;-1;-2;1;8f4cdfd9-c6a5-4abe-9c92-0d36fb7e13b7;2025-05-09 12:29:08.1576
-3;-2;-15;-10;-4;-2;0;0;8f4cdfd9-c6a5-4abe-9c92-0d36fb7e13b7;2025-05-09 12:29:08.1576
0;2;26;5;1;0;-1;0;8f4cdfd9-c6a5-4abe-9c92-0d36fb7e13b7;2025-05-09 12:29:08.1586
2;6;34;10;-3;-1;0;1;8f4cdfd9-c6a5-4abe-9c92-0d36fb7e13b7;2025-05-09 12:29:08.1586
-3;-1;-2;-2;-1;-4;-3;-5;8f4cdfd9-c6a5-4abe-9c92-0d36fb7e13b7;2025-05-09 12:29:08.1596
-1;-1;-5;-4;4;-1;0;-1;8f4cdfd9-c6a5-4abe-9c92-0d36fb7e13b7;2025-05-09 12:29:08.1596
-3;-2;3;-5;-4;-1;-4;-2;8f4cdfd9-c6a5-4abe-9c92-0d36fb7e13b7;2025-05-09 12:29:08.1921
1;3;-1;1;4;1;0;0;8f4cdfd9-c6a5-4abe-9c92-0d36fb7e13b7;2025-05-09 12:29:08.1931
-3;-11;-79;-14;-6;-2;1;-1;8f4cdfd9-c6a5-4abe-9c92-0d36fb7e13b7;2025-05-09 12:29:08.2000
-3;-5;-7;-3;-1;-1;-1;-2;8f4cdfd9-c6a5-4abe-9c92-0d36fb7e13b7;2025-05-09 12:29:08.2000
-2;-3;-9;-1;-3;-2;0;1;8f4cdfd9-c6a5-4abe-9c92-0d36fb7e13b7;2025-05-09 12:29:08.2150
-1;-1;-2;6;0;0;-2;-1;8f4cdfd9-c6a5-4abe-9c92-0d36fb7e13b7;2025-05-09 12:29:08.2150
4;5;27;0;2;0;-1;0;8f4cdfd9-c6a5-4abe-9c92-0d36fb7e13b7;2025-05-09 12:29:08.2230
0;-2;-7;-5;-2;2;1;0;8f4cdfd9-c6a5-4abe-9c92-0d36fb7e13b7;2025-05-09 12:29:08.2230
1;-2;4;2;0;-2;0;1;8f4cdfd9-c6a5-4abe-9c92-0d36fb7e13b7;2025-05-09 12:29:08.2379
6;5;-20;-2;-1;-1;-1;2;8f4cdfd9-c6a5-4abe-9c92-0d36fb7e13b7;2025-05-09 12:29:08.2379
37;-5;-46;-8;-3;-1;4;22;8f4cdfd9-c6a5-4abe-9c92-0d36fb7e13b7;2025-05-09 12:29:08.2529
-82;-11;7;-4;-5;-6;-7;-35;8f4cdfd9-c6a5-4abe-9c92-0d36fb7e13b7;2025-05-09 12:29:08.2529
30;0;2;3;1;-1;-1;11;8f4cdfd9-c6a5-4abe-9c92-0d36fb7e13b7;2025-05-09 12:29:08.2753
-21;9;12;12;3;1;0;-10;8f4cdfd9-c6a5-4abe-9c92-0d36fb7e13b7;2025-05-09 12:29:08.2753
-20;-4;25;5;1;-1;-1;-12;8f4cdfd9-c6a5-4abe-9c92-0d36fb7e13b7;2025-05-09 12:29:08.2828
19;9;13;1;3;2;1;9;8f4cdfd9-c6a5-4abe-9c92-0d36fb7e13b7;2025-05-09 12:29:08.2828
-14;-2;-29;-11;-6;-1;4;0;8f4cdfd9-c6a5-4abe-9c92-0d36fb7e13b7;2025-05-09 12:29:08.2928
1;-1;-35;-3;6;1;-7;-2;8f4cdfd9-c6a5-4abe-9c92-0d36fb7e13b7;2025-05-09 12:29:08.2928
5;1;46;8;1;1;-3;0;8f4cdfd9-c6a5-4abe-9c92-0d36fb7e13b7;2025-05-09 12:29:08.2938
2;-6;-37;-10;-5;-2;-2;3;8f4cdfd9-c6a5-4abe-9c92-0d36fb7e13b7;2025-05-09 12:29:08.2938
-10;-13;-11;-6;-6;-2;0;-6;8f4cdfd9-c6a5-4abe-9c92-0d36fb7e13b7;2025-05-09 12:29:08.2978
13;0;38;6;8;5;3;6;8f4cdfd9-c6a5-4abe-9c92-0d36fb7e13b7;2025-05-09 12:29:08.2978
-12;-15;-81;-20;-12;-4;-3;-2;8f4cdfd9-c6a5-4abe-9c92-0d36fb7e13b7;2025-05-09 12:29:08.3127
6;4;24;3;-8;-5;-2;-3;8f4cdfd9-c6a5-4abe-9c92-0d36fb7e13b7;2025-05-09 12:29:08.3127
4;6;7;1;2;1;1;-1;8f4cdfd9-c6a5-4abe-9c92-0d36fb7e13b7;2025-05-09 12:29:08.3212
-1;-5;16;7;-2;-3;-2;0;8f4cdfd9-c6a5-4abe-9c92-0d36fb7e13b7;2025-05-09 12:29:08.3212
-3;24;45;6;11;5;3;1;8f4cdfd9-c6a5-4abe-9c92-0d36fb7e13b7;2025-05-09 12:29:08.3272
16;2;22;13;8;4;3;6;8f4cdfd9-c6a5-4abe-9c92-0d36fb7e13b7;2025-05-09 12:29:08.3272
-12;-16;-51;-20;-19;-7;-4;-5;8f4cdfd9-c6a5-4abe-9c92-0d36fb7e13b7;2025-05-09 12:29:08.3362
0;-5;6;-1;-2;0;0;-1;8f4cdfd9-c6a5-4abe-9c92-0d36fb7e13b7;2025-05-09 12:29:08.3362
0;0;7;1;-2;-1;1;-3;8f4cdfd9-c6a5-4abe-9c92-0d36fb7e13b7;2025-05-09 12:29:08.3502
4;1;8;5;1;0;-3;0;8f4cdfd9-c6a5-4abe-9c92-0d36fb7e13b7;2025-05-09 12:29:08.3502
-2;13;13;2;3;-1;-1;0;8f4cdfd9-c6a5-4abe-9c92-0d36fb7e13b7;2025-05-09 12:29:08.3641
0;-9;55;9;-3;-2;0;0;8f4cdfd9-c6a5-4abe-9c92-0d36fb7e13b7;2025-05-09 12:29:08.3651
1;1;-23;-9;-5;-3;-3;-4;8f4cdfd9-c6a5-4abe-9c92-0d36fb7e13b7;2025-05-09 12:29:08.3731
0;-1;-30;-6;-1;-2;0;0;8f4cdfd9-c6a5-4abe-9c92-0d36fb7e13b7;2025-05-09 12:29:08.3731
-3;-5;0;3;4;2;0;-1;8f4cdfd9-c6a5-4abe-9c92-0d36fb7e13b7;2025-05-09 12:29:08.3751
4;-2;-7;1;-2;-1;-2;2;8f4cdfd9-c6a5-4abe-9c92-0d36fb7e13b7;2025-05-09 12:29:08.3751
-1;5;28;9;5;2;1;0;8f4cdfd9-c6a5-4abe-9c92-0d36fb7e13b7;2025-05-09 12:29:08.3881
4;6;34;-1;-5;-2;2;2;8f4cdfd9-c6a5-4abe-9c92-0d36fb7e13b7;2025-05-09 12:29:08.3881
3;9;-47;-11;1;0;-2;0;8f4cdfd9-c6a5-4abe-9c92-0d36fb7e13b7;2025-05-09 12:29:08.3950
-4;-27;-16;-3;-3;-5;-2;-3;8f4cdfd9-c6a5-4abe-9c92-0d36fb7e13b7;2025-05-09 12:29:08.3950
-1;2;23;6;6;0;-1;-2;8f4cdfd9-c6a5-4abe-9c92-0d36fb7e13b7;2025-05-09 12:29:08.4110
-1;-16;-29;-8;-2;-2;-2;0;8f4cdfd9-c6a5-4abe-9c92-0d36fb7e13b7;2025-05-09 12:29:08.4110
0;-1;37;10;2;1;1;-1;8f4cdfd9-c6a5-4abe-9c92-0d36fb7e13b7;2025-05-09 12:29:08.4120
0;3;-26;-3;6;3;0;1;8f4cdfd9-c6a5-4abe-9c92-0d36fb7e13b7;2025-05-09 12:29:08.4130
-3;-3;6;-3;-11;-4;-3;-4;8f4cdfd9-c6a5-4abe-9c92-0d36fb7e13b7;2025-05-09 12:29:08.4329
3;6;9;6;4;3;1;1;8f4cdfd9-c6a5-4abe-9c92-0d36fb7e13b7;2025-05-09 12:29:08.4339
-2;0;-15;-3;0;-1;-3;-2;8f4cdfd9-c6a5-4abe-9c92-0d36fb7e13b7;2025-05-09 12:29:08.4349
0;6;-8;7;-1;0;-1;-1;8f4cdfd9-c6a5-4abe-9c92-0d36fb7e13b7;2025-05-09 12:29:08.4349
-1;3;10;11;0;-2;-1;-2;8f4cdfd9-c6a5-4abe-9c92-0d36fb7e13b7;2025-05-09 12:29:08.4479
0;3;-16;-9;-1;0;-2;-2;8f4cdfd9-c6a5-4abe-9c92-0d36fb7e13b7;2025-05-09 12:29:08.4479
0;1;8;-2;-2;-4;-2;-1;8f4cdfd9-c6a5-4abe-9c92-0d36fb7e13b7;2025-05-09 12:29:08.4619
0;-2;8;-5;2;3;1;-1;8f4cdfd9-c6a5-4abe-9c92-0d36fb7e13b7;2025-05-09 12:29:08.4619
-1;-1;-9;3;3;-1;-2;0;8f4cdfd9-c6a5-4abe-9c92-0d36fb7e13b7;2025-05-09 12:29:08.4773
-1;-4;-8;-4;-4;-2;-2;-2;8f4cdfd9-c6a5-4abe-9c92-0d36fb7e13b7;2025-05-09 12:29:08.4773
-2;-3;3;-1;-1;-1;-2;0;8f4cdfd9-c6a5-4abe-9c92-0d36fb7e13b7;2025-05-09 12:29:08.4863
1;7;42;7;3;2;2;1;8f4cdfd9-c6a5-4abe-9c92-0d36fb7e13b7;2025-05-09 12:29:08.4863
-1;-9;-51;-18;0;1;-1;-1;8f4cdfd9-c6a5-4abe-9c92-0d36fb7e13b7;2025-05-09 12:29:08.5092
-2;-9;-9;2;-1;-3;-3;-2;8f4cdfd9-c6a5-4abe-9c92-0d36fb7e13b7;2025-05-09 12:29:08.5092
-2;4;16;2;-3;1;0;1;8f4cdfd9-c6a5-4abe-9c92-0d36fb7e13b7;2025-05-09 12:29:08.5102
-1;-6;-17;0;-4;-4;-3;-1;8f4cdfd9-c6a5-4abe-9c92-0d36fb7e13b7;2025-05-09 12:29:08.5102
1;10;30;16;2;-2;-1;-1;8f4cdfd9-c6a5-4abe-9c92-0d36fb7e13b7;2025-05-09 12:29:08.5312
-2;-16;-29;-9;4;5;-1;0;8f4cdfd9-c6a5-4abe-9c92-0d36fb7e13b7;2025-05-09 12:29:08.5312
0;1;18;-2;-4;-2;-2;-3;8f4cdfd9-c6a5-4abe-9c92-0d36fb7e13b7;2025-05-09 12:29:08.5332
-2;-8;-28;-33;-31;-7;-3;-1;8f4cdfd9-c6a5-4abe-9c92-0d36fb7e13b7;2025-05-09 12:29:08.5332
-1;0;12;10;13;-6;-3;0;8f4cdfd9-c6a5-4abe-9c92-0d36fb7e13b7;2025-05-09 12:29:08.5382
1;1;-10;-1;10;10;2;0;8f4cdfd9-c6a5-4abe-9c92-0d36fb7e13b7;2025-05-09 12:29:08.5382
-2;1;18;8;0;-3;-1;-2;8f4cdfd9-c6a5-4abe-9c92-0d36fb7e13b7;2025-05-09 12:29:08.5402
-1;1;-16;10;7;2;2;0;8f4cdfd9-c6a5-4abe-9c92-0d36fb7e13b7;2025-05-09 12:29:08.5402
-1;0;6;-9;-15;-2;0;1;8f4cdfd9-c6a5-4abe-9c92-0d36fb7e13b7;2025-05-09 12:29:08.5601
-2;3;5;1;-1;-5;-3;-1;8f4cdfd9-c6a5-4abe-9c92-0d36fb7e13b7;2025-05-09 12:29:08.5601
-1;-8;-12;-4;1;-1;-1;-2;8f4cdfd9-c6a5-4abe-9c92-0d36fb7e13b7;2025-05-09 12:29:08.5776
1;13;-4;-4;-6;-2;-2;0;8f4cdfd9-c6a5-4abe-9c92-0d36fb7e13b7;2025-05-09 12:29:08.5776
-2;-16;3;-1;-1;1;-1;-1;8f4cdfd9-c6a5-4abe-9c92-0d36fb7e13b7;2025-05-09 12:29:08.5776
-1;0;5;6;1;-3;0;-1;8f4cdfd9-c6a5-4abe-9c92-0d36fb7e13b7;2025-05-09 12:29:08.5776
-1;-4;2;-6;-3;0;-2;-2;8f4cdfd9-c6a5-4abe-9c92-0d36fb7e13b7;2025-05-09 12:29:08.5835
0;-1;-12;-2;-2;-5;-2;-1;8f4cdfd9-c6a5-4abe-9c92-0d36fb7e13b7;2025-05-09 12:29:08.5835
1;12;17;8;-1;1;0;11;8f4cdfd9-c6a5-4abe-9c92-0d36fb7e13b7;2025-05-09 12:29:08.5975
-1;-14;-17;-7;-6;0;1;-9;8f4cdfd9-c6a5-4abe-9c92-0d36fb7e13b7;2025-05-09 12:29:08.5975
-3;-5;-12;-2;-8;-1;1;8;8f4cdfd9-c6a5-4abe-9c92-0d36fb7e13b7;2025-05-09 12:29:08.6065
-1;0;-2;10;21;6;-1;-13;8f4cdfd9-c6a5-4abe-9c92-0d36fb7e13b7;2025-05-09 12:29:08.6065
2;24;16;7;-4;-3;1;10;8f4cdfd9-c6a5-4abe-9c92-0d36fb7e13b7;2025-05-09 12:29:08.6135
1;-15;-4;-8;0;-2;5;28;8f4cdfd9-c6a5-4abe-9c92-0d36fb7e13b7;2025-05-09 12:29:08.6135
4;-1;-2;-6;3;1;5;44;8f4cdfd9-c6a5-4abe-9c92-0d36fb7e13b7;2025-05-09 12:29:08.6155
-10;-18;-10;6;14;-5;-15;-94;8f4cdfd9-c6a5-4abe-9c92-0d36fb7e13b7;2025-05-09 12:29:08.6155
0;5;-11;-2;-2;7;-8;10;8f4cdfd9-c6a5-4abe-9c92-0d36fb7e13b7;2025-05-09 12:29:08.6274
9;10;8;-21;-8;-3;2;53;8f4cdfd9-c6a5-4abe-9c92-0d36fb7e13b7;2025-05-09 12:29:08.6274
-3;-11;6;23;0;-4;2;10;8f4cdfd9-c6a5-4abe-9c92-0d36fb7e13b7;2025-05-09 12:29:08.6364
7;7;11;7;3;7;18;60;8f4cdfd9-c6a5-4abe-9c92-0d36fb7e13b7;2025-05-09 12:29:08.6364
0;-1;-3;0;-1;-6;4;-79;8f4cdfd9-c6a5-4abe-9c92-0d36fb7e13b7;2025-05-09 12:29:08.6514
-11;2;-6;-1;-2;-7;-43;-110;8f4cdfd9-c6a5-4abe-9c92-0d36fb7e13b7;2025-05-09 12:29:08.6514
-19;-3;-11;-13;1;-2;-9;-28;8f4cdfd9-c6a5-4abe-9c92-0d36fb7e13b7;2025-05-09 12:29:08.6524
23;-5;14;8;-5;-2;-2;67;8f4cdfd9-c6a5-4abe-9c92-0d36fb7e13b7;2025-05-09 12:29:08.6524
-16;28;-10;-5;3;8;23;50;8f4cdfd9-c6a5-4abe-9c92-0d36fb7e13b7;2025-05-09 12:29:08.6733
21;24;12;23;-7;-10;7;0;8f4cdfd9-c6a5-4abe-9c92-0d36fb7e13b7;2025-05-09 12:29:08.6733
-9;-35;17;1;2;1;-6;1;8f4cdfd9-c6a5-4abe-9c92-0d36fb7e13b7;2025-05-09 12:29:08.6748
-43;-61;-23;-12;-17;-7;-17;-66;8f4cdfd9-c6a5-4abe-9c92-0d36fb7e13b7;2025-05-09 12:29:08.6748
5;-24;1;-4;15;10;22;40;8f4cdfd9-c6a5-4abe-9c92-0d36fb7e13b7;2025-05-09 12:29:08.6868
32;30;-9;-19;2;11;2;3;8f4cdfd9-c6a5-4abe-9c92-0d36fb7e13b7;2025-05-09 12:29:08.6868
21;11;29;40;-45;-25;-14;-36;8f4cdfd9-c6a5-4abe-9c92-0d36fb7e13b7;2025-05-09 12:29:08.6958
11;83;-1;-16;45;25;8;13;8f4cdfd9-c6a5-4abe-9c92-0d36fb7e13b7;2025-05-09 12:29:08.6958
-28;-37;-15;-14;-14;-11;-25;-59;8f4cdfd9-c6a5-4abe-9c92-0d36fb7e13b7;2025-05-09 12:29:08.7107
-78;13;15;13;-28;-3;29;30;8f4cdfd9-c6a5-4abe-9c92-0d36fb7e13b7;2025-05-09 12:29:08.7107
61;-86;-35;-22;16;4;-4;-6;8f4cdfd9-c6a5-4abe-9c92-0d36fb7e13b7;2025-05-09 12:29:08.7127
0;16;-12;-17;-29;-22;-13;46;8f4cdfd9-c6a5-4abe-9c92-0d36fb7e13b7;2025-05-09 12:29:08.7127
12;54;9;-9;-14;-4;-6;73;8f4cdfd9-c6a5-4abe-9c92-0d36fb7e13b7;2025-05-09 12:29:08.7406
-13;28;-4;-12;-8;4;-1;-93;8f4cdfd9-c6a5-4abe-9c92-0d36fb7e13b7;2025-05-09 12:29:08.7406
-14;-17;7;2;13;8;10;6;8f4cdfd9-c6a5-4abe-9c92-0d36fb7e13b7;2025-05-09 12:29:08.7426
8;-22;-24;-8;-5;-4;9;19;8f4cdfd9-c6a5-4abe-9c92-0d36fb7e13b7;2025-05-09 12:29:08.7426
23;-15;-4;-4;4;-1;-9;-15;8f4cdfd9-c6a5-4abe-9c92-0d36fb7e13b7;2025-05-09 12:29:08.7466
10;11;8;9;-8;-6;0;33;8f4cdfd9-c6a5-4abe-9c92-0d36fb7e13b7;2025-05-09 12:29:08.7466
-16;7;1;15;-11;-5;20;31;8f4cdfd9-c6a5-4abe-9c92-0d36fb7e13b7;2025-05-09 12:29:08.7556
24;-8;7;-14;18;11;-1;10;8f4cdfd9-c6a5-4abe-9c92-0d36fb7e13b7;2025-05-09 12:29:08.7566
-18;23;-1;7;-11;-11;-11;-30;8f4cdfd9-c6a5-4abe-9c92-0d36fb7e13b7;2025-05-09 12:29:08.7706
45;-30;-1;23;-6;2;-6;2;8f4cdfd9-c6a5-4abe-9c92-0d36fb7e13b7;2025-05-09 12:29:08.7706
0;27;-6;-21;0;4;15;-22;8f4cdfd9-c6a5-4abe-9c92-0d36fb7e13b7;2025-05-09 12:29:08.7725
-29;21;6;35;16;2;-2;-30;8f4cdfd9-c6a5-4abe-9c92-0d36fb7e13b7;2025-05-09 12:29:08.7725
1;-12;0;-5;-10;-3;1;18;8f4cdfd9-c6a5-4abe-9c92-0d36fb7e13b7;2025-05-09 12:29:08.7930
-53;-7;-20;-7;25;4;3;-3;8f4cdfd9-c6a5-4abe-9c92-0d36fb7e13b7;2025-05-09 12:29:08.7930
-6;5;7;-13;-2;-1;-16;-30;8f4cdfd9-c6a5-4abe-9c92-0d36fb7e13b7;2025-05-09 12:29:08.7930
15;9;15;34;-16;-1;8;12;8f4cdfd9-c6a5-4abe-9c92-0d36fb7e13b7;2025-05-09 12:29:08.7940
-13;-34;-12;-23;4;2;-6;12;8f4cdfd9-c6a5-4abe-9c92-0d36fb7e13b7;2025-05-09 12:29:08.8229
10;2;6;3;-7;-9;2;-12;8f4cdfd9-c6a5-4abe-9c92-0d36fb7e13b7;2025-05-09 12:29:08.8229
-17;15;-4;-13;7;3;3;27;8f4cdfd9-c6a5-4abe-9c92-0d36fb7e13b7;2025-05-09 12:29:08.8309
10;-12;-22;-12;1;1;-6;-13;8f4cdfd9-c6a5-4abe-9c92-0d36fb7e13b7;2025-05-09 12:29:08.8319
4;-1;3;15;5;-2;1;-20;8f4cdfd9-c6a5-4abe-9c92-0d36fb7e13b7;2025-05-09 12:29:08.8389
7;-8;-6;-10;1;-3;2;36;8f4cdfd9-c6a5-4abe-9c92-0d36fb7e13b7;2025-05-09 12:29:08.8389
1;23;2;-3;0;-3;-6;-5;8f4cdfd9-c6a5-4abe-9c92-0d36fb7e13b7;2025-05-09 12:29:08.8389
-4;-5;10;4;-7;-2;1;-19;8f4cdfd9-c6a5-4abe-9c92-0d36fb7e13b7;2025-05-09 12:29:08.8399
5;-5;3;2;2;1;0;-7;8f4cdfd9-c6a5-4abe-9c92-0d36fb7e13b7;2025-05-09 12:29:08.8523
-5;-12;0;-7;3;1;-1;19;8f4cdfd9-c6a5-4abe-9c92-0d36fb7e13b7;2025-05-09 12:29:08.8523
4;8;-8;-2;0;1;-7;0;8f4cdfd9-c6a5-4abe-9c92-0d36fb7e13b7;2025-05-09 12:29:08.8533
-10;-7;-4;-11;-8;-4;0;-7;8f4cdfd9-c6a5-4abe-9c92-0d36fb7e13b7;2025-05-09 12:29:08.8533
-1;5;-2;0;4;2;1;-8;8f4cdfd9-c6a5-4abe-9c92-0d36fb7e13b7;2025-05-09 12:29:08.8753
10;-13;3;-4;9;-1;-5;2;8f4cdfd9-c6a5-4abe-9c92-0d36fb7e13b7;2025-05-09 12:29:08.8753
-3;15;1;7;4;3;-1;-4;8f4cdfd9-c6a5-4abe-9c92-0d36fb7e13b7;2025-05-09 12:29:08.8763
-2;0;3;-4;-4;-1;2;2;8f4cdfd9-c6a5-4abe-9c92-0d36fb7e13b7;2025-05-09 12:29:08.8763
4;-1;5;2;1;-2;1;5;8f4cdfd9-c6a5-4abe-9c92-0d36fb7e13b7;2025-05-09 12:29:08.8982
3;-8;11;6;-3;-3;-5;1;8f4cdfd9-c6a5-4abe-9c92-0d36fb7e13b7;2025-05-09 12:29:08.8982
-12;18;13;12;9;0;-3;-2;8f4cdfd9-c6a5-4abe-9c92-0d36fb7e13b7;2025-05-09 12:29:08.8992
-17;-16;-15;-20;-12;-7;-7;2;8f4cdfd9-c6a5-4abe-9c92-0d36fb7e13b7;2025-05-09 12:29:08.8992
4;-6;-20;-8;3;-3;0;-8;8f4cdfd9-c6a5-4abe-9c92-0d36fb7e13b7;2025-05-09 12:29:08.9132
0;-4;-5;-2;0;2;0;1;8f4cdfd9-c6a5-4abe-9c92-0d36fb7e13b7;2025-05-09 12:29:08.9132
0;15;11;3;4;3;0;-2;8f4cdfd9-c6a5-4abe-9c92-0d36fb7e13b7;2025-05-09 12:29:08.9202
12;11;70;46;8;1;1;-3;8f4cdfd9-c6a5-4abe-9c92-0d36fb7e13b7;2025-05-09 12:29:08.9202
5;4;42;-7;0;-1;1;8;8f4cdfd9-c6a5-4abe-9c92-0d36fb7e13b7;2025-05-09 12:29:08.9521
-11;-30;-101;-52;-18;-10;-5;-1;8f4cdfd9-c6a5-4abe-9c92-0d36fb7e13b7;2025-05-09 12:29:08.9521
-20;1;15;-18;4;-2;-1;2;8f4cdfd9-c6a5-4abe-9c92-0d36fb7e13b7;2025-05-09 12:29:08.9531
27;0;2;30;1;1;1;8;8f4cdfd9-c6a5-4abe-9c92-0d36fb7e13b7;2025-05-09 12:29:08.9531
9;7;36;-31;-4;1;-1;-5;8f4cdfd9-c6a5-4abe-9c92-0d36fb7e13b7;2025-05-09 12:29:08.9551
-7;6;52;26;7;3;2;1;8f4cdfd9-c6a5-4abe-9c92-0d36fb7e13b7;2025-05-09 12:29:08.9551
-5;19;35;41;10;5;-3;-1;8f4cdfd9-c6a5-4abe-9c92-0d36fb7e13b7;2025-05-09 12:29:08.9651
17;11;42;54;5;1;1;15;8f4cdfd9-c6a5-4abe-9c92-0d36fb7e13b7;2025-05-09 12:29:08.9651
-6;-24;-96;-72;-20;-4;-2;2;8f4cdfd9-c6a5-4abe-9c92-0d36fb7e13b7;2025-05-09 12:29:08.9815
12;-28;-43;37;0;-3;-7;-21;8f4cdfd9-c6a5-4abe-9c92-0d36fb7e13b7;2025-05-09 12:29:08.9815
30;-8;-95;-80;14;6;2;9;8f4cdfd9-c6a5-4abe-9c92-0d36fb7e13b7;2025-05-09 12:29:08.9825
-23;64;111;86;5;1;5;5;8f4cdfd9-c6a5-4abe-9c92-0d36fb7e13b7;2025-05-09 12:29:08.9825
4;1;25;11;12;9;6;7;8f4cdfd9-c6a5-4abe-9c92-0d36fb7e13b7;2025-05-09 12:29:08.9955
-76;-51;16;-56;-51;-27;-17;-18;8f4cdfd9-c6a5-4abe-9c92-0d36fb7e13b7;2025-05-09 12:29:08.9955
18;-16;47;108;16;2;-8;-7;8f4cdfd9-c6a5-4abe-9c92-0d36fb7e13b7;2025-05-09 12:29:08.9965
-5;-14;2;-111;-20;-8;2;-18;8f4cdfd9-c6a5-4abe-9c92-0d36fb7e13b7;2025-05-09 12:29:08.9965
-21;25;109;40;4;1;-7;3;8f4cdfd9-c6a5-4abe-9c92-0d36fb7e13b7;2025-05-09 12:29:09.0104
49;43;72;103;48;21;15;11;8f4cdfd9-c6a5-4abe-9c92-0d36fb7e13b7;2025-05-09 12:29:09.0104
-11;-7;-49;-81;-24;-8;-2;-10;8f4cdfd9-c6a5-4abe-9c92-0d36fb7e13b7;2025-05-09 12:29:09.0114
-21;-14;-27;-6;2;0;2;1;8f4cdfd9-c6a5-4abe-9c92-0d36fb7e13b7;2025-05-09 12:29:09.0114
8;-4;-29;-9;-2;-3;-1;-8;8f4cdfd9-c6a5-4abe-9c92-0d36fb7e13b7;2025-05-09 12:29:09.0573
10;8;-55;-57;-9;-3;-1;7;8f4cdfd9-c6a5-4abe-9c92-0d36fb7e13b7;2025-05-09 12:29:09.0573
-9;-1;-40;19;-1;-1;2;6;8f4cdfd9-c6a5-4abe-9c92-0d36fb7e13b7;2025-05-09 12:29:09.0583
0;-14;-67;-12;-2;-2;-4;-6;8f4cdfd9-c6a5-4abe-9c92-0d36fb7e13b7;2025-05-09 12:29:09.0583
12;12;67;76;8;0;2;-1;8f4cdfd9-c6a5-4abe-9c92-0d36fb7e13b7;2025-05-09 12:29:09.0593
5;3;33;34;20;11;3;7;8f4cdfd9-c6a5-4abe-9c92-0d36fb7e13b7;2025-05-09 12:29:09.0593
-14;-21;34;14;-20;-11;-7;-9;8f4cdfd9-c6a5-4abe-9c92-0d36fb7e13b7;2025-05-09 12:29:09.1247
-9;-38;-73;-127;-32;-11;-9;-8;8f4cdfd9-c6a5-4abe-9c92-0d36fb7e13b7;2025-05-09 12:29:09.1247
-2;8;15;56;-9;-5;-2;-9;8f4cdfd9-c6a5-4abe-9c92-0d36fb7e13b7;2025-05-09 12:29:09.1257
8;27;53;-8;59;23;9;10;8f4cdfd9-c6a5-4abe-9c92-0d36fb7e13b7;2025-05-09 12:29:09.1257
1;-3;-54;37;-22;-7;-2;-2;8f4cdfd9-c6a5-4abe-9c92-0d36fb7e13b7;2025-05-09 12:29:09.1267
-8;-25;15;-5;-5;-7;-6;-6;8f4cdfd9-c6a5-4abe-9c92-0d36fb7e13b7;2025-05-09 12:29:09.1267
-6;-9;10;-17;10;3;-1;-3;8f4cdfd9-c6a5-4abe-9c92-0d36fb7e13b7;2025-05-09 12:29:09.1776
9;12;11;32;-3;-3;-1;1;8f4cdfd9-c6a5-4abe-9c92-0d36fb7e13b7;2025-05-09 12:29:09.1776
-2;-15;-33;40;-12;-2;-2;-4;8f4cdfd9-c6a5-4abe-9c92-0d36fb7e13b7;2025-05-09 12:29:09.1776
-8;-33;-96;-31;-25;-12;-4;-3;8f4cdfd9-c6a5-4abe-9c92-0d36fb7e13b7;2025-05-09 12:29:09.1776
1;24;78;-10;0;2;1;1;8f4cdfd9-c6a5-4abe-9c92-0d36fb7e13b7;2025-05-09 12:29:09.1835
-5;-27;-113;-63;-6;1;-1;-2;8f4cdfd9-c6a5-4abe-9c92-0d36fb7e13b7;2025-05-09 12:29:09.1835
17;33;98;37;24;12;9;8;8f4cdfd9-c6a5-4abe-9c92-0d36fb7e13b7;2025-05-09 12:29:09.1845
-15;-33;-77;-56;-25;-14;-13;-8;8f4cdfd9-c6a5-4abe-9c92-0d36fb7e13b7;2025-05-09 12:29:09.1855
4;34;105;79;12;1;1;-1;8f4cdfd9-c6a5-4abe-9c92-0d36fb7e13b7;2025-05-09 12:29:09.1905
-4;-24;-61;-54;-27;-3;1;-1;8f4cdfd9-c6a5-4abe-9c92-0d36fb7e13b7;2025-05-09 12:29:09.1905
0;-9;-32;-17;9;2;0;1;8f4cdfd9-c6a5-4abe-9c92-0d36fb7e13b7;2025-05-09 12:29:09.1905
4;15;41;45;10;1;3;2;8f4cdfd9-c6a5-4abe-9c92-0d36fb7e13b7;2025-05-09 12:29:09.1915
-2;-11;-75;-5;5;6;2;-1;8f4cdfd9-c6a5-4abe-9c92-0d36fb7e13b7;2025-05-09 12:29:09.2125
4;10;46;17;-3;-8;-4;-1;8f4cdfd9-c6a5-4abe-9c92-0d36fb7e13b7;2025-05-09 12:29:09.2125
1;3;-34;-27;-9;-1;0;1;8f4cdfd9-c6a5-4abe-9c92-0d36fb7e13b7;2025-05-09 12:29:09.2204
0;1;-18;13;-2;1;1;1;8f4cdfd9-c6a5-4abe-9c92-0d36fb7e13b7;2025-05-09 12:29:09.2204
-3;-14;-59;-40;-15;-11;-5;-4;8f4cdfd9-c6a5-4abe-9c92-0d36fb7e13b7;2025-05-09 12:29:09.2434
0;7;36;15;-16;0;2;1;8f4cdfd9-c6a5-4abe-9c92-0d36fb7e13b7;2025-05-09 12:29:09.2434
0;9;43;-5;12;4;0;1;8f4cdfd9-c6a5-4abe-9c92-0d36fb7e13b7;2025-05-09 12:29:09.2444
-1;-6;-44;-6;-1;-4;-2;-2;8f4cdfd9-c6a5-4abe-9c92-0d36fb7e13b7;2025-05-09 12:29:09.2444
-7;-19;-49;-45;-20;-8;-5;-5;8f4cdfd9-c6a5-4abe-9c92-0d36fb7e13b7;2025-05-09 12:29:09.2504
2;9;28;19;10;5;1;2;8f4cdfd9-c6a5-4abe-9c92-0d36fb7e13b7;2025-05-09 12:29:09.2504
-2;0;13;-6;-1;-3;-1;-4;8f4cdfd9-c6a5-4abe-9c92-0d36fb7e13b7;2025-05-09 12:29:09.2514
-3;-1;14;-2;-7;0;-1;-1;8f4cdfd9-c6a5-4abe-9c92-0d36fb7e13b7;2025-05-09 12:29:09.2514
3;9;57;19;12;2;2;1;8f4cdfd9-c6a5-4abe-9c92-0d36fb7e13b7;2025-05-09 12:29:09.2723
-5;-28;-95;-49;-6;-4;-3;-2;8f4cdfd9-c6a5-4abe-9c92-0d36fb7e13b7;2025-05-09 12:29:09.2733
0;1;35;-22;-2;-1;0;1;8f4cdfd9-c6a5-4abe-9c92-0d36fb7e13b7;2025-05-09 12:29:09.2733
0;4;52;21;-14;-5;-1;-1;8f4cdfd9-c6a5-4abe-9c92-0d36fb7e13b7;2025-05-09 12:29:09.2733
1;0;11;-1;59;12;3;2;8f4cdfd9-c6a5-4abe-9c92-0d36fb7e13b7;2025-05-09 12:29:09.3032
0;4;6;50;9;6;2;0;8f4cdfd9-c6a5-4abe-9c92-0d36fb7e13b7;2025-05-09 12:29:09.3032
-2;-8;-8;-29;-22;-5;-4;-3;8f4cdfd9-c6a5-4abe-9c92-0d36fb7e13b7;2025-05-09 12:29:09.3042
-3;-3;18;9;-17;-7;-3;-3;8f4cdfd9-c6a5-4abe-9c92-0d36fb7e13b7;2025-05-09 12:29:09.3042
2;-3;-33;2;48;15;5;3;8f4cdfd9-c6a5-4abe-9c92-0d36fb7e13b7;2025-05-09 12:29:09.3102
0;11;54;3;16;2;-4;-2;8f4cdfd9-c6a5-4abe-9c92-0d36fb7e13b7;2025-05-09 12:29:09.3102
-1;-1;-32;25;10;6;3;2;8f4cdfd9-c6a5-4abe-9c92-0d36fb7e13b7;2025-05-09 12:29:09.3112
0;5;6;10;-4;-1;3;0;8f4cdfd9-c6a5-4abe-9c92-0d36fb7e13b7;2025-05-09 12:29:09.3112
-3;-1;-7;-5;-22;-8;-6;-5;8f4cdfd9-c6a5-4abe-9c92-0d36fb7e13b7;2025-05-09 12:29:09.3411
6;8;2;11;8;-2;-2;1;8f4cdfd9-c6a5-4abe-9c92-0d36fb7e13b7;2025-05-09 12:29:09.3411
-3;-6;-25;-31;-13;-3;-6;-4;8f4cdfd9-c6a5-4abe-9c92-0d36fb7e13b7;2025-05-09 12:29:09.3481
0;5;-20;3;8;0;-4;-3;8f4cdfd9-c6a5-4abe-9c92-0d36fb7e13b7;2025-05-09 12:29:09.3481
-5;-13;-38;26;-14;-4;-2;-3;8f4cdfd9-c6a5-4abe-9c92-0d36fb7e13b7;2025-05-09 12:29:09.3711
1;5;32;-25;-5;-1;-1;-2;8f4cdfd9-c6a5-4abe-9c92-0d36fb7e13b7;2025-05-09 12:29:09.3711
1;8;23;-7;-10;-3;2;0;8f4cdfd9-c6a5-4abe-9c92-0d36fb7e13b7;2025-05-09 12:29:09.3721
-2;-1;-5;-12;1;1;0;0;8f4cdfd9-c6a5-4abe-9c92-0d36fb7e13b7;2025-05-09 12:29:09.3721
-3;-10;-18;-33;-43;-11;-6;0;8f4cdfd9-c6a5-4abe-9c92-0d36fb7e13b7;2025-05-09 12:29:09.3950
0;2;24;40;58;11;3;-2;8f4cdfd9-c6a5-4abe-9c92-0d36fb7e13b7;2025-05-09 12:29:09.3950
1;3;-9;15;8;9;5;3;8f4cdfd9-c6a5-4abe-9c92-0d36fb7e13b7;2025-05-09 12:29:09.3950
-1;4;41;25;21;3;-3;-4;8f4cdfd9-c6a5-4abe-9c92-0d36fb7e13b7;2025-05-09 12:29:09.3960
-3;-7;-34;-26;-17;-4;-2;-1;8f4cdfd9-c6a5-4abe-9c92-0d36fb7e13b7;2025-05-09 12:29:09.3970
-1;2;19;-4;-28;-9;-3;-1;8f4cdfd9-c6a5-4abe-9c92-0d36fb7e13b7;2025-05-09 12:29:09.3970
2;0;5;0;14;3;2;-1;8f4cdfd9-c6a5-4abe-9c92-0d36fb7e13b7;2025-05-09 12:29:09.4000
-2;-2;-10;-4;6;1;2;0;8f4cdfd9-c6a5-4abe-9c92-0d36fb7e13b7;2025-05-09 12:29:09.4000
0;1;23;5;-9;-3;-3;-1;8f4cdfd9-c6a5-4abe-9c92-0d36fb7e13b7;2025-05-09 12:29:09.4159
1;4;18;6;-2;1;1;3;8f4cdfd9-c6a5-4abe-9c92-0d36fb7e13b7;2025-05-09 12:29:09.4159
-4;-8;-40;-4;0;-4;-2;-4;8f4cdfd9-c6a5-4abe-9c92-0d36fb7e13b7;2025-05-09 12:29:09.4169
-1;-9;-22;4;-6;-5;-3;-1;8f4cdfd9-c6a5-4abe-9c92-0d36fb7e13b7;2025-05-09 12:29:09.4169
1;7;42;4;6;2;2;-1;8f4cdfd9-c6a5-4abe-9c92-0d36fb7e13b7;2025-05-09 12:29:09.4299
0;-4;-4;-14;-16;-8;-2;-1;8f4cdfd9-c6a5-4abe-9c92-0d36fb7e13b7;2025-05-09 12:29:09.4299
-1;-4;1;-1;0;-1;-4;-2;8f4cdfd9-c6a5-4abe-9c92-0d36fb7e13b7;2025-05-09 12:29:09.4309
1;2;18;25;6;3;0;0;8f4cdfd9-c6a5-4abe-9c92-0d36fb7e13b7;2025-05-09 12:29:09.4309
-1;0;-7;-2;-3;1;-1;0;8f4cdfd9-c6a5-4abe-9c92-0d36fb7e13b7;2025-05-09 12:29:09.4528
-2;-4;-8;-36;-10;-2;-1;1;8f4cdfd9-c6a5-4abe-9c92-0d36fb7e13b7;2025-05-09 12:29:09.4528
-3;-3;-19;-4;-5;-3;-3;-3;8f4cdfd9-c6a5-4abe-9c92-0d36fb7e13b7;2025-05-09 12:29:09.4538
2;2;-7;-22;7;2;2;0;8f4cdfd9-c6a5-4abe-9c92-0d36fb7e13b7;2025-05-09 12:29:09.4538
-3;-5;43;58;12;4;1;-3;8f4cdfd9-c6a5-4abe-9c92-0d36fb7e13b7;2025-05-09 12:29:09.4758
-1;0;-19;24;-13;-5;-2;0;8f4cdfd9-c6a5-4abe-9c92-0d36fb7e13b7;2025-05-09 12:29:09.4758
-13;-1;-58;-105;1;4;2;-12;8f4cdfd9-c6a5-4abe-9c92-0d36fb7e13b7;2025-05-09 12:29:09.4768
14;2;97;116;-16;-13;-15;17;8f4cdfd9-c6a5-4abe-9c92-0d36fb7e13b7;2025-05-09 12:29:09.4768
-7;-3;-69;-97;4;5;6;-1;8f4cdfd9-c6a5-4abe-9c92-0d36fb7e13b7;2025-05-09 12:29:09.4917
-10;-2;49;31;-10;-3;3;-4;8f4cdfd9-c6a5-4abe-9c92-0d36fb7e13b7;2025-05-09 12:29:09.4917
37;12;19;0;29;8;3;20;8f4cdfd9-c6a5-4abe-9c92-0d36fb7e13b7;2025-05-09 12:29:09.4977
-51;-7;-44;-76;-13;-4;-18;-35;8f4cdfd9-c6a5-4abe-9c92-0d36fb7e13b7;2025-05-09 12:29:09.4977
-7;-4;-17;12;-18;-9;-19;-14;8f4cdfd9-c6a5-4abe-9c92-0d36fb7e13b7;2025-05-09 12:29:09.5207
9;0;56;90;7;5;14;7;8f4cdfd9-c6a5-4abe-9c92-0d36fb7e13b7;2025-05-09 12:29:09.5207
-8;-5;-3;7;-1;0;6;6;8f4cdfd9-c6a5-4abe-9c92-0d36fb7e13b7;2025-05-09 12:29:09.5217
16;-1;-3;-24;5;3;6;7;8f4cdfd9-c6a5-4abe-9c92-0d36fb7e13b7;2025-05-09 12:29:09.5217
6;-3;-32;-47;6;0;-1;2;8f4cdfd9-c6a5-4abe-9c92-0d36fb7e13b7;2025-05-09 12:29:09.5356
0;2;-22;-65;-6;-4;-4;-2;8f4cdfd9-c6a5-4abe-9c92-0d36fb7e13b7;2025-05-09 12:29:09.5356
1;-7;11;38;-6;-3;-3;-2;8f4cdfd9-c6a5-4abe-9c92-0d36fb7e13b7;2025-05-09 12:29:09.5366
6;3;-10;-19;9;2;3;7;8f4cdfd9-c6a5-4abe-9c92-0d36fb7e13b7;2025-05-09 12:29:09.5366
-12;0;14;17;-10;-4;0;-9;8f4cdfd9-c6a5-4abe-9c92-0d36fb7e13b7;2025-05-09 12:29:09.5506
5;-2;-13;-16;9;4;0;0;8f4cdfd9-c6a5-4abe-9c92-0d36fb7e13b7;2025-05-09 12:29:09.5506
-7;5;42;22;-13;-8;-3;-2;8f4cdfd9-c6a5-4abe-9c92-0d36fb7e13b7;2025-05-09 12:29:09.5506
-3;-18;-58;-33;-9;-5;-1;-3;8f4cdfd9-c6a5-4abe-9c92-0d36fb7e13b7;2025-05-09 12:29:09.5506
1;12;6;9;0;-1;3;0;8f4cdfd9-c6a5-4abe-9c92-0d36fb7e13b7;2025-05-09 12:29:09.5725
-4;1;9;10;3;-2;-5;-2;8f4cdfd9-c6a5-4abe-9c92-0d36fb7e13b7;2025-05-09 12:29:09.5725
2;-4;7;-6;-3;-1;-5;1;8f4cdfd9-c6a5-4abe-9c92-0d36fb7e13b7;2025-05-09 12:29:09.5735
-5;5;21;17;3;4;6;-5;8f4cdfd9-c6a5-4abe-9c92-0d36fb7e13b7;2025-05-09 12:29:09.5735
7;-10;-6;0;-2;-1;1;4;8f4cdfd9-c6a5-4abe-9c92-0d36fb7e13b7;2025-05-09 12:29:09.6034
0;-4;-19;-12;0;-2;-4;1;8f4cdfd9-c6a5-4abe-9c92-0d36fb7e13b7;2025-05-09 12:29:09.6034
-12;-2;-5;2;-1;-2;-2;-6;8f4cdfd9-c6a5-4abe-9c92-0d36fb7e13b7;2025-05-09 12:29:09.6034
6;3;7;11;2;0;3;5;8f4cdfd9-c6a5-4abe-9c92-0d36fb7e13b7;2025-05-09 12:29:09.6044
2;-2;-5;-4;-3;-1;0;2;8f4cdfd9-c6a5-4abe-9c92-0d36fb7e13b7;2025-05-09 12:29:09.6204
0;12;-14;-12;4;2;-3;-3;8f4cdfd9-c6a5-4abe-9c92-0d36fb7e13b7;2025-05-09 12:29:09.6204
-6;-19;9;10;-2;-1;-2;-4;8f4cdfd9-c6a5-4abe-9c92-0d36fb7e13b7;2025-05-09 12:29:09.6204
-2;4;15;-1;-3;0;0;-2;8f4cdfd9-c6a5-4abe-9c92-0d36fb7e13b7;2025-05-09 12:29:09.6204
4;0;0;-6;2;1;0;4;8f4cdfd9-c6a5-4abe-9c92-0d36fb7e13b7;2025-05-09 12:29:09.6324
-5;-5;5;-2;1;0;-2;-5;8f4cdfd9-c6a5-4abe-9c92-0d36fb7e13b7;2025-05-09 12:29:09.6334
2;0;-7;8;-1;-1;-3;1;8f4cdfd9-c6a5-4abe-9c92-0d36fb7e13b7;2025-05-09 12:29:09.6334
0;9;2;-1;-2;-2;0;2;8f4cdfd9-c6a5-4abe-9c92-0d36fb7e13b7;2025-05-09 12:29:09.6334
-4;-8;-8;-3;2;1;2;-1;8f4cdfd9-c6a5-4abe-9c92-0d36fb7e13b7;2025-05-09 12:29:09.6568
1;0;2;0;-2;0;-1;1;8f4cdfd9-c6a5-4abe-9c92-0d36fb7e13b7;2025-05-09 12:29:09.6568
-1;14;20;4;-3;-2;0;0;8f4cdfd9-c6a5-4abe-9c92-0d36fb7e13b7;2025-05-09 12:29:09.6568
1;1;-12;-4;-1;-2;2;2;8f4cdfd9-c6a5-4abe-9c92-0d36fb7e13b7;2025-05-09 12:29:09.6578
-2;-3;4;0;-4;-3;0;-3;8f4cdfd9-c6a5-4abe-9c92-0d36fb7e13b7;2025-05-09 12:29:09.6708
-4;-16;-6;0;0;-2;-3;-2;8f4cdfd9-c6a5-4abe-9c92-0d36fb7e13b7;2025-05-09 12:29:09.6708
0;-2;-3;-5;-1;-1;-2;-1;8f4cdfd9-c6a5-4abe-9c92-0d36fb7e13b7;2025-05-09 12:29:09.6718
-1;-1;2;6;1;0;-1;0;8f4cdfd9-c6a5-4abe-9c92-0d36fb7e13b7;2025-05-09 12:29:09.6718
2;5;-1;-4;1;0;1;0;8f4cdfd9-c6a5-4abe-9c92-0d36fb7e13b7;2025-05-09 12:29:09.7176
2;25;9;-1;-8;-4;-2;0;8f4cdfd9-c6a5-4abe-9c92-0d36fb7e13b7;2025-05-09 12:29:09.7176
-8;-27;-30;-3;5;0;0;-4;8f4cdfd9-c6a5-4abe-9c92-0d36fb7e13b7;2025-05-09 12:29:09.7186
3;-1;3;3;0;2;2;0;8f4cdfd9-c6a5-4abe-9c92-0d36fb7e13b7;2025-05-09 12:29:09.7186
-1;-4;-9;-1;2;0;0;2;8f4cdfd9-c6a5-4abe-9c92-0d36fb7e13b7;2025-05-09 12:29:09.7326
-1;-10;-3;-2;0;-1;-1;-2;8f4cdfd9-c6a5-4abe-9c92-0d36fb7e13b7;2025-05-09 12:29:09.7326
-1;4;-8;3;-2;-3;-1;-2;8f4cdfd9-c6a5-4abe-9c92-0d36fb7e13b7;2025-05-09 12:29:09.7326
3;8;-1;2;0;1;1;-1;8f4cdfd9-c6a5-4abe-9c92-0d36fb7e13b7;2025-05-09 12:29:09.7336
-3;-7;9;-3;-4;1;0;0;8f4cdfd9-c6a5-4abe-9c92-0d36fb7e13b7;2025-05-09 12:29:09.7346
-2;-8;-1;-1;-3;0;-1;-1;8f4cdfd9-c6a5-4abe-9c92-0d36fb7e13b7;2025-05-09 12:29:09.7346
0;3;7;5;-2;-1;-1;-1;8f4cdfd9-c6a5-4abe-9c92-0d36fb7e13b7;2025-05-09 12:29:09.7376
0;-8;-7;-5;2;0;-1;0;8f4cdfd9-c6a5-4abe-9c92-0d36fb7e13b7;2025-05-09 12:29:09.7376
1;12;4;1;-1;-2;0;-1;8f4cdfd9-c6a5-4abe-9c92-0d36fb7e13b7;2025-05-09 12:29:09.7525
-1;-3;-6;-4;1;0;2;0;8f4cdfd9-c6a5-4abe-9c92-0d36fb7e13b7;2025-05-09 12:29:09.7525
1;3;11;5;0;0;2;1;8f4cdfd9-c6a5-4abe-9c92-0d36fb7e13b7;2025-05-09 12:29:09.7535
-3;-2;8;4;-2;-1;-2;-2;8f4cdfd9-c6a5-4abe-9c92-0d36fb7e13b7;2025-05-09 12:29:09.7535
-2;-4;-27;-16;-8;-2;-2;0;8f4cdfd9-c6a5-4abe-9c92-0d36fb7e13b7;2025-05-09 12:29:09.7765
-2;0;0;-1;2;0;-2;-2;8f4cdfd9-c6a5-4abe-9c92-0d36fb7e13b7;2025-05-09 12:29:09.7765
0;4;0;-17;-15;-8;-3;-1;8f4cdfd9-c6a5-4abe-9c92-0d36fb7e13b7;2025-05-09 12:29:09.7775
-3;-5;-4;12;0;2;1;-2;8f4cdfd9-c6a5-4abe-9c92-0d36fb7e13b7;2025-05-09 12:29:09.7775
2;0;1;-7;-9;4;2;2;8f4cdfd9-c6a5-4abe-9c92-0d36fb7e13b7;2025-05-09 12:29:09.8064
0;-3;-3;10;24;3;1;1;8f4cdfd9-c6a5-4abe-9c92-0d36fb7e13b7;2025-05-09 12:29:09.8064
-1;1;-10;-6;-2;0;0;0;8f4cdfd9-c6a5-4abe-9c92-0d36fb7e13b7;2025-05-09 12:29:09.8074
-2;4;11;-11;-11;-6;-3;-2;8f4cdfd9-c6a5-4abe-9c92-0d36fb7e13b7;2025-05-09 12:29:09.8074
0;-4;7;5;-2;-2;1;0;8f4cdfd9-c6a5-4abe-9c92-0d36fb7e13b7;2025-05-09 12:29:09.8134
-2;-5;-34;-9;-5;0;-3;-2;8f4cdfd9-c6a5-4abe-9c92-0d36fb7e13b7;2025-05-09 12:29:09.8134
-3;1;-3;-4;-3;-3;-2;-1;8f4cdfd9-c6a5-4abe-9c92-0d36fb7e13b7;2025-05-09 12:29:09.8144
0;2;13;-1;2;-2;1;0;8f4cdfd9-c6a5-4abe-9c92-0d36fb7e13b7;2025-05-09 12:29:09.8144
1;-10;44;11;7;2;1;2;8f4cdfd9-c6a5-4abe-9c92-0d36fb7e13b7;2025-05-09 12:29:09.8453
-1;-8;-77;-17;-10;-3;0;0;8f4cdfd9-c6a5-4abe-9c92-0d36fb7e13b7;2025-05-09 12:29:09.8453
-2;-1;-5;7;2;0;-2;0;8f4cdfd9-c6a5-4abe-9c92-0d36fb7e13b7;2025-05-09 12:29:09.8453
-1;-8;-11;-7;-4;1;-1;-2;8f4cdfd9-c6a5-4abe-9c92-0d36fb7e13b7;2025-05-09 12:29:09.8463
-1;10;20;7;3;0;-2;-1;8f4cdfd9-c6a5-4abe-9c92-0d36fb7e13b7;2025-05-09 12:29:09.8503
0;4;36;5;-2;-2;-1;-1;8f4cdfd9-c6a5-4abe-9c92-0d36fb7e13b7;2025-05-09 12:29:09.8503
1;-4;-1;0;0;3;0;0;8f4cdfd9-c6a5-4abe-9c92-0d36fb7e13b7;2025-05-09 12:29:09.9395
2;-1;-4;2;4;1;1;2;8f4cdfd9-c6a5-4abe-9c92-0d36fb7e13b7;2025-05-09 12:29:09.9405
-1;-1;-15;1;-1;-3;-4;-1;8f4cdfd9-c6a5-4abe-9c92-0d36fb7e13b7;2025-05-09 12:29:09.9705
2;11;75;11;1;1;1;0;8f4cdfd9-c6a5-4abe-9c92-0d36fb7e13b7;2025-05-09 12:29:09.9705
-5;-18;-105;-25;-8;-3;-3;-3;8f4cdfd9-c6a5-4abe-9c92-0d36fb7e13b7;2025-05-09 12:29:09.9944
0;0;29;0;2;-3;-2;-1;8f4cdfd9-c6a5-4abe-9c92-0d36fb7e13b7;2025-05-09 12:29:09.9944
1;4;-6;-1;-6;-1;0;0;8f4cdfd9-c6a5-4abe-9c92-0d36fb7e13b7;2025-05-09 12:29:09.9964
2;11;40;20;2;4;1;1;8f4cdfd9-c6a5-4abe-9c92-0d36fb7e13b7;2025-05-09 12:29:09.9964
-1;0;2;4;2;0;0;0;8f4cdfd9-c6a5-4abe-9c92-0d36fb7e13b7;2025-05-09 12:29:09.9974
-1;-5;-18;-7;-4;-3;-1;0;8f4cdfd9-c6a5-4abe-9c92-0d36fb7e13b7;2025-05-09 12:29:09.9974
-1;-1;2;2;2;-1;-2;-1;8f4cdfd9-c6a5-4abe-9c92-0d36fb7e13b7;2025-05-09 12:29:10.0004
-1;-6;-16;-11;-4;-5;-1;-3;8f4cdfd9-c6a5-4abe-9c92-0d36fb7e13b7;2025-05-09 12:29:10.0004
-1;4;6;2;0;-1;-2;-1;8f4cdfd9-c6a5-4abe-9c92-0d36fb7e13b7;2025-05-09 12:29:10.0153
-1;-8;13;5;2;-1;0;-1;8f4cdfd9-c6a5-4abe-9c92-0d36fb7e13b7;2025-05-09 12:29:10.0153
-1;-1;-1;-2;-1;-1;-1;1;8f4cdfd9-c6a5-4abe-9c92-0d36fb7e13b7;2025-05-09 12:29:10.0243
-2;-2;-5;-2;-3;0;-1;-1;8f4cdfd9-c6a5-4abe-9c92-0d36fb7e13b7;2025-05-09 12:29:10.0253
-2;1;6;2;1;1;-1;0;8f4cdfd9-c6a5-4abe-9c92-0d36fb7e13b7;2025-05-09 12:29:10.0253
-1;-2;-3;-2;-2;-1;-1;-3;8f4cdfd9-c6a5-4abe-9c92-0d36fb7e13b7;2025-05-09 12:29:10.0253
-1;1;1;1;2;0;-1;-1;8f4cdfd9-c6a5-4abe-9c92-0d36fb7e13b7;2025-05-09 12:29:10.0453
-1;1;0;-2;-4;-2;2;-1;8f4cdfd9-c6a5-4abe-9c92-0d36fb7e13b7;2025-05-09 12:29:10.0453
-1;0;-1;-1;0;-1;0;0;8f4cdfd9-c6a5-4abe-9c92-0d36fb7e13b7;2025-05-09 12:29:10.0542
0;1;1;-1;1;-1;0;-1;8f4cdfd9-c6a5-4abe-9c92-0d36fb7e13b7;2025-05-09 12:29:10.0542
2;-7;4;2;0;0;0;0;8f4cdfd9-c6a5-4abe-9c92-0d36fb7e13b7;2025-05-09 12:29:10.0827
-1;-1;-4;-1;-1;0;-1;-2;8f4cdfd9-c6a5-4abe-9c92-0d36fb7e13b7;2025-05-09 12:29:10.0827
0;0;1;-3;-3;1;-1;-3;8f4cdfd9-c6a5-4abe-9c92-0d36fb7e13b7;2025-05-09 12:29:10.0897
-1;-2;-2;0;-1;0;-1;1;8f4cdfd9-c6a5-4abe-9c92-0d36fb7e13b7;2025-05-09 12:29:10.0897
0;-1;-1;-1;1;-2;-1;-1;8f4cdfd9-c6a5-4abe-9c92-0d36fb7e13b7;2025-05-09 12:29:10.1276
-2;-1;-4;-1;-3;0;-2;0;8f4cdfd9-c6a5-4abe-9c92-0d36fb7e13b7;2025-05-09 12:29:10.1276
0;1;2;2;-1;0;0;-1;8f4cdfd9-c6a5-4abe-9c92-0d36fb7e13b7;2025-05-09 12:29:10.1355
-1;3;0;0;-1;-1;0;-1;8f4cdfd9-c6a5-4abe-9c92-0d36fb7e13b7;2025-05-09 12:29:10.1355
-2;-1;-4;-3;1;1;0;-2;8f4cdfd9-c6a5-4abe-9c92-0d36fb7e13b7;2025-05-09 12:29:10.1595
0;-1;-2;-2;-1;1;-2;0;8f4cdfd9-c6a5-4abe-9c92-0d36fb7e13b7;2025-05-09 12:29:10.1595
-1;-2;-7;-1;-2;-3;-1;-2;8f4cdfd9-c6a5-4abe-9c92-0d36fb7e13b7;2025-05-09 12:29:10.1605
-1;-2;5;1;0;0;-1;0;8f4cdfd9-c6a5-4abe-9c92-0d36fb7e13b7;2025-05-09 12:29:10.1605
-1;-8;1;0;1;-1;5;2;8f4cdfd9-c6a5-4abe-9c92-0d36fb7e13b7;2025-05-09 12:29:10.1949
-2;0;1;0;-2;-3;0;-2;8f4cdfd9-c6a5-4abe-9c92-0d36fb7e13b7;2025-05-09 12:29:10.1949
-2;3;-2;-1;0;1;-3;-2;8f4cdfd9-c6a5-4abe-9c92-0d36fb7e13b7;2025-05-09 12:29:10.2029
-2;0;-3;-2;-1;0;-8;-7;8f4cdfd9-c6a5-4abe-9c92-0d36fb7e13b7;2025-05-09 12:29:10.2029
-1;-3;-1;-1;-4;-2;-2;-1;8f4cdfd9-c6a5-4abe-9c92-0d36fb7e13b7;2025-05-09 12:29:10.2188
2;2;-1;0;-1;-1;1;3;8f4cdfd9-c6a5-4abe-9c92-0d36fb7e13b7;2025-05-09 12:29:10.2188
1;-1;-1;0;-1;-1;-7;-6;8f4cdfd9-c6a5-4abe-9c92-0d36fb7e13b7;2025-05-09 12:29:10.2198
-5;-2;-1;-1;-1;0;-2;-2;8f4cdfd9-c6a5-4abe-9c92-0d36fb7e13b7;2025-05-09 12:29:10.2198
3;2;-2;-1;1;-2;2;1;8f4cdfd9-c6a5-4abe-9c92-0d36fb7e13b7;2025-05-09 12:29:10.2258
-4;-4;-2;-1;-1;-1;-5;-4;8f4cdfd9-c6a5-4abe-9c92-0d36fb7e13b7;2025-05-09 12:29:10.2258
-1;0;-2;0;-1;0;-9;-4;8f4cdfd9-c6a5-4abe-9c92-0d36fb7e13b7;2025-05-09 12:29:10.2268
0;-2;-2;-1;0;1;11;4;8f4cdfd9-c6a5-4abe-9c92-0d36fb7e13b7;2025-05-09 12:29:10.2268
0;0;1;1;2;0;-3;-1;8f4cdfd9-c6a5-4abe-9c92-0d36fb7e13b7;2025-05-09 12:29:10.2278
-2;2;0;-1;-3;-1;-5;-7;8f4cdfd9-c6a5-4abe-9c92-0d36fb7e13b7;2025-05-09 12:29:10.2278
0;3;0;0;-1;-3;-11;-4;8f4cdfd9-c6a5-4abe-9c92-0d36fb7e13b7;2025-05-09 12:29:10.2328
2;-1;0;0;1;5;24;14;8f4cdfd9-c6a5-4abe-9c92-0d36fb7e13b7;2025-05-09 12:29:10.2328
1;2;-1;-1;-1;-1;-1;2;8f4cdfd9-c6a5-4abe-9c92-0d36fb7e13b7;2025-05-09 12:29:10.2477
-5;-3;1;0;1;1;6;4;8f4cdfd9-c6a5-4abe-9c92-0d36fb7e13b7;2025-05-09 12:29:10.2477
0;0;1;0;-2;-1;-9;-6;8f4cdfd9-c6a5-4abe-9c92-0d36fb7e13b7;2025-05-09 12:29:10.2547
1;2;-2;0;-2;-3;-9;-5;8f4cdfd9-c6a5-4abe-9c92-0d36fb7e13b7;2025-05-09 12:29:10.2547
0;1;-1;1;0;-1;-3;0;8f4cdfd9-c6a5-4abe-9c92-0d36fb7e13b7;2025-05-09 12:29:10.2627
-1;-1;0;0;1;-1;-1;-4;8f4cdfd9-c6a5-4abe-9c92-0d36fb7e13b7;2025-05-09 12:29:10.2627
1;3;-4;-2;-2;0;4;2;8f4cdfd9-c6a5-4abe-9c92-0d36fb7e13b7;2025-05-09 12:29:10.2921
0;-1;1;-1;0;-2;-4;-1;8f4cdfd9-c6a5-4abe-9c92-0d36fb7e13b7;2025-05-09 12:29:10.2931
-2;-14;-10;-2;-2;0;0;-3;8f4cdfd9-c6a5-4abe-9c92-0d36fb7e13b7;2025-05-09 12:29:10.3001
-1;8;2;-2;-3;-1;-5;-1;8f4cdfd9-c6a5-4abe-9c92-0d36fb7e13b7;2025-05-09 12:29:10.3001
-1;1;-1;-1;0;-1;4;2;8f4cdfd9-c6a5-4abe-9c92-0d36fb7e13b7;2025-05-09 12:29:10.3171
-4;-4;-1;-1;-1;0;-1;-1;8f4cdfd9-c6a5-4abe-9c92-0d36fb7e13b7;2025-05-09 12:29:10.3171
-1;0;2;-3;-1;-1;-5;-4;8f4cdfd9-c6a5-4abe-9c92-0d36fb7e13b7;2025-05-09 12:29:10.3181
-2;-3;-3;-1;0;1;-3;-3;8f4cdfd9-c6a5-4abe-9c92-0d36fb7e13b7;2025-05-09 12:29:10.3181
-2;-3;-1;0;-2;-1;9;8;8f4cdfd9-c6a5-4abe-9c92-0d36fb7e13b7;2025-05-09 12:29:10.3240
1;3;-2;-2;-2;-2;-9;-4;8f4cdfd9-c6a5-4abe-9c92-0d36fb7e13b7;2025-05-09 12:29:10.3240
-1;2;3;0;-1;-1;-9;-6;8f4cdfd9-c6a5-4abe-9c92-0d36fb7e13b7;2025-05-09 12:29:10.3250
1;-2;-1;0;-1;0;11;9;8f4cdfd9-c6a5-4abe-9c92-0d36fb7e13b7;2025-05-09 12:29:10.3250
-3;2;0;-1;-1;1;0;-1;8f4cdfd9-c6a5-4abe-9c92-0d36fb7e13b7;2025-05-09 12:29:10.3380
-2;-3;-1;-1;-1;-1;-2;-2;8f4cdfd9-c6a5-4abe-9c92-0d36fb7e13b7;2025-05-09 12:29:10.3380
-1;1;0;1;0;-1;-28;-21;8f4cdfd9-c6a5-4abe-9c92-0d36fb7e13b7;2025-05-09 12:29:10.3619
-1;-3;0;-1;0;0;24;19;8f4cdfd9-c6a5-4abe-9c92-0d36fb7e13b7;2025-05-09 12:29:10.3619
1;-2;-2;-1;0;1;0;0;8f4cdfd9-c6a5-4abe-9c92-0d36fb7e13b7;2025-05-09 12:29:10.3629
0;-3;1;-1;-1;0;-1;0;8f4cdfd9-c6a5-4abe-9c92-0d36fb7e13b7;2025-05-09 12:29:10.3629
-5;0;2;0;0;-1;9;5;8f4cdfd9-c6a5-4abe-9c92-0d36fb7e13b7;2025-05-09 12:29:10.3679
7;1;0;-2;-1;-1;-19;-11;8f4cdfd9-c6a5-4abe-9c92-0d36fb7e13b7;2025-05-09 12:29:10.3679
-3;2;-2;-1;-1;-1;0;-2;8f4cdfd9-c6a5-4abe-9c92-0d36fb7e13b7;2025-05-09 12:29:10.3834
0;-3;1;1;0;0;0;0;8f4cdfd9-c6a5-4abe-9c92-0d36fb7e13b7;2025-05-09 12:29:10.3834
-1;2;0;0;0;-1;3;1;8f4cdfd9-c6a5-4abe-9c92-0d36fb7e13b7;2025-05-09 12:29:10.3844
-5;-6;1;0;-2;-3;-5;-3;8f4cdfd9-c6a5-4abe-9c92-0d36fb7e13b7;2025-05-09 12:29:10.3844
-1;-1;0;0;-1;0;2;2;8f4cdfd9-c6a5-4abe-9c92-0d36fb7e13b7;2025-05-09 12:29:10.4063
-1;3;1;-2;0;-2;-5;-4;8f4cdfd9-c6a5-4abe-9c92-0d36fb7e13b7;2025-05-09 12:29:10.4063
0;0;-2;-2;-1;-1;2;2;8f4cdfd9-c6a5-4abe-9c92-0d36fb7e13b7;2025-05-09 12:29:10.4063
-3;-2;-1;-1;0;0;2;-1;8f4cdfd9-c6a5-4abe-9c92-0d36fb7e13b7;2025-05-09 12:29:10.4063
-1;4;-6;-2;-1;0;-1;-2;8f4cdfd9-c6a5-4abe-9c92-0d36fb7e13b7;2025-05-09 12:29:10.4123
-5;-3;-1;1;-2;-2;-16;-10;8f4cdfd9-c6a5-4abe-9c92-0d36fb7e13b7;2025-05-09 12:29:10.4123
2;9;5;0;-1;-1;-6;-5;8f4cdfd9-c6a5-4abe-9c92-0d36fb7e13b7;2025-05-09 12:29:10.4133
-1;-1;-1;-1;-2;2;20;7;8f4cdfd9-c6a5-4abe-9c92-0d36fb7e13b7;2025-05-09 12:29:10.4133
5;-1;1;-2;-1;-2;-3;1;8f4cdfd9-c6a5-4abe-9c92-0d36fb7e13b7;2025-05-09 12:29:10.4352
5;2;-1;1;0;2;20;23;8f4cdfd9-c6a5-4abe-9c92-0d36fb7e13b7;2025-05-09 12:29:10.4352
1;-2;-2;-3;-2;1;0;-1;8f4cdfd9-c6a5-4abe-9c92-0d36fb7e13b7;2025-05-09 12:29:10.4751
-2;-2;-1;1;-2;-3;-17;-8;8f4cdfd9-c6a5-4abe-9c92-0d36fb7e13b7;2025-05-09 12:29:10.4751
0;1;3;0;-2;-1;2;-3;8f4cdfd9-c6a5-4abe-9c92-0d36fb7e13b7;2025-05-09 12:29:10.4761
-2;-2;-3;-2;-2;-2;-9;-10;8f4cdfd9-c6a5-4abe-9c92-0d36fb7e13b7;2025-05-09 12:29:10.4761
0;-3;-1;-1;-1;1;3;6;8f4cdfd9-c6a5-4abe-9c92-0d36fb7e13b7;2025-05-09 12:29:10.4801
0;1;-1;0;0;0;-5;-5;8f4cdfd9-c6a5-4abe-9c92-0d36fb7e13b7;2025-05-09 12:29:10.4801
-4;-4;-2;-2;-1;0;1;0;8f4cdfd9-c6a5-4abe-9c92-0d36fb7e13b7;2025-05-09 12:29:10.4966
-1;-2;-2;-1;0;-3;-4;-3;8f4cdfd9-c6a5-4abe-9c92-0d36fb7e13b7;2025-05-09 12:29:10.4966
-2;1;-1;0;-1;-2;5;0;8f4cdfd9-c6a5-4abe-9c92-0d36fb7e13b7;2025-05-09 12:29:10.4976
0;5;-3;-1;0;-1;-3;-1;8f4cdfd9-c6a5-4abe-9c92-0d36fb7e13b7;2025-05-09 12:29:10.4976
-4;-5;2;-1;2;0;-7;-4;8f4cdfd9-c6a5-4abe-9c92-0d36fb7e13b7;2025-05-09 12:29:10.5036
0;5;-4;-1;-2;0;0;-1;8f4cdfd9-c6a5-4abe-9c92-0d36fb7e13b7;2025-05-09 12:29:10.5036
0;2;2;1;-1;0;7;4;8f4cdfd9-c6a5-4abe-9c92-0d36fb7e13b7;2025-05-09 12:29:10.5056
-2;0;-1;-1;-1;-2;-6;-3;8f4cdfd9-c6a5-4abe-9c92-0d36fb7e13b7;2025-05-09 12:29:10.5056
-2;-2;-1;0;-2;0;-2;2;8f4cdfd9-c6a5-4abe-9c92-0d36fb7e13b7;2025-05-09 12:29:10.5176
-1;0;0;-2;0;-1;-6;-7;8f4cdfd9-c6a5-4abe-9c92-0d36fb7e13b7;2025-05-09 12:29:10.5176
-2;-5;-3;-2;0;0;13;8;8f4cdfd9-c6a5-4abe-9c92-0d36fb7e13b7;2025-05-09 12:29:10.5265
-2;2;-2;-2;0;-3;-24;-17;8f4cdfd9-c6a5-4abe-9c92-0d36fb7e13b7;2025-05-09 12:29:10.5265
-3;-3;-1;0;0;-2;14;13;8f4cdfd9-c6a5-4abe-9c92-0d36fb7e13b7;2025-05-09 12:29:10.5325
-1;-4;0;-1;0;0;6;1;8f4cdfd9-c6a5-4abe-9c92-0d36fb7e13b7;2025-05-09 12:29:10.5325
0;-1;-5;-2;-1;-1;-7;-5;8f4cdfd9-c6a5-4abe-9c92-0d36fb7e13b7;2025-05-09 12:29:10.5485
-1;2;2;-1;0;0;4;7;8f4cdfd9-c6a5-4abe-9c92-0d36fb7e13b7;2025-05-09 12:29:10.5485
0;-1;-3;-2;0;-1;-2;-5;8f4cdfd9-c6a5-4abe-9c92-0d36fb7e13b7;2025-05-09 12:29:10.5554
-2;-1;0;-2;-1;-1;-4;-1;8f4cdfd9-c6a5-4abe-9c92-0d36fb7e13b7;2025-05-09 12:29:10.5564
-1;-4;0;-1;-2;0;2;3;8f4cdfd9-c6a5-4abe-9c92-0d36fb7e13b7;2025-05-09 12:29:10.5574
0;-5;0;0;-2;-1;-3;-3;8f4cdfd9-c6a5-4abe-9c92-0d36fb7e13b7;2025-05-09 12:29:10.5574
-3;-2;-1;0;-1;-1;-5;-4;8f4cdfd9-c6a5-4abe-9c92-0d36fb7e13b7;2025-05-09 12:29:10.5789
-3;0;0;-2;0;-1;4;2;8f4cdfd9-c6a5-4abe-9c92-0d36fb7e13b7;2025-05-09 12:29:10.5789
0;3;-2;0;-1;-2;-4;-2;8f4cdfd9-c6a5-4abe-9c92-0d36fb7e13b7;2025-05-09 12:29:10.5799
-3;-6;0;0;-1;1;0;-2;8f4cdfd9-c6a5-4abe-9c92-0d36fb7e13b7;2025-05-09 12:29:10.5799
0;0;-1;-2;-2;0;1;-1;8f4cdfd9-c6a5-4abe-9c92-0d36fb7e13b7;2025-05-09 12:29:10.5929
-1;1;-4;-1;-1;0;-3;-1;8f4cdfd9-c6a5-4abe-9c92-0d36fb7e13b7;2025-05-09 12:29:10.5929
0;-3;0;0;-1;-1;0;1;8f4cdfd9-c6a5-4abe-9c92-0d36fb7e13b7;2025-05-09 12:29:10.6088
-2;-2;-3;-1;1;0;-1;0;8f4cdfd9-c6a5-4abe-9c92-0d36fb7e13b7;2025-05-09 12:29:10.6088
1;0;-2;0;-1;0;-3;-2;8f4cdfd9-c6a5-4abe-9c92-0d36fb7e13b7;2025-05-09 12:29:10.6158
1;-3;-3;0;-2;0;-3;-5;8f4cdfd9-c6a5-4abe-9c92-0d36fb7e13b7;2025-05-09 12:29:10.6158
-1;-3;0;-2;-2;0;3;4;8f4cdfd9-c6a5-4abe-9c92-0d36fb7e13b7;2025-05-09 12:29:10.6178
-1;2;-1;-1;-2;-1;3;3;8f4cdfd9-c6a5-4abe-9c92-0d36fb7e13b7;2025-05-09 12:29:10.6178
-3;-7;3;-1;0;-2;-6;-6;8f4cdfd9-c6a5-4abe-9c92-0d36fb7e13b7;2025-05-09 12:29:10.6387
0;4;3;2;-2;-1;3;1;8f4cdfd9-c6a5-4abe-9c92-0d36fb7e13b7;2025-05-09 12:29:10.6387
-1;0;-3;0;-1;0;-3;1;8f4cdfd9-c6a5-4abe-9c92-0d36fb7e13b7;2025-05-09 12:29:10.6397
-1;-2;-2;-2;-2;-2;-4;-4;8f4cdfd9-c6a5-4abe-9c92-0d36fb7e13b7;2025-05-09 12:29:10.6397
8;4;1;-1;-2;0;4;5;8f4cdfd9-c6a5-4abe-9c92-0d36fb7e13b7;2025-05-09 12:29:10.6687
-17;1;-3;-2;-1;-2;4;1;8f4cdfd9-c6a5-4abe-9c92-0d36fb7e13b7;2025-05-09 12:29:10.6687
4;-1;-1;0;-1;2;6;-1;8f4cdfd9-c6a5-4abe-9c92-0d36fb7e13b7;2025-05-09 12:29:10.6697
-1;0;1;-1;-1;-2;-4;-4;8f4cdfd9-c6a5-4abe-9c92-0d36fb7e13b7;2025-05-09 12:29:10.6697
2;-4;-3;-1;-1;0;9;4;8f4cdfd9-c6a5-4abe-9c92-0d36fb7e13b7;2025-05-09 12:29:10.6831
1;-2;-1;0;0;-1;1;0;8f4cdfd9-c6a5-4abe-9c92-0d36fb7e13b7;2025-05-09 12:29:10.6841
-2;1;0;-1;-2;-2;1;0;8f4cdfd9-c6a5-4abe-9c92-0d36fb7e13b7;2025-05-09 12:29:10.6851
-3;-1;-3;-2;-2;-1;-5;-1;8f4cdfd9-c6a5-4abe-9c92-0d36fb7e13b7;2025-05-09 12:29:10.6851
-3;1;1;1;-2;-1;-5;-5;8f4cdfd9-c6a5-4abe-9c92-0d36fb7e13b7;2025-05-09 12:29:10.7061
3;-4;0;-2;-2;-2;-1;1;8f4cdfd9-c6a5-4abe-9c92-0d36fb7e13b7;2025-05-09 12:29:10.7061
-2;0;2;-1;-2;-1;-6;-4;8f4cdfd9-c6a5-4abe-9c92-0d36fb7e13b7;2025-05-09 12:29:10.7081
2;-1;-1;0;-3;-1;2;1;8f4cdfd9-c6a5-4abe-9c92-0d36fb7e13b7;2025-05-09 12:29:10.7081
-2;-1;-3;0;0;-2;-2;-1;8f4cdfd9-c6a5-4abe-9c92-0d36fb7e13b7;2025-05-09 12:29:10.7120
1;-2;-1;-1;1;1;-6;-3;8f4cdfd9-c6a5-4abe-9c92-0d36fb7e13b7;2025-05-09 12:29:10.7120
1;-2;-4;0;-1;-1;0;-1;8f4cdfd9-c6a5-4abe-9c92-0d36fb7e13b7;2025-05-09 12:29:10.7380
-1;3;-3;-1;-1;-2;2;1;8f4cdfd9-c6a5-4abe-9c92-0d36fb7e13b7;2025-05-09 12:29:10.7380
-3;-2;-1;-2;-1;-1;0;-1;8f4cdfd9-c6a5-4abe-9c92-0d36fb7e13b7;2025-05-09 12:29:10.7390
-3;-3;0;0;-2;0;-5;-3;8f4cdfd9-c6a5-4abe-9c92-0d36fb7e13b7;2025-05-09 12:29:10.7390
-1;-1;-2;-2;0;-1;0;-1;8f4cdfd9-c6a5-4abe-9c92-0d36fb7e13b7;2025-05-09 12:29:10.7499
-2;-3;0;-1;0;-1;1;-1;8f4cdfd9-c6a5-4abe-9c92-0d36fb7e13b7;2025-05-09 12:29:10.7499
-3;1;-1;-2;0;-1;-12;-6;8f4cdfd9-c6a5-4abe-9c92-0d36fb7e13b7;2025-05-09 12:29:10.7739
8;-1;-3;-2;-3;-1;2;-1;8f4cdfd9-c6a5-4abe-9c92-0d36fb7e13b7;2025-05-09 12:29:10.7739
-27;-2;1;-1;1;-1;6;9;8f4cdfd9-c6a5-4abe-9c92-0d36fb7e13b7;2025-05-09 12:29:10.7759
12;1;1;0;0;0;0;0;8f4cdfd9-c6a5-4abe-9c92-0d36fb7e13b7;2025-05-09 12:29:10.7759
-1;1;-2;-2;0;-1;-9;-7;8f4cdfd9-c6a5-4abe-9c92-0d36fb7e13b7;2025-05-09 12:29:10.7973
0;-2;-1;0;-2;-2;-5;-7;8f4cdfd9-c6a5-4abe-9c92-0d36fb7e13b7;2025-05-09 12:29:10.7973
-1;-1;-2;0;-1;-1;-31;0;8f4cdfd9-c6a5-4abe-9c92-0d36fb7e13b7;2025-05-09 12:29:10.7993
-3;-2;-3;0;-1;0;35;8;8f4cdfd9-c6a5-4abe-9c92-0d36fb7e13b7;2025-05-09 12:29:10.7993
-3;0;1;-1;-2;0;-11;-3;8f4cdfd9-c6a5-4abe-9c92-0d36fb7e13b7;2025-05-09 12:29:10.7993
0;-4;4;-1;1;-1;11;1;8f4cdfd9-c6a5-4abe-9c92-0d36fb7e13b7;2025-05-09 12:29:10.7993
4;-2;-3;-1;-1;0;6;-2;8f4cdfd9-c6a5-4abe-9c92-0d36fb7e13b7;2025-05-09 12:29:10.8033
-5;-1;-1;1;0;0;-12;-2;8f4cdfd9-c6a5-4abe-9c92-0d36fb7e13b7;2025-05-09 12:29:10.8033
0;-4;-5;-2;-3;0;1;-1;8f4cdfd9-c6a5-4abe-9c92-0d36fb7e13b7;2025-05-09 12:29:10.8183
-2;4;0;-1;-1;0;-12;-7;8f4cdfd9-c6a5-4abe-9c92-0d36fb7e13b7;2025-05-09 12:29:10.8183
5;-1;0;0;-2;0;5;1;8f4cdfd9-c6a5-4abe-9c92-0d36fb7e13b7;2025-05-09 12:29:10.8203
-4;-4;-3;-1;-1;0;-3;2;8f4cdfd9-c6a5-4abe-9c92-0d36fb7e13b7;2025-05-09 12:29:10.8203
0;-1;-2;-1;0;-3;3;-3;8f4cdfd9-c6a5-4abe-9c92-0d36fb7e13b7;2025-05-09 12:29:10.8572
-2;-3;-3;0;-1;-1;-3;7;8f4cdfd9-c6a5-4abe-9c92-0d36fb7e13b7;2025-05-09 12:29:10.8572
3;0;0;-1;-2;-1;5;-3;8f4cdfd9-c6a5-4abe-9c92-0d36fb7e13b7;2025-05-09 12:29:10.8592
-1;0;0;-1;-2;-2;-5;-3;8f4cdfd9-c6a5-4abe-9c92-0d36fb7e13b7;2025-05-09 12:29:10.8592
-3;0;2;0;-1;-1;-2;-1;8f4cdfd9-c6a5-4abe-9c92-0d36fb7e13b7;2025-05-09 12:29:10.8592
0;-3;-3;0;0;-1;2;1;8f4cdfd9-c6a5-4abe-9c92-0d36fb7e13b7;2025-05-09 12:29:10.8602
2;-2;2;-2;-2;0;1;-4;8f4cdfd9-c6a5-4abe-9c92-0d36fb7e13b7;2025-05-09 12:29:10.8956
-1;-1;1;-1;-2;-1;-4;-1;8f4cdfd9-c6a5-4abe-9c92-0d36fb7e13b7;2025-05-09 12:29:10.8956
-1;-1;-1;-2;-3;-2;-10;-4;8f4cdfd9-c6a5-4abe-9c92-0d36fb7e13b7;2025-05-09 12:29:10.8966
-1;-2;-2;0;0;-1;14;9;8f4cdfd9-c6a5-4abe-9c92-0d36fb7e13b7;2025-05-09 12:29:10.8966
-1;1;2;0;-1;-1;0;-3;8f4cdfd9-c6a5-4abe-9c92-0d36fb7e13b7;2025-05-09 12:29:10.9395
0;2;0;-1;1;0;-8;-6;8f4cdfd9-c6a5-4abe-9c92-0d36fb7e13b7;2025-05-09 12:29:10.9395
5;5;-2;-1;-2;0;15;11;8f4cdfd9-c6a5-4abe-9c92-0d36fb7e13b7;2025-05-09 12:29:10.9455
0;2;1;0;-3;-1;-9;-7;8f4cdfd9-c6a5-4abe-9c92-0d36fb7e13b7;2025-05-09 12:29:10.9455
1;6;0;0;-1;-1;-1;-5;8f4cdfd9-c6a5-4abe-9c92-0d36fb7e13b7;2025-05-09 12:29:11.0048
-5;-4;2;-1;0;-1;3;7;8f4cdfd9-c6a5-4abe-9c92-0d36fb7e13b7;2025-05-09 12:29:11.0048
-1;0;-1;0;0;-1;-4;-6;8f4cdfd9-c6a5-4abe-9c92-0d36fb7e13b7;2025-05-09 12:29:11.0277
0;-7;0;0;0;0;1;0;8f4cdfd9-c6a5-4abe-9c92-0d36fb7e13b7;2025-05-09 12:29:11.0277
10;-2;0;0;2;-1;-2;3;8f4cdfd9-c6a5-4abe-9c92-0d36fb7e13b7;2025-05-09 12:29:11.0347
-7;1;1;-1;-1;0;0;0;8f4cdfd9-c6a5-4abe-9c92-0d36fb7e13b7;2025-05-09 12:29:11.0347
3;4;0;0;0;0;-1;-4;8f4cdfd9-c6a5-4abe-9c92-0d36fb7e13b7;2025-05-09 12:29:11.0656
-4;-2;-1;-1;-1;-1;-3;-6;8f4cdfd9-c6a5-4abe-9c92-0d36fb7e13b7;2025-05-09 12:29:11.0656
-7;-3;0;0;-2;-6;-36;-18;8f4cdfd9-c6a5-4abe-9c92-0d36fb7e13b7;2025-05-09 12:29:11.0796
10;7;-1;-1;0;6;44;30;8f4cdfd9-c6a5-4abe-9c92-0d36fb7e13b7;2025-05-09 12:29:11.0806
-2;-2;0;-1;-1;-2;1;1;8f4cdfd9-c6a5-4abe-9c92-0d36fb7e13b7;2025-05-09 12:29:11.0891
-1;-1;-3;-2;-3;-3;-8;-4;8f4cdfd9-c6a5-4abe-9c92-0d36fb7e13b7;2025-05-09 12:29:11.0891
-1;-1;0;0;-2;1;11;5;8f4cdfd9-c6a5-4abe-9c92-0d36fb7e13b7;2025-05-09 12:29:11.0901
-1;1;-1;-1;0;-1;-2;-1;8f4cdfd9-c6a5-4abe-9c92-0d36fb7e13b7;2025-05-09 12:29:11.0901
-3;-1;-2;-2;-2;1;8;2;8f4cdfd9-c6a5-4abe-9c92-0d36fb7e13b7;2025-05-09 12:29:11.0901
-1;1;-3;-2;-2;-1;-4;-3;8f4cdfd9-c6a5-4abe-9c92-0d36fb7e13b7;2025-05-09 12:29:11.0901
-4;-1;-2;-2;0;2;-16;2;8f4cdfd9-c6a5-4abe-9c92-0d36fb7e13b7;2025-05-09 12:29:11.1260
7;-1;0;0;0;-1;20;7;8f4cdfd9-c6a5-4abe-9c92-0d36fb7e13b7;2025-05-09 12:29:11.1270
-3;2;0;-1;0;-1;6;-7;8f4cdfd9-c6a5-4abe-9c92-0d36fb7e13b7;2025-05-09 12:29:11.1280
-2;-2;-2;-2;-2;2;-10;-3;8f4cdfd9-c6a5-4abe-9c92-0d36fb7e13b7;2025-05-09 12:29:11.1280
2;-1;0;0;-1;2;9;10;8f4cdfd9-c6a5-4abe-9c92-0d36fb7e13b7;2025-05-09 12:29:11.1350
6;-1;-1;-1;-2;-1;-1;-5;8f4cdfd9-c6a5-4abe-9c92-0d36fb7e13b7;2025-05-09 12:29:11.1350
0;1;0;1;0;-3;-4;-4;8f4cdfd9-c6a5-4abe-9c92-0d36fb7e13b7;2025-05-09 12:29:11.1360
-4;-2;-2;-1;1;0;-4;0;8f4cdfd9-c6a5-4abe-9c92-0d36fb7e13b7;2025-05-09 12:29:11.1360
0;-1;-1;-1;-2;-1;8;5;8f4cdfd9-c6a5-4abe-9c92-0d36fb7e13b7;2025-05-09 12:29:11.1499
1;0;0;0;-3;-2;-8;-9;8f4cdfd9-c6a5-4abe-9c92-0d36fb7e13b7;2025-05-09 12:29:11.1499
-2;-3;-3;-3;-1;-2;0;2;8f4cdfd9-c6a5-4abe-9c92-0d36fb7e13b7;2025-05-09 12:29:11.1574
3;6;2;0;-2;-1;-1;-2;8f4cdfd9-c6a5-4abe-9c92-0d36fb7e13b7;2025-05-09 12:29:11.1574
1;-1;-1;-1;-1;0;6;3;8f4cdfd9-c6a5-4abe-9c92-0d36fb7e13b7;2025-05-09 12:29:11.1584
-3;-2;0;1;-1;-3;-9;-5;8f4cdfd9-c6a5-4abe-9c92-0d36fb7e13b7;2025-05-09 12:29:11.1584
-1;0;-2;-3;-2;-1;4;0;8f4cdfd9-c6a5-4abe-9c92-0d36fb7e13b7;2025-05-09 12:29:11.1948
-3;-6;0;2;1;0;6;6;8f4cdfd9-c6a5-4abe-9c92-0d36fb7e13b7;2025-05-09 12:29:11.1948
-2;-1;-1;0;0;0;3;0;8f4cdfd9-c6a5-4abe-9c92-0d36fb7e13b7;2025-05-09 12:29:11.1958
-8;1;-3;0;0;-2;-7;0;8f4cdfd9-c6a5-4abe-9c92-0d36fb7e13b7;2025-05-09 12:29:11.1958
5;0;0;-2;-1;1;-4;-3;8f4cdfd9-c6a5-4abe-9c92-0d36fb7e13b7;2025-05-09 12:29:11.2028
8;2;-2;-1;-2;-2;-3;-4;8f4cdfd9-c6a5-4abe-9c92-0d36fb7e13b7;2025-05-09 12:29:11.2028
-21;-2;-1;-1;-1;1;12;0;8f4cdfd9-c6a5-4abe-9c92-0d36fb7e13b7;2025-05-09 12:29:11.2038
-3;-5;0;0;0;-3;0;3;8f4cdfd9-c6a5-4abe-9c92-0d36fb7e13b7;2025-05-09 12:29:11.2038
-3;-1;0;2;1;0;8;6;8f4cdfd9-c6a5-4abe-9c92-0d36fb7e13b7;2025-05-09 12:29:11.2155
0;0;-2;-3;1;-2;-8;-8;8f4cdfd9-c6a5-4abe-9c92-0d36fb7e13b7;2025-05-09 12:29:11.2155
5;-1;-1;-1;-1;-2;-3;-1;8f4cdfd9-c6a5-4abe-9c92-0d36fb7e13b7;2025-05-09 12:29:11.2237
-5;0;-3;-3;0;1;0;-2;8f4cdfd9-c6a5-4abe-9c92-0d36fb7e13b7;2025-05-09 12:29:11.2237
4;0;-1;-1;-1;-2;-6;-3;8f4cdfd9-c6a5-4abe-9c92-0d36fb7e13b7;2025-05-09 12:29:11.2247
0;1;-2;-2;-2;0;1;1;8f4cdfd9-c6a5-4abe-9c92-0d36fb7e13b7;2025-05-09 12:29:11.2247
5;2;-2;-2;0;-1;-5;-1;8f4cdfd9-c6a5-4abe-9c92-0d36fb7e13b7;2025-05-09 12:29:11.2372
-1;-1;-1;-3;-2;-2;3;-1;8f4cdfd9-c6a5-4abe-9c92-0d36fb7e13b7;2025-05-09 12:29:11.2372
1;-2;-1;0;0;-1;-2;4;8f4cdfd9-c6a5-4abe-9c92-0d36fb7e13b7;2025-05-09 12:29:11.2611
-3;-2;-3;0;-2;-1;-3;-3;8f4cdfd9-c6a5-4abe-9c92-0d36fb7e13b7;2025-05-09 12:29:11.2611
5;-1;0;-1;-1;0;-1;-1;8f4cdfd9-c6a5-4abe-9c92-0d36fb7e13b7;2025-05-09 12:29:11.2621
3;0;0;-1;-3;0;0;-1;8f4cdfd9-c6a5-4abe-9c92-0d36fb7e13b7;2025-05-09 12:29:11.2621
-5;-1;-2;-2;-2;-2;1;0;8f4cdfd9-c6a5-4abe-9c92-0d36fb7e13b7;2025-05-09 12:29:11.2671
1;0;-2;-1;-1;0;3;2;8f4cdfd9-c6a5-4abe-9c92-0d36fb7e13b7;2025-05-09 12:29:11.2671
-2;-1;-1;-1;1;-2;-5;-4;8f4cdfd9-c6a5-4abe-9c92-0d36fb7e13b7;2025-05-09 12:29:11.2831
4;0;0;0;0;-1;-5;-1;8f4cdfd9-c6a5-4abe-9c92-0d36fb7e13b7;2025-05-09 12:29:11.2831
-3;-1;0;-1;-2;0;3;-1;8f4cdfd9-c6a5-4abe-9c92-0d36fb7e13b7;2025-05-09 12:29:11.2851
-4;-3;0;-1;-1;0;2;2;8f4cdfd9-c6a5-4abe-9c92-0d36fb7e13b7;2025-05-09 12:29:11.2851
0;-1;-1;1;0;-1;-6;-17;8f4cdfd9-c6a5-4abe-9c92-0d36fb7e13b7;2025-05-09 12:29:11.3050
-1;0;-5;-2;-1;-4;-2;26;8f4cdfd9-c6a5-4abe-9c92-0d36fb7e13b7;2025-05-09 12:29:11.3050
16;4;2;1;0;1;19;8;8f4cdfd9-c6a5-4abe-9c92-0d36fb7e13b7;2025-05-09 12:29:11.3140
-1;1;0;0;0;2;-3;-6;8f4cdfd9-c6a5-4abe-9c92-0d36fb7e13b7;2025-05-09 12:29:11.3140
-5;-1;0;-1;-1;-1;2;1;8f4cdfd9-c6a5-4abe-9c92-0d36fb7e13b7;2025-05-09 12:29:11.3439
-1;-1;0;0;-1;0;-3;-7;8f4cdfd9-c6a5-4abe-9c92-0d36fb7e13b7;2025-05-09 12:29:11.3439
-7;-2;-3;0;-2;0;-7;-4;8f4cdfd9-c6a5-4abe-9c92-0d36fb7e13b7;2025-05-09 12:29:11.3459
-2;-1;-2;-1;-3;-3;4;5;8f4cdfd9-c6a5-4abe-9c92-0d36fb7e13b7;2025-05-09 12:29:11.3459
6;1;-1;-1;1;0;-8;-2;8f4cdfd9-c6a5-4abe-9c92-0d36fb7e13b7;2025-05-09 12:29:11.3509
0;0;0;-1;0;-1;-5;-9;8f4cdfd9-c6a5-4abe-9c92-0d36fb7e13b7;2025-05-09 12:29:11.3509
-5;-4;-1;-2;0;-1;-2;2;8f4cdfd9-c6a5-4abe-9c92-0d36fb7e13b7;2025-05-09 12:29:11.3669
-1;0;1;-2;-1;-1;-2;-8;8f4cdfd9-c6a5-4abe-9c92-0d36fb7e13b7;2025-05-09 12:29:11.3669
0;-3;-1;0;-3;0;3;4;8f4cdfd9-c6a5-4abe-9c92-0d36fb7e13b7;2025-05-09 12:29:11.3669
1;2;1;-1;0;-1;-3;-6;8f4cdfd9-c6a5-4abe-9c92-0d36fb7e13b7;2025-05-09 12:29:11.3669
-7;-1;-2;-1;-2;-1;1;-1;8f4cdfd9-c6a5-4abe-9c92-0d36fb7e13b7;2025-05-09 12:29:11.3718
-1;-2;-4;0;0;-1;-4;-2;8f4cdfd9-c6a5-4abe-9c92-0d36fb7e13b7;2025-05-09 12:29:11.3718
2;-3;-2;-2;-1;-2;1;2;8f4cdfd9-c6a5-4abe-9c92-0d36fb7e13b7;2025-05-09 12:29:11.3798
-1;-1;0;1;-2;1;3;-3;8f4cdfd9-c6a5-4abe-9c92-0d36fb7e13b7;2025-05-09 12:29:11.3798
0;-1;0;-1;-1;-1;-11;-7;8f4cdfd9-c6a5-4abe-9c92-0d36fb7e13b7;2025-05-09 12:29:11.3888
-2;-2;0;0;-2;0;4;2;8f4cdfd9-c6a5-4abe-9c92-0d36fb7e13b7;2025-05-09 12:29:11.3888
1;-3;-1;-1;-3;1;2;5;8f4cdfd9-c6a5-4abe-9c92-0d36fb7e13b7;2025-05-09 12:29:11.3958
1;-2;-1;-1;0;0;-8;-10;8f4cdfd9-c6a5-4abe-9c92-0d36fb7e13b7;2025-05-09 12:29:11.3958
6;-1;1;-1;0;-2;-20;-11;8f4cdfd9-c6a5-4abe-9c92-0d36fb7e13b7;2025-05-09 12:29:11.4098
-3;1;-2;-1;0;-1;20;17;8f4cdfd9-c6a5-4abe-9c92-0d36fb7e13b7;2025-05-09 12:29:11.4098
-2;-1;0;-2;-2;0;2;3;8f4cdfd9-c6a5-4abe-9c92-0d36fb7e13b7;2025-05-09 12:29:11.4262
-4;-2;-2;-2;1;-2;-4;-7;8f4cdfd9-c6a5-4abe-9c92-0d36fb7e13b7;2025-05-09 12:29:11.4262
1;-2;-1;-1;1;1;1;2;8f4cdfd9-c6a5-4abe-9c92-0d36fb7e13b7;2025-05-09 12:29:11.4272
-1;0;0;-1;-2;-2;-7;-4;8f4cdfd9-c6a5-4abe-9c92-0d36fb7e13b7;2025-05-09 12:29:11.4272
-3;-1;0;-1;0;-1;-4;-11;8f4cdfd9-c6a5-4abe-9c92-0d36fb7e13b7;2025-05-09 12:29:11.4482
-1;-1;-1;0;-1;1;5;8;8f4cdfd9-c6a5-4abe-9c92-0d36fb7e13b7;2025-05-09 12:29:11.4482
-1;0;-2;-1;-2;-2;2;-2;8f4cdfd9-c6a5-4abe-9c92-0d36fb7e13b7;2025-05-09 12:29:11.4501
0;-1;0;-1;-1;-1;-3;-4;8f4cdfd9-c6a5-4abe-9c92-0d36fb7e13b7;2025-05-09 12:29:11.4501
1;2;-1;-1;-2;0;3;3;8f4cdfd9-c6a5-4abe-9c92-0d36fb7e13b7;2025-05-09 12:29:11.4711
-1;1;0;-1;-3;-2;-5;-5;8f4cdfd9-c6a5-4abe-9c92-0d36fb7e13b7;2025-05-09 12:29:11.4711
-6;-4;-3;-1;-1;0;6;3;8f4cdfd9-c6a5-4abe-9c92-0d36fb7e13b7;2025-05-09 12:29:11.4731
0;-1;1;0;0;1;-6;-2;8f4cdfd9-c6a5-4abe-9c92-0d36fb7e13b7;2025-05-09 12:29:11.4731
1;1;-2;0;-2;-1;-2;0;8f4cdfd9-c6a5-4abe-9c92-0d36fb7e13b7;2025-05-09 12:29:11.4781
-1;-1;-3;-2;0;0;-1;-4;8f4cdfd9-c6a5-4abe-9c92-0d36fb7e13b7;2025-05-09 12:29:11.4791
-4;0;-2;-2;0;0;8;6;8f4cdfd9-c6a5-4abe-9c92-0d36fb7e13b7;2025-05-09 12:29:11.4801
3;-1;-1;-2;-1;0;-3;-1;8f4cdfd9-c6a5-4abe-9c92-0d36fb7e13b7;2025-05-09 12:29:11.4801
-2;-2;-1;0;1;-1;0;-3;8f4cdfd9-c6a5-4abe-9c92-0d36fb7e13b7;2025-05-09 12:29:11.5005
3;-1;-1;-1;-2;-1;10;9;8f4cdfd9-c6a5-4abe-9c92-0d36fb7e13b7;2025-05-09 12:29:11.5015
-5;-1;0;1;-1;0;-3;-5;8f4cdfd9-c6a5-4abe-9c92-0d36fb7e13b7;2025-05-09 12:29:11.5025
-19;-4;-1;-2;0;-1;-1;-6;8f4cdfd9-c6a5-4abe-9c92-0d36fb7e13b7;2025-05-09 12:29:11.5025
1;-1;1;-2;-1;-1;-1;0;8f4cdfd9-c6a5-4abe-9c92-0d36fb7e13b7;2025-05-09 12:29:11.5155
-3;-6;0;0;-1;-1;-3;-5;8f4cdfd9-c6a5-4abe-9c92-0d36fb7e13b7;2025-05-09 12:29:11.5155
3;0;1;-1;-2;-3;-3;2;8f4cdfd9-c6a5-4abe-9c92-0d36fb7e13b7;2025-05-09 12:29:11.5225
3;0;-1;-1;0;-1;-1;-3;8f4cdfd9-c6a5-4abe-9c92-0d36fb7e13b7;2025-05-09 12:29:11.5225
-2;-4;-2;0;1;0;3;0;8f4cdfd9-c6a5-4abe-9c92-0d36fb7e13b7;2025-05-09 12:29:11.5464
-1;1;-4;-2;-3;-1;-4;0;8f4cdfd9-c6a5-4abe-9c92-0d36fb7e13b7;2025-05-09 12:29:11.5464
-1;-1;-1;-1;-1;1;5;4;8f4cdfd9-c6a5-4abe-9c92-0d36fb7e13b7;2025-05-09 12:29:11.5474
4;-1;-1;-1;-1;-1;-4;-4;8f4cdfd9-c6a5-4abe-9c92-0d36fb7e13b7;2025-05-09 12:29:11.5474
0;1;-1;0;-1;-3;1;3;8f4cdfd9-c6a5-4abe-9c92-0d36fb7e13b7;2025-05-09 12:29:11.5614
-2;0;-1;-1;1;-2;-4;-4;8f4cdfd9-c6a5-4abe-9c92-0d36fb7e13b7;2025-05-09 12:29:11.5614
6;-5;3;0;0;1;-1;-4;8f4cdfd9-c6a5-4abe-9c92-0d36fb7e13b7;2025-05-09 12:29:11.5624
0;-1;-2;-2;-2;0;-1;0;8f4cdfd9-c6a5-4abe-9c92-0d36fb7e13b7;2025-05-09 12:29:11.5624
-7;-1;-2;0;0;1;-3;-8;8f4cdfd9-c6a5-4abe-9c92-0d36fb7e13b7;2025-05-09 12:29:11.5833
12;-8;1;1;0;0;-7;-4;8f4cdfd9-c6a5-4abe-9c92-0d36fb7e13b7;2025-05-09 12:29:11.5833
-1;2;0;0;0;0;5;11;8f4cdfd9-c6a5-4abe-9c92-0d36fb7e13b7;2025-05-09 12:29:11.5848
2;-1;-2;-2;0;-1;-1;-1;8f4cdfd9-c6a5-4abe-9c92-0d36fb7e13b7;2025-05-09 12:29:11.5848
2;-1;4;-2;-1;0;1;4;8f4cdfd9-c6a5-4abe-9c92-0d36fb7e13b7;2025-05-09 12:29:11.6127
-5;2;-1;0;1;-1;0;-4;8f4cdfd9-c6a5-4abe-9c92-0d36fb7e13b7;2025-05-09 12:29:11.6127
-4;-2;2;-1;-1;-1;-4;-3;8f4cdfd9-c6a5-4abe-9c92-0d36fb7e13b7;2025-05-09 12:29:11.6287
5;5;-4;-1;-1;-1;-3;0;8f4cdfd9-c6a5-4abe-9c92-0d36fb7e13b7;2025-05-09 12:29:11.6287
-2;4;-1;-3;-2;-2;-1;-1;8f4cdfd9-c6a5-4abe-9c92-0d36fb7e13b7;2025-05-09 12:29:11.6297
-3;-3;1;-2;-1;0;-2;1;8f4cdfd9-c6a5-4abe-9c92-0d36fb7e13b7;2025-05-09 12:29:11.6297
-3;-1;0;-1;-1;-2;-1;-9;8f4cdfd9-c6a5-4abe-9c92-0d36fb7e13b7;2025-05-09 12:29:11.6357
-3;-1;-3;1;0;0;6;7;8f4cdfd9-c6a5-4abe-9c92-0d36fb7e13b7;2025-05-09 12:29:11.6357
0;-3;-1;-1;-3;0;-3;1;8f4cdfd9-c6a5-4abe-9c92-0d36fb7e13b7;2025-05-09 12:29:11.6367
-4;-3;-4;-2;-3;-4;-6;-14;8f4cdfd9-c6a5-4abe-9c92-0d36fb7e13b7;2025-05-09 12:29:11.6367
1;0;-2;-1;-1;0;-3;-1;8f4cdfd9-c6a5-4abe-9c92-0d36fb7e13b7;2025-05-09 12:29:11.6416
-2;-3;0;-1;-2;-2;-3;-5;8f4cdfd9-c6a5-4abe-9c92-0d36fb7e13b7;2025-05-09 12:29:11.6426
3;0;-2;-2;-2;-1;-3;0;8f4cdfd9-c6a5-4abe-9c92-0d36fb7e13b7;2025-05-09 12:29:11.6576
2;1;-1;0;-1;0;11;10;8f4cdfd9-c6a5-4abe-9c92-0d36fb7e13b7;2025-05-09 12:29:11.6576
-4;0;-2;-3;0;-2;-14;-14;8f4cdfd9-c6a5-4abe-9c92-0d36fb7e13b7;2025-05-09 12:29:11.6666
2;-1;0;-1;-1;-2;13;11;8f4cdfd9-c6a5-4abe-9c92-0d36fb7e13b7;2025-05-09 12:29:11.6666
0;-1;-1;1;0;1;-4;-2;8f4cdfd9-c6a5-4abe-9c92-0d36fb7e13b7;2025-05-09 12:29:11.6815
-5;0;-1;-1;0;1;3;0;8f4cdfd9-c6a5-4abe-9c92-0d36fb7e13b7;2025-05-09 12:29:11.6815
-2;-3;-1;-1;-1;-1;-2;0;8f4cdfd9-c6a5-4abe-9c92-0d36fb7e13b7;2025-05-09 12:29:11.6825
-1;0;-1;1;0;1;-4;-5;8f4cdfd9-c6a5-4abe-9c92-0d36fb7e13b7;2025-05-09 12:29:11.6825
3;3;-4;-1;-2;-1;-2;0;8f4cdfd9-c6a5-4abe-9c92-0d36fb7e13b7;2025-05-09 12:29:11.7110
-2;6;-4;-2;-1;-2;-3;-6;8f4cdfd9-c6a5-4abe-9c92-0d36fb7e13b7;2025-05-09 12:29:11.7110
-9;1;-1;0;1;-1;11;2;8f4cdfd9-c6a5-4abe-9c92-0d36fb7e13b7;2025-05-09 12:29:11.7130
13;-1;-1;-1;0;-1;-13;-7;8f4cdfd9-c6a5-4abe-9c92-0d36fb7e13b7;2025-05-09 12:29:11.7130
-5;-1;-2;-1;-1;0;15;12;8f4cdfd9-c6a5-4abe-9c92-0d36fb7e13b7;2025-05-09 12:29:11.7259
4;1;-2;0;0;-1;-10;0;8f4cdfd9-c6a5-4abe-9c92-0d36fb7e13b7;2025-05-09 12:29:11.7259
-4;0;-3;-3;-1;-1;2;0;8f4cdfd9-c6a5-4abe-9c92-0d36fb7e13b7;2025-05-09 12:29:11.7279
-6;-2;0;-1;-2;1;-4;-6;8f4cdfd9-c6a5-4abe-9c92-0d36fb7e13b7;2025-05-09 12:29:11.7279
0;-2;0;-1;-1;-1;-3;0;8f4cdfd9-c6a5-4abe-9c92-0d36fb7e13b7;2025-05-09 12:29:11.7489
-10;-1;0;0;1;-1;-11;-22;8f4cdfd9-c6a5-4abe-9c92-0d36fb7e13b7;2025-05-09 12:29:11.7489
11;-2;-2;-1;-2;-1;13;29;8f4cdfd9-c6a5-4abe-9c92-0d36fb7e13b7;2025-05-09 12:29:11.7504
5;0;0;-1;-1;1;-4;-4;8f4cdfd9-c6a5-4abe-9c92-0d36fb7e13b7;2025-05-09 12:29:11.7504
-2;-3;0;0;-1;-2;-3;1;8f4cdfd9-c6a5-4abe-9c92-0d36fb7e13b7;2025-05-09 12:29:11.7544
1;-3;0;0;0;1;2;1;8f4cdfd9-c6a5-4abe-9c92-0d36fb7e13b7;2025-05-09 12:29:11.7554
-4;-1;-1;-2;-1;0;-5;-10;8f4cdfd9-c6a5-4abe-9c92-0d36fb7e13b7;2025-05-09 12:29:11.7713
-3;-2;-1;-2;0;-1;0;0;8f4cdfd9-c6a5-4abe-9c92-0d36fb7e13b7;2025-05-09 12:29:11.7713
-1;-2;-2;0;0;0;-2;-3;8f4cdfd9-c6a5-4abe-9c92-0d36fb7e13b7;2025-05-09 12:29:11.7783
-4;-1;-3;-1;-2;-1;1;3;8f4cdfd9-c6a5-4abe-9c92-0d36fb7e13b7;2025-05-09 12:29:11.7783
0;0;-2;-1;-1;-2;-7;-5;8f4cdfd9-c6a5-4abe-9c92-0d36fb7e13b7;2025-05-09 12:29:11.7803
-4;-5;1;-1;-2;-1;2;1;8f4cdfd9-c6a5-4abe-9c92-0d36fb7e13b7;2025-05-09 12:29:11.7803
-2;-2;0;-2;0;-2;-7;-7;8f4cdfd9-c6a5-4abe-9c92-0d36fb7e13b7;2025-05-09 12:29:11.8012
0;-1;-2;-3;-1;-1;8;6;8f4cdfd9-c6a5-4abe-9c92-0d36fb7e13b7;2025-05-09 12:29:11.8012
0;0;-3;0;-1;-1;-5;0;8f4cdfd9-c6a5-4abe-9c92-0d36fb7e13b7;2025-05-09 12:29:11.8022
-3;1;-1;0;2;0;1;0;8f4cdfd9-c6a5-4abe-9c92-0d36fb7e13b7;2025-05-09 12:29:11.8022
4;1;-1;-1;-3;-2;0;-3;8f4cdfd9-c6a5-4abe-9c92-0d36fb7e13b7;2025-05-09 12:29:11.8152
2;-3;-1;1;-1;0;-1;2;8f4cdfd9-c6a5-4abe-9c92-0d36fb7e13b7;2025-05-09 12:29:11.8152
9;-3;-1;-1;-2;0;-2;-6;8f4cdfd9-c6a5-4abe-9c92-0d36fb7e13b7;2025-05-09 12:29:11.8471
-7;1;0;-2;-1;-1;-1;-3;8f4cdfd9-c6a5-4abe-9c92-0d36fb7e13b7;2025-05-09 12:29:11.8471
15;-1;-1;-2;-1;-1;-16;-6;8f4cdfd9-c6a5-4abe-9c92-0d36fb7e13b7;2025-05-09 12:29:11.8621
-8;7;-4;0;-1;1;25;15;8f4cdfd9-c6a5-4abe-9c92-0d36fb7e13b7;2025-05-09 12:29:11.8621
-1;1;-1;-1;-1;-1;-3;-7;8f4cdfd9-c6a5-4abe-9c92-0d36fb7e13b7;2025-05-09 12:29:11.8641
0;-1;-1;-1;0;-1;-1;-2;8f4cdfd9-c6a5-4abe-9c92-0d36fb7e13b7;2025-05-09 12:29:11.8641
-6;-1;0;-1;1;-1;3;0;8f4cdfd9-c6a5-4abe-9c92-0d36fb7e13b7;2025-05-09 12:29:11.8651
9;0;1;-4;0;-3;-10;-6;8f4cdfd9-c6a5-4abe-9c92-0d36fb7e13b7;2025-05-09 12:29:11.8651
-11;-1;0;-1;-1;-1;-1;-2;8f4cdfd9-c6a5-4abe-9c92-0d36fb7e13b7;2025-05-09 12:29:11.9085
-6;2;-1;-1;-1;0;4;2;8f4cdfd9-c6a5-4abe-9c92-0d36fb7e13b7;2025-05-09 12:29:11.9085
0;1;-2;1;-2;1;0;-4;8f4cdfd9-c6a5-4abe-9c92-0d36fb7e13b7;2025-05-09 12:29:11.9085
0;-4;-1;-1;-1;-1;-2;-1;8f4cdfd9-c6a5-4abe-9c92-0d36fb7e13b7;2025-05-09 12:29:11.9094
-2;-1;1;0;1;-1;0;1;8f4cdfd9-c6a5-4abe-9c92-0d36fb7e13b7;2025-05-09 12:29:11.9224
1;-2;0;-2;0;-1;-8;-5;8f4cdfd9-c6a5-4abe-9c92-0d36fb7e13b7;2025-05-09 12:29:11.9224
-4;-1;-1;-1;-1;1;5;4;8f4cdfd9-c6a5-4abe-9c92-0d36fb7e13b7;2025-05-09 12:29:11.9224
-1;-4;1;1;0;0;-2;-2;8f4cdfd9-c6a5-4abe-9c92-0d36fb7e13b7;2025-05-09 12:29:11.9234
-2;-2;-1;-1;0;-1;2;-1;8f4cdfd9-c6a5-4abe-9c92-0d36fb7e13b7;2025-05-09 12:29:11.9234
-3;0;1;-1;1;-1;1;0;8f4cdfd9-c6a5-4abe-9c92-0d36fb7e13b7;2025-05-09 12:29:11.9234
-6;-1;0;0;-1;-1;-5;-5;8f4cdfd9-c6a5-4abe-9c92-0d36fb7e13b7;2025-05-09 12:29:11.9424
-1;-1;-1;-1;-1;-1;-1;0;8f4cdfd9-c6a5-4abe-9c92-0d36fb7e13b7;2025-05-09 12:29:11.9424
-4;-1;0;-1;-1;-1;0;2;8f4cdfd9-c6a5-4abe-9c92-0d36fb7e13b7;2025-05-09 12:29:11.9504
3;-2;-1;-1;-2;-2;-4;-9;8f4cdfd9-c6a5-4abe-9c92-0d36fb7e13b7;2025-05-09 12:29:11.9504
11;-1;-1;-1;-1;0;10;14;8f4cdfd9-c6a5-4abe-9c92-0d36fb7e13b7;2025-05-09 12:29:11.9653
1;-1;1;-1;0;-1;0;0;8f4cdfd9-c6a5-4abe-9c92-0d36fb7e13b7;2025-05-09 12:29:11.9653
-6;-1;-2;-1;-1;0;2;1;8f4cdfd9-c6a5-4abe-9c92-0d36fb7e13b7;2025-05-09 12:29:11.9803
3;-1;-2;-2;-4;1;-7;-4;8f4cdfd9-c6a5-4abe-9c92-0d36fb7e13b7;2025-05-09 12:29:11.9803
-4;-2;-1;0;1;-2;-2;-4;8f4cdfd9-c6a5-4abe-9c92-0d36fb7e13b7;2025-05-09 12:29:11.9908
-4;-5;1;0;-2;-1;3;2;8f4cdfd9-c6a5-4abe-9c92-0d36fb7e13b7;2025-05-09 12:29:11.9908
4;-1;-2;0;-1;-2;-6;-3;8f4cdfd9-c6a5-4abe-9c92-0d36fb7e13b7;2025-05-09 12:29:11.9918
0;-2;-1;-1;0;-1;0;2;8f4cdfd9-c6a5-4abe-9c92-0d36fb7e13b7;2025-05-09 12:29:11.9918
-5;1;-1;0;-1;0;0;-2;8f4cdfd9-c6a5-4abe-9c92-0d36fb7e13b7;2025-05-09 12:29:12.0027
-3;-1;-2;-2;-1;-2;-2;-1;8f4cdfd9-c6a5-4abe-9c92-0d36fb7e13b7;2025-05-09 12:29:12.0027
-2;-1;0;0;-1;-1;-6;-10;8f4cdfd9-c6a5-4abe-9c92-0d36fb7e13b7;2025-05-09 12:29:12.0277
-2;-1;0;0;-1;-2;4;10;8f4cdfd9-c6a5-4abe-9c92-0d36fb7e13b7;2025-05-09 12:29:12.0277
-1;0;-1;-3;0;0;0;-1;8f4cdfd9-c6a5-4abe-9c92-0d36fb7e13b7;2025-05-09 12:29:12.0287
0;-3;-2;0;-1;-1;-4;-3;8f4cdfd9-c6a5-4abe-9c92-0d36fb7e13b7;2025-05-09 12:29:12.0287
-5;-1;0;-1;0;-1;1;1;8f4cdfd9-c6a5-4abe-9c92-0d36fb7e13b7;2025-05-09 12:29:12.0296
10;1;-1;0;0;0;-1;2;8f4cdfd9-c6a5-4abe-9c92-0d36fb7e13b7;2025-05-09 12:29:12.0296
-8;0;-1;-2;1;-2;-9;-6;8f4cdfd9-c6a5-4abe-9c92-0d36fb7e13b7;2025-05-09 12:29:12.0486
4;1;-2;0;-1;1;4;1;8f4cdfd9-c6a5-4abe-9c92-0d36fb7e13b7;2025-05-09 12:29:12.0486
-4;0;-1;0;-2;-1;1;-1;8f4cdfd9-c6a5-4abe-9c92-0d36fb7e13b7;2025-05-09 12:29:12.0496
0;0;-2;-2;-1;0;-1;-1;8f4cdfd9-c6a5-4abe-9c92-0d36fb7e13b7;2025-05-09 12:29:12.0496
0;2;-1;-2;-2;-1;-1;1;8f4cdfd9-c6a5-4abe-9c92-0d36fb7e13b7;2025-05-09 12:29:12.0556
0;-2;1;-1;0;0;-4;-2;8f4cdfd9-c6a5-4abe-9c92-0d36fb7e13b7;2025-05-09 12:29:12.0556
-5;-1;-3;0;0;0;-4;-9;8f4cdfd9-c6a5-4abe-9c92-0d36fb7e13b7;2025-05-09 12:29:12.0556
6;1;-1;-2;-2;-2;7;13;8f4cdfd9-c6a5-4abe-9c92-0d36fb7e13b7;2025-05-09 12:29:12.0556
0;-2;-2;-2;-2;-1;0;-1;8f4cdfd9-c6a5-4abe-9c92-0d36fb7e13b7;2025-05-09 12:29:12.1454
-2;0;-2;-2;-2;-1;1;1;8f4cdfd9-c6a5-4abe-9c92-0d36fb7e13b7;2025-05-09 12:29:12.1454
2;-2;-2;0;-1;0;-5;-10;8f4cdfd9-c6a5-4abe-9c92-0d36fb7e13b7;2025-05-09 12:29:12.1603
-10;-2;-1;0;1;0;5;4;8f4cdfd9-c6a5-4abe-9c92-0d36fb7e13b7;2025-05-09 12:29:12.1603
0;-1;0;1;1;0;-2;-2;8f4cdfd9-c6a5-4abe-9c92-0d36fb7e13b7;2025-05-09 12:29:12.1823
3;0;-3;-1;0;-2;-5;-1;8f4cdfd9-c6a5-4abe-9c92-0d36fb7e13b7;2025-05-09 12:29:12.1823
-3;-2;-2;0;-1;-2;5;2;8f4cdfd9-c6a5-4abe-9c92-0d36fb7e13b7;2025-05-09 12:29:12.1902
11;0;-1;-3;-2;-1;-6;-8;8f4cdfd9-c6a5-4abe-9c92-0d36fb7e13b7;2025-05-09 12:29:12.1902
-2;-1;-1;-2;0;-2;-1;4;8f4cdfd9-c6a5-4abe-9c92-0d36fb7e13b7;2025-05-09 12:29:12.2212
0;-2;-2;-1;-1;2;-2;-1;8f4cdfd9-c6a5-4abe-9c92-0d36fb7e13b7;2025-05-09 12:29:12.2212
-3;0;-3;-2;0;-1;6;11;8f4cdfd9-c6a5-4abe-9c92-0d36fb7e13b7;2025-05-09 12:29:12.2212
-6;-2;1;1;0;-1;-4;-5;8f4cdfd9-c6a5-4abe-9c92-0d36fb7e13b7;2025-05-09 12:29:12.2212
4;0;-2;0;0;0;-8;-8;8f4cdfd9-c6a5-4abe-9c92-0d36fb7e13b7;2025-05-09 12:29:12.2371
-19;-3;-1;0;-2;-2;9;6;8f4cdfd9-c6a5-4abe-9c92-0d36fb7e13b7;2025-05-09 12:29:12.2371
0;0;-2;-1;-1;0;-2;-5;8f4cdfd9-c6a5-4abe-9c92-0d36fb7e13b7;2025-05-09 12:29:12.2381
-7;-2;0;0;-1;-2;-6;-2;8f4cdfd9-c6a5-4abe-9c92-0d36fb7e13b7;2025-05-09 12:29:12.2381
8;0;0;-1;0;2;3;1;8f4cdfd9-c6a5-4abe-9c92-0d36fb7e13b7;2025-05-09 12:29:12.2581
-15;-3;-1;-2;-2;-3;1;-4;8f4cdfd9-c6a5-4abe-9c92-0d36fb7e13b7;2025-05-09 12:29:12.2581
5;-2;-1;-2;0;-1;-2;-2;8f4cdfd9-c6a5-4abe-9c92-0d36fb7e13b7;2025-05-09 12:29:12.2650
4;0;-2;-1;-1;1;-1;-1;8f4cdfd9-c6a5-4abe-9c92-0d36fb7e13b7;2025-05-09 12:29:12.2650
-6;0;-1;-1;-2;-2;1;1;8f4cdfd9-c6a5-4abe-9c92-0d36fb7e13b7;2025-05-09 12:29:12.2800
0;-1;-1;0;-1;-1;1;0;8f4cdfd9-c6a5-4abe-9c92-0d36fb7e13b7;2025-05-09 12:29:12.2800
-2;-4;2;-2;-1;-1;-2;0;8f4cdfd9-c6a5-4abe-9c92-0d36fb7e13b7;2025-05-09 12:29:12.3114
2;-1;-2;-1;-1;-1;0;-2;8f4cdfd9-c6a5-4abe-9c92-0d36fb7e13b7;2025-05-09 12:29:12.3114
-1;0;0;-2;-1;-1;-4;-1;8f4cdfd9-c6a5-4abe-9c92-0d36fb7e13b7;2025-05-09 12:29:12.3134
-1;-2;1;-1;-1;-2;-9;-4;8f4cdfd9-c6a5-4abe-9c92-0d36fb7e13b7;2025-05-09 12:29:12.3134
-17;-2;-2;-2;-2;-1;11;4;8f4cdfd9-c6a5-4abe-9c92-0d36fb7e13b7;2025-05-09 12:29:12.3274
5;1;0;0;-1;-2;2;3;8f4cdfd9-c6a5-4abe-9c92-0d36fb7e13b7;2025-05-09 12:29:12.3274
-5;-3;1;0;-1;0;-2;-3;8f4cdfd9-c6a5-4abe-9c92-0d36fb7e13b7;2025-05-09 12:29:12.3284
-2;1;0;0;0;0;1;2;8f4cdfd9-c6a5-4abe-9c92-0d36fb7e13b7;2025-05-09 12:29:12.3284
-10;0;-4;-1;-2;-1;8;14;8f4cdfd9-c6a5-4abe-9c92-0d36fb7e13b7;2025-05-09 12:29:12.3334
2;1;-1;0;0;0;-2;-2;8f4cdfd9-c6a5-4abe-9c92-0d36fb7e13b7;2025-05-09 12:29:12.3334
1;-1;-1;0;-1;-2;-1;2;8f4cdfd9-c6a5-4abe-9c92-0d36fb7e13b7;2025-05-09 12:29:12.3354
0;-2;-2;-2;0;0;1;2;8f4cdfd9-c6a5-4abe-9c92-0d36fb7e13b7;2025-05-09 12:29:12.3354
1;0;-1;0;-1;-1;-4;-4;8f4cdfd9-c6a5-4abe-9c92-0d36fb7e13b7;2025-05-09 12:29:12.3483
1;0;-1;0;0;-1;2;0;8f4cdfd9-c6a5-4abe-9c92-0d36fb7e13b7;2025-05-09 12:29:12.3483
2;3;-1;-2;-3;-2;-5;-2;8f4cdfd9-c6a5-4abe-9c92-0d36fb7e13b7;2025-05-09 12:29:12.3503
3;-2;0;0;-1;0;4;7;8f4cdfd9-c6a5-4abe-9c92-0d36fb7e13b7;2025-05-09 12:29:12.3503
-13;-2;-2;-2;-1;-2;-4;-6;8f4cdfd9-c6a5-4abe-9c92-0d36fb7e13b7;2025-05-09 12:29:12.3792
-2;0;-1;-1;-2;0;0;0;8f4cdfd9-c6a5-4abe-9c92-0d36fb7e13b7;2025-05-09 12:29:12.3792
2;-1;-2;-1;0;0;0;-2;8f4cdfd9-c6a5-4abe-9c92-0d36fb7e13b7;2025-05-09 12:29:12.3802
0;-1;-1;-1;0;0;-9;-6;8f4cdfd9-c6a5-4abe-9c92-0d36fb7e13b7;2025-05-09 12:29:12.3802
-3;-1;-1;2;-1;-2;1;-4;8f4cdfd9-c6a5-4abe-9c92-0d36fb7e13b7;2025-05-09 12:29:12.3932
7;-1;-1;0;1;0;2;3;8f4cdfd9-c6a5-4abe-9c92-0d36fb7e13b7;2025-05-09 12:29:12.3932
-1;-1;-1;-2;-1;-1;-5;-5;8f4cdfd9-c6a5-4abe-9c92-0d36fb7e13b7;2025-05-09 12:29:12.4171
-9;0;0;-1;-1;0;4;2;8f4cdfd9-c6a5-4abe-9c92-0d36fb7e13b7;2025-05-09 12:29:12.4171
10;-1;-2;0;0;0;-1;3;8f4cdfd9-c6a5-4abe-9c92-0d36fb7e13b7;2025-05-09 12:29:12.4171
-3;-1;-1;-2;-2;-2;-7;-5;8f4cdfd9-c6a5-4abe-9c92-0d36fb7e13b7;2025-05-09 12:29:12.4171
2;-1;0;1;-1;0;7;7;8f4cdfd9-c6a5-4abe-9c92-0d36fb7e13b7;2025-05-09 12:29:12.4191
0;0;-2;-1;-2;-2;-4;-2;8f4cdfd9-c6a5-4abe-9c92-0d36fb7e13b7;2025-05-09 12:29:12.4191
-2;-1;1;1;0;1;-2;-3;8f4cdfd9-c6a5-4abe-9c92-0d36fb7e13b7;2025-05-09 12:29:12.4231
6;-2;-1;-2;-2;-1;0;-2;8f4cdfd9-c6a5-4abe-9c92-0d36fb7e13b7;2025-05-09 12:29:12.4231
0;-6;3;0;0;-1;-3;-2;8f4cdfd9-c6a5-4abe-9c92-0d36fb7e13b7;2025-05-09 12:29:12.4251
-1;1;-1;0;-1;0;1;2;8f4cdfd9-c6a5-4abe-9c92-0d36fb7e13b7;2025-05-09 12:29:12.4251
1;-1;-1;0;-3;-2;-1;1;8f4cdfd9-c6a5-4abe-9c92-0d36fb7e13b7;2025-05-09 12:29:12.4381
-3;-1;-2;1;-1;0;2;1;8f4cdfd9-c6a5-4abe-9c92-0d36fb7e13b7;2025-05-09 12:29:12.4381
-1;-4;-1;0;-2;-1;-2;-2;8f4cdfd9-c6a5-4abe-9c92-0d36fb7e13b7;2025-05-09 12:29:12.4451
-1;0;0;-1;-1;-1;2;3;8f4cdfd9-c6a5-4abe-9c92-0d36fb7e13b7;2025-05-09 12:29:12.4451
1;1;0;-1;-1;0;-4;-3;8f4cdfd9-c6a5-4abe-9c92-0d36fb7e13b7;2025-05-09 12:29:12.4610
-4;2;-1;-2;-1;0;2;-1;8f4cdfd9-c6a5-4abe-9c92-0d36fb7e13b7;2025-05-09 12:29:12.4610
7;-1;-2;-1;-1;-2;-3;1;8f4cdfd9-c6a5-4abe-9c92-0d36fb7e13b7;2025-05-09 12:29:12.4630
-14;-1;-1;-1;0;-1;-1;-1;8f4cdfd9-c6a5-4abe-9c92-0d36fb7e13b7;2025-05-09 12:29:12.4630
1;0;-2;-1;-1;-2;-5;-3;8f4cdfd9-c6a5-4abe-9c92-0d36fb7e13b7;2025-05-09 12:29:12.4909
2;-1;-1;0;-1;-6;-12;-1;8f4cdfd9-c6a5-4abe-9c92-0d36fb7e13b7;2025-05-09 12:29:12.4909
-7;1;-1;0;0;7;22;4;8f4cdfd9-c6a5-4abe-9c92-0d36fb7e13b7;2025-05-09 12:29:12.4929
4;-3;-1;-4;-1;0;1;1;8f4cdfd9-c6a5-4abe-9c92-0d36fb7e13b7;2025-05-09 12:29:12.4929
1;-1;-1;1;-2;0;3;-4;8f4cdfd9-c6a5-4abe-9c92-0d36fb7e13b7;2025-05-09 12:29:12.4979
-1;1;-1;-1;-1;0;-2;0;8f4cdfd9-c6a5-4abe-9c92-0d36fb7e13b7;2025-05-09 12:29:12.4979
-3;-2;-1;-1;-2;-4;-8;-2;8f4cdfd9-c6a5-4abe-9c92-0d36fb7e13b7;2025-05-09 12:29:12.5139
0;-2;-2;-3;0;0;0;-1;8f4cdfd9-c6a5-4abe-9c92-0d36fb7e13b7;2025-05-09 12:29:12.5139
-1;-1;-2;-2;0;-1;2;2;8f4cdfd9-c6a5-4abe-9c92-0d36fb7e13b7;2025-05-09 12:29:12.5209
-2;-4;-2;-2;0;-2;2;-1;8f4cdfd9-c6a5-4abe-9c92-0d36fb7e13b7;2025-05-09 12:29:12.5209
0;0;-2;-2;-2;-3;-5;-1;8f4cdfd9-c6a5-4abe-9c92-0d36fb7e13b7;2025-05-09 12:29:12.5228
1;-1;0;2;0;-2;1;-1;8f4cdfd9-c6a5-4abe-9c92-0d36fb7e13b7;2025-05-09 12:29:12.5228
0;-1;-1;0;-2;-1;-3;1;8f4cdfd9-c6a5-4abe-9c92-0d36fb7e13b7;2025-05-09 12:29:12.5438
-2;1;-1;0;-2;0;1;1;8f4cdfd9-c6a5-4abe-9c92-0d36fb7e13b7;2025-05-09 12:29:12.5438
-3;-4;-2;-1;-1;-1;-2;0;8f4cdfd9-c6a5-4abe-9c92-0d36fb7e13b7;2025-05-09 12:29:12.5448
4;0;-1;0;-1;-2;0;1;8f4cdfd9-c6a5-4abe-9c92-0d36fb7e13b7;2025-05-09 12:29:12.5448
-4;0;-1;-1;0;-1;-1;-2;8f4cdfd9-c6a5-4abe-9c92-0d36fb7e13b7;2025-05-09 12:29:12.5578
-3;-1;0;-1;0;1;1;-3;8f4cdfd9-c6a5-4abe-9c92-0d36fb7e13b7;2025-05-09 12:29:12.5578
4;0;0;0;-1;-3;1;1;8f4cdfd9-c6a5-4abe-9c92-0d36fb7e13b7;2025-05-09 12:29:12.5817
-27;-2;-1;0;-2;0;1;-6;8f4cdfd9-c6a5-4abe-9c92-0d36fb7e13b7;2025-05-09 12:29:12.5817
5;-2;0;-1;-1;-1;-1;2;8f4cdfd9-c6a5-4abe-9c92-0d36fb7e13b7;2025-05-09 12:29:12.5827
0;-1;-2;-1;-3;-1;2;2;8f4cdfd9-c6a5-4abe-9c92-0d36fb7e13b7;2025-05-09 12:29:12.5827
-4;1;2;-2;1;-1;-7;-7;8f4cdfd9-c6a5-4abe-9c92-0d36fb7e13b7;2025-05-09 12:29:12.5867
11;0;-2;-1;-1;-2;0;4;8f4cdfd9-c6a5-4abe-9c92-0d36fb7e13b7;2025-05-09 12:29:12.5877
-5;0;-2;-2;-1;1;1;-3;8f4cdfd9-c6a5-4abe-9c92-0d36fb7e13b7;2025-05-09 12:29:12.6036
-4;-4;0;-1;0;0;-2;-3;8f4cdfd9-c6a5-4abe-9c92-0d36fb7e13b7;2025-05-09 12:29:12.6036
-2;-1;-1;-2;-2;-1;0;2;8f4cdfd9-c6a5-4abe-9c92-0d36fb7e13b7;2025-05-09 12:29:12.6056
4;-1;-1;-2;0;-1;-1;-2;8f4cdfd9-c6a5-4abe-9c92-0d36fb7e13b7;2025-05-09 12:29:12.6056
0;1;-1;-1;-1;0;-1;-2;8f4cdfd9-c6a5-4abe-9c92-0d36fb7e13b7;2025-05-09 12:29:12.6266
2;0;-3;0;0;-1;-2;1;8f4cdfd9-c6a5-4abe-9c92-0d36fb7e13b7;2025-05-09 12:29:12.6266
1;0;-2;-2;0;0;1;-2;8f4cdfd9-c6a5-4abe-9c92-0d36fb7e13b7;2025-05-09 12:29:12.6276
1;0;0;1;-2;0;-4;-2;8f4cdfd9-c6a5-4abe-9c92-0d36fb7e13b7;2025-05-09 12:29:12.6286
-4;-2;0;-2;0;-2;2;2;8f4cdfd9-c6a5-4abe-9c92-0d36fb7e13b7;2025-05-09 12:29:12.6490
-1;-2;0;0;-1;1;2;-1;8f4cdfd9-c6a5-4abe-9c92-0d36fb7e13b7;2025-05-09 12:29:12.6490
-1;-1;1;0;-2;0;-1;-1;8f4cdfd9-c6a5-4abe-9c92-0d36fb7e13b7;2025-05-09 12:29:12.6500
-1;-1;-2;-1;0;-1;-2;2;8f4cdfd9-c6a5-4abe-9c92-0d36fb7e13b7;2025-05-09 12:29:12.6500
-2;-2;1;-2;1;0;-1;-3;8f4cdfd9-c6a5-4abe-9c92-0d36fb7e13b7;2025-05-09 12:29:12.6705
-4;0;-1;-1;-1;0;0;1;8f4cdfd9-c6a5-4abe-9c92-0d36fb7e13b7;2025-05-09 12:29:12.6715
12;-1;-3;-1;-1;0;-1;0;8f4cdfd9-c6a5-4abe-9c92-0d36fb7e13b7;2025-05-09 12:29:12.6774
0;-2;1;1;-2;-1;-1;-1;8f4cdfd9-c6a5-4abe-9c92-0d36fb7e13b7;2025-05-09 12:29:12.6774
-1;-2;0;0;1;-1;-2;-3;8f4cdfd9-c6a5-4abe-9c92-0d36fb7e13b7;2025-05-09 12:29:12.6784
-9;-2;-1;-2;0;-1;1;1;8f4cdfd9-c6a5-4abe-9c92-0d36fb7e13b7;2025-05-09 12:29:12.6784
15;1;-2;-1;-1;-2;-3;-1;8f4cdfd9-c6a5-4abe-9c92-0d36fb7e13b7;2025-05-09 12:29:12.6934
0;-1;-1;-2;-2;-1;1;0;8f4cdfd9-c6a5-4abe-9c92-0d36fb7e13b7;2025-05-09 12:29:12.6934
-2;-1;-3;1;-2;-2;0;1;8f4cdfd9-c6a5-4abe-9c92-0d36fb7e13b7;2025-05-09 12:29:12.7163
-1;-1;0;-1;0;-3;-3;-1;8f4cdfd9-c6a5-4abe-9c92-0d36fb7e13b7;2025-05-09 12:29:12.7163
-9;-7;-1;-1;-1;0;-1;-4;8f4cdfd9-c6a5-4abe-9c92-0d36fb7e13b7;2025-05-09 12:29:12.7173
7;0;0;1;0;0;6;9;8f4cdfd9-c6a5-4abe-9c92-0d36fb7e13b7;2025-05-09 12:29:12.7173
1;1;-2;-3;-2;-1;2;3;8f4cdfd9-c6a5-4abe-9c92-0d36fb7e13b7;2025-05-09 12:29:12.7233
2;0;-2;0;0;0;1;1;8f4cdfd9-c6a5-4abe-9c92-0d36fb7e13b7;2025-05-09 12:29:12.7233
-9;1;-1;0;1;-2;-4;-2;8f4cdfd9-c6a5-4abe-9c92-0d36fb7e13b7;2025-05-09 12:29:12.7253
-2;-3;-2;-2;1;-2;-7;-8;8f4cdfd9-c6a5-4abe-9c92-0d36fb7e13b7;2025-05-09 12:29:12.7253
14;-4;-2;0;-2;0;-3;2;8f4cdfd9-c6a5-4abe-9c92-0d36fb7e13b7;2025-05-09 12:29:12.7373
-12;-1;0;-2;-1;0;3;-1;8f4cdfd9-c6a5-4abe-9c92-0d36fb7e13b7;2025-05-09 12:29:12.7373
-3;0;0;0;0;-1;-2;-2;8f4cdfd9-c6a5-4abe-9c92-0d36fb7e13b7;2025-05-09 12:29:12.7463
2;-2;-2;1;-1;1;-1;-1;8f4cdfd9-c6a5-4abe-9c92-0d36fb7e13b7;2025-05-09 12:29:12.7463
1;0;-1;-1;-1;1;-3;-2;8f4cdfd9-c6a5-4abe-9c92-0d36fb7e13b7;2025-05-09 12:29:12.7612
4;-1;0;-1;-2;-1;3;-1;8f4cdfd9-c6a5-4abe-9c92-0d36fb7e13b7;2025-05-09 12:29:12.7612
-4;-1;-2;-1;-2;1;0;-1;8f4cdfd9-c6a5-4abe-9c92-0d36fb7e13b7;2025-05-09 12:29:12.7672
-1;-1;0;-1;-1;-2;-3;0;8f4cdfd9-c6a5-4abe-9c92-0d36fb7e13b7;2025-05-09 12:29:12.7672
-7;0;-1;-1;-1;-2;-1;-2;8f4cdfd9-c6a5-4abe-9c92-0d36fb7e13b7;2025-05-09 12:29:12.7911
-1;-1;-1;0;-1;-1;-3;-1;8f4cdfd9-c6a5-4abe-9c92-0d36fb7e13b7;2025-05-09 12:29:12.7911
-13;-2;-1;-2;0;0;4;1;8f4cdfd9-c6a5-4abe-9c92-0d36fb7e13b7;2025-05-09 12:29:12.7921
8;0;-2;0;-1;0;0;-2;8f4cdfd9-c6a5-4abe-9c92-0d36fb7e13b7;2025-05-09 12:29:12.7931
-5;-1;-2;0;0;-1;-3;-3;8f4cdfd9-c6a5-4abe-9c92-0d36fb7e13b7;2025-05-09 12:29:12.7971
0;-1;-1;-1;-1;-1;1;-2;8f4cdfd9-c6a5-4abe-9c92-0d36fb7e13b7;2025-05-09 12:29:12.7971
5;0;1;-1;0;0;-9;-6;8f4cdfd9-c6a5-4abe-9c92-0d36fb7e13b7;2025-05-09 12:29:12.8141
-25;-2;-3;-1;-1;-1;7;2;8f4cdfd9-c6a5-4abe-9c92-0d36fb7e13b7;2025-05-09 12:29:12.8141
2;-4;2;-1;-1;0;3;6;8f4cdfd9-c6a5-4abe-9c92-0d36fb7e13b7;2025-05-09 12:29:12.8211
3;-1;-3;-1;0;0;0;-2;8f4cdfd9-c6a5-4abe-9c92-0d36fb7e13b7;2025-05-09 12:29:12.8211
-1;1;-2;-1;0;-2;-1;1;8f4cdfd9-c6a5-4abe-9c92-0d36fb7e13b7;2025-05-09 12:29:12.8231
6;-1;1;-1;-2;0;-7;-7;8f4cdfd9-c6a5-4abe-9c92-0d36fb7e13b7;2025-05-09 12:29:12.8231
1;0;-2;-1;-2;0;-2;-3;8f4cdfd9-c6a5-4abe-9c92-0d36fb7e13b7;2025-05-09 12:29:12.8600
-3;-2;-1;-1;-2;-2;1;2;8f4cdfd9-c6a5-4abe-9c92-0d36fb7e13b7;2025-05-09 12:29:12.8600
3;0;0;-1;-2;-2;-1;-1;8f4cdfd9-c6a5-4abe-9c92-0d36fb7e13b7;2025-05-09 12:29:12.8610
-1;1;-2;-1;-2;0;-2;0;8f4cdfd9-c6a5-4abe-9c92-0d36fb7e13b7;2025-05-09 12:29:12.8620
-4;-2;-2;0;-2;-1;-1;0;8f4cdfd9-c6a5-4abe-9c92-0d36fb7e13b7;2025-05-09 12:29:12.8620
4;-1;-2;-1;-1;-1;-2;0;8f4cdfd9-c6a5-4abe-9c92-0d36fb7e13b7;2025-05-09 12:29:12.8620
0;-2;-2;0;-1;1;1;-2;8f4cdfd9-c6a5-4abe-9c92-0d36fb7e13b7;2025-05-09 12:29:12.8659
1;0;-2;-2;-2;-2;-1;0;8f4cdfd9-c6a5-4abe-9c92-0d36fb7e13b7;2025-05-09 12:29:12.8659
-3;0;1;-2;-2;-2;0;-1;8f4cdfd9-c6a5-4abe-9c92-0d36fb7e13b7;2025-05-09 12:29:12.8809
0;-3;1;1;-1;-1;-3;-2;8f4cdfd9-c6a5-4abe-9c92-0d36fb7e13b7;2025-05-09 12:29:12.8809
-3;-1;-1;1;0;-1;0;1;8f4cdfd9-c6a5-4abe-9c92-0d36fb7e13b7;2025-05-09 12:29:12.8869
-6;-2;-2;0;-1;-2;4;3;8f4cdfd9-c6a5-4abe-9c92-0d36fb7e13b7;2025-05-09 12:29:12.8869
7;1;0;0;0;-1;-1;-2;8f4cdfd9-c6a5-4abe-9c92-0d36fb7e13b7;2025-05-09 12:29:12.9038
8;-1;0;-1;0;-1;-1;-3;8f4cdfd9-c6a5-4abe-9c92-0d36fb7e13b7;2025-05-09 12:29:12.9038
0;0;0;0;-1;-1;3;3;8f4cdfd9-c6a5-4abe-9c92-0d36fb7e13b7;2025-05-09 12:29:12.9058
3;-4;0;-2;0;-1;-6;-3;8f4cdfd9-c6a5-4abe-9c92-0d36fb7e13b7;2025-05-09 12:29:12.9058
-7;0;-1;-1;-1;-1;-2;-3;8f4cdfd9-c6a5-4abe-9c92-0d36fb7e13b7;2025-05-09 12:29:12.9338
1;0;-2;-1;-1;-1;-5;-4;8f4cdfd9-c6a5-4abe-9c92-0d36fb7e13b7;2025-05-09 12:29:12.9338
1;-3;-1;0;0;0;3;0;8f4cdfd9-c6a5-4abe-9c92-0d36fb7e13b7;2025-05-09 12:29:12.9358
1;1;-1;-1;-1;2;5;7;8f4cdfd9-c6a5-4abe-9c92-0d36fb7e13b7;2025-05-09 12:29:12.9358
0;1;0;-1;-2;-1;-1;0;8f4cdfd9-c6a5-4abe-9c92-0d36fb7e13b7;2025-05-09 12:29:12.9557
-4;0;-1;-1;-1;-1;3;3;8f4cdfd9-c6a5-4abe-9c92-0d36fb7e13b7;2025-05-09 12:29:12.9557
-3;0;-1;-1;-2;-2;-6;-8;8f4cdfd9-c6a5-4abe-9c92-0d36fb7e13b7;2025-05-09 12:29:12.9931
1;0;-1;2;-1;-2;-1;-2;8f4cdfd9-c6a5-4abe-9c92-0d36fb7e13b7;2025-05-09 12:29:12.9931
-3;0;-1;0;0;0;2;1;8f4cdfd9-c6a5-4abe-9c92-0d36fb7e13b7;2025-05-09 12:29:13.0081
-2;0;-2;0;0;-1;-2;-2;8f4cdfd9-c6a5-4abe-9c92-0d36fb7e13b7;2025-05-09 12:29:13.0081
-2;0;0;-2;-3;-2;1;2;8f4cdfd9-c6a5-4abe-9c92-0d36fb7e13b7;2025-05-09 12:29:13.0250
1;1;-1;-2;-2;-3;-1;-2;8f4cdfd9-c6a5-4abe-9c92-0d36fb7e13b7;2025-05-09 12:29:13.0250
-2;-2;-1;-1;-1;-1;-1;-2;8f4cdfd9-c6a5-4abe-9c92-0d36fb7e13b7;2025-05-09 12:29:13.0260
-3;0;-1;0;-3;0;-2;-2;8f4cdfd9-c6a5-4abe-9c92-0d36fb7e13b7;2025-05-09 12:29:13.0260
-1;0;-1;0;-1;0;0;2;8f4cdfd9-c6a5-4abe-9c92-0d36fb7e13b7;2025-05-09 12:29:13.0270
0;-3;0;-1;1;2;1;0;8f4cdfd9-c6a5-4abe-9c92-0d36fb7e13b7;2025-05-09 12:29:13.0270
-12;-4;-1;0;-2;-2;-1;-3;8f4cdfd9-c6a5-4abe-9c92-0d36fb7e13b7;2025-05-09 12:29:13.0380
-6;-2;0;-1;-1;1;0;1;8f4cdfd9-c6a5-4abe-9c92-0d36fb7e13b7;2025-05-09 12:29:13.0380
3;-1;-1;-2;0;0;5;7;8f4cdfd9-c6a5-4abe-9c92-0d36fb7e13b7;2025-05-09 12:29:13.0689
-2;0;0;0;-2;-2;-4;-1;8f4cdfd9-c6a5-4abe-9c92-0d36fb7e13b7;2025-05-09 12:29:13.0689
-4;-1;0;-3;-1;0;4;2;8f4cdfd9-c6a5-4abe-9c92-0d36fb7e13b7;2025-05-09 12:29:13.0709
1;0;-1;0;0;-1;-8;-11;8f4cdfd9-c6a5-4abe-9c92-0d36fb7e13b7;2025-05-09 12:29:13.0709
4;-1;0;-1;-2;-1;0;-1;8f4cdfd9-c6a5-4abe-9c92-0d36fb7e13b7;2025-05-09 12:29:13.0749
-4;-2;-1;0;0;-3;-2;-4;8f4cdfd9-c6a5-4abe-9c92-0d36fb7e13b7;2025-05-09 12:29:13.0749
-2;0;-1;-1;-1;-1;0;0;8f4cdfd9-c6a5-4abe-9c92-0d36fb7e13b7;2025-05-09 12:29:13.0973
2;5;-2;-1;-2;0;-3;-4;8f4cdfd9-c6a5-4abe-9c92-0d36fb7e13b7;2025-05-09 12:29:13.0983
-1;0;0;-2;-1;-1;-1;0;8f4cdfd9-c6a5-4abe-9c92-0d36fb7e13b7;2025-05-09 12:29:13.1123
5;0;0;-2;-1;1;0;-1;8f4cdfd9-c6a5-4abe-9c92-0d36fb7e13b7;2025-05-09 12:29:13.1123
-1;-1;0;1;0;0;3;3;8f4cdfd9-c6a5-4abe-9c92-0d36fb7e13b7;2025-05-09 12:29:13.1442
0;-1;-3;-1;-1;-2;0;0;8f4cdfd9-c6a5-4abe-9c92-0d36fb7e13b7;2025-05-09 12:29:13.1442
-3;-4;1;1;1;-2;-2;-4;8f4cdfd9-c6a5-4abe-9c92-0d36fb7e13b7;2025-05-09 12:29:13.1442
-3;-3;-1;-1;-1;0;-1;-1;8f4cdfd9-c6a5-4abe-9c92-0d36fb7e13b7;2025-05-09 12:29:13.1452
-6;1;0;1;-1;0;4;2;8f4cdfd9-c6a5-4abe-9c92-0d36fb7e13b7;2025-05-09 12:29:13.1572
4;-1;1;0;0;0;-4;-4;8f4cdfd9-c6a5-4abe-9c92-0d36fb7e13b7;2025-05-09 12:29:13.1582
3;0;-2;-1;-1;0;-3;-2;8f4cdfd9-c6a5-4abe-9c92-0d36fb7e13b7;2025-05-09 12:29:13.1652
6;-2;-1;-1;0;-2;1;-1;8f4cdfd9-c6a5-4abe-9c92-0d36fb7e13b7;2025-05-09 12:29:13.1652
2;-2;-2;-1;-1;-1;-1;-3;8f4cdfd9-c6a5-4abe-9c92-0d36fb7e13b7;2025-05-09 12:29:13.1801
1;0;-1;-1;-1;-1;-2;-4;8f4cdfd9-c6a5-4abe-9c92-0d36fb7e13b7;2025-05-09 12:29:13.1801
5;0;0;0;1;-2;-9;-8;8f4cdfd9-c6a5-4abe-9c92-0d36fb7e13b7;2025-05-09 12:29:13.1891
-4;0;0;0;0;-1;8;10;8f4cdfd9-c6a5-4abe-9c92-0d36fb7e13b7;2025-05-09 12:29:13.1891
0;-1;1;-2;0;-1;-5;-3;8f4cdfd9-c6a5-4abe-9c92-0d36fb7e13b7;2025-05-09 12:29:13.1901
2;-2;-1;0;-1;-2;-2;-4;8f4cdfd9-c6a5-4abe-9c92-0d36fb7e13b7;2025-05-09 12:29:13.1911
-4;-1;-1;-1;-2;-1;3;2;8f4cdfd9-c6a5-4abe-9c92-0d36fb7e13b7;2025-05-09 12:29:13.2026
1;0;-1;-2;0;0;-6;-4;8f4cdfd9-c6a5-4abe-9c92-0d36fb7e13b7;2025-05-09 12:29:13.2026
-2;-1;-3;-1;-1;-2;-4;-1;8f4cdfd9-c6a5-4abe-9c92-0d36fb7e13b7;2025-05-09 12:29:13.2255
-3;-2;-2;-2;-1;0;-2;0;8f4cdfd9-c6a5-4abe-9c92-0d36fb7e13b7;2025-05-09 12:29:13.2255
-1;-2;-3;-2;-1;-2;1;3;8f4cdfd9-c6a5-4abe-9c92-0d36fb7e13b7;2025-05-09 12:29:13.2794
-1;-1;0;0;-2;0;-7;-3;8f4cdfd9-c6a5-4abe-9c92-0d36fb7e13b7;2025-05-09 12:29:13.2794
0;-2;-3;-1;-2;0;0;-2;8f4cdfd9-c6a5-4abe-9c92-0d36fb7e13b7;2025-05-09 12:29:13.3008
-3;0;-1;-2;-2;0;1;1;8f4cdfd9-c6a5-4abe-9c92-0d36fb7e13b7;2025-05-09 12:29:13.3008
-5;-2;1;0;-2;0;-1;1;8f4cdfd9-c6a5-4abe-9c92-0d36fb7e13b7;2025-05-09 12:29:13.3078
12;0;-1;-1;-1;-1;-3;-3;8f4cdfd9-c6a5-4abe-9c92-0d36fb7e13b7;2025-05-09 12:29:13.3088
-3;-2;0;-2;1;-2;0;0;8f4cdfd9-c6a5-4abe-9c92-0d36fb7e13b7;2025-05-09 12:29:13.3238
2;0;-1;-1;-1;0;1;1;8f4cdfd9-c6a5-4abe-9c92-0d36fb7e13b7;2025-05-09 12:29:13.3238
-5;1;-2;-1;-1;-3;-1;0;8f4cdfd9-c6a5-4abe-9c92-0d36fb7e13b7;2025-05-09 12:29:13.3248
2;-1;-3;1;-1;-1;-4;-5;8f4cdfd9-c6a5-4abe-9c92-0d36fb7e13b7;2025-05-09 12:29:13.3248
-4;-2;0;-1;-1;0;0;-1;8f4cdfd9-c6a5-4abe-9c92-0d36fb7e13b7;2025-05-09 12:29:13.3447
-3;-2;-1;-1;-2;0;-1;-1;8f4cdfd9-c6a5-4abe-9c92-0d36fb7e13b7;2025-05-09 12:29:13.3447
-1;-1;0;-1;-1;-2;-1;0;8f4cdfd9-c6a5-4abe-9c92-0d36fb7e13b7;2025-05-09 12:29:13.3557
-4;-1;-2;1;-1;-2;-2;-1;8f4cdfd9-c6a5-4abe-9c92-0d36fb7e13b7;2025-05-09 12:29:13.3557
2;0;-1;-1;0;-2;-4;-6;8f4cdfd9-c6a5-4abe-9c92-0d36fb7e13b7;2025-05-09 12:29:13.3567
-2;-1;-1;0;-1;0;2;3;8f4cdfd9-c6a5-4abe-9c92-0d36fb7e13b7;2025-05-09 12:29:13.3567
2;-2;-2;-2;-1;0;0;-1;8f4cdfd9-c6a5-4abe-9c92-0d36fb7e13b7;2025-05-09 12:29:13.3607
-4;0;-1;0;0;-1;-3;0;8f4cdfd9-c6a5-4abe-9c92-0d36fb7e13b7;2025-05-09 12:29:13.3607
-21;0;-2;0;-1;-1;-1;-4;8f4cdfd9-c6a5-4abe-9c92-0d36fb7e13b7;2025-05-09 12:29:13.3617
-3;0;0;0;0;-1;-1;-1;8f4cdfd9-c6a5-4abe-9c92-0d36fb7e13b7;2025-05-09 12:29:13.3617
-1;-7;-3;0;0;0;-5;-3;8f4cdfd9-c6a5-4abe-9c92-0d36fb7e13b7;2025-05-09 12:29:13.3686
-5;-2;-2;-3;-1;-1;3;1;8f4cdfd9-c6a5-4abe-9c92-0d36fb7e13b7;2025-05-09 12:29:13.3686
3;1;-2;-1;-1;0;3;2;8f4cdfd9-c6a5-4abe-9c92-0d36fb7e13b7;2025-05-09 12:29:13.3836
0;0;-1;-1;0;-1;-3;-1;8f4cdfd9-c6a5-4abe-9c92-0d36fb7e13b7;2025-05-09 12:29:13.3836
-3;0;-1;-1;-1;0;0;0;8f4cdfd9-c6a5-4abe-9c92-0d36fb7e13b7;2025-05-09 12:29:13.3846
0;0;-1;-1;-1;-1;-3;0;8f4cdfd9-c6a5-4abe-9c92-0d36fb7e13b7;2025-05-09 12:29:13.3856
3;0;-1;1;1;-2;-1;0;8f4cdfd9-c6a5-4abe-9c92-0d36fb7e13b7;2025-05-09 12:29:13.4050
-2;1;-1;-2;0;-2;-2;-3;8f4cdfd9-c6a5-4abe-9c92-0d36fb7e13b7;2025-05-09 12:29:13.4050
0;-2;-2;0;0;-1;0;-1;8f4cdfd9-c6a5-4abe-9c92-0d36fb7e13b7;2025-05-09 12:29:13.4220
-3;-1;0;-1;0;0;-1;-3;8f4cdfd9-c6a5-4abe-9c92-0d36fb7e13b7;2025-05-09 12:29:13.4220
1;-2;0;0;-1;0;2;1;8f4cdfd9-c6a5-4abe-9c92-0d36fb7e13b7;2025-05-09 12:29:13.4230
0;-1;-2;-1;-2;-1;-2;-1;8f4cdfd9-c6a5-4abe-9c92-0d36fb7e13b7;2025-05-09 12:29:13.4230
0;1;0;1;-2;0;1;0;8f4cdfd9-c6a5-4abe-9c92-0d36fb7e13b7;2025-05-09 12:29:13.4360
-2;0;-1;-2;0;0;-2;0;8f4cdfd9-c6a5-4abe-9c92-0d36fb7e13b7;2025-05-09 12:29:13.4360
11;1;-2;-1;-3;0;-7;-3;8f4cdfd9-c6a5-4abe-9c92-0d36fb7e13b7;2025-05-09 12:29:13.4439
0;0;-1;-2;-2;-1;7;0;8f4cdfd9-c6a5-4abe-9c92-0d36fb7e13b7;2025-05-09 12:29:13.4439
-1;-1;1;0;-1;1;4;3;8f4cdfd9-c6a5-4abe-9c92-0d36fb7e13b7;2025-05-09 12:29:13.4449
5;-1;-1;-2;-1;-1;1;3;8f4cdfd9-c6a5-4abe-9c92-0d36fb7e13b7;2025-05-09 12:29:13.4449
-9;-2;-2;1;0;-2;0;-2;8f4cdfd9-c6a5-4abe-9c92-0d36fb7e13b7;2025-05-09 12:29:13.4888
-1;-1;0;-1;-2;-3;-7;-6;8f4cdfd9-c6a5-4abe-9c92-0d36fb7e13b7;2025-05-09 12:29:13.4888
1;2;-1;-1;0;-2;-3;-3;8f4cdfd9-c6a5-4abe-9c92-0d36fb7e13b7;2025-05-09 12:29:13.4908
-2;-7;1;1;-1;-1;2;0;8f4cdfd9-c6a5-4abe-9c92-0d36fb7e13b7;2025-05-09 12:29:13.4908
1;-1;-1;-2;0;0;-1;-1;8f4cdfd9-c6a5-4abe-9c92-0d36fb7e13b7;2025-05-09 12:29:13.5033
-2;-1;-1;0;1;-2;-1;-1;8f4cdfd9-c6a5-4abe-9c92-0d36fb7e13b7;2025-05-09 12:29:13.5033
-2;-1;-1;-1;0;-1;0;0;8f4cdfd9-c6a5-4abe-9c92-0d36fb7e13b7;2025-05-09 12:29:13.5113
0;0;-3;-1;-1;-2;-5;-4;8f4cdfd9-c6a5-4abe-9c92-0d36fb7e13b7;2025-05-09 12:29:13.5113
0;0;1;-1;-2;-1;3;2;8f4cdfd9-c6a5-4abe-9c92-0d36fb7e13b7;2025-05-09 12:29:13.5123
-2;-2;1;0;1;1;-1;-1;8f4cdfd9-c6a5-4abe-9c92-0d36fb7e13b7;2025-05-09 12:29:13.5123
2;0;-1;-1;-2;-1;0;-1;8f4cdfd9-c6a5-4abe-9c92-0d36fb7e13b7;2025-05-09 12:29:13.5262
-2;-1;-1;-1;-2;-2;-3;-2;8f4cdfd9-c6a5-4abe-9c92-0d36fb7e13b7;2025-05-09 12:29:13.5262
1;2;-2;0;-1;-1;-1;0;8f4cdfd9-c6a5-4abe-9c92-0d36fb7e13b7;2025-05-09 12:29:13.5342
-2;-2;0;0;0;-1;-1;0;8f4cdfd9-c6a5-4abe-9c92-0d36fb7e13b7;2025-05-09 12:29:13.5342
-2;-2;-1;0;-1;-1;-3;-2;8f4cdfd9-c6a5-4abe-9c92-0d36fb7e13b7;2025-05-09 12:29:13.5402
-5;-1;-2;0;-1;-1;-2;-4;8f4cdfd9-c6a5-4abe-9c92-0d36fb7e13b7;2025-05-09 12:29:13.5402
-3;-2;0;-1;0;0;3;1;8f4cdfd9-c6a5-4abe-9c92-0d36fb7e13b7;2025-05-09 12:29:13.5562
1;0;-1;-1;-2;-1;1;3;8f4cdfd9-c6a5-4abe-9c92-0d36fb7e13b7;2025-05-09 12:29:13.5562
3;0;-1;-1;1;0;1;-1;8f4cdfd9-c6a5-4abe-9c92-0d36fb7e13b7;2025-05-09 12:29:13.5572
-12;-1;-1;-1;-1;-1;-7;-11;8f4cdfd9-c6a5-4abe-9c92-0d36fb7e13b7;2025-05-09 12:29:13.5582
13;5;-2;-3;0;-1;2;3;8f4cdfd9-c6a5-4abe-9c92-0d36fb7e13b7;2025-05-09 12:29:13.5711
1;-2;-1;-1;-1;0;-4;-3;8f4cdfd9-c6a5-4abe-9c92-0d36fb7e13b7;2025-05-09 12:29:13.5711
-8;-1;-2;-2;0;0;-3;-3;8f4cdfd9-c6a5-4abe-9c92-0d36fb7e13b7;2025-05-09 12:29:13.5771
3;-1;0;-1;-2;-1;0;3;8f4cdfd9-c6a5-4abe-9c92-0d36fb7e13b7;2025-05-09 12:29:13.5771
2;-2;-1;-2;-2;-1;-1;-1;8f4cdfd9-c6a5-4abe-9c92-0d36fb7e13b7;2025-05-09 12:29:13.5861
-4;0;0;0;-1;0;1;-2;8f4cdfd9-c6a5-4abe-9c92-0d36fb7e13b7;2025-05-09 12:29:13.5861
2;-2;-1;-2;0;-2;-1;-3;8f4cdfd9-c6a5-4abe-9c92-0d36fb7e13b7;2025-05-09 12:29:13.5881
0;1;-1;0;1;1;3;4;8f4cdfd9-c6a5-4abe-9c92-0d36fb7e13b7;2025-05-09 12:29:13.5881
-5;-1;-2;1;1;0;-3;-2;8f4cdfd9-c6a5-4abe-9c92-0d36fb7e13b7;2025-05-09 12:29:13.5995
2;-2;-1;-1;-2;-2;-1;2;8f4cdfd9-c6a5-4abe-9c92-0d36fb7e13b7;2025-05-09 12:29:13.5995
-5;-2;1;0;-1;0;-3;-2;8f4cdfd9-c6a5-4abe-9c92-0d36fb7e13b7;2025-05-09 12:29:13.6085
1;0;-1;0;0;-1;-3;-9;8f4cdfd9-c6a5-4abe-9c92-0d36fb7e13b7;2025-05-09 12:29:13.6085
-4;-1;-2;0;-2;-1;2;5;8f4cdfd9-c6a5-4abe-9c92-0d36fb7e13b7;2025-05-09 12:29:13.6235
-3;0;-1;0;1;1;4;0;8f4cdfd9-c6a5-4abe-9c92-0d36fb7e13b7;2025-05-09 12:29:13.6235
-2;1;-1;0;-1;0;2;2;8f4cdfd9-c6a5-4abe-9c92-0d36fb7e13b7;2025-05-09 12:29:13.6255
2;-1;0;-3;-1;-1;5;4;8f4cdfd9-c6a5-4abe-9c92-0d36fb7e13b7;2025-05-09 12:29:13.6255
-1;-1;-1;-2;-1;0;-5;-3;8f4cdfd9-c6a5-4abe-9c92-0d36fb7e13b7;2025-05-09 12:29:13.6464
-1;0;-2;-2;-2;-2;-2;-1;8f4cdfd9-c6a5-4abe-9c92-0d36fb7e13b7;2025-05-09 12:29:13.6464
0;-1;-2;1;-3;-3;-2;-1;8f4cdfd9-c6a5-4abe-9c92-0d36fb7e13b7;2025-05-09 12:29:13.6474
3;0;-2;-2;-1;-1;0;0;8f4cdfd9-c6a5-4abe-9c92-0d36fb7e13b7;2025-05-09 12:29:13.6474
-4;-3;-1;0;-1;-1;-3;-3;8f4cdfd9-c6a5-4abe-9c92-0d36fb7e13b7;2025-05-09 12:29:13.6684
10;0;0;-2;-1;-1;-3;-2;8f4cdfd9-c6a5-4abe-9c92-0d36fb7e13b7;2025-05-09 12:29:13.6684
-1;0;-2;-1;0;-1;1;2;8f4cdfd9-c6a5-4abe-9c92-0d36fb7e13b7;2025-05-09 12:29:13.6704
-4;-4;0;1;1;0;-1;-4;8f4cdfd9-c6a5-4abe-9c92-0d36fb7e13b7;2025-05-09 12:29:13.6704
-5;-2;0;-1;-1;-3;-5;-6;8f4cdfd9-c6a5-4abe-9c92-0d36fb7e13b7;2025-05-09 12:29:13.6823
10;1;-1;-1;1;1;4;9;8f4cdfd9-c6a5-4abe-9c92-0d36fb7e13b7;2025-05-09 12:29:13.6823
7;-2;1;-1;-2;0;-2;0;8f4cdfd9-c6a5-4abe-9c92-0d36fb7e13b7;2025-05-09 12:29:13.6988
-13;-3;-2;0;0;0;2;-3;8f4cdfd9-c6a5-4abe-9c92-0d36fb7e13b7;2025-05-09 12:29:13.6988
1;-1;0;-1;-1;-1;-2;-2;8f4cdfd9-c6a5-4abe-9c92-0d36fb7e13b7;2025-05-09 12:29:13.7137
-8;-2;-2;0;0;-2;-2;-5;8f4cdfd9-c6a5-4abe-9c92-0d36fb7e13b7;2025-05-09 12:29:13.7147
1;1;-1;-2;0;-2;1;-1;8f4cdfd9-c6a5-4abe-9c92-0d36fb7e13b7;2025-05-09 12:29:13.7157
3;1;-2;-2;-1;-1;-1;2;8f4cdfd9-c6a5-4abe-9c92-0d36fb7e13b7;2025-05-09 12:29:13.7157
-1;-1;0;0;-2;-2;-1;-1;8f4cdfd9-c6a5-4abe-9c92-0d36fb7e13b7;2025-05-09 12:29:13.7197
-7;-2;-2;-1;1;-1;-2;-3;8f4cdfd9-c6a5-4abe-9c92-0d36fb7e13b7;2025-05-09 12:29:13.7197
-4;-3;-1;-1;-1;-1;-2;-1;8f4cdfd9-c6a5-4abe-9c92-0d36fb7e13b7;2025-05-09 12:29:13.7437
4;0;0;0;-1;-2;-2;1;8f4cdfd9-c6a5-4abe-9c92-0d36fb7e13b7;2025-05-09 12:29:13.7437
-2;-1;-1;1;-1;0;2;-1;8f4cdfd9-c6a5-4abe-9c92-0d36fb7e13b7;2025-05-09 12:29:13.7447
-1;-1;-3;-1;-2;-1;-2;1;8f4cdfd9-c6a5-4abe-9c92-0d36fb7e13b7;2025-05-09 12:29:13.7447
-1;0;-2;0;-1;0;-4;-3;8f4cdfd9-c6a5-4abe-9c92-0d36fb7e13b7;2025-05-09 12:29:13.7576
2;1;0;-2;-1;-1;5;3;8f4cdfd9-c6a5-4abe-9c92-0d36fb7e13b7;2025-05-09 12:29:13.7576
-1;0;-2;-2;-1;-1;-1;0;8f4cdfd9-c6a5-4abe-9c92-0d36fb7e13b7;2025-05-09 12:29:13.7656
-3;0;-1;-2;-3;-1;-2;-1;8f4cdfd9-c6a5-4abe-9c92-0d36fb7e13b7;2025-05-09 12:29:13.7666
-3;0;-1;-1;-1;-2;-1;-1;8f4cdfd9-c6a5-4abe-9c92-0d36fb7e13b7;2025-05-09 12:29:13.7676
5;-1;-1;-1;-1;-2;-2;-1;8f4cdfd9-c6a5-4abe-9c92-0d36fb7e13b7;2025-05-09 12:29:13.7676
1;0;-2;-1;-1;1;0;0;8f4cdfd9-c6a5-4abe-9c92-0d36fb7e13b7;2025-05-09 12:29:13.7796
-2;-1;-1;-1;-2;-1;-1;-2;8f4cdfd9-c6a5-4abe-9c92-0d36fb7e13b7;2025-05-09 12:29:13.7796
5;0;0;-2;-1;-1;-1;2;8f4cdfd9-c6a5-4abe-9c92-0d36fb7e13b7;2025-05-09 12:29:13.8050
-22;-3;-1;0;-1;-1;-2;-3;8f4cdfd9-c6a5-4abe-9c92-0d36fb7e13b7;2025-05-09 12:29:13.8050
1;0;-1;-1;0;0;0;-2;8f4cdfd9-c6a5-4abe-9c92-0d36fb7e13b7;2025-05-09 12:29:13.8050
-1;-5;2;0;0;0;-1;-3;8f4cdfd9-c6a5-4abe-9c92-0d36fb7e13b7;2025-05-09 12:29:13.8060
-4;0;-2;-3;-1;1;1;0;8f4cdfd9-c6a5-4abe-9c92-0d36fb7e13b7;2025-05-09 12:29:13.8279
4;2;-2;-2;-2;0;-6;-2;8f4cdfd9-c6a5-4abe-9c92-0d36fb7e13b7;2025-05-09 12:29:13.8279
0;-3;0;0;-1;-1;4;4;8f4cdfd9-c6a5-4abe-9c92-0d36fb7e13b7;2025-05-09 12:29:13.8289
-9;-1;-1;0;1;0;0;-1;8f4cdfd9-c6a5-4abe-9c92-0d36fb7e13b7;2025-05-09 12:29:13.8289
10;-3;-1;-1;-1;-1;-2;-2;8f4cdfd9-c6a5-4abe-9c92-0d36fb7e13b7;2025-05-09 12:29:13.8319
1;-2;-1;-1;-1;-1;0;-1;8f4cdfd9-c6a5-4abe-9c92-0d36fb7e13b7;2025-05-09 12:29:13.8319
-2;-2;-2;-2;-2;-1;-6;-6;8f4cdfd9-c6a5-4abe-9c92-0d36fb7e13b7;2025-05-09 12:29:13.8399
5;2;-1;0;0;-2;1;4;8f4cdfd9-c6a5-4abe-9c92-0d36fb7e13b7;2025-05-09 12:29:13.8399
-5;-2;-1;-1;1;0;-1;-4;8f4cdfd9-c6a5-4abe-9c92-0d36fb7e13b7;2025-05-09 12:29:13.8489
3;1;-1;1;1;-1;8;7;8f4cdfd9-c6a5-4abe-9c92-0d36fb7e13b7;2025-05-09 12:29:13.8489
-1;-1;-1;-1;-1;0;-3;-1;8f4cdfd9-c6a5-4abe-9c92-0d36fb7e13b7;2025-05-09 12:29:13.8639
-3;-1;-3;-1;-2;-2;0;1;8f4cdfd9-c6a5-4abe-9c92-0d36fb7e13b7;2025-05-09 12:29:13.8639
-4;-1;-1;-3;-1;-1;-3;-4;8f4cdfd9-c6a5-4abe-9c92-0d36fb7e13b7;2025-05-09 12:29:13.8649
0;-2;0;-2;-1;0;-4;-2;8f4cdfd9-c6a5-4abe-9c92-0d36fb7e13b7;2025-05-09 12:29:13.8649
-3;0;-2;0;1;0;2;0;8f4cdfd9-c6a5-4abe-9c92-0d36fb7e13b7;2025-05-09 12:29:13.8858
0;-1;-1;0;1;-1;-6;-5;8f4cdfd9-c6a5-4abe-9c92-0d36fb7e13b7;2025-05-09 12:29:13.8858
-2;0;-1;0;-1;-1;1;2;8f4cdfd9-c6a5-4abe-9c92-0d36fb7e13b7;2025-05-09 12:29:13.8878
3;-1;0;0;-2;-1;-1;0;8f4cdfd9-c6a5-4abe-9c92-0d36fb7e13b7;2025-05-09 12:29:13.8878
7;-1;0;-1;0;-1;1;4;8f4cdfd9-c6a5-4abe-9c92-0d36fb7e13b7;2025-05-09 12:29:13.9008
-15;-1;-1;-4;-2;-1;-3;-8;8f4cdfd9-c6a5-4abe-9c92-0d36fb7e13b7;2025-05-09 12:29:13.9008
-3;-1;-2;0;1;-2;-1;0;8f4cdfd9-c6a5-4abe-9c92-0d36fb7e13b7;2025-05-09 12:29:13.9157
2;0;0;1;0;-1;2;3;8f4cdfd9-c6a5-4abe-9c92-0d36fb7e13b7;2025-05-09 12:29:13.9157
-4;-1;-2;-1;-1;-1;-3;-3;8f4cdfd9-c6a5-4abe-9c92-0d36fb7e13b7;2025-05-09 12:29:13.9232
12;0;-1;-1;-1;0;0;2;8f4cdfd9-c6a5-4abe-9c92-0d36fb7e13b7;2025-05-09 12:29:13.9232
-3;-8;1;-1;1;-1;0;-2;8f4cdfd9-c6a5-4abe-9c92-0d36fb7e13b7;2025-05-09 12:29:13.9302
-4;1;-1;-2;-2;1;-3;-3;8f4cdfd9-c6a5-4abe-9c92-0d36fb7e13b7;2025-05-09 12:29:13.9302
8;-1;-1;-1;-2;-2;-1;0;8f4cdfd9-c6a5-4abe-9c92-0d36fb7e13b7;2025-05-09 12:29:13.9471
-3;-2;-1;-2;-1;-1;1;1;8f4cdfd9-c6a5-4abe-9c92-0d36fb7e13b7;2025-05-09 12:29:13.9471
-5;0;-2;-1;-2;0;0;1;8f4cdfd9-c6a5-4abe-9c92-0d36fb7e13b7;2025-05-09 12:29:13.9481
5;-1;-2;0;0;-1;-8;-3;8f4cdfd9-c6a5-4abe-9c92-0d36fb7e13b7;2025-05-09 12:29:13.9481
-4;0;2;-3;-1;0;4;1;8f4cdfd9-c6a5-4abe-9c92-0d36fb7e13b7;2025-05-09 12:29:13.9751
0;0;-1;1;1;1;-1;0;8f4cdfd9-c6a5-4abe-9c92-0d36fb7e13b7;2025-05-09 12:29:13.9751
-4;2;-2;0;-1;0;-1;-1;8f4cdfd9-c6a5-4abe-9c92-0d36fb7e13b7;2025-05-09 12:29:14.0130
-1;-2;-3;-1;0;0;1;-3;8f4cdfd9-c6a5-4abe-9c92-0d36fb7e13b7;2025-05-09 12:29:14.0130
-3;0;-3;-3;0;-3;0;1;8f4cdfd9-c6a5-4abe-9c92-0d36fb7e13b7;2025-05-09 12:29:14.0449
3;-1;0;-1;-1;-2;-1;0;8f4cdfd9-c6a5-4abe-9c92-0d36fb7e13b7;2025-05-09 12:29:14.0449
-7;-1;0;0;-1;-1;-5;-10;8f4cdfd9-c6a5-4abe-9c92-0d36fb7e13b7;2025-05-09 12:29:14.0459
1;0;-2;-1;-1;-1;7;6;8f4cdfd9-c6a5-4abe-9c92-0d36fb7e13b7;2025-05-09 12:29:14.0459
0;-1;-1;0;0;-2;-2;-4;8f4cdfd9-c6a5-4abe-9c92-0d36fb7e13b7;2025-05-09 12:29:14.0648
-4;-2;-1;0;1;-2;0;0;8f4cdfd9-c6a5-4abe-9c92-0d36fb7e13b7;2025-05-09 12:29:14.0648
-8;-1;0;-1;0;1;-2;-3;8f4cdfd9-c6a5-4abe-9c92-0d36fb7e13b7;2025-05-09 12:29:14.0888
5;0;-3;-1;-2;0;-2;-1;8f4cdfd9-c6a5-4abe-9c92-0d36fb7e13b7;2025-05-09 12:29:14.0888
-5;0;-1;-2;0;0;-1;-1;8f4cdfd9-c6a5-4abe-9c92-0d36fb7e13b7;2025-05-09 12:29:14.0908
8;0;-1;0;-1;0;-2;3;8f4cdfd9-c6a5-4abe-9c92-0d36fb7e13b7;2025-05-09 12:29:14.0908
-23;-3;-1;1;-2;-2;-1;-4;8f4cdfd9-c6a5-4abe-9c92-0d36fb7e13b7;2025-05-09 12:29:14.1022
7;-1;0;-2;-2;-1;-2;-1;8f4cdfd9-c6a5-4abe-9c92-0d36fb7e13b7;2025-05-09 12:29:14.1032
-1;0;0;0;0;-1;-1;-2;8f4cdfd9-c6a5-4abe-9c92-0d36fb7e13b7;2025-05-09 12:29:14.1172
-8;0;0;0;-2;-2;0;-1;8f4cdfd9-c6a5-4abe-9c92-0d36fb7e13b7;2025-05-09 12:29:14.1182
7;1;0;-4;-1;0;1;1;8f4cdfd9-c6a5-4abe-9c92-0d36fb7e13b7;2025-05-09 12:29:14.1322
2;-1;-1;-1;0;-2;-1;-3;8f4cdfd9-c6a5-4abe-9c92-0d36fb7e13b7;2025-05-09 12:29:14.1322
-3;-6;1;0;-1;-1;-1;-1;8f4cdfd9-c6a5-4abe-9c92-0d36fb7e13b7;2025-05-09 12:29:14.1481
0;-1;-1;-1;-1;-1;-13;-11;8f4cdfd9-c6a5-4abe-9c92-0d36fb7e13b7;2025-05-09 12:29:14.1481
3;-1;0;1;2;0;13;14;8f4cdfd9-c6a5-4abe-9c92-0d36fb7e13b7;2025-05-09 12:29:14.1621
-2;0;-1;-1;0;-2;-3;-1;8f4cdfd9-c6a5-4abe-9c92-0d36fb7e13b7;2025-05-09 12:29:14.1631
3;1;-1;-3;-3;0;0;2;8f4cdfd9-c6a5-4abe-9c92-0d36fb7e13b7;2025-05-09 12:29:14.1780
-2;0;-1;-1;0;-1;0;-1;8f4cdfd9-c6a5-4abe-9c92-0d36fb7e13b7;2025-05-09 12:29:14.1780
-1;-1;-1;0;-1;-2;-7;-4;8f4cdfd9-c6a5-4abe-9c92-0d36fb7e13b7;2025-05-09 12:29:14.1850
1;-1;0;-1;1;-1;0;0;8f4cdfd9-c6a5-4abe-9c92-0d36fb7e13b7;2025-05-09 12:29:14.1850
2;1;-2;0;-1;1;-1;0;8f4cdfd9-c6a5-4abe-9c92-0d36fb7e13b7;2025-05-09 12:29:14.1930
-5;-2;-1;-1;0;0;1;1;8f4cdfd9-c6a5-4abe-9c92-0d36fb7e13b7;2025-05-09 12:29:14.1930
0;0;-1;-1;-2;-1;-3;-4;8f4cdfd9-c6a5-4abe-9c92-0d36fb7e13b7;2025-05-09 12:29:14.2005
-1;0;-1;1;0;0;1;1;8f4cdfd9-c6a5-4abe-9c92-0d36fb7e13b7;2025-05-09 12:29:14.2005
-4;-1;0;-1;1;-1;0;-1;8f4cdfd9-c6a5-4abe-9c92-0d36fb7e13b7;2025-05-09 12:29:14.2174
2;-7;1;-1;-1;-1;4;1;8f4cdfd9-c6a5-4abe-9c92-0d36fb7e13b7;2025-05-09 12:29:14.2174
-4;-2;0;2;-2;0;0;-2;8f4cdfd9-c6a5-4abe-9c92-0d36fb7e13b7;2025-05-09 12:29:14.2244
9;2;0;-1;-1;0;0;4;8f4cdfd9-c6a5-4abe-9c92-0d36fb7e13b7;2025-05-09 12:29:14.2244
-6;-3;1;-1;-2;-1;-1;-4;8f4cdfd9-c6a5-4abe-9c92-0d36fb7e13b7;2025-05-09 12:29:14.2244
3;-3;-1;-1;-1;1;-1;-1;8f4cdfd9-c6a5-4abe-9c92-0d36fb7e13b7;2025-05-09 12:29:14.2244
-5;-1;-1;0;0;0;1;1;8f4cdfd9-c6a5-4abe-9c92-0d36fb7e13b7;2025-05-09 12:29:14.2543
6;0;0;1;-3;-2;0;-1;8f4cdfd9-c6a5-4abe-9c92-0d36fb7e13b7;2025-05-09 12:29:14.2553
3;1;0;1;-1;-1;-2;-2;8f4cdfd9-c6a5-4abe-9c92-0d36fb7e13b7;2025-05-09 12:29:14.2553
-12;-1;0;1;-1;-1;-1;1;8f4cdfd9-c6a5-4abe-9c92-0d36fb7e13b7;2025-05-09 12:29:14.2553
9;-2;-2;-1;-2;-2;-5;-3;8f4cdfd9-c6a5-4abe-9c92-0d36fb7e13b7;2025-05-09 12:29:14.2573
-4;-1;-1;-1;0;0;-3;0;8f4cdfd9-c6a5-4abe-9c92-0d36fb7e13b7;2025-05-09 12:29:14.2573
1;-3;0;-1;-1;1;5;1;8f4cdfd9-c6a5-4abe-9c92-0d36fb7e13b7;2025-05-09 12:29:14.2693
-2;1;-1;-1;-2;-2;-1;-1;8f4cdfd9-c6a5-4abe-9c92-0d36fb7e13b7;2025-05-09 12:29:14.2693
-7;-2;-1;-1;0;-1;0;1;8f4cdfd9-c6a5-4abe-9c92-0d36fb7e13b7;2025-05-09 12:29:14.2763
2;0;-1;0;-2;-2;-2;-1;8f4cdfd9-c6a5-4abe-9c92-0d36fb7e13b7;2025-05-09 12:29:14.2763
1;0;-1;0;-1;-1;-2;-1;8f4cdfd9-c6a5-4abe-9c92-0d36fb7e13b7;2025-05-09 12:29:14.2763
5;5;-4;-3;-1;-3;-2;0;8f4cdfd9-c6a5-4abe-9c92-0d36fb7e13b7;2025-05-09 12:29:14.2773
-4;0;0;-2;0;-2;-2;-2;8f4cdfd9-c6a5-4abe-9c92-0d36fb7e13b7;2025-05-09 12:29:14.2908
1;1;-3;-2;-3;-1;1;-1;8f4cdfd9-c6a5-4abe-9c92-0d36fb7e13b7;2025-05-09 12:29:14.2908
-1;-2;-1;0;0;0;-2;-1;8f4cdfd9-c6a5-4abe-9c92-0d36fb7e13b7;2025-05-09 12:29:14.2918
7;-1;-2;-2;0;1;1;0;8f4cdfd9-c6a5-4abe-9c92-0d36fb7e13b7;2025-05-09 12:29:14.2918
-24;0;-1;0;0;-1;-4;-4;8f4cdfd9-c6a5-4abe-9c92-0d36fb7e13b7;2025-05-09 12:29:14.3128
-1;-1;0;0;0;0;-1;1;8f4cdfd9-c6a5-4abe-9c92-0d36fb7e13b7;2025-05-09 12:29:14.3128
2;2;-2;0;-2;-2;1;1;8f4cdfd9-c6a5-4abe-9c92-0d36fb7e13b7;2025-05-09 12:29:14.3207
-6;-2;1;-1;0;-2;-5;-3;8f4cdfd9-c6a5-4abe-9c92-0d36fb7e13b7;2025-05-09 12:29:14.3207
9;-1;-1;1;-1;-1;7;6;8f4cdfd9-c6a5-4abe-9c92-0d36fb7e13b7;2025-05-09 12:29:14.3357
1;-1;0;-2;-1;0;1;-2;8f4cdfd9-c6a5-4abe-9c92-0d36fb7e13b7;2025-05-09 12:29:14.3357
3;-2;0;-2;-2;-1;-3;-1;8f4cdfd9-c6a5-4abe-9c92-0d36fb7e13b7;2025-05-09 12:29:14.3367
-8;-4;0;-1;-1;-2;-5;-9;8f4cdfd9-c6a5-4abe-9c92-0d36fb7e13b7;2025-05-09 12:29:14.3367
12;2;0;-1;-2;-1;2;3;8f4cdfd9-c6a5-4abe-9c92-0d36fb7e13b7;2025-05-09 12:29:14.3826
-4;-4;0;0;-1;1;-1;-1;8f4cdfd9-c6a5-4abe-9c92-0d36fb7e13b7;2025-05-09 12:29:14.3826
-1;-2;0;-1;0;-1;-3;-1;8f4cdfd9-c6a5-4abe-9c92-0d36fb7e13b7;2025-05-09 12:29:14.3826
3;-1;0;-2;-1;-1;0;-1;8f4cdfd9-c6a5-4abe-9c92-0d36fb7e13b7;2025-05-09 12:29:14.3836
-1;1;-2;-1;1;-1;-4;-2;8f4cdfd9-c6a5-4abe-9c92-0d36fb7e13b7;2025-05-09 12:29:14.4030
-1;1;-2;0;-1;1;0;-1;8f4cdfd9-c6a5-4abe-9c92-0d36fb7e13b7;2025-05-09 12:29:14.4030
2;-2;-1;-1;0;0;-3;-2;8f4cdfd9-c6a5-4abe-9c92-0d36fb7e13b7;2025-05-09 12:29:14.4110
1;-3;2;-1;-2;0;3;4;8f4cdfd9-c6a5-4abe-9c92-0d36fb7e13b7;2025-05-09 12:29:14.4120
-4;-1;-4;-1;-1;-2;-2;-1;8f4cdfd9-c6a5-4abe-9c92-0d36fb7e13b7;2025-05-09 12:29:14.4120
13;1;0;-1;-1;0;3;1;8f4cdfd9-c6a5-4abe-9c92-0d36fb7e13b7;2025-05-09 12:29:14.4120
-5;0;-2;0;-1;0;-3;-3;8f4cdfd9-c6a5-4abe-9c92-0d36fb7e13b7;2025-05-09 12:29:14.4130
1;-1;-1;1;-3;0;1;0;8f4cdfd9-c6a5-4abe-9c92-0d36fb7e13b7;2025-05-09 12:29:14.4130
-2;1;0;-1;-1;0;0;0;8f4cdfd9-c6a5-4abe-9c92-0d36fb7e13b7;2025-05-09 12:29:14.4359
9;1;0;1;-1;-1;-3;0;8f4cdfd9-c6a5-4abe-9c92-0d36fb7e13b7;2025-05-09 12:29:14.4359
-4;-1;-1;-1;1;-1;-8;-5;8f4cdfd9-c6a5-4abe-9c92-0d36fb7e13b7;2025-05-09 12:29:14.4369
0;-2;-1;0;-2;-1;6;2;8f4cdfd9-c6a5-4abe-9c92-0d36fb7e13b7;2025-05-09 12:29:14.4369
1;1;-2;0;-2;0;-1;-1;8f4cdfd9-c6a5-4abe-9c92-0d36fb7e13b7;2025-05-09 12:29:14.4369
-8;-4;2;0;0;-1;-2;-2;8f4cdfd9-c6a5-4abe-9c92-0d36fb7e13b7;2025-05-09 12:29:14.4369
2;-1;1;-1;0;-1;-18;-24;8f4cdfd9-c6a5-4abe-9c92-0d36fb7e13b7;2025-05-09 12:29:14.4399
-31;-3;-3;-1;-1;-2;18;23;8f4cdfd9-c6a5-4abe-9c92-0d36fb7e13b7;2025-05-09 12:29:14.4399
1;-1;0;-1;1;-1;-5;0;8f4cdfd9-c6a5-4abe-9c92-0d36fb7e13b7;2025-05-09 12:29:14.4559
-5;1;-2;-1;-1;-1;7;5;8f4cdfd9-c6a5-4abe-9c92-0d36fb7e13b7;2025-05-09 12:29:14.4559
-1;-1;-1;-1;-1;0;-2;-1;8f4cdfd9-c6a5-4abe-9c92-0d36fb7e13b7;2025-05-09 12:29:14.4569
9;-2;0;0;0;-1;-11;-13;8f4cdfd9-c6a5-4abe-9c92-0d36fb7e13b7;2025-05-09 12:29:14.4569
-2;-4;-1;-1;-2;-1;1;-1;8f4cdfd9-c6a5-4abe-9c92-0d36fb7e13b7;2025-05-09 12:29:14.4629
-5;1;0;1;-1;0;-4;-2;8f4cdfd9-c6a5-4abe-9c92-0d36fb7e13b7;2025-05-09 12:29:14.4629
-2;-2;-1;-2;0;-3;3;3;8f4cdfd9-c6a5-4abe-9c92-0d36fb7e13b7;2025-05-09 12:29:14.4779
5;1;-3;-1;2;-1;-3;-4;8f4cdfd9-c6a5-4abe-9c92-0d36fb7e13b7;2025-05-09 12:29:14.4779
-4;-1;-2;-2;-1;-2;3;2;8f4cdfd9-c6a5-4abe-9c92-0d36fb7e13b7;2025-05-09 12:29:14.4858
2;0;-3;-3;-3;-1;-5;-5;8f4cdfd9-c6a5-4abe-9c92-0d36fb7e13b7;2025-05-09 12:29:14.4858
-3;1;-3;-1;-1;-2;5;5;8f4cdfd9-c6a5-4abe-9c92-0d36fb7e13b7;2025-05-09 12:29:14.4858
5;1;0;1;0;0;-1;1;8f4cdfd9-c6a5-4abe-9c92-0d36fb7e13b7;2025-05-09 12:29:14.4858
-1;-2;0;0;-1;-1;-3;-4;8f4cdfd9-c6a5-4abe-9c92-0d36fb7e13b7;2025-05-09 12:29:14.5252
-4;-2;-1;-2;-1;-1;-2;-1;8f4cdfd9-c6a5-4abe-9c92-0d36fb7e13b7;2025-05-09 12:29:14.5252
-1;0;0;-1;0;0;6;6;8f4cdfd9-c6a5-4abe-9c92-0d36fb7e13b7;2025-05-09 12:29:14.5252
2;0;-1;0;-1;-1;-5;-2;8f4cdfd9-c6a5-4abe-9c92-0d36fb7e13b7;2025-05-09 12:29:14.5262
0;-3;-2;-2;-1;-1;-1;-7;8f4cdfd9-c6a5-4abe-9c92-0d36fb7e13b7;2025-05-09 12:29:14.5272
-2;-1;-1;1;-1;-2;-1;-1;8f4cdfd9-c6a5-4abe-9c92-0d36fb7e13b7;2025-05-09 12:29:14.5272
-1;-1;0;-2;-2;0;5;7;8f4cdfd9-c6a5-4abe-9c92-0d36fb7e13b7;2025-05-09 12:29:14.5302
6;-1;0;-2;-1;-1;-3;-5;8f4cdfd9-c6a5-4abe-9c92-0d36fb7e13b7;2025-05-09 12:29:14.5302
-5;-2;-2;-3;-1;-1;-2;-3;8f4cdfd9-c6a5-4abe-9c92-0d36fb7e13b7;2025-05-09 12:29:14.5452
-3;3;-3;-3;1;-1;1;1;8f4cdfd9-c6a5-4abe-9c92-0d36fb7e13b7;2025-05-09 12:29:14.5452
-1;-1;1;-1;0;-2;-5;-6;8f4cdfd9-c6a5-4abe-9c92-0d36fb7e13b7;2025-05-09 12:29:14.5462
-2;-3;1;1;0;-1;1;1;8f4cdfd9-c6a5-4abe-9c92-0d36fb7e13b7;2025-05-09 12:29:14.5462
-3;0;-1;-1;0;0;-1;2;8f4cdfd9-c6a5-4abe-9c92-0d36fb7e13b7;2025-05-09 12:29:14.5677
6;-2;-1;-1;-1;-2;0;2;8f4cdfd9-c6a5-4abe-9c92-0d36fb7e13b7;2025-05-09 12:29:14.5677
-14;-1;0;0;0;-1;-9;-9;8f4cdfd9-c6a5-4abe-9c92-0d36fb7e13b7;2025-05-09 12:29:14.5687
2;0;-2;-2;-2;-1;3;3;8f4cdfd9-c6a5-4abe-9c92-0d36fb7e13b7;2025-05-09 12:29:14.5687
-1;0;-1;1;-3;-1;1;-2;8f4cdfd9-c6a5-4abe-9c92-0d36fb7e13b7;2025-05-09 12:29:14.5986
3;-1;0;0;1;0;0;1;8f4cdfd9-c6a5-4abe-9c92-0d36fb7e13b7;2025-05-09 12:29:14.5986
4;-1;-1;-2;-1;-1;1;3;8f4cdfd9-c6a5-4abe-9c92-0d36fb7e13b7;2025-05-09 12:29:14.5996
-7;-3;-1;-1;-1;-2;-7;-7;8f4cdfd9-c6a5-4abe-9c92-0d36fb7e13b7;2025-05-09 12:29:14.5996
15;1;0;-3;-2;-2;0;0;8f4cdfd9-c6a5-4abe-9c92-0d36fb7e13b7;2025-05-09 12:29:14.6136
-2;0;-2;1;0;0;-1;1;8f4cdfd9-c6a5-4abe-9c92-0d36fb7e13b7;2025-05-09 12:29:14.6136
2;-1;-1;0;-2;0;4;4;8f4cdfd9-c6a5-4abe-9c92-0d36fb7e13b7;2025-05-09 12:29:14.6146
0;0;-1;0;-1;0;-2;-1;8f4cdfd9-c6a5-4abe-9c92-0d36fb7e13b7;2025-05-09 12:29:14.6146
-2;-2;0;-1;0;1;-3;-1;8f4cdfd9-c6a5-4abe-9c92-0d36fb7e13b7;2025-05-09 12:29:14.6575
-5;-1;-1;-1;-1;-1;-1;-3;8f4cdfd9-c6a5-4abe-9c92-0d36fb7e13b7;2025-05-09 12:29:14.6575
2;1;-1;0;0;-1;0;3;8f4cdfd9-c6a5-4abe-9c92-0d36fb7e13b7;2025-05-09 12:29:14.6675
4;1;0;2;0;-2;-1;-1;8f4cdfd9-c6a5-4abe-9c92-0d36fb7e13b7;2025-05-09 12:29:14.6675
-4;0;-1;-1;-1;-1;-1;0;8f4cdfd9-c6a5-4abe-9c92-0d36fb7e13b7;2025-05-09 12:29:14.6694
-1;-2;0;-3;-1;1;0;-2;8f4cdfd9-c6a5-4abe-9c92-0d36fb7e13b7;2025-05-09 12:29:14.6694
-5;2;-3;-3;0;0;1;0;8f4cdfd9-c6a5-4abe-9c92-0d36fb7e13b7;2025-05-09 12:29:14.6694
3;0;-1;0;-1;-1;-2;-3;8f4cdfd9-c6a5-4abe-9c92-0d36fb7e13b7;2025-05-09 12:29:14.6694
-2;-2;-1;1;1;0;0;0;8f4cdfd9-c6a5-4abe-9c92-0d36fb7e13b7;2025-05-09 12:29:14.6804
-4;-1;0;-2;-2;-3;-3;-2;8f4cdfd9-c6a5-4abe-9c92-0d36fb7e13b7;2025-05-09 12:29:14.6804
-10;-1;-1;1;-1;-3;-3;-2;8f4cdfd9-c6a5-4abe-9c92-0d36fb7e13b7;2025-05-09 12:29:14.6874
1;0;-2;-1;1;-2;2;-1;8f4cdfd9-c6a5-4abe-9c92-0d36fb7e13b7;2025-05-09 12:29:14.6884
2;-3;-1;0;0;0;0;-2;8f4cdfd9-c6a5-4abe-9c92-0d36fb7e13b7;2025-05-09 12:29:14.6884
5;-1;-2;-1;-2;-1;-1;3;8f4cdfd9-c6a5-4abe-9c92-0d36fb7e13b7;2025-05-09 12:29:14.6884
-7;-2;-1;-1;-2;0;-3;-2;8f4cdfd9-c6a5-4abe-9c92-0d36fb7e13b7;2025-05-09 12:29:14.7128
5;-3;-2;0;-3;-1;-3;-3;8f4cdfd9-c6a5-4abe-9c92-0d36fb7e13b7;2025-05-09 12:29:14.7128
6;1;-1;-1;-2;-2;-2;1;8f4cdfd9-c6a5-4abe-9c92-0d36fb7e13b7;2025-05-09 12:29:14.7128
-20;-2;-2;-3;1;2;0;-2;8f4cdfd9-c6a5-4abe-9c92-0d36fb7e13b7;2025-05-09 12:29:14.7138
5;-2;-1;-2;-1;-2;0;-6;8f4cdfd9-c6a5-4abe-9c92-0d36fb7e13b7;2025-05-09 12:29:14.7338
-1;-1;0;-2;-2;-2;-1;6;8f4cdfd9-c6a5-4abe-9c92-0d36fb7e13b7;2025-05-09 12:29:14.7338
3;-4;-3;-1;-1;1;-1;0;8f4cdfd9-c6a5-4abe-9c92-0d36fb7e13b7;2025-05-09 12:29:14.7338
2;0;-1;-1;-2;0;-2;-3;8f4cdfd9-c6a5-4abe-9c92-0d36fb7e13b7;2025-05-09 12:29:14.7348
-3;-1;0;0;1;0;0;-1;8f4cdfd9-c6a5-4abe-9c92-0d36fb7e13b7;2025-05-09 12:29:14.7557
-1;-7;3;-1;-1;-2;0;-1;8f4cdfd9-c6a5-4abe-9c92-0d36fb7e13b7;2025-05-09 12:29:14.7557
-1;-2;0;0;-1;0;-1;-3;8f4cdfd9-c6a5-4abe-9c92-0d36fb7e13b7;2025-05-09 12:29:14.7567
-5;-1;-1;-1;-1;-2;-1;-1;8f4cdfd9-c6a5-4abe-9c92-0d36fb7e13b7;2025-05-09 12:29:14.7567
3;-2;0;-3;-1;0;0;-1;8f4cdfd9-c6a5-4abe-9c92-0d36fb7e13b7;2025-05-09 12:29:14.7617
-1;0;-1;1;-1;-2;-2;-1;8f4cdfd9-c6a5-4abe-9c92-0d36fb7e13b7;2025-05-09 12:29:14.7627
-3;0;0;0;-1;-2;1;0;8f4cdfd9-c6a5-4abe-9c92-0d36fb7e13b7;2025-05-09 12:29:14.7707
-2;-2;0;-2;-1;-1;-2;-2;8f4cdfd9-c6a5-4abe-9c92-0d36fb7e13b7;2025-05-09 12:29:14.7707
0;1;-1;0;-2;-1;0;1;8f4cdfd9-c6a5-4abe-9c92-0d36fb7e13b7;2025-05-09 12:29:14.7926
-6;1;-1;-2;0;-1;-4;-1;8f4cdfd9-c6a5-4abe-9c92-0d36fb7e13b7;2025-05-09 12:29:14.7926
-2;0;0;-2;-1;0;0;-1;8f4cdfd9-c6a5-4abe-9c92-0d36fb7e13b7;2025-05-09 12:29:14.8081
0;2;0;-1;0;-1;-3;-3;8f4cdfd9-c6a5-4abe-9c92-0d36fb7e13b7;2025-05-09 12:29:14.8081
-3;-1;-3;-2;-2;-1;-6;-2;8f4cdfd9-c6a5-4abe-9c92-0d36fb7e13b7;2025-05-09 12:29:14.8240
-1;0;-1;0;0;0;7;5;8f4cdfd9-c6a5-4abe-9c92-0d36fb7e13b7;2025-05-09 12:29:14.8240
1;-3;0;0;0;0;-1;0;8f4cdfd9-c6a5-4abe-9c92-0d36fb7e13b7;2025-05-09 12:29:14.8320
2;0;-1;-3;-3;-1;-2;0;8f4cdfd9-c6a5-4abe-9c92-0d36fb7e13b7;2025-05-09 12:29:14.8320
-1;-1;-2;-3;0;-1;-1;1;8f4cdfd9-c6a5-4abe-9c92-0d36fb7e13b7;2025-05-09 12:29:14.8340
-1;0;-1;0;1;-1;-1;-3;8f4cdfd9-c6a5-4abe-9c92-0d36fb7e13b7;2025-05-09 12:29:14.8340
-3;0;0;-1;-1;-2;-1;-2;8f4cdfd9-c6a5-4abe-9c92-0d36fb7e13b7;2025-05-09 12:29:14.8350
6;0;0;0;0;0;4;5;8f4cdfd9-c6a5-4abe-9c92-0d36fb7e13b7;2025-05-09 12:29:14.8350
-1;0;1;1;-1;0;-1;-1;8f4cdfd9-c6a5-4abe-9c92-0d36fb7e13b7;2025-05-09 12:29:14.8540
3;-4;-1;-3;-2;-1;-2;0;8f4cdfd9-c6a5-4abe-9c92-0d36fb7e13b7;2025-05-09 12:29:14.8540
-16;-1;-1;1;-3;-1;-1;-5;8f4cdfd9-c6a5-4abe-9c92-0d36fb7e13b7;2025-05-09 12:29:14.8540
-2;0;0;-2;-1;-1;-3;-1;8f4cdfd9-c6a5-4abe-9c92-0d36fb7e13b7;2025-05-09 12:29:14.8540
2;-4;-1;0;-1;-2;3;3;8f4cdfd9-c6a5-4abe-9c92-0d36fb7e13b7;2025-05-09 12:29:14.8674
-1;2;0;-1;-1;-1;-2;-2;8f4cdfd9-c6a5-4abe-9c92-0d36fb7e13b7;2025-05-09 12:29:14.8674
3;-2;0;-1;-1;0;0;1;8f4cdfd9-c6a5-4abe-9c92-0d36fb7e13b7;2025-05-09 12:29:14.8754
-4;-2;-1;-1;-2;-1;-2;-1;8f4cdfd9-c6a5-4abe-9c92-0d36fb7e13b7;2025-05-09 12:29:14.8754
-2;1;-2;-2;-1;-1;1;-1;8f4cdfd9-c6a5-4abe-9c92-0d36fb7e13b7;2025-05-09 12:29:14.8979
0;0;-3;-1;-2;-1;0;-4;8f4cdfd9-c6a5-4abe-9c92-0d36fb7e13b7;2025-05-09 12:29:14.8979
-1;0;0;-2;-1;-1;0;1;8f4cdfd9-c6a5-4abe-9c92-0d36fb7e13b7;2025-05-09 12:29:14.9198
-3;0;-1;-2;-1;-1;0;-1;8f4cdfd9-c6a5-4abe-9c92-0d36fb7e13b7;2025-05-09 12:29:14.9198
1;0;0;-1;-1;-2;-1;1;8f4cdfd9-c6a5-4abe-9c92-0d36fb7e13b7;2025-05-09 12:29:14.9517
-2;-2;-1;0;0;0;-1;-1;8f4cdfd9-c6a5-4abe-9c92-0d36fb7e13b7;2025-05-09 12:29:14.9517
1;0;-1;-1;0;0;-1;1;8f4cdfd9-c6a5-4abe-9c92-0d36fb7e13b7;2025-05-09 12:29:14.9527
0;-2;-1;2;0;-2;-2;-1;8f4cdfd9-c6a5-4abe-9c92-0d36fb7e13b7;2025-05-09 12:29:14.9527
-1;-1;7;0;1;1;-2;-1;8f4cdfd9-c6a5-4abe-9c92-0d36fb7e13b7;2025-05-09 12:29:14.9577
-1;0;7;6;-1;-1;-1;-2;8f4cdfd9-c6a5-4abe-9c92-0d36fb7e13b7;2025-05-09 12:29:14.9577
0;-2;-26;-16;-5;-3;-1;-1;8f4cdfd9-c6a5-4abe-9c92-0d36fb7e13b7;2025-05-09 12:29:14.9647
-1;-3;-7;-2;1;-1;0;-2;8f4cdfd9-c6a5-4abe-9c92-0d36fb7e13b7;2025-05-09 12:29:14.9657
-1;1;0;-4;0;-1;-1;1;8f4cdfd9-c6a5-4abe-9c92-0d36fb7e13b7;2025-05-09 12:29:14.9747
-2;-2;-5;2;0;-1;-3;-2;8f4cdfd9-c6a5-4abe-9c92-0d36fb7e13b7;2025-05-09 12:29:14.9747
3;2;-6;-30;5;2;4;2;8f4cdfd9-c6a5-4abe-9c92-0d36fb7e13b7;2025-05-09 12:29:14.9747
0;11;2;-25;-9;6;1;2;8f4cdfd9-c6a5-4abe-9c92-0d36fb7e13b7;2025-05-09 12:29:14.9747
-6;-30;-42;-18;-5;-4;-3;-2;8f4cdfd9-c6a5-4abe-9c92-0d36fb7e13b7;2025-05-09 12:29:14.9757
-2;-6;5;-1;-6;-2;-3;-3;8f4cdfd9-c6a5-4abe-9c92-0d36fb7e13b7;2025-05-09 12:29:14.9757
-1;0;14;30;0;-3;-2;0;8f4cdfd9-c6a5-4abe-9c92-0d36fb7e13b7;2025-05-09 12:29:14.9876
1;2;11;4;0;-8;-2;-1;8f4cdfd9-c6a5-4abe-9c92-0d36fb7e13b7;2025-05-09 12:29:14.9876
4;7;3;-1;-4;2;0;2;8f4cdfd9-c6a5-4abe-9c92-0d36fb7e13b7;2025-05-09 12:29:14.9956
1;1;7;5;15;4;1;2;8f4cdfd9-c6a5-4abe-9c92-0d36fb7e13b7;2025-05-09 12:29:14.9956
2;1;25;20;5;-2;1;2;8f4cdfd9-c6a5-4abe-9c92-0d36fb7e13b7;2025-05-09 12:29:15.0186
-6;-5;-13;-30;-1;1;-1;-2;8f4cdfd9-c6a5-4abe-9c92-0d36fb7e13b7;2025-05-09 12:29:15.0186
-1;-5;-32;-22;-4;-1;-2;-2;8f4cdfd9-c6a5-4abe-9c92-0d36fb7e13b7;2025-05-09 12:29:15.0195
1;1;-3;-21;-2;3;1;0;8f4cdfd9-c6a5-4abe-9c92-0d36fb7e13b7;2025-05-09 12:29:15.0195
-1;9;37;45;-10;-2;-4;-3;8f4cdfd9-c6a5-4abe-9c92-0d36fb7e13b7;2025-05-09 12:29:15.0325
-1;-10;-7;15;4;-1;0;0;8f4cdfd9-c6a5-4abe-9c92-0d36fb7e13b7;2025-05-09 12:29:15.0325
2;6;26;57;6;-3;-1;1;8f4cdfd9-c6a5-4abe-9c92-0d36fb7e13b7;2025-05-09 12:29:15.0405
-5;-8;-19;7;-10;0;-1;-3;8f4cdfd9-c6a5-4abe-9c92-0d36fb7e13b7;2025-05-09 12:29:15.0405
-3;-4;-20;-64;-5;1;-1;-1;8f4cdfd9-c6a5-4abe-9c92-0d36fb7e13b7;2025-05-09 12:29:15.0574
1;5;0;-1;-3;-4;-1;0;8f4cdfd9-c6a5-4abe-9c92-0d36fb7e13b7;2025-05-09 12:29:15.0574
2;4;7;-6;7;1;0;0;8f4cdfd9-c6a5-4abe-9c92-0d36fb7e13b7;2025-05-09 12:29:15.0584
3;1;10;-3;-4;-2;1;1;8f4cdfd9-c6a5-4abe-9c92-0d36fb7e13b7;2025-05-09 12:29:15.0584
-1;-2;-13;-15;3;1;-2;0;8f4cdfd9-c6a5-4abe-9c92-0d36fb7e13b7;2025-05-09 12:29:15.0774
-3;-4;-2;30;3;0;-3;-2;8f4cdfd9-c6a5-4abe-9c92-0d36fb7e13b7;2025-05-09 12:29:15.0774
1;5;9;-11;0;1;1;-1;8f4cdfd9-c6a5-4abe-9c92-0d36fb7e13b7;2025-05-09 12:29:15.0864
-1;1;-2;17;0;1;0;-2;8f4cdfd9-c6a5-4abe-9c92-0d36fb7e13b7;2025-05-09 12:29:15.0864
-2;-6;-10;-1;-4;-2;-1;-3;8f4cdfd9-c6a5-4abe-9c92-0d36fb7e13b7;2025-05-09 12:29:15.0884
0;-2;-11;-17;-1;0;-1;-1;8f4cdfd9-c6a5-4abe-9c92-0d36fb7e13b7;2025-05-09 12:29:15.0884
0;2;14;7;0;-1;0;-1;8f4cdfd9-c6a5-4abe-9c92-0d36fb7e13b7;2025-05-09 12:29:15.0894
-1;-2;-11;1;-7;-2;-2;-1;8f4cdfd9-c6a5-4abe-9c92-0d36fb7e13b7;2025-05-09 12:29:15.0894
0;-2;-14;-12;-3;1;-1;-2;8f4cdfd9-c6a5-4abe-9c92-0d36fb7e13b7;2025-05-09 12:29:15.1078
-2;-3;9;-1;0;0;0;1;8f4cdfd9-c6a5-4abe-9c92-0d36fb7e13b7;2025-05-09 12:29:15.1078
0;4;24;9;-1;-2;-1;0;8f4cdfd9-c6a5-4abe-9c92-0d36fb7e13b7;2025-05-09 12:29:15.1318
-1;-3;-23;-11;0;0;0;0;8f4cdfd9-c6a5-4abe-9c92-0d36fb7e13b7;2025-05-09 12:29:15.1318
-1;2;-1;6;1;1;-1;-1;8f4cdfd9-c6a5-4abe-9c92-0d36fb7e13b7;2025-05-09 12:29:15.1328
-3;-7;-20;9;-2;0;-1;0;8f4cdfd9-c6a5-4abe-9c92-0d36fb7e13b7;2025-05-09 12:29:15.1328
0;0;0;-19;-1;-2;0;-1;8f4cdfd9-c6a5-4abe-9c92-0d36fb7e13b7;2025-05-09 12:29:15.1447
1;2;-3;-6;3;-8;-3;0;8f4cdfd9-c6a5-4abe-9c92-0d36fb7e13b7;2025-05-09 12:29:15.1447
-3;2;16;23;-16;0;-4;-3;8f4cdfd9-c6a5-4abe-9c92-0d36fb7e13b7;2025-05-09 12:29:15.1547
1;1;8;6;3;4;1;0;8f4cdfd9-c6a5-4abe-9c92-0d36fb7e13b7;2025-05-09 12:29:15.1547
0;1;-2;-26;-1;-1;2;2;8f4cdfd9-c6a5-4abe-9c92-0d36fb7e13b7;2025-05-09 12:29:15.1557
1;5;57;34;3;-2;1;0;8f4cdfd9-c6a5-4abe-9c92-0d36fb7e13b7;2025-05-09 12:29:15.1557
0;-15;-74;-42;-3;-2;1;0;8f4cdfd9-c6a5-4abe-9c92-0d36fb7e13b7;2025-05-09 12:29:15.1747
-3;0;27;19;-4;-4;-3;-2;8f4cdfd9-c6a5-4abe-9c92-0d36fb7e13b7;2025-05-09 12:29:15.1757
-1;-2;-5;-13;1;1;-3;-1;8f4cdfd9-c6a5-4abe-9c92-0d36fb7e13b7;2025-05-09 12:29:15.1916
-3;-5;-3;-12;-7;-4;-3;-2;8f4cdfd9-c6a5-4abe-9c92-0d36fb7e13b7;2025-05-09 12:29:15.1916
1;2;28;16;4;0;0;0;8f4cdfd9-c6a5-4abe-9c92-0d36fb7e13b7;2025-05-09 12:29:15.1926
1;3;-3;-15;-2;0;-1;-1;8f4cdfd9-c6a5-4abe-9c92-0d36fb7e13b7;2025-05-09 12:29:15.1926
0;-3;-17;4;0;-1;-2;0;8f4cdfd9-c6a5-4abe-9c92-0d36fb7e13b7;2025-05-09 12:29:15.1991
0;4;13;3;1;1;0;1;8f4cdfd9-c6a5-4abe-9c92-0d36fb7e13b7;2025-05-09 12:29:15.1991
-1;-2;8;9;-3;-1;1;-1;8f4cdfd9-c6a5-4abe-9c92-0d36fb7e13b7;2025-05-09 12:29:15.2200
-3;-7;-27;-22;-2;0;-2;-1;8f4cdfd9-c6a5-4abe-9c92-0d36fb7e13b7;2025-05-09 12:29:15.2200
-1;-2;-1;19;0;-2;-1;-2;8f4cdfd9-c6a5-4abe-9c92-0d36fb7e13b7;2025-05-09 12:29:15.2350
-1;-2;-20;-17;-13;-3;-2;-2;8f4cdfd9-c6a5-4abe-9c92-0d36fb7e13b7;2025-05-09 12:29:15.2350
-1;5;15;21;9;-2;1;0;8f4cdfd9-c6a5-4abe-9c92-0d36fb7e13b7;2025-05-09 12:29:15.2450
-1;-2;-37;-14;-11;-3;-1;-3;8f4cdfd9-c6a5-4abe-9c92-0d36fb7e13b7;2025-05-09 12:29:15.2450
-1;-1;25;7;-2;2;1;1;8f4cdfd9-c6a5-4abe-9c92-0d36fb7e13b7;2025-05-09 12:29:15.2460
-3;-4;-28;-8;-5;1;-2;-1;8f4cdfd9-c6a5-4abe-9c92-0d36fb7e13b7;2025-05-09 12:29:15.2460
2;3;16;1;8;0;-3;1;8f4cdfd9-c6a5-4abe-9c92-0d36fb7e13b7;2025-05-09 12:29:15.2599
-1;-1;14;-7;-5;-6;-1;-1;8f4cdfd9-c6a5-4abe-9c92-0d36fb7e13b7;2025-05-09 12:29:15.2599
-1;-1;7;6;-3;0;-3;-1;8f4cdfd9-c6a5-4abe-9c92-0d36fb7e13b7;2025-05-09 12:29:15.2609
-3;0;14;13;4;0;-1;-1;8f4cdfd9-c6a5-4abe-9c92-0d36fb7e13b7;2025-05-09 12:29:15.2609
-3;-5;-41;-33;-6;-4;-2;0;8f4cdfd9-c6a5-4abe-9c92-0d36fb7e13b7;2025-05-09 12:29:15.2669
-2;-1;4;-3;0;1;0;-2;8f4cdfd9-c6a5-4abe-9c92-0d36fb7e13b7;2025-05-09 12:29:15.2669
0;-3;-1;22;-4;-1;-1;-2;8f4cdfd9-c6a5-4abe-9c92-0d36fb7e13b7;2025-05-09 12:29:15.2679
2;6;34;-8;2;1;-1;-1;8f4cdfd9-c6a5-4abe-9c92-0d36fb7e13b7;2025-05-09 12:29:15.2679
-2;-1;6;8;-3;-2;-1;0;8f4cdfd9-c6a5-4abe-9c92-0d36fb7e13b7;2025-05-09 12:29:15.2879
1;2;-9;0;4;1;0;0;8f4cdfd9-c6a5-4abe-9c92-0d36fb7e13b7;2025-05-09 12:29:15.2879
-2;-1;-9;-17;2;1;-1;-2;8f4cdfd9-c6a5-4abe-9c92-0d36fb7e13b7;2025-05-09 12:29:15.3028
1;-1;-3;4;-1;-1;-1;0;8f4cdfd9-c6a5-4abe-9c92-0d36fb7e13b7;2025-05-09 12:29:15.3028
-1;-4;-5;3;-1;0;-1;-1;8f4cdfd9-c6a5-4abe-9c92-0d36fb7e13b7;2025-05-09 12:29:15.3108
-1;-1;-2;2;1;-2;-2;1;8f4cdfd9-c6a5-4abe-9c92-0d36fb7e13b7;2025-05-09 12:29:15.3108
0;3;18;23;1;-1;1;0;8f4cdfd9-c6a5-4abe-9c92-0d36fb7e13b7;2025-05-09 12:29:15.3118
1;4;13;-35;-3;0;0;0;8f4cdfd9-c6a5-4abe-9c92-0d36fb7e13b7;2025-05-09 12:29:15.3118
-4;-12;-73;4;-2;0;-1;-2;8f4cdfd9-c6a5-4abe-9c92-0d36fb7e13b7;2025-05-09 12:29:15.3258
2;8;30;22;6;4;2;1;8f4cdfd9-c6a5-4abe-9c92-0d36fb7e13b7;2025-05-09 12:29:15.3258
-6;-10;-18;-16;-7;-5;-4;-3;8f4cdfd9-c6a5-4abe-9c92-0d36fb7e13b7;2025-05-09 12:29:15.3258
-1;-1;1;9;-1;-1;0;-1;8f4cdfd9-c6a5-4abe-9c92-0d36fb7e13b7;2025-05-09 12:29:15.3258
3;5;7;-37;7;3;2;-2;8f4cdfd9-c6a5-4abe-9c92-0d36fb7e13b7;2025-05-09 12:29:15.3487
0;0;26;35;-6;-3;-2;-1;8f4cdfd9-c6a5-4abe-9c92-0d36fb7e13b7;2025-05-09 12:29:15.3487
0;2;-17;-7;3;0;-1;-1;8f4cdfd9-c6a5-4abe-9c92-0d36fb7e13b7;2025-05-09 12:29:15.3497
0;-4;-8;-4;0;-1;0;0;8f4cdfd9-c6a5-4abe-9c92-0d36fb7e13b7;2025-05-09 12:29:15.3497
-2;0;9;-1;-1;-1;0;-1;8f4cdfd9-c6a5-4abe-9c92-0d36fb7e13b7;2025-05-09 12:29:15.3712
0;-2;-31;-15;0;-2;-2;0;8f4cdfd9-c6a5-4abe-9c92-0d36fb7e13b7;2025-05-09 12:29:15.3712
1;1;8;-3;-2;-2;-1;-1;8f4cdfd9-c6a5-4abe-9c92-0d36fb7e13b7;2025-05-09 12:29:15.3722
0;-5;-6;-15;-6;1;0;-2;8f4cdfd9-c6a5-4abe-9c92-0d36fb7e13b7;2025-05-09 12:29:15.3722
0;3;2;19;7;1;-1;1;8f4cdfd9-c6a5-4abe-9c92-0d36fb7e13b7;2025-05-09 12:29:15.3851
-1;1;24;7;-4;0;-1;0;8f4cdfd9-c6a5-4abe-9c92-0d36fb7e13b7;2025-05-09 12:29:15.3851
-2;-5;-23;-9;0;-3;-1;0;8f4cdfd9-c6a5-4abe-9c92-0d36fb7e13b7;2025-05-09 12:29:15.3861
2;2;1;12;1;-1;-1;0;8f4cdfd9-c6a5-4abe-9c92-0d36fb7e13b7;2025-05-09 12:29:15.3861
-1;-1;18;-2;-8;-5;-4;-1;8f4cdfd9-c6a5-4abe-9c92-0d36fb7e13b7;2025-05-09 12:29:15.4086
-1;-3;-5;-9;2;-1;0;-2;8f4cdfd9-c6a5-4abe-9c92-0d36fb7e13b7;2025-05-09 12:29:15.4086
1;2;-6;-3;0;1;1;-1;8f4cdfd9-c6a5-4abe-9c92-0d36fb7e13b7;2025-05-09 12:29:15.4096
0;-2;-21;6;3;0;0;0;8f4cdfd9-c6a5-4abe-9c92-0d36fb7e13b7;2025-05-09 12:29:15.4096
-2;0;3;-15;-4;-2;-1;0;8f4cdfd9-c6a5-4abe-9c92-0d36fb7e13b7;2025-05-09 12:29:15.4305
-2;-5;-2;-11;1;-2;-2;0;8f4cdfd9-c6a5-4abe-9c92-0d36fb7e13b7;2025-05-09 12:29:15.4315
0;1;39;15;0;-1;0;0;8f4cdfd9-c6a5-4abe-9c92-0d36fb7e13b7;2025-05-09 12:29:15.4315
0;0;2;19;0;-3;2;0;8f4cdfd9-c6a5-4abe-9c92-0d36fb7e13b7;2025-05-09 12:29:15.4315
0;-1;-40;4;1;1;-1;0;8f4cdfd9-c6a5-4abe-9c92-0d36fb7e13b7;2025-05-09 12:29:15.4465
-1;-4;-19;-13;-4;-3;0;-1;8f4cdfd9-c6a5-4abe-9c92-0d36fb7e13b7;2025-05-09 12:29:15.4465
0;1;3;-1;2;0;0;1;8f4cdfd9-c6a5-4abe-9c92-0d36fb7e13b7;2025-05-09 12:29:15.4475
-1;-1;-13;-25;0;-1;-1;-1;8f4cdfd9-c6a5-4abe-9c92-0d36fb7e13b7;2025-05-09 12:29:15.4475
-1;1;30;21;-5;-4;1;-1;8f4cdfd9-c6a5-4abe-9c92-0d36fb7e13b7;2025-05-09 12:29:15.4689
-1;1;5;-3;4;1;-1;1;8f4cdfd9-c6a5-4abe-9c92-0d36fb7e13b7;2025-05-09 12:29:15.4689
-1;-2;-8;-2;-3;1;0;-1;8f4cdfd9-c6a5-4abe-9c92-0d36fb7e13b7;2025-05-09 12:29:15.4689
-4;-1;-12;-12;-2;-2;-1;1;8f4cdfd9-c6a5-4abe-9c92-0d36fb7e13b7;2025-05-09 12:29:15.4689
-2;0;4;2;-1;2;0;-1;8f4cdfd9-c6a5-4abe-9c92-0d36fb7e13b7;2025-05-09 12:29:15.4908
-1;1;0;19;3;0;-1;1;8f4cdfd9-c6a5-4abe-9c92-0d36fb7e13b7;2025-05-09 12:29:15.4908
-1;-2;-2;-14;-1;-2;-1;-1;8f4cdfd9-c6a5-4abe-9c92-0d36fb7e13b7;2025-05-09 12:29:15.4918
-1;0;-4;0;-2;-1;-2;0;8f4cdfd9-c6a5-4abe-9c92-0d36fb7e13b7;2025-05-09 12:29:15.4918
0;-1;9;0;-3;-1;-3;0;8f4cdfd9-c6a5-4abe-9c92-0d36fb7e13b7;2025-05-09 12:29:15.5208
1;0;13;-2;1;-1;1;-1;8f4cdfd9-c6a5-4abe-9c92-0d36fb7e13b7;2025-05-09 12:29:15.5208
-1;-2;-32;-7;-2;0;0;0;8f4cdfd9-c6a5-4abe-9c92-0d36fb7e13b7;2025-05-09 12:29:15.5218
-4;-5;3;0;-1;0;0;-2;8f4cdfd9-c6a5-4abe-9c92-0d36fb7e13b7;2025-05-09 12:29:15.5218
-1;-3;-31;5;-1;-3;-2;-1;8f4cdfd9-c6a5-4abe-9c92-0d36fb7e13b7;2025-05-09 12:29:15.5287
-2;1;9;-14;-3;-4;-2;-2;8f4cdfd9-c6a5-4abe-9c92-0d36fb7e13b7;2025-05-09 12:29:15.5287
1;4;14;8;2;0;0;-1;8f4cdfd9-c6a5-4abe-9c92-0d36fb7e13b7;2025-05-09 12:29:15.5287
-1;0;7;-13;-1;1;-1;-1;8f4cdfd9-c6a5-4abe-9c92-0d36fb7e13b7;2025-05-09 12:29:15.5297
-1;-3;2;-3;-4;-2;-1;0;8f4cdfd9-c6a5-4abe-9c92-0d36fb7e13b7;2025-05-09 12:29:15.5517
0;1;13;20;1;-1;-2;0;8f4cdfd9-c6a5-4abe-9c92-0d36fb7e13b7;2025-05-09 12:29:15.5517
1;0;9;-8;-6;-1;-1;0;8f4cdfd9-c6a5-4abe-9c92-0d36fb7e13b7;2025-05-09 12:29:15.5517
-3;-3;-28;-18;0;1;-1;-1;8f4cdfd9-c6a5-4abe-9c92-0d36fb7e13b7;2025-05-09 12:29:15.5527
-1;2;21;16;1;0;0;0;8f4cdfd9-c6a5-4abe-9c92-0d36fb7e13b7;2025-05-09 12:29:15.5647
0;1;2;2;10;2;0;1;8f4cdfd9-c6a5-4abe-9c92-0d36fb7e13b7;2025-05-09 12:29:15.5647
-1;-1;-5;3;-3;1;0;0;8f4cdfd9-c6a5-4abe-9c92-0d36fb7e13b7;2025-05-09 12:29:15.5726
0;1;15;9;1;0;0;0;8f4cdfd9-c6a5-4abe-9c92-0d36fb7e13b7;2025-05-09 12:29:15.5726
0;2;6;-7;0;-1;-2;-3;8f4cdfd9-c6a5-4abe-9c92-0d36fb7e13b7;2025-05-09 12:29:15.5886
-1;-2;-11;0;-5;-4;0;-1;8f4cdfd9-c6a5-4abe-9c92-0d36fb7e13b7;2025-05-09 12:29:15.5886
-1;-1;2;5;1;-1;-2;-1;8f4cdfd9-c6a5-4abe-9c92-0d36fb7e13b7;2025-05-09 12:29:15.5896
-1;-1;-5;-4;-2;-2;-1;0;8f4cdfd9-c6a5-4abe-9c92-0d36fb7e13b7;2025-05-09 12:29:15.5896
-1;-1;3;0;0;0;-1;-1;8f4cdfd9-c6a5-4abe-9c92-0d36fb7e13b7;2025-05-09 12:29:15.6115
-2;-6;-27;-24;-9;-2;-2;-1;8f4cdfd9-c6a5-4abe-9c92-0d36fb7e13b7;2025-05-09 12:29:15.6115
3;1;8;4;6;1;1;0;8f4cdfd9-c6a5-4abe-9c92-0d36fb7e13b7;2025-05-09 12:29:15.6115
0;3;28;-9;-2;1;1;-1;8f4cdfd9-c6a5-4abe-9c92-0d36fb7e13b7;2025-05-09 12:29:15.6115
-3;-8;-62;-24;0;0;-2;-2;8f4cdfd9-c6a5-4abe-9c92-0d36fb7e13b7;2025-05-09 12:29:15.6245
-1;0;20;32;-1;-1;-1;0;8f4cdfd9-c6a5-4abe-9c92-0d36fb7e13b7;2025-05-09 12:29:15.6245
-2;-2;-8;-3;0;1;-3;0;8f4cdfd9-c6a5-4abe-9c92-0d36fb7e13b7;2025-05-09 12:29:15.6325
-1;-5;-20;5;0;-3;-2;-2;8f4cdfd9-c6a5-4abe-9c92-0d36fb7e13b7;2025-05-09 12:29:15.6325
1;4;18;-16;-7;-2;0;-2;8f4cdfd9-c6a5-4abe-9c92-0d36fb7e13b7;2025-05-09 12:29:15.6564
1;-2;-6;-29;4;2;1;-2;8f4cdfd9-c6a5-4abe-9c92-0d36fb7e13b7;2025-05-09 12:29:15.6564
-1;1;23;53;-4;-5;-2;-1;8f4cdfd9-c6a5-4abe-9c92-0d36fb7e13b7;2025-05-09 12:29:15.6564
0;0;-4;-12;4;2;0;0;8f4cdfd9-c6a5-4abe-9c92-0d36fb7e13b7;2025-05-09 12:29:15.6564
-1;1;27;9;-3;-1;0;0;8f4cdfd9-c6a5-4abe-9c92-0d36fb7e13b7;2025-05-09 12:29:15.6714
-1;-1;-15;4;4;1;0;-3;8f4cdfd9-c6a5-4abe-9c92-0d36fb7e13b7;2025-05-09 12:29:15.6714
0;-1;-1;-25;-7;0;0;0;8f4cdfd9-c6a5-4abe-9c92-0d36fb7e13b7;2025-05-09 12:29:15.6724
1;-1;-5;8;0;0;-1;-1;8f4cdfd9-c6a5-4abe-9c92-0d36fb7e13b7;2025-05-09 12:29:15.6724
0;0;15;4;-2;-1;-1;0;8f4cdfd9-c6a5-4abe-9c92-0d36fb7e13b7;2025-05-09 12:29:15.6843
-1;0;1;0;-3;-3;-2;-1;8f4cdfd9-c6a5-4abe-9c92-0d36fb7e13b7;2025-05-09 12:29:15.6843
-2;0;16;-4;5;0;-1;-2;8f4cdfd9-c6a5-4abe-9c92-0d36fb7e13b7;2025-05-09 12:29:15.6933
-1;-2;-33;1;-7;-5;-1;-1;8f4cdfd9-c6a5-4abe-9c92-0d36fb7e13b7;2025-05-09 12:29:15.6933
-1;-1;2;-3;0;-2;-1;0;8f4cdfd9-c6a5-4abe-9c92-0d36fb7e13b7;2025-05-09 12:29:15.7083
1;-3;-9;4;-2;0;1;-1;8f4cdfd9-c6a5-4abe-9c92-0d36fb7e13b7;2025-05-09 12:29:15.7083
-2;-1;-7;-6;0;-1;-1;0;8f4cdfd9-c6a5-4abe-9c92-0d36fb7e13b7;2025-05-09 12:29:15.7103
-1;1;0;2;-2;-1;0;1;8f4cdfd9-c6a5-4abe-9c92-0d36fb7e13b7;2025-05-09 12:29:15.7103
-1;-1;12;9;1;0;-1;-2;8f4cdfd9-c6a5-4abe-9c92-0d36fb7e13b7;2025-05-09 12:29:15.7312
1;2;17;10;2;1;0;0;8f4cdfd9-c6a5-4abe-9c92-0d36fb7e13b7;2025-05-09 12:29:15.7312
-1;-4;-38;-22;-5;-4;-2;-2;8f4cdfd9-c6a5-4abe-9c92-0d36fb7e13b7;2025-05-09 12:29:15.7322
-2;-1;-2;5;0;0;-2;-1;8f4cdfd9-c6a5-4abe-9c92-0d36fb7e13b7;2025-05-09 12:29:15.7332
0;-2;-18;-14;4;1;1;1;8f4cdfd9-c6a5-4abe-9c92-0d36fb7e13b7;2025-05-09 12:29:15.7532
-1;2;21;-7;-9;-3;-2;0;8f4cdfd9-c6a5-4abe-9c92-0d36fb7e13b7;2025-05-09 12:29:15.7542
0;1;8;20;3;1;-1;0;8f4cdfd9-c6a5-4abe-9c92-0d36fb7e13b7;2025-05-09 12:29:15.7552
1;-3;-3;-9;-2;-1;-1;-1;8f4cdfd9-c6a5-4abe-9c92-0d36fb7e13b7;2025-05-09 12:29:15.7552
0;3;27;24;1;-1;-2;-2;8f4cdfd9-c6a5-4abe-9c92-0d36fb7e13b7;2025-05-09 12:29:15.7681
1;3;5;0;2;0;-1;-1;8f4cdfd9-c6a5-4abe-9c92-0d36fb7e13b7;2025-05-09 12:29:15.7691
-3;-6;-24;-7;-5;-5;-3;-2;8f4cdfd9-c6a5-4abe-9c92-0d36fb7e13b7;2025-05-09 12:29:15.7701
0;0;-4;-9;-2;-1;0;-1;8f4cdfd9-c6a5-4abe-9c92-0d36fb7e13b7;2025-05-09 12:29:15.7701
-1;-3;-8;-11;-2;0;-1;-1;8f4cdfd9-c6a5-4abe-9c92-0d36fb7e13b7;2025-05-09 12:29:15.7911
-1;2;10;-2;-3;-2;-1;-1;8f4cdfd9-c6a5-4abe-9c92-0d36fb7e13b7;2025-05-09 12:29:15.7911
-1;-3;9;5;7;1;2;-1;8f4cdfd9-c6a5-4abe-9c92-0d36fb7e13b7;2025-05-09 12:29:15.7931
0;0;1;4;0;0;0;-1;8f4cdfd9-c6a5-4abe-9c92-0d36fb7e13b7;2025-05-09 12:29:15.7931
-1;0;-9;-1;1;-1;-1;0;8f4cdfd9-c6a5-4abe-9c92-0d36fb7e13b7;2025-05-09 12:29:15.8050
-2;-3;-15;-14;-4;-3;-2;-1;8f4cdfd9-c6a5-4abe-9c92-0d36fb7e13b7;2025-05-09 12:29:15.8050
-1;0;3;-3;2;1;1;-1;8f4cdfd9-c6a5-4abe-9c92-0d36fb7e13b7;2025-05-09 12:29:15.8210
-1;-4;-2;2;0;-1;-2;-1;8f4cdfd9-c6a5-4abe-9c92-0d36fb7e13b7;2025-05-09 12:29:15.8210
1;4;27;12;-1;-2;-1;-1;8f4cdfd9-c6a5-4abe-9c92-0d36fb7e13b7;2025-05-09 12:29:15.8280
-2;-2;-24;-1;-3;-4;0;-1;8f4cdfd9-c6a5-4abe-9c92-0d36fb7e13b7;2025-05-09 12:29:15.8280
1;-3;-10;-14;-4;-1;0;0;8f4cdfd9-c6a5-4abe-9c92-0d36fb7e13b7;2025-05-09 12:29:15.8349
-2;-3;-1;-5;-1;-2;-1;-1;8f4cdfd9-c6a5-4abe-9c92-0d36fb7e13b7;2025-05-09 12:29:15.8349
1;2;0;-10;3;3;2;-1;8f4cdfd9-c6a5-4abe-9c92-0d36fb7e13b7;2025-05-09 12:29:15.8589
-3;-3;8;6;5;0;-1;0;8f4cdfd9-c6a5-4abe-9c92-0d36fb7e13b7;2025-05-09 12:29:15.8589
1;5;30;15;-2;0;-1;-2;8f4cdfd9-c6a5-4abe-9c92-0d36fb7e13b7;2025-05-09 12:29:15.8599
-1;1;26;2;-4;-1;-2;0;8f4cdfd9-c6a5-4abe-9c92-0d36fb7e13b7;2025-05-09 12:29:15.8599
0;-5;-26;-11;1;-2;0;0;8f4cdfd9-c6a5-4abe-9c92-0d36fb7e13b7;2025-05-09 12:29:15.8649
-1;-4;-31;-11;1;2;-1;-1;8f4cdfd9-c6a5-4abe-9c92-0d36fb7e13b7;2025-05-09 12:29:15.8649
-2;-1;-3;-7;-2;-2;1;-1;8f4cdfd9-c6a5-4abe-9c92-0d36fb7e13b7;2025-05-09 12:29:15.8888
0;1;4;11;-2;0;-2;-1;8f4cdfd9-c6a5-4abe-9c92-0d36fb7e13b7;2025-05-09 12:29:15.8898
-3;-2;4;-1;-4;-3;-4;-1;8f4cdfd9-c6a5-4abe-9c92-0d36fb7e13b7;2025-05-09 12:29:15.8903
-1;2;8;-1;0;-1;0;0;8f4cdfd9-c6a5-4abe-9c92-0d36fb7e13b7;2025-05-09 12:29:15.8903
-2;-1;-6;-4;2;1;0;-2;8f4cdfd9-c6a5-4abe-9c92-0d36fb7e13b7;2025-05-09 12:29:15.8913
0;0;-4;3;2;2;1;1;8f4cdfd9-c6a5-4abe-9c92-0d36fb7e13b7;2025-05-09 12:29:15.8913
-2;1;10;16;3;1;2;2;8f4cdfd9-c6a5-4abe-9c92-0d36fb7e13b7;2025-05-09 12:29:15.9113
-3;-9;-10;-24;-13;-3;-5;-2;8f4cdfd9-c6a5-4abe-9c92-0d36fb7e13b7;2025-05-09 12:29:15.9113
-1;-2;-15;-8;-8;-3;-2;-2;8f4cdfd9-c6a5-4abe-9c92-0d36fb7e13b7;2025-05-09 12:29:15.9123
0;1;10;11;4;-2;-1;-1;8f4cdfd9-c6a5-4abe-9c92-0d36fb7e13b7;2025-05-09 12:29:15.9123
-1;-2;3;-3;2;1;0;-2;8f4cdfd9-c6a5-4abe-9c92-0d36fb7e13b7;2025-05-09 12:29:15.9332
2;3;3;6;5;3;2;0;8f4cdfd9-c6a5-4abe-9c92-0d36fb7e13b7;2025-05-09 12:29:15.9342
0;0;13;-2;-2;-4;-4;-1;8f4cdfd9-c6a5-4abe-9c92-0d36fb7e13b7;2025-05-09 12:29:15.9352
-2;-4;-1;-9;-3;-1;0;-2;8f4cdfd9-c6a5-4abe-9c92-0d36fb7e13b7;2025-05-09 12:29:15.9352
-1;3;11;13;-3;-2;1;0;8f4cdfd9-c6a5-4abe-9c92-0d36fb7e13b7;2025-05-09 12:29:15.9482
-3;-1;-9;3;-3;-2;-1;-1;8f4cdfd9-c6a5-4abe-9c92-0d36fb7e13b7;2025-05-09 12:29:15.9492
0;0;-3;2;0;1;2;2;8f4cdfd9-c6a5-4abe-9c92-0d36fb7e13b7;2025-05-09 12:29:15.9502
0;4;18;6;3;0;-1;1;8f4cdfd9-c6a5-4abe-9c92-0d36fb7e13b7;2025-05-09 12:29:15.9502
-3;-6;-36;-16;-4;-1;-3;1;8f4cdfd9-c6a5-4abe-9c92-0d36fb7e13b7;2025-05-09 12:29:15.9711
-1;-1;-11;0;-1;-1;-2;-1;8f4cdfd9-c6a5-4abe-9c92-0d36fb7e13b7;2025-05-09 12:29:15.9711
-1;-5;-23;-1;-4;0;-1;-1;8f4cdfd9-c6a5-4abe-9c92-0d36fb7e13b7;2025-05-09 12:29:15.9721
-1;0;4;9;4;4;0;-1;8f4cdfd9-c6a5-4abe-9c92-0d36fb7e13b7;2025-05-09 12:29:15.9731
0;-2;3;-21;1;2;1;0;8f4cdfd9-c6a5-4abe-9c92-0d36fb7e13b7;2025-05-09 12:29:15.9940
-1;0;20;17;5;-1;1;0;8f4cdfd9-c6a5-4abe-9c92-0d36fb7e13b7;2025-05-09 12:29:15.9940
0;1;-24;-22;-1;-1;-2;-1;8f4cdfd9-c6a5-4abe-9c92-0d36fb7e13b7;2025-05-09 12:29:15.9950
1;2;-17;-5;-6;-4;-1;-2;8f4cdfd9-c6a5-4abe-9c92-0d36fb7e13b7;2025-05-09 12:29:15.9950
0;2;10;16;-2;-1;-2;-3;8f4cdfd9-c6a5-4abe-9c92-0d36fb7e13b7;2025-05-09 12:29:16.0075
0;-1;-2;-10;11;3;-1;0;8f4cdfd9-c6a5-4abe-9c92-0d36fb7e13b7;2025-05-09 12:29:16.0075
-3;-5;10;-1;-4;-1;-1;-2;8f4cdfd9-c6a5-4abe-9c92-0d36fb7e13b7;2025-05-09 12:29:16.0225
0;1;5;14;6;0;0;-1;8f4cdfd9-c6a5-4abe-9c92-0d36fb7e13b7;2025-05-09 12:29:16.0225
0;1;17;-17;-8;-5;-2;-2;8f4cdfd9-c6a5-4abe-9c92-0d36fb7e13b7;2025-05-09 12:29:16.0304
-1;-1;-12;1;-4;-1;-1;-1;8f4cdfd9-c6a5-4abe-9c92-0d36fb7e13b7;2025-05-09 12:29:16.0304
1;1;-4;-6;2;0;-1;1;8f4cdfd9-c6a5-4abe-9c92-0d36fb7e13b7;2025-05-09 12:29:16.0444
-3;-2;-18;-16;-7;-1;-1;-1;8f4cdfd9-c6a5-4abe-9c92-0d36fb7e13b7;2025-05-09 12:29:16.0444
1;1;10;8;0;-2;1;-1;8f4cdfd9-c6a5-4abe-9c92-0d36fb7e13b7;2025-05-09 12:29:16.0534
-3;-2;15;5;-1;2;-1;-2;8f4cdfd9-c6a5-4abe-9c92-0d36fb7e13b7;2025-05-09 12:29:16.0534
0;-2;-1;-2;2;0;0;-2;8f4cdfd9-c6a5-4abe-9c92-0d36fb7e13b7;2025-05-09 12:29:16.0554
0;-2;-4;-2;-3;-1;0;1;8f4cdfd9-c6a5-4abe-9c92-0d36fb7e13b7;2025-05-09 12:29:16.0554
2;5;19;29;6;3;-1;1;8f4cdfd9-c6a5-4abe-9c92-0d36fb7e13b7;2025-05-09 12:29:16.0673
-1;-1;-12;-17;-5;-2;1;2;8f4cdfd9-c6a5-4abe-9c92-0d36fb7e13b7;2025-05-09 12:29:16.0683
-3;-12;-9;2;1;-2;-1;-2;8f4cdfd9-c6a5-4abe-9c92-0d36fb7e13b7;2025-05-09 12:29:16.0823
1;8;6;-14;-1;-2;0;1;8f4cdfd9-c6a5-4abe-9c92-0d36fb7e13b7;2025-05-09 12:29:16.0823
-3;-6;-1;21;-5;-5;-3;-2;8f4cdfd9-c6a5-4abe-9c92-0d36fb7e13b7;2025-05-09 12:29:16.1058
0;-1;-14;-19;-8;-2;-1;-2;8f4cdfd9-c6a5-4abe-9c92-0d36fb7e13b7;2025-05-09 12:29:16.1058
1;4;-8;-4;-2;-1;-2;1;8f4cdfd9-c6a5-4abe-9c92-0d36fb7e13b7;2025-05-09 12:29:16.1077
-1;-4;-9;1;1;0;0;0;8f4cdfd9-c6a5-4abe-9c92-0d36fb7e13b7;2025-05-09 12:29:16.1077
-1;-1;-22;-11;-2;2;1;0;8f4cdfd9-c6a5-4abe-9c92-0d36fb7e13b7;2025-05-09 12:29:16.1127
0;4;7;8;2;-1;0;0;8f4cdfd9-c6a5-4abe-9c92-0d36fb7e13b7;2025-05-09 12:29:16.1127
0;9;43;13;4;0;2;2;8f4cdfd9-c6a5-4abe-9c92-0d36fb7e13b7;2025-05-09 12:29:16.1207
-5;-14;-47;-18;-6;0;-3;-3;8f4cdfd9-c6a5-4abe-9c92-0d36fb7e13b7;2025-05-09 12:29:16.1217
-2;-7;-28;-22;-6;-5;-3;-1;8f4cdfd9-c6a5-4abe-9c92-0d36fb7e13b7;2025-05-09 12:29:16.1277
-1;-2;10;0;-4;0;-1;-2;8f4cdfd9-c6a5-4abe-9c92-0d36fb7e13b7;2025-05-09 12:29:16.1277
0;0;-7;-2;0;1;1;-1;8f4cdfd9-c6a5-4abe-9c92-0d36fb7e13b7;2025-05-09 12:29:16.1367
-2;-1;10;9;-1;-2;0;-1;8f4cdfd9-c6a5-4abe-9c92-0d36fb7e13b7;2025-05-09 12:29:16.1367
-2;-7;5;2;0;0;0;-1;8f4cdfd9-c6a5-4abe-9c92-0d36fb7e13b7;2025-05-09 12:29:16.1506
-1;-5;-33;-9;-4;-1;-2;-2;8f4cdfd9-c6a5-4abe-9c92-0d36fb7e13b7;2025-05-09 12:29:16.1516
-1;-2;13;15;1;0;-8;-3;8f4cdfd9-c6a5-4abe-9c92-0d36fb7e13b7;2025-05-09 12:29:16.1526
4;17;30;1;5;5;8;3;8f4cdfd9-c6a5-4abe-9c92-0d36fb7e13b7;2025-05-09 12:29:16.1526
-6;-13;-43;-21;-10;-7;-6;-7;8f4cdfd9-c6a5-4abe-9c92-0d36fb7e13b7;2025-05-09 12:29:16.1806
-1;-2;4;9;2;-1;4;1;8f4cdfd9-c6a5-4abe-9c92-0d36fb7e13b7;2025-05-09 12:29:16.1806
4;10;5;3;3;1;3;3;8f4cdfd9-c6a5-4abe-9c92-0d36fb7e13b7;2025-05-09 12:29:16.1895
-3;-11;19;6;-1;-2;-4;-4;8f4cdfd9-c6a5-4abe-9c92-0d36fb7e13b7;2025-05-09 12:29:16.1905
2;3;-6;-21;0;0;0;0;8f4cdfd9-c6a5-4abe-9c92-0d36fb7e13b7;2025-05-09 12:29:16.1955
-1;3;-8;28;-2;-1;-3;-1;8f4cdfd9-c6a5-4abe-9c92-0d36fb7e13b7;2025-05-09 12:29:16.1955
-3;-9;-2;-8;-1;-1;0;-2;8f4cdfd9-c6a5-4abe-9c92-0d36fb7e13b7;2025-05-09 12:29:16.2120
-3;-7;-13;-1;-4;-1;-2;0;8f4cdfd9-c6a5-4abe-9c92-0d36fb7e13b7;2025-05-09 12:29:16.2120
1;6;9;-3;3;1;1;2;8f4cdfd9-c6a5-4abe-9c92-0d36fb7e13b7;2025-05-09 12:29:16.2120
1;8;38;6;5;3;0;1;8f4cdfd9-c6a5-4abe-9c92-0d36fb7e13b7;2025-05-09 12:29:16.2120
-2;-1;-40;-11;-6;-3;0;0;8f4cdfd9-c6a5-4abe-9c92-0d36fb7e13b7;2025-05-09 12:29:16.2170
-1;-3;-4;1;-2;-2;-3;-1;8f4cdfd9-c6a5-4abe-9c92-0d36fb7e13b7;2025-05-09 12:29:16.2170
-1;-2;-2;-2;-1;-1;-1;0;8f4cdfd9-c6a5-4abe-9c92-0d36fb7e13b7;2025-05-09 12:29:16.2339
1;4;10;-1;-2;1;1;1;8f4cdfd9-c6a5-4abe-9c92-0d36fb7e13b7;2025-05-09 12:29:16.2339
-4;-5;2;0;0;-1;-3;-2;8f4cdfd9-c6a5-4abe-9c92-0d36fb7e13b7;2025-05-09 12:29:16.2349
3;12;28;11;0;-4;-11;-6;8f4cdfd9-c6a5-4abe-9c92-0d36fb7e13b7;2025-05-09 12:29:16.2349
-1;-5;-7;-1;-3;-1;7;7;8f4cdfd9-c6a5-4abe-9c92-0d36fb7e13b7;2025-05-09 12:29:16.2469
-2;1;-8;-12;0;-1;-1;-1;8f4cdfd9-c6a5-4abe-9c92-0d36fb7e13b7;2025-05-09 12:29:16.2469
-1;-7;0;3;-3;1;0;0;8f4cdfd9-c6a5-4abe-9c92-0d36fb7e13b7;2025-05-09 12:29:16.2698
-3;-8;-46;-10;-5;-3;-3;-1;8f4cdfd9-c6a5-4abe-9c92-0d36fb7e13b7;2025-05-09 12:29:16.2708
0;5;31;17;6;2;-2;-3;8f4cdfd9-c6a5-4abe-9c92-0d36fb7e13b7;2025-05-09 12:29:16.2948
1;-2;-3;-6;0;-1;-2;0;8f4cdfd9-c6a5-4abe-9c92-0d36fb7e13b7;2025-05-09 12:29:16.2948
-1;2;3;-9;-1;-3;-2;0;8f4cdfd9-c6a5-4abe-9c92-0d36fb7e13b7;2025-05-09 12:29:16.2968
-1;0;-8;8;-3;-2;0;1;8f4cdfd9-c6a5-4abe-9c92-0d36fb7e13b7;2025-05-09 12:29:16.2968
-1;-1;-7;-2;0;0;1;-2;8f4cdfd9-c6a5-4abe-9c92-0d36fb7e13b7;2025-05-09 12:29:16.2968
-1;-5;-4;-5;-1;1;0;-3;8f4cdfd9-c6a5-4abe-9c92-0d36fb7e13b7;2025-05-09 12:29:16.2978
1;-4;4;-4;1;2;-2;-2;8f4cdfd9-c6a5-4abe-9c92-0d36fb7e13b7;2025-05-09 12:29:16.3092
-2;-3;4;-2;-1;-2;1;0;8f4cdfd9-c6a5-4abe-9c92-0d36fb7e13b7;2025-05-09 12:29:16.3092
-1;0;-15;-7;0;-1;-1;-2;8f4cdfd9-c6a5-4abe-9c92-0d36fb7e13b7;2025-05-09 12:29:16.3102
-1;-5;-7;-7;-2;-3;-1;-1;8f4cdfd9-c6a5-4abe-9c92-0d36fb7e13b7;2025-05-09 12:29:16.3102
0;4;10;9;-1;-3;1;1;8f4cdfd9-c6a5-4abe-9c92-0d36fb7e13b7;2025-05-09 12:29:16.3302
-2;-7;-4;-9;-2;1;0;0;8f4cdfd9-c6a5-4abe-9c92-0d36fb7e13b7;2025-05-09 12:29:16.3302
-1;-2;-3;-8;0;-1;-2;-1;8f4cdfd9-c6a5-4abe-9c92-0d36fb7e13b7;2025-05-09 12:29:16.3382
2;11;9;19;-3;-2;-4;-1;8f4cdfd9-c6a5-4abe-9c92-0d36fb7e13b7;2025-05-09 12:29:16.3392
-1;-4;-6;-3;-1;-1;0;-1;8f4cdfd9-c6a5-4abe-9c92-0d36fb7e13b7;2025-05-09 12:29:16.3402
0;-3;-5;-4;-2;0;1;-1;8f4cdfd9-c6a5-4abe-9c92-0d36fb7e13b7;2025-05-09 12:29:16.3402
0;0;6;-2;2;0;-2;0;8f4cdfd9-c6a5-4abe-9c92-0d36fb7e13b7;2025-05-09 12:29:16.3531
-1;-3;-26;-11;-1;-2;-2;-3;8f4cdfd9-c6a5-4abe-9c92-0d36fb7e13b7;2025-05-09 12:29:16.3541
0;3;10;2;-2;-3;-2;-2;8f4cdfd9-c6a5-4abe-9c92-0d36fb7e13b7;2025-05-09 12:29:16.3551
-1;-3;11;8;-1;0;-1;-1;8f4cdfd9-c6a5-4abe-9c92-0d36fb7e13b7;2025-05-09 12:29:16.3551
0;6;-5;-4;-1;2;1;0;8f4cdfd9-c6a5-4abe-9c92-0d36fb7e13b7;2025-05-09 12:29:16.3761
0;-1;11;6;2;0;0;0;8f4cdfd9-c6a5-4abe-9c92-0d36fb7e13b7;2025-05-09 12:29:16.3761
-1;2;-17;-2;0;1;-2;-1;8f4cdfd9-c6a5-4abe-9c92-0d36fb7e13b7;2025-05-09 12:29:16.3781
-1;0;4;-23;-1;-2;-2;-1;8f4cdfd9-c6a5-4abe-9c92-0d36fb7e13b7;2025-05-09 12:29:16.3781
0;0;-15;26;-3;-2;-2;-1;8f4cdfd9-c6a5-4abe-9c92-0d36fb7e13b7;2025-05-09 12:29:16.3910
0;-1;-1;-12;-2;-1;0;1;8f4cdfd9-c6a5-4abe-9c92-0d36fb7e13b7;2025-05-09 12:29:16.3910
-1;-4;4;-2;-2;-3;0;-1;8f4cdfd9-c6a5-4abe-9c92-0d36fb7e13b7;2025-05-09 12:29:16.3930
1;3;6;3;0;1;1;0;8f4cdfd9-c6a5-4abe-9c92-0d36fb7e13b7;2025-05-09 12:29:16.3930
-3;-7;-5;-10;0;0;-2;-3;8f4cdfd9-c6a5-4abe-9c92-0d36fb7e13b7;2025-05-09 12:29:16.4135
-1;-3;-3;-1;-1;-4;-1;0;8f4cdfd9-c6a5-4abe-9c92-0d36fb7e13b7;2025-05-09 12:29:16.4135
0;0;-5;11;1;0;0;1;8f4cdfd9-c6a5-4abe-9c92-0d36fb7e13b7;2025-05-09 12:29:16.4155
-1;0;6;-2;-2;-2;-1;0;8f4cdfd9-c6a5-4abe-9c92-0d36fb7e13b7;2025-05-09 12:29:16.4155
-2;1;17;-2;-1;-1;-1;-1;8f4cdfd9-c6a5-4abe-9c92-0d36fb7e13b7;2025-05-09 12:29:16.4274
-2;-7;-32;-6;-1;-3;-1;-2;8f4cdfd9-c6a5-4abe-9c92-0d36fb7e13b7;2025-05-09 12:29:16.4274
0;4;2;-10;-1;0;-1;0;8f4cdfd9-c6a5-4abe-9c92-0d36fb7e13b7;2025-05-09 12:29:16.4364
-2;-4;-13;6;0;0;0;1;8f4cdfd9-c6a5-4abe-9c92-0d36fb7e13b7;2025-05-09 12:29:16.4364
1;2;16;6;0;-3;0;-1;8f4cdfd9-c6a5-4abe-9c92-0d36fb7e13b7;2025-05-09 12:29:16.4573
-2;-2;1;-5;0;1;0;-2;8f4cdfd9-c6a5-4abe-9c92-0d36fb7e13b7;2025-05-09 12:29:16.4573
0;-2;-2;-3;0;1;1;1;8f4cdfd9-c6a5-4abe-9c92-0d36fb7e13b7;2025-05-09 12:29:16.4663
1;3;11;4;-4;-1;0;-1;8f4cdfd9-c6a5-4abe-9c92-0d36fb7e13b7;2025-05-09 12:29:16.4663
0;-3;-32;-4;0;-1;-2;1;8f4cdfd9-c6a5-4abe-9c92-0d36fb7e13b7;2025-05-09 12:29:16.4733
1;-1;10;-1;-1;-1;0;0;8f4cdfd9-c6a5-4abe-9c92-0d36fb7e13b7;2025-05-09 12:29:16.4733
-3;-2;4;7;2;0;-1;-1;8f4cdfd9-c6a5-4abe-9c92-0d36fb7e13b7;2025-05-09 12:29:16.4753
1;5;18;-3;4;0;-1;0;8f4cdfd9-c6a5-4abe-9c92-0d36fb7e13b7;2025-05-09 12:29:16.4753
-2;-1;14;-4;-1;-3;-3;-3;8f4cdfd9-c6a5-4abe-9c92-0d36fb7e13b7;2025-05-09 12:29:16.4873
-2;-3;-36;6;-3;-2;-1;1;8f4cdfd9-c6a5-4abe-9c92-0d36fb7e13b7;2025-05-09 12:29:16.4873
-3;-7;-7;-17;-6;-2;-1;-3;8f4cdfd9-c6a5-4abe-9c92-0d36fb7e13b7;2025-05-09 12:29:16.4962
-1;2;28;29;-4;-4;-3;-2;8f4cdfd9-c6a5-4abe-9c92-0d36fb7e13b7;2025-05-09 12:29:16.4962
0;2;-21;0;6;5;3;0;8f4cdfd9-c6a5-4abe-9c92-0d36fb7e13b7;2025-05-09 12:29:16.5107
3;8;28;2;4;0;-2;0;8f4cdfd9-c6a5-4abe-9c92-0d36fb7e13b7;2025-05-09 12:29:16.5107
-2;2;2;-5;-3;-3;-1;0;8f4cdfd9-c6a5-4abe-9c92-0d36fb7e13b7;2025-05-09 12:29:16.5127
0;-7;-22;-13;-3;-2;0;1;8f4cdfd9-c6a5-4abe-9c92-0d36fb7e13b7;2025-05-09 12:29:16.5127
-2;-4;3;0;-2;-2;-2;-2;8f4cdfd9-c6a5-4abe-9c92-0d36fb7e13b7;2025-05-09 12:29:16.5346
-1;1;23;3;-3;0;0;0;8f4cdfd9-c6a5-4abe-9c92-0d36fb7e13b7;2025-05-09 12:29:16.5346
3;7;11;35;7;1;2;1;8f4cdfd9-c6a5-4abe-9c92-0d36fb7e13b7;2025-05-09 12:29:16.5396
0;5;0;-58;-14;-7;-17;-12;8f4cdfd9-c6a5-4abe-9c92-0d36fb7e13b7;2025-05-09 12:29:16.5396
2;2;8;19;2;4;18;13;8f4cdfd9-c6a5-4abe-9c92-0d36fb7e13b7;2025-05-09 12:29:16.5476
8;-8;16;-19;2;0;-3;-1;8f4cdfd9-c6a5-4abe-9c92-0d36fb7e13b7;2025-05-09 12:29:16.5476
-8;-10;-28;40;-4;-5;-1;-2;8f4cdfd9-c6a5-4abe-9c92-0d36fb7e13b7;2025-05-09 12:29:16.5636
-15;0;-14;-11;10;2;0;-2;8f4cdfd9-c6a5-4abe-9c92-0d36fb7e13b7;2025-05-09 12:29:16.5636
20;6;24;-51;-5;-7;-10;-6;8f4cdfd9-c6a5-4abe-9c92-0d36fb7e13b7;2025-05-09 12:29:16.5715
9;-2;-28;-3;-8;1;4;7;8f4cdfd9-c6a5-4abe-9c92-0d36fb7e13b7;2025-05-09 12:29:16.5715
-1;-9;-25;-17;-2;4;-1;0;8f4cdfd9-c6a5-4abe-9c92-0d36fb7e13b7;2025-05-09 12:29:16.5732
2;1;7;30;6;2;2;0;8f4cdfd9-c6a5-4abe-9c92-0d36fb7e13b7;2025-05-09 12:29:16.5732
-9;-7;-15;5;-2;-1;-4;-3;8f4cdfd9-c6a5-4abe-9c92-0d36fb7e13b7;2025-05-09 12:29:16.5941
-8;-3;2;4;1;-2;1;-2;8f4cdfd9-c6a5-4abe-9c92-0d36fb7e13b7;2025-05-09 12:29:16.5941
2;4;18;-19;-4;-3;-3;-5;8f4cdfd9-c6a5-4abe-9c92-0d36fb7e13b7;2025-05-09 12:29:16.5951
-1;-2;19;25;0;0;4;4;8f4cdfd9-c6a5-4abe-9c92-0d36fb7e13b7;2025-05-09 12:29:16.5951
-6;10;4;-1;2;0;-2;-4;8f4cdfd9-c6a5-4abe-9c92-0d36fb7e13b7;2025-05-09 12:29:16.6076
-3;-6;-68;-11;-3;-4;-4;-3;8f4cdfd9-c6a5-4abe-9c92-0d36fb7e13b7;2025-05-09 12:29:16.6076
-3;0;-14;-10;-1;-2;-1;-1;8f4cdfd9-c6a5-4abe-9c92-0d36fb7e13b7;2025-05-09 12:29:16.6165
5;5;38;8;2;1;3;2;8f4cdfd9-c6a5-4abe-9c92-0d36fb7e13b7;2025-05-09 12:29:16.6165
-6;-7;-5;16;1;-3;-5;-3;8f4cdfd9-c6a5-4abe-9c92-0d36fb7e13b7;2025-05-09 12:29:16.6310
-4;2;20;15;1;1;-2;-3;8f4cdfd9-c6a5-4abe-9c92-0d36fb7e13b7;2025-05-09 12:29:16.6310
1;1;-14;-20;-3;-4;-1;0;8f4cdfd9-c6a5-4abe-9c92-0d36fb7e13b7;2025-05-09 12:29:16.6330
-2;-8;-25;-13;-2;0;2;1;8f4cdfd9-c6a5-4abe-9c92-0d36fb7e13b7;2025-05-09 12:29:16.6330
-1;-3;-3;2;-1;1;-1;1;8f4cdfd9-c6a5-4abe-9c92-0d36fb7e13b7;2025-05-09 12:29:16.6535
-8;-2;-3;2;3;0;0;-1;8f4cdfd9-c6a5-4abe-9c92-0d36fb7e13b7;2025-05-09 12:29:16.6535
0;0;16;21;-2;-2;0;-1;8f4cdfd9-c6a5-4abe-9c92-0d36fb7e13b7;2025-05-09 12:29:16.6555
1;-2;-4;-12;-4;1;1;-1;8f4cdfd9-c6a5-4abe-9c92-0d36fb7e13b7;2025-05-09 12:29:16.6555
3;-4;-19;-5;-1;1;0;4;8f4cdfd9-c6a5-4abe-9c92-0d36fb7e13b7;2025-05-09 12:29:16.6669
-17;-4;5;-9;-3;-1;1;1;8f4cdfd9-c6a5-4abe-9c92-0d36fb7e13b7;2025-05-09 12:29:16.6669
-2;11;65;0;1;-2;1;-4;8f4cdfd9-c6a5-4abe-9c92-0d36fb7e13b7;2025-05-09 12:29:16.6839
-4;-9;-58;0;-4;-3;-1;-3;8f4cdfd9-c6a5-4abe-9c92-0d36fb7e13b7;2025-05-09 12:29:16.6839
-2;3;28;7;0;-1;-1;-1;8f4cdfd9-c6a5-4abe-9c92-0d36fb7e13b7;2025-05-09 12:29:16.6909
1;-2;-25;-7;-2;0;-1;-2;8f4cdfd9-c6a5-4abe-9c92-0d36fb7e13b7;2025-05-09 12:29:16.6909
3;-7;-2;3;3;1;-2;2;8f4cdfd9-c6a5-4abe-9c92-0d36fb7e13b7;2025-05-09 12:29:16.6929
-8;-4;-2;-5;-1;-1;-1;-1;8f4cdfd9-c6a5-4abe-9c92-0d36fb7e13b7;2025-05-09 12:29:16.6929
3;1;25;20;2;1;2;2;8f4cdfd9-c6a5-4abe-9c92-0d36fb7e13b7;2025-05-09 12:29:16.7138
1;-1;3;-18;-3;-2;0;-2;8f4cdfd9-c6a5-4abe-9c92-0d36fb7e13b7;2025-05-09 12:29:16.7138
0;6;-19;-17;0;0;-2;0;8f4cdfd9-c6a5-4abe-9c92-0d36fb7e13b7;2025-05-09 12:29:16.7148
4;4;18;17;-5;-4;-2;0;8f4cdfd9-c6a5-4abe-9c92-0d36fb7e13b7;2025-05-09 12:29:16.7158
-4;4;29;14;1;-2;-1;-2;8f4cdfd9-c6a5-4abe-9c92-0d36fb7e13b7;2025-05-09 12:29:16.7357
0;3;-20;3;-3;-1;-3;-3;8f4cdfd9-c6a5-4abe-9c92-0d36fb7e13b7;2025-05-09 12:29:16.7357
2;-3;-31;-6;3;2;3;0;8f4cdfd9-c6a5-4abe-9c92-0d36fb7e13b7;2025-05-09 12:29:16.7377
-2;0;15;4;-1;-1;-2;-1;8f4cdfd9-c6a5-4abe-9c92-0d36fb7e13b7;2025-05-09 12:29:16.7377
-2;2;-6;-6;-2;-1;-3;-3;8f4cdfd9-c6a5-4abe-9c92-0d36fb7e13b7;2025-05-09 12:29:16.7512
0;1;39;15;-1;-1;-1;-2;8f4cdfd9-c6a5-4abe-9c92-0d36fb7e13b7;2025-05-09 12:29:16.7512
-3;-1;-12;-14;-1;-1;-3;0;8f4cdfd9-c6a5-4abe-9c92-0d36fb7e13b7;2025-05-09 12:29:16.7652
2;-2;-10;-4;4;2;0;-1;8f4cdfd9-c6a5-4abe-9c92-0d36fb7e13b7;2025-05-09 12:29:16.7652
-6;-7;-15;-6;-2;0;-2;-1;8f4cdfd9-c6a5-4abe-9c92-0d36fb7e13b7;2025-05-09 12:29:16.7732
0;-7;-12;-12;-11;-3;-2;-1;8f4cdfd9-c6a5-4abe-9c92-0d36fb7e13b7;2025-05-09 12:29:16.7732
0;0;2;5;0;1;0;0;8f4cdfd9-c6a5-4abe-9c92-0d36fb7e13b7;2025-05-09 12:29:16.7752
1;-3;2;-9;1;-1;0;0;8f4cdfd9-c6a5-4abe-9c92-0d36fb7e13b7;2025-05-09 12:29:16.7752
-2;-5;-26;-2;-8;-2;0;-1;8f4cdfd9-c6a5-4abe-9c92-0d36fb7e13b7;2025-05-09 12:29:16.7961
0;-1;8;5;5;2;1;1;8f4cdfd9-c6a5-4abe-9c92-0d36fb7e13b7;2025-05-09 12:29:16.7961
0;0;17;7;0;0;-2;-2;8f4cdfd9-c6a5-4abe-9c92-0d36fb7e13b7;2025-05-09 12:29:16.8130
0;1;0;4;0;0;0;0;8f4cdfd9-c6a5-4abe-9c92-0d36fb7e13b7;2025-05-09 12:29:16.8130
-3;-4;-9;-25;-8;-4;-3;-1;8f4cdfd9-c6a5-4abe-9c92-0d36fb7e13b7;2025-05-09 12:29:16.8130
0;-1;13;2;1;-1;0;-1;8f4cdfd9-c6a5-4abe-9c92-0d36fb7e13b7;2025-05-09 12:29:16.8130
-1;-2;3;12;0;-1;0;-3;8f4cdfd9-c6a5-4abe-9c92-0d36fb7e13b7;2025-05-09 12:29:16.8170
3;0;-12;-24;6;1;0;-1;8f4cdfd9-c6a5-4abe-9c92-0d36fb7e13b7;2025-05-09 12:29:16.8170
-3;-5;-9;1;-8;-6;-1;-2;8f4cdfd9-c6a5-4abe-9c92-0d36fb7e13b7;2025-05-09 12:29:16.8330
-1;0;-13;11;2;1;-2;-1;8f4cdfd9-c6a5-4abe-9c92-0d36fb7e13b7;2025-05-09 12:29:16.8330
-1;2;13;-7;0;-1;-2;-2;8f4cdfd9-c6a5-4abe-9c92-0d36fb7e13b7;2025-05-09 12:29:16.8470
-2;-4;-16;-3;-3;-3;1;1;8f4cdfd9-c6a5-4abe-9c92-0d36fb7e13b7;2025-05-09 12:29:16.8470
-1;-2;6;-9;2;0;0;-1;8f4cdfd9-c6a5-4abe-9c92-0d36fb7e13b7;2025-05-09 12:29:16.8549
0;1;13;1;0;-1;0;2;8f4cdfd9-c6a5-4abe-9c92-0d36fb7e13b7;2025-05-09 12:29:16.8549
-1;0;15;-9;0;-1;0;1;8f4cdfd9-c6a5-4abe-9c92-0d36fb7e13b7;2025-05-09 12:29:16.8699
-1;0;7;14;-1;1;0;0;8f4cdfd9-c6a5-4abe-9c92-0d36fb7e13b7;2025-05-09 12:29:16.8699
-1;-2;-44;14;4;1;-1;-1;8f4cdfd9-c6a5-4abe-9c92-0d36fb7e13b7;2025-05-09 12:29:16.8779
0;1;6;-14;-3;0;0;-2;8f4cdfd9-c6a5-4abe-9c92-0d36fb7e13b7;2025-05-09 12:29:16.8779
-1;-1;-6;1;-6;-2;-1;1;8f4cdfd9-c6a5-4abe-9c92-0d36fb7e13b7;2025-05-09 12:29:16.8859
-1;3;33;19;9;1;0;0;8f4cdfd9-c6a5-4abe-9c92-0d36fb7e13b7;2025-05-09 12:29:16.8859
-2;2;10;-6;2;3;-1;-1;8f4cdfd9-c6a5-4abe-9c92-0d36fb7e13b7;2025-05-09 12:29:16.8928
1;-1;-2;-11;-3;-2;0;-1;8f4cdfd9-c6a5-4abe-9c92-0d36fb7e13b7;2025-05-09 12:29:16.8928
-1;2;6;3;-3;-2;-1;-1;8f4cdfd9-c6a5-4abe-9c92-0d36fb7e13b7;2025-05-09 12:29:16.9153
-1;-5;-20;-13;-9;-5;-3;-1;8f4cdfd9-c6a5-4abe-9c92-0d36fb7e13b7;2025-05-09 12:29:16.9153
1;1;8;13;1;1;1;0;8f4cdfd9-c6a5-4abe-9c92-0d36fb7e13b7;2025-05-09 12:29:16.9223
-1;3;12;-11;0;-1;-1;1;8f4cdfd9-c6a5-4abe-9c92-0d36fb7e13b7;2025-05-09 12:29:16.9223
-3;-6;-36;-5;-2;-1;0;-1;8f4cdfd9-c6a5-4abe-9c92-0d36fb7e13b7;2025-05-09 12:29:16.9452
1;-1;-1;4;-2;0;0;1;8f4cdfd9-c6a5-4abe-9c92-0d36fb7e13b7;2025-05-09 12:29:16.9452
-1;-1;1;-10;1;-2;-2;-2;8f4cdfd9-c6a5-4abe-9c92-0d36fb7e13b7;2025-05-09 12:29:16.9542
2;5;43;24;3;1;0;-1;8f4cdfd9-c6a5-4abe-9c92-0d36fb7e13b7;2025-05-09 12:29:16.9542
-1;-3;-22;-3;-3;-3;-1;-1;8f4cdfd9-c6a5-4abe-9c92-0d36fb7e13b7;2025-05-09 12:29:16.9552
-1;1;3;-14;-5;-2;-2;0;8f4cdfd9-c6a5-4abe-9c92-0d36fb7e13b7;2025-05-09 12:29:16.9552
-1;3;2;2;1;-2;0;0;8f4cdfd9-c6a5-4abe-9c92-0d36fb7e13b7;2025-05-09 12:29:16.9612
1;-3;-18;-8;2;1;1;0;8f4cdfd9-c6a5-4abe-9c92-0d36fb7e13b7;2025-05-09 12:29:16.9612
-3;-2;14;8;0;0;-2;-1;8f4cdfd9-c6a5-4abe-9c92-0d36fb7e13b7;2025-05-09 12:29:16.9632
0;0;-24;-4;1;1;-1;0;8f4cdfd9-c6a5-4abe-9c92-0d36fb7e13b7;2025-05-09 12:29:16.9632
-1;-1;7;-2;-6;-3;-1;-3;8f4cdfd9-c6a5-4abe-9c92-0d36fb7e13b7;2025-05-09 12:29:16.9751
-1;1;-2;11;1;0;0;-3;8f4cdfd9-c6a5-4abe-9c92-0d36fb7e13b7;2025-05-09 12:29:16.9751
0;-5;0;-10;-2;0;-1;-2;8f4cdfd9-c6a5-4abe-9c92-0d36fb7e13b7;2025-05-09 12:29:16.9901
0;-2;-4;-4;-1;1;0;1;8f4cdfd9-c6a5-4abe-9c92-0d36fb7e13b7;2025-05-09 12:29:16.9901
-1;-1;-7;-4;1;1;-1;2;8f4cdfd9-c6a5-4abe-9c92-0d36fb7e13b7;2025-05-09 12:29:16.9981
-2;-4;-5;2;-2;-2;-1;-1;8f4cdfd9-c6a5-4abe-9c92-0d36fb7e13b7;2025-05-09 12:29:16.9981
-1;2;18;-2;2;-1;0;-1;8f4cdfd9-c6a5-4abe-9c92-0d36fb7e13b7;2025-05-09 12:29:17.0290
-2;-1;2;9;-2;-3;0;-3;8f4cdfd9-c6a5-4abe-9c92-0d36fb7e13b7;2025-05-09 12:29:17.0290
0;-1;2;-6;-4;-1;0;0;8f4cdfd9-c6a5-4abe-9c92-0d36fb7e13b7;2025-05-09 12:29:17.0300
-1;-2;-3;0;1;0;1;-1;8f4cdfd9-c6a5-4abe-9c92-0d36fb7e13b7;2025-05-09 12:29:17.0300
1;5;25;-3;-2;1;2;0;8f4cdfd9-c6a5-4abe-9c92-0d36fb7e13b7;2025-05-09 12:29:17.0429
0;-4;-37;11;-1;-1;-1;-1;8f4cdfd9-c6a5-4abe-9c92-0d36fb7e13b7;2025-05-09 12:29:17.0429
-2;-2;1;-9;-6;0;-1;0;8f4cdfd9-c6a5-4abe-9c92-0d36fb7e13b7;2025-05-09 12:29:17.0589
0;-2;-3;-4;3;-1;-2;0;8f4cdfd9-c6a5-4abe-9c92-0d36fb7e13b7;2025-05-09 12:29:17.0589
0;-3;-6;-8;-2;0;-1;-1;8f4cdfd9-c6a5-4abe-9c92-0d36fb7e13b7;2025-05-09 12:29:17.0609
0;2;14;10;3;0;1;-1;8f4cdfd9-c6a5-4abe-9c92-0d36fb7e13b7;2025-05-09 12:29:17.0609
-1;1;9;0;-5;-1;-1;-1;8f4cdfd9-c6a5-4abe-9c92-0d36fb7e13b7;2025-05-09 12:29:17.0729
-2;-3;-2;20;0;0;-1;-3;8f4cdfd9-c6a5-4abe-9c92-0d36fb7e13b7;2025-05-09 12:29:17.0729
-1;-2;-35;-7;-3;-2;-1;-1;8f4cdfd9-c6a5-4abe-9c92-0d36fb7e13b7;2025-05-09 12:29:17.0908
0;-3;12;-11;-5;1;-2;-1;8f4cdfd9-c6a5-4abe-9c92-0d36fb7e13b7;2025-05-09 12:29:17.0908
2;1;9;10;3;0;0;0;8f4cdfd9-c6a5-4abe-9c92-0d36fb7e13b7;2025-05-09 12:29:17.0908
0;0;17;-4;-2;-3;-1;-1;8f4cdfd9-c6a5-4abe-9c92-0d36fb7e13b7;2025-05-09 12:29:17.0908
-2;-2;-2;4;-4;-3;-1;-1;8f4cdfd9-c6a5-4abe-9c92-0d36fb7e13b7;2025-05-09 12:29:17.0948
-2;1;5;-2;-3;-1;-1;-1;8f4cdfd9-c6a5-4abe-9c92-0d36fb7e13b7;2025-05-09 12:29:17.0958
1;-3;-12;1;1;0;-1;-1;8f4cdfd9-c6a5-4abe-9c92-0d36fb7e13b7;2025-05-09 12:29:17.1028
0;2;-2;-1;-1;2;-1;0;8f4cdfd9-c6a5-4abe-9c92-0d36fb7e13b7;2025-05-09 12:29:17.1028
1;1;20;13;2;0;0;0;8f4cdfd9-c6a5-4abe-9c92-0d36fb7e13b7;2025-05-09 12:29:17.1123
-1;-4;-50;-26;-4;-2;-3;-3;8f4cdfd9-c6a5-4abe-9c92-0d36fb7e13b7;2025-05-09 12:29:17.1123
0;0;13;6;0;0;0;0;8f4cdfd9-c6a5-4abe-9c92-0d36fb7e13b7;2025-05-09 12:29:17.1123
-4;-8;-30;-21;-1;-1;1;0;8f4cdfd9-c6a5-4abe-9c92-0d36fb7e13b7;2025-05-09 12:29:17.1123
0;-1;5;12;1;1;-1;-2;8f4cdfd9-c6a5-4abe-9c92-0d36fb7e13b7;2025-05-09 12:29:17.1182
0;0;9;-5;-2;0;0;0;8f4cdfd9-c6a5-4abe-9c92-0d36fb7e13b7;2025-05-09 12:29:17.1192
1;1;6;15;8;4;2;1;8f4cdfd9-c6a5-4abe-9c92-0d36fb7e13b7;2025-05-09 12:29:17.1332
0;2;5;-4;-7;-4;-2;1;8f4cdfd9-c6a5-4abe-9c92-0d36fb7e13b7;2025-05-09 12:29:17.1342
-1;-3;-23;-13;-3;-3;-1;-1;8f4cdfd9-c6a5-4abe-9c92-0d36fb7e13b7;2025-05-09 12:29:17.1352
1;2;15;5;4;1;1;0;8f4cdfd9-c6a5-4abe-9c92-0d36fb7e13b7;2025-05-09 12:29:17.1352
-2;-2;-21;-1;-5;-2;-2;0;8f4cdfd9-c6a5-4abe-9c92-0d36fb7e13b7;2025-05-09 12:29:17.1561
2;4;23;-5;-1;-1;-1;0;8f4cdfd9-c6a5-4abe-9c92-0d36fb7e13b7;2025-05-09 12:29:17.1561
-2;-2;14;2;-5;-3;-1;0;8f4cdfd9-c6a5-4abe-9c92-0d36fb7e13b7;2025-05-09 12:29:17.1571
-1;-1;-19;-2;-2;0;-1;-1;8f4cdfd9-c6a5-4abe-9c92-0d36fb7e13b7;2025-05-09 12:29:17.1581
-2;-1;-2;-9;-1;-1;0;-1;8f4cdfd9-c6a5-4abe-9c92-0d36fb7e13b7;2025-05-09 12:29:17.1701
-3;2;3;15;-1;1;1;-1;8f4cdfd9-c6a5-4abe-9c92-0d36fb7e13b7;2025-05-09 12:29:17.1701
0;-3;-17;-9;3;-1;-1;-2;8f4cdfd9-c6a5-4abe-9c92-0d36fb7e13b7;2025-05-09 12:29:17.1851
0;4;28;-3;1;-1;1;-1;8f4cdfd9-c6a5-4abe-9c92-0d36fb7e13b7;2025-05-09 12:29:17.1851
-2;-11;-40;1;-2;-2;-1;-2;8f4cdfd9-c6a5-4abe-9c92-0d36fb7e13b7;2025-05-09 12:29:17.1930
-2;-1;12;2;-3;-3;-1;-1;8f4cdfd9-c6a5-4abe-9c92-0d36fb7e13b7;2025-05-09 12:29:17.1930
-1;0;0;-3;0;0;-2;-1;8f4cdfd9-c6a5-4abe-9c92-0d36fb7e13b7;2025-05-09 12:29:17.2010
-1;-2;1;7;-3;-2;-1;0;8f4cdfd9-c6a5-4abe-9c92-0d36fb7e13b7;2025-05-09 12:29:17.2010
-2;0;6;-15;3;0;-1;-1;8f4cdfd9-c6a5-4abe-9c92-0d36fb7e13b7;2025-05-09 12:29:17.2235
1;-1;5;7;-5;-3;-2;0;8f4cdfd9-c6a5-4abe-9c92-0d36fb7e13b7;2025-05-09 12:29:17.2235
0;-2;-5;0;-1;0;0;0;8f4cdfd9-c6a5-4abe-9c92-0d36fb7e13b7;2025-05-09 12:29:17.2255
-1;0;-5;4;3;0;0;-1;8f4cdfd9-c6a5-4abe-9c92-0d36fb7e13b7;2025-05-09 12:29:17.2255
0;2;12;13;-1;-4;-1;-1;8f4cdfd9-c6a5-4abe-9c92-0d36fb7e13b7;2025-05-09 12:29:17.2295
0;-1;-14;-21;1;3;0;-1;8f4cdfd9-c6a5-4abe-9c92-0d36fb7e13b7;2025-05-09 12:29:17.2295
-4;-3;8;-6;-8;-1;0;-1;8f4cdfd9-c6a5-4abe-9c92-0d36fb7e13b7;2025-05-09 12:29:17.2444
0;-1;9;5;0;-2;0;0;8f4cdfd9-c6a5-4abe-9c92-0d36fb7e13b7;2025-05-09 12:29:17.2444
-1;-1;3;1;1;2;0;-1;8f4cdfd9-c6a5-4abe-9c92-0d36fb7e13b7;2025-05-09 12:29:17.2534
-3;-2;-8;1;1;0;-1;-1;8f4cdfd9-c6a5-4abe-9c92-0d36fb7e13b7;2025-05-09 12:29:17.2534
0;1;-8;3;-4;-3;-1;0;8f4cdfd9-c6a5-4abe-9c92-0d36fb7e13b7;2025-05-09 12:29:17.2554
-2;-4;2;-13;-2;-2;-1;-2;8f4cdfd9-c6a5-4abe-9c92-0d36fb7e13b7;2025-05-09 12:29:17.2554
-1;2;11;-4;3;-1;-1;-2;8f4cdfd9-c6a5-4abe-9c92-0d36fb7e13b7;2025-05-09 12:29:17.2763
0;-1;-9;1;1;-1;0;-2;8f4cdfd9-c6a5-4abe-9c92-0d36fb7e13b7;2025-05-09 12:29:17.2763
-3;-2;-11;0;-6;-1;-1;-3;8f4cdfd9-c6a5-4abe-9c92-0d36fb7e13b7;2025-05-09 12:29:17.2773
-3;-3;-4;12;-5;0;-1;-1;8f4cdfd9-c6a5-4abe-9c92-0d36fb7e13b7;2025-05-09 12:29:17.2773
-1;5;22;-8;3;0;0;1;8f4cdfd9-c6a5-4abe-9c92-0d36fb7e13b7;2025-05-09 12:29:17.2893
-2;-7;-27;-1;-6;-2;-2;-3;8f4cdfd9-c6a5-4abe-9c92-0d36fb7e13b7;2025-05-09 12:29:17.2903
-2;-3;-14;-5;5;0;1;-1;8f4cdfd9-c6a5-4abe-9c92-0d36fb7e13b7;2025-05-09 12:29:17.2993
-1;-2;4;2;0;2;-1;-1;8f4cdfd9-c6a5-4abe-9c92-0d36fb7e13b7;2025-05-09 12:29:17.2993
-1;-5;-17;10;-1;-2;-1;-2;8f4cdfd9-c6a5-4abe-9c92-0d36fb7e13b7;2025-05-09 12:29:17.3137
0;3;19;-5;-1;-2;-2;0;8f4cdfd9-c6a5-4abe-9c92-0d36fb7e13b7;2025-05-09 12:29:17.3137
-1;-2;1;-2;0;-1;-2;-1;8f4cdfd9-c6a5-4abe-9c92-0d36fb7e13b7;2025-05-09 12:29:17.3147
0;-1;-13;-3;1;0;1;1;8f4cdfd9-c6a5-4abe-9c92-0d36fb7e13b7;2025-05-09 12:29:17.3147
-1;2;19;0;-5;0;-1;0;8f4cdfd9-c6a5-4abe-9c92-0d36fb7e13b7;2025-05-09 12:29:17.3437
-3;0;-1;6;-1;-1;0;-1;8f4cdfd9-c6a5-4abe-9c92-0d36fb7e13b7;2025-05-09 12:29:17.3437
0;0;-2;0;2;-1;-1;-2;8f4cdfd9-c6a5-4abe-9c92-0d36fb7e13b7;2025-05-09 12:29:17.3446
0;-2;-12;-23;-5;-1;0;-1;8f4cdfd9-c6a5-4abe-9c92-0d36fb7e13b7;2025-05-09 12:29:17.3456
-1;-2;-2;26;-3;-3;-1;-2;8f4cdfd9-c6a5-4abe-9c92-0d36fb7e13b7;2025-05-09 12:29:17.3496
0;1;8;6;-3;-1;0;-1;8f4cdfd9-c6a5-4abe-9c92-0d36fb7e13b7;2025-05-09 12:29:17.3496
1;2;15;8;7;3;0;3;8f4cdfd9-c6a5-4abe-9c92-0d36fb7e13b7;2025-05-09 12:29:17.3746
-1;-1;-8;4;2;0;-1;-1;8f4cdfd9-c6a5-4abe-9c92-0d36fb7e13b7;2025-05-09 12:29:17.3746
-2;-5;-6;-20;-4;-1;0;0;8f4cdfd9-c6a5-4abe-9c92-0d36fb7e13b7;2025-05-09 12:29:17.3816
0;-4;-17;0;-3;-2;-2;-1;8f4cdfd9-c6a5-4abe-9c92-0d36fb7e13b7;2025-05-09 12:29:17.3816
0;0;15;2;-2;-2;-2;-2;8f4cdfd9-c6a5-4abe-9c92-0d36fb7e13b7;2025-05-09 12:29:17.3825
0;-2;-2;13;1;-1;-1;0;8f4cdfd9-c6a5-4abe-9c92-0d36fb7e13b7;2025-05-09 12:29:17.3825
0;1;-9;-23;-1;0;-1;0;8f4cdfd9-c6a5-4abe-9c92-0d36fb7e13b7;2025-05-09 12:29:17.3965
-1;-1;-6;4;-3;-1;-1;-1;8f4cdfd9-c6a5-4abe-9c92-0d36fb7e13b7;2025-05-09 12:29:17.3965
-1;-1;2;-6;-1;-1;-1;0;8f4cdfd9-c6a5-4abe-9c92-0d36fb7e13b7;2025-05-09 12:29:17.3975
-1;-3;-3;3;-6;-2;-2;-2;8f4cdfd9-c6a5-4abe-9c92-0d36fb7e13b7;2025-05-09 12:29:17.3975
-1;-1;-8;1;-4;-1;0;-1;8f4cdfd9-c6a5-4abe-9c92-0d36fb7e13b7;2025-05-09 12:29:17.4100
0;-1;5;-15;1;-2;0;-1;8f4cdfd9-c6a5-4abe-9c92-0d36fb7e13b7;2025-05-09 12:29:17.4100
-1;-2;4;6;-3;-1;-1;0;8f4cdfd9-c6a5-4abe-9c92-0d36fb7e13b7;2025-05-09 12:29:17.4190
-1;-2;-21;-4;0;-3;0;0;8f4cdfd9-c6a5-4abe-9c92-0d36fb7e13b7;2025-05-09 12:29:17.4190
-1;-2;2;5;-4;1;-1;-1;8f4cdfd9-c6a5-4abe-9c92-0d36fb7e13b7;2025-05-09 12:29:17.4339
-1;0;-7;-3;3;2;1;1;8f4cdfd9-c6a5-4abe-9c92-0d36fb7e13b7;2025-05-09 12:29:17.4339
-2;-2;27;2;-2;-1;1;-1;8f4cdfd9-c6a5-4abe-9c92-0d36fb7e13b7;2025-05-09 12:29:17.4399
-1;-5;-50;-5;-1;-4;-1;-2;8f4cdfd9-c6a5-4abe-9c92-0d36fb7e13b7;2025-05-09 12:29:17.4399
-2;-1;10;-18;-4;-3;-1;-1;8f4cdfd9-c6a5-4abe-9c92-0d36fb7e13b7;2025-05-09 12:29:17.4564
-1;-4;-6;-1;-1;0;-1;1;8f4cdfd9-c6a5-4abe-9c92-0d36fb7e13b7;2025-05-09 12:29:17.4564
1;1;-6;8;3;3;1;0;8f4cdfd9-c6a5-4abe-9c92-0d36fb7e13b7;2025-05-09 12:29:17.4574
-1;3;27;-4;-1;-1;1;0;8f4cdfd9-c6a5-4abe-9c92-0d36fb7e13b7;2025-05-09 12:29:17.4574
-2;-2;-15;5;3;0;-1;-1;8f4cdfd9-c6a5-4abe-9c92-0d36fb7e13b7;2025-05-09 12:29:17.4783
-2;-4;-5;1;1;0;-3;-1;8f4cdfd9-c6a5-4abe-9c92-0d36fb7e13b7;2025-05-09 12:29:17.4783
0;4;11;-4;-1;-1;-1;-1;8f4cdfd9-c6a5-4abe-9c92-0d36fb7e13b7;2025-05-09 12:29:17.4803
-3;-5;-4;-15;-8;-4;-1;-2;8f4cdfd9-c6a5-4abe-9c92-0d36fb7e13b7;2025-05-09 12:29:17.4803
-1;-2;-6;8;9;1;-1;1;8f4cdfd9-c6a5-4abe-9c92-0d36fb7e13b7;2025-05-09 12:29:17.4933
0;2;15;12;-2;0;-1;-1;8f4cdfd9-c6a5-4abe-9c92-0d36fb7e13b7;2025-05-09 12:29:17.4933
-1;-4;-31;-8;-2;-2;-2;-3;8f4cdfd9-c6a5-4abe-9c92-0d36fb7e13b7;2025-05-09 12:29:17.4953
1;5;36;2;1;1;-1;0;8f4cdfd9-c6a5-4abe-9c92-0d36fb7e13b7;2025-05-09 12:29:17.4953
-1;-5;-18;-5;-1;-2;-2;-1;8f4cdfd9-c6a5-4abe-9c92-0d36fb7e13b7;2025-05-09 12:29:17.5152
-1;-4;-16;3;-3;-4;-1;-1;8f4cdfd9-c6a5-4abe-9c92-0d36fb7e13b7;2025-05-09 12:29:17.5152
-2;2;6;-16;2;1;0;-1;8f4cdfd9-c6a5-4abe-9c92-0d36fb7e13b7;2025-05-09 12:29:17.5232
0;0;0;3;-2;0;0;-2;8f4cdfd9-c6a5-4abe-9c92-0d36fb7e13b7;2025-05-09 12:29:17.5242
-1;0;2;-1;-4;-1;-2;0;8f4cdfd9-c6a5-4abe-9c92-0d36fb7e13b7;2025-05-09 12:29:17.5302
0;3;21;13;5;1;-2;2;8f4cdfd9-c6a5-4abe-9c92-0d36fb7e13b7;2025-05-09 12:29:17.5302
-4;-10;-64;-17;-7;-3;-3;0;8f4cdfd9-c6a5-4abe-9c92-0d36fb7e13b7;2025-05-09 12:29:17.5381
1;0;18;4;6;1;-2;-1;8f4cdfd9-c6a5-4abe-9c92-0d36fb7e13b7;2025-05-09 12:29:17.5391
0;-1;0;0;-6;0;1;-1;8f4cdfd9-c6a5-4abe-9c92-0d36fb7e13b7;2025-05-09 12:29:17.5541
0;2;-4;-5;5;1;1;0;8f4cdfd9-c6a5-4abe-9c92-0d36fb7e13b7;2025-05-09 12:29:17.5541
-1;-1;19;5;-3;-3;-1;0;8f4cdfd9-c6a5-4abe-9c92-0d36fb7e13b7;2025-05-09 12:29:17.5551
-4;-6;-25;-8;-3;-2;0;-2;8f4cdfd9-c6a5-4abe-9c92-0d36fb7e13b7;2025-05-09 12:29:17.5551
0;-4;-27;-8;-4;-2;0;-1;8f4cdfd9-c6a5-4abe-9c92-0d36fb7e13b7;2025-05-09 12:29:17.5760
-1;0;7;-7;-4;-2;0;-2;8f4cdfd9-c6a5-4abe-9c92-0d36fb7e13b7;2025-05-09 12:29:17.5760
-1;0;5;-3;-2;1;1;0;8f4cdfd9-c6a5-4abe-9c92-0d36fb7e13b7;2025-05-09 12:29:17.5780
0;3;23;21;2;-1;0;0;8f4cdfd9-c6a5-4abe-9c92-0d36fb7e13b7;2025-05-09 12:29:17.5780
-3;-2;-21;-5;1;2;-2;0;8f4cdfd9-c6a5-4abe-9c92-0d36fb7e13b7;2025-05-09 12:29:17.5990
-3;0;-2;-3;-3;1;-1;-1;8f4cdfd9-c6a5-4abe-9c92-0d36fb7e13b7;2025-05-09 12:29:17.5990
-1;0;-5;-1;2;1;-1;1;8f4cdfd9-c6a5-4abe-9c92-0d36fb7e13b7;2025-05-09 12:29:17.6000
-1;-3;9;-2;-1;-1;-2;-3;8f4cdfd9-c6a5-4abe-9c92-0d36fb7e13b7;2025-05-09 12:29:17.6000
0;2;12;1;-1;-2;-1;-1;8f4cdfd9-c6a5-4abe-9c92-0d36fb7e13b7;2025-05-09 12:29:17.6134
0;-3;-3;-10;-1;-1;-2;-1;8f4cdfd9-c6a5-4abe-9c92-0d36fb7e13b7;2025-05-09 12:29:17.6134
0;0;9;10;1;-1;0;0;8f4cdfd9-c6a5-4abe-9c92-0d36fb7e13b7;2025-05-09 12:29:17.6154
0;-1;-2;1;-8;-3;-2;-1;8f4cdfd9-c6a5-4abe-9c92-0d36fb7e13b7;2025-05-09 12:29:17.6154
3;2;2;-3;1;2;3;1;8f4cdfd9-c6a5-4abe-9c92-0d36fb7e13b7;2025-05-09 12:29:17.6434
-3;-4;5;-2;-2;-1;0;-2;8f4cdfd9-c6a5-4abe-9c92-0d36fb7e13b7;2025-05-09 12:29:17.6434
-1;0;-8;6;-2;-1;-2;-1;8f4cdfd9-c6a5-4abe-9c92-0d36fb7e13b7;2025-05-09 12:29:17.6454
-2;-1;-13;0;2;0;-1;0;8f4cdfd9-c6a5-4abe-9c92-0d36fb7e13b7;2025-05-09 12:29:17.6454
0;0;11;-1;-3;-4;-1;-1;8f4cdfd9-c6a5-4abe-9c92-0d36fb7e13b7;2025-05-09 12:29:17.6494
-2;-2;1;1;-1;0;0;1;8f4cdfd9-c6a5-4abe-9c92-0d36fb7e13b7;2025-05-09 12:29:17.6494
0;-1;-4;-15;5;2;1;0;8f4cdfd9-c6a5-4abe-9c92-0d36fb7e13b7;2025-05-09 12:29:17.6583
2;5;31;2;1;1;0;0;8f4cdfd9-c6a5-4abe-9c92-0d36fb7e13b7;2025-05-09 12:29:17.6583
-2;-3;-8;8;-4;-2;-2;-2;8f4cdfd9-c6a5-4abe-9c92-0d36fb7e13b7;2025-05-09 12:29:17.6733
-3;-7;-53;-17;-6;-3;0;-3;8f4cdfd9-c6a5-4abe-9c92-0d36fb7e13b7;2025-05-09 12:29:17.6733
-1;-1;0;-1;-4;-3;-2;-1;8f4cdfd9-c6a5-4abe-9c92-0d36fb7e13b7;2025-05-09 12:29:17.6753
-1;0;-7;-2;1;-1;-1;0;8f4cdfd9-c6a5-4abe-9c92-0d36fb7e13b7;2025-05-09 12:29:17.6753
0;0;19;0;3;1;-1;-1;8f4cdfd9-c6a5-4abe-9c92-0d36fb7e13b7;2025-05-09 12:29:17.6962
0;0;7;-1;0;0;1;2;8f4cdfd9-c6a5-4abe-9c92-0d36fb7e13b7;2025-05-09 12:29:17.6962
0;2;22;13;3;1;2;-1;8f4cdfd9-c6a5-4abe-9c92-0d36fb7e13b7;2025-05-09 12:29:17.6982
-1;-5;-35;-7;-2;0;1;-1;8f4cdfd9-c6a5-4abe-9c92-0d36fb7e13b7;2025-05-09 12:29:17.6982
-2;1;15;3;-1;-4;-3;0;8f4cdfd9-c6a5-4abe-9c92-0d36fb7e13b7;2025-05-09 12:29:17.7097
0;3;18;5;-4;0;-1;-2;8f4cdfd9-c6a5-4abe-9c92-0d36fb7e13b7;2025-05-09 12:29:17.7097
-1;-3;-26;-13;4;-2;-2;-2;8f4cdfd9-c6a5-4abe-9c92-0d36fb7e13b7;2025-05-09 12:29:17.7187
0;2;14;24;2;0;-1;-1;8f4cdfd9-c6a5-4abe-9c92-0d36fb7e13b7;2025-05-09 12:29:17.7187
-1;1;3;-13;-2;0;2;-1;8f4cdfd9-c6a5-4abe-9c92-0d36fb7e13b7;2025-05-09 12:29:17.7336
-1;0;-4;-6;-1;0;-2;-2;8f4cdfd9-c6a5-4abe-9c92-0d36fb7e13b7;2025-05-09 12:29:17.7336
1;-2;12;2;-2;-2;-2;-2;8f4cdfd9-c6a5-4abe-9c92-0d36fb7e13b7;2025-05-09 12:29:17.7396
-2;-2;2;-6;-4;-1;-3;-2;8f4cdfd9-c6a5-4abe-9c92-0d36fb7e13b7;2025-05-09 12:29:17.7396
-1;-2;-17;1;2;-2;0;0;8f4cdfd9-c6a5-4abe-9c92-0d36fb7e13b7;2025-05-09 12:29:17.7566
0;0;5;1;1;0;-1;1;8f4cdfd9-c6a5-4abe-9c92-0d36fb7e13b7;2025-05-09 12:29:17.7566
-1;-1;2;-1;0;0;-2;0;8f4cdfd9-c6a5-4abe-9c92-0d36fb7e13b7;2025-05-09 12:29:17.7576
-2;-4;-9;-4;2;-1;0;-1;8f4cdfd9-c6a5-4abe-9c92-0d36fb7e13b7;2025-05-09 12:29:17.7576
1;2;13;11;1;0;0;-1;8f4cdfd9-c6a5-4abe-9c92-0d36fb7e13b7;2025-05-09 12:29:17.7696
-2;-4;-12;-9;-5;-4;-1;-1;8f4cdfd9-c6a5-4abe-9c92-0d36fb7e13b7;2025-05-09 12:29:17.7696
-1;-4;-18;0;-3;1;-2;-2;8f4cdfd9-c6a5-4abe-9c92-0d36fb7e13b7;2025-05-09 12:29:17.7845
-1;5;37;10;3;1;-2;-1;8f4cdfd9-c6a5-4abe-9c92-0d36fb7e13b7;2025-05-09 12:29:17.7845
-2;-7;-54;-16;-4;-2;-1;-3;8f4cdfd9-c6a5-4abe-9c92-0d36fb7e13b7;2025-05-09 12:29:17.7935
0;0;2;11;0;-1;-1;-1;8f4cdfd9-c6a5-4abe-9c92-0d36fb7e13b7;2025-05-09 12:29:17.7935
1;1;-6;-18;-1;-3;1;0;8f4cdfd9-c6a5-4abe-9c92-0d36fb7e13b7;2025-05-09 12:29:17.7955
-3;-1;23;5;-10;-4;-3;-2;8f4cdfd9-c6a5-4abe-9c92-0d36fb7e13b7;2025-05-09 12:29:17.7955
0;1;20;7;5;4;1;0;8f4cdfd9-c6a5-4abe-9c92-0d36fb7e13b7;2025-05-09 12:29:17.8149
-2;0;3;-1;1;-1;-1;0;8f4cdfd9-c6a5-4abe-9c92-0d36fb7e13b7;2025-05-09 12:29:17.8149
-3;-1;-4;8;-3;-1;0;-1;8f4cdfd9-c6a5-4abe-9c92-0d36fb7e13b7;2025-05-09 12:29:17.8239
1;1;1;-19;-1;-2;0;0;8f4cdfd9-c6a5-4abe-9c92-0d36fb7e13b7;2025-05-09 12:29:17.8239
1;0;7;-1;-2;-1;-3;0;8f4cdfd9-c6a5-4abe-9c92-0d36fb7e13b7;2025-05-09 12:29:17.8379
-1;-2;-4;1;1;-2;0;-1;8f4cdfd9-c6a5-4abe-9c92-0d36fb7e13b7;2025-05-09 12:29:17.8389
0;3;27;5;-5;0;-2;0;8f4cdfd9-c6a5-4abe-9c92-0d36fb7e13b7;2025-05-09 12:29:17.8548
0;-3;-44;-3;7;2;2;2;8f4cdfd9-c6a5-4abe-9c92-0d36fb7e13b7;2025-05-09 12:29:17.8548
-2;-1;5;-3;-2;1;-2;-1;8f4cdfd9-c6a5-4abe-9c92-0d36fb7e13b7;2025-05-09 12:29:17.8548
-1;2;1;13;1;0;-1;-2;8f4cdfd9-c6a5-4abe-9c92-0d36fb7e13b7;2025-05-09 12:29:17.8548
-1;-1;4;3;-3;-3;-2;-1;8f4cdfd9-c6a5-4abe-9c92-0d36fb7e13b7;2025-05-09 12:29:17.8568
-2;-2;-11;-7;-5;-3;-2;0;8f4cdfd9-c6a5-4abe-9c92-0d36fb7e13b7;2025-05-09 12:29:17.8568
0;-1;1;-5;-2;-1;1;-1;8f4cdfd9-c6a5-4abe-9c92-0d36fb7e13b7;2025-05-09 12:29:17.8828
0;1;9;11;1;1;0;0;8f4cdfd9-c6a5-4abe-9c92-0d36fb7e13b7;2025-05-09 12:29:17.8828
-3;0;-1;-10;0;0;-2;0;8f4cdfd9-c6a5-4abe-9c92-0d36fb7e13b7;2025-05-09 12:29:17.9132
-1;0;9;1;1;0;-1;0;8f4cdfd9-c6a5-4abe-9c92-0d36fb7e13b7;2025-05-09 12:29:17.9132
-3;-1;-10;-3;-2;-2;-3;0;8f4cdfd9-c6a5-4abe-9c92-0d36fb7e13b7;2025-05-09 12:29:17.9222
0;-2;-7;-12;-3;-3;-1;-1;8f4cdfd9-c6a5-4abe-9c92-0d36fb7e13b7;2025-05-09 12:29:17.9222
-1;-2;-8;12;0;1;2;-2;8f4cdfd9-c6a5-4abe-9c92-0d36fb7e13b7;2025-05-09 12:29:17.9241
-1;-4;-17;-2;0;1;-2;-1;8f4cdfd9-c6a5-4abe-9c92-0d36fb7e13b7;2025-05-09 12:29:17.9241
-1;3;27;-14;0;0;0;-1;8f4cdfd9-c6a5-4abe-9c92-0d36fb7e13b7;2025-05-09 12:29:17.9251
-1;0;-6;23;-1;-1;-1;-2;8f4cdfd9-c6a5-4abe-9c92-0d36fb7e13b7;2025-05-09 12:29:17.9251
-1;-1;2;3;-3;-2;-2;1;8f4cdfd9-c6a5-4abe-9c92-0d36fb7e13b7;2025-05-09 12:29:17.9361
0;-2;-2;-13;1;1;1;-1;8f4cdfd9-c6a5-4abe-9c92-0d36fb7e13b7;2025-05-09 12:29:17.9361
0;-1;2;-8;-6;-2;-1;0;8f4cdfd9-c6a5-4abe-9c92-0d36fb7e13b7;2025-05-09 12:29:17.9501
0;2;12;20;9;0;-1;-1;8f4cdfd9-c6a5-4abe-9c92-0d36fb7e13b7;2025-05-09 12:29:17.9501
-2;-4;-19;-14;-4;2;-1;0;8f4cdfd9-c6a5-4abe-9c92-0d36fb7e13b7;2025-05-09 12:29:17.9650
0;-5;-14;-8;-4;-1;0;1;8f4cdfd9-c6a5-4abe-9c92-0d36fb7e13b7;2025-05-09 12:29:17.9650
-1;1;9;6;2;0;-1;0;8f4cdfd9-c6a5-4abe-9c92-0d36fb7e13b7;2025-05-09 12:29:17.9800
-2;-3;-4;-9;-3;-4;-1;-3;8f4cdfd9-c6a5-4abe-9c92-0d36fb7e13b7;2025-05-09 12:29:17.9800
0;1;-2;8;0;-2;0;-2;8f4cdfd9-c6a5-4abe-9c92-0d36fb7e13b7;2025-05-09 12:29:17.9890
1;3;10;-3;-1;-1;-1;-2;8f4cdfd9-c6a5-4abe-9c92-0d36fb7e13b7;2025-05-09 12:29:17.9890
-3;-1;-6;-5;-2;-1;-1;-2;8f4cdfd9-c6a5-4abe-9c92-0d36fb7e13b7;2025-05-09 12:29:17.9900
0;1;6;5;-2;1;0;0;8f4cdfd9-c6a5-4abe-9c92-0d36fb7e13b7;2025-05-09 12:29:17.9900
-1;1;18;17;-1;-1;-1;1;8f4cdfd9-c6a5-4abe-9c92-0d36fb7e13b7;2025-05-09 12:29:17.9960
0;3;22;4;0;1;-1;-2;8f4cdfd9-c6a5-4abe-9c92-0d36fb7e13b7;2025-05-09 12:29:17.9960
-2;-12;-59;-15;-5;-4;-2;-2;8f4cdfd9-c6a5-4abe-9c92-0d36fb7e13b7;2025-05-09 12:29:17.9980
-2;-2;1;-11;-3;0;1;-1;8f4cdfd9-c6a5-4abe-9c92-0d36fb7e13b7;2025-05-09 12:29:17.9980
1;0;1;5;2;-1;-1;0;8f4cdfd9-c6a5-4abe-9c92-0d36fb7e13b7;2025-05-09 12:29:18.0179
-1;-2;15;-1;-1;-2;-1;1;8f4cdfd9-c6a5-4abe-9c92-0d36fb7e13b7;2025-05-09 12:29:18.0179
2;1;6;-5;3;1;-2;0;8f4cdfd9-c6a5-4abe-9c92-0d36fb7e13b7;2025-05-09 12:29:18.0324
-1;-1;17;16;-5;-4;-3;-2;8f4cdfd9-c6a5-4abe-9c92-0d36fb7e13b7;2025-05-09 12:29:18.0324
-1;-3;-7;2;-3;-1;1;-3;8f4cdfd9-c6a5-4abe-9c92-0d36fb7e13b7;2025-05-09 12:29:18.0473
-1;-1;-6;-12;-1;0;1;0;8f4cdfd9-c6a5-4abe-9c92-0d36fb7e13b7;2025-05-09 12:29:18.0473
1;4;19;15;3;0;2;0;8f4cdfd9-c6a5-4abe-9c92-0d36fb7e13b7;2025-05-09 12:29:18.0583
0;-4;-39;-16;-2;0;-2;0;8f4cdfd9-c6a5-4abe-9c92-0d36fb7e13b7;2025-05-09 12:29:18.0583
0;-1;5;2;2;-1;-1;-2;8f4cdfd9-c6a5-4abe-9c92-0d36fb7e13b7;2025-05-09 12:29:18.0593
-1;-2;-13;-6;-3;-1;0;0;8f4cdfd9-c6a5-4abe-9c92-0d36fb7e13b7;2025-05-09 12:29:18.0593
-1;2;4;1;-2;-2;-1;-2;8f4cdfd9-c6a5-4abe-9c92-0d36fb7e13b7;2025-05-09 12:29:18.0623
1;0;16;-1;0;-1;0;0;8f4cdfd9-c6a5-4abe-9c92-0d36fb7e13b7;2025-05-09 12:29:18.0623
-2;0;-6;0;-2;-1;-1;-1;8f4cdfd9-c6a5-4abe-9c92-0d36fb7e13b7;2025-05-09 12:29:18.0773
-2;-5;-9;-7;-2;-1;-2;-1;8f4cdfd9-c6a5-4abe-9c92-0d36fb7e13b7;2025-05-09 12:29:18.0783
-2;0;7;3;0;-1;-2;0;8f4cdfd9-c6a5-4abe-9c92-0d36fb7e13b7;2025-05-09 12:29:18.0932
-1;-1;-3;-4;-3;-1;-1;-2;8f4cdfd9-c6a5-4abe-9c92-0d36fb7e13b7;2025-05-09 12:29:18.0942
1;0;4;-1;0;0;-1;-1;8f4cdfd9-c6a5-4abe-9c92-0d36fb7e13b7;2025-05-09 12:29:18.0942
0;0;-1;1;-2;1;-1;0;8f4cdfd9-c6a5-4abe-9c92-0d36fb7e13b7;2025-05-09 12:29:18.0942
-3;-2;-8;11;-1;-1;-1;1;8f4cdfd9-c6a5-4abe-9c92-0d36fb7e13b7;2025-05-09 12:29:18.1002
-1;0;5;-15;0;0;-1;1;8f4cdfd9-c6a5-4abe-9c92-0d36fb7e13b7;2025-05-09 12:29:18.1002
-4;-3;-3;-11;-2;-2;-3;-1;8f4cdfd9-c6a5-4abe-9c92-0d36fb7e13b7;2025-05-09 12:29:18.1157
1;1;13;12;3;0;1;-1;8f4cdfd9-c6a5-4abe-9c92-0d36fb7e13b7;2025-05-09 12:29:18.1157
-1;-2;-20;-3;-3;-1;0;-2;8f4cdfd9-c6a5-4abe-9c92-0d36fb7e13b7;2025-05-09 12:29:18.1241
-1;-2;1;1;-1;-1;1;0;8f4cdfd9-c6a5-4abe-9c92-0d36fb7e13b7;2025-05-09 12:29:18.1241
0;-1;-23;2;-5;0;-1;0;8f4cdfd9-c6a5-4abe-9c92-0d36fb7e13b7;2025-05-09 12:29:18.1376
0;-2;3;-4;1;0;-2;0;8f4cdfd9-c6a5-4abe-9c92-0d36fb7e13b7;2025-05-09 12:29:18.1376
2;6;38;11;0;2;1;-1;8f4cdfd9-c6a5-4abe-9c92-0d36fb7e13b7;2025-05-09 12:29:18.1541
-1;-3;-38;-4;-2;-1;0;-2;8f4cdfd9-c6a5-4abe-9c92-0d36fb7e13b7;2025-05-09 12:29:18.1541
-2;1;2;-5;-1;-2;-1;0;8f4cdfd9-c6a5-4abe-9c92-0d36fb7e13b7;2025-05-09 12:29:18.1541
-1;0;-1;-1;-2;-1;-1;0;8f4cdfd9-c6a5-4abe-9c92-0d36fb7e13b7;2025-05-09 12:29:18.1541
1;-2;6;-3;0;0;-2;0;8f4cdfd9-c6a5-4abe-9c92-0d36fb7e13b7;2025-05-09 12:29:18.1601
1;0;6;3;0;0;-1;-3;8f4cdfd9-c6a5-4abe-9c92-0d36fb7e13b7;2025-05-09 12:29:18.1601
-1;-1;4;-3;-1;-2;-2;0;8f4cdfd9-c6a5-4abe-9c92-0d36fb7e13b7;2025-05-09 12:29:18.1760
-2;-2;-9;-2;4;1;0;-2;8f4cdfd9-c6a5-4abe-9c92-0d36fb7e13b7;2025-05-09 12:29:18.1760
-1;-2;-5;-5;-2;1;-1;-1;8f4cdfd9-c6a5-4abe-9c92-0d36fb7e13b7;2025-05-09 12:29:18.1780
-3;0;6;-2;-2;-2;1;0;8f4cdfd9-c6a5-4abe-9c92-0d36fb7e13b7;2025-05-09 12:29:18.1780
0;-4;-4;-2;4;0;1;1;8f4cdfd9-c6a5-4abe-9c92-0d36fb7e13b7;2025-05-09 12:29:18.1980
-1;-2;-5;-4;-6;-1;-1;1;8f4cdfd9-c6a5-4abe-9c92-0d36fb7e13b7;2025-05-09 12:29:18.1980
-1;1;11;8;-2;-2;-1;0;8f4cdfd9-c6a5-4abe-9c92-0d36fb7e13b7;2025-05-09 12:29:18.2059
0;-2;-9;-6;-2;-2;-2;-2;8f4cdfd9-c6a5-4abe-9c92-0d36fb7e13b7;2025-05-09 12:29:18.2059
-1;0;5;3;0;-3;-2;-2;8f4cdfd9-c6a5-4abe-9c92-0d36fb7e13b7;2025-05-09 12:29:18.2129
1;2;3;-7;-3;-2;0;-1;8f4cdfd9-c6a5-4abe-9c92-0d36fb7e13b7;2025-05-09 12:29:18.2129
0;-3;-15;-2;2;1;0;-1;8f4cdfd9-c6a5-4abe-9c92-0d36fb7e13b7;2025-05-09 12:29:18.2209
0;-2;-2;-15;0;1;2;1;8f4cdfd9-c6a5-4abe-9c92-0d36fb7e13b7;2025-05-09 12:29:18.2209
-3;-1;3;12;-5;-2;0;-1;8f4cdfd9-c6a5-4abe-9c92-0d36fb7e13b7;2025-05-09 12:29:18.2349
-1;2;6;11;-1;-2;-2;0;8f4cdfd9-c6a5-4abe-9c92-0d36fb7e13b7;2025-05-09 12:29:18.2349
-2;-1;-9;-5;-2;-2;-2;-1;8f4cdfd9-c6a5-4abe-9c92-0d36fb7e13b7;2025-05-09 12:29:18.2438
1;1;11;3;0;-2;-2;-1;8f4cdfd9-c6a5-4abe-9c92-0d36fb7e13b7;2025-05-09 12:29:18.2438
1;-2;-13;-11;-2;1;1;0;8f4cdfd9-c6a5-4abe-9c92-0d36fb7e13b7;2025-05-09 12:29:18.2588
-1;-1;-7;1;2;-1;0;-1;8f4cdfd9-c6a5-4abe-9c92-0d36fb7e13b7;2025-05-09 12:29:18.2588
0;0;36;-2;-2;-1;-1;-1;8f4cdfd9-c6a5-4abe-9c92-0d36fb7e13b7;2025-05-09 12:29:18.2598
-1;-1;-16;-4;-4;1;-1;-1;8f4cdfd9-c6a5-4abe-9c92-0d36fb7e13b7;2025-05-09 12:29:18.2598
0;1;8;3;2;1;-1;-2;8f4cdfd9-c6a5-4abe-9c92-0d36fb7e13b7;2025-05-09 12:29:18.2728
0;-2;-6;-1;0;0;-2;-2;8f4cdfd9-c6a5-4abe-9c92-0d36fb7e13b7;2025-05-09 12:29:18.2728
0;-1;-4;-6;2;-2;0;-1;8f4cdfd9-c6a5-4abe-9c92-0d36fb7e13b7;2025-05-09 12:29:18.2807
0;2;20;6;2;-2;-2;-1;8f4cdfd9-c6a5-4abe-9c92-0d36fb7e13b7;2025-05-09 12:29:18.2817
0;-4;-8;4;-2;-3;-3;0;8f4cdfd9-c6a5-4abe-9c92-0d36fb7e13b7;2025-05-09 12:29:18.2957
-1;0;-8;-18;-6;-2;-1;-1;8f4cdfd9-c6a5-4abe-9c92-0d36fb7e13b7;2025-05-09 12:29:18.2957
-2;-1;-3;3;-8;-1;-1;-1;8f4cdfd9-c6a5-4abe-9c92-0d36fb7e13b7;2025-05-09 12:29:18.2977
-1;1;6;6;2;1;0;1;8f4cdfd9-c6a5-4abe-9c92-0d36fb7e13b7;2025-05-09 12:29:18.2977
0;1;-2;2;2;1;1;-1;8f4cdfd9-c6a5-4abe-9c92-0d36fb7e13b7;2025-05-09 12:29:18.3192
-1;1;22;2;1;-1;1;0;8f4cdfd9-c6a5-4abe-9c92-0d36fb7e13b7;2025-05-09 12:29:18.3192
-2;-7;-68;-14;-7;-2;-1;-1;8f4cdfd9-c6a5-4abe-9c92-0d36fb7e13b7;2025-05-09 12:29:18.3207
-2;-1;-6;-4;-2;-2;-2;-1;8f4cdfd9-c6a5-4abe-9c92-0d36fb7e13b7;2025-05-09 12:29:18.3207
1;2;30;15;2;-1;-3;-1;8f4cdfd9-c6a5-4abe-9c92-0d36fb7e13b7;2025-05-09 12:29:18.3326
-1;-5;-25;-14;-4;-1;0;-2;8f4cdfd9-c6a5-4abe-9c92-0d36fb7e13b7;2025-05-09 12:29:18.3326
-2;-2;14;-1;2;1;-1;-1;8f4cdfd9-c6a5-4abe-9c92-0d36fb7e13b7;2025-05-09 12:29:18.3416
1;0;-1;-3;2;1;-1;0;8f4cdfd9-c6a5-4abe-9c92-0d36fb7e13b7;2025-05-09 12:29:18.3416
-1;-3;-5;0;-2;0;-1;-2;8f4cdfd9-c6a5-4abe-9c92-0d36fb7e13b7;2025-05-09 12:29:18.3566
0;-1;6;3;-1;-1;0;0;8f4cdfd9-c6a5-4abe-9c92-0d36fb7e13b7;2025-05-09 12:29:18.3566
-1;0;-4;-10;6;1;2;1;8f4cdfd9-c6a5-4abe-9c92-0d36fb7e13b7;2025-05-09 12:29:18.3576
-3;-4;-5;10;-6;-4;-3;-1;8f4cdfd9-c6a5-4abe-9c92-0d36fb7e13b7;2025-05-09 12:29:18.3576
0;4;41;9;-4;-1;0;1;8f4cdfd9-c6a5-4abe-9c92-0d36fb7e13b7;2025-05-09 12:29:18.3785
-2;-6;-56;-7;0;2;-1;0;8f4cdfd9-c6a5-4abe-9c92-0d36fb7e13b7;2025-05-09 12:29:18.3785
-1;-4;-22;-8;1;-1;-1;-1;8f4cdfd9-c6a5-4abe-9c92-0d36fb7e13b7;2025-05-09 12:29:18.3805
-2;0;2;-9;0;-1;-1;0;8f4cdfd9-c6a5-4abe-9c92-0d36fb7e13b7;2025-05-09 12:29:18.3805
0;-1;-12;-9;-2;-1;0;-1;8f4cdfd9-c6a5-4abe-9c92-0d36fb7e13b7;2025-05-09 12:29:18.3999
-2;1;9;9;-1;-4;-1;-2;8f4cdfd9-c6a5-4abe-9c92-0d36fb7e13b7;2025-05-09 12:29:18.3999
0;-1;0;-5;2;-1;-1;0;8f4cdfd9-c6a5-4abe-9c92-0d36fb7e13b7;2025-05-09 12:29:18.4084
-2;-1;-3;1;-3;1;-1;-1;8f4cdfd9-c6a5-4abe-9c92-0d36fb7e13b7;2025-05-09 12:29:18.4084
0;-2;6;8;-1;-2;-3;-1;8f4cdfd9-c6a5-4abe-9c92-0d36fb7e13b7;2025-05-09 12:29:18.4159
2;0;9;-10;1;0;-1;-1;8f4cdfd9-c6a5-4abe-9c92-0d36fb7e13b7;2025-05-09 12:29:18.4159
1;2;8;9;-2;-2;-1;-1;8f4cdfd9-c6a5-4abe-9c92-0d36fb7e13b7;2025-05-09 12:29:18.4179
-1;-1;8;3;0;-1;-1;-1;8f4cdfd9-c6a5-4abe-9c92-0d36fb7e13b7;2025-05-09 12:29:18.4179
-2;-3;-12;-8;2;0;0;-2;8f4cdfd9-c6a5-4abe-9c92-0d36fb7e13b7;2025-05-09 12:29:18.4389
0;3;7;4;4;-1;-1;0;8f4cdfd9-c6a5-4abe-9c92-0d36fb7e13b7;2025-05-09 12:29:18.4389
-2;-5;-2;-1;-6;-1;0;0;8f4cdfd9-c6a5-4abe-9c92-0d36fb7e13b7;2025-05-09 12:29:18.4398
0;1;23;5;-2;1;0;-1;8f4cdfd9-c6a5-4abe-9c92-0d36fb7e13b7;2025-05-09 12:29:18.4398
-1;-3;-44;-21;-3;0;0;0;8f4cdfd9-c6a5-4abe-9c92-0d36fb7e13b7;2025-05-09 12:29:18.4518
-1;0;10;8;0;-1;-3;-2;8f4cdfd9-c6a5-4abe-9c92-0d36fb7e13b7;2025-05-09 12:29:18.4518
0;-2;-18;-8;-3;-1;-2;0;8f4cdfd9-c6a5-4abe-9c92-0d36fb7e13b7;2025-05-09 12:29:18.4608
0;-1;-4;10;0;0;-2;0;8f4cdfd9-c6a5-4abe-9c92-0d36fb7e13b7;2025-05-09 12:29:18.4608
-2;0;10;-11;0;-2;-1;-1;8f4cdfd9-c6a5-4abe-9c92-0d36fb7e13b7;2025-05-09 12:29:18.4768
-1;2;11;-20;-1;-1;0;-2;8f4cdfd9-c6a5-4abe-9c92-0d36fb7e13b7;2025-05-09 12:29:18.4768
-2;-4;-6;14;-4;-2;-1;-1;8f4cdfd9-c6a5-4abe-9c92-0d36fb7e13b7;2025-05-09 12:29:18.4778
1;-1;4;2;1;-1;-1;0;8f4cdfd9-c6a5-4abe-9c92-0d36fb7e13b7;2025-05-09 12:29:18.4788
-2;-2;-23;1;0;1;-1;-1;8f4cdfd9-c6a5-4abe-9c92-0d36fb7e13b7;2025-05-09 12:29:18.4987
0;-1;-3;-16;3;3;-1;1;8f4cdfd9-c6a5-4abe-9c92-0d36fb7e13b7;2025-05-09 12:29:18.4987
-1;1;21;10;-5;-3;-2;-3;8f4cdfd9-c6a5-4abe-9c92-0d36fb7e13b7;2025-05-09 12:29:18.4997
0;-2;-8;-9;-2;-2;-2;-1;8f4cdfd9-c6a5-4abe-9c92-0d36fb7e13b7;2025-05-09 12:29:18.4997
1;-2;6;2;-2;-1;1;-2;8f4cdfd9-c6a5-4abe-9c92-0d36fb7e13b7;2025-05-09 12:29:18.5122
-1;-1;-2;8;4;-1;0;1;8f4cdfd9-c6a5-4abe-9c92-0d36fb7e13b7;2025-05-09 12:29:18.5122
-1;1;3;-2;2;-2;0;-2;8f4cdfd9-c6a5-4abe-9c92-0d36fb7e13b7;2025-05-09 12:29:18.5212
-1;-2;-2;-2;-5;-1;-1;-1;8f4cdfd9-c6a5-4abe-9c92-0d36fb7e13b7;2025-05-09 12:29:18.5212
-1;1;3;3;0;0;-1;1;8f4cdfd9-c6a5-4abe-9c92-0d36fb7e13b7;2025-05-09 12:29:18.5361
-1;-1;-1;1;-5;-2;-2;-2;8f4cdfd9-c6a5-4abe-9c92-0d36fb7e13b7;2025-05-09 12:29:18.5361
1;1;3;-3;4;2;0;-1;8f4cdfd9-c6a5-4abe-9c92-0d36fb7e13b7;2025-05-09 12:29:18.5421
-1;0;-8;-2;3;0;0;-1;8f4cdfd9-c6a5-4abe-9c92-0d36fb7e13b7;2025-05-09 12:29:18.5421
0;0;-4;-17;3;1;4;0;8f4cdfd9-c6a5-4abe-9c92-0d36fb7e13b7;2025-05-09 12:29:18.5660
-2;-2;13;10;-4;-4;0;1;8f4cdfd9-c6a5-4abe-9c92-0d36fb7e13b7;2025-05-09 12:29:18.5660
-3;1;11;10;-1;-2;-4;-2;8f4cdfd9-c6a5-4abe-9c92-0d36fb7e13b7;2025-05-09 12:29:18.5680
0;-3;-21;-15;-4;0;-1;-2;8f4cdfd9-c6a5-4abe-9c92-0d36fb7e13b7;2025-05-09 12:29:18.5680
-1;-6;-26;-4;-3;-3;-2;-1;8f4cdfd9-c6a5-4abe-9c92-0d36fb7e13b7;2025-05-09 12:29:18.5720
-1;-2;0;7;4;2;-1;-2;8f4cdfd9-c6a5-4abe-9c92-0d36fb7e13b7;2025-05-09 12:29:18.5720
1;0;6;-6;4;2;1;0;8f4cdfd9-c6a5-4abe-9c92-0d36fb7e13b7;2025-05-09 12:29:18.5890
-2;1;17;11;4;1;1;1;8f4cdfd9-c6a5-4abe-9c92-0d36fb7e13b7;2025-05-09 12:29:18.5890
-1;-1;-9;-6;-3;-2;-1;-2;8f4cdfd9-c6a5-4abe-9c92-0d36fb7e13b7;2025-05-09 12:29:18.5960
-2;-3;-6;1;-4;-1;-1;-1;8f4cdfd9-c6a5-4abe-9c92-0d36fb7e13b7;2025-05-09 12:29:18.5960
-1;0;5;-2;0;-2;-2;1;8f4cdfd9-c6a5-4abe-9c92-0d36fb7e13b7;2025-05-09 12:29:18.5980
1;-2;-2;-1;-6;-2;-1;1;8f4cdfd9-c6a5-4abe-9c92-0d36fb7e13b7;2025-05-09 12:29:18.5980
1;-1;8;-1;3;0;0;1;8f4cdfd9-c6a5-4abe-9c92-0d36fb7e13b7;2025-05-09 12:29:18.6189
2;3;-1;0;-4;-2;-1;0;8f4cdfd9-c6a5-4abe-9c92-0d36fb7e13b7;2025-05-09 12:29:18.6189
1;0;3;4;2;0;1;0;8f4cdfd9-c6a5-4abe-9c92-0d36fb7e13b7;2025-05-09 12:29:18.6199
-1;-1;2;-3;-2;-1;1;0;8f4cdfd9-c6a5-4abe-9c92-0d36fb7e13b7;2025-05-09 12:29:18.6199
-2;-1;6;2;-3;-2;-3;-1;8f4cdfd9-c6a5-4abe-9c92-0d36fb7e13b7;2025-05-09 12:29:18.6319
0;-2;-8;0;-1;-1;-1;-2;8f4cdfd9-c6a5-4abe-9c92-0d36fb7e13b7;2025-05-09 12:29:18.6319
0;1;15;9;-4;1;-1;-1;8f4cdfd9-c6a5-4abe-9c92-0d36fb7e13b7;2025-05-09 12:29:18.6409
-1;-1;-26;0;1;-2;-1;-1;8f4cdfd9-c6a5-4abe-9c92-0d36fb7e13b7;2025-05-09 12:29:18.6409
0;2;11;-6;-1;0;-2;-1;8f4cdfd9-c6a5-4abe-9c92-0d36fb7e13b7;2025-05-09 12:29:18.6558
-1;-5;-4;-20;1;-1;0;-1;8f4cdfd9-c6a5-4abe-9c92-0d36fb7e13b7;2025-05-09 12:29:18.6558
-2;-1;23;7;-3;-2;-2;-2;8f4cdfd9-c6a5-4abe-9c92-0d36fb7e13b7;2025-05-09 12:29:18.6618
-2;-1;-1;-8;1;0;0;0;8f4cdfd9-c6a5-4abe-9c92-0d36fb7e13b7;2025-05-09 12:29:18.6628
-2;-3;-2;25;-1;-2;-2;-1;8f4cdfd9-c6a5-4abe-9c92-0d36fb7e13b7;2025-05-09 12:29:18.6788
-3;-1;9;9;-3;-1;-2;-3;8f4cdfd9-c6a5-4abe-9c92-0d36fb7e13b7;2025-05-09 12:29:18.6788
-1;0;-11;-7;1;0;0;0;8f4cdfd9-c6a5-4abe-9c92-0d36fb7e13b7;2025-05-09 12:29:18.6807
-1;2;23;-4;-1;-1;-1;-2;8f4cdfd9-c6a5-4abe-9c92-0d36fb7e13b7;2025-05-09 12:29:18.6807
0;-2;-36;-16;-2;0;-3;-1;8f4cdfd9-c6a5-4abe-9c92-0d36fb7e13b7;2025-05-09 12:29:18.6927
0;-1;0;1;-1;-1;-2;0;8f4cdfd9-c6a5-4abe-9c92-0d36fb7e13b7;2025-05-09 12:29:18.6927
0;-1;-8;-4;0;-1;0;0;8f4cdfd9-c6a5-4abe-9c92-0d36fb7e13b7;2025-05-09 12:29:18.7007
0;1;3;-1;0;-2;-2;-1;8f4cdfd9-c6a5-4abe-9c92-0d36fb7e13b7;2025-05-09 12:29:18.7017
-1;1;17;7;2;-1;1;-2;8f4cdfd9-c6a5-4abe-9c92-0d36fb7e13b7;2025-05-09 12:29:18.7157
-1;0;-2;2;-1;0;-1;0;8f4cdfd9-c6a5-4abe-9c92-0d36fb7e13b7;2025-05-09 12:29:18.7157
0;-2;-13;0;1;0;0;-1;8f4cdfd9-c6a5-4abe-9c92-0d36fb7e13b7;2025-05-09 12:29:18.7226
1;0;-3;0;0;0;0;1;8f4cdfd9-c6a5-4abe-9c92-0d36fb7e13b7;2025-05-09 12:29:18.7226
-3;1;8;2;-2;-1;-1;-1;8f4cdfd9-c6a5-4abe-9c92-0d36fb7e13b7;2025-05-09 12:29:18.7386
-1;0;2;1;-1;-1;0;2;8f4cdfd9-c6a5-4abe-9c92-0d36fb7e13b7;2025-05-09 12:29:18.7386
-1;-2;-25;-7;-2;0;1;0;8f4cdfd9-c6a5-4abe-9c92-0d36fb7e13b7;2025-05-09 12:29:18.7406
-1;-5;-9;-11;-1;1;0;-1;8f4cdfd9-c6a5-4abe-9c92-0d36fb7e13b7;2025-05-09 12:29:18.7406
-1;-2;12;6;0;0;-1;0;8f4cdfd9-c6a5-4abe-9c92-0d36fb7e13b7;2025-05-09 12:29:18.7685
-1;6;38;14;5;3;2;-1;8f4cdfd9-c6a5-4abe-9c92-0d36fb7e13b7;2025-05-09 12:29:18.7685
-4;-9;-63;-25;-12;-6;-2;-2;8f4cdfd9-c6a5-4abe-9c92-0d36fb7e13b7;2025-05-09 12:29:18.7705
-2;-1;11;20;-1;-3;-2;-4;8f4cdfd9-c6a5-4abe-9c92-0d36fb7e13b7;2025-05-09 12:29:18.7705
1;-1;-12;-6;0;-2;2;0;8f4cdfd9-c6a5-4abe-9c92-0d36fb7e13b7;2025-05-09 12:29:18.7755
0;2;9;-5;-3;0;-1;-1;8f4cdfd9-c6a5-4abe-9c92-0d36fb7e13b7;2025-05-09 12:29:18.7755
0;1;28;3;6;3;1;0;8f4cdfd9-c6a5-4abe-9c92-0d36fb7e13b7;2025-05-09 12:29:18.7825
-2;-2;-10;1;-1;0;-2;-1;8f4cdfd9-c6a5-4abe-9c92-0d36fb7e13b7;2025-05-09 12:29:18.7825
0;1;23;3;-3;-2;0;0;8f4cdfd9-c6a5-4abe-9c92-0d36fb7e13b7;2025-05-09 12:29:18.7984
-2;-5;-45;-12;-3;-2;-3;-3;8f4cdfd9-c6a5-4abe-9c92-0d36fb7e13b7;2025-05-09 12:29:18.7984
-2;2;6;0;-6;-4;-1;-1;8f4cdfd9-c6a5-4abe-9c92-0d36fb7e13b7;2025-05-09 12:29:18.8124
0;-1;-12;-2;6;3;0;0;8f4cdfd9-c6a5-4abe-9c92-0d36fb7e13b7;2025-05-09 12:29:18.8124
0;1;14;7;3;3;1;1;8f4cdfd9-c6a5-4abe-9c92-0d36fb7e13b7;2025-05-09 12:29:18.8204
0;-1;-2;2;-1;0;1;-2;8f4cdfd9-c6a5-4abe-9c92-0d36fb7e13b7;2025-05-09 12:29:18.8204
-2;-1;-7;-3;-1;-2;-2;-1;8f4cdfd9-c6a5-4abe-9c92-0d36fb7e13b7;2025-05-09 12:29:18.8284
-1;3;11;2;-4;-1;-1;0;8f4cdfd9-c6a5-4abe-9c92-0d36fb7e13b7;2025-05-09 12:29:18.8284
0;-2;-9;-7;-3;-2;-3;-1;8f4cdfd9-c6a5-4abe-9c92-0d36fb7e13b7;2025-05-09 12:29:18.8353
-2;-6;-2;3;-1;-2;-2;-1;8f4cdfd9-c6a5-4abe-9c92-0d36fb7e13b7;2025-05-09 12:29:18.8353
1;5;11;3;1;1;-3;0;8f4cdfd9-c6a5-4abe-9c92-0d36fb7e13b7;2025-05-09 12:29:18.8423
-1;1;-2;0;-1;-4;-2;-2;8f4cdfd9-c6a5-4abe-9c92-0d36fb7e13b7;2025-05-09 12:29:18.8423
1;6;1;-4;0;2;0;1;8f4cdfd9-c6a5-4abe-9c92-0d36fb7e13b7;2025-05-09 12:29:18.8573
-5;-11;-13;-10;-7;-4;-4;-3;8f4cdfd9-c6a5-4abe-9c92-0d36fb7e13b7;2025-05-09 12:29:18.8573
4;12;30;6;6;5;2;1;8f4cdfd9-c6a5-4abe-9c92-0d36fb7e13b7;2025-05-09 12:29:18.8722
-4;-12;-46;-15;-5;-3;0;-2;8f4cdfd9-c6a5-4abe-9c92-0d36fb7e13b7;2025-05-09 12:29:18.8722
-1;3;9;8;5;2;1;1;8f4cdfd9-c6a5-4abe-9c92-0d36fb7e13b7;2025-05-09 12:29:18.8802
0;-1;-19;-7;-8;-3;1;1;8f4cdfd9-c6a5-4abe-9c92-0d36fb7e13b7;2025-05-09 12:29:18.8802
-1;-1;14;-3;1;1;0;-2;8f4cdfd9-c6a5-4abe-9c92-0d36fb7e13b7;2025-05-09 12:29:18.8882
-1;-2;4;13;-4;-3;0;-1;8f4cdfd9-c6a5-4abe-9c92-0d36fb7e13b7;2025-05-09 12:29:18.8892
-2;-5;-10;-6;-1;-3;-2;-3;8f4cdfd9-c6a5-4abe-9c92-0d36fb7e13b7;2025-05-09 12:29:18.8952
0;3;13;6;3;1;1;1;8f4cdfd9-c6a5-4abe-9c92-0d36fb7e13b7;2025-05-09 12:29:18.8952
-1;-5;2;-1;-2;-2;-3;0;8f4cdfd9-c6a5-4abe-9c92-0d36fb7e13b7;2025-05-09 12:29:18.9101
1;1;1;-6;-2;0;-1;0;8f4cdfd9-c6a5-4abe-9c92-0d36fb7e13b7;2025-05-09 12:29:18.9101
1;5;2;7;1;-2;0;-1;8f4cdfd9-c6a5-4abe-9c92-0d36fb7e13b7;2025-05-09 12:29:18.9181
0;4;8;-3;2;2;-1;0;8f4cdfd9-c6a5-4abe-9c92-0d36fb7e13b7;2025-05-09 12:29:18.9181
0;2;-12;-2;-1;-1;1;0;8f4cdfd9-c6a5-4abe-9c92-0d36fb7e13b7;2025-05-09 12:29:18.9324
1;4;23;12;1;-1;-1;-1;8f4cdfd9-c6a5-4abe-9c92-0d36fb7e13b7;2025-05-09 12:29:18.9324
-3;-1;-37;-29;-9;-2;-2;-2;8f4cdfd9-c6a5-4abe-9c92-0d36fb7e13b7;2025-05-09 12:29:18.9401
-1;-1;-6;3;-1;-3;-3;0;8f4cdfd9-c6a5-4abe-9c92-0d36fb7e13b7;2025-05-09 12:29:18.9401
0;2;-6;3;-3;-1;1;0;8f4cdfd9-c6a5-4abe-9c92-0d36fb7e13b7;2025-05-09 12:29:18.9580
0;7;36;2;7;3;0;0;8f4cdfd9-c6a5-4abe-9c92-0d36fb7e13b7;2025-05-09 12:29:18.9580
-4;-13;-49;-8;-4;2;-6;-5;8f4cdfd9-c6a5-4abe-9c92-0d36fb7e13b7;2025-05-09 12:29:18.9580
-1;3;0;-3;-1;-1;8;5;8f4cdfd9-c6a5-4abe-9c92-0d36fb7e13b7;2025-05-09 12:29:18.9580
-2;-4;0;-4;-2;-2;-3;-2;8f4cdfd9-c6a5-4abe-9c92-0d36fb7e13b7;2025-05-09 12:29:18.9620
-1;2;8;13;-2;-4;-3;-1;8f4cdfd9-c6a5-4abe-9c92-0d36fb7e13b7;2025-05-09 12:29:18.9620
-3;-11;13;-1;-5;-2;-2;0;8f4cdfd9-c6a5-4abe-9c92-0d36fb7e13b7;2025-05-09 12:29:18.9779
1;-3;-11;-2;-1;1;-2;-3;8f4cdfd9-c6a5-4abe-9c92-0d36fb7e13b7;2025-05-09 12:29:18.9779
-3;-5;4;-1;4;-1;-2;0;8f4cdfd9-c6a5-4abe-9c92-0d36fb7e13b7;2025-05-09 12:29:18.9919
1;4;8;6;1;0;2;2;8f4cdfd9-c6a5-4abe-9c92-0d36fb7e13b7;2025-05-09 12:29:18.9919
-2;2;-3;1;2;-2;-1;-1;8f4cdfd9-c6a5-4abe-9c92-0d36fb7e13b7;2025-05-09 12:29:19.0079
1;4;3;0;-4;-5;-3;0;8f4cdfd9-c6a5-4abe-9c92-0d36fb7e13b7;2025-05-09 12:29:19.0079
-1;0;14;11;5;2;0;-1;8f4cdfd9-c6a5-4abe-9c92-0d36fb7e13b7;2025-05-09 12:29:19.0238
0;-5;-26;-20;-1;2;-1;-1;8f4cdfd9-c6a5-4abe-9c92-0d36fb7e13b7;2025-05-09 12:29:19.0248
-1;5;35;19;5;-1;-1;1;8f4cdfd9-c6a5-4abe-9c92-0d36fb7e13b7;2025-05-09 12:29:19.0248
-1;-5;-36;-2;-5;-3;-1;-2;8f4cdfd9-c6a5-4abe-9c92-0d36fb7e13b7;2025-05-09 12:29:19.0248
-2;-6;-20;-17;-3;-2;-1;-1;8f4cdfd9-c6a5-4abe-9c92-0d36fb7e13b7;2025-05-09 12:29:19.0268
0;-3;-7;-11;-8;0;0;0;8f4cdfd9-c6a5-4abe-9c92-0d36fb7e13b7;2025-05-09 12:29:19.0268
0;-1;32;20;1;0;-1;0;8f4cdfd9-c6a5-4abe-9c92-0d36fb7e13b7;2025-05-09 12:29:19.0448
0;0;-17;-12;3;0;0;0;8f4cdfd9-c6a5-4abe-9c92-0d36fb7e13b7;2025-05-09 12:29:19.0448
2;1;15;13;-3;-2;-3;0;8f4cdfd9-c6a5-4abe-9c92-0d36fb7e13b7;2025-05-09 12:29:19.0757
-2;-5;-14;-12;1;2;-1;-3;8f4cdfd9-c6a5-4abe-9c92-0d36fb7e13b7;2025-05-09 12:29:19.0757
0;7;13;-2;-5;-3;0;-1;8f4cdfd9-c6a5-4abe-9c92-0d36fb7e13b7;2025-05-09 12:29:19.0907
-2;-7;13;3;1;-1;-4;-3;8f4cdfd9-c6a5-4abe-9c92-0d36fb7e13b7;2025-05-09 12:29:19.0907
-2;-7;-17;-6;-3;-2;-1;0;8f4cdfd9-c6a5-4abe-9c92-0d36fb7e13b7;2025-05-09 12:29:19.1131
-2;-1;2;-2;-2;-1;-1;-1;8f4cdfd9-c6a5-4abe-9c92-0d36fb7e13b7;2025-05-09 12:29:19.1131
0;0;-5;-3;-1;-1;1;1;8f4cdfd9-c6a5-4abe-9c92-0d36fb7e13b7;2025-05-09 12:29:19.1201
-1;0;2;3;4;2;0;1;8f4cdfd9-c6a5-4abe-9c92-0d36fb7e13b7;2025-05-09 12:29:19.1201
0;1;42;-1;-5;-2;-1;-3;8f4cdfd9-c6a5-4abe-9c92-0d36fb7e13b7;2025-05-09 12:29:19.1311
-3;-5;-46;-3;-2;-3;-1;-1;8f4cdfd9-c6a5-4abe-9c92-0d36fb7e13b7;2025-05-09 12:29:19.1311
0;0;1;-8;-2;0;-1;1;8f4cdfd9-c6a5-4abe-9c92-0d36fb7e13b7;2025-05-09 12:29:19.1311
-1;-2;1;-6;2;-1;-1;-1;8f4cdfd9-c6a5-4abe-9c92-0d36fb7e13b7;2025-05-09 12:29:19.1311
-2;-8;-13;-16;-8;-3;0;-2;8f4cdfd9-c6a5-4abe-9c92-0d36fb7e13b7;2025-05-09 12:29:19.1325
-2;2;2;1;-1;0;-1;0;8f4cdfd9-c6a5-4abe-9c92-0d36fb7e13b7;2025-05-09 12:29:19.1325
-2;-3;4;2;1;-1;-1;0;8f4cdfd9-c6a5-4abe-9c92-0d36fb7e13b7;2025-05-09 12:29:19.1360
0;0;-12;0;0;1;-1;-2;8f4cdfd9-c6a5-4abe-9c92-0d36fb7e13b7;2025-05-09 12:29:19.1360
0;-2;-7;-7;-1;-1;-2;1;8f4cdfd9-c6a5-4abe-9c92-0d36fb7e13b7;2025-05-09 12:29:19.1500
1;-3;-23;0;-4;-2;-1;-3;8f4cdfd9-c6a5-4abe-9c92-0d36fb7e13b7;2025-05-09 12:29:19.1500
0;1;20;1;-2;0;1;1;8f4cdfd9-c6a5-4abe-9c92-0d36fb7e13b7;2025-05-09 12:29:19.1660
0;5;27;6;0;-1;3;0;8f4cdfd9-c6a5-4abe-9c92-0d36fb7e13b7;2025-05-09 12:29:19.1660
-3;-5;-25;-3;-3;-3;-3;-1;8f4cdfd9-c6a5-4abe-9c92-0d36fb7e13b7;2025-05-09 12:29:19.1680
2;-1;0;-30;-1;1;-2;1;8f4cdfd9-c6a5-4abe-9c92-0d36fb7e13b7;2025-05-09 12:29:19.1680
0;1;1;19;-5;-3;-1;-1;8f4cdfd9-c6a5-4abe-9c92-0d36fb7e13b7;2025-05-09 12:29:19.1799
1;2;7;-6;-1;1;0;-1;8f4cdfd9-c6a5-4abe-9c92-0d36fb7e13b7;2025-05-09 12:29:19.1799
-4;-5;-9;-2;1;-2;-2;-1;8f4cdfd9-c6a5-4abe-9c92-0d36fb7e13b7;2025-05-09 12:29:19.1889
1;1;15;6;-3;-1;-1;0;8f4cdfd9-c6a5-4abe-9c92-0d36fb7e13b7;2025-05-09 12:29:19.1899
1;-2;-11;-7;1;0;-2;-2;8f4cdfd9-c6a5-4abe-9c92-0d36fb7e13b7;2025-05-09 12:29:19.2029
0;-5;-4;1;-1;-1;-2;0;8f4cdfd9-c6a5-4abe-9c92-0d36fb7e13b7;2025-05-09 12:29:19.2029
0;5;17;17;3;1;0;-1;8f4cdfd9-c6a5-4abe-9c92-0d36fb7e13b7;2025-05-09 12:29:19.2098
0;1;9;-14;-3;-2;-2;-1;8f4cdfd9-c6a5-4abe-9c92-0d36fb7e13b7;2025-05-09 12:29:19.2098
-1;-3;-18;-11;1;0;-1;-1;8f4cdfd9-c6a5-4abe-9c92-0d36fb7e13b7;2025-05-09 12:29:19.2327
-3;-4;0;13;0;-2;0;-2;8f4cdfd9-c6a5-4abe-9c92-0d36fb7e13b7;2025-05-09 12:29:19.2327
0;1;1;-6;-1;-1;0;0;8f4cdfd9-c6a5-4abe-9c92-0d36fb7e13b7;2025-05-09 12:29:19.2403
-1;0;11;11;1;-2;0;0;8f4cdfd9-c6a5-4abe-9c92-0d36fb7e13b7;2025-05-09 12:29:19.2403
0;2;-3;3;2;0;-1;0;8f4cdfd9-c6a5-4abe-9c92-0d36fb7e13b7;2025-05-09 12:29:19.2572
0;5;15;-4;-2;0;-2;1;8f4cdfd9-c6a5-4abe-9c92-0d36fb7e13b7;2025-05-09 12:29:19.2572
-3;-4;-3;7;-4;-2;-3;-2;8f4cdfd9-c6a5-4abe-9c92-0d36fb7e13b7;2025-05-09 12:29:19.2582
-1;0;-9;-10;-2;0;0;1;8f4cdfd9-c6a5-4abe-9c92-0d36fb7e13b7;2025-05-09 12:29:19.2582
-1;-3;-6;-13;4;2;-1;0;8f4cdfd9-c6a5-4abe-9c92-0d36fb7e13b7;2025-05-09 12:29:19.2852
-1;-4;-21;2;-3;-1;-1;1;8f4cdfd9-c6a5-4abe-9c92-0d36fb7e13b7;2025-05-09 12:29:19.2852
0;1;16;13;2;-1;0;-1;8f4cdfd9-c6a5-4abe-9c92-0d36fb7e13b7;2025-05-09 12:29:19.2931
0;0;10;-12;-4;2;-1;-1;8f4cdfd9-c6a5-4abe-9c92-0d36fb7e13b7;2025-05-09 12:29:19.2931
-1;-2;-1;8;2;-1;-2;-2;8f4cdfd9-c6a5-4abe-9c92-0d36fb7e13b7;2025-05-09 12:29:19.3455
-1;1;20;-1;0;-2;-1;-2;8f4cdfd9-c6a5-4abe-9c92-0d36fb7e13b7;2025-05-09 12:29:19.3455
1;-1;-10;-3;-5;0;-1;-1;8f4cdfd9-c6a5-4abe-9c92-0d36fb7e13b7;2025-05-09 12:29:19.3769
0;-1;3;4;2;-1;-1;-2;8f4cdfd9-c6a5-4abe-9c92-0d36fb7e13b7;2025-05-09 12:29:19.3769
0;-1;-3;-4;-1;0;1;0;8f4cdfd9-c6a5-4abe-9c92-0d36fb7e13b7;2025-05-09 12:29:19.3909
0;-5;-1;-7;-2;-3;-1;-2;8f4cdfd9-c6a5-4abe-9c92-0d36fb7e13b7;2025-05-09 12:29:19.3909
1;5;9;-1;2;-1;0;0;8f4cdfd9-c6a5-4abe-9c92-0d36fb7e13b7;2025-05-09 12:29:19.3919
-3;-4;-7;3;-2;-1;-2;-1;8f4cdfd9-c6a5-4abe-9c92-0d36fb7e13b7;2025-05-09 12:29:19.3919
2;3;9;7;3;-1;0;0;8f4cdfd9-c6a5-4abe-9c92-0d36fb7e13b7;2025-05-09 12:29:19.4073
-1;-2;-6;-1;0;0;-1;-2;8f4cdfd9-c6a5-4abe-9c92-0d36fb7e13b7;2025-05-09 12:29:19.4073
2;4;22;14;1;0;-1;-1;8f4cdfd9-c6a5-4abe-9c92-0d36fb7e13b7;2025-05-09 12:29:19.4083
-1;-2;-23;-2;-2;-2;-2;-1;8f4cdfd9-c6a5-4abe-9c92-0d36fb7e13b7;2025-05-09 12:29:19.4083
-2;-9;-40;-17;-4;0;-2;-2;8f4cdfd9-c6a5-4abe-9c92-0d36fb7e13b7;2025-05-09 12:29:19.4138
-3;-2;6;6;0;0;-2;-1;8f4cdfd9-c6a5-4abe-9c92-0d36fb7e13b7;2025-05-09 12:29:19.4148
-1;1;-2;-13;-1;-1;-1;-1;8f4cdfd9-c6a5-4abe-9c92-0d36fb7e13b7;2025-05-09 12:29:19.4148
-1;-2;11;6;0;-1;0;-2;8f4cdfd9-c6a5-4abe-9c92-0d36fb7e13b7;2025-05-09 12:29:19.4148
0;3;7;-6;-3;-3;0;-1;8f4cdfd9-c6a5-4abe-9c92-0d36fb7e13b7;2025-05-09 12:29:19.4288
-1;-4;-10;1;1;1;-2;-1;8f4cdfd9-c6a5-4abe-9c92-0d36fb7e13b7;2025-05-09 12:29:19.4288
0;0;8;5;-3;0;0;-1;8f4cdfd9-c6a5-4abe-9c92-0d36fb7e13b7;2025-05-09 12:29:19.4298
-2;-1;-6;3;0;-2;-2;0;8f4cdfd9-c6a5-4abe-9c92-0d36fb7e13b7;2025-05-09 12:29:19.4298
-2;2;5;5;-1;-2;-3;-1;8f4cdfd9-c6a5-4abe-9c92-0d36fb7e13b7;2025-05-09 12:29:19.4438
1;1;1;0;0;-2;0;0;8f4cdfd9-c6a5-4abe-9c92-0d36fb7e13b7;2025-05-09 12:29:19.4438
-2;-3;-8;-8;0;1;0;-2;8f4cdfd9-c6a5-4abe-9c92-0d36fb7e13b7;2025-05-09 12:29:19.4448
0;1;0;0;2;1;0;-1;8f4cdfd9-c6a5-4abe-9c92-0d36fb7e13b7;2025-05-09 12:29:19.4448
-1;-3;0;3;-3;-2;-2;-1;8f4cdfd9-c6a5-4abe-9c92-0d36fb7e13b7;2025-05-09 12:29:19.4577
1;-2;-7;-5;-2;-1;-2;0;8f4cdfd9-c6a5-4abe-9c92-0d36fb7e13b7;2025-05-09 12:29:19.4577
0;-1;5;-7;1;1;-1;-1;8f4cdfd9-c6a5-4abe-9c92-0d36fb7e13b7;2025-05-09 12:29:19.4657
1;-2;-5;-4;-1;-1;1;-2;8f4cdfd9-c6a5-4abe-9c92-0d36fb7e13b7;2025-05-09 12:29:19.4657
1;3;5;-9;-5;0;0;0;8f4cdfd9-c6a5-4abe-9c92-0d36fb7e13b7;2025-05-09 12:29:19.4886
-1;3;20;12;2;-1;0;-1;8f4cdfd9-c6a5-4abe-9c92-0d36fb7e13b7;2025-05-09 12:29:19.4886
0;-4;-47;-21;-1;-1;0;0;8f4cdfd9-c6a5-4abe-9c92-0d36fb7e13b7;2025-05-09 12:29:19.4896
-2;1;19;9;6;-1;-2;-1;8f4cdfd9-c6a5-4abe-9c92-0d36fb7e13b7;2025-05-09 12:29:19.4896
-5;-2;6;20;-3;-3;-4;-3;8f4cdfd9-c6a5-4abe-9c92-0d36fb7e13b7;2025-05-09 12:29:19.5116
0;0;6;3;-5;1;0;-3;8f4cdfd9-c6a5-4abe-9c92-0d36fb7e13b7;2025-05-09 12:29:19.5116
1;2;6;-4;-2;0;-2;-1;8f4cdfd9-c6a5-4abe-9c92-0d36fb7e13b7;2025-05-09 12:29:19.5121
0;-6;-30;-10;2;1;-2;1;8f4cdfd9-c6a5-4abe-9c92-0d36fb7e13b7;2025-05-09 12:29:19.5121
0;1;-1;-5;-1;-1;0;-2;8f4cdfd9-c6a5-4abe-9c92-0d36fb7e13b7;2025-05-09 12:29:19.5181
-3;-3;2;-7;-1;-3;-2;-2;8f4cdfd9-c6a5-4abe-9c92-0d36fb7e13b7;2025-05-09 12:29:19.5181
-2;-1;4;3;0;-3;2;0;8f4cdfd9-c6a5-4abe-9c92-0d36fb7e13b7;2025-05-09 12:29:19.5191
0;3;9;1;-3;-1;-2;-1;8f4cdfd9-c6a5-4abe-9c92-0d36fb7e13b7;2025-05-09 12:29:19.5191
0;-3;-2;-2;-2;-1;1;1;8f4cdfd9-c6a5-4abe-9c92-0d36fb7e13b7;2025-05-09 12:29:19.5400
-3;-1;3;10;0;-2;-2;-2;8f4cdfd9-c6a5-4abe-9c92-0d36fb7e13b7;2025-05-09 12:29:19.5410
-2;2;6;-2;-3;-1;1;0;8f4cdfd9-c6a5-4abe-9c92-0d36fb7e13b7;2025-05-09 12:29:19.5410
-4;-2;-11;8;1;0;-2;-2;8f4cdfd9-c6a5-4abe-9c92-0d36fb7e13b7;2025-05-09 12:29:19.5410
1;0;-2;-15;-2;-1;0;-1;8f4cdfd9-c6a5-4abe-9c92-0d36fb7e13b7;2025-05-09 12:29:19.5629
0;0;-4;1;2;2;1;0;8f4cdfd9-c6a5-4abe-9c92-0d36fb7e13b7;2025-05-09 12:29:19.5629
-1;-3;-4;6;0;2;0;-3;8f4cdfd9-c6a5-4abe-9c92-0d36fb7e13b7;2025-05-09 12:29:19.5709
-1;-1;12;-2;-4;-1;1;-1;8f4cdfd9-c6a5-4abe-9c92-0d36fb7e13b7;2025-05-09 12:29:19.5710
-2;-2;-3;8;5;2;-1;-2;8f4cdfd9-c6a5-4abe-9c92-0d36fb7e13b7;2025-05-09 12:29:19.5779
-1;-1;-16;-12;-3;0;1;-2;8f4cdfd9-c6a5-4abe-9c92-0d36fb7e13b7;2025-05-09 12:29:19.5779
0;-1;-5;-3;1;-2;-3;-2;8f4cdfd9-c6a5-4abe-9c92-0d36fb7e13b7;2025-05-09 12:29:19.5789
-3;-2;1;-3;-2;0;-1;-2;8f4cdfd9-c6a5-4abe-9c92-0d36fb7e13b7;2025-05-09 12:29:19.5789
1;0;1;1;-1;-1;-2;-1;8f4cdfd9-c6a5-4abe-9c92-0d36fb7e13b7;2025-05-09 12:29:19.6009
0;-6;2;-9;-1;-2;-1;0;8f4cdfd9-c6a5-4abe-9c92-0d36fb7e13b7;2025-05-09 12:29:19.6009
1;3;16;9;1;-2;-2;-2;8f4cdfd9-c6a5-4abe-9c92-0d36fb7e13b7;2025-05-09 12:29:19.6009
0;-1;3;-2;-2;-2;-1;-1;8f4cdfd9-c6a5-4abe-9c92-0d36fb7e13b7;2025-05-09 12:29:19.6009
0;-1;-28;-11;-4;-3;0;0;8f4cdfd9-c6a5-4abe-9c92-0d36fb7e13b7;2025-05-09 12:29:19.6233
-1;-3;10;5;-1;0;-3;-1;8f4cdfd9-c6a5-4abe-9c92-0d36fb7e13b7;2025-05-09 12:29:19.6233
-1;1;-7;-7;2;0;0;-1;8f4cdfd9-c6a5-4abe-9c92-0d36fb7e13b7;2025-05-09 12:29:19.6243
0;3;8;4;-2;1;1;-1;8f4cdfd9-c6a5-4abe-9c92-0d36fb7e13b7;2025-05-09 12:29:19.6243
0;-2;7;2;2;1;0;-1;8f4cdfd9-c6a5-4abe-9c92-0d36fb7e13b7;2025-05-09 12:29:19.6388
1;1;-2;8;-5;0;0;0;8f4cdfd9-c6a5-4abe-9c92-0d36fb7e13b7;2025-05-09 12:29:19.6388
-1;-6;-14;-39;-2;-1;0;-1;8f4cdfd9-c6a5-4abe-9c92-0d36fb7e13b7;2025-05-09 12:29:19.6388
-2;0;6;16;-3;-4;-1;0;8f4cdfd9-c6a5-4abe-9c92-0d36fb7e13b7;2025-05-09 12:29:19.6398
-2;-1;-10;3;2;0;-2;0;8f4cdfd9-c6a5-4abe-9c92-0d36fb7e13b7;2025-05-09 12:29:19.6607
-1;-2;-8;-4;1;-1;-2;0;8f4cdfd9-c6a5-4abe-9c92-0d36fb7e13b7;2025-05-09 12:29:19.6607
0;-1;4;6;-9;-2;-1;0;8f4cdfd9-c6a5-4abe-9c92-0d36fb7e13b7;2025-05-09 12:29:19.6752
1;4;-1;3;2;-4;-2;-1;8f4cdfd9-c6a5-4abe-9c92-0d36fb7e13b7;2025-05-09 12:29:19.6752
-4;-4;8;-18;4;0;0;-1;8f4cdfd9-c6a5-4abe-9c92-0d36fb7e13b7;2025-05-09 12:29:19.6852
-1;0;9;8;4;2;0;1;8f4cdfd9-c6a5-4abe-9c92-0d36fb7e13b7;2025-05-09 12:29:19.6852
-2;-2;-24;10;-2;-1;-2;0;8f4cdfd9-c6a5-4abe-9c92-0d36fb7e13b7;2025-05-09 12:29:19.6862
2;1;2;-8;-6;1;0;0;8f4cdfd9-c6a5-4abe-9c92-0d36fb7e13b7;2025-05-09 12:29:19.6862
1;3;24;1;-3;1;0;0;8f4cdfd9-c6a5-4abe-9c92-0d36fb7e13b7;2025-05-09 12:29:19.6981
-1;-4;-31;-8;3;-2;1;-2;8f4cdfd9-c6a5-4abe-9c92-0d36fb7e13b7;2025-05-09 12:29:19.6981
0;1;8;11;3;0;-1;1;8f4cdfd9-c6a5-4abe-9c92-0d36fb7e13b7;2025-05-09 12:29:19.6991
-1;-3;-4;1;1;-2;-1;-2;8f4cdfd9-c6a5-4abe-9c92-0d36fb7e13b7;2025-05-09 12:29:19.6991
0;-2;-4;-6;-4;-2;0;-2;8f4cdfd9-c6a5-4abe-9c92-0d36fb7e13b7;2025-05-09 12:29:19.7201
1;1;-7;-8;-1;0;-1;0;8f4cdfd9-c6a5-4abe-9c92-0d36fb7e13b7;2025-05-09 12:29:19.7211
-1;-2;11;3;-5;-3;-3;-2;8f4cdfd9-c6a5-4abe-9c92-0d36fb7e13b7;2025-05-09 12:29:19.7211
0;2;9;0;1;-1;-1;1;8f4cdfd9-c6a5-4abe-9c92-0d36fb7e13b7;2025-05-09 12:29:19.7211
-1;-4;-20;-3;-1;1;-2;-1;8f4cdfd9-c6a5-4abe-9c92-0d36fb7e13b7;2025-05-09 12:29:19.7440
-1;1;5;-1;1;-2;-1;-1;8f4cdfd9-c6a5-4abe-9c92-0d36fb7e13b7;2025-05-09 12:29:19.7440
-1;-1;-5;9;2;-1;1;-1;8f4cdfd9-c6a5-4abe-9c92-0d36fb7e13b7;2025-05-09 12:29:19.7440
1;0;-1;-9;1;3;1;1;8f4cdfd9-c6a5-4abe-9c92-0d36fb7e13b7;2025-05-09 12:29:19.7440
-2;-1;7;7;-1;-1;-1;-2;8f4cdfd9-c6a5-4abe-9c92-0d36fb7e13b7;2025-05-09 12:29:19.7580
-1;0;0;-3;-9;-4;-3;-2;8f4cdfd9-c6a5-4abe-9c92-0d36fb7e13b7;2025-05-09 12:29:19.7580
-2;-2;-5;-1;1;0;-1;2;8f4cdfd9-c6a5-4abe-9c92-0d36fb7e13b7;2025-05-09 12:29:19.7590
-1;-3;2;1;-2;0;0;-3;8f4cdfd9-c6a5-4abe-9c92-0d36fb7e13b7;2025-05-09 12:29:19.7590
0;2;11;15;-1;0;-1;-1;8f4cdfd9-c6a5-4abe-9c92-0d36fb7e13b7;2025-05-09 12:29:19.7889
-1;0;-12;-10;-2;-1;-1;-2;8f4cdfd9-c6a5-4abe-9c92-0d36fb7e13b7;2025-05-09 12:29:19.7889
0;0;2;1;1;-1;0;-2;8f4cdfd9-c6a5-4abe-9c92-0d36fb7e13b7;2025-05-09 12:29:19.7889
0;-2;6;-7;-3;-1;1;-2;8f4cdfd9-c6a5-4abe-9c92-0d36fb7e13b7;2025-05-09 12:29:19.7899
0;0;-4;1;1;-1;-1;-1;8f4cdfd9-c6a5-4abe-9c92-0d36fb7e13b7;2025-05-09 12:29:19.8038
0;1;23;4;0;-1;0;1;8f4cdfd9-c6a5-4abe-9c92-0d36fb7e13b7;2025-05-09 12:29:19.8038
-3;-5;-29;-8;-11;-3;-2;-2;8f4cdfd9-c6a5-4abe-9c92-0d36fb7e13b7;2025-05-09 12:29:19.8048
0;1;-19;1;14;5;1;-1;8f4cdfd9-c6a5-4abe-9c92-0d36fb7e13b7;2025-05-09 12:29:19.8048
-1;-1;7;8;2;-2;-1;-1;8f4cdfd9-c6a5-4abe-9c92-0d36fb7e13b7;2025-05-09 12:29:19.8183
-2;-3;-1;-8;-2;-1;-1;-2;8f4cdfd9-c6a5-4abe-9c92-0d36fb7e13b7;2025-05-09 12:29:19.8183
1;4;25;10;7;3;0;3;8f4cdfd9-c6a5-4abe-9c92-0d36fb7e13b7;2025-05-09 12:29:19.8188
-3;-4;-5;1;-5;-2;-2;0;8f4cdfd9-c6a5-4abe-9c92-0d36fb7e13b7;2025-05-09 12:29:19.8188
-1;-1;0;6;-6;-2;-1;1;8f4cdfd9-c6a5-4abe-9c92-0d36fb7e13b7;2025-05-09 12:29:19.8408
-1;0;-6;-11;2;2;0;0;8f4cdfd9-c6a5-4abe-9c92-0d36fb7e13b7;2025-05-09 12:29:19.8408
0;1;13;-6;3;1;1;-1;8f4cdfd9-c6a5-4abe-9c92-0d36fb7e13b7;2025-05-09 12:29:19.8408
1;-1;-21;-7;-3;-2;-1;1;8f4cdfd9-c6a5-4abe-9c92-0d36fb7e13b7;2025-05-09 12:29:19.8408
-1;0;6;2;-4;-3;0;-1;8f4cdfd9-c6a5-4abe-9c92-0d36fb7e13b7;2025-05-09 12:29:19.8632
1;4;23;-1;-2;1;0;0;8f4cdfd9-c6a5-4abe-9c92-0d36fb7e13b7;2025-05-09 12:29:19.8632
-4;-9;-45;-5;-2;-3;-3;-2;8f4cdfd9-c6a5-4abe-9c92-0d36fb7e13b7;2025-05-09 12:29:19.8931
0;0;0;-4;-2;-1;-1;-3;8f4cdfd9-c6a5-4abe-9c92-0d36fb7e13b7;2025-05-09 12:29:19.8931
-1;1;5;2;-1;-2;-1;-1;8f4cdfd9-c6a5-4abe-9c92-0d36fb7e13b7;2025-05-09 12:29:19.9250
-2;-3;-11;3;0;0;0;-3;8f4cdfd9-c6a5-4abe-9c92-0d36fb7e13b7;2025-05-09 12:29:19.9250
1;3;18;-1;0;-2;0;0;8f4cdfd9-c6a5-4abe-9c92-0d36fb7e13b7;2025-05-09 12:29:19.9260
-2;-1;-2;-13;-1;0;-3;1;8f4cdfd9-c6a5-4abe-9c92-0d36fb7e13b7;2025-05-09 12:29:19.9260
0;0;-1;15;-1;-1;1;-1;8f4cdfd9-c6a5-4abe-9c92-0d36fb7e13b7;2025-05-09 12:29:19.9380
-2;-3;-1;-1;2;-1;-1;-1;8f4cdfd9-c6a5-4abe-9c92-0d36fb7e13b7;2025-05-09 12:29:19.9380
-1;-1;4;0;-2;0;-1;-1;8f4cdfd9-c6a5-4abe-9c92-0d36fb7e13b7;2025-05-09 12:29:19.9530
-1;-1;1;-2;-3;-4;-2;-1;8f4cdfd9-c6a5-4abe-9c92-0d36fb7e13b7;2025-05-09 12:29:19.9530
-3;-2;1;-15;-1;0;0;1;8f4cdfd9-c6a5-4abe-9c92-0d36fb7e13b7;2025-05-09 12:29:19.9779
-1;0;-1;12;0;-1;-1;-1;8f4cdfd9-c6a5-4abe-9c92-0d36fb7e13b7;2025-05-09 12:29:19.9779
0;0;4;1;-3;-2;-2;-1;8f4cdfd9-c6a5-4abe-9c92-0d36fb7e13b7;2025-05-09 12:29:19.9779
0;0;3;2;-1;-2;-1;-1;8f4cdfd9-c6a5-4abe-9c92-0d36fb7e13b7;2025-05-09 12:29:19.9779
0;-1;-7;-7;1;0;-2;-2;8f4cdfd9-c6a5-4abe-9c92-0d36fb7e13b7;2025-05-09 12:29:19.9799
1;2;-1;1;-4;0;-1;0;8f4cdfd9-c6a5-4abe-9c92-0d36fb7e13b7;2025-05-09 12:29:19.9799
0;-1;-7;0;4;2;-2;-2;8f4cdfd9-c6a5-4abe-9c92-0d36fb7e13b7;2025-05-09 12:29:19.9899
-1;-6;-7;0;-3;-3;-1;-2;8f4cdfd9-c6a5-4abe-9c92-0d36fb7e13b7;2025-05-09 12:29:19.9899
-3;0;1;-4;0;-1;-3;-1;8f4cdfd9-c6a5-4abe-9c92-0d36fb7e13b7;2025-05-09 12:29:19.9978
-1;-2;-10;-7;-2;-1;0;0;8f4cdfd9-c6a5-4abe-9c92-0d36fb7e13b7;2025-05-09 12:29:19.9978
0;1;14;5;0;-1;-2;-1;8f4cdfd9-c6a5-4abe-9c92-0d36fb7e13b7;2025-05-09 12:29:20.0048
0;2;24;8;2;1;0;-1;8f4cdfd9-c6a5-4abe-9c92-0d36fb7e13b7;2025-05-09 12:29:20.0048
0;-7;-52;-15;-2;0;-1;-2;8f4cdfd9-c6a5-4abe-9c92-0d36fb7e13b7;2025-05-09 12:29:20.0203
0;-2;-6;0;0;-1;0;-1;8f4cdfd9-c6a5-4abe-9c92-0d36fb7e13b7;2025-05-09 12:29:20.0203
-1;0;9;7;-2;-1;-1;-1;8f4cdfd9-c6a5-4abe-9c92-0d36fb7e13b7;2025-05-09 12:29:20.0273
-2;1;12;15;0;-1;-2;-1;8f4cdfd9-c6a5-4abe-9c92-0d36fb7e13b7;2025-05-09 12:29:20.0273
-1;-1;-23;-20;-1;-2;-3;-1;8f4cdfd9-c6a5-4abe-9c92-0d36fb7e13b7;2025-05-09 12:29:20.0372
-1;-3;-2;5;-2;0;-2;-1;8f4cdfd9-c6a5-4abe-9c92-0d36fb7e13b7;2025-05-09 12:29:20.0372
0;1;8;-7;-7;-2;1;-2;8f4cdfd9-c6a5-4abe-9c92-0d36fb7e13b7;2025-05-09 12:29:20.0382
-3;-5;-30;-14;-3;-1;-2;-1;8f4cdfd9-c6a5-4abe-9c92-0d36fb7e13b7;2025-05-09 12:29:20.0382
0;1;12;6;-1;-2;2;0;8f4cdfd9-c6a5-4abe-9c92-0d36fb7e13b7;2025-05-09 12:29:20.0452
1;-2;-6;-10;1;2;0;-2;8f4cdfd9-c6a5-4abe-9c92-0d36fb7e13b7;2025-05-09 12:29:20.0452
-2;-1;4;11;2;0;-2;1;8f4cdfd9-c6a5-4abe-9c92-0d36fb7e13b7;2025-05-09 12:29:20.0462
1;1;8;1;-5;-2;1;-2;8f4cdfd9-c6a5-4abe-9c92-0d36fb7e13b7;2025-05-09 12:29:20.0462
0;-2;8;4;-1;-2;-1;-1;8f4cdfd9-c6a5-4abe-9c92-0d36fb7e13b7;2025-05-09 12:29:20.0652
-1;-5;-19;-8;0;-1;-1;0;8f4cdfd9-c6a5-4abe-9c92-0d36fb7e13b7;2025-05-09 12:29:20.0652
-2;-2;1;-3;-2;-2;0;-1;8f4cdfd9-c6a5-4abe-9c92-0d36fb7e13b7;2025-05-09 12:29:20.0731
-1;0;-1;-3;2;-1;-1;0;8f4cdfd9-c6a5-4abe-9c92-0d36fb7e13b7;2025-05-09 12:29:20.0731
-2;-3;3;1;0;1;0;-1;8f4cdfd9-c6a5-4abe-9c92-0d36fb7e13b7;2025-05-09 12:29:20.0883
0;2;5;5;0;-2;-1;-1;8f4cdfd9-c6a5-4abe-9c92-0d36fb7e13b7;2025-05-09 12:29:20.0883
-1;-2;-2;-8;-1;0;2;-1;8f4cdfd9-c6a5-4abe-9c92-0d36fb7e13b7;2025-05-09 12:29:20.0955
-1;-3;-12;2;1;0;-1;-1;8f4cdfd9-c6a5-4abe-9c92-0d36fb7e13b7;2025-05-09 12:29:20.0955
0;2;14;3;-2;0;-1;-2;8f4cdfd9-c6a5-4abe-9c92-0d36fb7e13b7;2025-05-09 12:29:20.1178
0;1;4;6;5;-1;1;1;8f4cdfd9-c6a5-4abe-9c92-0d36fb7e13b7;2025-05-09 12:29:20.1178
-2;-2;-7;-7;-3;0;0;-1;8f4cdfd9-c6a5-4abe-9c92-0d36fb7e13b7;2025-05-09 12:29:20.1328
-1;2;-2;0;-1;-1;0;2;8f4cdfd9-c6a5-4abe-9c92-0d36fb7e13b7;2025-05-09 12:29:20.1328
-3;-1;8;16;0;-1;-3;-2;8f4cdfd9-c6a5-4abe-9c92-0d36fb7e13b7;2025-05-09 12:29:20.1577
0;5;30;-7;1;0;2;0;8f4cdfd9-c6a5-4abe-9c92-0d36fb7e13b7;2025-05-09 12:29:20.1577
-2;-12;-75;-16;-6;-4;-2;-1;8f4cdfd9-c6a5-4abe-9c92-0d36fb7e13b7;2025-05-09 12:29:20.1577
-1;-2;-5;-2;-2;-3;-1;-2;8f4cdfd9-c6a5-4abe-9c92-0d36fb7e13b7;2025-05-09 12:29:20.1587
-2;-1;4;0;-2;0;0;0;8f4cdfd9-c6a5-4abe-9c92-0d36fb7e13b7;2025-05-09 12:29:20.1597
-3;-1;0;9;3;-2;-3;0;8f4cdfd9-c6a5-4abe-9c92-0d36fb7e13b7;2025-05-09 12:29:20.1597
0;2;18;-10;1;2;1;0;8f4cdfd9-c6a5-4abe-9c92-0d36fb7e13b7;2025-05-09 12:29:20.1627
1;2;4;3;0;0;0;0;8f4cdfd9-c6a5-4abe-9c92-0d36fb7e13b7;2025-05-09 12:29:20.1627
-2;-3;5;8;-2;2;0;1;8f4cdfd9-c6a5-4abe-9c92-0d36fb7e13b7;2025-05-09 12:29:20.1776
0;0;10;2;0;1;-1;-2;8f4cdfd9-c6a5-4abe-9c92-0d36fb7e13b7;2025-05-09 12:29:20.1776
0;0;5;1;-1;-4;-1;0;8f4cdfd9-c6a5-4abe-9c92-0d36fb7e13b7;2025-05-09 12:29:20.2001
-1;-4;-9;-4;1;-1;-1;-1;8f4cdfd9-c6a5-4abe-9c92-0d36fb7e13b7;2025-05-09 12:29:20.2001
1;1;2;-3;1;-2;0;0;8f4cdfd9-c6a5-4abe-9c92-0d36fb7e13b7;2025-05-09 12:29:20.2246
-3;-2;-5;2;-5;-2;-2;0;8f4cdfd9-c6a5-4abe-9c92-0d36fb7e13b7;2025-05-09 12:29:20.2246
1;1;7;2;2;2;0;0;8f4cdfd9-c6a5-4abe-9c92-0d36fb7e13b7;2025-05-09 12:29:20.2256
0;1;0;-2;-5;-2;-1;-1;8f4cdfd9-c6a5-4abe-9c92-0d36fb7e13b7;2025-05-09 12:29:20.2256
0;2;7;1;3;-1;-2;1;8f4cdfd9-c6a5-4abe-9c92-0d36fb7e13b7;2025-05-09 12:29:20.2306
-1;-3;-18;-13;-5;1;0;-1;8f4cdfd9-c6a5-4abe-9c92-0d36fb7e13b7;2025-05-09 12:29:20.2306
-2;0;-1;-11;1;1;0;1;8f4cdfd9-c6a5-4abe-9c92-0d36fb7e13b7;2025-05-09 12:29:20.2455
0;-3;-11;8;-2;-2;-2;0;8f4cdfd9-c6a5-4abe-9c92-0d36fb7e13b7;2025-05-09 12:29:20.2455
1;1;19;1;2;0;1;0;8f4cdfd9-c6a5-4abe-9c92-0d36fb7e13b7;2025-05-09 12:29:20.2525
-1;-3;-19;-4;5;1;0;1;8f4cdfd9-c6a5-4abe-9c92-0d36fb7e13b7;2025-05-09 12:29:20.2525
-1;2;22;10;-1;0;0;-1;8f4cdfd9-c6a5-4abe-9c92-0d36fb7e13b7;2025-05-09 12:29:20.2605
-5;-8;-39;-5;-3;-3;-4;-2;8f4cdfd9-c6a5-4abe-9c92-0d36fb7e13b7;2025-05-09 12:29:20.2605
-1;-2;-10;-10;-6;-2;-1;-2;8f4cdfd9-c6a5-4abe-9c92-0d36fb7e13b7;2025-05-09 12:29:20.2765
0;3;22;16;-2;-3;-1;-2;8f4cdfd9-c6a5-4abe-9c92-0d36fb7e13b7;2025-05-09 12:29:20.2765
-1;-1;-10;-21;3;-1;-1;1;8f4cdfd9-c6a5-4abe-9c92-0d36fb7e13b7;2025-05-09 12:29:20.2765
1;4;15;13;0;0;2;-1;8f4cdfd9-c6a5-4abe-9c92-0d36fb7e13b7;2025-05-09 12:29:20.2765
-2;-3;14;3;-4;-1;-2;1;8f4cdfd9-c6a5-4abe-9c92-0d36fb7e13b7;2025-05-09 12:29:20.2825
-4;-5;-24;-11;-4;0;1;-2;8f4cdfd9-c6a5-4abe-9c92-0d36fb7e13b7;2025-05-09 12:29:20.2825
-1;1;10;7;-1;-1;-1;0;8f4cdfd9-c6a5-4abe-9c92-0d36fb7e13b7;2025-05-09 12:29:20.2974
-1;0;-5;-6;1;0;1;-3;8f4cdfd9-c6a5-4abe-9c92-0d36fb7e13b7;2025-05-09 12:29:20.2974
-1;-4;-16;-5;-1;-3;-2;-2;8f4cdfd9-c6a5-4abe-9c92-0d36fb7e13b7;2025-05-09 12:29:20.3199
0;1;10;6;-2;0;-1;-1;8f4cdfd9-c6a5-4abe-9c92-0d36fb7e13b7;2025-05-09 12:29:20.3199
-1;-2;-8;-2;3;2;-1;-1;8f4cdfd9-c6a5-4abe-9c92-0d36fb7e13b7;2025-05-09 12:29:20.3278
-1;-1;13;-1;1;2;0;1;8f4cdfd9-c6a5-4abe-9c92-0d36fb7e13b7;2025-05-09 12:29:20.3278
0;0;-8;-2;0;0;1;0;8f4cdfd9-c6a5-4abe-9c92-0d36fb7e13b7;2025-05-09 12:29:20.3448
-2;-2;1;2;-2;-2;-1;-1;8f4cdfd9-c6a5-4abe-9c92-0d36fb7e13b7;2025-05-09 12:29:20.3448
0;-2;0;2;-3;-4;-2;-1;8f4cdfd9-c6a5-4abe-9c92-0d36fb7e13b7;2025-05-09 12:29:20.3458
-1;-1;5;-8;-1;1;0;-2;8f4cdfd9-c6a5-4abe-9c92-0d36fb7e13b7;2025-05-09 12:29:20.3458
-1;-1;-9;3;-3;0;0;-3;8f4cdfd9-c6a5-4abe-9c92-0d36fb7e13b7;2025-05-09 12:29:20.3523
0;-2;-8;-9;-2;-1;-2;1;8f4cdfd9-c6a5-4abe-9c92-0d36fb7e13b7;2025-05-09 12:29:20.3523
0;1;-9;-7;0;1;0;1;8f4cdfd9-c6a5-4abe-9c92-0d36fb7e13b7;2025-05-09 12:29:20.3523
-2;3;35;9;-2;-1;0;0;8f4cdfd9-c6a5-4abe-9c92-0d36fb7e13b7;2025-05-09 12:29:20.3523
-1;-8;-24;1;1;0;-2;-2;8f4cdfd9-c6a5-4abe-9c92-0d36fb7e13b7;2025-05-09 12:29:20.3573
-1;1;-6;-3;-1;-1;0;-1;8f4cdfd9-c6a5-4abe-9c92-0d36fb7e13b7;2025-05-09 12:29:20.3573
-1;0;3;5;-1;-2;-1;-1;8f4cdfd9-c6a5-4abe-9c92-0d36fb7e13b7;2025-05-09 12:29:20.3648
1;1;-1;-10;-3;-1;-1;1;8f4cdfd9-c6a5-4abe-9c92-0d36fb7e13b7;2025-05-09 12:29:20.3657
1;4;6;9;-1;-1;0;0;8f4cdfd9-c6a5-4abe-9c92-0d36fb7e13b7;2025-05-09 12:29:20.3882
1;-2;3;-6;-2;-1;-1;-2;8f4cdfd9-c6a5-4abe-9c92-0d36fb7e13b7;2025-05-09 12:29:20.3882
-2;-1;6;-1;-4;0;-1;1;8f4cdfd9-c6a5-4abe-9c92-0d36fb7e13b7;2025-05-09 12:29:20.3952
0;-1;-9;2;6;-1;0;0;8f4cdfd9-c6a5-4abe-9c92-0d36fb7e13b7;2025-05-09 12:29:20.3952
-1;-3;-3;-4;-2;-2;1;0;8f4cdfd9-c6a5-4abe-9c92-0d36fb7e13b7;2025-05-09 12:29:20.4121
-1;-2;3;7;-1;0;0;0;8f4cdfd9-c6a5-4abe-9c92-0d36fb7e13b7;2025-05-09 12:29:20.4121
-1;0;-6;-1;-1;-2;-2;-3;8f4cdfd9-c6a5-4abe-9c92-0d36fb7e13b7;2025-05-09 12:29:20.4181
-1;-1;4;1;-2;0;-2;0;8f4cdfd9-c6a5-4abe-9c92-0d36fb7e13b7;2025-05-09 12:29:20.4181
-1;0;-6;-4;1;-2;-1;0;8f4cdfd9-c6a5-4abe-9c92-0d36fb7e13b7;2025-05-09 12:29:20.4281
-2;-2;9;17;-4;-1;-1;-1;8f4cdfd9-c6a5-4abe-9c92-0d36fb7e13b7;2025-05-09 12:29:20.4281
-2;1;11;-16;1;0;0;-1;8f4cdfd9-c6a5-4abe-9c92-0d36fb7e13b7;2025-05-09 12:29:20.4281
-2;-7;-51;-6;-4;-1;0;-2;8f4cdfd9-c6a5-4abe-9c92-0d36fb7e13b7;2025-05-09 12:29:20.4281
-2;0;-3;-2;-1;-1;0;0;8f4cdfd9-c6a5-4abe-9c92-0d36fb7e13b7;2025-05-09 12:29:20.4401
-2;-1;-4;-14;-2;-1;0;-1;8f4cdfd9-c6a5-4abe-9c92-0d36fb7e13b7;2025-05-09 12:29:20.4401
2;3;3;6;-2;-1;1;0;8f4cdfd9-c6a5-4abe-9c92-0d36fb7e13b7;2025-05-09 12:29:20.4480
0;3;31;17;2;-1;-1;1;8f4cdfd9-c6a5-4abe-9c92-0d36fb7e13b7;2025-05-09 12:29:20.4480
-3;-3;-11;-1;-5;-2;-2;-2;8f4cdfd9-c6a5-4abe-9c92-0d36fb7e13b7;2025-05-09 12:29:20.4700
1;0;5;3;3;-1;0;-1;8f4cdfd9-c6a5-4abe-9c92-0d36fb7e13b7;2025-05-09 12:29:20.4700
0;-3;-17;4;0;-1;-1;-1;8f4cdfd9-c6a5-4abe-9c92-0d36fb7e13b7;2025-05-09 12:29:20.4849
1;0;7;-17;1;-2;-1;0;8f4cdfd9-c6a5-4abe-9c92-0d36fb7e13b7;2025-05-09 12:29:20.4849
0;2;6;7;0;2;-1;-1;8f4cdfd9-c6a5-4abe-9c92-0d36fb7e13b7;2025-05-09 12:29:20.5099
-1;0;-3;-16;0;-2;-2;-1;8f4cdfd9-c6a5-4abe-9c92-0d36fb7e13b7;2025-05-09 12:29:20.5099
1;0;5;-3;1;-1;-1;0;8f4cdfd9-c6a5-4abe-9c92-0d36fb7e13b7;2025-05-09 12:29:20.5109
-2;-3;2;16;-6;-3;-1;-2;8f4cdfd9-c6a5-4abe-9c92-0d36fb7e13b7;2025-05-09 12:29:20.5109
0;-2;-5;-1;-2;-1;-1;-2;8f4cdfd9-c6a5-4abe-9c92-0d36fb7e13b7;2025-05-09 12:29:20.5119
-2;-4;-6;3;0;-1;-2;-2;8f4cdfd9-c6a5-4abe-9c92-0d36fb7e13b7;2025-05-09 12:29:20.5119
-3;-1;-12;-10;-1;-1;-1;-1;8f4cdfd9-c6a5-4abe-9c92-0d36fb7e13b7;2025-05-09 12:29:20.5159
-2;1;10;-12;-3;-1;0;-1;8f4cdfd9-c6a5-4abe-9c92-0d36fb7e13b7;2025-05-09 12:29:20.5159
-1;-2;-22;-8;0;-1;-1;1;8f4cdfd9-c6a5-4abe-9c92-0d36fb7e13b7;2025-05-09 12:29:20.5238
-2;-1;0;3;-3;0;-1;0;8f4cdfd9-c6a5-4abe-9c92-0d36fb7e13b7;2025-05-09 12:29:20.5238
-1;-2;-7;1;-3;-1;0;-2;8f4cdfd9-c6a5-4abe-9c92-0d36fb7e13b7;2025-05-09 12:29:20.5248
-1;1;10;4;0;0;-1;0;8f4cdfd9-c6a5-4abe-9c92-0d36fb7e13b7;2025-05-09 12:29:20.5248
0;1;7;-4;-1;1;-3;-1;8f4cdfd9-c6a5-4abe-9c92-0d36fb7e13b7;2025-05-09 12:29:20.5378
1;0;-3;-3;-1;-1;-1;0;8f4cdfd9-c6a5-4abe-9c92-0d36fb7e13b7;2025-05-09 12:29:20.5378
0;-2;-6;3;0;0;-2;-1;8f4cdfd9-c6a5-4abe-9c92-0d36fb7e13b7;2025-05-09 12:29:20.5448
0;-1;-9;0;2;-1;-1;0;8f4cdfd9-c6a5-4abe-9c92-0d36fb7e13b7;2025-05-09 12:29:20.5458
2;0;12;-6;1;-1;-2;0;8f4cdfd9-c6a5-4abe-9c92-0d36fb7e13b7;2025-05-09 12:29:20.5692
-1;2;12;-2;-1;0;-1;0;8f4cdfd9-c6a5-4abe-9c92-0d36fb7e13b7;2025-05-09 12:29:20.5692
-1;-2;-32;0;-2;0;-2;-1;8f4cdfd9-c6a5-4abe-9c92-0d36fb7e13b7;2025-05-09 12:29:20.5692
1;0;-5;-1;-2;0;-1;-3;8f4cdfd9-c6a5-4abe-9c92-0d36fb7e13b7;2025-05-09 12:29:20.5692
-1;-3;1;8;-1;-1;-1;2;8f4cdfd9-c6a5-4abe-9c92-0d36fb7e13b7;2025-05-09 12:29:20.5832
0;1;7;-9;0;0;-1;0;8f4cdfd9-c6a5-4abe-9c92-0d36fb7e13b7;2025-05-09 12:29:20.5842
0;2;24;6;1;1;1;1;8f4cdfd9-c6a5-4abe-9c92-0d36fb7e13b7;2025-05-09 12:29:20.5842
-2;-4;-31;-8;-2;0;-1;0;8f4cdfd9-c6a5-4abe-9c92-0d36fb7e13b7;2025-05-09 12:29:20.5842
-3;-1;2;4;-1;1;0;-2;8f4cdfd9-c6a5-4abe-9c92-0d36fb7e13b7;2025-05-09 12:29:20.5971
1;-2;-5;4;-3;-3;-1;-1;8f4cdfd9-c6a5-4abe-9c92-0d36fb7e13b7;2025-05-09 12:29:20.5971
-2;-2;7;1;2;-1;-2;0;8f4cdfd9-c6a5-4abe-9c92-0d36fb7e13b7;2025-05-09 12:29:20.6221
-3;-1;4;3;-1;-1;-2;-1;8f4cdfd9-c6a5-4abe-9c92-0d36fb7e13b7;2025-05-09 12:29:20.6221
0;2;7;-4;0;-1;-2;-1;8f4cdfd9-c6a5-4abe-9c92-0d36fb7e13b7;2025-05-09 12:29:20.6231
-2;0;-7;-1;-5;-1;0;-2;8f4cdfd9-c6a5-4abe-9c92-0d36fb7e13b7;2025-05-09 12:29:20.6231
-1;-2;-7;-5;2;-1;-1;0;8f4cdfd9-c6a5-4abe-9c92-0d36fb7e13b7;2025-05-09 12:29:20.6241
0;3;27;4;1;1;0;-3;8f4cdfd9-c6a5-4abe-9c92-0d36fb7e13b7;2025-05-09 12:29:20.6241
-1;-4;-40;-10;0;-1;-2;-2;8f4cdfd9-c6a5-4abe-9c92-0d36fb7e13b7;2025-05-09 12:29:20.6440
-1;-1;-3;-2;1;1;1;0;8f4cdfd9-c6a5-4abe-9c92-0d36fb7e13b7;2025-05-09 12:29:20.6440
-1;-1;-3;2;-3;-2;-1;-2;8f4cdfd9-c6a5-4abe-9c92-0d36fb7e13b7;2025-05-09 12:29:20.6440
0;-2;2;-2;2;-1;-2;0;8f4cdfd9-c6a5-4abe-9c92-0d36fb7e13b7;2025-05-09 12:29:20.6440
0;3;23;1;-1;-1;2;-2;8f4cdfd9-c6a5-4abe-9c92-0d36fb7e13b7;2025-05-09 12:29:20.6660
-1;-3;-10;3;3;1;0;-1;8f4cdfd9-c6a5-4abe-9c92-0d36fb7e13b7;2025-05-09 12:29:20.6660
-1;-3;-2;0;-4;-3;0;-1;8f4cdfd9-c6a5-4abe-9c92-0d36fb7e13b7;2025-05-09 12:29:20.6729
0;-1;1;11;1;-1;-1;0;8f4cdfd9-c6a5-4abe-9c92-0d36fb7e13b7;2025-05-09 12:29:20.6729
0;0;3;-16;-2;-3;1;-1;8f4cdfd9-c6a5-4abe-9c92-0d36fb7e13b7;2025-05-09 12:29:20.6809
1;0;-6;1;-2;-2;-1;0;8f4cdfd9-c6a5-4abe-9c92-0d36fb7e13b7;2025-05-09 12:29:20.6809
0;0;20;-1;2;1;0;-1;8f4cdfd9-c6a5-4abe-9c92-0d36fb7e13b7;2025-05-09 12:29:20.6879
1;0;-28;-8;0;1;0;1;8f4cdfd9-c6a5-4abe-9c92-0d36fb7e13b7;2025-05-09 12:29:20.6879
0;-1;8;10;0;0;-2;-1;8f4cdfd9-c6a5-4abe-9c92-0d36fb7e13b7;2025-05-09 12:29:20.7108
-2;1;12;13;-6;-3;-1;-2;8f4cdfd9-c6a5-4abe-9c92-0d36fb7e13b7;2025-05-09 12:29:20.7108
0;-1;-3;-10;2;-1;0;-1;8f4cdfd9-c6a5-4abe-9c92-0d36fb7e13b7;2025-05-09 12:29:20.7118
-2;0;-2;-1;5;1;-2;-1;8f4cdfd9-c6a5-4abe-9c92-0d36fb7e13b7;2025-05-09 12:29:20.7118
-2;1;10;-5;-1;1;1;0;8f4cdfd9-c6a5-4abe-9c92-0d36fb7e13b7;2025-05-09 12:29:20.7408
-3;-1;-2;-5;3;0;-2;-2;8f4cdfd9-c6a5-4abe-9c92-0d36fb7e13b7;2025-05-09 12:29:20.7408
0;0;-7;5;-4;-3;-3;-1;8f4cdfd9-c6a5-4abe-9c92-0d36fb7e13b7;2025-05-09 12:29:20.7418
-2;-3;-2;-4;-2;-2;-1;-1;8f4cdfd9-c6a5-4abe-9c92-0d36fb7e13b7;2025-05-09 12:29:20.7418
-1;-1;2;2;1;0;-3;-1;8f4cdfd9-c6a5-4abe-9c92-0d36fb7e13b7;2025-05-09 12:29:20.7562
1;2;12;-2;0;1;-1;1;8f4cdfd9-c6a5-4abe-9c92-0d36fb7e13b7;2025-05-09 12:29:20.7562
-1;-2;-28;12;-1;-2;-2;-1;8f4cdfd9-c6a5-4abe-9c92-0d36fb7e13b7;2025-05-09 12:29:20.7572
-2;-4;-1;-14;-1;-2;1;-2;8f4cdfd9-c6a5-4abe-9c92-0d36fb7e13b7;2025-05-09 12:29:20.7572
0;-1;1;3;0;0;-1;2;8f4cdfd9-c6a5-4abe-9c92-0d36fb7e13b7;2025-05-09 12:29:20.7632
-3;-2;-2;-3;-1;-2;-2;1;8f4cdfd9-c6a5-4abe-9c92-0d36fb7e13b7;2025-05-09 12:29:20.7632
0;0;-4;-6;-1;0;-1;-1;8f4cdfd9-c6a5-4abe-9c92-0d36fb7e13b7;2025-05-09 12:29:20.7642
-1;-1;4;-9;-3;-2;-1;-2;8f4cdfd9-c6a5-4abe-9c92-0d36fb7e13b7;2025-05-09 12:29:20.7642
0;2;8;16;1;0;-3;-1;8f4cdfd9-c6a5-4abe-9c92-0d36fb7e13b7;2025-05-09 12:29:20.7857
1;4;15;13;7;4;3;0;8f4cdfd9-c6a5-4abe-9c92-0d36fb7e13b7;2025-05-09 12:29:20.7857
-3;-8;-48;-15;-5;-3;-3;0;8f4cdfd9-c6a5-4abe-9c92-0d36fb7e13b7;2025-05-09 12:29:20.7867
0;-1;-3;1;0;-2;-1;0;8f4cdfd9-c6a5-4abe-9c92-0d36fb7e13b7;2025-05-09 12:29:20.7867
-2;-1;-9;-14;-5;-2;-1;-1;8f4cdfd9-c6a5-4abe-9c92-0d36fb7e13b7;2025-05-09 12:29:20.8006
-1;-1;-2;-11;0;0;1;-3;8f4cdfd9-c6a5-4abe-9c92-0d36fb7e13b7;2025-05-09 12:29:20.8006
0;1;18;5;-2;0;-1;-2;8f4cdfd9-c6a5-4abe-9c92-0d36fb7e13b7;2025-05-09 12:29:20.8016
0;1;4;9;-5;-2;1;0;8f4cdfd9-c6a5-4abe-9c92-0d36fb7e13b7;2025-05-09 12:29:20.8016
-2;-1;-9;-15;5;1;1;-2;8f4cdfd9-c6a5-4abe-9c92-0d36fb7e13b7;2025-05-09 12:29:20.8236
1;-1;9;2;-3;-1;-1;-1;8f4cdfd9-c6a5-4abe-9c92-0d36fb7e13b7;2025-05-09 12:29:20.8236
-3;-2;11;12;2;0;1;-1;8f4cdfd9-c6a5-4abe-9c92-0d36fb7e13b7;2025-05-09 12:29:20.8245
0;-3;-18;-5;-4;-1;0;0;8f4cdfd9-c6a5-4abe-9c92-0d36fb7e13b7;2025-05-09 12:29:20.8245
-1;2;12;8;0;0;1;-1;8f4cdfd9-c6a5-4abe-9c92-0d36fb7e13b7;2025-05-09 12:29:20.8465
-1;-3;-10;2;1;-1;-2;-1;8f4cdfd9-c6a5-4abe-9c92-0d36fb7e13b7;2025-05-09 12:29:20.8465
0;0;16;-8;0;2;2;0;8f4cdfd9-c6a5-4abe-9c92-0d36fb7e13b7;2025-05-09 12:29:20.8465
-1;1;6;6;0;1;-1;-1;8f4cdfd9-c6a5-4abe-9c92-0d36fb7e13b7;2025-05-09 12:29:20.8465
0;0;-6;-1;-4;-2;-2;0;8f4cdfd9-c6a5-4abe-9c92-0d36fb7e13b7;2025-05-09 12:29:20.8595
-3;-2;-2;-9;-2;-3;-2;-3;8f4cdfd9-c6a5-4abe-9c92-0d36fb7e13b7;2025-05-09 12:29:20.8605
-2;-2;-7;2;1;1;0;-1;8f4cdfd9-c6a5-4abe-9c92-0d36fb7e13b7;2025-05-09 12:29:20.8764
1;4;31;12;2;1;2;-1;8f4cdfd9-c6a5-4abe-9c92-0d36fb7e13b7;2025-05-09 12:29:20.8764
-3;-9;-55;-15;-5;-2;-1;-2;8f4cdfd9-c6a5-4abe-9c92-0d36fb7e13b7;2025-05-09 12:29:20.8834
-1;1;4;6;-2;-3;0;0;8f4cdfd9-c6a5-4abe-9c92-0d36fb7e13b7;2025-05-09 12:29:20.8844
-2;-6;-10;-36;-4;0;-1;-1;8f4cdfd9-c6a5-4abe-9c92-0d36fb7e13b7;2025-05-09 12:29:20.8854
-1;-3;-5;19;-5;-3;-3;-2;8f4cdfd9-c6a5-4abe-9c92-0d36fb7e13b7;2025-05-09 12:29:20.8854
1;1;26;16;-1;1;1;0;8f4cdfd9-c6a5-4abe-9c92-0d36fb7e13b7;2025-05-09 12:29:20.9063
1;0;-7;2;-1;-3;0;0;8f4cdfd9-c6a5-4abe-9c92-0d36fb7e13b7;2025-05-09 12:29:20.9063
0;-1;2;6;0;-2;-2;-1;8f4cdfd9-c6a5-4abe-9c92-0d36fb7e13b7;2025-05-09 12:29:20.9073
0;1;11;-19;4;1;0;1;8f4cdfd9-c6a5-4abe-9c92-0d36fb7e13b7;2025-05-09 12:29:20.9073
0;-5;-26;-4;-4;-1;-1;0;8f4cdfd9-c6a5-4abe-9c92-0d36fb7e13b7;2025-05-09 12:29:20.9193
-1;-3;-11;-4;5;1;0;-1;8f4cdfd9-c6a5-4abe-9c92-0d36fb7e13b7;2025-05-09 12:29:20.9203
-1;2;21;14;1;-1;1;-2;8f4cdfd9-c6a5-4abe-9c92-0d36fb7e13b7;2025-05-09 12:29:20.9283
0;2;29;-2;-3;-2;-1;-2;8f4cdfd9-c6a5-4abe-9c92-0d36fb7e13b7;2025-05-09 12:29:20.9293
-1;-2;-10;10;4;0;0;-1;8f4cdfd9-c6a5-4abe-9c92-0d36fb7e13b7;2025-05-09 12:29:20.9432
-3;-9;-29;-30;-9;-3;-2;0;8f4cdfd9-c6a5-4abe-9c92-0d36fb7e13b7;2025-05-09 12:29:20.9442
2;3;0;19;2;-2;-1;0;8f4cdfd9-c6a5-4abe-9c92-0d36fb7e13b7;2025-05-09 12:29:20.9452
-5;-6;-20;-7;-3;-1;-3;-3;8f4cdfd9-c6a5-4abe-9c92-0d36fb7e13b7;2025-05-09 12:29:20.9452
0;9;44;19;5;-2;2;0;8f4cdfd9-c6a5-4abe-9c92-0d36fb7e13b7;2025-05-09 12:29:20.9652
-1;-4;-24;-7;-2;-1;0;-2;8f4cdfd9-c6a5-4abe-9c92-0d36fb7e13b7;2025-05-09 12:29:20.9652
-1;-3;-8;-2;-4;1;-2;0;8f4cdfd9-c6a5-4abe-9c92-0d36fb7e13b7;2025-05-09 12:29:20.9801
0;-4;-10;-9;-4;-4;0;0;8f4cdfd9-c6a5-4abe-9c92-0d36fb7e13b7;2025-05-09 12:29:20.9801
0;1;6;-11;-3;-2;-1;0;8f4cdfd9-c6a5-4abe-9c92-0d36fb7e13b7;2025-05-09 12:29:20.9891
-1;-1;0;2;1;0;-1;-1;8f4cdfd9-c6a5-4abe-9c92-0d36fb7e13b7;2025-05-09 12:29:20.9891
-1;3;11;-1;-2;1;-1;1;8f4cdfd9-c6a5-4abe-9c92-0d36fb7e13b7;2025-05-09 12:29:20.9901
0;2;-8;3;2;1;1;0;8f4cdfd9-c6a5-4abe-9c92-0d36fb7e13b7;2025-05-09 12:29:20.9901
-3;-4;-3;-7;-3;-2;-2;-1;8f4cdfd9-c6a5-4abe-9c92-0d36fb7e13b7;2025-05-09 12:29:21.0120
-1;-1;19;9;-2;-2;-2;-1;8f4cdfd9-c6a5-4abe-9c92-0d36fb7e13b7;2025-05-09 12:29:21.0120
0;1;2;-10;3;1;0;-1;8f4cdfd9-c6a5-4abe-9c92-0d36fb7e13b7;2025-05-09 12:29:21.0130
-1;-2;-24;-5;-2;-1;0;-1;8f4cdfd9-c6a5-4abe-9c92-0d36fb7e13b7;2025-05-09 12:29:21.0130
-1;0;17;19;-2;-2;0;-1;8f4cdfd9-c6a5-4abe-9c92-0d36fb7e13b7;2025-05-09 12:29:21.0330
1;-1;-18;-14;7;1;0;-1;8f4cdfd9-c6a5-4abe-9c92-0d36fb7e13b7;2025-05-09 12:29:21.0330
1;0;10;3;-2;0;1;1;8f4cdfd9-c6a5-4abe-9c92-0d36fb7e13b7;2025-05-09 12:29:21.0480
0;1;18;-5;2;-1;-1;1;8f4cdfd9-c6a5-4abe-9c92-0d36fb7e13b7;2025-05-09 12:29:21.0480
-1;7;-17;5;-2;0;1;-1;8f4cdfd9-c6a5-4abe-9c92-0d36fb7e13b7;2025-05-09 12:29:21.0549
-1;7;26;8;-4;-2;-2;-1;8f4cdfd9-c6a5-4abe-9c92-0d36fb7e13b7;2025-05-09 12:29:21.0549
-5;-15;-29;-14;-6;-5;-3;-1;8f4cdfd9-c6a5-4abe-9c92-0d36fb7e13b7;2025-05-09 12:29:21.0729
-1;-1;-13;-8;3;3;2;0;8f4cdfd9-c6a5-4abe-9c92-0d36fb7e13b7;2025-05-09 12:29:21.0729
-1;-4;3;2;2;0;-3;-3;8f4cdfd9-c6a5-4abe-9c92-0d36fb7e13b7;2025-05-09 12:29:21.0729
-2;1;4;3;0;0;0;-1;8f4cdfd9-c6a5-4abe-9c92-0d36fb7e13b7;2025-05-09 12:29:21.0729
1;3;7;1;0;-3;-2;0;8f4cdfd9-c6a5-4abe-9c92-0d36fb7e13b7;2025-05-09 12:29:21.0749
-3;0;-6;-1;-4;-4;-2;-1;8f4cdfd9-c6a5-4abe-9c92-0d36fb7e13b7;2025-05-09 12:29:21.0749
1;0;0;-15;1;2;0;0;8f4cdfd9-c6a5-4abe-9c92-0d36fb7e13b7;2025-05-09 12:29:21.0859
0;-2;-2;14;-2;0;0;0;8f4cdfd9-c6a5-4abe-9c92-0d36fb7e13b7;2025-05-09 12:29:21.0859
-1;0;0;-6;-4;-2;-1;-1;8f4cdfd9-c6a5-4abe-9c92-0d36fb7e13b7;2025-05-09 12:29:21.0878
2;-1;0;9;-2;0;-2;1;8f4cdfd9-c6a5-4abe-9c92-0d36fb7e13b7;2025-05-09 12:29:21.0878
-1;-3;-1;-9;-2;0;2;0;8f4cdfd9-c6a5-4abe-9c92-0d36fb7e13b7;2025-05-09 12:29:21.1074
0;0;0;14;5;1;2;1;8f4cdfd9-c6a5-4abe-9c92-0d36fb7e13b7;2025-05-09 12:29:21.1074
-2;-1;-2;-21;-4;-2;-1;-2;8f4cdfd9-c6a5-4abe-9c92-0d36fb7e13b7;2025-05-09 12:29:21.1229
-1;2;20;7;2;1;-2;-2;8f4cdfd9-c6a5-4abe-9c92-0d36fb7e13b7;2025-05-09 12:29:21.1229
-1;-6;-41;-14;-4;-4;-3;-1;8f4cdfd9-c6a5-4abe-9c92-0d36fb7e13b7;2025-05-09 12:29:21.1298
-2;0;12;2;-5;-1;-1;0;8f4cdfd9-c6a5-4abe-9c92-0d36fb7e13b7;2025-05-09 12:29:21.1298
1;3;-10;3;11;1;2;-1;8f4cdfd9-c6a5-4abe-9c92-0d36fb7e13b7;2025-05-09 12:29:21.1548
-1;-4;14;9;-3;-2;-2;-2;8f4cdfd9-c6a5-4abe-9c92-0d36fb7e13b7;2025-05-09 12:29:21.1548
0;-2;-19;-7;-3;-2;-3;0;8f4cdfd9-c6a5-4abe-9c92-0d36fb7e13b7;2025-05-09 12:29:21.1548
2;2;0;-6;6;3;1;0;8f4cdfd9-c6a5-4abe-9c92-0d36fb7e13b7;2025-05-09 12:29:21.1548
-1;1;20;-13;-1;0;-1;-1;8f4cdfd9-c6a5-4abe-9c92-0d36fb7e13b7;2025-05-09 12:29:21.1568
-4;-11;-60;24;-5;-4;-1;-1;8f4cdfd9-c6a5-4abe-9c92-0d36fb7e13b7;2025-05-09 12:29:21.1568
1;2;40;11;4;-1;0;1;8f4cdfd9-c6a5-4abe-9c92-0d36fb7e13b7;2025-05-09 12:29:21.1598
-1;-2;-14;-9;-4;0;-1;-1;8f4cdfd9-c6a5-4abe-9c92-0d36fb7e13b7;2025-05-09 12:29:21.1598
0;1;-8;1;3;-1;-1;-2;8f4cdfd9-c6a5-4abe-9c92-0d36fb7e13b7;2025-05-09 12:29:21.1832
2;2;11;-13;0;-1;-1;1;8f4cdfd9-c6a5-4abe-9c92-0d36fb7e13b7;2025-05-09 12:29:21.1832
-1;-4;8;2;-6;-2;-2;-1;8f4cdfd9-c6a5-4abe-9c92-0d36fb7e13b7;2025-05-09 12:29:21.1992
-2;1;7;-19;-5;-4;0;-2;8f4cdfd9-c6a5-4abe-9c92-0d36fb7e13b7;2025-05-09 12:29:21.1992
-1;-2;-2;7;-1;1;1;0;8f4cdfd9-c6a5-4abe-9c92-0d36fb7e13b7;2025-05-09 12:29:21.2002
0;0;-5;-10;-3;-2;1;-3;8f4cdfd9-c6a5-4abe-9c92-0d36fb7e13b7;2025-05-09 12:29:21.2002
-1;1;0;6;2;-1;-1;-1;8f4cdfd9-c6a5-4abe-9c92-0d36fb7e13b7;2025-05-09 12:29:21.2051
0;-2;10;0;-1;0;-2;0;8f4cdfd9-c6a5-4abe-9c92-0d36fb7e13b7;2025-05-09 12:29:21.2051
-2;-4;-6;12;-2;-2;0;0;8f4cdfd9-c6a5-4abe-9c92-0d36fb7e13b7;2025-05-09 12:29:21.2201
0;-3;-6;-10;0;1;-2;0;8f4cdfd9-c6a5-4abe-9c92-0d36fb7e13b7;2025-05-09 12:29:21.2201
1;7;16;-13;5;3;0;-1;8f4cdfd9-c6a5-4abe-9c92-0d36fb7e13b7;2025-05-09 12:29:21.2211
2;-4;-9;5;-7;-3;-1;-1;8f4cdfd9-c6a5-4abe-9c92-0d36fb7e13b7;2025-05-09 12:29:21.2211
-2;-6;-15;8;-5;-1;-1;-1;8f4cdfd9-c6a5-4abe-9c92-0d36fb7e13b7;2025-05-09 12:29:21.2351
0;6;7;-2;3;3;0;-1;8f4cdfd9-c6a5-4abe-9c92-0d36fb7e13b7;2025-05-09 12:29:21.2351
-1;-3;-12;-4;-5;-2;0;-1;8f4cdfd9-c6a5-4abe-9c92-0d36fb7e13b7;2025-05-09 12:29:21.2430
0;-2;5;-2;0;1;-1;0;8f4cdfd9-c6a5-4abe-9c92-0d36fb7e13b7;2025-05-09 12:29:21.2430
2;7;9;2;2;2;0;0;8f4cdfd9-c6a5-4abe-9c92-0d36fb7e13b7;2025-05-09 12:29:21.2590
-1;-1;-10;-32;0;-2;-2;0;8f4cdfd9-c6a5-4abe-9c92-0d36fb7e13b7;2025-05-09 12:29:21.2590
-2;-3;12;10;-6;-2;-1;-2;8f4cdfd9-c6a5-4abe-9c92-0d36fb7e13b7;2025-05-09 12:29:21.2650
-3;-2;-1;1;0;-1;0;-2;8f4cdfd9-c6a5-4abe-9c92-0d36fb7e13b7;2025-05-09 12:29:21.2650
0;-3;-17;14;-2;-2;-2;-2;8f4cdfd9-c6a5-4abe-9c92-0d36fb7e13b7;2025-05-09 12:29:21.2879
0;-4;-12;-15;3;0;1;-1;8f4cdfd9-c6a5-4abe-9c92-0d36fb7e13b7;2025-05-09 12:29:21.2879
-1;-2;7;13;1;-1;-2;0;8f4cdfd9-c6a5-4abe-9c92-0d36fb7e13b7;2025-05-09 12:29:21.2949
0;-1;-2;-5;0;-2;-1;0;8f4cdfd9-c6a5-4abe-9c92-0d36fb7e13b7;2025-05-09 12:29:21.2959
0;4;7;6;1;0;-1;0;8f4cdfd9-c6a5-4abe-9c92-0d36fb7e13b7;2025-05-09 12:29:21.3119
-1;0;2;1;-2;0;-1;-1;8f4cdfd9-c6a5-4abe-9c92-0d36fb7e13b7;2025-05-09 12:29:21.3119
-2;-3;-11;-5;-2;-2;1;-1;8f4cdfd9-c6a5-4abe-9c92-0d36fb7e13b7;2025-05-09 12:29:21.3188
0;-2;2;-2;-3;0;-1;-2;8f4cdfd9-c6a5-4abe-9c92-0d36fb7e13b7;2025-05-09 12:29:21.3188
-2;-1;5;-9;-2;-2;-2;0;8f4cdfd9-c6a5-4abe-9c92-0d36fb7e13b7;2025-05-09 12:29:21.3203
-1;0;11;14;-3;-3;-1;-3;8f4cdfd9-c6a5-4abe-9c92-0d36fb7e13b7;2025-05-09 12:29:21.3203
-3;-6;-7;-4;-1;-2;-1;-1;8f4cdfd9-c6a5-4abe-9c92-0d36fb7e13b7;2025-05-09 12:29:21.3403
0;2;13;-4;0;1;-2;0;8f4cdfd9-c6a5-4abe-9c92-0d36fb7e13b7;2025-05-09 12:29:21.3403
-2;-4;-24;-9;0;0;1;-2;8f4cdfd9-c6a5-4abe-9c92-0d36fb7e13b7;2025-05-09 12:29:21.3702
-2;-2;10;6;-2;1;-2;0;8f4cdfd9-c6a5-4abe-9c92-0d36fb7e13b7;2025-05-09 12:29:21.3707
1;3;-3;-3;1;0;-1;0;8f4cdfd9-c6a5-4abe-9c92-0d36fb7e13b7;2025-05-09 12:29:21.3777
-1;0;-13;2;2;-3;0;-2;8f4cdfd9-c6a5-4abe-9c92-0d36fb7e13b7;2025-05-09 12:29:21.3777
-2;-5;-7;-24;-12;-3;-1;-1;8f4cdfd9-c6a5-4abe-9c92-0d36fb7e13b7;2025-05-09 12:29:21.3887
-1;1;22;6;1;-1;-1;-1;8f4cdfd9-c6a5-4abe-9c92-0d36fb7e13b7;2025-05-09 12:29:21.3887
1;0;4;6;7;-1;1;0;8f4cdfd9-c6a5-4abe-9c92-0d36fb7e13b7;2025-05-09 12:29:21.3887
-2;-1;-15;6;1;-1;-2;-1;8f4cdfd9-c6a5-4abe-9c92-0d36fb7e13b7;2025-05-09 12:29:21.3887
-1;-4;-23;-3;-3;1;-1;0;8f4cdfd9-c6a5-4abe-9c92-0d36fb7e13b7;2025-05-09 12:29:21.3897
-2;-5;8;-4;-2;-3;-3;-1;8f4cdfd9-c6a5-4abe-9c92-0d36fb7e13b7;2025-05-09 12:29:21.3897
-1;0;0;0;-1;-2;0;-1;8f4cdfd9-c6a5-4abe-9c92-0d36fb7e13b7;2025-05-09 12:29:21.3936
-1;-1;0;0;-2;-1;0;0;8f4cdfd9-c6a5-4abe-9c92-0d36fb7e13b7;2025-05-09 12:29:21.3936
-1;3;6;-2;-2;0;0;0;8f4cdfd9-c6a5-4abe-9c92-0d36fb7e13b7;2025-05-09 12:29:21.3996
-2;0;-1;4;0;0;0;-1;8f4cdfd9-c6a5-4abe-9c92-0d36fb7e13b7;2025-05-09 12:29:21.3996
0;0;19;18;0;-2;-2;-1;8f4cdfd9-c6a5-4abe-9c92-0d36fb7e13b7;2025-05-09 12:29:21.4086
0;-1;-18;-13;-2;-1;0;-1;8f4cdfd9-c6a5-4abe-9c92-0d36fb7e13b7;2025-05-09 12:29:21.4086
-1;-3;0;1;-4;0;0;-1;8f4cdfd9-c6a5-4abe-9c92-0d36fb7e13b7;2025-05-09 12:29:21.4236
-2;-2;-10;-3;0;1;1;-1;8f4cdfd9-c6a5-4abe-9c92-0d36fb7e13b7;2025-05-09 12:29:21.4236
0;-1;3;6;3;0;0;1;8f4cdfd9-c6a5-4abe-9c92-0d36fb7e13b7;2025-05-09 12:29:21.4256
1;-1;-1;3;1;-1;0;2;8f4cdfd9-c6a5-4abe-9c92-0d36fb7e13b7;2025-05-09 12:29:21.4256
-1;-3;-7;-3;-3;-2;-2;-1;8f4cdfd9-c6a5-4abe-9c92-0d36fb7e13b7;2025-05-09 12:29:21.4535
0;-2;0;-9;-8;-5;-1;0;8f4cdfd9-c6a5-4abe-9c92-0d36fb7e13b7;2025-05-09 12:29:21.4535
0;4;-2;1;6;2;-1;-1;8f4cdfd9-c6a5-4abe-9c92-0d36fb7e13b7;2025-05-09 12:29:21.4555
0;-1;6;16;1;-3;-2;-1;8f4cdfd9-c6a5-4abe-9c92-0d36fb7e13b7;2025-05-09 12:29:21.4555
0;-4;0;-10;-2;0;0;-1;8f4cdfd9-c6a5-4abe-9c92-0d36fb7e13b7;2025-05-09 12:29:21.4684
-1;-3;-8;-1;2;2;1;1;8f4cdfd9-c6a5-4abe-9c92-0d36fb7e13b7;2025-05-09 12:29:21.4684
-2;-1;-8;-9;-3;-1;-1;-2;8f4cdfd9-c6a5-4abe-9c92-0d36fb7e13b7;2025-05-09 12:29:21.4704
-1;-1;5;9;-1;-3;-1;-1;8f4cdfd9-c6a5-4abe-9c92-0d36fb7e13b7;2025-05-09 12:29:21.4704
-2;-1;-2;-6;2;0;-2;-1;8f4cdfd9-c6a5-4abe-9c92-0d36fb7e13b7;2025-05-09 12:29:21.4834
-1;5;46;16;-2;0;1;-1;8f4cdfd9-c6a5-4abe-9c92-0d36fb7e13b7;2025-05-09 12:29:21.4834
-4;-5;-25;-16;-5;-3;-3;-1;8f4cdfd9-c6a5-4abe-9c92-0d36fb7e13b7;2025-05-09 12:29:21.4854
-2;-4;-31;-7;-4;-1;-2;-2;8f4cdfd9-c6a5-4abe-9c92-0d36fb7e13b7;2025-05-09 12:29:21.4854
-1;0;15;-3;-2;-1;-1;0;8f4cdfd9-c6a5-4abe-9c92-0d36fb7e13b7;2025-05-09 12:29:21.5063
0;-1;-24;1;0;-2;-1;-1;8f4cdfd9-c6a5-4abe-9c92-0d36fb7e13b7;2025-05-09 12:29:21.5063
-2;-4;4;-9;-5;-4;-2;0;8f4cdfd9-c6a5-4abe-9c92-0d36fb7e13b7;2025-05-09 12:29:21.5073
-2;0;13;24;1;1;-1;-1;8f4cdfd9-c6a5-4abe-9c92-0d36fb7e13b7;2025-05-09 12:29:21.5083
-2;0;0;-14;0;0;0;-2;8f4cdfd9-c6a5-4abe-9c92-0d36fb7e13b7;2025-05-09 12:29:21.5203
2;0;-11;-10;-2;1;0;0;8f4cdfd9-c6a5-4abe-9c92-0d36fb7e13b7;2025-05-09 12:29:21.5203
0;1;22;2;-1;0;1;0;8f4cdfd9-c6a5-4abe-9c92-0d36fb7e13b7;2025-05-09 12:29:21.5348
-2;-4;-30;-1;-1;-1;-1;-1;8f4cdfd9-c6a5-4abe-9c92-0d36fb7e13b7;2025-05-09 12:29:21.5348
0;-1;7;2;-3;-1;-2;-1;8f4cdfd9-c6a5-4abe-9c92-0d36fb7e13b7;2025-05-09 12:29:21.5438
-1;-1;-9;-7;2;0;-1;-2;8f4cdfd9-c6a5-4abe-9c92-0d36fb7e13b7;2025-05-09 12:29:21.5438
0;0;-11;10;2;0;0;0;8f4cdfd9-c6a5-4abe-9c92-0d36fb7e13b7;2025-05-09 12:29:21.5447
-1;2;19;-7;1;0;-1;-2;8f4cdfd9-c6a5-4abe-9c92-0d36fb7e13b7;2025-05-09 12:29:21.5457
0;0;-5;4;0;-1;-1;-2;8f4cdfd9-c6a5-4abe-9c92-0d36fb7e13b7;2025-05-09 12:29:21.5657
-1;-5;-23;-19;-2;-1;-1;-1;8f4cdfd9-c6a5-4abe-9c92-0d36fb7e13b7;2025-05-09 12:29:21.5667
-1;3;23;6;-6;-1;0;-1;8f4cdfd9-c6a5-4abe-9c92-0d36fb7e13b7;2025-05-09 12:29:21.5677
-1;1;-2;1;2;0;-1;1;8f4cdfd9-c6a5-4abe-9c92-0d36fb7e13b7;2025-05-09 12:29:21.5677
-2;-6;-19;17;-2;-1;-2;0;8f4cdfd9-c6a5-4abe-9c92-0d36fb7e13b7;2025-05-09 12:29:21.5886
-1;-1;1;-11;-1;-2;-1;1;8f4cdfd9-c6a5-4abe-9c92-0d36fb7e13b7;2025-05-09 12:29:21.5886
-1;1;0;-2;-1;1;-1;1;8f4cdfd9-c6a5-4abe-9c92-0d36fb7e13b7;2025-05-09 12:29:21.5906
-1;2;34;-1;4;4;1;1;8f4cdfd9-c6a5-4abe-9c92-0d36fb7e13b7;2025-05-09 12:29:21.5906
-2;-2;-22;-4;-5;-3;-1;0;8f4cdfd9-c6a5-4abe-9c92-0d36fb7e13b7;2025-05-09 12:29:21.6026
-1;-1;6;13;1;-2;-1;-1;8f4cdfd9-c6a5-4abe-9c92-0d36fb7e13b7;2025-05-09 12:29:21.6026
-3;-3;-10;-5;-3;-3;-2;0;8f4cdfd9-c6a5-4abe-9c92-0d36fb7e13b7;2025-05-09 12:29:21.6096
-1;0;10;0;-3;-2;-1;-1;8f4cdfd9-c6a5-4abe-9c92-0d36fb7e13b7;2025-05-09 12:29:21.6096
2;1;4;-5;0;1;-1;1;8f4cdfd9-c6a5-4abe-9c92-0d36fb7e13b7;2025-05-09 12:29:21.6265
-1;-1;-11;2;3;1;0;-2;8f4cdfd9-c6a5-4abe-9c92-0d36fb7e13b7;2025-05-09 12:29:21.6265
1;-1;7;2;-3;0;-2;-1;8f4cdfd9-c6a5-4abe-9c92-0d36fb7e13b7;2025-05-09 12:29:21.6275
-1;-1;-7;-11;-4;-1;-1;0;8f4cdfd9-c6a5-4abe-9c92-0d36fb7e13b7;2025-05-09 12:29:21.6275
-2;1;-4;-14;0;-3;-2;-1;8f4cdfd9-c6a5-4abe-9c92-0d36fb7e13b7;2025-05-09 12:29:21.6485
-2;-1;8;11;-3;-2;-3;-2;8f4cdfd9-c6a5-4abe-9c92-0d36fb7e13b7;2025-05-09 12:29:21.6485
0;-1;5;4;1;0;0;-1;8f4cdfd9-c6a5-4abe-9c92-0d36fb7e13b7;2025-05-09 12:29:21.6505
0;0;-9;-4;-3;-1;-1;0;8f4cdfd9-c6a5-4abe-9c92-0d36fb7e13b7;2025-05-09 12:29:21.6505
0;-1;2;-2;-1;1;0;-1;8f4cdfd9-c6a5-4abe-9c92-0d36fb7e13b7;2025-05-09 12:29:21.6634
1;1;11;11;2;0;0;0;8f4cdfd9-c6a5-4abe-9c92-0d36fb7e13b7;2025-05-09 12:29:21.6634
1;1;-4;-1;-1;-4;-1;-1;8f4cdfd9-c6a5-4abe-9c92-0d36fb7e13b7;2025-05-09 12:29:21.6694
-1;-11;2;-6;-3;-2;-1;-1;8f4cdfd9-c6a5-4abe-9c92-0d36fb7e13b7;2025-05-09 12:29:21.6694
-5;0;-4;-14;1;-1;0;0;8f4cdfd9-c6a5-4abe-9c92-0d36fb7e13b7;2025-05-09 12:29:21.6864
-2;1;0;14;-1;1;0;-1;8f4cdfd9-c6a5-4abe-9c92-0d36fb7e13b7;2025-05-09 12:29:21.6864
0;0;2;7;1;-2;-1;0;8f4cdfd9-c6a5-4abe-9c92-0d36fb7e13b7;2025-05-09 12:29:21.6874
-2;-3;-23;-2;-1;-3;0;-2;8f4cdfd9-c6a5-4abe-9c92-0d36fb7e13b7;2025-05-09 12:29:21.6884
-1;0;10;3;-2;-1;-2;-1;8f4cdfd9-c6a5-4abe-9c92-0d36fb7e13b7;2025-05-09 12:29:21.7073
0;1;1;7;1;-2;0;2;8f4cdfd9-c6a5-4abe-9c92-0d36fb7e13b7;2025-05-09 12:29:21.7083
-2;-6;-12;-18;-5;-2;-2;-1;8f4cdfd9-c6a5-4abe-9c92-0d36fb7e13b7;2025-05-09 12:29:21.7163
0;6;5;-2;-5;-2;-3;-2;8f4cdfd9-c6a5-4abe-9c92-0d36fb7e13b7;2025-05-09 12:29:21.7163
0;-2;2;5;3;1;0;0;8f4cdfd9-c6a5-4abe-9c92-0d36fb7e13b7;2025-05-09 12:29:21.7313
-2;-1;-8;-6;-4;-1;-2;1;8f4cdfd9-c6a5-4abe-9c92-0d36fb7e13b7;2025-05-09 12:29:21.7313
0;-1;-3;-6;4;2;0;0;8f4cdfd9-c6a5-4abe-9c92-0d36fb7e13b7;2025-05-09 12:29:21.7332
0;-1;5;7;-1;-1;-1;0;8f4cdfd9-c6a5-4abe-9c92-0d36fb7e13b7;2025-05-09 12:29:21.7332
1;6;15;5;0;-1;0;0;8f4cdfd9-c6a5-4abe-9c92-0d36fb7e13b7;2025-05-09 12:29:21.7542
-3;-9;-30;-12;-7;-2;0;-2;8f4cdfd9-c6a5-4abe-9c92-0d36fb7e13b7;2025-05-09 12:29:21.7542
-1;-1;-1;-3;-2;-1;-2;-1;8f4cdfd9-c6a5-4abe-9c92-0d36fb7e13b7;2025-05-09 12:29:21.7552
-1;-1;-1;3;3;2;-1;-2;8f4cdfd9-c6a5-4abe-9c92-0d36fb7e13b7;2025-05-09 12:29:21.7552
1;3;29;16;3;1;1;0;8f4cdfd9-c6a5-4abe-9c92-0d36fb7e13b7;2025-05-09 12:29:21.7691
0;1;-15;-15;-1;-1;1;1;8f4cdfd9-c6a5-4abe-9c92-0d36fb7e13b7;2025-05-09 12:29:21.7691
-1;-3;-7;-15;-3;-1;0;-1;8f4cdfd9-c6a5-4abe-9c92-0d36fb7e13b7;2025-05-09 12:29:21.7701
1;2;4;9;1;0;1;-1;8f4cdfd9-c6a5-4abe-9c92-0d36fb7e13b7;2025-05-09 12:29:21.7701
-2;-3;-7;5;-5;-4;-1;-1;8f4cdfd9-c6a5-4abe-9c92-0d36fb7e13b7;2025-05-09 12:29:21.7831
0;0;8;4;1;3;0;-1;8f4cdfd9-c6a5-4abe-9c92-0d36fb7e13b7;2025-05-09 12:29:21.7831
0;1;-4;12;2;1;-2;-2;8f4cdfd9-c6a5-4abe-9c92-0d36fb7e13b7;2025-05-09 12:29:21.7911
-4;-4;-7;-28;-13;-3;-4;0;8f4cdfd9-c6a5-4abe-9c92-0d36fb7e13b7;2025-05-09 12:29:21.7911
1;-1;1;-10;-2;0;-1;0;8f4cdfd9-c6a5-4abe-9c92-0d36fb7e13b7;2025-05-09 12:29:21.8061
-1;0;5;-9;-1;-3;-2;-2;8f4cdfd9-c6a5-4abe-9c92-0d36fb7e13b7;2025-05-09 12:29:21.8061
2;0;4;30;2;3;1;1;8f4cdfd9-c6a5-4abe-9c92-0d36fb7e13b7;2025-05-09 12:29:21.8200
-1;-1;-42;-35;5;0;1;-1;8f4cdfd9-c6a5-4abe-9c92-0d36fb7e13b7;2025-05-09 12:29:21.8200
-2;0;10;20;-3;-2;-2;-2;8f4cdfd9-c6a5-4abe-9c92-0d36fb7e13b7;2025-05-09 12:29:21.8290
-1;0;0;-5;-5;-3;-2;-1;8f4cdfd9-c6a5-4abe-9c92-0d36fb7e13b7;2025-05-09 12:29:21.8290
0;0;12;-2;4;0;1;-1;8f4cdfd9-c6a5-4abe-9c92-0d36fb7e13b7;2025-05-09 12:29:21.8300
0;-3;-23;3;-2;-1;-2;-1;8f4cdfd9-c6a5-4abe-9c92-0d36fb7e13b7;2025-05-09 12:29:21.8300
-2;-1;-6;5;-4;-2;-1;-1;8f4cdfd9-c6a5-4abe-9c92-0d36fb7e13b7;2025-05-09 12:29:21.8420
-1;-1;6;-10;4;1;-1;0;8f4cdfd9-c6a5-4abe-9c92-0d36fb7e13b7;2025-05-09 12:29:21.8430
-2;1;-1;-3;4;0;0;-1;8f4cdfd9-c6a5-4abe-9c92-0d36fb7e13b7;2025-05-09 12:29:21.8569
0;4;11;-5;0;-1;1;0;8f4cdfd9-c6a5-4abe-9c92-0d36fb7e13b7;2025-05-09 12:29:21.8579
-1;-2;18;7;2;1;1;-1;8f4cdfd9-c6a5-4abe-9c92-0d36fb7e13b7;2025-05-09 12:29:21.8659
-2;-4;-28;-7;-6;-3;-4;-3;8f4cdfd9-c6a5-4abe-9c92-0d36fb7e13b7;2025-05-09 12:29:21.8659
-1;-5;-21;-11;-7;-1;-1;0;8f4cdfd9-c6a5-4abe-9c92-0d36fb7e13b7;2025-05-09 12:29:21.8794
2;6;54;18;6;2;-1;1;8f4cdfd9-c6a5-4abe-9c92-0d36fb7e13b7;2025-05-09 12:29:21.8804
0;-5;-59;-17;-5;1;1;-2;8f4cdfd9-c6a5-4abe-9c92-0d36fb7e13b7;2025-05-09 12:29:21.8883
-2;-1;12;10;5;-2;-1;-2;8f4cdfd9-c6a5-4abe-9c92-0d36fb7e13b7;2025-05-09 12:29:21.8883
0;-1;-6;-4;-1;-1;-2;1;8f4cdfd9-c6a5-4abe-9c92-0d36fb7e13b7;2025-05-09 12:29:21.8903
0;0;5;7;0;4;-1;-2;8f4cdfd9-c6a5-4abe-9c92-0d36fb7e13b7;2025-05-09 12:29:21.8903
-1;3;10;-6;-1;0;0;0;8f4cdfd9-c6a5-4abe-9c92-0d36fb7e13b7;2025-05-09 12:29:21.9023
0;0;2;-6;-3;0;0;-2;8f4cdfd9-c6a5-4abe-9c92-0d36fb7e13b7;2025-05-09 12:29:21.9023
-1;-1;-13;-2;-1;-1;-2;-2;8f4cdfd9-c6a5-4abe-9c92-0d36fb7e13b7;2025-05-09 12:29:21.9173
0;0;8;5;-2;-3;-1;0;8f4cdfd9-c6a5-4abe-9c92-0d36fb7e13b7;2025-05-09 12:29:21.9173
0;-1;-7;-12;0;1;-3;0;8f4cdfd9-c6a5-4abe-9c92-0d36fb7e13b7;2025-05-09 12:29:21.9332
-1;-2;4;8;1;0;-1;0;8f4cdfd9-c6a5-4abe-9c92-0d36fb7e13b7;2025-05-09 12:29:21.9332
-1;-3;15;0;-2;-2;-1;-2;8f4cdfd9-c6a5-4abe-9c92-0d36fb7e13b7;2025-05-09 12:29:21.9482
0;-3;-10;2;-2;-2;0;-1;8f4cdfd9-c6a5-4abe-9c92-0d36fb7e13b7;2025-05-09 12:29:21.9482
-1;-3;-5;-9;0;-1;0;-1;8f4cdfd9-c6a5-4abe-9c92-0d36fb7e13b7;2025-05-09 12:29:21.9552
0;-1;9;0;-2;0;-1;1;8f4cdfd9-c6a5-4abe-9c92-0d36fb7e13b7;2025-05-09 12:29:21.9552
-2;2;-1;6;4;0;0;0;8f4cdfd9-c6a5-4abe-9c92-0d36fb7e13b7;2025-05-09 12:29:21.9701
-2;-3;-6;-9;-5;-3;-1;-1;8f4cdfd9-c6a5-4abe-9c92-0d36fb7e13b7;2025-05-09 12:29:21.9701
1;0;-7;-11;0;0;-1;1;8f4cdfd9-c6a5-4abe-9c92-0d36fb7e13b7;2025-05-09 12:29:21.9781
-1;0;1;2;-1;-2;0;0;8f4cdfd9-c6a5-4abe-9c92-0d36fb7e13b7;2025-05-09 12:29:21.9781
-3;-2;9;8;-3;-2;-1;-3;8f4cdfd9-c6a5-4abe-9c92-0d36fb7e13b7;2025-05-09 12:29:21.9881
-2;-1;-1;-1;1;0;-1;0;8f4cdfd9-c6a5-4abe-9c92-0d36fb7e13b7;2025-05-09 12:29:21.9881
-1;0;7;1;0;0;0;0;8f4cdfd9-c6a5-4abe-9c92-0d36fb7e13b7;2025-05-09 12:29:21.9891
1;3;14;13;1;0;0;-1;8f4cdfd9-c6a5-4abe-9c92-0d36fb7e13b7;2025-05-09 12:29:21.9891
-1;-1;-4;-8;-1;-1;-1;0;8f4cdfd9-c6a5-4abe-9c92-0d36fb7e13b7;2025-05-09 12:29:21.9921
-2;-3;-6;9;-8;-3;0;-1;8f4cdfd9-c6a5-4abe-9c92-0d36fb7e13b7;2025-05-09 12:29:21.9921
-1;1;11;-8;5;-1;-1;-1;8f4cdfd9-c6a5-4abe-9c92-0d36fb7e13b7;2025-05-09 12:29:22.0080
-1;-1;-15;-6;-1;-1;-1;-1;8f4cdfd9-c6a5-4abe-9c92-0d36fb7e13b7;2025-05-09 12:29:22.0080
1;0;3;-3;-2;-1;1;1;8f4cdfd9-c6a5-4abe-9c92-0d36fb7e13b7;2025-05-09 12:29:22.0230
1;-1;-12;-4;-5;0;-1;0;8f4cdfd9-c6a5-4abe-9c92-0d36fb7e13b7;2025-05-09 12:29:22.0230
-1;0;-1;6;-5;-4;-4;-2;8f4cdfd9-c6a5-4abe-9c92-0d36fb7e13b7;2025-05-09 12:29:22.0300
-2;-1;-10;-5;-1;-1;-1;0;8f4cdfd9-c6a5-4abe-9c92-0d36fb7e13b7;2025-05-09 12:29:22.0300
1;3;17;3;-4;-1;-1;-1;8f4cdfd9-c6a5-4abe-9c92-0d36fb7e13b7;2025-05-09 12:29:22.0449
-3;-2;-15;-5;2;-2;0;0;8f4cdfd9-c6a5-4abe-9c92-0d36fb7e13b7;2025-05-09 12:29:22.0459
-1;-4;-9;14;0;-2;-1;-2;8f4cdfd9-c6a5-4abe-9c92-0d36fb7e13b7;2025-05-09 12:29:22.0609
-1;-2;6;-12;-3;-2;-1;0;8f4cdfd9-c6a5-4abe-9c92-0d36fb7e13b7;2025-05-09 12:29:22.0609
0;-4;-18;-13;-3;0;0;-1;8f4cdfd9-c6a5-4abe-9c92-0d36fb7e13b7;2025-05-09 12:29:22.0629
0;-1;18;19;4;-1;-1;-1;8f4cdfd9-c6a5-4abe-9c92-0d36fb7e13b7;2025-05-09 12:29:22.0629
-3;-1;-5;-3;0;0;0;-2;8f4cdfd9-c6a5-4abe-9c92-0d36fb7e13b7;2025-05-09 12:29:22.0748
2;5;28;13;0;1;0;-1;8f4cdfd9-c6a5-4abe-9c92-0d36fb7e13b7;2025-05-09 12:29:22.0758
-3;-4;-22;-21;-3;-2;-2;-2;8f4cdfd9-c6a5-4abe-9c92-0d36fb7e13b7;2025-05-09 12:29:22.1127
-1;0;6;2;2;-1;-1;-2;8f4cdfd9-c6a5-4abe-9c92-0d36fb7e13b7;2025-05-09 12:29:22.1127
0;0;-1;6;-7;-3;-1;0;8f4cdfd9-c6a5-4abe-9c92-0d36fb7e13b7;2025-05-09 12:29:22.1212
0;-6;-17;2;3;0;-1;-1;8f4cdfd9-c6a5-4abe-9c92-0d36fb7e13b7;2025-05-09 12:29:22.1212
-1;-1;9;3;1;0;0;-1;8f4cdfd9-c6a5-4abe-9c92-0d36fb7e13b7;2025-05-09 12:29:22.1292
-1;0;-6;-7;0;0;0;-1;8f4cdfd9-c6a5-4abe-9c92-0d36fb7e13b7;2025-05-09 12:29:22.1292
0;1;17;1;-4;-1;-2;-2;8f4cdfd9-c6a5-4abe-9c92-0d36fb7e13b7;2025-05-09 12:29:22.1501
0;-1;13;1;-2;-4;0;-1;8f4cdfd9-c6a5-4abe-9c92-0d36fb7e13b7;2025-05-09 12:29:22.1501
0;-1;-2;-5;2;1;1;-2;8f4cdfd9-c6a5-4abe-9c92-0d36fb7e13b7;2025-05-09 12:29:22.1591
0;0;0;1;-2;1;-1;-1;8f4cdfd9-c6a5-4abe-9c92-0d36fb7e13b7;2025-05-09 12:29:22.1591
0;1;11;8;4;1;-1;0;8f4cdfd9-c6a5-4abe-9c92-0d36fb7e13b7;2025-05-09 12:29:22.1601
-1;-1;-5;-6;-1;-1;1;1;8f4cdfd9-c6a5-4abe-9c92-0d36fb7e13b7;2025-05-09 12:29:22.1611
-2;-2;5;0;0;0;0;-1;8f4cdfd9-c6a5-4abe-9c92-0d36fb7e13b7;2025-05-09 12:29:22.1651
-1;1;-2;-14;0;-1;-1;-1;8f4cdfd9-c6a5-4abe-9c92-0d36fb7e13b7;2025-05-09 12:29:22.1651
-2;-2;2;16;-4;-3;-1;-1;8f4cdfd9-c6a5-4abe-9c92-0d36fb7e13b7;2025-05-09 12:29:22.1821
-1;-1;-6;-5;5;1;-2;-3;8f4cdfd9-c6a5-4abe-9c92-0d36fb7e13b7;2025-05-09 12:29:22.1821
1;-1;0;5;-2;-2;-2;-1;8f4cdfd9-c6a5-4abe-9c92-0d36fb7e13b7;2025-05-09 12:29:22.1821
-2;-3;0;-7;-3;-1;-1;-1;8f4cdfd9-c6a5-4abe-9c92-0d36fb7e13b7;2025-05-09 12:29:22.1821
-2;-2;-3;-2;-3;-3;-2;-2;8f4cdfd9-c6a5-4abe-9c92-0d36fb7e13b7;2025-05-09 12:29:22.1890
-1;0;6;12;6;2;0;-1;8f4cdfd9-c6a5-4abe-9c92-0d36fb7e13b7;2025-05-09 12:29:22.1890
0;2;8;-11;1;0;0;1;8f4cdfd9-c6a5-4abe-9c92-0d36fb7e13b7;2025-05-09 12:29:22.1900
-1;-4;8;16;0;-1;-1;0;8f4cdfd9-c6a5-4abe-9c92-0d36fb7e13b7;2025-05-09 12:29:22.1900
0;-1;-21;-18;0;2;-1;1;8f4cdfd9-c6a5-4abe-9c92-0d36fb7e13b7;2025-05-09 12:29:22.1920
0;-1;17;11;-3;-1;1;-2;8f4cdfd9-c6a5-4abe-9c92-0d36fb7e13b7;2025-05-09 12:29:22.1920
-1;-3;-17;-16;-2;1;1;1;8f4cdfd9-c6a5-4abe-9c92-0d36fb7e13b7;2025-05-09 12:29:22.2020
-1;1;-8;1;-3;-2;0;-1;8f4cdfd9-c6a5-4abe-9c92-0d36fb7e13b7;2025-05-09 12:29:22.2020
-2;1;17;10;-2;-1;0;-1;8f4cdfd9-c6a5-4abe-9c92-0d36fb7e13b7;2025-05-09 12:29:22.2190
0;-1;-10;-5;-2;-1;-1;-1;8f4cdfd9-c6a5-4abe-9c92-0d36fb7e13b7;2025-05-09 12:29:22.2190
-1;1;11;-5;2;-1;-1;1;8f4cdfd9-c6a5-4abe-9c92-0d36fb7e13b7;2025-05-09 12:29:22.2264
0;-1;-8;-3;-1;0;0;-1;8f4cdfd9-c6a5-4abe-9c92-0d36fb7e13b7;2025-05-09 12:29:22.2264
0;0;5;11;-1;0;0;0;8f4cdfd9-c6a5-4abe-9c92-0d36fb7e13b7;2025-05-09 12:29:22.2274
-1;2;-2;-4;-3;-2;-3;-2;8f4cdfd9-c6a5-4abe-9c92-0d36fb7e13b7;2025-05-09 12:29:22.2274
0;-5;-2;8;-2;-1;-3;-3;8f4cdfd9-c6a5-4abe-9c92-0d36fb7e13b7;2025-05-09 12:29:22.2474
0;-1;-8;-7;2;-1;0;0;8f4cdfd9-c6a5-4abe-9c92-0d36fb7e13b7;2025-05-09 12:29:22.2474
2;-1;-8;-11;-2;-1;0;0;8f4cdfd9-c6a5-4abe-9c92-0d36fb7e13b7;2025-05-09 12:29:22.2623
-1;-4;0;-2;-4;-2;-1;-1;8f4cdfd9-c6a5-4abe-9c92-0d36fb7e13b7;2025-05-09 12:29:22.2623
-1;-1;0;14;4;-1;-1;-1;8f4cdfd9-c6a5-4abe-9c92-0d36fb7e13b7;2025-05-09 12:29:22.2703
-2;-1;-7;-3;-4;1;-1;-1;8f4cdfd9-c6a5-4abe-9c92-0d36fb7e13b7;2025-05-09 12:29:22.2703
0;0;2;3;2;0;0;-1;8f4cdfd9-c6a5-4abe-9c92-0d36fb7e13b7;2025-05-09 12:29:22.2873
0;-1;-9;8;-1;3;0;2;8f4cdfd9-c6a5-4abe-9c92-0d36fb7e13b7;2025-05-09 12:29:22.2873
0;-2;10;-14;1;-2;0;0;8f4cdfd9-c6a5-4abe-9c92-0d36fb7e13b7;2025-05-09 12:29:22.2883
-3;-1;-12;-9;1;1;-1;0;8f4cdfd9-c6a5-4abe-9c92-0d36fb7e13b7;2025-05-09 12:29:22.2883
-1;1;42;9;-1;-3;-1;-1;8f4cdfd9-c6a5-4abe-9c92-0d36fb7e13b7;2025-05-09 12:29:22.3002
-3;-6;-59;-10;-5;-2;-3;-1;8f4cdfd9-c6a5-4abe-9c92-0d36fb7e13b7;2025-05-09 12:29:22.3002
0;1;-4;-6;-3;0;0;1;8f4cdfd9-c6a5-4abe-9c92-0d36fb7e13b7;2025-05-09 12:29:22.3152
0;-5;-19;-4;2;-1;0;-2;8f4cdfd9-c6a5-4abe-9c92-0d36fb7e13b7;2025-05-09 12:29:22.3152
0;0;3;7;4;2;0;0;8f4cdfd9-c6a5-4abe-9c92-0d36fb7e13b7;2025-05-09 12:29:22.3247
-1;-1;18;7;2;-1;0;1;8f4cdfd9-c6a5-4abe-9c92-0d36fb7e13b7;2025-05-09 12:29:22.3247
-2;2;2;5;0;-1;-2;-3;8f4cdfd9-c6a5-4abe-9c92-0d36fb7e13b7;2025-05-09 12:29:22.3257
1;3;6;-6;-1;1;0;-1;8f4cdfd9-c6a5-4abe-9c92-0d36fb7e13b7;2025-05-09 12:29:22.3257
-2;-4;-22;-10;-4;-4;-1;0;8f4cdfd9-c6a5-4abe-9c92-0d36fb7e13b7;2025-05-09 12:29:22.3377
-1;-3;5;-4;-2;-1;0;-1;8f4cdfd9-c6a5-4abe-9c92-0d36fb7e13b7;2025-05-09 12:29:22.3377
0;0;-10;-3;1;-2;-1;0;8f4cdfd9-c6a5-4abe-9c92-0d36fb7e13b7;2025-05-09 12:29:22.3456
0;0;16;0;-1;-1;-2;-2;8f4cdfd9-c6a5-4abe-9c92-0d36fb7e13b7;2025-05-09 12:29:22.3456
-3;-2;-3;-4;-2;-1;0;-3;8f4cdfd9-c6a5-4abe-9c92-0d36fb7e13b7;2025-05-09 12:29:22.3536
-2;1;10;-2;-2;0;0;-1;8f4cdfd9-c6a5-4abe-9c92-0d36fb7e13b7;2025-05-09 12:29:22.3536
-1;-3;-3;-3;-5;-1;-1;-1;8f4cdfd9-c6a5-4abe-9c92-0d36fb7e13b7;2025-05-09 12:29:22.3686
-1;-2;-6;3;-1;-1;0;-1;8f4cdfd9-c6a5-4abe-9c92-0d36fb7e13b7;2025-05-09 12:29:22.3686
-1;-2;0;0;0;-1;-2;0;8f4cdfd9-c6a5-4abe-9c92-0d36fb7e13b7;2025-05-09 12:29:22.3706
-1;1;1;5;0;-2;-2;1;8f4cdfd9-c6a5-4abe-9c92-0d36fb7e13b7;2025-05-09 12:29:22.3706
-2;-4;-12;-18;-4;-1;0;0;8f4cdfd9-c6a5-4abe-9c92-0d36fb7e13b7;2025-05-09 12:29:22.3825
1;1;6;7;-2;-3;-2;0;8f4cdfd9-c6a5-4abe-9c92-0d36fb7e13b7;2025-05-09 12:29:22.3825
0;0;3;-11;-2;0;0;1;8f4cdfd9-c6a5-4abe-9c92-0d36fb7e13b7;2025-05-09 12:29:22.3915
2;2;2;5;5;0;0;-1;8f4cdfd9-c6a5-4abe-9c92-0d36fb7e13b7;2025-05-09 12:29:22.3915
-2;-2;10;3;-3;-2;-1;-3;8f4cdfd9-c6a5-4abe-9c92-0d36fb7e13b7;2025-05-09 12:29:22.4055
-2;3;-2;0;0;2;0;-1;8f4cdfd9-c6a5-4abe-9c92-0d36fb7e13b7;2025-05-09 12:29:22.4055
-3;-5;-11;6;-2;-2;-1;-2;8f4cdfd9-c6a5-4abe-9c92-0d36fb7e13b7;2025-05-09 12:29:22.4289
0;0;5;-10;-5;-1;0;-1;8f4cdfd9-c6a5-4abe-9c92-0d36fb7e13b7;2025-05-09 12:29:22.4289
2;3;4;12;0;-1;0;-1;8f4cdfd9-c6a5-4abe-9c92-0d36fb7e13b7;2025-05-09 12:29:22.4299
-3;-1;-13;-13;2;-1;-2;-1;8f4cdfd9-c6a5-4abe-9c92-0d36fb7e13b7;2025-05-09 12:29:22.4299
-2;-1;-1;1;-4;-3;-2;-1;8f4cdfd9-c6a5-4abe-9c92-0d36fb7e13b7;2025-05-09 12:29:22.4349
-3;-1;7;-1;2;-1;-1;0;8f4cdfd9-c6a5-4abe-9c92-0d36fb7e13b7;2025-05-09 12:29:22.4349
-1;-2;-13;3;-4;-1;1;0;8f4cdfd9-c6a5-4abe-9c92-0d36fb7e13b7;2025-05-09 12:29:22.4419
0;-1;6;-9;-5;-1;0;-1;8f4cdfd9-c6a5-4abe-9c92-0d36fb7e13b7;2025-05-09 12:29:22.4429
-1;1;-1;7;6;2;0;0;8f4cdfd9-c6a5-4abe-9c92-0d36fb7e13b7;2025-05-09 12:29:22.4509
-2;-2;-1;-3;-4;-2;-2;0;8f4cdfd9-c6a5-4abe-9c92-0d36fb7e13b7;2025-05-09 12:29:22.4509
-1;0;4;2;-1;-1;-1;0;8f4cdfd9-c6a5-4abe-9c92-0d36fb7e13b7;2025-05-09 12:29:22.4808
-3;-3;-8;4;-2;-2;-2;-3;8f4cdfd9-c6a5-4abe-9c92-0d36fb7e13b7;2025-05-09 12:29:22.4808
-1;-2;-5;-2;0;0;0;0;8f4cdfd9-c6a5-4abe-9c92-0d36fb7e13b7;2025-05-09 12:29:22.4967
-1;-2;2;-6;-1;-1;0;-2;8f4cdfd9-c6a5-4abe-9c92-0d36fb7e13b7;2025-05-09 12:29:22.4967
-2;0;14;-3;-3;-1;-2;0;8f4cdfd9-c6a5-4abe-9c92-0d36fb7e13b7;2025-05-09 12:29:22.4967
-1;-2;-6;10;-1;-2;0;-2;8f4cdfd9-c6a5-4abe-9c92-0d36fb7e13b7;2025-05-09 12:29:22.4977
1;2;10;-1;4;1;-1;-1;8f4cdfd9-c6a5-4abe-9c92-0d36fb7e13b7;2025-05-09 12:29:22.5117
0;-3;-19;-3;-3;-1;-1;-1;8f4cdfd9-c6a5-4abe-9c92-0d36fb7e13b7;2025-05-09 12:29:22.5117
-1;-1;-1;-7;0;-1;-1;0;8f4cdfd9-c6a5-4abe-9c92-0d36fb7e13b7;2025-05-09 12:29:22.5127
1;-2;5;-3;2;0;0;-1;8f4cdfd9-c6a5-4abe-9c92-0d36fb7e13b7;2025-05-09 12:29:22.5127
-4;-5;-8;-13;-10;-5;-2;-2;8f4cdfd9-c6a5-4abe-9c92-0d36fb7e13b7;2025-05-09 12:29:22.5272
-1;-1;12;0;5;0;-1;-1;8f4cdfd9-c6a5-4abe-9c92-0d36fb7e13b7;2025-05-09 12:29:22.5272
-2;-3;-19;2;1;1;1;-2;8f4cdfd9-c6a5-4abe-9c92-0d36fb7e13b7;2025-05-09 12:29:22.5272
0;1;0;-2;-2;-2;-2;-1;8f4cdfd9-c6a5-4abe-9c92-0d36fb7e13b7;2025-05-09 12:29:22.5272
0;-2;-1;2;-2;0;-3;1;8f4cdfd9-c6a5-4abe-9c92-0d36fb7e13b7;2025-05-09 12:29:22.5401
-1;2;0;-11;0;-1;0;-2;8f4cdfd9-c6a5-4abe-9c92-0d36fb7e13b7;2025-05-09 12:29:22.5401
0;-1;14;18;-3;-1;-1;-2;8f4cdfd9-c6a5-4abe-9c92-0d36fb7e13b7;2025-05-09 12:29:22.5491
-3;-2;7;-7;-1;-1;-3;-1;8f4cdfd9-c6a5-4abe-9c92-0d36fb7e13b7;2025-05-09 12:29:22.5491
-2;-2;-3;5;0;-2;-1;-2;8f4cdfd9-c6a5-4abe-9c92-0d36fb7e13b7;2025-05-09 12:29:22.5501
-2;-1;5;4;2;2;-1;1;8f4cdfd9-c6a5-4abe-9c92-0d36fb7e13b7;2025-05-09 12:29:22.5501
-1;-2;-15;-13;-1;0;-1;0;8f4cdfd9-c6a5-4abe-9c92-0d36fb7e13b7;2025-05-09 12:29:22.5720
1;0;8;0;-2;0;0;-1;8f4cdfd9-c6a5-4abe-9c92-0d36fb7e13b7;2025-05-09 12:29:22.5720
-1;0;-6;-2;1;0;0;-1;8f4cdfd9-c6a5-4abe-9c92-0d36fb7e13b7;2025-05-09 12:29:22.5770
0;0;-8;-6;-5;-3;-2;-1;8f4cdfd9-c6a5-4abe-9c92-0d36fb7e13b7;2025-05-09 12:29:22.5770
0;3;20;5;-1;-1;0;-1;8f4cdfd9-c6a5-4abe-9c92-0d36fb7e13b7;2025-05-09 12:29:22.5860
-3;-6;-19;0;-4;-3;-2;-1;8f4cdfd9-c6a5-4abe-9c92-0d36fb7e13b7;2025-05-09 12:29:22.5860
0;0;5;9;6;0;0;0;8f4cdfd9-c6a5-4abe-9c92-0d36fb7e13b7;2025-05-09 12:29:22.5880
0;1;-4;-15;-4;1;2;0;8f4cdfd9-c6a5-4abe-9c92-0d36fb7e13b7;2025-05-09 12:29:22.5880
-1;-3;-15;-1;-2;0;-1;-2;8f4cdfd9-c6a5-4abe-9c92-0d36fb7e13b7;2025-05-09 12:29:22.6079
3;4;24;2;1;-1;-1;0;8f4cdfd9-c6a5-4abe-9c92-0d36fb7e13b7;2025-05-09 12:29:22.6079
-2;-6;-24;-5;-5;-1;-3;-3;8f4cdfd9-c6a5-4abe-9c92-0d36fb7e13b7;2025-05-09 12:29:22.6159
-1;0;2;-4;-7;-1;0;0;8f4cdfd9-c6a5-4abe-9c92-0d36fb7e13b7;2025-05-09 12:29:22.6159
-2;-1;-1;-5;2;-2;-1;0;8f4cdfd9-c6a5-4abe-9c92-0d36fb7e13b7;2025-05-09 12:29:22.6314
-2;-1;-3;0;-4;-2;0;-2;8f4cdfd9-c6a5-4abe-9c92-0d36fb7e13b7;2025-05-09 12:29:22.6314
0;0;11;-10;0;0;0;-2;8f4cdfd9-c6a5-4abe-9c92-0d36fb7e13b7;2025-05-09 12:29:22.6464
-2;-3;-1;5;3;1;0;-1;8f4cdfd9-c6a5-4abe-9c92-0d36fb7e13b7;2025-05-09 12:29:22.6464
0;2;25;15;0;1;-1;-1;8f4cdfd9-c6a5-4abe-9c92-0d36fb7e13b7;2025-05-09 12:29:22.6464
-2;-6;-37;-14;-1;-1;0;0;8f4cdfd9-c6a5-4abe-9c92-0d36fb7e13b7;2025-05-09 12:29:22.6464
-2;3;6;3;-1;-1;-1;0;8f4cdfd9-c6a5-4abe-9c92-0d36fb7e13b7;2025-05-09 12:29:22.6533
0;-4;-4;1;-2;-2;-2;-2;8f4cdfd9-c6a5-4abe-9c92-0d36fb7e13b7;2025-05-09 12:29:22.6533
1;0;-13;-9;0;-2;-1;0;8f4cdfd9-c6a5-4abe-9c92-0d36fb7e13b7;2025-05-09 12:29:22.6753
0;3;26;10;3;2;1;0;8f4cdfd9-c6a5-4abe-9c92-0d36fb7e13b7;2025-05-09 12:29:22.6753
0;-5;-16;-8;-8;-3;-2;-2;8f4cdfd9-c6a5-4abe-9c92-0d36fb7e13b7;2025-05-09 12:29:22.6843
-2;-4;-15;-14;-2;-2;-1;-1;8f4cdfd9-c6a5-4abe-9c92-0d36fb7e13b7;2025-05-09 12:29:22.6843
-1;-2;-3;-3;1;2;1;1;8f4cdfd9-c6a5-4abe-9c92-0d36fb7e13b7;2025-05-09 12:29:22.6982
1;1;8;5;1;1;-1;0;8f4cdfd9-c6a5-4abe-9c92-0d36fb7e13b7;2025-05-09 12:29:22.6982
0;1;-2;-2;0;1;0;1;8f4cdfd9-c6a5-4abe-9c92-0d36fb7e13b7;2025-05-09 12:29:22.7162
0;1;10;8;-1;-1;-1;-1;8f4cdfd9-c6a5-4abe-9c92-0d36fb7e13b7;2025-05-09 12:29:22.7162
-2;-1;-9;-3;-1;-1;-2;-1;8f4cdfd9-c6a5-4abe-9c92-0d36fb7e13b7;2025-05-09 12:29:22.7162
-1;-1;-1;11;-1;-1;0;2;8f4cdfd9-c6a5-4abe-9c92-0d36fb7e13b7;2025-05-09 12:29:22.7172
1;1;11;-10;-1;1;1;0;8f4cdfd9-c6a5-4abe-9c92-0d36fb7e13b7;2025-05-09 12:29:22.7202
-2;-3;-4;1;-1;-2;-2;-1;8f4cdfd9-c6a5-4abe-9c92-0d36fb7e13b7;2025-05-09 12:29:22.7202
-1;-1;-7;-4;-1;-1;-2;-1;8f4cdfd9-c6a5-4abe-9c92-0d36fb7e13b7;2025-05-09 12:29:22.7356
-1;0;0;-1;0;1;0;0;8f4cdfd9-c6a5-4abe-9c92-0d36fb7e13b7;2025-05-09 12:29:22.7356
0;1;3;7;0;0;-3;0;8f4cdfd9-c6a5-4abe-9c92-0d36fb7e13b7;2025-05-09 12:29:22.7506
1;1;2;-1;1;0;-1;-1;8f4cdfd9-c6a5-4abe-9c92-0d36fb7e13b7;2025-05-09 12:29:22.7506
-1;-1;-3;-4;-2;0;0;-2;8f4cdfd9-c6a5-4abe-9c92-0d36fb7e13b7;2025-05-09 12:29:22.7576
-1;-2;1;-16;-5;-4;-2;-1;8f4cdfd9-c6a5-4abe-9c92-0d36fb7e13b7;2025-05-09 12:29:22.7576
0;-3;-10;13;6;1;1;-1;8f4cdfd9-c6a5-4abe-9c92-0d36fb7e13b7;2025-05-09 12:29:22.7725
-2;-2;9;9;-3;0;-1;-2;8f4cdfd9-c6a5-4abe-9c92-0d36fb7e13b7;2025-05-09 12:29:22.7725
0;0;-6;-1;2;-4;0;-1;8f4cdfd9-c6a5-4abe-9c92-0d36fb7e13b7;2025-05-09 12:29:22.7815
-1;-3;-6;-4;-1;0;-1;-1;8f4cdfd9-c6a5-4abe-9c92-0d36fb7e13b7;2025-05-09 12:29:22.7815
-2;0;-9;0;1;-3;0;-1;8f4cdfd9-c6a5-4abe-9c92-0d36fb7e13b7;2025-05-09 12:29:22.7825
0;1;-9;9;3;3;-1;-1;8f4cdfd9-c6a5-4abe-9c92-0d36fb7e13b7;2025-05-09 12:29:22.7825
0;3;11;-19;3;1;1;2;8f4cdfd9-c6a5-4abe-9c92-0d36fb7e13b7;2025-05-09 12:29:22.7885
-4;-5;-7;-9;-6;-4;-4;-4;8f4cdfd9-c6a5-4abe-9c92-0d36fb7e13b7;2025-05-09 12:29:22.7885
-2;0;5;-2;-1;-1;0;-1;8f4cdfd9-c6a5-4abe-9c92-0d36fb7e13b7;2025-05-09 12:29:22.7905
-1;0;6;-4;-4;-1;-2;0;8f4cdfd9-c6a5-4abe-9c92-0d36fb7e13b7;2025-05-09 12:29:22.7905
-3;-2;7;14;-4;-2;-1;-1;8f4cdfd9-c6a5-4abe-9c92-0d36fb7e13b7;2025-05-09 12:29:22.8104
1;-1;-17;-13;17;3;1;0;8f4cdfd9-c6a5-4abe-9c92-0d36fb7e13b7;2025-05-09 12:29:22.8104
-3;-1;16;14;-7;-2;-3;-3;8f4cdfd9-c6a5-4abe-9c92-0d36fb7e13b7;2025-05-09 12:29:22.8259
0;4;8;6;3;-2;-1;-1;8f4cdfd9-c6a5-4abe-9c92-0d36fb7e13b7;2025-05-09 12:29:22.8259
-2;-10;-19;3;-5;-1;-3;-1;8f4cdfd9-c6a5-4abe-9c92-0d36fb7e13b7;2025-05-09 12:29:22.8269
-1;0;-10;1;-4;-2;-1;1;8f4cdfd9-c6a5-4abe-9c92-0d36fb7e13b7;2025-05-09 12:29:22.8269
1;-1;-2;-6;0;-5;0;1;8f4cdfd9-c6a5-4abe-9c92-0d36fb7e13b7;2025-05-09 12:29:22.8399
-1;0;11;7;1;-1;0;-1;8f4cdfd9-c6a5-4abe-9c92-0d36fb7e13b7;2025-05-09 12:29:22.8399
1;7;23;-13;0;0;-1;1;8f4cdfd9-c6a5-4abe-9c92-0d36fb7e13b7;2025-05-09 12:29:22.8488
-3;-8;-51;-8;-4;0;0;-2;8f4cdfd9-c6a5-4abe-9c92-0d36fb7e13b7;2025-05-09 12:29:22.8488
0;0;2;-6;-3;0;-1;-2;8f4cdfd9-c6a5-4abe-9c92-0d36fb7e13b7;2025-05-09 12:29:22.8498
0;0;-5;-5;-1;-4;-2;-3;8f4cdfd9-c6a5-4abe-9c92-0d36fb7e13b7;2025-05-09 12:29:22.8508
-1;-1;4;5;-3;-2;-2;-1;8f4cdfd9-c6a5-4abe-9c92-0d36fb7e13b7;2025-05-09 12:29:22.8708
-1;1;18;17;3;0;0;-1;8f4cdfd9-c6a5-4abe-9c92-0d36fb7e13b7;2025-05-09 12:29:22.8708
0;0;4;-9;-2;2;0;0;8f4cdfd9-c6a5-4abe-9c92-0d36fb7e13b7;2025-05-09 12:29:22.8867
-2;-4;-12;-9;-1;-2;0;-2;8f4cdfd9-c6a5-4abe-9c92-0d36fb7e13b7;2025-05-09 12:29:22.8867
-1;-1;0;5;1;0;-1;-1;8f4cdfd9-c6a5-4abe-9c92-0d36fb7e13b7;2025-05-09 12:29:22.8877
0;1;8;-7;-1;0;-1;0;8f4cdfd9-c6a5-4abe-9c92-0d36fb7e13b7;2025-05-09 12:29:22.8877
0;0;12;4;-2;-1;-2;-1;8f4cdfd9-c6a5-4abe-9c92-0d36fb7e13b7;2025-05-09 12:29:22.8937
-2;-4;-21;8;1;1;1;1;8f4cdfd9-c6a5-4abe-9c92-0d36fb7e13b7;2025-05-09 12:29:22.8937
-1;-2;2;5;-3;-3;-1;-1;8f4cdfd9-c6a5-4abe-9c92-0d36fb7e13b7;2025-05-09 12:29:22.9077
0;2;13;6;1;1;0;0;8f4cdfd9-c6a5-4abe-9c92-0d36fb7e13b7;2025-05-09 12:29:22.9077
1;3;2;-10;2;1;-1;1;8f4cdfd9-c6a5-4abe-9c92-0d36fb7e13b7;2025-05-09 12:29:22.9226
1;0;-2;-4;-3;-1;-1;-2;8f4cdfd9-c6a5-4abe-9c92-0d36fb7e13b7;2025-05-09 12:29:22.9226
0;-3;-21;-10;1;2;1;-2;8f4cdfd9-c6a5-4abe-9c92-0d36fb7e13b7;2025-05-09 12:29:22.9301
0;1;8;11;-1;-3;-1;0;8f4cdfd9-c6a5-4abe-9c92-0d36fb7e13b7;2025-05-09 12:29:22.9301
-1;-2;-2;-6;-2;0;-1;-1;8f4cdfd9-c6a5-4abe-9c92-0d36fb7e13b7;2025-05-09 12:29:22.9541
-2;0;6;1;-1;-4;-3;1;8f4cdfd9-c6a5-4abe-9c92-0d36fb7e13b7;2025-05-09 12:29:22.9541
0;-3;-13;-4;-3;-2;-2;-1;8f4cdfd9-c6a5-4abe-9c92-0d36fb7e13b7;2025-05-09 12:29:22.9551
0;2;16;-1;-2;1;0;0;8f4cdfd9-c6a5-4abe-9c92-0d36fb7e13b7;2025-05-09 12:29:22.9551
1;-2;-10;-3;-3;-2;0;-2;8f4cdfd9-c6a5-4abe-9c92-0d36fb7e13b7;2025-05-09 12:29:22.9571
-1;-1;-4;-4;1;2;-2;0;8f4cdfd9-c6a5-4abe-9c92-0d36fb7e13b7;2025-05-09 12:29:22.9571
-2;-1;5;2;2;-2;-2;-1;8f4cdfd9-c6a5-4abe-9c92-0d36fb7e13b7;2025-05-09 12:29:22.9690
-1;0;-5;-2;-3;-1;2;-1;8f4cdfd9-c6a5-4abe-9c92-0d36fb7e13b7;2025-05-09 12:29:22.9690
-1;-2;5;3;0;0;0;0;8f4cdfd9-c6a5-4abe-9c92-0d36fb7e13b7;2025-05-09 12:29:22.9700
0;-3;-2;-4;-2;0;-2;1;8f4cdfd9-c6a5-4abe-9c92-0d36fb7e13b7;2025-05-09 12:29:22.9700
-1;0;-4;-1;0;0;0;1;8f4cdfd9-c6a5-4abe-9c92-0d36fb7e13b7;2025-05-09 12:29:22.9900
-1;-1;-1;-1;-1;0;-1;-1;8f4cdfd9-c6a5-4abe-9c92-0d36fb7e13b7;2025-05-09 12:29:22.9900
-1;-1;2;-3;-1;0;-1;1;8f4cdfd9-c6a5-4abe-9c92-0d36fb7e13b7;2025-05-09 12:29:23.0049
-1;-1;-1;-3;-2;-2;0;-2;8f4cdfd9-c6a5-4abe-9c92-0d36fb7e13b7;2025-05-09 12:29:23.0049
-2;0;-12;1;-2;1;-1;0;8f4cdfd9-c6a5-4abe-9c92-0d36fb7e13b7;2025-05-09 12:29:23.0129
-2;-1;10;-2;-1;-1;-2;1;8f4cdfd9-c6a5-4abe-9c92-0d36fb7e13b7;2025-05-09 12:29:23.0129
3;-1;-5;10;2;4;0;-2;8f4cdfd9-c6a5-4abe-9c92-0d36fb7e13b7;2025-05-09 12:29:23.0209
0;1;6;-9;-3;-2;0;0;8f4cdfd9-c6a5-4abe-9c92-0d36fb7e13b7;2025-05-09 12:29:23.0209
-4;-6;1;-3;-5;-6;-2;-1;8f4cdfd9-c6a5-4abe-9c92-0d36fb7e13b7;2025-05-09 12:29:23.0284
0;1;13;5;0;0;-1;0;8f4cdfd9-c6a5-4abe-9c92-0d36fb7e13b7;2025-05-09 12:29:23.0284
-1;-2;-16;0;2;2;-1;-1;8f4cdfd9-c6a5-4abe-9c92-0d36fb7e13b7;2025-05-09 12:29:23.0304
-1;1;-3;7;2;-3;-1;-1;8f4cdfd9-c6a5-4abe-9c92-0d36fb7e13b7;2025-05-09 12:29:23.0304
1;-1;3;-11;-3;1;0;0;8f4cdfd9-c6a5-4abe-9c92-0d36fb7e13b7;2025-05-09 12:29:23.0513
-1;1;8;3;-7;-5;-3;-3;8f4cdfd9-c6a5-4abe-9c92-0d36fb7e13b7;2025-05-09 12:29:23.0513
-1;-1;-6;-8;-3;-2;-2;-1;8f4cdfd9-c6a5-4abe-9c92-0d36fb7e13b7;2025-05-09 12:29:23.0523
-1;-2;-7;0;0;1;0;-1;8f4cdfd9-c6a5-4abe-9c92-0d36fb7e13b7;2025-05-09 12:29:23.0533
-1;-1;3;2;0;-3;-2;-2;8f4cdfd9-c6a5-4abe-9c92-0d36fb7e13b7;2025-05-09 12:29:23.0653
-1;-1;-16;-8;6;0;-1;-1;8f4cdfd9-c6a5-4abe-9c92-0d36fb7e13b7;2025-05-09 12:29:23.0653
-1;0;12;8;-4;-3;0;0;8f4cdfd9-c6a5-4abe-9c92-0d36fb7e13b7;2025-05-09 12:29:23.0802
-2;-3;-6;-15;-1;0;-1;-1;8f4cdfd9-c6a5-4abe-9c92-0d36fb7e13b7;2025-05-09 12:29:23.0802
0;-2;3;2;0;-1;-2;-2;8f4cdfd9-c6a5-4abe-9c92-0d36fb7e13b7;2025-05-09 12:29:23.0882
0;-1;9;22;-7;-2;-1;0;8f4cdfd9-c6a5-4abe-9c92-0d36fb7e13b7;2025-05-09 12:29:23.0882
-2;1;-5;-3;3;-1;0;0;8f4cdfd9-c6a5-4abe-9c92-0d36fb7e13b7;2025-05-09 12:29:23.0952
1;0;7;6;3;0;-1;-2;8f4cdfd9-c6a5-4abe-9c92-0d36fb7e13b7;2025-05-09 12:29:23.0952
-3;-6;-24;-16;2;0;0;-1;8f4cdfd9-c6a5-4abe-9c92-0d36fb7e13b7;2025-05-09 12:29:23.1181
2;-1;-7;-10;-2;2;1;-1;8f4cdfd9-c6a5-4abe-9c92-0d36fb7e13b7;2025-05-09 12:29:23.1181
-1;0;14;8;1;-4;-1;-2;8f4cdfd9-c6a5-4abe-9c92-0d36fb7e13b7;2025-05-09 12:29:23.1266
-1;0;4;1;-3;0;0;1;8f4cdfd9-c6a5-4abe-9c92-0d36fb7e13b7;2025-05-09 12:29:23.1276
1;2;2;-1;1;2;-1;1;8f4cdfd9-c6a5-4abe-9c92-0d36fb7e13b7;2025-05-09 12:29:23.1276
0;-2;-7;-3;-3;-1;-1;-2;8f4cdfd9-c6a5-4abe-9c92-0d36fb7e13b7;2025-05-09 12:29:23.1276
-1;0;5;-11;-5;-1;0;0;8f4cdfd9-c6a5-4abe-9c92-0d36fb7e13b7;2025-05-09 12:29:23.1336
-1;-1;9;11;5;1;-1;0;8f4cdfd9-c6a5-4abe-9c92-0d36fb7e13b7;2025-05-09 12:29:23.1336
1;5;11;-6;0;-1;0;-1;8f4cdfd9-c6a5-4abe-9c92-0d36fb7e13b7;2025-05-09 12:29:23.1491
-2;-7;4;14;2;-1;-2;-2;8f4cdfd9-c6a5-4abe-9c92-0d36fb7e13b7;2025-05-09 12:29:23.1491
-1;-4;-14;-15;-4;-2;-1;-2;8f4cdfd9-c6a5-4abe-9c92-0d36fb7e13b7;2025-05-09 12:29:23.1501
-1;0;0;-2;-2;-2;0;-1;8f4cdfd9-c6a5-4abe-9c92-0d36fb7e13b7;2025-05-09 12:29:23.1501
-2;0;-2;9;-4;0;-2;-1;8f4cdfd9-c6a5-4abe-9c92-0d36fb7e13b7;2025-05-09 12:29:23.1700
2;1;6;3;0;-1;-1;-1;8f4cdfd9-c6a5-4abe-9c92-0d36fb7e13b7;2025-05-09 12:29:23.1700
-2;-1;-3;-8;1;1;-1;-1;8f4cdfd9-c6a5-4abe-9c92-0d36fb7e13b7;2025-05-09 12:29:23.1860
-1;-2;-8;4;-2;-2;-2;0;8f4cdfd9-c6a5-4abe-9c92-0d36fb7e13b7;2025-05-09 12:29:23.1860
-1;-2;16;3;-2;0;1;0;8f4cdfd9-c6a5-4abe-9c92-0d36fb7e13b7;2025-05-09 12:29:23.1860
-1;1;-5;-3;-1;4;0;-1;8f4cdfd9-c6a5-4abe-9c92-0d36fb7e13b7;2025-05-09 12:29:23.1860
2;0;4;7;3;-1;0;-1;8f4cdfd9-c6a5-4abe-9c92-0d36fb7e13b7;2025-05-09 12:29:23.2009
-2;-4;-8;-5;-6;-3;-2;-2;8f4cdfd9-c6a5-4abe-9c92-0d36fb7e13b7;2025-05-09 12:29:23.2009
-1;0;-15;8;1;0;0;-2;8f4cdfd9-c6a5-4abe-9c92-0d36fb7e13b7;2025-05-09 12:29:23.2089
0;0;8;-5;0;-1;-1;-1;8f4cdfd9-c6a5-4abe-9c92-0d36fb7e13b7;2025-05-09 12:29:23.2089
-2;-1;-10;6;-2;-2;-2;-2;8f4cdfd9-c6a5-4abe-9c92-0d36fb7e13b7;2025-05-09 12:29:23.2099
1;-1;24;-3;-2;0;0;-1;8f4cdfd9-c6a5-4abe-9c92-0d36fb7e13b7;2025-05-09 12:29:23.2099
-1;-3;-14;1;-3;-2;-3;-3;8f4cdfd9-c6a5-4abe-9c92-0d36fb7e13b7;2025-05-09 12:29:23.2298
-2;-2;-9;-8;-5;-1;-1;-1;8f4cdfd9-c6a5-4abe-9c92-0d36fb7e13b7;2025-05-09 12:29:23.2308
-1;-1;-2;-6;4;2;-1;-1;8f4cdfd9-c6a5-4abe-9c92-0d36fb7e13b7;2025-05-09 12:29:23.2608
1;0;5;5;-3;-1;-1;0;8f4cdfd9-c6a5-4abe-9c92-0d36fb7e13b7;2025-05-09 12:29:23.2608
-1;-1;0;5;2;-1;1;-1;8f4cdfd9-c6a5-4abe-9c92-0d36fb7e13b7;2025-05-09 12:29:23.2618
0;-2;-12;-19;-3;-1;-1;0;8f4cdfd9-c6a5-4abe-9c92-0d36fb7e13b7;2025-05-09 12:29:23.2618
-1;1;9;2;-2;0;-2;1;8f4cdfd9-c6a5-4abe-9c92-0d36fb7e13b7;2025-05-09 12:29:23.2702
-2;-2;-12;-2;0;0;1;-1;8f4cdfd9-c6a5-4abe-9c92-0d36fb7e13b7;2025-05-09 12:29:23.2702
0;0;-1;-3;-1;0;0;-1;8f4cdfd9-c6a5-4abe-9c92-0d36fb7e13b7;2025-05-09 12:29:23.2708
-1;-1;-9;1;3;-2;0;0;8f4cdfd9-c6a5-4abe-9c92-0d36fb7e13b7;2025-05-09 12:29:23.2708
-1;-3;-14;-7;-1;-3;-1;0;8f4cdfd9-c6a5-4abe-9c92-0d36fb7e13b7;2025-05-09 12:29:23.2767
-1;-1;7;4;-3;2;1;0;8f4cdfd9-c6a5-4abe-9c92-0d36fb7e13b7;2025-05-09 12:29:23.2767
0;-1;-10;-16;-2;-3;-2;-2;8f4cdfd9-c6a5-4abe-9c92-0d36fb7e13b7;2025-05-09 12:29:23.2907
-1;1;19;4;-3;-5;-1;0;8f4cdfd9-c6a5-4abe-9c92-0d36fb7e13b7;2025-05-09 12:29:23.2917
0;-1;-7;14;-1;-1;-2;-1;8f4cdfd9-c6a5-4abe-9c92-0d36fb7e13b7;2025-05-09 12:29:23.2927
0;0;-2;-4;-1;-2;0;-2;8f4cdfd9-c6a5-4abe-9c92-0d36fb7e13b7;2025-05-09 12:29:23.2927
-1;0;-3;7;3;3;0;1;8f4cdfd9-c6a5-4abe-9c92-0d36fb7e13b7;2025-05-09 12:29:23.3047
-1;-3;4;-8;-2;-2;-2;-1;8f4cdfd9-c6a5-4abe-9c92-0d36fb7e13b7;2025-05-09 12:29:23.3047
-1;-1;-6;-3;-1;0;-1;1;8f4cdfd9-c6a5-4abe-9c92-0d36fb7e13b7;2025-05-09 12:29:23.3136
0;0;2;-3;-3;-1;-3;0;8f4cdfd9-c6a5-4abe-9c92-0d36fb7e13b7;2025-05-09 12:29:23.3136
-1;1;4;3;-5;-2;0;-1;8f4cdfd9-c6a5-4abe-9c92-0d36fb7e13b7;2025-05-09 12:29:23.3291
0;-1;-2;0;2;0;0;2;8f4cdfd9-c6a5-4abe-9c92-0d36fb7e13b7;2025-05-09 12:29:23.3291
-1;1;5;0;1;-3;0;-2;8f4cdfd9-c6a5-4abe-9c92-0d36fb7e13b7;2025-05-09 12:29:23.3306
-3;-2;-9;-6;-1;-1;-1;-1;8f4cdfd9-c6a5-4abe-9c92-0d36fb7e13b7;2025-05-09 12:29:23.3306
-3;0;-5;-6;0;-1;-2;1;8f4cdfd9-c6a5-4abe-9c92-0d36fb7e13b7;2025-05-09 12:29:23.3515
-2;-3;-10;15;-2;-1;-2;-2;8f4cdfd9-c6a5-4abe-9c92-0d36fb7e13b7;2025-05-09 12:29:23.3515
0;0;-4;-16;-4;-1;-1;-1;8f4cdfd9-c6a5-4abe-9c92-0d36fb7e13b7;2025-05-09 12:29:23.3525
0;-2;5;-5;4;-1;1;1;8f4cdfd9-c6a5-4abe-9c92-0d36fb7e13b7;2025-05-09 12:29:23.3525
0;1;13;19;3;-1;1;0;8f4cdfd9-c6a5-4abe-9c92-0d36fb7e13b7;2025-05-09 12:29:23.3645
-1;-1;-13;-20;0;2;0;-2;8f4cdfd9-c6a5-4abe-9c92-0d36fb7e13b7;2025-05-09 12:29:23.3645
-2;-1;4;-7;-2;0;-2;-1;8f4cdfd9-c6a5-4abe-9c92-0d36fb7e13b7;2025-05-09 12:29:23.3740
-1;-2;-6;-1;-4;-4;0;-2;8f4cdfd9-c6a5-4abe-9c92-0d36fb7e13b7;2025-05-09 12:29:23.3740
-1;0;7;11;2;2;0;0;8f4cdfd9-c6a5-4abe-9c92-0d36fb7e13b7;2025-05-09 12:29:23.3950
-1;0;7;7;-1;-2;1;-1;8f4cdfd9-c6a5-4abe-9c92-0d36fb7e13b7;2025-05-09 12:29:23.3950
1;0;-7;-6;-1;-1;0;0;8f4cdfd9-c6a5-4abe-9c92-0d36fb7e13b7;2025-05-09 12:29:23.4119
-1;-1;0;1;0;1;-2;0;8f4cdfd9-c6a5-4abe-9c92-0d36fb7e13b7;2025-05-09 12:29:23.4119
0;-5;-40;-23;0;-2;-2;-1;8f4cdfd9-c6a5-4abe-9c92-0d36fb7e13b7;2025-05-09 12:29:23.4119
0;-1;5;1;-2;-2;0;-1;8f4cdfd9-c6a5-4abe-9c92-0d36fb7e13b7;2025-05-09 12:29:23.4129
0;4;21;7;-1;2;-1;-1;8f4cdfd9-c6a5-4abe-9c92-0d36fb7e13b7;2025-05-09 12:29:23.4259
0;-2;-17;-1;-2;-1;-2;0;8f4cdfd9-c6a5-4abe-9c92-0d36fb7e13b7;2025-05-09 12:29:23.4259
-1;-1;10;4;-2;-3;-1;-1;8f4cdfd9-c6a5-4abe-9c92-0d36fb7e13b7;2025-05-09 12:29:23.4259
0;-1;7;-1;2;0;-1;0;8f4cdfd9-c6a5-4abe-9c92-0d36fb7e13b7;2025-05-09 12:29:23.4259
0;-1;1;9;1;-1;0;-1;8f4cdfd9-c6a5-4abe-9c92-0d36fb7e13b7;2025-05-09 12:29:23.4339
-1;-1;-1;-8;-6;0;0;0;8f4cdfd9-c6a5-4abe-9c92-0d36fb7e13b7;2025-05-09 12:29:23.4339
0;0;11;2;1;-1;-1;-2;8f4cdfd9-c6a5-4abe-9c92-0d36fb7e13b7;2025-05-09 12:29:23.4488
-1;0;-6;-4;-2;-1;-1;-1;8f4cdfd9-c6a5-4abe-9c92-0d36fb7e13b7;2025-05-09 12:29:23.4488
0;-2;-2;-3;-1;0;0;0;8f4cdfd9-c6a5-4abe-9c92-0d36fb7e13b7;2025-05-09 12:29:23.4509
0;0;0;2;2;0;0;-2;8f4cdfd9-c6a5-4abe-9c92-0d36fb7e13b7;2025-05-09 12:29:23.4509
0;-1;2;-5;-1;-1;0;1;8f4cdfd9-c6a5-4abe-9c92-0d36fb7e13b7;2025-05-09 12:29:23.4708
-1;1;4;14;1;-1;0;0;8f4cdfd9-c6a5-4abe-9c92-0d36fb7e13b7;2025-05-09 12:29:23.4708
-2;-3;-16;-15;-5;0;-1;0;8f4cdfd9-c6a5-4abe-9c92-0d36fb7e13b7;2025-05-09 12:29:23.4728
-3;0;7;-1;1;-1;-2;-1;8f4cdfd9-c6a5-4abe-9c92-0d36fb7e13b7;2025-05-09 12:29:23.4728
-1;-2;2;-1;-3;1;1;-1;8f4cdfd9-c6a5-4abe-9c92-0d36fb7e13b7;2025-05-09 12:29:23.5017
0;-1;-8;4;3;-1;1;-1;8f4cdfd9-c6a5-4abe-9c92-0d36fb7e13b7;2025-05-09 12:29:23.5017
0;-2;-5;3;-3;-2;-1;-2;8f4cdfd9-c6a5-4abe-9c92-0d36fb7e13b7;2025-05-09 12:29:23.5027
1;3;15;0;0;0;0;-1;8f4cdfd9-c6a5-4abe-9c92-0d36fb7e13b7;2025-05-09 12:29:23.5027
1;0;10;2;1;0;-1;-1;8f4cdfd9-c6a5-4abe-9c92-0d36fb7e13b7;2025-05-09 12:29:23.5087
-6;-8;-37;-19;-11;-5;-3;-3;8f4cdfd9-c6a5-4abe-9c92-0d36fb7e13b7;2025-05-09 12:29:23.5087
-2;-1;8;5;3;-2;-2;-1;8f4cdfd9-c6a5-4abe-9c92-0d36fb7e13b7;2025-05-09 12:29:23.5107
1;-3;-8;-1;1;2;1;-1;8f4cdfd9-c6a5-4abe-9c92-0d36fb7e13b7;2025-05-09 12:29:23.5107
0;-1;9;4;-1;0;-1;-1;8f4cdfd9-c6a5-4abe-9c92-0d36fb7e13b7;2025-05-09 12:29:23.5311
-1;3;4;2;-2;0;0;0;8f4cdfd9-c6a5-4abe-9c92-0d36fb7e13b7;2025-05-09 12:29:23.5311
0;0;5;-1;7;1;-1;0;8f4cdfd9-c6a5-4abe-9c92-0d36fb7e13b7;2025-05-09 12:29:23.5331
-2;-5;-12;-7;-5;-4;-3;-1;8f4cdfd9-c6a5-4abe-9c92-0d36fb7e13b7;2025-05-09 12:29:23.5331
-1;-3;-4;-2;-4;-2;-2;0;8f4cdfd9-c6a5-4abe-9c92-0d36fb7e13b7;2025-05-09 12:29:23.5541
2;0;3;-3;2;1;-1;0;8f4cdfd9-c6a5-4abe-9c92-0d36fb7e13b7;2025-05-09 12:29:23.5541
-2;1;2;5;1;0;-3;0;8f4cdfd9-c6a5-4abe-9c92-0d36fb7e13b7;2025-05-09 12:29:23.5551
1;0;2;7;2;-2;1;0;8f4cdfd9-c6a5-4abe-9c92-0d36fb7e13b7;2025-05-09 12:29:23.5551
-1;-1;-7;-8;-1;0;-1;0;8f4cdfd9-c6a5-4abe-9c92-0d36fb7e13b7;2025-05-09 12:29:23.5690
0;-4;0;-3;-4;-2;-3;-2;8f4cdfd9-c6a5-4abe-9c92-0d36fb7e13b7;2025-05-09 12:29:23.5690
0;2;4;-5;-2;-1;-1;-1;8f4cdfd9-c6a5-4abe-9c92-0d36fb7e13b7;2025-05-09 12:29:23.5750
0;-2;-25;-21;-1;2;-1;0;8f4cdfd9-c6a5-4abe-9c92-0d36fb7e13b7;2025-05-09 12:29:23.5750
-2;-1;13;23;-2;0;-1;-2;8f4cdfd9-c6a5-4abe-9c92-0d36fb7e13b7;2025-05-09 12:29:23.5910
-1;3;14;9;2;0;0;-1;8f4cdfd9-c6a5-4abe-9c92-0d36fb7e13b7;2025-05-09 12:29:23.5910
-2;-3;-2;0;-3;-1;0;0;8f4cdfd9-c6a5-4abe-9c92-0d36fb7e13b7;2025-05-09 12:29:23.5930
0;0;0;2;-1;-2;-2;0;8f4cdfd9-c6a5-4abe-9c92-0d36fb7e13b7;2025-05-09 12:29:23.5930
1;3;10;-9;2;-3;-2;0;8f4cdfd9-c6a5-4abe-9c92-0d36fb7e13b7;2025-05-09 12:29:23.6139
-2;-6;-20;-8;-7;-1;-2;-2;8f4cdfd9-c6a5-4abe-9c92-0d36fb7e13b7;2025-05-09 12:29:23.6139
0;-3;-13;3;-2;-1;-1;0;8f4cdfd9-c6a5-4abe-9c92-0d36fb7e13b7;2025-05-09 12:29:23.6149
-2;0;-1;-1;0;-2;-2;-3;8f4cdfd9-c6a5-4abe-9c92-0d36fb7e13b7;2025-05-09 12:29:23.6159
0;0;-8;-5;1;1;1;-1;8f4cdfd9-c6a5-4abe-9c92-0d36fb7e13b7;2025-05-09 12:29:23.6279
0;0;15;-1;-3;-1;0;-3;8f4cdfd9-c6a5-4abe-9c92-0d36fb7e13b7;2025-05-09 12:29:23.6279
0;-1;-1;2;-3;-4;-2;1;8f4cdfd9-c6a5-4abe-9c92-0d36fb7e13b7;2025-05-09 12:29:23.6349
-1;0;15;5;1;2;0;-1;8f4cdfd9-c6a5-4abe-9c92-0d36fb7e13b7;2025-05-09 12:29:23.6349
-2;0;-2;1;-4;-1;-1;0;8f4cdfd9-c6a5-4abe-9c92-0d36fb7e13b7;2025-05-09 12:29:23.6578
-1;-3;-21;-7;2;0;-1;-1;8f4cdfd9-c6a5-4abe-9c92-0d36fb7e13b7;2025-05-09 12:29:23.6578
-2;-3;-10;-4;-2;1;1;-1;8f4cdfd9-c6a5-4abe-9c92-0d36fb7e13b7;2025-05-09 12:29:23.6798
0;1;5;2;-1;-1;-1;-2;8f4cdfd9-c6a5-4abe-9c92-0d36fb7e13b7;2025-05-09 12:29:23.6808
-2;-2;6;2;-1;-3;0;-2;8f4cdfd9-c6a5-4abe-9c92-0d36fb7e13b7;2025-05-09 12:29:23.6897
0;-1;-3;6;-1;-1;-2;3;8f4cdfd9-c6a5-4abe-9c92-0d36fb7e13b7;2025-05-09 12:29:23.6897
1;-2;1;3;-1;0;-1;-2;8f4cdfd9-c6a5-4abe-9c92-0d36fb7e13b7;2025-05-09 12:29:23.6917
0;2;13;1;2;-1;-1;-1;8f4cdfd9-c6a5-4abe-9c92-0d36fb7e13b7;2025-05-09 12:29:23.6917
-2;-1;-18;3;-1;1;-1;-1;8f4cdfd9-c6a5-4abe-9c92-0d36fb7e13b7;2025-05-09 12:29:23.6927
-3;-2;-11;0;1;1;0;-1;8f4cdfd9-c6a5-4abe-9c92-0d36fb7e13b7;2025-05-09 12:29:23.6927
-1;-1;0;-10;-2;-2;0;-1;8f4cdfd9-c6a5-4abe-9c92-0d36fb7e13b7;2025-05-09 12:29:23.7027
0;-2;-4;-9;0;1;-3;-3;8f4cdfd9-c6a5-4abe-9c92-0d36fb7e13b7;2025-05-09 12:29:23.7027
0;1;-9;-11;-1;-2;-2;-2;8f4cdfd9-c6a5-4abe-9c92-0d36fb7e13b7;2025-05-09 12:29:23.7107
0;2;20;8;-1;1;0;1;8f4cdfd9-c6a5-4abe-9c92-0d36fb7e13b7;2025-05-09 12:29:23.7107
0;-1;8;19;2;-2;-1;-2;8f4cdfd9-c6a5-4abe-9c92-0d36fb7e13b7;2025-05-09 12:29:23.7246
0;-2;-9;2;-3;0;0;1;8f4cdfd9-c6a5-4abe-9c92-0d36fb7e13b7;2025-05-09 12:29:23.7246
-1;0;4;0;2;-1;0;0;8f4cdfd9-c6a5-4abe-9c92-0d36fb7e13b7;2025-05-09 12:29:23.7326
-2;-2;-17;-18;-3;-2;-1;-1;8f4cdfd9-c6a5-4abe-9c92-0d36fb7e13b7;2025-05-09 12:29:23.7326
-1;0;1;-9;2;1;1;-1;8f4cdfd9-c6a5-4abe-9c92-0d36fb7e13b7;2025-05-09 12:29:23.7486
-2;-2;-12;13;1;0;-2;-1;8f4cdfd9-c6a5-4abe-9c92-0d36fb7e13b7;2025-05-09 12:29:23.7486
-1;-2;-7;-15;-4;-2;0;-1;8f4cdfd9-c6a5-4abe-9c92-0d36fb7e13b7;2025-05-09 12:29:23.7565
-2;1;12;-5;0;-1;0;-2;8f4cdfd9-c6a5-4abe-9c92-0d36fb7e13b7;2025-05-09 12:29:23.7565
0;-1;1;2;-2;0;-2;-1;8f4cdfd9-c6a5-4abe-9c92-0d36fb7e13b7;2025-05-09 12:29:23.7575
-2;-1;3;3;-3;-4;-2;-1;8f4cdfd9-c6a5-4abe-9c92-0d36fb7e13b7;2025-05-09 12:29:23.7575
-1;-3;-2;2;-1;-2;-2;-1;8f4cdfd9-c6a5-4abe-9c92-0d36fb7e13b7;2025-05-09 12:29:23.7705
0;-2;-3;1;1;0;-1;-2;8f4cdfd9-c6a5-4abe-9c92-0d36fb7e13b7;2025-05-09 12:29:23.7705
-2;-1;-4;6;0;0;-1;-1;8f4cdfd9-c6a5-4abe-9c92-0d36fb7e13b7;2025-05-09 12:29:23.7845
-1;1;6;-13;-3;-3;0;-2;8f4cdfd9-c6a5-4abe-9c92-0d36fb7e13b7;2025-05-09 12:29:23.7845
-1;-2;-6;-1;-2;1;0;-1;8f4cdfd9-c6a5-4abe-9c92-0d36fb7e13b7;2025-05-09 12:29:23.7925
-1;0;4;1;1;-2;1;-1;8f4cdfd9-c6a5-4abe-9c92-0d36fb7e13b7;2025-05-09 12:29:23.7925
-2;-3;-13;-2;1;1;-1;1;8f4cdfd9-c6a5-4abe-9c92-0d36fb7e13b7;2025-05-09 12:29:23.8014
-2;-1;8;1;-1;-1;1;1;8f4cdfd9-c6a5-4abe-9c92-0d36fb7e13b7;2025-05-09 12:29:23.8014
0;-1;-7;5;-1;-3;0;-1;8f4cdfd9-c6a5-4abe-9c92-0d36fb7e13b7;2025-05-09 12:29:23.8074
1;-1;-2;-4;1;-1;-1;0;8f4cdfd9-c6a5-4abe-9c92-0d36fb7e13b7;2025-05-09 12:29:23.8074
-2;2;4;2;-1;-1;0;0;8f4cdfd9-c6a5-4abe-9c92-0d36fb7e13b7;2025-05-09 12:29:23.8224
-1;-4;-19;-9;-3;-1;-2;-3;8f4cdfd9-c6a5-4abe-9c92-0d36fb7e13b7;2025-05-09 12:29:23.8224
-1;2;23;4;2;0;-1;-1;8f4cdfd9-c6a5-4abe-9c92-0d36fb7e13b7;2025-05-09 12:29:23.8373
0;-4;-30;-1;-4;-2;-1;-1;8f4cdfd9-c6a5-4abe-9c92-0d36fb7e13b7;2025-05-09 12:29:23.8373
0;-2;-8;-4;3;-1;0;-2;8f4cdfd9-c6a5-4abe-9c92-0d36fb7e13b7;2025-05-09 12:29:23.8533
1;0;-1;-1;1;0;0;1;8f4cdfd9-c6a5-4abe-9c92-0d36fb7e13b7;2025-05-09 12:29:23.8533
-1;0;2;7;2;1;-1;0;8f4cdfd9-c6a5-4abe-9c92-0d36fb7e13b7;2025-05-09 12:29:23.8613
1;1;13;-6;-6;-3;-1;0;8f4cdfd9-c6a5-4abe-9c92-0d36fb7e13b7;2025-05-09 12:29:23.8613
-2;-3;1;3;-6;0;-2;-1;8f4cdfd9-c6a5-4abe-9c92-0d36fb7e13b7;2025-05-09 12:29:23.8623
-1;-1;-5;4;-2;0;0;-1;8f4cdfd9-c6a5-4abe-9c92-0d36fb7e13b7;2025-05-09 12:29:23.8633
0;0;2;-2;-3;-2;-1;0;8f4cdfd9-c6a5-4abe-9c92-0d36fb7e13b7;2025-05-09 12:29:23.8762
-1;0;-4;-4;1;0;1;-1;8f4cdfd9-c6a5-4abe-9c92-0d36fb7e13b7;2025-05-09 12:29:23.8762
-1;0;9;-10;-2;-3;0;-1;8f4cdfd9-c6a5-4abe-9c92-0d36fb7e13b7;2025-05-09 12:29:23.8782
1;1;4;14;-2;0;0;-2;8f4cdfd9-c6a5-4abe-9c92-0d36fb7e13b7;2025-05-09 12:29:23.8782
-1;-4;-3;-6;-2;-2;-1;0;8f4cdfd9-c6a5-4abe-9c92-0d36fb7e13b7;2025-05-09 12:29:23.8902
-1;3;9;1;2;3;-1;0;8f4cdfd9-c6a5-4abe-9c92-0d36fb7e13b7;2025-05-09 12:29:23.8902
0;0;-5;4;-1;-2;0;-1;8f4cdfd9-c6a5-4abe-9c92-0d36fb7e13b7;2025-05-09 12:29:23.9051
-1;-1;-2;-1;0;-2;-1;-1;8f4cdfd9-c6a5-4abe-9c92-0d36fb7e13b7;2025-05-09 12:29:23.9051
-1;-2;-1;-17;-2;-1;-2;-1;8f4cdfd9-c6a5-4abe-9c92-0d36fb7e13b7;2025-05-09 12:29:23.9131
-2;-3;2;3;-2;-2;-2;-1;8f4cdfd9-c6a5-4abe-9c92-0d36fb7e13b7;2025-05-09 12:29:23.9131
-2;-3;-10;-5;-2;1;1;-1;8f4cdfd9-c6a5-4abe-9c92-0d36fb7e13b7;2025-05-09 12:29:23.9211
-1;0;0;-4;-1;0;-1;-1;8f4cdfd9-c6a5-4abe-9c92-0d36fb7e13b7;2025-05-09 12:29:23.9211
0;1;-1;10;-1;0;0;-1;8f4cdfd9-c6a5-4abe-9c92-0d36fb7e13b7;2025-05-09 12:29:23.9281
-2;-2;6;4;3;0;-1;-1;8f4cdfd9-c6a5-4abe-9c92-0d36fb7e13b7;2025-05-09 12:29:23.9281
2;1;9;-18;-1;-1;1;-1;8f4cdfd9-c6a5-4abe-9c92-0d36fb7e13b7;2025-05-09 12:29:23.9351
-4;-2;7;14;-5;-4;-2;-2;8f4cdfd9-c6a5-4abe-9c92-0d36fb7e13b7;2025-05-09 12:29:23.9351
-2;-3;-16;1;6;1;1;-2;8f4cdfd9-c6a5-4abe-9c92-0d36fb7e13b7;2025-05-09 12:29:23.9500
0;-2;0;-1;0;-1;0;-1;8f4cdfd9-c6a5-4abe-9c92-0d36fb7e13b7;2025-05-09 12:29:23.9500
1;1;0;-3;0;-2;-1;0;8f4cdfd9-c6a5-4abe-9c92-0d36fb7e13b7;2025-05-09 12:29:23.9650
-1;-1;-6;-11;1;1;1;0;8f4cdfd9-c6a5-4abe-9c92-0d36fb7e13b7;2025-05-09 12:29:23.9650
0;0;-1;-3;-3;0;-1;0;8f4cdfd9-c6a5-4abe-9c92-0d36fb7e13b7;2025-05-09 12:29:23.9730
-2;-3;4;3;-3;-2;-1;-2;8f4cdfd9-c6a5-4abe-9c92-0d36fb7e13b7;2025-05-09 12:29:23.9730
-1;-3;-5;-7;-5;-2;0;-1;8f4cdfd9-c6a5-4abe-9c92-0d36fb7e13b7;2025-05-09 12:29:23.9879
0;-2;-1;3;3;1;-1;-1;8f4cdfd9-c6a5-4abe-9c92-0d36fb7e13b7;2025-05-09 12:29:23.9879
-3;-4;-15;-10;-5;-2;-2;-1;8f4cdfd9-c6a5-4abe-9c92-0d36fb7e13b7;2025-05-09 12:29:23.9889
2;2;2;5;2;0;0;-2;8f4cdfd9-c6a5-4abe-9c92-0d36fb7e13b7;2025-05-09 12:29:23.9889
-1;-1;15;3;-4;-4;-1;-1;8f4cdfd9-c6a5-4abe-9c92-0d36fb7e13b7;2025-05-09 12:29:23.9969
-3;0;4;-1;1;-1;-1;1;8f4cdfd9-c6a5-4abe-9c92-0d36fb7e13b7;2025-05-09 12:29:23.9969
0;-3;0;2;-2;-1;0;0;8f4cdfd9-c6a5-4abe-9c92-0d36fb7e13b7;2025-05-09 12:29:24.0178
-1;2;18;-3;1;0;-2;0;8f4cdfd9-c6a5-4abe-9c92-0d36fb7e13b7;2025-05-09 12:29:24.0178
-1;-4;-40;-4;-1;0;-1;-2;8f4cdfd9-c6a5-4abe-9c92-0d36fb7e13b7;2025-05-09 12:29:24.0398
2;2;3;2;0;0;-1;-1;8f4cdfd9-c6a5-4abe-9c92-0d36fb7e13b7;2025-05-09 12:29:24.0408
-2;-1;-16;-3;-3;0;0;0;8f4cdfd9-c6a5-4abe-9c92-0d36fb7e13b7;2025-05-09 12:29:24.0627
-1;-1;6;5;-2;-3;-1;-3;8f4cdfd9-c6a5-4abe-9c92-0d36fb7e13b7;2025-05-09 12:29:24.0627
-2;-1;-2;-6;-3;-2;-1;-2;8f4cdfd9-c6a5-4abe-9c92-0d36fb7e13b7;2025-05-09 12:29:24.0857
-2;-2;1;-2;2;2;2;0;8f4cdfd9-c6a5-4abe-9c92-0d36fb7e13b7;2025-05-09 12:29:24.0857
2;5;22;6;2;0;-2;0;8f4cdfd9-c6a5-4abe-9c92-0d36fb7e13b7;2025-05-09 12:29:24.0926
-3;-4;-35;-3;-4;-1;-1;0;8f4cdfd9-c6a5-4abe-9c92-0d36fb7e13b7;2025-05-09 12:29:24.0926
-1;-3;-2;-1;-5;-2;-2;-1;8f4cdfd9-c6a5-4abe-9c92-0d36fb7e13b7;2025-05-09 12:29:24.1026
0;-3;-8;-8;-3;-1;-2;0;8f4cdfd9-c6a5-4abe-9c92-0d36fb7e13b7;2025-05-09 12:29:24.1026
-1;2;22;0;-2;-3;0;-2;8f4cdfd9-c6a5-4abe-9c92-0d36fb7e13b7;2025-05-09 12:29:24.1036
-2;-3;-22;1;3;5;0;2;8f4cdfd9-c6a5-4abe-9c92-0d36fb7e13b7;2025-05-09 12:29:24.1036
-1;0;18;-4;1;-2;-2;-1;8f4cdfd9-c6a5-4abe-9c92-0d36fb7e13b7;2025-05-09 12:29:24.1076
0;0;1;2;-2;0;-1;-1;8f4cdfd9-c6a5-4abe-9c92-0d36fb7e13b7;2025-05-09 12:29:24.1076
-1;-1;-7;-2;-1;0;-1;-1;8f4cdfd9-c6a5-4abe-9c92-0d36fb7e13b7;2025-05-09 12:29:24.1251
2;6;29;-1;1;-4;0;-1;8f4cdfd9-c6a5-4abe-9c92-0d36fb7e13b7;2025-05-09 12:29:24.1251
2;6;20;17;7;5;-1;1;8f4cdfd9-c6a5-4abe-9c92-0d36fb7e13b7;2025-05-09 12:29:24.1301
-1;-13;-89;-17;-8;-4;0;0;8f4cdfd9-c6a5-4abe-9c92-0d36fb7e13b7;2025-05-09 12:29:24.1301
-3;-3;5;-6;-1;-1;-2;-2;8f4cdfd9-c6a5-4abe-9c92-0d36fb7e13b7;2025-05-09 12:29:24.1450
2;6;19;-1;3;2;1;1;8f4cdfd9-c6a5-4abe-9c92-0d36fb7e13b7;2025-05-09 12:29:24.1450
-4;-10;-30;-20;-7;-2;0;-2;8f4cdfd9-c6a5-4abe-9c92-0d36fb7e13b7;2025-05-09 12:29:24.1620
-1;3;25;12;1;-1;-3;-1;8f4cdfd9-c6a5-4abe-9c92-0d36fb7e13b7;2025-05-09 12:29:24.1620
1;-1;-8;4;-1;-1;-3;-1;8f4cdfd9-c6a5-4abe-9c92-0d36fb7e13b7;2025-05-09 12:29:24.1620
-3;-2;16;14;-7;-4;-2;-1;8f4cdfd9-c6a5-4abe-9c92-0d36fb7e13b7;2025-05-09 12:29:24.1620
0;5;16;10;5;2;1;1;8f4cdfd9-c6a5-4abe-9c92-0d36fb7e13b7;2025-05-09 12:29:24.1680
-1;0;1;-5;-3;0;2;2;8f4cdfd9-c6a5-4abe-9c92-0d36fb7e13b7;2025-05-09 12:29:24.1680
-4;-4;-13;0;1;0;0;-2;8f4cdfd9-c6a5-4abe-9c92-0d36fb7e13b7;2025-05-09 12:29:24.1690
0;1;3;-9;-3;-1;0;0;8f4cdfd9-c6a5-4abe-9c92-0d36fb7e13b7;2025-05-09 12:29:24.1690
-2;-1;3;0;0;-1;-2;-1;8f4cdfd9-c6a5-4abe-9c92-0d36fb7e13b7;2025-05-09 12:29:24.1759
-1;-4;2;-5;0;0;0;-2;8f4cdfd9-c6a5-4abe-9c92-0d36fb7e13b7;2025-05-09 12:29:24.1769
0;0;-4;2;-1;-2;0;2;8f4cdfd9-c6a5-4abe-9c92-0d36fb7e13b7;2025-05-09 12:29:24.1909
0;-2;4;-2;2;3;-1;0;8f4cdfd9-c6a5-4abe-9c92-0d36fb7e13b7;2025-05-09 12:29:24.1919
-1;-2;-17;-9;-2;-3;-2;-4;8f4cdfd9-c6a5-4abe-9c92-0d36fb7e13b7;2025-05-09 12:29:24.1929
0;0;16;5;-2;-3;-2;-2;8f4cdfd9-c6a5-4abe-9c92-0d36fb7e13b7;2025-05-09 12:29:24.1929
1;4;22;-1;-3;1;0;0;8f4cdfd9-c6a5-4abe-9c92-0d36fb7e13b7;2025-05-09 12:29:24.2138
-4;-10;-48;-6;0;-1;-1;-2;8f4cdfd9-c6a5-4abe-9c92-0d36fb7e13b7;2025-05-09 12:29:24.2138
0;6;42;20;2;1;-2;-1;8f4cdfd9-c6a5-4abe-9c92-0d36fb7e13b7;2025-05-09 12:29:24.2298
0;-3;-42;-18;0;0;-1;-2;8f4cdfd9-c6a5-4abe-9c92-0d36fb7e13b7;2025-05-09 12:29:24.2298
-3;-9;-30;-4;-4;-2;-2;-1;8f4cdfd9-c6a5-4abe-9c92-0d36fb7e13b7;2025-05-09 12:29:24.2308
-1;0;0;-11;-1;1;0;0;8f4cdfd9-c6a5-4abe-9c92-0d36fb7e13b7;2025-05-09 12:29:24.2308
-1;4;35;17;2;0;0;0;8f4cdfd9-c6a5-4abe-9c92-0d36fb7e13b7;2025-05-09 12:29:24.2363
1;-2;-12;11;8;-1;-1;0;8f4cdfd9-c6a5-4abe-9c92-0d36fb7e13b7;2025-05-09 12:29:24.2363
-3;-2;-5;1;-1;-1;-2;-1;8f4cdfd9-c6a5-4abe-9c92-0d36fb7e13b7;2025-05-09 12:29:24.2512
1;-1;2;-8;0;-2;0;-1;8f4cdfd9-c6a5-4abe-9c92-0d36fb7e13b7;2025-05-09 12:29:24.2512
-1;-5;-20;-13;-5;-3;-3;-1;8f4cdfd9-c6a5-4abe-9c92-0d36fb7e13b7;2025-05-09 12:29:24.2532
-1;6;44;14;-4;1;-1;-1;8f4cdfd9-c6a5-4abe-9c92-0d36fb7e13b7;2025-05-09 12:29:24.2532
0;-3;-15;-14;3;-1;-1;0;8f4cdfd9-c6a5-4abe-9c92-0d36fb7e13b7;2025-05-09 12:29:24.2732
-1;-2;-1;1;-2;-3;-1;-1;8f4cdfd9-c6a5-4abe-9c92-0d36fb7e13b7;2025-05-09 12:29:24.2732
0;1;0;0;3;-1;0;0;8f4cdfd9-c6a5-4abe-9c92-0d36fb7e13b7;2025-05-09 12:29:24.2817
-3;-1;10;1;-4;-3;-1;-1;8f4cdfd9-c6a5-4abe-9c92-0d36fb7e13b7;2025-05-09 12:29:24.2817
0;2;0;3;2;2;-2;-1;8f4cdfd9-c6a5-4abe-9c92-0d36fb7e13b7;2025-05-09 12:29:24.2877
-2;-1;-3;0;-3;0;-1;0;8f4cdfd9-c6a5-4abe-9c92-0d36fb7e13b7;2025-05-09 12:29:24.2877
-1;-1;1;-2;-3;0;1;1;8f4cdfd9-c6a5-4abe-9c92-0d36fb7e13b7;2025-05-09 12:29:24.2967
-2;-1;-8;-1;-2;-2;-1;-1;8f4cdfd9-c6a5-4abe-9c92-0d36fb7e13b7;2025-05-09 12:29:24.2967
0;1;6;5;-2;-1;0;-1;8f4cdfd9-c6a5-4abe-9c92-0d36fb7e13b7;2025-05-09 12:29:24.3107
-1;1;-4;-3;-1;-3;-1;0;8f4cdfd9-c6a5-4abe-9c92-0d36fb7e13b7;2025-05-09 12:29:24.3107
-2;1;5;6;0;-1;-1;0;8f4cdfd9-c6a5-4abe-9c92-0d36fb7e13b7;2025-05-09 12:29:24.3191
-1;-1;-15;-2;2;2;-1;1;8f4cdfd9-c6a5-4abe-9c92-0d36fb7e13b7;2025-05-09 12:29:24.3191
0;-2;7;-1;-4;-1;-1;-1;8f4cdfd9-c6a5-4abe-9c92-0d36fb7e13b7;2025-05-09 12:29:24.3336
-2;-3;-2;-10;-7;-4;-2;-1;8f4cdfd9-c6a5-4abe-9c92-0d36fb7e13b7;2025-05-09 12:29:24.3336
0;-2;2;-4;3;0;-1;-2;8f4cdfd9-c6a5-4abe-9c92-0d36fb7e13b7;2025-05-09 12:29:24.3356
0;0;0;7;-3;-2;-2;-2;8f4cdfd9-c6a5-4abe-9c92-0d36fb7e13b7;2025-05-09 12:29:24.3356
1;5;22;23;4;2;1;0;8f4cdfd9-c6a5-4abe-9c92-0d36fb7e13b7;2025-05-09 12:29:24.3565
-3;-5;-18;-27;-6;-2;-2;-2;8f4cdfd9-c6a5-4abe-9c92-0d36fb7e13b7;2025-05-09 12:29:24.3565
-2;-3;-11;0;-5;-3;-1;-2;8f4cdfd9-c6a5-4abe-9c92-0d36fb7e13b7;2025-05-09 12:29:24.3575
1;2;15;-7;0;-1;1;-1;8f4cdfd9-c6a5-4abe-9c92-0d36fb7e13b7;2025-05-09 12:29:24.3575
-2;0;-6;3;-1;-3;-1;-1;8f4cdfd9-c6a5-4abe-9c92-0d36fb7e13b7;2025-05-09 12:29:24.3705
1;5;28;11;4;1;0;-1;8f4cdfd9-c6a5-4abe-9c92-0d36fb7e13b7;2025-05-09 12:29:24.3705
-3;-7;-33;-13;-3;-1;-2;-1;8f4cdfd9-c6a5-4abe-9c92-0d36fb7e13b7;2025-05-09 12:29:24.3785
0;-1;-2;-7;0;1;0;0;8f4cdfd9-c6a5-4abe-9c92-0d36fb7e13b7;2025-05-09 12:29:24.3785
-1;-3;-6;-4;0;0;1;-2;8f4cdfd9-c6a5-4abe-9c92-0d36fb7e13b7;2025-05-09 12:29:24.3925
0;-3;0;4;-2;1;0;0;8f4cdfd9-c6a5-4abe-9c92-0d36fb7e13b7;2025-05-09 12:29:24.3925
0;1;6;-3;0;0;0;-1;8f4cdfd9-c6a5-4abe-9c92-0d36fb7e13b7;2025-05-09 12:29:24.4024
-1;1;-7;3;2;1;-1;-2;8f4cdfd9-c6a5-4abe-9c92-0d36fb7e13b7;2025-05-09 12:29:24.4024
0;-1;-3;-13;-2;-2;-1;1;8f4cdfd9-c6a5-4abe-9c92-0d36fb7e13b7;2025-05-09 12:29:24.4154
0;0;3;12;1;-1;0;-1;8f4cdfd9-c6a5-4abe-9c92-0d36fb7e13b7;2025-05-09 12:29:24.4154
-1;-2;-2;0;-3;-2;-1;-1;8f4cdfd9-c6a5-4abe-9c92-0d36fb7e13b7;2025-05-09 12:29:24.4164
-2;1;9;1;0;-1;0;-1;8f4cdfd9-c6a5-4abe-9c92-0d36fb7e13b7;2025-05-09 12:29:24.4164
-2;0;11;-12;-2;-3;1;-3;8f4cdfd9-c6a5-4abe-9c92-0d36fb7e13b7;2025-05-09 12:29:24.4309
-2;-3;-25;-1;2;1;-1;0;8f4cdfd9-c6a5-4abe-9c92-0d36fb7e13b7;2025-05-09 12:29:24.4309
-1;-1;-13;0;-4;-2;1;1;8f4cdfd9-c6a5-4abe-9c92-0d36fb7e13b7;2025-05-09 12:29:24.4309
-1;0;21;7;2;2;-2;-2;8f4cdfd9-c6a5-4abe-9c92-0d36fb7e13b7;2025-05-09 12:29:24.4309
0;1;10;5;2;0;1;0;8f4cdfd9-c6a5-4abe-9c92-0d36fb7e13b7;2025-05-09 12:29:24.4528
-1;-4;-30;-10;-2;-3;-2;1;8f4cdfd9-c6a5-4abe-9c92-0d36fb7e13b7;2025-05-09 12:29:24.4528
0;0;23;13;-1;0;-1;-1;8f4cdfd9-c6a5-4abe-9c92-0d36fb7e13b7;2025-05-09 12:29:24.4538
0;0;-5;-20;-5;-4;-2;1;8f4cdfd9-c6a5-4abe-9c92-0d36fb7e13b7;2025-05-09 12:29:24.4538
-1;-2;-10;0;-2;0;-1;0;8f4cdfd9-c6a5-4abe-9c92-0d36fb7e13b7;2025-05-09 12:29:24.4837
0;1;10;4;-2;0;-1;-2;8f4cdfd9-c6a5-4abe-9c92-0d36fb7e13b7;2025-05-09 12:29:24.4837
-1;1;1;-5;1;0;0;0;8f4cdfd9-c6a5-4abe-9c92-0d36fb7e13b7;2025-05-09 12:29:24.4847
-2;-1;-1;2;0;-1;0;-1;8f4cdfd9-c6a5-4abe-9c92-0d36fb7e13b7;2025-05-09 12:29:24.4847
1;-3;-11;-12;0;0;0;0;8f4cdfd9-c6a5-4abe-9c92-0d36fb7e13b7;2025-05-09 12:29:24.4907
-2;0;3;-4;-3;-1;-1;-3;8f4cdfd9-c6a5-4abe-9c92-0d36fb7e13b7;2025-05-09 12:29:24.4907
-2;-1;-5;4;-1;-1;0;0;8f4cdfd9-c6a5-4abe-9c92-0d36fb7e13b7;2025-05-09 12:29:24.4917
0;0;16;5;0;-2;0;-1;8f4cdfd9-c6a5-4abe-9c92-0d36fb7e13b7;2025-05-09 12:29:24.4917
-1;0;-6;-4;0;-2;0;-1;8f4cdfd9-c6a5-4abe-9c92-0d36fb7e13b7;2025-05-09 12:29:24.5216
1;1;-2;0;-2;0;0;0;8f4cdfd9-c6a5-4abe-9c92-0d36fb7e13b7;2025-05-09 12:29:24.5216
1;-3;-12;-4;2;3;0;-2;8f4cdfd9-c6a5-4abe-9c92-0d36fb7e13b7;2025-05-09 12:29:24.5216
-1;-3;-11;0;-5;-3;-3;-2;8f4cdfd9-c6a5-4abe-9c92-0d36fb7e13b7;2025-05-09 12:29:24.5216
-1;-1;-4;-6;5;2;-1;-1;8f4cdfd9-c6a5-4abe-9c92-0d36fb7e13b7;2025-05-09 12:29:24.5351
-1;-1;10;-3;0;1;-2;-3;8f4cdfd9-c6a5-4abe-9c92-0d36fb7e13b7;2025-05-09 12:29:24.5361
0;0;10;7;-2;-3;-2;0;8f4cdfd9-c6a5-4abe-9c92-0d36fb7e13b7;2025-05-09 12:29:24.5361
-1;0;1;-1;4;0;0;-2;8f4cdfd9-c6a5-4abe-9c92-0d36fb7e13b7;2025-05-09 12:29:24.5361
-2;-1;0;7;-2;1;-1;0;8f4cdfd9-c6a5-4abe-9c92-0d36fb7e13b7;2025-05-09 12:29:24.5501
-1;4;33;21;1;0;2;-1;8f4cdfd9-c6a5-4abe-9c92-0d36fb7e13b7;2025-05-09 12:29:24.5510
0;-1;-34;-33;-1;1;-1;-1;8f4cdfd9-c6a5-4abe-9c92-0d36fb7e13b7;2025-05-09 12:29:24.5510
-2;-6;-28;0;-5;-5;0;-1;8f4cdfd9-c6a5-4abe-9c92-0d36fb7e13b7;2025-05-09 12:29:24.5510
-1;1;3;2;-5;-4;-3;-1;8f4cdfd9-c6a5-4abe-9c92-0d36fb7e13b7;2025-05-09 12:29:24.5810
-1;-1;-6;1;2;1;0;1;8f4cdfd9-c6a5-4abe-9c92-0d36fb7e13b7;2025-05-09 12:29:24.5810
1;0;14;4;3;1;0;1;8f4cdfd9-c6a5-4abe-9c92-0d36fb7e13b7;2025-05-09 12:29:24.5820
0;3;16;4;0;0;0;1;8f4cdfd9-c6a5-4abe-9c92-0d36fb7e13b7;2025-05-09 12:29:24.5820
-3;-5;-12;-5;-1;0;-1;-1;8f4cdfd9-c6a5-4abe-9c92-0d36fb7e13b7;2025-05-09 12:29:24.5959
-2;-2;-1;0;0;-1;-1;-1;8f4cdfd9-c6a5-4abe-9c92-0d36fb7e13b7;2025-05-09 12:29:24.5959
-2;-1;-5;0;-2;-2;-1;-1;8f4cdfd9-c6a5-4abe-9c92-0d36fb7e13b7;2025-05-09 12:29:24.6029
-2;0;3;-8;-2;0;-2;-3;8f4cdfd9-c6a5-4abe-9c92-0d36fb7e13b7;2025-05-09 12:29:24.6029
0;2;16;14;-2;-2;-1;1;8f4cdfd9-c6a5-4abe-9c92-0d36fb7e13b7;2025-05-09 12:29:24.6109
-2;-3;-35;-21;1;2;0;-1;8f4cdfd9-c6a5-4abe-9c92-0d36fb7e13b7;2025-05-09 12:29:24.6109
-2;1;14;4;-2;-3;0;-1;8f4cdfd9-c6a5-4abe-9c92-0d36fb7e13b7;2025-05-09 12:29:24.6109
0;0;-9;-4;-2;-2;-1;-1;8f4cdfd9-c6a5-4abe-9c92-0d36fb7e13b7;2025-05-09 12:29:24.6109
-1;-1;4;-5;1;-1;-1;-2;8f4cdfd9-c6a5-4abe-9c92-0d36fb7e13b7;2025-05-09 12:29:24.6324
1;-2;7;14;1;-1;0;-1;8f4cdfd9-c6a5-4abe-9c92-0d36fb7e13b7;2025-05-09 12:29:24.6334
1;2;-2;-8;0;2;0;0;8f4cdfd9-c6a5-4abe-9c92-0d36fb7e13b7;2025-05-09 12:29:24.6398
-3;-4;9;6;-5;-1;-2;-1;8f4cdfd9-c6a5-4abe-9c92-0d36fb7e13b7;2025-05-09 12:29:24.6408
-1;0;-37;-10;-4;-3;-3;0;8f4cdfd9-c6a5-4abe-9c92-0d36fb7e13b7;2025-05-09 12:29:24.6554
0;0;7;-2;0;-2;-2;-1;8f4cdfd9-c6a5-4abe-9c92-0d36fb7e13b7;2025-05-09 12:29:24.6554
-1;0;2;0;1;2;1;0;8f4cdfd9-c6a5-4abe-9c92-0d36fb7e13b7;2025-05-09 12:29:24.6564
0;4;32;9;2;0;0;-1;8f4cdfd9-c6a5-4abe-9c92-0d36fb7e13b7;2025-05-09 12:29:24.6564
0;-3;-12;-12;-4;-2;0;-1;8f4cdfd9-c6a5-4abe-9c92-0d36fb7e13b7;2025-05-09 12:29:24.6703
-2;-4;-12;0;3;-1;-2;0;8f4cdfd9-c6a5-4abe-9c92-0d36fb7e13b7;2025-05-09 12:29:24.6703
-1;-1;5;20;-2;-2;-2;-1;8f4cdfd9-c6a5-4abe-9c92-0d36fb7e13b7;2025-05-09 12:29:24.6773
-1;0;-14;-9;-1;0;-2;0;8f4cdfd9-c6a5-4abe-9c92-0d36fb7e13b7;2025-05-09 12:29:24.6773
0;0;6;5;1;1;-1;0;8f4cdfd9-c6a5-4abe-9c92-0d36fb7e13b7;2025-05-09 12:29:24.6933
1;1;1;-12;-1;-1;0;0;8f4cdfd9-c6a5-4abe-9c92-0d36fb7e13b7;2025-05-09 12:29:24.6933
-2;-2;6;-3;-6;-3;-3;-2;8f4cdfd9-c6a5-4abe-9c92-0d36fb7e13b7;2025-05-09 12:29:24.7003
-1;-1;-6;-6;6;1;0;0;8f4cdfd9-c6a5-4abe-9c92-0d36fb7e13b7;2025-05-09 12:29:24.7003
-1;1;11;4;4;0;0;-2;8f4cdfd9-c6a5-4abe-9c92-0d36fb7e13b7;2025-05-09 12:29:24.7152
-2;0;4;-1;-1;-2;-2;1;8f4cdfd9-c6a5-4abe-9c92-0d36fb7e13b7;2025-05-09 12:29:24.7152
0;-1;4;-7;2;0;1;-2;8f4cdfd9-c6a5-4abe-9c92-0d36fb7e13b7;2025-05-09 12:29:24.7232
-1;-2;-6;-3;-5;-4;-1;0;8f4cdfd9-c6a5-4abe-9c92-0d36fb7e13b7;2025-05-09 12:29:24.7232
-2;-1;-11;-6;-3;2;-2;-1;8f4cdfd9-c6a5-4abe-9c92-0d36fb7e13b7;2025-05-09 12:29:24.7377
0;1;-1;15;0;-2;-1;1;8f4cdfd9-c6a5-4abe-9c92-0d36fb7e13b7;2025-05-09 12:29:24.7377
-1;0;2;-6;1;1;-2;-1;8f4cdfd9-c6a5-4abe-9c92-0d36fb7e13b7;2025-05-09 12:29:24.7456
1;2;32;-3;0;-1;0;1;8f4cdfd9-c6a5-4abe-9c92-0d36fb7e13b7;2025-05-09 12:29:24.7456
-1;-6;-34;-1;-7;-4;0;0;8f4cdfd9-c6a5-4abe-9c92-0d36fb7e13b7;2025-05-09 12:29:24.7606
-2;1;20;9;1;0;0;-3;8f4cdfd9-c6a5-4abe-9c92-0d36fb7e13b7;2025-05-09 12:29:24.7606
-1;-3;-11;3;-1;1;-1;0;8f4cdfd9-c6a5-4abe-9c92-0d36fb7e13b7;2025-05-09 12:29:24.7686
0;-1;-20;-4;0;3;1;0;8f4cdfd9-c6a5-4abe-9c92-0d36fb7e13b7;2025-05-09 12:29:24.7686
1;2;24;4;-4;-1;-1;1;8f4cdfd9-c6a5-4abe-9c92-0d36fb7e13b7;2025-05-09 12:29:24.7845
-1;1;-15;-8;2;0;-1;-1;8f4cdfd9-c6a5-4abe-9c92-0d36fb7e13b7;2025-05-09 12:29:24.7845
0;-6;-17;-3;-7;-2;0;-2;8f4cdfd9-c6a5-4abe-9c92-0d36fb7e13b7;2025-05-09 12:29:24.7855
1;0;-2;5;7;2;-1;-1;8f4cdfd9-c6a5-4abe-9c92-0d36fb7e13b7;2025-05-09 12:29:24.7855
-1;0;5;5;-1;-2;-1;-2;8f4cdfd9-c6a5-4abe-9c92-0d36fb7e13b7;2025-05-09 12:29:24.7905
-1;0;0;-4;-5;-3;-2;-1;8f4cdfd9-c6a5-4abe-9c92-0d36fb7e13b7;2025-05-09 12:29:24.7905
0;2;7;5;0;-2;1;-2;8f4cdfd9-c6a5-4abe-9c92-0d36fb7e13b7;2025-05-09 12:29:24.7975
0;0;-9;-3;-2;-1;-2;-1;8f4cdfd9-c6a5-4abe-9c92-0d36fb7e13b7;2025-05-09 12:29:24.7975
0;0;1;3;2;0;0;0;8f4cdfd9-c6a5-4abe-9c92-0d36fb7e13b7;2025-05-09 12:29:24.8125
1;0;5;-4;-2;0;0;0;8f4cdfd9-c6a5-4abe-9c92-0d36fb7e13b7;2025-05-09 12:29:24.8135
-2;-3;-7;-10;-1;-3;-1;0;8f4cdfd9-c6a5-4abe-9c92-0d36fb7e13b7;2025-05-09 12:29:24.8199
-1;-2;2;1;-4;-3;0;-1;8f4cdfd9-c6a5-4abe-9c92-0d36fb7e13b7;2025-05-09 12:29:24.8199
0;0;3;-6;-2;3;-1;-1;8f4cdfd9-c6a5-4abe-9c92-0d36fb7e13b7;2025-05-09 12:29:24.8359
0;0;2;10;1;-2;1;-1;8f4cdfd9-c6a5-4abe-9c92-0d36fb7e13b7;2025-05-09 12:29:24.8359
1;-1;-13;-4;-2;0;-1;2;8f4cdfd9-c6a5-4abe-9c92-0d36fb7e13b7;2025-05-09 12:29:24.8359
-1;-2;-1;-12;-3;-3;0;0;8f4cdfd9-c6a5-4abe-9c92-0d36fb7e13b7;2025-05-09 12:29:24.8359
0;4;28;30;1;-4;-2;0;8f4cdfd9-c6a5-4abe-9c92-0d36fb7e13b7;2025-05-09 12:29:24.8499
-1;-1;6;4;0;2;0;2;8f4cdfd9-c6a5-4abe-9c92-0d36fb7e13b7;2025-05-09 12:29:24.8509
-3;-6;-48;-21;-1;-2;-2;-2;8f4cdfd9-c6a5-4abe-9c92-0d36fb7e13b7;2025-05-09 12:29:24.8578
-2;-1;-1;-11;0;2;0;-1;8f4cdfd9-c6a5-4abe-9c92-0d36fb7e13b7;2025-05-09 12:29:24.8578
0;-3;-6;3;-5;-2;-1;-1;8f4cdfd9-c6a5-4abe-9c92-0d36fb7e13b7;2025-05-09 12:29:24.8738
0;2;18;-3;-1;0;-1;-3;8f4cdfd9-c6a5-4abe-9c92-0d36fb7e13b7;2025-05-09 12:29:24.8738
-1;6;30;12;5;1;0;0;8f4cdfd9-c6a5-4abe-9c92-0d36fb7e13b7;2025-05-09 12:29:24.8748
-3;-5;-24;-5;-5;1;-1;0;8f4cdfd9-c6a5-4abe-9c92-0d36fb7e13b7;2025-05-09 12:29:24.8748
-3;-2;-4;-10;0;-1;-1;-1;8f4cdfd9-c6a5-4abe-9c92-0d36fb7e13b7;2025-05-09 12:29:24.8957
-1;-3;-10;-2;-2;0;0;-2;8f4cdfd9-c6a5-4abe-9c92-0d36fb7e13b7;2025-05-09 12:29:24.8957
1;0;7;1;-3;-1;-2;0;8f4cdfd9-c6a5-4abe-9c92-0d36fb7e13b7;2025-05-09 12:29:24.9027
-1;-1;-2;14;1;-2;-2;-2;8f4cdfd9-c6a5-4abe-9c92-0d36fb7e13b7;2025-05-09 12:29:24.9037
0;0;-1;-11;4;1;0;0;8f4cdfd9-c6a5-4abe-9c92-0d36fb7e13b7;2025-05-09 12:29:24.9252
0;-5;-9;-7;-4;-2;-1;0;8f4cdfd9-c6a5-4abe-9c92-0d36fb7e13b7;2025-05-09 12:29:24.9252
-1;-1;-4;-1;1;-2;-2;-1;8f4cdfd9-c6a5-4abe-9c92-0d36fb7e13b7;2025-05-09 12:29:24.9331
0;1;16;8;-3;-1;-2;0;8f4cdfd9-c6a5-4abe-9c92-0d36fb7e13b7;2025-05-09 12:29:24.9331
0;-2;-10;-4;3;-1;0;-1;8f4cdfd9-c6a5-4abe-9c92-0d36fb7e13b7;2025-05-09 12:29:24.9481
-1;-2;-18;-9;-3;0;1;-1;8f4cdfd9-c6a5-4abe-9c92-0d36fb7e13b7;2025-05-09 12:29:24.9481
1;0;15;8;1;-2;1;-1;8f4cdfd9-c6a5-4abe-9c92-0d36fb7e13b7;2025-05-09 12:29:24.9571
-2;-2;-2;-10;-3;-1;-1;0;8f4cdfd9-c6a5-4abe-9c92-0d36fb7e13b7;2025-05-09 12:29:24.9571
-1;-1;8;2;-1;-1;-1;-1;8f4cdfd9-c6a5-4abe-9c92-0d36fb7e13b7;2025-05-09 12:29:24.9581
0;3;7;12;2;-3;-1;0;8f4cdfd9-c6a5-4abe-9c92-0d36fb7e13b7;2025-05-09 12:29:24.9591
0;-4;-40;-14;-4;3;0;-2;8f4cdfd9-c6a5-4abe-9c92-0d36fb7e13b7;2025-05-09 12:29:24.9591
-1;-3;-13;-12;-6;-4;-2;-3;8f4cdfd9-c6a5-4abe-9c92-0d36fb7e13b7;2025-05-09 12:29:24.9591
0;-2;-13;-18;-4;-1;-1;0;8f4cdfd9-c6a5-4abe-9c92-0d36fb7e13b7;2025-05-09 12:29:24.9700
-1;1;10;11;6;-2;-2;-1;8f4cdfd9-c6a5-4abe-9c92-0d36fb7e13b7;2025-05-09 12:29:24.9700
0;3;29;18;-1;1;1;0;8f4cdfd9-c6a5-4abe-9c92-0d36fb7e13b7;2025-05-09 12:29:24.9780
0;1;8;7;6;4;-1;-2;8f4cdfd9-c6a5-4abe-9c92-0d36fb7e13b7;2025-05-09 12:29:24.9780
-1;-1;-9;-4;-2;-1;0;1;8f4cdfd9-c6a5-4abe-9c92-0d36fb7e13b7;2025-05-09 12:29:25.0000
-1;-1;4;3;-2;-1;-2;-2;8f4cdfd9-c6a5-4abe-9c92-0d36fb7e13b7;2025-05-09 12:29:25.0000
-1;-3;-4;-6;-6;-3;-3;-1;8f4cdfd9-c6a5-4abe-9c92-0d36fb7e13b7;2025-05-09 12:29:25.0079
0;-1;-3;-6;-2;-1;-1;-2;8f4cdfd9-c6a5-4abe-9c92-0d36fb7e13b7;2025-05-09 12:29:25.0079
0;-1;-4;2;-1;0;0;1;8f4cdfd9-c6a5-4abe-9c92-0d36fb7e13b7;2025-05-09 12:29:25.0239
0;-2;-7;-5;-2;0;-1;2;8f4cdfd9-c6a5-4abe-9c92-0d36fb7e13b7;2025-05-09 12:29:25.0239
-3;-2;-1;-4;1;-2;-1;-1;8f4cdfd9-c6a5-4abe-9c92-0d36fb7e13b7;2025-05-09 12:29:25.0249
0;0;4;9;0;0;-1;0;8f4cdfd9-c6a5-4abe-9c92-0d36fb7e13b7;2025-05-09 12:29:25.0249
1;2;17;-4;1;-1;-1;-2;8f4cdfd9-c6a5-4abe-9c92-0d36fb7e13b7;2025-05-09 12:29:25.0299
0;-4;-28;9;-4;-3;-1;-2;8f4cdfd9-c6a5-4abe-9c92-0d36fb7e13b7;2025-05-09 12:29:25.0299
-1;-3;12;-12;1;0;-2;-1;8f4cdfd9-c6a5-4abe-9c92-0d36fb7e13b7;2025-05-09 12:29:25.0384
-2;1;5;-2;2;1;0;-1;8f4cdfd9-c6a5-4abe-9c92-0d36fb7e13b7;2025-05-09 12:29:25.0384
0;-1;1;12;-1;2;0;-2;8f4cdfd9-c6a5-4abe-9c92-0d36fb7e13b7;2025-05-09 12:29:25.0598
1;3;16;-16;-3;0;-2;-1;8f4cdfd9-c6a5-4abe-9c92-0d36fb7e13b7;2025-05-09 12:29:25.0608
0;2;-1;-5;-2;-2;-2;-1;8f4cdfd9-c6a5-4abe-9c92-0d36fb7e13b7;2025-05-09 12:29:25.0678
-2;-3;-10;21;5;-1;0;1;8f4cdfd9-c6a5-4abe-9c92-0d36fb7e13b7;2025-05-09 12:29:25.0678
-2;-2;4;-9;-1;-1;-1;0;8f4cdfd9-c6a5-4abe-9c92-0d36fb7e13b7;2025-05-09 12:29:25.0758
-1;-3;-10;-3;0;-1;0;0;8f4cdfd9-c6a5-4abe-9c92-0d36fb7e13b7;2025-05-09 12:29:25.0758
-1;1;8;4;-1;-1;-1;0;8f4cdfd9-c6a5-4abe-9c92-0d36fb7e13b7;2025-05-09 12:29:25.0758
-1;-1;-3;-12;-4;-1;0;-1;8f4cdfd9-c6a5-4abe-9c92-0d36fb7e13b7;2025-05-09 12:29:25.0768
-1;-1;-6;1;1;-1;0;-1;8f4cdfd9-c6a5-4abe-9c92-0d36fb7e13b7;2025-05-09 12:29:25.0977
-3;-2;2;-5;-1;-2;0;-3;8f4cdfd9-c6a5-4abe-9c92-0d36fb7e13b7;2025-05-09 12:29:25.0977
-1;1;3;1;3;1;-1;-1;8f4cdfd9-c6a5-4abe-9c92-0d36fb7e13b7;2025-05-09 12:29:25.1052
-1;1;0;0;-1;-1;0;-1;8f4cdfd9-c6a5-4abe-9c92-0d36fb7e13b7;2025-05-09 12:29:25.1052
-3;-4;-21;-2;-2;0;0;-1;8f4cdfd9-c6a5-4abe-9c92-0d36fb7e13b7;2025-05-09 12:29:25.1202
0;0;7;7;1;0;0;0;8f4cdfd9-c6a5-4abe-9c92-0d36fb7e13b7;2025-05-09 12:29:25.1202
-1;-2;-6;-17;-1;-1;1;-1;8f4cdfd9-c6a5-4abe-9c92-0d36fb7e13b7;2025-05-09 12:29:25.1281
1;0;9;13;1;-2;1;1;8f4cdfd9-c6a5-4abe-9c92-0d36fb7e13b7;2025-05-09 12:29:25.1281
-1;-1;1;1;-4;-3;-2;-3;8f4cdfd9-c6a5-4abe-9c92-0d36fb7e13b7;2025-05-09 12:29:25.1431
-2;-4;1;-13;-5;1;-1;0;8f4cdfd9-c6a5-4abe-9c92-0d36fb7e13b7;2025-05-09 12:29:25.1431
1;2;11;27;3;-2;-1;-1;8f4cdfd9-c6a5-4abe-9c92-0d36fb7e13b7;2025-05-09 12:29:25.1441
0;2;9;-5;-6;-1;-2;1;8f4cdfd9-c6a5-4abe-9c92-0d36fb7e13b7;2025-05-09 12:29:25.1441
-2;-4;-19;13;13;3;0;-1;8f4cdfd9-c6a5-4abe-9c92-0d36fb7e13b7;2025-05-09 12:29:25.1521
0;0;3;-9;-3;1;0;0;8f4cdfd9-c6a5-4abe-9c92-0d36fb7e13b7;2025-05-09 12:29:25.1521
-1;2;11;7;2;2;2;0;8f4cdfd9-c6a5-4abe-9c92-0d36fb7e13b7;2025-05-09 12:29:25.1650
-4;-11;-26;-14;-7;-3;-1;-4;8f4cdfd9-c6a5-4abe-9c92-0d36fb7e13b7;2025-05-09 12:29:25.1650
0;-1;3;-3;-11;-3;0;-1;8f4cdfd9-c6a5-4abe-9c92-0d36fb7e13b7;2025-05-09 12:29:25.1740
-1;-2;0;5;5;1;-1;-2;8f4cdfd9-c6a5-4abe-9c92-0d36fb7e13b7;2025-05-09 12:29:25.1740
0;-1;-6;-6;0;-2;-1;0;8f4cdfd9-c6a5-4abe-9c92-0d36fb7e13b7;2025-05-09 12:29:25.1800
1;2;1;1;1;3;0;-1;8f4cdfd9-c6a5-4abe-9c92-0d36fb7e13b7;2025-05-09 12:29:25.1800
-1;0;-3;-7;-4;-2;-1;0;8f4cdfd9-c6a5-4abe-9c92-0d36fb7e13b7;2025-05-09 12:29:25.1950
0;-3;-7;-2;-1;-1;-1;0;8f4cdfd9-c6a5-4abe-9c92-0d36fb7e13b7;2025-05-09 12:29:25.1960
0;1;21;-1;-3;-1;0;-1;8f4cdfd9-c6a5-4abe-9c92-0d36fb7e13b7;2025-05-09 12:29:25.2029
-1;-6;-43;-3;0;-1;-1;-2;8f4cdfd9-c6a5-4abe-9c92-0d36fb7e13b7;2025-05-09 12:29:25.2029
1;0;4;-6;-2;1;0;-1;8f4cdfd9-c6a5-4abe-9c92-0d36fb7e13b7;2025-05-09 12:29:25.2099
1;1;15;4;-1;-2;0;-2;8f4cdfd9-c6a5-4abe-9c92-0d36fb7e13b7;2025-05-09 12:29:25.2099
-2;-4;-20;-10;-2;-1;1;0;8f4cdfd9-c6a5-4abe-9c92-0d36fb7e13b7;2025-05-09 12:29:25.2259
-1;2;6;-2;-3;-2;-1;0;8f4cdfd9-c6a5-4abe-9c92-0d36fb7e13b7;2025-05-09 12:29:25.2259
-1;1;13;11;0;-2;0;-1;8f4cdfd9-c6a5-4abe-9c92-0d36fb7e13b7;2025-05-09 12:29:25.2404
-2;0;-12;-5;1;-3;-2;-2;8f4cdfd9-c6a5-4abe-9c92-0d36fb7e13b7;2025-05-09 12:29:25.2404
0;2;13;2;-3;2;0;0;8f4cdfd9-c6a5-4abe-9c92-0d36fb7e13b7;2025-05-09 12:29:25.2553
-3;-5;-13;-7;-2;-2;-2;-1;8f4cdfd9-c6a5-4abe-9c92-0d36fb7e13b7;2025-05-09 12:29:25.2553
-1;-2;-4;-10;-2;-2;-4;-1;8f4cdfd9-c6a5-4abe-9c92-0d36fb7e13b7;2025-05-09 12:29:25.2703
-2;0;19;29;-5;-3;0;-1;8f4cdfd9-c6a5-4abe-9c92-0d36fb7e13b7;2025-05-09 12:29:25.2703
0;-3;-39;-14;11;0;-1;-1;8f4cdfd9-c6a5-4abe-9c92-0d36fb7e13b7;2025-05-09 12:29:25.2782
0;2;10;0;-2;0;-1;-1;8f4cdfd9-c6a5-4abe-9c92-0d36fb7e13b7;2025-05-09 12:29:25.2782
1;1;4;4;4;1;1;1;8f4cdfd9-c6a5-4abe-9c92-0d36fb7e13b7;2025-05-09 12:29:25.2952
2;0;-8;1;0;1;2;0;8f4cdfd9-c6a5-4abe-9c92-0d36fb7e13b7;2025-05-09 12:29:25.2952
-2;0;13;8;0;0;-2;-3;8f4cdfd9-c6a5-4abe-9c92-0d36fb7e13b7;2025-05-09 12:29:25.2962
-1;1;2;-1;3;-5;-1;0;8f4cdfd9-c6a5-4abe-9c92-0d36fb7e13b7;2025-05-09 12:29:25.2962
-1;-1;-10;-16;-5;0;-3;-1;8f4cdfd9-c6a5-4abe-9c92-0d36fb7e13b7;2025-05-09 12:29:25.2972
0;-2;4;-6;-3;0;-2;-2;8f4cdfd9-c6a5-4abe-9c92-0d36fb7e13b7;2025-05-09 12:29:25.2972
-1;-1;7;8;-4;-2;-1;0;8f4cdfd9-c6a5-4abe-9c92-0d36fb7e13b7;2025-05-09 12:29:25.3012
0;-3;-3;-5;0;0;-3;-3;8f4cdfd9-c6a5-4abe-9c92-0d36fb7e13b7;2025-05-09 12:29:25.3012
-1;0;5;3;-1;-2;0;1;8f4cdfd9-c6a5-4abe-9c92-0d36fb7e13b7;2025-05-09 12:29:25.3161
2;1;-10;-13;1;0;-1;-1;8f4cdfd9-c6a5-4abe-9c92-0d36fb7e13b7;2025-05-09 12:29:25.3161
-3;-5;-10;9;-4;-1;-2;-2;8f4cdfd9-c6a5-4abe-9c92-0d36fb7e13b7;2025-05-09 12:29:25.3171
-1;1;22;-5;0;-1;-1;-1;8f4cdfd9-c6a5-4abe-9c92-0d36fb7e13b7;2025-05-09 12:29:25.3171
-1;1;-6;-12;-2;-1;0;-1;8f4cdfd9-c6a5-4abe-9c92-0d36fb7e13b7;2025-05-09 12:29:25.3381
-2;-3;-8;-3;0;-1;0;-1;8f4cdfd9-c6a5-4abe-9c92-0d36fb7e13b7;2025-05-09 12:29:25.3381
0;-3;-16;-3;-1;-1;-1;-1;8f4cdfd9-c6a5-4abe-9c92-0d36fb7e13b7;2025-05-09 12:29:25.3451
0;4;22;7;2;1;1;1;8f4cdfd9-c6a5-4abe-9c92-0d36fb7e13b7;2025-05-09 12:29:25.3461
2;-1;-19;4;-1;0;-2;0;8f4cdfd9-c6a5-4abe-9c92-0d36fb7e13b7;2025-05-09 12:29:25.3540
-2;-3;5;-6;0;-3;-1;-1;8f4cdfd9-c6a5-4abe-9c92-0d36fb7e13b7;2025-05-09 12:29:25.3540
-2;-2;7;-1;-7;-2;-3;0;8f4cdfd9-c6a5-4abe-9c92-0d36fb7e13b7;2025-05-09 12:29:25.3540
0;1;6;-2;5;1;0;-2;8f4cdfd9-c6a5-4abe-9c92-0d36fb7e13b7;2025-05-09 12:29:25.3540
-1;1;-2;-6;-2;-2;-1;-1;8f4cdfd9-c6a5-4abe-9c92-0d36fb7e13b7;2025-05-09 12:29:25.3760
-3;0;-2;8;-3;0;-1;1;8f4cdfd9-c6a5-4abe-9c92-0d36fb7e13b7;2025-05-09 12:29:25.3760
-2;-3;-12;-3;-3;1;0;-1;8f4cdfd9-c6a5-4abe-9c92-0d36fb7e13b7;2025-05-09 12:29:25.3770
1;1;11;6;7;0;0;0;8f4cdfd9-c6a5-4abe-9c92-0d36fb7e13b7;2025-05-09 12:29:25.3770
-2;0;11;-12;1;0;0;-1;8f4cdfd9-c6a5-4abe-9c92-0d36fb7e13b7;2025-05-09 12:29:25.4059
0;-1;-16;-4;-1;0;0;-1;8f4cdfd9-c6a5-4abe-9c92-0d36fb7e13b7;2025-05-09 12:29:25.4069
-2;0;11;-2;-5;-2;-1;-2;8f4cdfd9-c6a5-4abe-9c92-0d36fb7e13b7;2025-05-09 12:29:25.4069
-1;-1;-6;4;-1;0;0;-1;8f4cdfd9-c6a5-4abe-9c92-0d36fb7e13b7;2025-05-09 12:29:25.4069
0;0;4;29;3;-1;-3;-1;8f4cdfd9-c6a5-4abe-9c92-0d36fb7e13b7;2025-05-09 12:29:25.4129
-1;-6;-31;-25;1;-2;-1;-1;8f4cdfd9-c6a5-4abe-9c92-0d36fb7e13b7;2025-05-09 12:29:25.4129
-1;-2;-6;-13;-3;0;-1;0;8f4cdfd9-c6a5-4abe-9c92-0d36fb7e13b7;2025-05-09 12:29:25.4139
-2;-3;-27;-6;-7;-3;-3;-1;8f4cdfd9-c6a5-4abe-9c92-0d36fb7e13b7;2025-05-09 12:29:25.4139
-1;-1;1;8;2;-1;-2;0;8f4cdfd9-c6a5-4abe-9c92-0d36fb7e13b7;2025-05-09 12:29:25.4513
1;2;27;8;-3;-2;-2;0;8f4cdfd9-c6a5-4abe-9c92-0d36fb7e13b7;2025-05-09 12:29:25.4513
-1;-1;-19;-9;1;-1;-1;0;8f4cdfd9-c6a5-4abe-9c92-0d36fb7e13b7;2025-05-09 12:29:25.4523
0;-1;-1;7;-2;0;0;0;8f4cdfd9-c6a5-4abe-9c92-0d36fb7e13b7;2025-05-09 12:29:25.4523
-2;-2;13;1;2;-1;0;-1;8f4cdfd9-c6a5-4abe-9c92-0d36fb7e13b7;2025-05-09 12:29:25.4583
-1;-2;0;-6;-1;1;-1;-1;8f4cdfd9-c6a5-4abe-9c92-0d36fb7e13b7;2025-05-09 12:29:25.4593
0;-1;7;-3;-2;-1;0;-1;8f4cdfd9-c6a5-4abe-9c92-0d36fb7e13b7;2025-05-09 12:29:25.4593
0;-2;-5;-3;-4;-1;-1;-1;8f4cdfd9-c6a5-4abe-9c92-0d36fb7e13b7;2025-05-09 12:29:25.4593
-1;-1;-10;-2;-3;0;-1;-1;8f4cdfd9-c6a5-4abe-9c92-0d36fb7e13b7;2025-05-09 12:29:25.4732
-1;0;15;4;2;1;-1;-1;8f4cdfd9-c6a5-4abe-9c92-0d36fb7e13b7;2025-05-09 12:29:25.4732
1;0;-3;0;-1;-3;0;0;8f4cdfd9-c6a5-4abe-9c92-0d36fb7e13b7;2025-05-09 12:29:25.4742
-2;0;3;-1;3;-1;0;0;8f4cdfd9-c6a5-4abe-9c92-0d36fb7e13b7;2025-05-09 12:29:25.4742
-3;1;3;-4;-1;-3;-1;0;8f4cdfd9-c6a5-4abe-9c92-0d36fb7e13b7;2025-05-09 12:29:25.4962
-3;-2;-9;6;-5;-1;-1;-1;8f4cdfd9-c6a5-4abe-9c92-0d36fb7e13b7;2025-05-09 12:29:25.4962
-2;1;9;-6;1;3;0;-2;8f4cdfd9-c6a5-4abe-9c92-0d36fb7e13b7;2025-05-09 12:29:25.4972
0;0;2;0;-3;-2;-2;-1;8f4cdfd9-c6a5-4abe-9c92-0d36fb7e13b7;2025-05-09 12:29:25.4972
1;0;-1;-11;-3;1;1;0;8f4cdfd9-c6a5-4abe-9c92-0d36fb7e13b7;2025-05-09 12:29:25.5186
-1;-1;2;10;0;-2;-1;1;8f4cdfd9-c6a5-4abe-9c92-0d36fb7e13b7;2025-05-09 12:29:25.5186
-1;-2;-2;-3;-5;-3;-3;-1;8f4cdfd9-c6a5-4abe-9c92-0d36fb7e13b7;2025-05-09 12:29:25.5196
0;0;13;0;5;4;2;-1;8f4cdfd9-c6a5-4abe-9c92-0d36fb7e13b7;2025-05-09 12:29:25.5196
0;-3;-8;11;-2;-1;-3;-3;8f4cdfd9-c6a5-4abe-9c92-0d36fb7e13b7;2025-05-09 12:29:25.5326
1;1;3;-21;-5;-3;-1;-1;8f4cdfd9-c6a5-4abe-9c92-0d36fb7e13b7;2025-05-09 12:29:25.5336
-1;-4;-13;7;1;2;-2;-2;8f4cdfd9-c6a5-4abe-9c92-0d36fb7e13b7;2025-05-09 12:29:25.5336
-2;-1;-7;-12;-5;-5;-1;-1;8f4cdfd9-c6a5-4abe-9c92-0d36fb7e13b7;2025-05-09 12:29:25.5336
0;-2;3;5;1;-1;-2;0;8f4cdfd9-c6a5-4abe-9c92-0d36fb7e13b7;2025-05-09 12:29:25.5565
0;-1;1;1;-1;-1;-1;-1;8f4cdfd9-c6a5-4abe-9c92-0d36fb7e13b7;2025-05-09 12:29:25.5565
1;0;1;3;-3;-2;-2;0;8f4cdfd9-c6a5-4abe-9c92-0d36fb7e13b7;2025-05-09 12:29:25.5565
0;1;1;-4;-2;-1;-1;-1;8f4cdfd9-c6a5-4abe-9c92-0d36fb7e13b7;2025-05-09 12:29:25.5575
-3;-2;5;-3;-2;-1;0;-1;8f4cdfd9-c6a5-4abe-9c92-0d36fb7e13b7;2025-05-09 12:29:25.5795
-2;-3;-17;2;0;1;-3;-1;8f4cdfd9-c6a5-4abe-9c92-0d36fb7e13b7;2025-05-09 12:29:25.5795
-1;0;-1;-7;2;0;1;-1;8f4cdfd9-c6a5-4abe-9c92-0d36fb7e13b7;2025-05-09 12:29:25.5805
0;0;5;13;-4;-1;-1;-1;8f4cdfd9-c6a5-4abe-9c92-0d36fb7e13b7;2025-05-09 12:29:25.5805
-1;-2;1;-3;0;0;-1;-1;8f4cdfd9-c6a5-4abe-9c92-0d36fb7e13b7;2025-05-09 12:29:25.5924
1;0;11;-10;0;-2;0;-1;8f4cdfd9-c6a5-4abe-9c92-0d36fb7e13b7;2025-05-09 12:29:25.5924
-1;-2;-32;9;-4;-3;-1;-2;8f4cdfd9-c6a5-4abe-9c92-0d36fb7e13b7;2025-05-09 12:29:25.6004
-1;0;6;-11;6;2;-1;-1;8f4cdfd9-c6a5-4abe-9c92-0d36fb7e13b7;2025-05-09 12:29:25.6004
-1;-3;-16;-6;2;-2;-2;-1;8f4cdfd9-c6a5-4abe-9c92-0d36fb7e13b7;2025-05-09 12:29:25.6223
-2;1;14;-5;-3;0;-1;0;8f4cdfd9-c6a5-4abe-9c92-0d36fb7e13b7;2025-05-09 12:29:25.6233
0;0;2;11;4;-2;-2;2;8f4cdfd9-c6a5-4abe-9c92-0d36fb7e13b7;2025-05-09 12:29:25.6378
-3;-1;-22;-1;-3;-1;0;0;8f4cdfd9-c6a5-4abe-9c92-0d36fb7e13b7;2025-05-09 12:29:25.6378
1;0;10;4;-1;1;2;0;8f4cdfd9-c6a5-4abe-9c92-0d36fb7e13b7;2025-05-09 12:29:25.6602
-1;-3;-14;6;3;1;-1;-3;8f4cdfd9-c6a5-4abe-9c92-0d36fb7e13b7;2025-05-09 12:29:25.6602
1;0;8;-20;-2;-1;-1;-1;8f4cdfd9-c6a5-4abe-9c92-0d36fb7e13b7;2025-05-09 12:29:25.6772
-1;-2;0;-1;-1;-1;0;-1;8f4cdfd9-c6a5-4abe-9c92-0d36fb7e13b7;2025-05-09 12:29:25.6772
-1;0;1;-1;-2;-1;0;-1;8f4cdfd9-c6a5-4abe-9c92-0d36fb7e13b7;2025-05-09 12:29:25.6792
0;-1;-10;1;-2;-1;-2;1;8f4cdfd9-c6a5-4abe-9c92-0d36fb7e13b7;2025-05-09 12:29:25.6792
0;2;9;9;7;1;0;-1;8f4cdfd9-c6a5-4abe-9c92-0d36fb7e13b7;2025-05-09 12:29:25.6802
-1;-5;-5;-10;-3;-1;-2;-3;8f4cdfd9-c6a5-4abe-9c92-0d36fb7e13b7;2025-05-09 12:29:25.6802
-1;-1;6;14;-2;-2;-1;-1;8f4cdfd9-c6a5-4abe-9c92-0d36fb7e13b7;2025-05-09 12:29:25.6981
-3;-2;-9;0;0;-2;-1;-1;8f4cdfd9-c6a5-4abe-9c92-0d36fb7e13b7;2025-05-09 12:29:25.6981
1;-1;-10;-10;-4;-3;0;1;8f4cdfd9-c6a5-4abe-9c92-0d36fb7e13b7;2025-05-09 12:29:25.7051
-3;-1;7;3;-3;0;-2;-1;8f4cdfd9-c6a5-4abe-9c92-0d36fb7e13b7;2025-05-09 12:29:25.7051
-1;0;-7;-10;7;2;0;2;8f4cdfd9-c6a5-4abe-9c92-0d36fb7e13b7;2025-05-09 12:29:25.7131
0;1;24;3;0;1;-1;-2;8f4cdfd9-c6a5-4abe-9c92-0d36fb7e13b7;2025-05-09 12:29:25.7131
-2;-4;-22;-8;-2;-2;-1;-2;8f4cdfd9-c6a5-4abe-9c92-0d36fb7e13b7;2025-05-09 12:29:25.7281
0;0;-2;0;-3;-1;-2;0;8f4cdfd9-c6a5-4abe-9c92-0d36fb7e13b7;2025-05-09 12:29:25.7281
1;-2;-13;-9;-3;-2;-2;-1;8f4cdfd9-c6a5-4abe-9c92-0d36fb7e13b7;2025-05-09 12:29:25.7350
-1;-1;3;23;-4;1;0;-1;8f4cdfd9-c6a5-4abe-9c92-0d36fb7e13b7;2025-05-09 12:29:25.7350
0;1;10;-15;2;2;0;-1;8f4cdfd9-c6a5-4abe-9c92-0d36fb7e13b7;2025-05-09 12:29:25.7450
0;1;10;-5;-1;-1;2;-1;8f4cdfd9-c6a5-4abe-9c92-0d36fb7e13b7;2025-05-09 12:29:25.7450
-1;1;2;1;2;-2;-1;-1;8f4cdfd9-c6a5-4abe-9c92-0d36fb7e13b7;2025-05-09 12:29:25.7460
0;-2;-6;-4;-2;-1;-2;0;8f4cdfd9-c6a5-4abe-9c92-0d36fb7e13b7;2025-05-09 12:29:25.7460
0;1;7;-6;0;-2;-4;-3;8f4cdfd9-c6a5-4abe-9c92-0d36fb7e13b7;2025-05-09 12:29:25.7580
-1;-1;-7;5;3;3;0;0;8f4cdfd9-c6a5-4abe-9c92-0d36fb7e13b7;2025-05-09 12:29:25.7580
-1;2;22;13;-4;-3;-1;-2;8f4cdfd9-c6a5-4abe-9c92-0d36fb7e13b7;2025-05-09 12:29:25.7660
-2;-2;-18;-2;0;-2;0;-1;8f4cdfd9-c6a5-4abe-9c92-0d36fb7e13b7;2025-05-09 12:29:25.7660
-1;-1;-1;2;-2;0;0;-1;8f4cdfd9-c6a5-4abe-9c92-0d36fb7e13b7;2025-05-09 12:29:25.7799
-1;-2;-11;-13;2;-1;0;-1;8f4cdfd9-c6a5-4abe-9c92-0d36fb7e13b7;2025-05-09 12:29:25.7799
-1;-2;-3;-1;-3;-1;-2;-2;8f4cdfd9-c6a5-4abe-9c92-0d36fb7e13b7;2025-05-09 12:29:25.7879
0;1;3;0;1;1;-2;0;8f4cdfd9-c6a5-4abe-9c92-0d36fb7e13b7;2025-05-09 12:29:25.7879
-2;1;4;-2;-1;2;0;-1;8f4cdfd9-c6a5-4abe-9c92-0d36fb7e13b7;2025-05-09 12:29:25.8178
-2;0;7;-3;-3;-3;0;-1;8f4cdfd9-c6a5-4abe-9c92-0d36fb7e13b7;2025-05-09 12:29:25.8178
2;-2;-9;11;-3;1;-1;-1;8f4cdfd9-c6a5-4abe-9c92-0d36fb7e13b7;2025-05-09 12:29:25.8278
-3;0;-19;-3;1;-2;-2;0;8f4cdfd9-c6a5-4abe-9c92-0d36fb7e13b7;2025-05-09 12:29:25.8278
-2;-3;6;-5;-1;-2;0;0;8f4cdfd9-c6a5-4abe-9c92-0d36fb7e13b7;2025-05-09 12:29:25.8288
0;3;19;3;-2;0;0;0;8f4cdfd9-c6a5-4abe-9c92-0d36fb7e13b7;2025-05-09 12:29:25.8288
-2;-2;5;-2;-3;1;-1;0;8f4cdfd9-c6a5-4abe-9c92-0d36fb7e13b7;2025-05-09 12:29:25.8298
0;0;-3;6;0;-2;-1;-1;8f4cdfd9-c6a5-4abe-9c92-0d36fb7e13b7;2025-05-09 12:29:25.8298
1;1;1;-3;0;0;-2;0;8f4cdfd9-c6a5-4abe-9c92-0d36fb7e13b7;2025-05-09 12:29:25.8408
0;0;-1;2;2;-1;-2;0;8f4cdfd9-c6a5-4abe-9c92-0d36fb7e13b7;2025-05-09 12:29:25.8408
0;-3;-10;-3;-4;-2;-2;-1;8f4cdfd9-c6a5-4abe-9c92-0d36fb7e13b7;2025-05-09 12:29:25.8477
0;1;10;-16;-4;-3;-1;-1;8f4cdfd9-c6a5-4abe-9c92-0d36fb7e13b7;2025-05-09 12:29:25.8477
-1;-1;-2;15;1;-1;-3;-3;8f4cdfd9-c6a5-4abe-9c92-0d36fb7e13b7;2025-05-09 12:29:25.8627
-1;-7;-29;-11;-2;-1;-1;-2;8f4cdfd9-c6a5-4abe-9c92-0d36fb7e13b7;2025-05-09 12:29:25.8627
-1;-2;-6;-6;-3;1;0;-2;8f4cdfd9-c6a5-4abe-9c92-0d36fb7e13b7;2025-05-09 12:29:25.8707
1;0;12;4;3;0;0;-1;8f4cdfd9-c6a5-4abe-9c92-0d36fb7e13b7;2025-05-09 12:29:25.8707
0;1;1;0;1;-1;1;-1;8f4cdfd9-c6a5-4abe-9c92-0d36fb7e13b7;2025-05-09 12:29:25.8926
-1;-2;-13;0;-3;-1;-1;0;8f4cdfd9-c6a5-4abe-9c92-0d36fb7e13b7;2025-05-09 12:29:25.8926
-3;0;11;5;1;-3;-2;-1;8f4cdfd9-c6a5-4abe-9c92-0d36fb7e13b7;2025-05-09 12:29:25.9006
-2;-1;-4;-11;2;2;1;0;8f4cdfd9-c6a5-4abe-9c92-0d36fb7e13b7;2025-05-09 12:29:25.9006
1;1;1;1;-3;0;0;0;8f4cdfd9-c6a5-4abe-9c92-0d36fb7e13b7;2025-05-09 12:29:25.9156
0;0;-8;-3;-2;-2;-1;-2;8f4cdfd9-c6a5-4abe-9c92-0d36fb7e13b7;2025-05-09 12:29:25.9156
-1;1;14;4;2;0;0;-2;8f4cdfd9-c6a5-4abe-9c92-0d36fb7e13b7;2025-05-09 12:29:25.9245
-1;-1;-2;2;-2;-1;0;-1;8f4cdfd9-c6a5-4abe-9c92-0d36fb7e13b7;2025-05-09 12:29:25.9255
-2;0;-2;-6;2;-2;0;-1;8f4cdfd9-c6a5-4abe-9c92-0d36fb7e13b7;2025-05-09 12:29:25.9265
0;-1;-2;0;-2;0;0;0;8f4cdfd9-c6a5-4abe-9c92-0d36fb7e13b7;2025-05-09 12:29:25.9265
0;-1;-7;-4;0;-2;0;0;8f4cdfd9-c6a5-4abe-9c92-0d36fb7e13b7;2025-05-09 12:29:25.9275
1;-2;-3;20;-1;-3;-1;-1;8f4cdfd9-c6a5-4abe-9c92-0d36fb7e13b7;2025-05-09 12:29:25.9275
-2;-3;10;-16;0;0;-1;0;8f4cdfd9-c6a5-4abe-9c92-0d36fb7e13b7;2025-05-09 12:29:25.9455
-1;2;6;3;-1;0;0;-2;8f4cdfd9-c6a5-4abe-9c92-0d36fb7e13b7;2025-05-09 12:29:25.9455
-2;-2;2;-7;-1;0;-2;-1;8f4cdfd9-c6a5-4abe-9c92-0d36fb7e13b7;2025-05-09 12:29:25.9604
0;-1;-4;3;2;3;1;1;8f4cdfd9-c6a5-4abe-9c92-0d36fb7e13b7;2025-05-09 12:29:25.9604
-1;0;-8;-1;0;-4;-2;2;8f4cdfd9-c6a5-4abe-9c92-0d36fb7e13b7;2025-05-09 12:29:25.9749
-1;-1;3;8;-2;-1;-1;-1;8f4cdfd9-c6a5-4abe-9c92-0d36fb7e13b7;2025-05-09 12:29:25.9759
-1;0;23;18;-5;-2;-1;0;8f4cdfd9-c6a5-4abe-9c92-0d36fb7e13b7;2025-05-09 12:29:25.9839
-3;-7;-24;-17;-4;-2;-2;-2;8f4cdfd9-c6a5-4abe-9c92-0d36fb7e13b7;2025-05-09 12:29:25.9839
0;-1;2;4;-2;1;-1;-2;8f4cdfd9-c6a5-4abe-9c92-0d36fb7e13b7;2025-05-09 12:29:25.9859
0;-1;-19;-14;-2;0;-1;-1;8f4cdfd9-c6a5-4abe-9c92-0d36fb7e13b7;2025-05-09 12:29:25.9859
1;0;-8;-6;4;1;-1;-1;8f4cdfd9-c6a5-4abe-9c92-0d36fb7e13b7;2025-05-09 12:29:25.9899
1;1;8;-4;-5;-1;-1;-2;8f4cdfd9-c6a5-4abe-9c92-0d36fb7e13b7;2025-05-09 12:29:25.9899
-2;-5;2;6;-2;2;0;0;8f4cdfd9-c6a5-4abe-9c92-0d36fb7e13b7;2025-05-09 12:29:26.0049
-1;-1;5;4;-2;-1;0;-1;8f4cdfd9-c6a5-4abe-9c92-0d36fb7e13b7;2025-05-09 12:29:26.0059
-2;-1;-9;-1;-4;-1;0;1;8f4cdfd9-c6a5-4abe-9c92-0d36fb7e13b7;2025-05-09 12:29:26.0208
0;-1;5;-2;1;-1;1;-1;8f4cdfd9-c6a5-4abe-9c92-0d36fb7e13b7;2025-05-09 12:29:26.0208
-2;-2;-8;-13;-3;-3;-1;-2;8f4cdfd9-c6a5-4abe-9c92-0d36fb7e13b7;2025-05-09 12:29:26.0358
2;2;22;13;4;0;-2;0;8f4cdfd9-c6a5-4abe-9c92-0d36fb7e13b7;2025-05-09 12:29:26.0358
-1;-2;-23;-9;-2;-2;-1;-1;8f4cdfd9-c6a5-4abe-9c92-0d36fb7e13b7;2025-05-09 12:29:26.0447
0;-2;8;1;0;-2;0;1;8f4cdfd9-c6a5-4abe-9c92-0d36fb7e13b7;2025-05-09 12:29:26.0447
1;-1;-14;11;0;1;-2;0;8f4cdfd9-c6a5-4abe-9c92-0d36fb7e13b7;2025-05-09 12:29:26.0457
-2;1;11;-8;-1;-1;0;-2;8f4cdfd9-c6a5-4abe-9c92-0d36fb7e13b7;2025-05-09 12:29:26.0457
-2;-2;3;-9;-1;-1;0;0;8f4cdfd9-c6a5-4abe-9c92-0d36fb7e13b7;2025-05-09 12:29:26.0507
0;1;0;2;2;-2;-2;0;8f4cdfd9-c6a5-4abe-9c92-0d36fb7e13b7;2025-05-09 12:29:26.0507
0;0;1;6;2;1;0;0;8f4cdfd9-c6a5-4abe-9c92-0d36fb7e13b7;2025-05-09 12:29:26.0577
0;-2;4;-12;-3;1;0;-1;8f4cdfd9-c6a5-4abe-9c92-0d36fb7e13b7;2025-05-09 12:29:26.0577
-1;-2;-7;-1;1;0;0;0;8f4cdfd9-c6a5-4abe-9c92-0d36fb7e13b7;2025-05-09 12:29:26.0667
-1;1;4;-9;4;1;-1;-2;8f4cdfd9-c6a5-4abe-9c92-0d36fb7e13b7;2025-05-09 12:29:26.0667
-1;-3;-7;6;-2;-1;1;-2;8f4cdfd9-c6a5-4abe-9c92-0d36fb7e13b7;2025-05-09 12:29:26.0722
-2;1;-7;16;2;-1;-1;-1;8f4cdfd9-c6a5-4abe-9c92-0d36fb7e13b7;2025-05-09 12:29:26.0722
-1;0;1;-8;0;0;0;-2;8f4cdfd9-c6a5-4abe-9c92-0d36fb7e13b7;2025-05-09 12:29:26.0956
-2;0;7;5;-5;-2;-2;0;8f4cdfd9-c6a5-4abe-9c92-0d36fb7e13b7;2025-05-09 12:29:26.0956
-1;-2;-4;-11;1;0;-1;-3;8f4cdfd9-c6a5-4abe-9c92-0d36fb7e13b7;2025-05-09 12:29:26.1036
-1;-4;4;-2;0;-1;-2;-1;8f4cdfd9-c6a5-4abe-9c92-0d36fb7e13b7;2025-05-09 12:29:26.1036
-1;-1;-1;12;0;1;0;-2;8f4cdfd9-c6a5-4abe-9c92-0d36fb7e13b7;2025-05-09 12:29:26.1056
0;-2;-14;-7;-2;0;-2;0;8f4cdfd9-c6a5-4abe-9c92-0d36fb7e13b7;2025-05-09 12:29:26.1056
0;2;2;-4;0;-3;1;1;8f4cdfd9-c6a5-4abe-9c92-0d36fb7e13b7;2025-05-09 12:29:26.1176
0;-1;-10;1;-2;-2;-1;1;8f4cdfd9-c6a5-4abe-9c92-0d36fb7e13b7;2025-05-09 12:29:26.1176
0;0;9;6;-2;-2;-2;0;8f4cdfd9-c6a5-4abe-9c92-0d36fb7e13b7;2025-05-09 12:29:26.1266
-2;-2;4;1;4;1;-1;-1;8f4cdfd9-c6a5-4abe-9c92-0d36fb7e13b7;2025-05-09 12:29:26.1266
-2;0;0;-8;-6;-1;-2;-1;8f4cdfd9-c6a5-4abe-9c92-0d36fb7e13b7;2025-05-09 12:29:26.1325
-1;0;-1;5;-1;0;-1;-1;8f4cdfd9-c6a5-4abe-9c92-0d36fb7e13b7;2025-05-09 12:29:26.1325
-2;-2;-16;-12;-1;0;-1;0;8f4cdfd9-c6a5-4abe-9c92-0d36fb7e13b7;2025-05-09 12:29:26.1415
-1;-1;0;7;-2;-2;0;0;8f4cdfd9-c6a5-4abe-9c92-0d36fb7e13b7;2025-05-09 12:29:26.1415
-1;0;2;2;-2;-1;-1;-2;8f4cdfd9-c6a5-4abe-9c92-0d36fb7e13b7;2025-05-09 12:29:26.1555
-1;-2;-8;-5;-1;-1;0;-1;8f4cdfd9-c6a5-4abe-9c92-0d36fb7e13b7;2025-05-09 12:29:26.1555
0;1;7;1;1;0;0;-3;8f4cdfd9-c6a5-4abe-9c92-0d36fb7e13b7;2025-05-09 12:29:26.1774
-1;-3;6;-8;-6;-1;-1;-1;8f4cdfd9-c6a5-4abe-9c92-0d36fb7e13b7;2025-05-09 12:29:26.1774
0;-3;-16;-6;2;0;-1;-1;8f4cdfd9-c6a5-4abe-9c92-0d36fb7e13b7;2025-05-09 12:29:26.1864
-3;0;7;2;-1;-2;-3;-2;8f4cdfd9-c6a5-4abe-9c92-0d36fb7e13b7;2025-05-09 12:29:26.1864
1;-1;2;-7;0;-1;-1;-1;8f4cdfd9-c6a5-4abe-9c92-0d36fb7e13b7;2025-05-09 12:29:26.1874
0;1;3;19;0;1;1;-1;8f4cdfd9-c6a5-4abe-9c92-0d36fb7e13b7;2025-05-09 12:29:26.1884
-2;-5;-19;-19;-3;-2;0;0;8f4cdfd9-c6a5-4abe-9c92-0d36fb7e13b7;2025-05-09 12:29:26.1924
-3;-2;-4;-8;1;-2;-2;0;8f4cdfd9-c6a5-4abe-9c92-0d36fb7e13b7;2025-05-09 12:29:26.1924
-1;-1;-3;-3;-1;0;-2;-2;8f4cdfd9-c6a5-4abe-9c92-0d36fb7e13b7;2025-05-09 12:29:26.2014
-1;0;4;-1;1;-1;-2;-1;8f4cdfd9-c6a5-4abe-9c92-0d36fb7e13b7;2025-05-09 12:29:26.2014
-1;0;4;5;1;-1;-3;-1;8f4cdfd9-c6a5-4abe-9c92-0d36fb7e13b7;2025-05-09 12:29:26.2163
-1;-3;-3;0;-3;0;0;0;8f4cdfd9-c6a5-4abe-9c92-0d36fb7e13b7;2025-05-09 12:29:26.2163
-2;1;8;9;-2;-1;-1;1;8f4cdfd9-c6a5-4abe-9c92-0d36fb7e13b7;2025-05-09 12:29:26.2173
0;-1;-8;-11;-3;0;0;-2;8f4cdfd9-c6a5-4abe-9c92-0d36fb7e13b7;2025-05-09 12:29:26.2173
0;1;19;5;-1;1;-1;-2;8f4cdfd9-c6a5-4abe-9c92-0d36fb7e13b7;2025-05-09 12:29:26.2462
0;-2;-29;-3;-2;-1;-1;-1;8f4cdfd9-c6a5-4abe-9c92-0d36fb7e13b7;2025-05-09 12:29:26.2462
0;-1;-4;1;1;-1;0;0;8f4cdfd9-c6a5-4abe-9c92-0d36fb7e13b7;2025-05-09 12:29:26.2482
-2;-4;8;-4;-2;-1;-1;-1;8f4cdfd9-c6a5-4abe-9c92-0d36fb7e13b7;2025-05-09 12:29:26.2482
0;-1;-13;-4;-2;-1;-1;-1;8f4cdfd9-c6a5-4abe-9c92-0d36fb7e13b7;2025-05-09 12:29:26.2602
0;-6;-26;-9;-1;-1;-2;0;8f4cdfd9-c6a5-4abe-9c92-0d36fb7e13b7;2025-05-09 12:29:26.2602
-2;-1;-1;-4;-4;-4;-1;-1;8f4cdfd9-c6a5-4abe-9c92-0d36fb7e13b7;2025-05-09 12:29:26.2692
1;2;-6;2;-1;2;-1;-1;8f4cdfd9-c6a5-4abe-9c92-0d36fb7e13b7;2025-05-09 12:29:26.2692
-1;0;12;15;3;3;0;-1;8f4cdfd9-c6a5-4abe-9c92-0d36fb7e13b7;2025-05-09 12:29:26.2762
1;2;16;-7;-3;-1;0;-2;8f4cdfd9-c6a5-4abe-9c92-0d36fb7e13b7;2025-05-09 12:29:26.2762
-1;0;-3;-2;-3;-2;1;0;8f4cdfd9-c6a5-4abe-9c92-0d36fb7e13b7;2025-05-09 12:29:26.2782
-1;-3;3;-3;-1;-3;0;-3;8f4cdfd9-c6a5-4abe-9c92-0d36fb7e13b7;2025-05-09 12:29:26.2782
-3;-1;-5;-5;-6;-2;1;0;8f4cdfd9-c6a5-4abe-9c92-0d36fb7e13b7;2025-05-09 12:29:26.2981
1;0;0;3;8;3;0;0;8f4cdfd9-c6a5-4abe-9c92-0d36fb7e13b7;2025-05-09 12:29:26.2981
-1;0;-5;-17;-3;0;-1;-1;8f4cdfd9-c6a5-4abe-9c92-0d36fb7e13b7;2025-05-09 12:29:26.3061
-1;0;2;6;-2;-1;-2;-1;8f4cdfd9-c6a5-4abe-9c92-0d36fb7e13b7;2025-05-09 12:29:26.3061
0;0;12;3;0;-1;-1;-1;8f4cdfd9-c6a5-4abe-9c92-0d36fb7e13b7;2025-05-09 12:29:26.3210
0;-1;-1;3;-1;-1;0;-2;8f4cdfd9-c6a5-4abe-9c92-0d36fb7e13b7;2025-05-09 12:29:26.3210
0;-2;12;5;0;-1;-1;-2;8f4cdfd9-c6a5-4abe-9c92-0d36fb7e13b7;2025-05-09 12:29:26.3230
0;-3;-15;-1;1;0;-1;0;8f4cdfd9-c6a5-4abe-9c92-0d36fb7e13b7;2025-05-09 12:29:26.3230
-2;0;-10;0;-1;-1;-1;0;8f4cdfd9-c6a5-4abe-9c92-0d36fb7e13b7;2025-05-09 12:29:26.3360
-1;4;23;2;-2;-4;-1;0;8f4cdfd9-c6a5-4abe-9c92-0d36fb7e13b7;2025-05-09 12:29:26.3360
-2;-1;-4;2;2;1;0;1;8f4cdfd9-c6a5-4abe-9c92-0d36fb7e13b7;2025-05-09 12:29:26.3380
-1;3;12;-3;-3;0;-2;0;8f4cdfd9-c6a5-4abe-9c92-0d36fb7e13b7;2025-05-09 12:29:26.3380
-1;-3;-11;2;2;-1;0;-2;8f4cdfd9-c6a5-4abe-9c92-0d36fb7e13b7;2025-05-09 12:29:26.3589
-1;0;8;-2;1;1;2;0;8f4cdfd9-c6a5-4abe-9c92-0d36fb7e13b7;2025-05-09 12:29:26.3589
-1;-2;-14;2;-2;0;-1;0;8f4cdfd9-c6a5-4abe-9c92-0d36fb7e13b7;2025-05-09 12:29:26.3599
-2;0;-6;-2;0;-3;0;-1;8f4cdfd9-c6a5-4abe-9c92-0d36fb7e13b7;2025-05-09 12:29:26.3599
1;-1;5;-8;-3;1;-3;-1;8f4cdfd9-c6a5-4abe-9c92-0d36fb7e13b7;2025-05-09 12:29:26.3809
-1;-1;-4;11;-2;0;0;0;8f4cdfd9-c6a5-4abe-9c92-0d36fb7e13b7;2025-05-09 12:29:26.3809
-2;0;-1;-8;-1;0;-1;1;8f4cdfd9-c6a5-4abe-9c92-0d36fb7e13b7;2025-05-09 12:29:26.3829
-2;0;-1;-13;-4;-2;-1;-2;8f4cdfd9-c6a5-4abe-9c92-0d36fb7e13b7;2025-05-09 12:29:26.3829
-3;-3;0;-5;-4;-2;0;0;8f4cdfd9-c6a5-4abe-9c92-0d36fb7e13b7;2025-05-09 12:29:26.3958
-2;-3;-16;-1;3;3;-1;-1;8f4cdfd9-c6a5-4abe-9c92-0d36fb7e13b7;2025-05-09 12:29:26.3958
0;-1;10;10;-2;-1;-2;-2;8f4cdfd9-c6a5-4abe-9c92-0d36fb7e13b7;2025-05-09 12:29:26.3978
1;1;3;12;5;-2;0;0;8f4cdfd9-c6a5-4abe-9c92-0d36fb7e13b7;2025-05-09 12:29:26.3978
-3;-5;-9;-26;-1;-1;-1;-2;8f4cdfd9-c6a5-4abe-9c92-0d36fb7e13b7;2025-05-09 12:29:26.4258
-1;0;17;3;-4;-2;-2;0;8f4cdfd9-c6a5-4abe-9c92-0d36fb7e13b7;2025-05-09 12:29:26.4268
-1;-2;-8;1;8;1;-1;-2;8f4cdfd9-c6a5-4abe-9c92-0d36fb7e13b7;2025-05-09 12:29:26.4278
1;-1;6;-3;0;1;0;1;8f4cdfd9-c6a5-4abe-9c92-0d36fb7e13b7;2025-05-09 12:29:26.4278
2;2;9;10;-2;0;-1;1;8f4cdfd9-c6a5-4abe-9c92-0d36fb7e13b7;2025-05-09 12:29:26.4492
-1;-1;1;15;2;-2;-3;0;8f4cdfd9-c6a5-4abe-9c92-0d36fb7e13b7;2025-05-09 12:29:26.4492
-3;-8;-38;-15;-7;-3;-2;-2;8f4cdfd9-c6a5-4abe-9c92-0d36fb7e13b7;2025-05-09 12:29:26.4502
-1;-3;-16;-8;-1;0;0;0;8f4cdfd9-c6a5-4abe-9c92-0d36fb7e13b7;2025-05-09 12:29:26.4502
0;1;3;7;0;-2;0;-2;8f4cdfd9-c6a5-4abe-9c92-0d36fb7e13b7;2025-05-09 12:29:26.4562
0;-2;-2;-15;-3;-1;-1;-2;8f4cdfd9-c6a5-4abe-9c92-0d36fb7e13b7;2025-05-09 12:29:26.4562
0;4;21;10;-1;0;1;0;8f4cdfd9-c6a5-4abe-9c92-0d36fb7e13b7;2025-05-09 12:29:26.4701
-2;-3;-11;3;6;0;-1;-1;8f4cdfd9-c6a5-4abe-9c92-0d36fb7e13b7;2025-05-09 12:29:26.4701
-2;0;-6;1;0;-3;-1;-1;8f4cdfd9-c6a5-4abe-9c92-0d36fb7e13b7;2025-05-09 12:29:26.4861
-1;-1;4;7;1;1;0;0;8f4cdfd9-c6a5-4abe-9c92-0d36fb7e13b7;2025-05-09 12:29:26.4861
0;1;23;-13;-3;1;-1;0;8f4cdfd9-c6a5-4abe-9c92-0d36fb7e13b7;2025-05-09 12:29:26.4881
0;-2;-29;-8;-7;-3;0;-2;8f4cdfd9-c6a5-4abe-9c92-0d36fb7e13b7;2025-05-09 12:29:26.4881
-1;-1;4;1;5;0;-1;-1;8f4cdfd9-c6a5-4abe-9c92-0d36fb7e13b7;2025-05-09 12:29:26.5080
-3;-2;-7;-3;-1;0;-1;-1;8f4cdfd9-c6a5-4abe-9c92-0d36fb7e13b7;2025-05-09 12:29:26.5090
0;3;0;5;1;0;-1;1;8f4cdfd9-c6a5-4abe-9c92-0d36fb7e13b7;2025-05-09 12:29:26.5380
-1;-1;8;-6;-3;2;-1;0;8f4cdfd9-c6a5-4abe-9c92-0d36fb7e13b7;2025-05-09 12:29:26.5380
-1;-3;5;26;-6;-6;-2;-2;8f4cdfd9-c6a5-4abe-9c92-0d36fb7e13b7;2025-05-09 12:29:26.5455
-1;-3;-13;-17;-4;-3;-1;-4;8f4cdfd9-c6a5-4abe-9c92-0d36fb7e13b7;2025-05-09 12:29:26.5455
-1;-1;-8;10;1;1;-1;-1;8f4cdfd9-c6a5-4abe-9c92-0d36fb7e13b7;2025-05-09 12:29:26.5629
-2;0;6;-8;-4;-1;-3;-2;8f4cdfd9-c6a5-4abe-9c92-0d36fb7e13b7;2025-05-09 12:29:26.5629
1;1;-4;2;0;1;1;1;8f4cdfd9-c6a5-4abe-9c92-0d36fb7e13b7;2025-05-09 12:29:26.5639
-1;-1;3;-8;0;1;-2;-1;8f4cdfd9-c6a5-4abe-9c92-0d36fb7e13b7;2025-05-09 12:29:26.5639
-1;2;3;-3;-2;1;1;0;8f4cdfd9-c6a5-4abe-9c92-0d36fb7e13b7;2025-05-09 12:29:26.5679
-1;-1;2;2;2;-4;0;1;8f4cdfd9-c6a5-4abe-9c92-0d36fb7e13b7;2025-05-09 12:29:26.5679
-1;-1;-3;4;2;1;-1;-1;8f4cdfd9-c6a5-4abe-9c92-0d36fb7e13b7;2025-05-09 12:29:26.5978
0;-1;-9;-10;-2;0;0;0;8f4cdfd9-c6a5-4abe-9c92-0d36fb7e13b7;2025-05-09 12:29:26.5978
-1;-3;-12;-1;-2;0;0;-2;8f4cdfd9-c6a5-4abe-9c92-0d36fb7e13b7;2025-05-09 12:29:26.6128
0;0;22;10;0;-2;-1;0;8f4cdfd9-c6a5-4abe-9c92-0d36fb7e13b7;2025-05-09 12:29:26.6128
-2;2;17;-4;-1;-1;-2;-2;8f4cdfd9-c6a5-4abe-9c92-0d36fb7e13b7;2025-05-09 12:29:26.6228
0;-8;-51;1;-2;-1;0;0;8f4cdfd9-c6a5-4abe-9c92-0d36fb7e13b7;2025-05-09 12:29:26.6228
-1;-1;8;-13;-5;-3;-1;0;8f4cdfd9-c6a5-4abe-9c92-0d36fb7e13b7;2025-05-09 12:29:26.6237
2;2;10;12;5;-1;-1;-1;8f4cdfd9-c6a5-4abe-9c92-0d36fb7e13b7;2025-05-09 12:29:26.6237
1;-3;-26;-9;0;-2;-2;-1;8f4cdfd9-c6a5-4abe-9c92-0d36fb7e13b7;2025-05-09 12:29:26.6247
-1;5;27;7;2;-1;-3;1;8f4cdfd9-c6a5-4abe-9c92-0d36fb7e13b7;2025-05-09 12:29:26.6247
-2;-3;-11;-3;0;-1;-1;-2;8f4cdfd9-c6a5-4abe-9c92-0d36fb7e13b7;2025-05-09 12:29:26.6357
0;0;7;5;-1;-1;0;-1;8f4cdfd9-c6a5-4abe-9c92-0d36fb7e13b7;2025-05-09 12:29:26.6357
0;0;7;-10;-8;-2;-2;-1;8f4cdfd9-c6a5-4abe-9c92-0d36fb7e13b7;2025-05-09 12:29:26.6427
-1;1;5;0;3;1;0;-1;8f4cdfd9-c6a5-4abe-9c92-0d36fb7e13b7;2025-05-09 12:29:26.6427
0;-2;-11;-12;2;-1;1;-1;8f4cdfd9-c6a5-4abe-9c92-0d36fb7e13b7;2025-05-09 12:29:26.6517
-1;1;1;2;0;0;-1;1;8f4cdfd9-c6a5-4abe-9c92-0d36fb7e13b7;2025-05-09 12:29:26.6517
-2;-4;-1;5;-3;-1;0;-1;8f4cdfd9-c6a5-4abe-9c92-0d36fb7e13b7;2025-05-09 12:29:26.6577
-2;0;2;-9;-1;0;-1;-2;8f4cdfd9-c6a5-4abe-9c92-0d36fb7e13b7;2025-05-09 12:29:26.6577
-2;-1;1;10;1;-2;-2;-1;8f4cdfd9-c6a5-4abe-9c92-0d36fb7e13b7;2025-05-09 12:29:26.6726
0;4;-9;-11;-1;3;-1;-2;8f4cdfd9-c6a5-4abe-9c92-0d36fb7e13b7;2025-05-09 12:29:26.6726
-1;-3;-4;-3;0;-1;-3;-2;8f4cdfd9-c6a5-4abe-9c92-0d36fb7e13b7;2025-05-09 12:29:26.6806
0;-1;10;1;-5;0;0;-1;8f4cdfd9-c6a5-4abe-9c92-0d36fb7e13b7;2025-05-09 12:29:26.6806
-1;0;6;5;2;0;2;1;8f4cdfd9-c6a5-4abe-9c92-0d36fb7e13b7;2025-05-09 12:29:26.6956
-3;-7;-16;-2;-2;-2;-1;-1;8f4cdfd9-c6a5-4abe-9c92-0d36fb7e13b7;2025-05-09 12:29:26.6956
0;2;-4;14;3;0;0;1;8f4cdfd9-c6a5-4abe-9c92-0d36fb7e13b7;2025-05-09 12:29:26.7025
-3;-3;21;-17;-7;-1;-2;-3;8f4cdfd9-c6a5-4abe-9c92-0d36fb7e13b7;2025-05-09 12:29:26.7025
0;-4;-1;18;-2;-4;-2;0;8f4cdfd9-c6a5-4abe-9c92-0d36fb7e13b7;2025-05-09 12:29:26.7255
-2;-6;-53;-34;-5;0;-1;-1;8f4cdfd9-c6a5-4abe-9c92-0d36fb7e13b7;2025-05-09 12:29:26.7255
1;2;1;-9;-2;0;-1;-1;8f4cdfd9-c6a5-4abe-9c92-0d36fb7e13b7;2025-05-09 12:29:26.7325
-2;0;11;23;4;-3;0;-2;8f4cdfd9-c6a5-4abe-9c92-0d36fb7e13b7;2025-05-09 12:29:26.7325
-1;1;6;-7;2;3;0;1;8f4cdfd9-c6a5-4abe-9c92-0d36fb7e13b7;2025-05-09 12:29:26.7549
-1;-2;4;9;0;-1;-2;0;8f4cdfd9-c6a5-4abe-9c92-0d36fb7e13b7;2025-05-09 12:29:26.7549
-2;-1;-1;-8;-2;-1;-1;1;8f4cdfd9-c6a5-4abe-9c92-0d36fb7e13b7;2025-05-09 12:29:26.7629
1;1;-9;0;-2;2;2;-1;8f4cdfd9-c6a5-4abe-9c92-0d36fb7e13b7;2025-05-09 12:29:26.7629
0;0;0;-1;0;-3;-1;-1;8f4cdfd9-c6a5-4abe-9c92-0d36fb7e13b7;2025-05-09 12:29:26.7878
0;2;17;6;1;0;0;-1;8f4cdfd9-c6a5-4abe-9c92-0d36fb7e13b7;2025-05-09 12:29:26.7878
-1;-3;-12;-12;0;-1;-1;-2;8f4cdfd9-c6a5-4abe-9c92-0d36fb7e13b7;2025-05-09 12:29:26.7878
0;-1;-1;-3;-1;-1;-1;2;8f4cdfd9-c6a5-4abe-9c92-0d36fb7e13b7;2025-05-09 12:29:26.7888
-1;-1;-4;0;0;0;0;1;8f4cdfd9-c6a5-4abe-9c92-0d36fb7e13b7;2025-05-09 12:29:26.7898
0;2;5;-7;-1;1;1;-1;8f4cdfd9-c6a5-4abe-9c92-0d36fb7e13b7;2025-05-09 12:29:26.7898
-1;0;-4;0;2;-1;-1;-2;8f4cdfd9-c6a5-4abe-9c92-0d36fb7e13b7;2025-05-09 12:29:26.7928
0;0;10;6;-1;-1;-2;-1;8f4cdfd9-c6a5-4abe-9c92-0d36fb7e13b7;2025-05-09 12:29:26.7928
-1;-8;-47;-22;-3;0;0;-2;8f4cdfd9-c6a5-4abe-9c92-0d36fb7e13b7;2025-05-09 12:29:26.8008
0;-1;-3;6;-2;1;-1;-1;8f4cdfd9-c6a5-4abe-9c92-0d36fb7e13b7;2025-05-09 12:29:26.8008
-2;-1;4;-3;-3;-2;-3;-1;8f4cdfd9-c6a5-4abe-9c92-0d36fb7e13b7;2025-05-09 12:29:26.8157
-1;0;8;7;-5;-1;-2;0;8f4cdfd9-c6a5-4abe-9c92-0d36fb7e13b7;2025-05-09 12:29:26.8157
2;3;17;9;4;2;1;2;8f4cdfd9-c6a5-4abe-9c92-0d36fb7e13b7;2025-05-09 12:29:26.8227
-1;-1;-11;-12;-3;-2;-1;0;8f4cdfd9-c6a5-4abe-9c92-0d36fb7e13b7;2025-05-09 12:29:26.8227
1;-2;-3;10;3;-2;-1;-1;8f4cdfd9-c6a5-4abe-9c92-0d36fb7e13b7;2025-05-09 12:29:26.8377
-3;-1;-6;-12;0;1;0;1;8f4cdfd9-c6a5-4abe-9c92-0d36fb7e13b7;2025-05-09 12:29:26.8377
-2;-4;16;4;-4;-3;-3;0;8f4cdfd9-c6a5-4abe-9c92-0d36fb7e13b7;2025-05-09 12:29:26.8452
1;-1;-10;-2;-2;-1;-1;-1;8f4cdfd9-c6a5-4abe-9c92-0d36fb7e13b7;2025-05-09 12:29:26.8452
-1;1;5;-2;0;0;-1;0;8f4cdfd9-c6a5-4abe-9c92-0d36fb7e13b7;2025-05-09 12:29:26.8541
0;-3;-10;-1;1;-2;-2;-1;8f4cdfd9-c6a5-4abe-9c92-0d36fb7e13b7;2025-05-09 12:29:26.8541
1;-1;-4;0;0;1;-1;-1;8f4cdfd9-c6a5-4abe-9c92-0d36fb7e13b7;2025-05-09 12:29:26.8621
0;0;4;-11;1;1;3;-1;8f4cdfd9-c6a5-4abe-9c92-0d36fb7e13b7;2025-05-09 12:29:26.8621
-1;2;25;15;-4;-2;0;-1;8f4cdfd9-c6a5-4abe-9c92-0d36fb7e13b7;2025-05-09 12:29:26.8671
-2;-5;-26;-13;-3;0;-2;-1;8f4cdfd9-c6a5-4abe-9c92-0d36fb7e13b7;2025-05-09 12:29:26.8671
-1;-1;5;2;-2;-1;-2;-1;8f4cdfd9-c6a5-4abe-9c92-0d36fb7e13b7;2025-05-09 12:29:26.8751
1;-1;-3;-2;1;-3;-3;-2;8f4cdfd9-c6a5-4abe-9c92-0d36fb7e13b7;2025-05-09 12:29:26.8751
0;-1;0;-3;3;0;0;1;8f4cdfd9-c6a5-4abe-9c92-0d36fb7e13b7;2025-05-09 12:29:26.8900
-1;2;24;7;1;1;1;0;8f4cdfd9-c6a5-4abe-9c92-0d36fb7e13b7;2025-05-09 12:29:26.8900
-1;-3;-21;-11;-7;-1;-1;-1;8f4cdfd9-c6a5-4abe-9c92-0d36fb7e13b7;2025-05-09 12:29:26.8980
-2;0;3;15;3;-2;0;-1;8f4cdfd9-c6a5-4abe-9c92-0d36fb7e13b7;2025-05-09 12:29:26.8980
0;-1;-7;-7;0;0;-2;-3;8f4cdfd9-c6a5-4abe-9c92-0d36fb7e13b7;2025-05-09 12:29:26.9120
-2;-2;14;3;2;-1;-2;0;8f4cdfd9-c6a5-4abe-9c92-0d36fb7e13b7;2025-05-09 12:29:26.9120
0;-2;4;7;-2;-1;-1;-1;8f4cdfd9-c6a5-4abe-9c92-0d36fb7e13b7;2025-05-09 12:29:26.9210
-1;-2;-1;-7;-3;0;-2;0;8f4cdfd9-c6a5-4abe-9c92-0d36fb7e13b7;2025-05-09 12:29:26.9210
0;-4;-19;-7;-5;-3;-2;0;8f4cdfd9-c6a5-4abe-9c92-0d36fb7e13b7;2025-05-09 12:29:26.9230
1;0;2;3;-1;-2;1;-2;8f4cdfd9-c6a5-4abe-9c92-0d36fb7e13b7;2025-05-09 12:29:26.9230
-2;5;5;1;5;0;0;0;8f4cdfd9-c6a5-4abe-9c92-0d36fb7e13b7;2025-05-09 12:29:26.9349
-3;-5;8;-2;-8;-4;0;-2;8f4cdfd9-c6a5-4abe-9c92-0d36fb7e13b7;2025-05-09 12:29:26.9349
-3;-4;-12;-4;0;-1;-1;-2;8f4cdfd9-c6a5-4abe-9c92-0d36fb7e13b7;2025-05-09 12:29:26.9499
1;0;8;1;0;0;-1;-1;8f4cdfd9-c6a5-4abe-9c92-0d36fb7e13b7;2025-05-09 12:29:26.9499
-4;-5;-29;1;0;-2;-1;-1;8f4cdfd9-c6a5-4abe-9c92-0d36fb7e13b7;2025-05-09 12:29:26.9579
1;4;12;-2;-1;0;-1;0;8f4cdfd9-c6a5-4abe-9c92-0d36fb7e13b7;2025-05-09 12:29:26.9579
-1;0;-10;2;-4;-1;-1;-2;8f4cdfd9-c6a5-4abe-9c92-0d36fb7e13b7;2025-05-09 12:29:26.9728
-2;0;-4;13;2;-2;-1;-2;8f4cdfd9-c6a5-4abe-9c92-0d36fb7e13b7;2025-05-09 12:29:26.9728
-2;3;34;-8;-1;0;1;-1;8f4cdfd9-c6a5-4abe-9c92-0d36fb7e13b7;2025-05-09 12:29:26.9808
-1;-3;-13;-3;0;1;-1;1;8f4cdfd9-c6a5-4abe-9c92-0d36fb7e13b7;2025-05-09 12:29:26.9808
-2;-2;-7;-4;-1;-1;-1;-3;8f4cdfd9-c6a5-4abe-9c92-0d36fb7e13b7;2025-05-09 12:29:27.0027
0;-2;-2;-3;-2;-1;-2;-2;8f4cdfd9-c6a5-4abe-9c92-0d36fb7e13b7;2025-05-09 12:29:27.0027
-3;-1;13;4;-2;0;-1;-1;8f4cdfd9-c6a5-4abe-9c92-0d36fb7e13b7;2025-05-09 12:29:27.0197
0;-1;3;4;0;0;0;-1;8f4cdfd9-c6a5-4abe-9c92-0d36fb7e13b7;2025-05-09 12:29:27.0197
0;-3;-36;-26;-4;-2;1;0;8f4cdfd9-c6a5-4abe-9c92-0d36fb7e13b7;2025-05-09 12:29:27.0207
-1;1;3;12;0;-2;-1;-1;8f4cdfd9-c6a5-4abe-9c92-0d36fb7e13b7;2025-05-09 12:29:27.0207
0;-1;5;8;-2;0;0;-1;8f4cdfd9-c6a5-4abe-9c92-0d36fb7e13b7;2025-05-09 12:29:27.0267
-1;3;-4;-1;2;2;1;0;8f4cdfd9-c6a5-4abe-9c92-0d36fb7e13b7;2025-05-09 12:29:27.0267
-1;-5;16;1;0;-2;-1;-3;8f4cdfd9-c6a5-4abe-9c92-0d36fb7e13b7;2025-05-09 12:29:27.0277
0;0;1;-5;-2;-2;-1;0;8f4cdfd9-c6a5-4abe-9c92-0d36fb7e13b7;2025-05-09 12:29:27.0277
1;-3;-20;-8;-1;0;0;-1;8f4cdfd9-c6a5-4abe-9c92-0d36fb7e13b7;2025-05-09 12:29:27.0406
-3;-3;0;1;-1;-2;-2;-2;8f4cdfd9-c6a5-4abe-9c92-0d36fb7e13b7;2025-05-09 12:29:27.0406
-1;-1;-4;-3;-3;0;-2;0;8f4cdfd9-c6a5-4abe-9c92-0d36fb7e13b7;2025-05-09 12:29:27.0571
0;-1;-11;-7;1;2;0;-1;8f4cdfd9-c6a5-4abe-9c92-0d36fb7e13b7;2025-05-09 12:29:27.0571
0;2;18;15;1;0;-2;-2;8f4cdfd9-c6a5-4abe-9c92-0d36fb7e13b7;2025-05-09 12:29:27.0631
1;4;12;8;-2;-2;0;0;8f4cdfd9-c6a5-4abe-9c92-0d36fb7e13b7;2025-05-09 12:29:27.0631
-2;-4;-12;-4;4;-1;-1;-2;8f4cdfd9-c6a5-4abe-9c92-0d36fb7e13b7;2025-05-09 12:29:27.0781
0;-1;5;-10;-5;-2;-3;-2;8f4cdfd9-c6a5-4abe-9c92-0d36fb7e13b7;2025-05-09 12:29:27.0781
0;-1;-14;-6;0;1;0;0;8f4cdfd9-c6a5-4abe-9c92-0d36fb7e13b7;2025-05-09 12:29:27.0860
-1;-2;0;-10;-1;-1;-2;-3;8f4cdfd9-c6a5-4abe-9c92-0d36fb7e13b7;2025-05-09 12:29:27.0860
0;3;12;6;-1;-1;0;0;8f4cdfd9-c6a5-4abe-9c92-0d36fb7e13b7;2025-05-09 12:29:27.0880
0;-2;4;10;1;1;-1;-1;8f4cdfd9-c6a5-4abe-9c92-0d36fb7e13b7;2025-05-09 12:29:27.0880
-1;0;3;-7;0;0;1;-1;8f4cdfd9-c6a5-4abe-9c92-0d36fb7e13b7;2025-05-09 12:29:27.1000
-1;-2;1;-4;-1;0;0;0;8f4cdfd9-c6a5-4abe-9c92-0d36fb7e13b7;2025-05-09 12:29:27.1000
-1;2;9;15;-1;-2;-2;0;8f4cdfd9-c6a5-4abe-9c92-0d36fb7e13b7;2025-05-09 12:29:27.1169
-1;-4;-20;6;-6;-2;-1;-2;8f4cdfd9-c6a5-4abe-9c92-0d36fb7e13b7;2025-05-09 12:29:27.1169
1;0;4;-2;3;0;-2;1;8f4cdfd9-c6a5-4abe-9c92-0d36fb7e13b7;2025-05-09 12:29:27.1179
-1;-3;1;7;-1;-1;-2;-1;8f4cdfd9-c6a5-4abe-9c92-0d36fb7e13b7;2025-05-09 12:29:27.1179
0;0;-3;-8;5;0;1;1;8f4cdfd9-c6a5-4abe-9c92-0d36fb7e13b7;2025-05-09 12:29:27.1239
-2;-3;-2;-13;-4;-4;0;-2;8f4cdfd9-c6a5-4abe-9c92-0d36fb7e13b7;2025-05-09 12:29:27.1239
0;2;10;4;-1;-4;-1;-1;8f4cdfd9-c6a5-4abe-9c92-0d36fb7e13b7;2025-05-09 12:29:27.1379
0;-1;-9;-6;-1;0;0;0;8f4cdfd9-c6a5-4abe-9c92-0d36fb7e13b7;2025-05-09 12:29:27.1379
0;-2;4;2;3;1;-1;0;8f4cdfd9-c6a5-4abe-9c92-0d36fb7e13b7;2025-05-09 12:29:27.1524
-1;-2;-3;1;1;-1;0;2;8f4cdfd9-c6a5-4abe-9c92-0d36fb7e13b7;2025-05-09 12:29:27.1524
-2;-1;-6;2;0;-1;-1;-2;8f4cdfd9-c6a5-4abe-9c92-0d36fb7e13b7;2025-05-09 12:29:27.1613
0;0;-7;-1;-1;-1;-1;-2;8f4cdfd9-c6a5-4abe-9c92-0d36fb7e13b7;2025-05-09 12:29:27.1613
-1;1;11;-5;-2;-1;1;-2;8f4cdfd9-c6a5-4abe-9c92-0d36fb7e13b7;2025-05-09 12:29:27.1623
-1;-4;-11;-3;0;-2;-2;0;8f4cdfd9-c6a5-4abe-9c92-0d36fb7e13b7;2025-05-09 12:29:27.1633
-1;-1;-1;10;-2;-1;1;-1;8f4cdfd9-c6a5-4abe-9c92-0d36fb7e13b7;2025-05-09 12:29:27.1833
0;1;5;-5;2;-3;-2;0;8f4cdfd9-c6a5-4abe-9c92-0d36fb7e13b7;2025-05-09 12:29:27.1843
-1;0;-8;-9;-7;1;0;-2;8f4cdfd9-c6a5-4abe-9c92-0d36fb7e13b7;2025-05-09 12:29:27.1903
-1;-1;-1;-5;0;-2;-3;-2;8f4cdfd9-c6a5-4abe-9c92-0d36fb7e13b7;2025-05-09 12:29:27.1903
-1;-3;-9;-4;-4;0;-2;0;8f4cdfd9-c6a5-4abe-9c92-0d36fb7e13b7;2025-05-09 12:29:27.1982
-1;-2;-15;-1;0;-1;0;-1;8f4cdfd9-c6a5-4abe-9c92-0d36fb7e13b7;2025-05-09 12:29:27.1982
0;4;35;9;5;-1;0;0;8f4cdfd9-c6a5-4abe-9c92-0d36fb7e13b7;2025-05-09 12:29:27.2062
-1;-5;-26;-8;2;1;0;1;8f4cdfd9-c6a5-4abe-9c92-0d36fb7e13b7;2025-05-09 12:29:27.2062
0;-3;-3;-1;-2;-1;1;-1;8f4cdfd9-c6a5-4abe-9c92-0d36fb7e13b7;2025-05-09 12:29:27.2212
-2;-2;-10;-6;1;-1;0;-2;8f4cdfd9-c6a5-4abe-9c92-0d36fb7e13b7;2025-05-09 12:29:27.2212
2;2;21;13;-7;-2;-1;1;8f4cdfd9-c6a5-4abe-9c92-0d36fb7e13b7;2025-05-09 12:29:27.2232
-3;-3;-32;-11;3;0;0;-1;8f4cdfd9-c6a5-4abe-9c92-0d36fb7e13b7;2025-05-09 12:29:27.2232
1;-1;14;3;-1;-3;-1;0;8f4cdfd9-c6a5-4abe-9c92-0d36fb7e13b7;2025-05-09 12:29:27.2351
-1;0;-1;-7;-3;0;-2;0;8f4cdfd9-c6a5-4abe-9c92-0d36fb7e13b7;2025-05-09 12:29:27.2351
-2;-2;-11;5;-1;-1;0;-2;8f4cdfd9-c6a5-4abe-9c92-0d36fb7e13b7;2025-05-09 12:29:27.2441
-1;-1;-11;-6;-3;-1;-1;-1;8f4cdfd9-c6a5-4abe-9c92-0d36fb7e13b7;2025-05-09 12:29:27.2441
0;0;3;-5;1;1;-1;-1;8f4cdfd9-c6a5-4abe-9c92-0d36fb7e13b7;2025-05-09 12:29:27.2591
-1;-2;-7;-3;-1;-1;-1;0;8f4cdfd9-c6a5-4abe-9c92-0d36fb7e13b7;2025-05-09 12:29:27.2591
-1;-1;-3;2;-1;-1;-2;-1;8f4cdfd9-c6a5-4abe-9c92-0d36fb7e13b7;2025-05-09 12:29:27.2601
1;1;17;4;-2;1;0;1;8f4cdfd9-c6a5-4abe-9c92-0d36fb7e13b7;2025-05-09 12:29:27.2601
-3;-1;-4;-4;-1;-2;-1;-1;8f4cdfd9-c6a5-4abe-9c92-0d36fb7e13b7;2025-05-09 12:29:27.2810
0;0;5;1;-2;0;1;-2;8f4cdfd9-c6a5-4abe-9c92-0d36fb7e13b7;2025-05-09 12:29:27.2810
-1;-6;-12;-8;-2;-1;-2;-2;8f4cdfd9-c6a5-4abe-9c92-0d36fb7e13b7;2025-05-09 12:29:27.2830
0;1;14;0;-1;-2;-2;-1;8f4cdfd9-c6a5-4abe-9c92-0d36fb7e13b7;2025-05-09 12:29:27.2830
2;1;-7;0;-3;0;0;0;8f4cdfd9-c6a5-4abe-9c92-0d36fb7e13b7;2025-05-09 12:29:27.3109
-3;-2;4;12;5;-2;-2;-2;8f4cdfd9-c6a5-4abe-9c92-0d36fb7e13b7;2025-05-09 12:29:27.3109
-2;-3;-19;-24;-4;0;-1;-1;8f4cdfd9-c6a5-4abe-9c92-0d36fb7e13b7;2025-05-09 12:29:27.3129
-1;4;5;6;2;0;0;-3;8f4cdfd9-c6a5-4abe-9c92-0d36fb7e13b7;2025-05-09 12:29:27.3129
-1;-4;-5;-12;-5;-2;-1;-2;8f4cdfd9-c6a5-4abe-9c92-0d36fb7e13b7;2025-05-09 12:29:27.3189
-1;1;13;11;-2;-1;0;-1;8f4cdfd9-c6a5-4abe-9c92-0d36fb7e13b7;2025-05-09 12:29:27.3189
0;0;-1;2;4;0;-1;-1;8f4cdfd9-c6a5-4abe-9c92-0d36fb7e13b7;2025-05-09 12:29:27.3199
-2;-4;2;-3;-3;-2;-2;0;8f4cdfd9-c6a5-4abe-9c92-0d36fb7e13b7;2025-05-09 12:29:27.3199
-1;-2;1;5;2;-1;-1;-2;8f4cdfd9-c6a5-4abe-9c92-0d36fb7e13b7;2025-05-09 12:29:27.3409
-1;0;-7;-12;-2;-1;0;-1;8f4cdfd9-c6a5-4abe-9c92-0d36fb7e13b7;2025-05-09 12:29:27.3409
-3;0;0;9;-3;0;1;0;8f4cdfd9-c6a5-4abe-9c92-0d36fb7e13b7;2025-05-09 12:29:27.3429
-2;0;14;2;0;0;-1;-1;8f4cdfd9-c6a5-4abe-9c92-0d36fb7e13b7;2025-05-09 12:29:27.3429
0;0;4;1;1;0;1;0;8f4cdfd9-c6a5-4abe-9c92-0d36fb7e13b7;2025-05-09 12:29:27.3638
1;-3;-8;-6;0;-1;-1;-2;8f4cdfd9-c6a5-4abe-9c92-0d36fb7e13b7;2025-05-09 12:29:27.3638
-1;-1;-2;-2;-4;-3;-1;-1;8f4cdfd9-c6a5-4abe-9c92-0d36fb7e13b7;2025-05-09 12:29:27.3698
0;1;4;3;1;-2;-1;-1;8f4cdfd9-c6a5-4abe-9c92-0d36fb7e13b7;2025-05-09 12:29:27.3698
0;-1;-3;3;1;2;-1;0;8f4cdfd9-c6a5-4abe-9c92-0d36fb7e13b7;2025-05-09 12:29:27.3788
0;3;25;-7;-1;0;-1;1;8f4cdfd9-c6a5-4abe-9c92-0d36fb7e13b7;2025-05-09 12:29:27.3788
-2;-5;-25;1;-4;-2;0;0;8f4cdfd9-c6a5-4abe-9c92-0d36fb7e13b7;2025-05-09 12:29:27.3847
0;0;9;7;1;0;0;0;8f4cdfd9-c6a5-4abe-9c92-0d36fb7e13b7;2025-05-09 12:29:27.3847
-2;0;-3;0;-3;-1;0;0;8f4cdfd9-c6a5-4abe-9c92-0d36fb7e13b7;2025-05-09 12:29:27.4017
0;2;2;0;0;-1;0;1;8f4cdfd9-c6a5-4abe-9c92-0d36fb7e13b7;2025-05-09 12:29:27.4017
0;-1;3;-14;-1;2;0;0;8f4cdfd9-c6a5-4abe-9c92-0d36fb7e13b7;2025-05-09 12:29:27.4027
-1;0;2;0;-4;-3;-2;0;8f4cdfd9-c6a5-4abe-9c92-0d36fb7e13b7;2025-05-09 12:29:27.4027
1;2;18;8;3;0;-1;0;8f4cdfd9-c6a5-4abe-9c92-0d36fb7e13b7;2025-05-09 12:29:27.4236
-2;-6;-21;-5;-8;-5;-3;-2;8f4cdfd9-c6a5-4abe-9c92-0d36fb7e13b7;2025-05-09 12:29:27.4236
0;-1;4;9;0;-1;-1;-2;8f4cdfd9-c6a5-4abe-9c92-0d36fb7e13b7;2025-05-09 12:29:27.4256
-1;-1;-11;-3;2;3;1;-1;8f4cdfd9-c6a5-4abe-9c92-0d36fb7e13b7;2025-05-09 12:29:27.4256
-1;1;4;-1;0;-2;0;-2;8f4cdfd9-c6a5-4abe-9c92-0d36fb7e13b7;2025-05-09 12:29:27.4386
0;-2;-16;-1;-4;-1;1;0;8f4cdfd9-c6a5-4abe-9c92-0d36fb7e13b7;2025-05-09 12:29:27.4386
0;0;2;0;0;-3;-1;0;8f4cdfd9-c6a5-4abe-9c92-0d36fb7e13b7;2025-05-09 12:29:27.4446
0;2;31;-4;-1;-1;0;0;8f4cdfd9-c6a5-4abe-9c92-0d36fb7e13b7;2025-05-09 12:29:27.4446
-3;-3;-8;3;-3;-4;0;0;8f4cdfd9-c6a5-4abe-9c92-0d36fb7e13b7;2025-05-09 12:29:27.4605
-3;-8;-58;-30;-4;-3;-1;-3;8f4cdfd9-c6a5-4abe-9c92-0d36fb7e13b7;2025-05-09 12:29:27.4605
-1;2;9;3;3;0;-1;0;8f4cdfd9-c6a5-4abe-9c92-0d36fb7e13b7;2025-05-09 12:29:27.4685
-1;-1;-2;4;-1;2;0;-1;8f4cdfd9-c6a5-4abe-9c92-0d36fb7e13b7;2025-05-09 12:29:27.4685
0;-3;-10;-3;2;0;-2;0;8f4cdfd9-c6a5-4abe-9c92-0d36fb7e13b7;2025-05-09 12:29:27.4825
0;3;29;21;-2;-2;-1;-1;8f4cdfd9-c6a5-4abe-9c92-0d36fb7e13b7;2025-05-09 12:29:27.4825
-1;0;-3;7;0;-1;-2;-1;8f4cdfd9-c6a5-4abe-9c92-0d36fb7e13b7;2025-05-09 12:29:27.4915
0;-2;-28;-27;-6;0;-2;-1;8f4cdfd9-c6a5-4abe-9c92-0d36fb7e13b7;2025-05-09 12:29:27.4915
-2;-1;7;3;-1;2;-1;0;8f4cdfd9-c6a5-4abe-9c92-0d36fb7e13b7;2025-05-09 12:29:27.4984
-2;-6;-9;7;0;-2;-3;-3;8f4cdfd9-c6a5-4abe-9c92-0d36fb7e13b7;2025-05-09 12:29:27.4984
0;1;9;6;2;0;1;-1;8f4cdfd9-c6a5-4abe-9c92-0d36fb7e13b7;2025-05-09 12:29:27.5054
0;-2;4;6;0;-2;0;0;8f4cdfd9-c6a5-4abe-9c92-0d36fb7e13b7;2025-05-09 12:29:27.5054
0;0;-11;-20;0;-2;0;0;8f4cdfd9-c6a5-4abe-9c92-0d36fb7e13b7;2025-05-09 12:29:27.5214
-2;0;10;8;0;1;0;1;8f4cdfd9-c6a5-4abe-9c92-0d36fb7e13b7;2025-05-09 12:29:27.5214
0;-1;-2;-9;-3;-1;0;-1;8f4cdfd9-c6a5-4abe-9c92-0d36fb7e13b7;2025-05-09 12:29:27.5224
-2;-3;-17;-3;-3;-3;-1;-2;8f4cdfd9-c6a5-4abe-9c92-0d36fb7e13b7;2025-05-09 12:29:27.5234
-3;1;-8;-6;-1;0;0;-1;8f4cdfd9-c6a5-4abe-9c92-0d36fb7e13b7;2025-05-09 12:29:27.5433
2;0;1;4;0;1;0;0;8f4cdfd9-c6a5-4abe-9c92-0d36fb7e13b7;2025-05-09 12:29:27.5443
-2;-1;17;0;5;1;-1;0;8f4cdfd9-c6a5-4abe-9c92-0d36fb7e13b7;2025-05-09 12:29:27.5458
0;2;5;0;-3;-3;-2;0;8f4cdfd9-c6a5-4abe-9c92-0d36fb7e13b7;2025-05-09 12:29:27.5458
-1;-4;-5;-4;-7;-4;-3;-1;8f4cdfd9-c6a5-4abe-9c92-0d36fb7e13b7;2025-05-09 12:29:27.5588
0;-1;12;6;-2;2;-2;0;8f4cdfd9-c6a5-4abe-9c92-0d36fb7e13b7;2025-05-09 12:29:27.5588
0;-2;-6;3;-2;-1;-2;-3;8f4cdfd9-c6a5-4abe-9c92-0d36fb7e13b7;2025-05-09 12:29:27.5817
0;0;-6;-7;-1;-1;0;-2;8f4cdfd9-c6a5-4abe-9c92-0d36fb7e13b7;2025-05-09 12:29:27.5817
3;4;9;0;1;1;1;0;8f4cdfd9-c6a5-4abe-9c92-0d36fb7e13b7;2025-05-09 12:29:27.5827
-1;-4;-15;-21;-5;-2;0;-1;8f4cdfd9-c6a5-4abe-9c92-0d36fb7e13b7;2025-05-09 12:29:27.5827
-3;-5;-9;-1;1;-1;-2;-2;8f4cdfd9-c6a5-4abe-9c92-0d36fb7e13b7;2025-05-09 12:29:27.5847
0;0;5;13;1;0;0;0;8f4cdfd9-c6a5-4abe-9c92-0d36fb7e13b7;2025-05-09 12:29:27.5847
-2;0;13;8;4;0;-2;-2;8f4cdfd9-c6a5-4abe-9c92-0d36fb7e13b7;2025-05-09 12:29:27.6027
1;3;-3;-2;1;0;-1;1;8f4cdfd9-c6a5-4abe-9c92-0d36fb7e13b7;2025-05-09 12:29:27.6027
0;-2;-6;-3;-2;-1;-1;-1;8f4cdfd9-c6a5-4abe-9c92-0d36fb7e13b7;2025-05-09 12:29:27.6186
-1;-2;-5;-2;-3;-2;-2;0;8f4cdfd9-c6a5-4abe-9c92-0d36fb7e13b7;2025-05-09 12:29:27.6186
0;1;5;-5;2;-1;-2;0;8f4cdfd9-c6a5-4abe-9c92-0d36fb7e13b7;2025-05-09 12:29:27.6196
-2;-2;7;-2;-3;-2;0;-2;8f4cdfd9-c6a5-4abe-9c92-0d36fb7e13b7;2025-05-09 12:29:27.6196
-2;0;-7;-2;-2;-2;0;-1;8f4cdfd9-c6a5-4abe-9c92-0d36fb7e13b7;2025-05-09 12:29:27.6246
-1;-3;2;1;-2;-1;-1;-1;8f4cdfd9-c6a5-4abe-9c92-0d36fb7e13b7;2025-05-09 12:29:27.6246
1;-3;-15;-8;-4;2;-1;-2;8f4cdfd9-c6a5-4abe-9c92-0d36fb7e13b7;2025-05-09 12:29:27.6480
-1;2;24;12;8;-2;-1;-2;8f4cdfd9-c6a5-4abe-9c92-0d36fb7e13b7;2025-05-09 12:29:27.6480
-2;-3;-34;-15;-3;0;-1;0;8f4cdfd9-c6a5-4abe-9c92-0d36fb7e13b7;2025-05-09 12:29:27.6700
-1;-1;10;9;-1;-2;0;-1;8f4cdfd9-c6a5-4abe-9c92-0d36fb7e13b7;2025-05-09 12:29:27.6700
-2;-3;-7;-9;-4;-1;-1;-1;8f4cdfd9-c6a5-4abe-9c92-0d36fb7e13b7;2025-05-09 12:29:27.6780
-1;1;-5;4;1;1;0;1;8f4cdfd9-c6a5-4abe-9c92-0d36fb7e13b7;2025-05-09 12:29:27.6780
1;-1;6;-5;-3;-2;-1;1;8f4cdfd9-c6a5-4abe-9c92-0d36fb7e13b7;2025-05-09 12:29:27.7009
-1;-1;1;-6;3;0;0;-2;8f4cdfd9-c6a5-4abe-9c92-0d36fb7e13b7;2025-05-09 12:29:27.7009
-2;-3;-9;3;-1;1;-1;-1;8f4cdfd9-c6a5-4abe-9c92-0d36fb7e13b7;2025-05-09 12:29:27.7019
-2;-1;2;-3;-4;-2;-1;-1;8f4cdfd9-c6a5-4abe-9c92-0d36fb7e13b7;2025-05-09 12:29:27.7019
0;1;3;6;0;-2;-2;1;8f4cdfd9-c6a5-4abe-9c92-0d36fb7e13b7;2025-05-09 12:29:27.7228
-1;2;-2;-5;-2;-1;0;0;8f4cdfd9-c6a5-4abe-9c92-0d36fb7e13b7;2025-05-09 12:29:27.7228
-3;-2;-2;4;1;0;0;1;8f4cdfd9-c6a5-4abe-9c92-0d36fb7e13b7;2025-05-09 12:29:27.7298
-1;-1;0;-4;0;1;1;0;8f4cdfd9-c6a5-4abe-9c92-0d36fb7e13b7;2025-05-09 12:29:27.7308
-2;-2;-3;4;-3;-3;-2;0;8f4cdfd9-c6a5-4abe-9c92-0d36fb7e13b7;2025-05-09 12:29:27.7453
-1;0;22;16;1;3;-1;0;8f4cdfd9-c6a5-4abe-9c92-0d36fb7e13b7;2025-05-09 12:29:27.7453
-1;-4;-32;-3;-3;0;-1;-1;8f4cdfd9-c6a5-4abe-9c92-0d36fb7e13b7;2025-05-09 12:29:27.7563
-1;-1;2;-10;-5;-1;0;-1;8f4cdfd9-c6a5-4abe-9c92-0d36fb7e13b7;2025-05-09 12:29:27.7563
1;1;0;-9;-2;-3;-3;-1;8f4cdfd9-c6a5-4abe-9c92-0d36fb7e13b7;2025-05-09 12:29:27.7563
0;-2;-2;12;0;-2;-1;-1;8f4cdfd9-c6a5-4abe-9c92-0d36fb7e13b7;2025-05-09 12:29:27.7563
1;3;15;-18;1;1;2;1;8f4cdfd9-c6a5-4abe-9c92-0d36fb7e13b7;2025-05-09 12:29:27.7622
-1;-2;0;-1;-1;-2;-1;-2;8f4cdfd9-c6a5-4abe-9c92-0d36fb7e13b7;2025-05-09 12:29:27.7622
0;3;21;4;0;-2;-1;0;8f4cdfd9-c6a5-4abe-9c92-0d36fb7e13b7;2025-05-09 12:29:27.7622
-2;-7;-65;-15;-6;-4;-1;-2;8f4cdfd9-c6a5-4abe-9c92-0d36fb7e13b7;2025-05-09 12:29:27.7622
-2;-2;5;11;2;-1;0;-3;8f4cdfd9-c6a5-4abe-9c92-0d36fb7e13b7;2025-05-09 12:29:27.7642
0;0;-1;11;2;3;0;0;8f4cdfd9-c6a5-4abe-9c92-0d36fb7e13b7;2025-05-09 12:29:27.7642
-1;-1;-2;-10;0;0;0;-1;8f4cdfd9-c6a5-4abe-9c92-0d36fb7e13b7;2025-05-09 12:29:27.7832
0;3;11;9;0;0;-2;0;8f4cdfd9-c6a5-4abe-9c92-0d36fb7e13b7;2025-05-09 12:29:27.7832
-2;-2;9;-4;-1;1;-1;1;8f4cdfd9-c6a5-4abe-9c92-0d36fb7e13b7;2025-05-09 12:29:27.8141
-1;-1;-7;0;-2;-1;-1;-1;8f4cdfd9-c6a5-4abe-9c92-0d36fb7e13b7;2025-05-09 12:29:27.8141
-2;-4;-1;2;0;1;0;-2;8f4cdfd9-c6a5-4abe-9c92-0d36fb7e13b7;2025-05-09 12:29:27.8151
1;1;9;-2;-1;-1;-2;-2;8f4cdfd9-c6a5-4abe-9c92-0d36fb7e13b7;2025-05-09 12:29:27.8151
-1;0;-1;2;-1;-2;-1;-1;8f4cdfd9-c6a5-4abe-9c92-0d36fb7e13b7;2025-05-09 12:29:27.8171
-1;1;11;-2;-3;-2;0;-2;8f4cdfd9-c6a5-4abe-9c92-0d36fb7e13b7;2025-05-09 12:29:27.8171
-1;0;-9;-17;-1;0;-1;-2;8f4cdfd9-c6a5-4abe-9c92-0d36fb7e13b7;2025-05-09 12:29:27.8211
-1;-2;-4;19;2;0;2;1;8f4cdfd9-c6a5-4abe-9c92-0d36fb7e13b7;2025-05-09 12:29:27.8211
1;1;17;-2;0;-1;-1;-1;8f4cdfd9-c6a5-4abe-9c92-0d36fb7e13b7;2025-05-09 12:29:27.8231
-1;-1;9;6;3;1;1;1;8f4cdfd9-c6a5-4abe-9c92-0d36fb7e13b7;2025-05-09 12:29:27.8231
-2;-1;-22;5;-1;-4;-2;-3;8f4cdfd9-c6a5-4abe-9c92-0d36fb7e13b7;2025-05-09 12:29:27.8430
-2;-3;5;-25;-5;-3;0;-2;8f4cdfd9-c6a5-4abe-9c92-0d36fb7e13b7;2025-05-09 12:29:27.8430
-1;-2;-4;10;3;-2;-3;-1;8f4cdfd9-c6a5-4abe-9c92-0d36fb7e13b7;2025-05-09 12:29:27.8575
-2;0;-6;0;3;1;1;0;8f4cdfd9-c6a5-4abe-9c92-0d36fb7e13b7;2025-05-09 12:29:27.8585
-2;-5;5;0;-8;-1;0;0;8f4cdfd9-c6a5-4abe-9c92-0d36fb7e13b7;2025-05-09 12:29:27.8725
0;1;7;-3;3;2;-2;2;8f4cdfd9-c6a5-4abe-9c92-0d36fb7e13b7;2025-05-09 12:29:27.8725
0;-2;-3;1;-5;-1;0;0;8f4cdfd9-c6a5-4abe-9c92-0d36fb7e13b7;2025-05-09 12:29:27.8904
-1;0;0;4;0;-2;-2;-2;8f4cdfd9-c6a5-4abe-9c92-0d36fb7e13b7;2025-05-09 12:29:27.8914
-1;-1;-2;-1;2;-1;-1;0;8f4cdfd9-c6a5-4abe-9c92-0d36fb7e13b7;2025-05-09 12:29:27.8914
-2;0;7;6;0;0;-1;1;8f4cdfd9-c6a5-4abe-9c92-0d36fb7e13b7;2025-05-09 12:29:27.8914
-1;-2;-10;-12;-2;-1;0;1;8f4cdfd9-c6a5-4abe-9c92-0d36fb7e13b7;2025-05-09 12:29:27.9183
0;0;1;3;0;1;-1;-1;8f4cdfd9-c6a5-4abe-9c92-0d36fb7e13b7;2025-05-09 12:29:27.9183
0;-2;-7;0;-2;-1;-1;0;8f4cdfd9-c6a5-4abe-9c92-0d36fb7e13b7;2025-05-09 12:29:27.9333
0;0;-3;-10;0;-3;0;-3;8f4cdfd9-c6a5-4abe-9c92-0d36fb7e13b7;2025-05-09 12:29:27.9333
0;-3;-1;3;-2;0;0;-2;8f4cdfd9-c6a5-4abe-9c92-0d36fb7e13b7;2025-05-09 12:29:27.9707
-1;-1;5;0;2;-3;0;-1;8f4cdfd9-c6a5-4abe-9c92-0d36fb7e13b7;2025-05-09 12:29:27.9707
0;-2;14;1;-3;-2;-1;-2;8f4cdfd9-c6a5-4abe-9c92-0d36fb7e13b7;2025-05-09 12:29:27.9777
-4;-3;-22;1;-3;-2;1;-1;8f4cdfd9-c6a5-4abe-9c92-0d36fb7e13b7;2025-05-09 12:29:27.9777
-1;-1;-15;4;3;-1;1;-1;8f4cdfd9-c6a5-4abe-9c92-0d36fb7e13b7;2025-05-09 12:29:27.9877
1;-1;-3;-12;-4;-1;-1;1;8f4cdfd9-c6a5-4abe-9c92-0d36fb7e13b7;2025-05-09 12:29:27.9877
1;2;13;9;0;-1;-1;-1;8f4cdfd9-c6a5-4abe-9c92-0d36fb7e13b7;2025-05-09 12:29:27.9887
-1;-3;-23;-23;-6;-3;-2;-2;8f4cdfd9-c6a5-4abe-9c92-0d36fb7e13b7;2025-05-09 12:29:27.9887
-1;-1;6;3;0;-1;-1;0;8f4cdfd9-c6a5-4abe-9c92-0d36fb7e13b7;2025-05-09 12:29:27.9937
0;-2;7;-11;0;0;0;-1;8f4cdfd9-c6a5-4abe-9c92-0d36fb7e13b7;2025-05-09 12:29:27.9937
-1;0;-2;1;-2;-1;-1;-1;8f4cdfd9-c6a5-4abe-9c92-0d36fb7e13b7;2025-05-09 12:29:27.9946
-1;1;12;6;0;-1;-1;-2;8f4cdfd9-c6a5-4abe-9c92-0d36fb7e13b7;2025-05-09 12:29:27.9946
-2;-4;-4;0;-1;0;-1;0;8f4cdfd9-c6a5-4abe-9c92-0d36fb7e13b7;2025-05-09 12:29:28.0016
0;0;15;3;2;-1;0;0;8f4cdfd9-c6a5-4abe-9c92-0d36fb7e13b7;2025-05-09 12:29:28.0016
0;-2;-30;-6;-4;-3;-1;-2;8f4cdfd9-c6a5-4abe-9c92-0d36fb7e13b7;2025-05-09 12:29:28.0026
0;-2;-4;-4;-3;-1;-4;-1;8f4cdfd9-c6a5-4abe-9c92-0d36fb7e13b7;2025-05-09 12:29:28.0026
-3;-4;-12;-1;1;-2;0;-1;8f4cdfd9-c6a5-4abe-9c92-0d36fb7e13b7;2025-05-09 12:29:28.0306
0;2;3;1;1;1;-1;-2;8f4cdfd9-c6a5-4abe-9c92-0d36fb7e13b7;2025-05-09 12:29:28.0306
-1;0;17;1;-6;0;-1;-2;8f4cdfd9-c6a5-4abe-9c92-0d36fb7e13b7;2025-05-09 12:29:28.0480
0;-3;-6;-1;1;1;1;-1;8f4cdfd9-c6a5-4abe-9c92-0d36fb7e13b7;2025-05-09 12:29:28.0480
0;0;-3;12;2;-1;-1;-1;8f4cdfd9-c6a5-4abe-9c92-0d36fb7e13b7;2025-05-09 12:29:28.0480
2;2;10;-2;-2;0;-2;0;8f4cdfd9-c6a5-4abe-9c92-0d36fb7e13b7;2025-05-09 12:29:28.0480
0;-2;-5;-19;-2;-2;-4;1;8f4cdfd9-c6a5-4abe-9c92-0d36fb7e13b7;2025-05-09 12:29:28.0520
-2;1;10;-1;-3;-2;-1;-1;8f4cdfd9-c6a5-4abe-9c92-0d36fb7e13b7;2025-05-09 12:29:28.0530
-1;-3;-2;12;-1;0;0;-1;8f4cdfd9-c6a5-4abe-9c92-0d36fb7e13b7;2025-05-09 12:29:28.0610
-1;2;4;3;0;0;-1;-1;8f4cdfd9-c6a5-4abe-9c92-0d36fb7e13b7;2025-05-09 12:29:28.0610
0;-1;7;1;-3;-1;-1;-1;8f4cdfd9-c6a5-4abe-9c92-0d36fb7e13b7;2025-05-09 12:29:28.0630
-2;-1;-3;-4;0;-1;-1;-2;8f4cdfd9-c6a5-4abe-9c92-0d36fb7e13b7;2025-05-09 12:29:28.0630
-1;1;-1;-8;-5;-1;0;0;8f4cdfd9-c6a5-4abe-9c92-0d36fb7e13b7;2025-05-09 12:29:28.0829
-1;-3;-8;-5;0;-1;-1;-1;8f4cdfd9-c6a5-4abe-9c92-0d36fb7e13b7;2025-05-09 12:29:28.0829
1;-1;-1;2;-1;-3;-1;1;8f4cdfd9-c6a5-4abe-9c92-0d36fb7e13b7;2025-05-09 12:29:28.0909
-2;1;-3;-3;-2;-2;-2;0;8f4cdfd9-c6a5-4abe-9c92-0d36fb7e13b7;2025-05-09 12:29:28.0909
1;-2;1;-2;2;2;-1;-1;8f4cdfd9-c6a5-4abe-9c92-0d36fb7e13b7;2025-05-09 12:29:28.0979
-1;0;1;-2;0;0;1;1;8f4cdfd9-c6a5-4abe-9c92-0d36fb7e13b7;2025-05-09 12:29:28.0979
-1;-4;-7;2;-1;-2;-2;-2;8f4cdfd9-c6a5-4abe-9c92-0d36fb7e13b7;2025-05-09 12:29:28.1218
0;0;7;4;0;1;-1;-1;8f4cdfd9-c6a5-4abe-9c92-0d36fb7e13b7;2025-05-09 12:29:28.1218
0;5;26;8;8;0;-2;0;8f4cdfd9-c6a5-4abe-9c92-0d36fb7e13b7;2025-05-09 12:29:28.1228
-1;-6;-30;-6;-5;4;0;-3;8f4cdfd9-c6a5-4abe-9c92-0d36fb7e13b7;2025-05-09 12:29:28.1228
-1;-2;9;-4;-1;-1;-1;-1;8f4cdfd9-c6a5-4abe-9c92-0d36fb7e13b7;2025-05-09 12:29:28.1348
-1;1;15;6;0;-2;-1;0;8f4cdfd9-c6a5-4abe-9c92-0d36fb7e13b7;2025-05-09 12:29:28.1348
0;-4;-33;-13;0;-1;-1;-1;8f4cdfd9-c6a5-4abe-9c92-0d36fb7e13b7;2025-05-09 12:29:28.1428
-2;1;13;-4;-4;-2;-3;0;8f4cdfd9-c6a5-4abe-9c92-0d36fb7e13b7;2025-05-09 12:29:28.1428
-1;3;12;15;-1;-1;-1;-1;8f4cdfd9-c6a5-4abe-9c92-0d36fb7e13b7;2025-05-09 12:29:28.1592
-1;-3;-14;-19;-2;1;-1;-2;8f4cdfd9-c6a5-4abe-9c92-0d36fb7e13b7;2025-05-09 12:29:28.1592
3;4;3;-1;4;4;2;0;8f4cdfd9-c6a5-4abe-9c92-0d36fb7e13b7;2025-05-09 12:29:28.1602
-1;-3;19;17;-1;-3;0;-2;8f4cdfd9-c6a5-4abe-9c92-0d36fb7e13b7;2025-05-09 12:29:28.1602
-1;-2;-28;-2;-4;-2;0;0;8f4cdfd9-c6a5-4abe-9c92-0d36fb7e13b7;2025-05-09 12:29:28.1662
1;0;-3;7;-1;-3;-1;0;8f4cdfd9-c6a5-4abe-9c92-0d36fb7e13b7;2025-05-09 12:29:28.1662
0;1;9;-2;0;-1;0;-2;8f4cdfd9-c6a5-4abe-9c92-0d36fb7e13b7;2025-05-09 12:29:28.1812
0;-1;-23;-3;0;-1;-1;-1;8f4cdfd9-c6a5-4abe-9c92-0d36fb7e13b7;2025-05-09 12:29:28.1812
0;-3;2;-13;2;-1;0;0;8f4cdfd9-c6a5-4abe-9c92-0d36fb7e13b7;2025-05-09 12:29:28.1832
2;2;3;6;-5;-2;1;-1;8f4cdfd9-c6a5-4abe-9c92-0d36fb7e13b7;2025-05-09 12:29:28.1832
-3;-7;-19;-18;-5;-3;-4;-3;8f4cdfd9-c6a5-4abe-9c92-0d36fb7e13b7;2025-05-09 12:29:28.2041
0;-1;3;-6;1;0;0;-1;8f4cdfd9-c6a5-4abe-9c92-0d36fb7e13b7;2025-05-09 12:29:28.2041
0;1;6;12;1;-2;-2;0;8f4cdfd9-c6a5-4abe-9c92-0d36fb7e13b7;2025-05-09 12:29:28.2051
-1;-2;-6;4;2;0;-1;0;8f4cdfd9-c6a5-4abe-9c92-0d36fb7e13b7;2025-05-09 12:29:28.2051
-2;-1;-1;3;-5;-3;1;0;8f4cdfd9-c6a5-4abe-9c92-0d36fb7e13b7;2025-05-09 12:29:28.2260
-1;1;12;-1;-1;-2;-2;0;8f4cdfd9-c6a5-4abe-9c92-0d36fb7e13b7;2025-05-09 12:29:28.2260
-1;-2;-6;-11;-2;1;0;-1;8f4cdfd9-c6a5-4abe-9c92-0d36fb7e13b7;2025-05-09 12:29:28.2280
0;-3;10;-2;2;0;0;0;8f4cdfd9-c6a5-4abe-9c92-0d36fb7e13b7;2025-05-09 12:29:28.2280
-3;-1;-17;-8;-4;-1;0;-1;8f4cdfd9-c6a5-4abe-9c92-0d36fb7e13b7;2025-05-09 12:29:28.2410
0;-1;3;7;2;-1;-1;0;8f4cdfd9-c6a5-4abe-9c92-0d36fb7e13b7;2025-05-09 12:29:28.2410
-2;1;-1;6;-1;-1;1;2;8f4cdfd9-c6a5-4abe-9c92-0d36fb7e13b7;2025-05-09 12:29:28.2430
0;-2;-15;-13;-3;-1;0;0;8f4cdfd9-c6a5-4abe-9c92-0d36fb7e13b7;2025-05-09 12:29:28.2430
0;0;12;14;-1;-1;-2;-1;8f4cdfd9-c6a5-4abe-9c92-0d36fb7e13b7;2025-05-09 12:29:28.2634
0;2;0;-2;0;0;0;-2;8f4cdfd9-c6a5-4abe-9c92-0d36fb7e13b7;2025-05-09 12:29:28.2634
-1;0;7;1;0;2;-1;-1;8f4cdfd9-c6a5-4abe-9c92-0d36fb7e13b7;2025-05-09 12:29:28.2654
-1;-4;-10;-8;-5;-1;0;0;8f4cdfd9-c6a5-4abe-9c92-0d36fb7e13b7;2025-05-09 12:29:28.2654
0;-3;-2;2;0;-2;0;-1;8f4cdfd9-c6a5-4abe-9c92-0d36fb7e13b7;2025-05-09 12:29:28.2864
-2;0;1;2;0;-1;-1;0;8f4cdfd9-c6a5-4abe-9c92-0d36fb7e13b7;2025-05-09 12:29:28.2864
-1;-2;9;-4;1;1;-2;-1;8f4cdfd9-c6a5-4abe-9c92-0d36fb7e13b7;2025-05-09 12:29:28.2874
-1;1;-6;-4;-5;-2;0;-2;8f4cdfd9-c6a5-4abe-9c92-0d36fb7e13b7;2025-05-09 12:29:28.2884
-3;-1;0;-5;-3;-1;-1;-1;8f4cdfd9-c6a5-4abe-9c92-0d36fb7e13b7;2025-05-09 12:29:28.3004
0;-2;-4;6;-1;-2;1;-1;8f4cdfd9-c6a5-4abe-9c92-0d36fb7e13b7;2025-05-09 12:29:28.3004
0;2;9;-4;2;0;1;0;8f4cdfd9-c6a5-4abe-9c92-0d36fb7e13b7;2025-05-09 12:29:28.3073
-2;-1;-17;-6;-1;0;-2;0;8f4cdfd9-c6a5-4abe-9c92-0d36fb7e13b7;2025-05-09 12:29:28.3073
1;0;0;-2;-6;-1;0;-2;8f4cdfd9-c6a5-4abe-9c92-0d36fb7e13b7;2025-05-09 12:29:28.3233
-1;0;5;-2;3;-2;-3;-2;8f4cdfd9-c6a5-4abe-9c92-0d36fb7e13b7;2025-05-09 12:29:28.3243
-1;-2;-4;9;3;-1;2;-2;8f4cdfd9-c6a5-4abe-9c92-0d36fb7e13b7;2025-05-09 12:29:28.3253
-1;1;12;1;-1;0;-2;-2;8f4cdfd9-c6a5-4abe-9c92-0d36fb7e13b7;2025-05-09 12:29:28.3253
-1;0;8;5;3;-1;-1;1;8f4cdfd9-c6a5-4abe-9c92-0d36fb7e13b7;2025-05-09 12:29:28.3468
-1;-2;-16;-6;-4;-1;-2;0;8f4cdfd9-c6a5-4abe-9c92-0d36fb7e13b7;2025-05-09 12:29:28.3468
-1;-1;7;2;-3;-2;-3;-2;8f4cdfd9-c6a5-4abe-9c92-0d36fb7e13b7;2025-05-09 12:29:28.3477
-1;1;10;7;5;2;1;0;8f4cdfd9-c6a5-4abe-9c92-0d36fb7e13b7;2025-05-09 12:29:28.3477
-3;-6;-13;-6;-9;-4;-5;-1;8f4cdfd9-c6a5-4abe-9c92-0d36fb7e13b7;2025-05-09 12:29:28.3692
0;0;7;0;-2;0;0;2;8f4cdfd9-c6a5-4abe-9c92-0d36fb7e13b7;2025-05-09 12:29:28.3692
-2;-1;-10;-1;2;-1;-1;-1;8f4cdfd9-c6a5-4abe-9c92-0d36fb7e13b7;2025-05-09 12:29:28.3702
1;2;1;-14;-1;-1;0;-2;8f4cdfd9-c6a5-4abe-9c92-0d36fb7e13b7;2025-05-09 12:29:28.3702
1;0;9;21;2;1;-1;-1;8f4cdfd9-c6a5-4abe-9c92-0d36fb7e13b7;2025-05-09 12:29:28.3911
-1;-3;-19;-8;-6;0;-3;-1;8f4cdfd9-c6a5-4abe-9c92-0d36fb7e13b7;2025-05-09 12:29:28.3911
-2;-2;1;0;-3;-2;-2;0;8f4cdfd9-c6a5-4abe-9c92-0d36fb7e13b7;2025-05-09 12:29:28.3931
-2;-2;-3;-4;-2;0;0;0;8f4cdfd9-c6a5-4abe-9c92-0d36fb7e13b7;2025-05-09 12:29:28.3931
-1;2;5;-2;2;0;0;0;8f4cdfd9-c6a5-4abe-9c92-0d36fb7e13b7;2025-05-09 12:29:28.4061
-1;-2;-6;-10;-2;1;2;-1;8f4cdfd9-c6a5-4abe-9c92-0d36fb7e13b7;2025-05-09 12:29:28.4061
-1;0;6;-4;-5;-2;-2;-2;8f4cdfd9-c6a5-4abe-9c92-0d36fb7e13b7;2025-05-09 12:29:28.4081
-2;-1;0;5;-2;-2;-1;-1;8f4cdfd9-c6a5-4abe-9c92-0d36fb7e13b7;2025-05-09 12:29:28.4081
1;-1;-1;-6;2;-2;0;1;8f4cdfd9-c6a5-4abe-9c92-0d36fb7e13b7;2025-05-09 12:29:28.4210
0;-1;-3;8;1;0;-3;0;8f4cdfd9-c6a5-4abe-9c92-0d36fb7e13b7;2025-05-09 12:29:28.4210
0;-1;-5;-5;3;1;0;-1;8f4cdfd9-c6a5-4abe-9c92-0d36fb7e13b7;2025-05-09 12:29:28.4270
-1;-1;1;2;-1;-1;-2;-2;8f4cdfd9-c6a5-4abe-9c92-0d36fb7e13b7;2025-05-09 12:29:28.4270
0;1;-4;-1;-2;-1;-1;-1;8f4cdfd9-c6a5-4abe-9c92-0d36fb7e13b7;2025-05-09 12:29:28.4510
1;-2;-6;-6;0;-1;0;-2;8f4cdfd9-c6a5-4abe-9c92-0d36fb7e13b7;2025-05-09 12:29:28.4510
1;1;4;7;-1;1;0;-2;8f4cdfd9-c6a5-4abe-9c92-0d36fb7e13b7;2025-05-09 12:29:28.4530
-3;-2;-7;-2;-1;0;-1;0;8f4cdfd9-c6a5-4abe-9c92-0d36fb7e13b7;2025-05-09 12:29:28.4530
-1;1;10;-5;-1;1;1;-1;8f4cdfd9-c6a5-4abe-9c92-0d36fb7e13b7;2025-05-09 12:29:28.4829
-2;-2;-17;-3;1;-1;0;1;8f4cdfd9-c6a5-4abe-9c92-0d36fb7e13b7;2025-05-09 12:29:28.4829
-3;-3;-6;-7;-4;-3;-1;-2;8f4cdfd9-c6a5-4abe-9c92-0d36fb7e13b7;2025-05-09 12:29:28.4839
1;1;9;17;1;2;2;1;8f4cdfd9-c6a5-4abe-9c92-0d36fb7e13b7;2025-05-09 12:29:28.4839
-3;-4;-30;-26;-2;-2;-1;-1;8f4cdfd9-c6a5-4abe-9c92-0d36fb7e13b7;2025-05-09 12:29:28.4849
-1;0;16;11;-1;-3;-2;-2;8f4cdfd9-c6a5-4abe-9c92-0d36fb7e13b7;2025-05-09 12:29:28.4849
2;0;1;15;-1;1;1;1;8f4cdfd9-c6a5-4abe-9c92-0d36fb7e13b7;2025-05-09 12:29:28.4948
0;0;-3;-1;0;-2;-1;0;8f4cdfd9-c6a5-4abe-9c92-0d36fb7e13b7;2025-05-09 12:29:28.4948
-2;-2;-9;-6;0;1;1;0;8f4cdfd9-c6a5-4abe-9c92-0d36fb7e13b7;2025-05-09 12:29:28.5038
0;-1;-1;4;-2;0;-2;0;8f4cdfd9-c6a5-4abe-9c92-0d36fb7e13b7;2025-05-09 12:29:28.5038
0;-1;1;-11;-2;-1;-1;-1;8f4cdfd9-c6a5-4abe-9c92-0d36fb7e13b7;2025-05-09 12:29:28.5058
0;0;7;6;1;-3;-1;-3;8f4cdfd9-c6a5-4abe-9c92-0d36fb7e13b7;2025-05-09 12:29:28.5058
0;3;18;4;-5;1;1;-1;8f4cdfd9-c6a5-4abe-9c92-0d36fb7e13b7;2025-05-09 12:29:28.5258
-2;-3;0;-2;-1;-3;-1;-1;8f4cdfd9-c6a5-4abe-9c92-0d36fb7e13b7;2025-05-09 12:29:28.5258
-2;-1;-4;-9;1;-2;-1;0;8f4cdfd9-c6a5-4abe-9c92-0d36fb7e13b7;2025-05-09 12:29:28.5417
-1;0;-7;-17;0;3;1;-1;8f4cdfd9-c6a5-4abe-9c92-0d36fb7e13b7;2025-05-09 12:29:28.5417
0;-1;2;5;-1;-2;-1;-1;8f4cdfd9-c6a5-4abe-9c92-0d36fb7e13b7;2025-05-09 12:29:28.5417
-2;-2;-1;3;-2;1;0;-2;8f4cdfd9-c6a5-4abe-9c92-0d36fb7e13b7;2025-05-09 12:29:28.5417
-2;-7;-25;-7;-1;-3;-1;-3;8f4cdfd9-c6a5-4abe-9c92-0d36fb7e13b7;2025-05-09 12:29:28.5477
1;-2;7;14;-2;-1;-1;1;8f4cdfd9-c6a5-4abe-9c92-0d36fb7e13b7;2025-05-09 12:29:28.5477
0;-2;-10;-11;-1;-1;-2;-1;8f4cdfd9-c6a5-4abe-9c92-0d36fb7e13b7;2025-05-09 12:29:28.5642
0;2;20;-1;-1;1;0;0;8f4cdfd9-c6a5-4abe-9c92-0d36fb7e13b7;2025-05-09 12:29:28.5642
-1;1;-1;-1;-3;-1;0;0;8f4cdfd9-c6a5-4abe-9c92-0d36fb7e13b7;2025-05-09 12:29:28.5652
0;-1;-4;-6;-2;0;-1;-1;8f4cdfd9-c6a5-4abe-9c92-0d36fb7e13b7;2025-05-09 12:29:28.5652
-2;-1;8;17;3;-1;-1;-2;8f4cdfd9-c6a5-4abe-9c92-0d36fb7e13b7;2025-05-09 12:29:28.5861
-1;-1;0;-5;-2;-2;0;0;8f4cdfd9-c6a5-4abe-9c92-0d36fb7e13b7;2025-05-09 12:29:28.5861
-2;0;-3;-1;2;3;-2;-1;8f4cdfd9-c6a5-4abe-9c92-0d36fb7e13b7;2025-05-09 12:29:28.5881
-2;-1;-10;-2;-1;-3;-1;-1;8f4cdfd9-c6a5-4abe-9c92-0d36fb7e13b7;2025-05-09 12:29:28.5881
-2;0;15;6;0;-1;-3;-1;8f4cdfd9-c6a5-4abe-9c92-0d36fb7e13b7;2025-05-09 12:29:28.6011
0;1;8;-5;0;0;0;-1;8f4cdfd9-c6a5-4abe-9c92-0d36fb7e13b7;2025-05-09 12:29:28.6011
-4;-9;-40;-7;-6;-3;0;-1;8f4cdfd9-c6a5-4abe-9c92-0d36fb7e13b7;2025-05-09 12:29:28.6071
-1;0;14;9;-4;0;-2;-1;8f4cdfd9-c6a5-4abe-9c92-0d36fb7e13b7;2025-05-09 12:29:28.6071
1;1;-1;0;-1;-1;0;-1;8f4cdfd9-c6a5-4abe-9c92-0d36fb7e13b7;2025-05-09 12:29:28.6250
0;0;-18;-8;1;-1;-1;0;8f4cdfd9-c6a5-4abe-9c92-0d36fb7e13b7;2025-05-09 12:29:28.6250
0;1;24;10;1;1;-1;-1;8f4cdfd9-c6a5-4abe-9c92-0d36fb7e13b7;2025-05-09 12:29:28.6260
0;-1;-3;-2;0;-2;1;0;8f4cdfd9-c6a5-4abe-9c92-0d36fb7e13b7;2025-05-09 12:29:28.6260
0;2;-3;-4;-3;0;0;1;8f4cdfd9-c6a5-4abe-9c92-0d36fb7e13b7;2025-05-09 12:29:28.6470
0;-3;1;-4;-2;-2;-1;0;8f4cdfd9-c6a5-4abe-9c92-0d36fb7e13b7;2025-05-09 12:29:28.6470
0;1;5;-6;-3;-1;-1;-1;8f4cdfd9-c6a5-4abe-9c92-0d36fb7e13b7;2025-05-09 12:29:28.6490
0;-2;-10;0;6;-1;0;0;8f4cdfd9-c6a5-4abe-9c92-0d36fb7e13b7;2025-05-09 12:29:28.6490
-1;-2;2;7;1;-1;-1;0;8f4cdfd9-c6a5-4abe-9c92-0d36fb7e13b7;2025-05-09 12:29:28.6689
-2;-1;-5;-1;0;0;0;0;8f4cdfd9-c6a5-4abe-9c92-0d36fb7e13b7;2025-05-09 12:29:28.6689
0;0;7;0;-2;0;-1;0;8f4cdfd9-c6a5-4abe-9c92-0d36fb7e13b7;2025-05-09 12:29:28.6699
-1;-2;-2;-2;-1;-1;-2;-2;8f4cdfd9-c6a5-4abe-9c92-0d36fb7e13b7;2025-05-09 12:29:28.6709
0;-3;-4;-7;-3;-2;0;0;8f4cdfd9-c6a5-4abe-9c92-0d36fb7e13b7;2025-05-09 12:29:28.6829
0;0;-5;4;2;2;1;0;8f4cdfd9-c6a5-4abe-9c92-0d36fb7e13b7;2025-05-09 12:29:28.6829
0;-2;1;-2;3;-3;-1;-1;8f4cdfd9-c6a5-4abe-9c92-0d36fb7e13b7;2025-05-09 12:29:28.7058
-1;1;2;-3;-4;0;-3;-1;8f4cdfd9-c6a5-4abe-9c92-0d36fb7e13b7;2025-05-09 12:29:28.7058
-1;-2;-8;-5;-1;-3;-2;1;8f4cdfd9-c6a5-4abe-9c92-0d36fb7e13b7;2025-05-09 12:29:28.7128
1;2;13;-2;1;-1;1;-1;8f4cdfd9-c6a5-4abe-9c92-0d36fb7e13b7;2025-05-09 12:29:28.7128
0;-1;-14;-5;0;3;0;0;8f4cdfd9-c6a5-4abe-9c92-0d36fb7e13b7;2025-05-09 12:29:28.7218
-3;-3;-7;1;-5;-1;-1;-3;8f4cdfd9-c6a5-4abe-9c92-0d36fb7e13b7;2025-05-09 12:29:28.7218
-1;-2;-4;-3;-2;-2;-2;-3;8f4cdfd9-c6a5-4abe-9c92-0d36fb7e13b7;2025-05-09 12:29:28.7228
0;0;-4;6;-2;-3;-1;0;8f4cdfd9-c6a5-4abe-9c92-0d36fb7e13b7;2025-05-09 12:29:28.7228
1;1;2;-21;2;2;0;-1;8f4cdfd9-c6a5-4abe-9c92-0d36fb7e13b7;2025-05-09 12:29:28.7427
0;1;21;14;2;0;-1;0;8f4cdfd9-c6a5-4abe-9c92-0d36fb7e13b7;2025-05-09 12:29:28.7427
-2;-2;11;19;-2;0;-2;-1;8f4cdfd9-c6a5-4abe-9c92-0d36fb7e13b7;2025-05-09 12:29:28.7507
-1;-4;-14;-27;-6;-2;-2;-3;8f4cdfd9-c6a5-4abe-9c92-0d36fb7e13b7;2025-05-09 12:29:28.7507
1;1;6;4;-2;-3;0;0;8f4cdfd9-c6a5-4abe-9c92-0d36fb7e13b7;2025-05-09 12:29:28.7806
-2;-3;-8;-11;-4;-1;1;0;8f4cdfd9-c6a5-4abe-9c92-0d36fb7e13b7;2025-05-09 12:29:28.7806
0;1;1;2;-1;0;2;-1;8f4cdfd9-c6a5-4abe-9c92-0d36fb7e13b7;2025-05-09 12:29:28.8025
-1;-1;0;10;3;2;-1;0;8f4cdfd9-c6a5-4abe-9c92-0d36fb7e13b7;2025-05-09 12:29:28.8035
-3;0;5;2;-1;-2;-3;-3;8f4cdfd9-c6a5-4abe-9c92-0d36fb7e13b7;2025-05-09 12:29:28.8175
1;-1;-4;-8;0;0;-2;-1;8f4cdfd9-c6a5-4abe-9c92-0d36fb7e13b7;2025-05-09 12:29:28.8175
0;1;2;2;1;-1;-1;-2;8f4cdfd9-c6a5-4abe-9c92-0d36fb7e13b7;2025-05-09 12:29:28.8325
-2;-2;1;-1;-2;-1;-1;-2;8f4cdfd9-c6a5-4abe-9c92-0d36fb7e13b7;2025-05-09 12:29:28.8335
-2;-1;-8;-1;-1;-1;1;0;8f4cdfd9-c6a5-4abe-9c92-0d36fb7e13b7;2025-05-09 12:29:28.8474
0;0;3;4;1;-1;0;0;8f4cdfd9-c6a5-4abe-9c92-0d36fb7e13b7;2025-05-09 12:29:28.8484
-2;-3;-15;5;-3;-1;-2;-2;8f4cdfd9-c6a5-4abe-9c92-0d36fb7e13b7;2025-05-09 12:29:28.8574
0;0;16;-10;-3;0;-1;0;8f4cdfd9-c6a5-4abe-9c92-0d36fb7e13b7;2025-05-09 12:29:28.8574
1;2;14;8;5;0;1;0;8f4cdfd9-c6a5-4abe-9c92-0d36fb7e13b7;2025-05-09 12:29:28.8594
-1;-1;13;-14;-2;-1;0;-2;8f4cdfd9-c6a5-4abe-9c92-0d36fb7e13b7;2025-05-09 12:29:28.8594
-1;-6;-30;1;-4;-2;0;-1;8f4cdfd9-c6a5-4abe-9c92-0d36fb7e13b7;2025-05-09 12:29:28.8604
0;-1;3;6;2;1;-1;0;8f4cdfd9-c6a5-4abe-9c92-0d36fb7e13b7;2025-05-09 12:29:28.8604
1;0;12;-5;1;-1;-1;-1;8f4cdfd9-c6a5-4abe-9c92-0d36fb7e13b7;2025-05-09 12:29:28.8773
-1;-1;8;3;-5;-3;-1;-1;8f4cdfd9-c6a5-4abe-9c92-0d36fb7e13b7;2025-05-09 12:29:28.8783
0;-4;-28;-3;-3;-1;-1;-1;8f4cdfd9-c6a5-4abe-9c92-0d36fb7e13b7;2025-05-09 12:29:28.8943
-2;1;17;1;-2;-1;-1;-1;8f4cdfd9-c6a5-4abe-9c92-0d36fb7e13b7;2025-05-09 12:29:28.8943
-1;0;4;-10;-1;-2;0;2;8f4cdfd9-c6a5-4abe-9c92-0d36fb7e13b7;2025-05-09 12:29:28.8953
0;-1;-19;7;1;-3;-1;-2;8f4cdfd9-c6a5-4abe-9c92-0d36fb7e13b7;2025-05-09 12:29:28.8953
0;1;14;-1;-5;-3;-1;-1;8f4cdfd9-c6a5-4abe-9c92-0d36fb7e13b7;2025-05-09 12:29:28.8963
-1;1;-1;4;-2;4;0;0;8f4cdfd9-c6a5-4abe-9c92-0d36fb7e13b7;2025-05-09 12:29:28.8973
-1;-1;-11;-3;1;1;-1;0;8f4cdfd9-c6a5-4abe-9c92-0d36fb7e13b7;2025-05-09 12:29:28.9003
0;1;-1;-3;0;-2;-1;-1;8f4cdfd9-c6a5-4abe-9c92-0d36fb7e13b7;2025-05-09 12:29:28.9003
0;-2;12;-3;-3;-2;-2;-1;8f4cdfd9-c6a5-4abe-9c92-0d36fb7e13b7;2025-05-09 12:29:28.9152
0;-5;-11;14;6;-1;1;0;8f4cdfd9-c6a5-4abe-9c92-0d36fb7e13b7;2025-05-09 12:29:28.9152
-1;0;3;-15;-4;-2;-1;-1;8f4cdfd9-c6a5-4abe-9c92-0d36fb7e13b7;2025-05-09 12:29:28.9242
-1;1;6;3;2;2;1;0;8f4cdfd9-c6a5-4abe-9c92-0d36fb7e13b7;2025-05-09 12:29:28.9242
0;1;12;6;-2;-1;0;-2;8f4cdfd9-c6a5-4abe-9c92-0d36fb7e13b7;2025-05-09 12:29:28.9252
0;1;27;-1;-3;-2;-1;-2;8f4cdfd9-c6a5-4abe-9c92-0d36fb7e13b7;2025-05-09 12:29:28.9252
-1;-7;-63;-11;-3;-2;-3;-1;8f4cdfd9-c6a5-4abe-9c92-0d36fb7e13b7;2025-05-09 12:29:28.9452
0;1;4;1;-1;-1;1;0;8f4cdfd9-c6a5-4abe-9c92-0d36fb7e13b7;2025-05-09 12:29:28.9452
-1;0;-5;-1;-3;1;-1;-2;8f4cdfd9-c6a5-4abe-9c92-0d36fb7e13b7;2025-05-09 12:29:28.9541
-1;-3;4;0;1;0;-1;1;8f4cdfd9-c6a5-4abe-9c92-0d36fb7e13b7;2025-05-09 12:29:28.9541
-1;1;28;13;0;-1;-1;0;8f4cdfd9-c6a5-4abe-9c92-0d36fb7e13b7;2025-05-09 12:29:28.9601
-2;-3;-21;-8;-7;-4;-2;-2;8f4cdfd9-c6a5-4abe-9c92-0d36fb7e13b7;2025-05-09 12:29:28.9601
3;1;4;4;8;0;-1;1;8f4cdfd9-c6a5-4abe-9c92-0d36fb7e13b7;2025-05-09 12:29:28.9691
-1;0;-9;-8;-1;0;-3;-1;8f4cdfd9-c6a5-4abe-9c92-0d36fb7e13b7;2025-05-09 12:29:28.9691
-1;-2;3;-4;1;0;0;1;8f4cdfd9-c6a5-4abe-9c92-0d36fb7e13b7;2025-05-09 12:29:28.9831
-1;-2;-11;-6;-3;-2;-1;-2;8f4cdfd9-c6a5-4abe-9c92-0d36fb7e13b7;2025-05-09 12:29:28.9831
0;1;21;6;0;-1;-7;-5;8f4cdfd9-c6a5-4abe-9c92-0d36fb7e13b7;2025-05-09 12:29:29.0050
-1;-2;-15;1;-1;-1;5;3;8f4cdfd9-c6a5-4abe-9c92-0d36fb7e13b7;2025-05-09 12:29:29.0050
-2;-2;-8;-10;2;1;1;-1;8f4cdfd9-c6a5-4abe-9c92-0d36fb7e13b7;2025-05-09 12:29:29.0130
-1;2;34;18;2;1;0;1;8f4cdfd9-c6a5-4abe-9c92-0d36fb7e13b7;2025-05-09 12:29:29.0130
-1;-1;-21;-13;-4;-2;0;0;8f4cdfd9-c6a5-4abe-9c92-0d36fb7e13b7;2025-05-09 12:29:29.0299
0;4;9;11;3;0;-4;-1;8f4cdfd9-c6a5-4abe-9c92-0d36fb7e13b7;2025-05-09 12:29:29.0299
-1;-2;-14;-19;-2;-1;0;-2;8f4cdfd9-c6a5-4abe-9c92-0d36fb7e13b7;2025-05-09 12:29:29.0309
-1;-1;11;7;-4;-2;0;-1;8f4cdfd9-c6a5-4abe-9c92-0d36fb7e13b7;2025-05-09 12:29:29.0309
-1;-1;12;6;-2;1;1;-1;8f4cdfd9-c6a5-4abe-9c92-0d36fb7e13b7;2025-05-09 12:29:29.0369
-1;-2;-12;0;-2;-2;-3;-3;8f4cdfd9-c6a5-4abe-9c92-0d36fb7e13b7;2025-05-09 12:29:29.0369
1;2;16;5;2;-1;1;1;8f4cdfd9-c6a5-4abe-9c92-0d36fb7e13b7;2025-05-09 12:29:29.0429
-2;-3;-16;-9;-1;0;-1;-3;8f4cdfd9-c6a5-4abe-9c92-0d36fb7e13b7;2025-05-09 12:29:29.0429
-1;1;3;1;-1;0;1;2;8f4cdfd9-c6a5-4abe-9c92-0d36fb7e13b7;2025-05-09 12:29:29.0579
0;-2;2;-16;-3;-2;-2;-1;8f4cdfd9-c6a5-4abe-9c92-0d36fb7e13b7;2025-05-09 12:29:29.0579
-1;-1;-3;2;2;-1;0;-1;8f4cdfd9-c6a5-4abe-9c92-0d36fb7e13b7;2025-05-09 12:29:29.0658
-1;-6;-9;1;-2;-1;1;-1;8f4cdfd9-c6a5-4abe-9c92-0d36fb7e13b7;2025-05-09 12:29:29.0658
0;1;-10;-6;0;-1;-1;1;8f4cdfd9-c6a5-4abe-9c92-0d36fb7e13b7;2025-05-09 12:29:29.0888
0;1;0;-6;-5;-2;0;-1;8f4cdfd9-c6a5-4abe-9c92-0d36fb7e13b7;2025-05-09 12:29:29.0898
-1;0;-4;-3;-2;0;-2;-1;8f4cdfd9-c6a5-4abe-9c92-0d36fb7e13b7;2025-05-09 12:29:29.0898
0;0;4;-1;3;0;-1;0;8f4cdfd9-c6a5-4abe-9c92-0d36fb7e13b7;2025-05-09 12:29:29.0898
-1;-2;-5;4;-1;0;0;0;8f4cdfd9-c6a5-4abe-9c92-0d36fb7e13b7;2025-05-09 12:29:29.0948
-1;-1;4;-4;-1;-3;-2;-1;8f4cdfd9-c6a5-4abe-9c92-0d36fb7e13b7;2025-05-09 12:29:29.0948
-1;1;15;12;-3;-3;0;1;8f4cdfd9-c6a5-4abe-9c92-0d36fb7e13b7;2025-05-09 12:29:29.1037
-2;-2;-13;-4;4;1;-1;-2;8f4cdfd9-c6a5-4abe-9c92-0d36fb7e13b7;2025-05-09 12:29:29.1037
-2;0;-1;-3;-1;0;0;-1;8f4cdfd9-c6a5-4abe-9c92-0d36fb7e13b7;2025-05-09 12:29:29.1057
0;-4;-16;-6;-3;1;-2;-2;8f4cdfd9-c6a5-4abe-9c92-0d36fb7e13b7;2025-05-09 12:29:29.1057
-2;0;3;4;-2;0;-1;-1;8f4cdfd9-c6a5-4abe-9c92-0d36fb7e13b7;2025-05-09 12:29:29.1257
-1;1;6;0;0;-1;0;2;8f4cdfd9-c6a5-4abe-9c92-0d36fb7e13b7;2025-05-09 12:29:29.1257
-1;-1;-3;-6;0;-4;0;0;8f4cdfd9-c6a5-4abe-9c92-0d36fb7e13b7;2025-05-09 12:29:29.1416
-1;0;-14;1;-3;1;0;1;8f4cdfd9-c6a5-4abe-9c92-0d36fb7e13b7;2025-05-09 12:29:29.1416
-1;-3;1;-4;2;-1;0;-1;8f4cdfd9-c6a5-4abe-9c92-0d36fb7e13b7;2025-05-09 12:29:29.1476
0;0;0;-2;-1;-2;-2;0;8f4cdfd9-c6a5-4abe-9c92-0d36fb7e13b7;2025-05-09 12:29:29.1476
-2;-1;4;4;-5;-1;1;-1;8f4cdfd9-c6a5-4abe-9c92-0d36fb7e13b7;2025-05-09 12:29:29.1561
-1;3;22;3;-2;-2;-2;0;8f4cdfd9-c6a5-4abe-9c92-0d36fb7e13b7;2025-05-09 12:29:29.1561
0;-3;-19;-6;2;1;-1;0;8f4cdfd9-c6a5-4abe-9c92-0d36fb7e13b7;2025-05-09 12:29:29.1631
-1;0;6;15;-2;0;0;-2;8f4cdfd9-c6a5-4abe-9c92-0d36fb7e13b7;2025-05-09 12:29:29.1631
-1;-2;0;-2;1;0;-2;-1;8f4cdfd9-c6a5-4abe-9c92-0d36fb7e13b7;2025-05-09 12:29:29.1721
1;0;-19;-12;-1;-1;0;-2;8f4cdfd9-c6a5-4abe-9c92-0d36fb7e13b7;2025-05-09 12:29:29.1721
1;1;35;14;-3;-3;-3;-1;8f4cdfd9-c6a5-4abe-9c92-0d36fb7e13b7;2025-05-09 12:29:29.1850
-2;-2;0;-19;1;-1;1;0;8f4cdfd9-c6a5-4abe-9c92-0d36fb7e13b7;2025-05-09 12:29:29.1850
0;-1;-6;-2;-3;-2;0;-2;8f4cdfd9-c6a5-4abe-9c92-0d36fb7e13b7;2025-05-09 12:29:29.1940
-3;-1;-16;0;-2;-1;0;0;8f4cdfd9-c6a5-4abe-9c92-0d36fb7e13b7;2025-05-09 12:29:29.1940
-1;-3;-4;0;-1;0;-3;-1;8f4cdfd9-c6a5-4abe-9c92-0d36fb7e13b7;2025-05-09 12:29:29.2080
-2;1;-1;0;4;0;0;0;8f4cdfd9-c6a5-4abe-9c92-0d36fb7e13b7;2025-05-09 12:29:29.2080
0;-1;-10;-2;-2;-1;-2;0;8f4cdfd9-c6a5-4abe-9c92-0d36fb7e13b7;2025-05-09 12:29:29.2249
0;-1;-5;-3;2;-2;-1;0;8f4cdfd9-c6a5-4abe-9c92-0d36fb7e13b7;2025-05-09 12:29:29.2249
0;1;0;2;0;2;0;0;8f4cdfd9-c6a5-4abe-9c92-0d36fb7e13b7;2025-05-09 12:29:29.2259
-1;-3;-10;-2;-4;0;0;-1;8f4cdfd9-c6a5-4abe-9c92-0d36fb7e13b7;2025-05-09 12:29:29.2259
-1;-2;12;-2;0;-2;-1;-2;8f4cdfd9-c6a5-4abe-9c92-0d36fb7e13b7;2025-05-09 12:29:29.2449
-1;-1;4;5;3;0;1;-3;8f4cdfd9-c6a5-4abe-9c92-0d36fb7e13b7;2025-05-09 12:29:29.2459
-3;-2;-16;-3;-4;-3;-2;-1;8f4cdfd9-c6a5-4abe-9c92-0d36fb7e13b7;2025-05-09 12:29:29.2534
-1;1;16;3;1;-3;-2;-1;8f4cdfd9-c6a5-4abe-9c92-0d36fb7e13b7;2025-05-09 12:29:29.2544
-1;-3;-11;-1;6;4;1;2;8f4cdfd9-c6a5-4abe-9c92-0d36fb7e13b7;2025-05-09 12:29:29.2553
-2;-2;0;-5;-4;-1;-1;-1;8f4cdfd9-c6a5-4abe-9c92-0d36fb7e13b7;2025-05-09 12:29:29.2553
0;2;25;6;1;-1;0;-1;8f4cdfd9-c6a5-4abe-9c92-0d36fb7e13b7;2025-05-09 12:29:29.2693
-2;-2;-39;-13;-2;0;-4;-2;8f4cdfd9-c6a5-4abe-9c92-0d36fb7e13b7;2025-05-09 12:29:29.2693
-2;-1;2;0;-7;-2;-2;-2;8f4cdfd9-c6a5-4abe-9c92-0d36fb7e13b7;2025-05-09 12:29:29.2703
0;1;4;2;4;2;-1;-1;8f4cdfd9-c6a5-4abe-9c92-0d36fb7e13b7;2025-05-09 12:29:29.2703
0;-5;-8;3;-1;-4;-3;-2;8f4cdfd9-c6a5-4abe-9c92-0d36fb7e13b7;2025-05-09 12:29:29.2833
1;1;13;-17;-4;-2;0;0;8f4cdfd9-c6a5-4abe-9c92-0d36fb7e13b7;2025-05-09 12:29:29.2833
-1;-1;-2;27;0;-3;-1;-1;8f4cdfd9-c6a5-4abe-9c92-0d36fb7e13b7;2025-05-09 12:29:29.3052
0;-3;-4;-2;0;2;0;0;8f4cdfd9-c6a5-4abe-9c92-0d36fb7e13b7;2025-05-09 12:29:29.3052
0;4;11;9;0;0;1;-3;8f4cdfd9-c6a5-4abe-9c92-0d36fb7e13b7;2025-05-09 12:29:29.3132
-2;-2;-5;-4;-1;-2;0;0;8f4cdfd9-c6a5-4abe-9c92-0d36fb7e13b7;2025-05-09 12:29:29.3132
-2;2;-2;-14;-3;1;0;-1;8f4cdfd9-c6a5-4abe-9c92-0d36fb7e13b7;2025-05-09 12:29:29.3302
1;1;9;3;1;1;-1;1;8f4cdfd9-c6a5-4abe-9c92-0d36fb7e13b7;2025-05-09 12:29:29.3302
0;-4;-8;-9;-3;0;0;0;8f4cdfd9-c6a5-4abe-9c92-0d36fb7e13b7;2025-05-09 12:29:29.3312
-1;-1;-18;-2;0;-1;-1;-1;8f4cdfd9-c6a5-4abe-9c92-0d36fb7e13b7;2025-05-09 12:29:29.3312
-1;0;14;-2;0;-2;1;-1;8f4cdfd9-c6a5-4abe-9c92-0d36fb7e13b7;2025-05-09 12:29:29.3361
-2;-4;-13;8;-1;-3;-2;-2;8f4cdfd9-c6a5-4abe-9c92-0d36fb7e13b7;2025-05-09 12:29:29.3361
1;1;0;-6;3;-1;2;1;8f4cdfd9-c6a5-4abe-9c92-0d36fb7e13b7;2025-05-09 12:29:29.3431
-3;-4;15;1;-5;-1;-2;-2;8f4cdfd9-c6a5-4abe-9c92-0d36fb7e13b7;2025-05-09 12:29:29.3431
1;0;22;13;-1;1;-2;-1;8f4cdfd9-c6a5-4abe-9c92-0d36fb7e13b7;2025-05-09 12:29:29.3501
-2;-3;-20;-14;-2;-2;-1;-1;8f4cdfd9-c6a5-4abe-9c92-0d36fb7e13b7;2025-05-09 12:29:29.3501
-1;-1;-7;-7;-2;0;-2;1;8f4cdfd9-c6a5-4abe-9c92-0d36fb7e13b7;2025-05-09 12:29:29.3666
0;1;-6;14;1;0;1;1;8f4cdfd9-c6a5-4abe-9c92-0d36fb7e13b7;2025-05-09 12:29:29.3666
0;-1;14;-6;-4;-1;-2;-1;8f4cdfd9-c6a5-4abe-9c92-0d36fb7e13b7;2025-05-09 12:29:29.3676
-1;-4;-9;-3;1;-1;0;-2;8f4cdfd9-c6a5-4abe-9c92-0d36fb7e13b7;2025-05-09 12:29:29.3676
0;5;11;-13;-3;-1;-1;1;8f4cdfd9-c6a5-4abe-9c92-0d36fb7e13b7;2025-05-09 12:29:29.3895
1;-3;-23;26;2;0;-1;0;8f4cdfd9-c6a5-4abe-9c92-0d36fb7e13b7;2025-05-09 12:29:29.3895
-2;-1;-6;4;4;0;-1;-1;8f4cdfd9-c6a5-4abe-9c92-0d36fb7e13b7;2025-05-09 12:29:29.3905
-1;-5;-18;-6;-2;-1;-2;0;8f4cdfd9-c6a5-4abe-9c92-0d36fb7e13b7;2025-05-09 12:29:29.3905
-2;-2;4;-11;3;-1;1;0;8f4cdfd9-c6a5-4abe-9c92-0d36fb7e13b7;2025-05-09 12:29:29.4035
1;0;22;-10;-5;2;-2;-1;8f4cdfd9-c6a5-4abe-9c92-0d36fb7e13b7;2025-05-09 12:29:29.4035
0;-1;-13;1;-4;-2;0;-1;8f4cdfd9-c6a5-4abe-9c92-0d36fb7e13b7;2025-05-09 12:29:29.4095
-1;0;14;1;4;-1;-1;0;8f4cdfd9-c6a5-4abe-9c92-0d36fb7e13b7;2025-05-09 12:29:29.4105
-1;-1;-9;5;-1;-2;0;-2;8f4cdfd9-c6a5-4abe-9c92-0d36fb7e13b7;2025-05-09 12:29:29.4264
-2;0;5;0;-2;-2;-1;-1;8f4cdfd9-c6a5-4abe-9c92-0d36fb7e13b7;2025-05-09 12:29:29.4264
0;-2;-9;-4;-1;0;0;0;8f4cdfd9-c6a5-4abe-9c92-0d36fb7e13b7;2025-05-09 12:29:29.4324
-1;1;-1;-3;-3;0;-1;0;8f4cdfd9-c6a5-4abe-9c92-0d36fb7e13b7;2025-05-09 12:29:29.4324
-1;-1;-3;-1;-2;-1;-2;0;8f4cdfd9-c6a5-4abe-9c92-0d36fb7e13b7;2025-05-09 12:29:29.4558
0;1;6;14;4;1;0;-2;8f4cdfd9-c6a5-4abe-9c92-0d36fb7e13b7;2025-05-09 12:29:29.4558
-2;0;1;-11;-1;-1;1;0;8f4cdfd9-c6a5-4abe-9c92-0d36fb7e13b7;2025-05-09 12:29:29.4578
-1;-3;2;-1;-3;-2;0;-1;8f4cdfd9-c6a5-4abe-9c92-0d36fb7e13b7;2025-05-09 12:29:29.4578
-2;0;-17;-1;-1;-1;-2;-4;8f4cdfd9-c6a5-4abe-9c92-0d36fb7e13b7;2025-05-09 12:29:29.4628
-1;-4;0;-11;-3;-1;-1;-1;8f4cdfd9-c6a5-4abe-9c92-0d36fb7e13b7;2025-05-09 12:29:29.4628
0;0;0;-7;-2;0;-1;-2;8f4cdfd9-c6a5-4abe-9c92-0d36fb7e13b7;2025-05-09 12:29:29.4698
0;1;-3;21;0;-1;0;0;8f4cdfd9-c6a5-4abe-9c92-0d36fb7e13b7;2025-05-09 12:29:29.4698
0;0;4;-4;1;1;1;-1;8f4cdfd9-c6a5-4abe-9c92-0d36fb7e13b7;2025-05-09 12:29:29.4868
-1;-4;-20;-13;-5;-2;0;-3;8f4cdfd9-c6a5-4abe-9c92-0d36fb7e13b7;2025-05-09 12:29:29.4868
-1;-3;4;8;0;-3;-2;0;8f4cdfd9-c6a5-4abe-9c92-0d36fb7e13b7;2025-05-09 12:29:29.4888
-1;-1;-18;-20;-2;0;-2;0;8f4cdfd9-c6a5-4abe-9c92-0d36fb7e13b7;2025-05-09 12:29:29.4888
-1;-3;-15;10;-6;-1;-2;-1;8f4cdfd9-c6a5-4abe-9c92-0d36fb7e13b7;2025-05-09 12:29:29.5097
-1;0;12;-1;4;0;-1;0;8f4cdfd9-c6a5-4abe-9c92-0d36fb7e13b7;2025-05-09 12:29:29.5097
-1;-1;0;-2;-1;-2;0;-1;8f4cdfd9-c6a5-4abe-9c92-0d36fb7e13b7;2025-05-09 12:29:29.5107
0;-1;2;2;0;0;0;0;8f4cdfd9-c6a5-4abe-9c92-0d36fb7e13b7;2025-05-09 12:29:29.5107
0;-4;1;4;-5;-2;-2;-1;8f4cdfd9-c6a5-4abe-9c92-0d36fb7e13b7;2025-05-09 12:29:29.5237
2;5;8;-4;5;2;-1;0;8f4cdfd9-c6a5-4abe-9c92-0d36fb7e13b7;2025-05-09 12:29:29.5237
-3;-8;-15;-7;-1;-1;-2;-2;8f4cdfd9-c6a5-4abe-9c92-0d36fb7e13b7;2025-05-09 12:29:29.5296
-2;-2;15;-1;-3;-2;0;-1;8f4cdfd9-c6a5-4abe-9c92-0d36fb7e13b7;2025-05-09 12:29:29.5296
0;-3;-2;-7;-4;0;-1;-3;8f4cdfd9-c6a5-4abe-9c92-0d36fb7e13b7;2025-05-09 12:29:29.5466
0;2;8;3;-3;-2;0;0;8f4cdfd9-c6a5-4abe-9c92-0d36fb7e13b7;2025-05-09 12:29:29.5466
0;1;-5;0;-1;-1;-2;-1;8f4cdfd9-c6a5-4abe-9c92-0d36fb7e13b7;2025-05-09 12:29:29.5486
-3;-5;-2;-5;-1;-2;0;-3;8f4cdfd9-c6a5-4abe-9c92-0d36fb7e13b7;2025-05-09 12:29:29.5486
-2;-4;3;3;-1;-2;-2;0;8f4cdfd9-c6a5-4abe-9c92-0d36fb7e13b7;2025-05-09 12:29:29.5690
1;4;-10;4;0;0;0;0;8f4cdfd9-c6a5-4abe-9c92-0d36fb7e13b7;2025-05-09 12:29:29.5690
-3;-10;1;-12;0;-3;0;-1;8f4cdfd9-c6a5-4abe-9c92-0d36fb7e13b7;2025-05-09 12:29:29.5700
-1;-1;15;18;3;-2;-3;-1;8f4cdfd9-c6a5-4abe-9c92-0d36fb7e13b7;2025-05-09 12:29:29.5700
0;4;0;4;1;0;0;-1;8f4cdfd9-c6a5-4abe-9c92-0d36fb7e13b7;2025-05-09 12:29:29.5820
2;11;6;8;3;1;0;0;8f4cdfd9-c6a5-4abe-9c92-0d36fb7e13b7;2025-05-09 12:29:29.5830
-4;-13;22;-5;-3;-2;-3;-1;8f4cdfd9-c6a5-4abe-9c92-0d36fb7e13b7;2025-05-09 12:29:29.5980
-2;-9;-26;-18;-5;-2;-2;-3;8f4cdfd9-c6a5-4abe-9c92-0d36fb7e13b7;2025-05-09 12:29:29.5980
1;4;-3;-1;2;-2;-1;1;8f4cdfd9-c6a5-4abe-9c92-0d36fb7e13b7;2025-05-09 12:29:29.6049
-4;-13;-13;-5;-2;0;-3;-2;8f4cdfd9-c6a5-4abe-9c92-0d36fb7e13b7;2025-05-09 12:29:29.6059
7;29;11;15;7;3;2;4;8f4cdfd9-c6a5-4abe-9c92-0d36fb7e13b7;2025-05-09 12:29:29.6209
0;4;11;1;0;0;0;-1;8f4cdfd9-c6a5-4abe-9c92-0d36fb7e13b7;2025-05-09 12:29:29.6209
-5;-14;2;-6;-3;1;1;-2;8f4cdfd9-c6a5-4abe-9c92-0d36fb7e13b7;2025-05-09 12:29:29.6279
1;3;-3;0;-3;-4;-1;-2;8f4cdfd9-c6a5-4abe-9c92-0d36fb7e13b7;2025-05-09 12:29:29.6279
-4;-23;-20;-8;-3;2;-3;-3;8f4cdfd9-c6a5-4abe-9c92-0d36fb7e13b7;2025-05-09 12:29:29.6289
2;11;15;3;2;0;1;-1;8f4cdfd9-c6a5-4abe-9c92-0d36fb7e13b7;2025-05-09 12:29:29.6289
1;5;-2;13;1;-2;-1;0;8f4cdfd9-c6a5-4abe-9c92-0d36fb7e13b7;2025-05-09 12:29:29.6508
-4;-5;5;-20;-2;1;-1;-1;8f4cdfd9-c6a5-4abe-9c92-0d36fb7e13b7;2025-05-09 12:29:29.6508
0;13;4;6;0;0;0;2;8f4cdfd9-c6a5-4abe-9c92-0d36fb7e13b7;2025-05-09 12:29:29.6653
-1;-3;-7;-3;-2;-2;-2;-3;8f4cdfd9-c6a5-4abe-9c92-0d36fb7e13b7;2025-05-09 12:29:29.6653
-1;-5;1;0;1;0;0;1;8f4cdfd9-c6a5-4abe-9c92-0d36fb7e13b7;2025-05-09 12:29:29.6808
-1;-1;-4;3;-1;-1;-1;-2;8f4cdfd9-c6a5-4abe-9c92-0d36fb7e13b7;2025-05-09 12:29:29.6808
1;0;-5;4;-1;-1;-1;0;8f4cdfd9-c6a5-4abe-9c92-0d36fb7e13b7;2025-05-09 12:29:29.6897
0;5;13;-8;-1;0;-3;-1;8f4cdfd9-c6a5-4abe-9c92-0d36fb7e13b7;2025-05-09 12:29:29.6897
0;9;9;0;1;-2;-1;-1;8f4cdfd9-c6a5-4abe-9c92-0d36fb7e13b7;2025-05-09 12:29:29.6907
-2;-11;2;-6;-2;0;0;1;8f4cdfd9-c6a5-4abe-9c92-0d36fb7e13b7;2025-05-09 12:29:29.6907
-3;-10;-13;-2;-5;-3;0;-3;8f4cdfd9-c6a5-4abe-9c92-0d36fb7e13b7;2025-05-09 12:29:29.6917
2;13;8;10;1;0;0;3;8f4cdfd9-c6a5-4abe-9c92-0d36fb7e13b7;2025-05-09 12:29:29.6917
-5;-30;-15;-15;-5;-2;-2;-4;8f4cdfd9-c6a5-4abe-9c92-0d36fb7e13b7;2025-05-09 12:29:29.7107
-1;1;7;6;-4;-3;1;-1;8f4cdfd9-c6a5-4abe-9c92-0d36fb7e13b7;2025-05-09 12:29:29.7107
-2;-5;-18;-9;-4;1;1;0;8f4cdfd9-c6a5-4abe-9c92-0d36fb7e13b7;2025-05-09 12:29:29.7182
-3;-18;-10;-3;-5;-1;-3;-2;8f4cdfd9-c6a5-4abe-9c92-0d36fb7e13b7;2025-05-09 12:29:29.7182
-3;-11;-16;-11;-2;3;2;-2;8f4cdfd9-c6a5-4abe-9c92-0d36fb7e13b7;2025-05-09 12:29:29.7327
-2;-12;-19;-15;0;0;-2;-2;8f4cdfd9-c6a5-4abe-9c92-0d36fb7e13b7;2025-05-09 12:29:29.7327
1;4;-3;16;0;-2;-2;0;8f4cdfd9-c6a5-4abe-9c92-0d36fb7e13b7;2025-05-09 12:29:29.7407
0;2;0;-15;-1;-1;-1;0;8f4cdfd9-c6a5-4abe-9c92-0d36fb7e13b7;2025-05-09 12:29:29.7407
2;13;30;16;2;0;-1;1;8f4cdfd9-c6a5-4abe-9c92-0d36fb7e13b7;2025-05-09 12:29:29.7562
0;2;-23;-6;-1;0;0;0;8f4cdfd9-c6a5-4abe-9c92-0d36fb7e13b7;2025-05-09 12:29:29.7562
-1;6;8;3;1;0;-2;-1;8f4cdfd9-c6a5-4abe-9c92-0d36fb7e13b7;2025-05-09 12:29:29.7572
1;2;1;3;-1;0;0;-1;8f4cdfd9-c6a5-4abe-9c92-0d36fb7e13b7;2025-05-09 12:29:29.7572
0;8;7;6;0;-3;-3;-1;8f4cdfd9-c6a5-4abe-9c92-0d36fb7e13b7;2025-05-09 12:29:29.7781
-2;-5;-14;-9;-3;-1;0;2;8f4cdfd9-c6a5-4abe-9c92-0d36fb7e13b7;2025-05-09 12:29:29.7781
-3;-17;-2;0;3;1;0;-1;8f4cdfd9-c6a5-4abe-9c92-0d36fb7e13b7;2025-05-09 12:29:29.7851
-3;-9;-6;-3;-4;-1;0;1;8f4cdfd9-c6a5-4abe-9c92-0d36fb7e13b7;2025-05-09 12:29:29.7851
1;8;1;-1;3;-2;-2;0;8f4cdfd9-c6a5-4abe-9c92-0d36fb7e13b7;2025-05-09 12:29:29.8011
-5;-19;0;4;-6;-4;-2;-1;8f4cdfd9-c6a5-4abe-9c92-0d36fb7e13b7;2025-05-09 12:29:29.8011
-2;5;0;-11;-3;0;-1;-2;8f4cdfd9-c6a5-4abe-9c92-0d36fb7e13b7;2025-05-09 12:29:29.8021
0;-2;6;8;6;2;3;0;8f4cdfd9-c6a5-4abe-9c92-0d36fb7e13b7;2025-05-09 12:29:29.8021
0;-2;2;-8;-2;-1;-1;-1;8f4cdfd9-c6a5-4abe-9c92-0d36fb7e13b7;2025-05-09 12:29:29.8080
3;11;-12;3;2;3;0;-2;8f4cdfd9-c6a5-4abe-9c92-0d36fb7e13b7;2025-05-09 12:29:29.8080
-2;-1;1;-6;-2;-2;-3;-2;8f4cdfd9-c6a5-4abe-9c92-0d36fb7e13b7;2025-05-09 12:29:29.8150
-2;-3;-3;-6;-2;-3;1;-1;8f4cdfd9-c6a5-4abe-9c92-0d36fb7e13b7;2025-05-09 12:29:29.8150
2;9;5;22;0;0;1;0;8f4cdfd9-c6a5-4abe-9c92-0d36fb7e13b7;2025-05-09 12:29:29.8529
-4;-3;0;-29;-14;-7;0;-3;8f4cdfd9-c6a5-4abe-9c92-0d36fb7e13b7;2025-05-09 12:29:29.8529
0;2;-2;-3;7;4;4;1;8f4cdfd9-c6a5-4abe-9c92-0d36fb7e13b7;2025-05-09 12:29:29.8629
5;8;-1;12;11;5;2;3;8f4cdfd9-c6a5-4abe-9c92-0d36fb7e13b7;2025-05-09 12:29:29.8629
-7;-10;-11;-8;-18;-15;-10;-5;8f4cdfd9-c6a5-4abe-9c92-0d36fb7e13b7;2025-05-09 12:29:29.8639
3;17;15;24;12;9;3;0;8f4cdfd9-c6a5-4abe-9c92-0d36fb7e13b7;2025-05-09 12:29:29.8639
3;6;18;13;14;4;-2;3;8f4cdfd9-c6a5-4abe-9c92-0d36fb7e13b7;2025-05-09 12:29:29.8649
-6;-7;-46;-28;-21;-16;-3;-3;8f4cdfd9-c6a5-4abe-9c92-0d36fb7e13b7;2025-05-09 12:29:29.8649
-5;-2;2;25;11;6;3;-4;8f4cdfd9-c6a5-4abe-9c92-0d36fb7e13b7;2025-05-09 12:29:29.8699
7;3;12;3;6;9;8;10;8f4cdfd9-c6a5-4abe-9c92-0d36fb7e13b7;2025-05-09 12:29:29.8699
1;15;-12;-1;5;4;3;1;8f4cdfd9-c6a5-4abe-9c92-0d36fb7e13b7;2025-05-09 12:29:29.8699
1;-16;24;5;2;3;1;2;8f4cdfd9-c6a5-4abe-9c92-0d36fb7e13b7;2025-05-09 12:29:29.8699
-1;-10;-31;-27;-13;-9;-2;0;8f4cdfd9-c6a5-4abe-9c92-0d36fb7e13b7;2025-05-09 12:29:29.8908
-3;-4;-16;-1;-12;-11;-7;-4;8f4cdfd9-c6a5-4abe-9c92-0d36fb7e13b7;2025-05-09 12:29:29.8908
0;-2;-6;-11;-4;1;1;-2;8f4cdfd9-c6a5-4abe-9c92-0d36fb7e13b7;2025-05-09 12:29:29.9128
-1;16;17;1;-4;-6;-5;-1;8f4cdfd9-c6a5-4abe-9c92-0d36fb7e13b7;2025-05-09 12:29:29.9128
1;-1;3;-7;-2;0;0;0;8f4cdfd9-c6a5-4abe-9c92-0d36fb7e13b7;2025-05-09 12:29:29.9228
0;4;18;8;9;5;-1;-1;8f4cdfd9-c6a5-4abe-9c92-0d36fb7e13b7;2025-05-09 12:29:29.9228
0;-3;-1;2;-2;-1;-2;1;8f4cdfd9-c6a5-4abe-9c92-0d36fb7e13b7;2025-05-09 12:29:29.9238
3;0;9;24;-2;-2;-3;-1;8f4cdfd9-c6a5-4abe-9c92-0d36fb7e13b7;2025-05-09 12:29:29.9238
-7;-1;-6;-33;-1;1;0;-3;8f4cdfd9-c6a5-4abe-9c92-0d36fb7e13b7;2025-05-09 12:29:29.9297
1;0;-3;4;4;-1;-1;0;8f4cdfd9-c6a5-4abe-9c92-0d36fb7e13b7;2025-05-09 12:29:29.9297
-4;-10;-6;-3;-11;-8;-4;-5;8f4cdfd9-c6a5-4abe-9c92-0d36fb7e13b7;2025-05-09 12:29:29.9307
-2;-2;-1;4;0;2;-1;-3;8f4cdfd9-c6a5-4abe-9c92-0d36fb7e13b7;2025-05-09 12:29:29.9307
5;5;9;10;6;6;1;1;8f4cdfd9-c6a5-4abe-9c92-0d36fb7e13b7;2025-05-09 12:29:29.9507
-1;-5;2;-3;1;-4;-4;-3;8f4cdfd9-c6a5-4abe-9c92-0d36fb7e13b7;2025-05-09 12:29:29.9507
-2;-4;-5;-3;-3;-4;-1;-1;8f4cdfd9-c6a5-4abe-9c92-0d36fb7e13b7;2025-05-09 12:29:29.9577
-1;2;-3;-7;4;3;0;-1;8f4cdfd9-c6a5-4abe-9c92-0d36fb7e13b7;2025-05-09 12:29:29.9577
0;3;2;7;-1;-1;1;0;8f4cdfd9-c6a5-4abe-9c92-0d36fb7e13b7;2025-05-09 12:29:29.9896
-5;-3;-3;-3;-3;-4;-3;-5;8f4cdfd9-c6a5-4abe-9c92-0d36fb7e13b7;2025-05-09 12:29:29.9896
-1;3;2;8;0;-2;0;-3;8f4cdfd9-c6a5-4abe-9c92-0d36fb7e13b7;2025-05-09 12:29:29.9896
-2;1;11;1;-3;0;-1;-1;8f4cdfd9-c6a5-4abe-9c92-0d36fb7e13b7;2025-05-09 12:29:29.9896
1;1;-14;-13;8;-1;0;1;8f4cdfd9-c6a5-4abe-9c92-0d36fb7e13b7;2025-05-09 12:29:29.9956
-2;1;9;5;-2;-1;-2;-1;8f4cdfd9-c6a5-4abe-9c92-0d36fb7e13b7;2025-05-09 12:29:29.9956
-2;-10;-19;-1;-1;-3;-2;-1;8f4cdfd9-c6a5-4abe-9c92-0d36fb7e13b7;2025-05-09 12:29:30.0105
-2;-7;-17;-15;-5;0;-1;-3;8f4cdfd9-c6a5-4abe-9c92-0d36fb7e13b7;2025-05-09 12:29:30.0105
-2;1;5;10;0;1;0;0;8f4cdfd9-c6a5-4abe-9c92-0d36fb7e13b7;2025-05-09 12:29:30.0345
0;3;8;2;0;0;-2;1;8f4cdfd9-c6a5-4abe-9c92-0d36fb7e13b7;2025-05-09 12:29:30.0345
1;5;20;4;3;0;-1;1;8f4cdfd9-c6a5-4abe-9c92-0d36fb7e13b7;2025-05-09 12:29:30.0355
-3;-4;-12;-12;-11;-4;-3;-2;8f4cdfd9-c6a5-4abe-9c92-0d36fb7e13b7;2025-05-09 12:29:30.0355
1;-2;-4;-2;-1;0;-1;1;8f4cdfd9-c6a5-4abe-9c92-0d36fb7e13b7;2025-05-09 12:29:30.0404
-3;-3;-1;-4;1;0;1;0;8f4cdfd9-c6a5-4abe-9c92-0d36fb7e13b7;2025-05-09 12:29:30.0404
1;1;-4;6;-10;0;0;0;8f4cdfd9-c6a5-4abe-9c92-0d36fb7e13b7;2025-05-09 12:29:30.0564
-2;-2;-3;6;11;-1;-3;-1;8f4cdfd9-c6a5-4abe-9c92-0d36fb7e13b7;2025-05-09 12:29:30.0564
2;2;1;-5;-2;1;1;0;8f4cdfd9-c6a5-4abe-9c92-0d36fb7e13b7;2025-05-09 12:29:30.0584
1;2;-1;2;-4;-3;-4;-1;8f4cdfd9-c6a5-4abe-9c92-0d36fb7e13b7;2025-05-09 12:29:30.0584
-2;-2;7;-9;-11;-3;-1;-2;8f4cdfd9-c6a5-4abe-9c92-0d36fb7e13b7;2025-05-09 12:29:30.0634
1;3;14;10;3;0;-1;2;8f4cdfd9-c6a5-4abe-9c92-0d36fb7e13b7;2025-05-09 12:29:30.0634
-1;-3;5;-1;2;-1;-1;0;8f4cdfd9-c6a5-4abe-9c92-0d36fb7e13b7;2025-05-09 12:29:30.0803
-2;-3;-5;-4;-1;0;0;-2;8f4cdfd9-c6a5-4abe-9c92-0d36fb7e13b7;2025-05-09 12:29:30.0803
0;-3;5;-4;0;-2;-1;0;8f4cdfd9-c6a5-4abe-9c92-0d36fb7e13b7;2025-05-09 12:29:30.0803
0;-1;-1;-3;-2;0;-1;-1;8f4cdfd9-c6a5-4abe-9c92-0d36fb7e13b7;2025-05-09 12:29:30.0803
0;2;-6;1;-2;0;-1;2;8f4cdfd9-c6a5-4abe-9c92-0d36fb7e13b7;2025-05-09 12:29:30.0873
-2;1;18;6;-6;0;-1;-2;8f4cdfd9-c6a5-4abe-9c92-0d36fb7e13b7;2025-05-09 12:29:30.0873
-1;-2;-22;-5;2;0;-1;0;8f4cdfd9-c6a5-4abe-9c92-0d36fb7e13b7;2025-05-09 12:29:30.0883
-2;-1;-2;-1;-1;0;1;-1;8f4cdfd9-c6a5-4abe-9c92-0d36fb7e13b7;2025-05-09 12:29:30.0883
-1;-3;-19;-7;-2;-1;-1;-3;8f4cdfd9-c6a5-4abe-9c92-0d36fb7e13b7;2025-05-09 12:29:30.1083
4;2;19;-4;1;-2;0;-1;8f4cdfd9-c6a5-4abe-9c92-0d36fb7e13b7;2025-05-09 12:29:30.1083
-3;-3;7;6;-1;-1;-1;-2;8f4cdfd9-c6a5-4abe-9c92-0d36fb7e13b7;2025-05-09 12:29:30.1232
0;1;-9;2;5;4;1;0;8f4cdfd9-c6a5-4abe-9c92-0d36fb7e13b7;2025-05-09 12:29:30.1232
0;-1;14;6;-5;-3;-2;-1;8f4cdfd9-c6a5-4abe-9c92-0d36fb7e13b7;2025-05-09 12:29:30.1302
0;-3;-7;-8;0;0;0;0;8f4cdfd9-c6a5-4abe-9c92-0d36fb7e13b7;2025-05-09 12:29:30.1302
0;1;-1;1;2;-2;-2;-1;8f4cdfd9-c6a5-4abe-9c92-0d36fb7e13b7;2025-05-09 12:29:30.1382
1;-1;5;5;0;0;-1;-1;8f4cdfd9-c6a5-4abe-9c92-0d36fb7e13b7;2025-05-09 12:29:30.1382
1;2;1;-2;3;0;1;-1;8f4cdfd9-c6a5-4abe-9c92-0d36fb7e13b7;2025-05-09 12:29:30.1542
-3;-8;-14;9;-2;-2;-1;-1;8f4cdfd9-c6a5-4abe-9c92-0d36fb7e13b7;2025-05-09 12:29:30.1542
-1;-2;-4;-17;-8;1;0;-1;8f4cdfd9-c6a5-4abe-9c92-0d36fb7e13b7;2025-05-09 12:29:30.1542
-1;1;0;-3;1;-2;-3;-3;8f4cdfd9-c6a5-4abe-9c92-0d36fb7e13b7;2025-05-09 12:29:30.1552
1;1;3;0;-1;0;1;0;8f4cdfd9-c6a5-4abe-9c92-0d36fb7e13b7;2025-05-09 12:29:30.1681
-2;-2;-4;2;1;-3;0;-2;8f4cdfd9-c6a5-4abe-9c92-0d36fb7e13b7;2025-05-09 12:29:30.1681
1;2;-2;2;0;-1;-1;-3;8f4cdfd9-c6a5-4abe-9c92-0d36fb7e13b7;2025-05-09 12:29:30.1691
-1;0;2;-1;-3;-5;0;-1;8f4cdfd9-c6a5-4abe-9c92-0d36fb7e13b7;2025-05-09 12:29:30.1691
0;1;-1;-1;6;0;-1;-1;8f4cdfd9-c6a5-4abe-9c92-0d36fb7e13b7;2025-05-09 12:29:30.1981
-1;-2;-5;-1;-4;-2;-1;0;8f4cdfd9-c6a5-4abe-9c92-0d36fb7e13b7;2025-05-09 12:29:30.1981
-3;-2;2;-1;1;0;0;1;8f4cdfd9-c6a5-4abe-9c92-0d36fb7e13b7;2025-05-09 12:29:30.2126
-1;-2;-2;0;-1;0;0;-2;8f4cdfd9-c6a5-4abe-9c92-0d36fb7e13b7;2025-05-09 12:29:30.2126
0;3;4;4;4;1;-1;-2;8f4cdfd9-c6a5-4abe-9c92-0d36fb7e13b7;2025-05-09 12:29:30.2235
-2;-2;-9;-12;-5;-2;-2;-2;8f4cdfd9-c6a5-4abe-9c92-0d36fb7e13b7;2025-05-09 12:29:30.2235
1;0;0;-5;0;-2;-2;-1;8f4cdfd9-c6a5-4abe-9c92-0d36fb7e13b7;2025-05-09 12:29:30.2245
0;-1;-11;-2;-1;-3;0;-1;8f4cdfd9-c6a5-4abe-9c92-0d36fb7e13b7;2025-05-09 12:29:30.2245
-2;0;13;5;0;-1;0;1;8f4cdfd9-c6a5-4abe-9c92-0d36fb7e13b7;2025-05-09 12:29:30.2295
1;1;7;7;2;4;0;0;8f4cdfd9-c6a5-4abe-9c92-0d36fb7e13b7;2025-05-09 12:29:30.2295
-1;-1;1;-2;1;-2;-1;-1;8f4cdfd9-c6a5-4abe-9c92-0d36fb7e13b7;2025-05-09 12:29:30.2305
0;-3;-13;0;1;0;-1;-2;8f4cdfd9-c6a5-4abe-9c92-0d36fb7e13b7;2025-05-09 12:29:30.2305
1;-1;0;-7;-4;-2;0;-1;8f4cdfd9-c6a5-4abe-9c92-0d36fb7e13b7;2025-05-09 12:29:30.2514
-2;-4;-3;-2;-1;-1;-2;-1;8f4cdfd9-c6a5-4abe-9c92-0d36fb7e13b7;2025-05-09 12:29:30.2514
1;1;-1;5;0;-1;-2;-2;8f4cdfd9-c6a5-4abe-9c92-0d36fb7e13b7;2025-05-09 12:29:30.2584
0;-1;8;-5;-3;0;0;0;8f4cdfd9-c6a5-4abe-9c92-0d36fb7e13b7;2025-05-09 12:29:30.2584
-2;-4;-2;6;-2;-1;-1;0;8f4cdfd9-c6a5-4abe-9c92-0d36fb7e13b7;2025-05-09 12:29:30.2654
0;0;4;-1;4;0;-2;0;8f4cdfd9-c6a5-4abe-9c92-0d36fb7e13b7;2025-05-09 12:29:30.2654
-1;0;2;-1;-2;-2;-1;-1;8f4cdfd9-c6a5-4abe-9c92-0d36fb7e13b7;2025-05-09 12:29:30.2664
-2;-1;-3;-2;-2;0;-1;0;8f4cdfd9-c6a5-4abe-9c92-0d36fb7e13b7;2025-05-09 12:29:30.2664
-1;-1;7;-4;-2;0;0;-2;8f4cdfd9-c6a5-4abe-9c92-0d36fb7e13b7;2025-05-09 12:29:30.2963
0;-2;-7;2;0;-1;-1;-1;8f4cdfd9-c6a5-4abe-9c92-0d36fb7e13b7;2025-05-09 12:29:30.2963
-2;-1;4;6;2;1;-1;0;8f4cdfd9-c6a5-4abe-9c92-0d36fb7e13b7;2025-05-09 12:29:30.2973
-1;-2;-8;-10;-3;1;-1;-1;8f4cdfd9-c6a5-4abe-9c92-0d36fb7e13b7;2025-05-09 12:29:30.2973
-1;-1;-1;1;-1;-2;-1;-1;8f4cdfd9-c6a5-4abe-9c92-0d36fb7e13b7;2025-05-09 12:29:30.3113
-2;-1;10;2;1;0;0;-1;8f4cdfd9-c6a5-4abe-9c92-0d36fb7e13b7;2025-05-09 12:29:30.3113
0;-3;-7;-1;-2;-1;-1;-1;8f4cdfd9-c6a5-4abe-9c92-0d36fb7e13b7;2025-05-09 12:29:30.3123
-1;0;4;-2;1;-1;-1;0;8f4cdfd9-c6a5-4abe-9c92-0d36fb7e13b7;2025-05-09 12:29:30.3123
-1;-3;-13;12;-2;-1;-1;0;8f4cdfd9-c6a5-4abe-9c92-0d36fb7e13b7;2025-05-09 12:29:30.3342
0;2;-3;-25;-2;-4;0;1;8f4cdfd9-c6a5-4abe-9c92-0d36fb7e13b7;2025-05-09 12:29:30.3342
0;0;13;10;-2;-2;0;-1;8f4cdfd9-c6a5-4abe-9c92-0d36fb7e13b7;2025-05-09 12:29:30.3342
-5;-1;8;12;1;-2;-1;-2;8f4cdfd9-c6a5-4abe-9c92-0d36fb7e13b7;2025-05-09 12:29:30.3342
0;-3;-6;-1;-2;-1;-2;-2;8f4cdfd9-c6a5-4abe-9c92-0d36fb7e13b7;2025-05-09 12:29:30.3482
0;0;-3;5;-3;-2;1;1;8f4cdfd9-c6a5-4abe-9c92-0d36fb7e13b7;2025-05-09 12:29:30.3482
0;1;-2;-10;-2;-1;0;0;8f4cdfd9-c6a5-4abe-9c92-0d36fb7e13b7;2025-05-09 12:29:30.3492
1;0;-2;-4;2;0;1;0;8f4cdfd9-c6a5-4abe-9c92-0d36fb7e13b7;2025-05-09 12:29:30.3492
0;-1;0;0;-2;-2;-2;-1;8f4cdfd9-c6a5-4abe-9c92-0d36fb7e13b7;2025-05-09 12:29:30.3711
-1;-1;-1;2;0;0;-1;1;8f4cdfd9-c6a5-4abe-9c92-0d36fb7e13b7;2025-05-09 12:29:30.3711
0;-1;-6;-6;-5;-2;-2;-2;8f4cdfd9-c6a5-4abe-9c92-0d36fb7e13b7;2025-05-09 12:29:30.3721
0;-1;1;6;3;1;0;0;8f4cdfd9-c6a5-4abe-9c92-0d36fb7e13b7;2025-05-09 12:29:30.3721
-2;0;9;-2;4;1;1;-2;8f4cdfd9-c6a5-4abe-9c92-0d36fb7e13b7;2025-05-09 12:29:30.3941
-1;-2;-6;-6;-5;-2;-2;-3;8f4cdfd9-c6a5-4abe-9c92-0d36fb7e13b7;2025-05-09 12:29:30.3941
-2;-3;-1;1;-3;-2;-3;0;8f4cdfd9-c6a5-4abe-9c92-0d36fb7e13b7;2025-05-09 12:29:30.3941
1;2;-1;-1;-2;-1;-2;-2;8f4cdfd9-c6a5-4abe-9c92-0d36fb7e13b7;2025-05-09 12:29:30.3951
0;-1;2;0;1;-1;-3;0;8f4cdfd9-c6a5-4abe-9c92-0d36fb7e13b7;2025-05-09 12:29:30.4080
0;2;2;-3;-1;1;1;-1;8f4cdfd9-c6a5-4abe-9c92-0d36fb7e13b7;2025-05-09 12:29:30.4080
1;1;3;9;5;1;1;2;8f4cdfd9-c6a5-4abe-9c92-0d36fb7e13b7;2025-05-09 12:29:30.4090
-1;0;-5;-17;0;-2;-1;1;8f4cdfd9-c6a5-4abe-9c92-0d36fb7e13b7;2025-05-09 12:29:30.4090
-1;0;11;-6;-9;-2;-1;-1;8f4cdfd9-c6a5-4abe-9c92-0d36fb7e13b7;2025-05-09 12:29:30.4330
0;-1;-7;3;3;1;-2;-1;8f4cdfd9-c6a5-4abe-9c92-0d36fb7e13b7;2025-05-09 12:29:30.4330
-1;-2;-20;-29;-2;-2;-1;-1;8f4cdfd9-c6a5-4abe-9c92-0d36fb7e13b7;2025-05-09 12:29:30.4380
-2;-3;9;21;3;-1;-1;0;8f4cdfd9-c6a5-4abe-9c92-0d36fb7e13b7;2025-05-09 12:29:30.4380
-1;-3;-20;1;-5;-1;-1;1;8f4cdfd9-c6a5-4abe-9c92-0d36fb7e13b7;2025-05-09 12:29:30.4539
-1;-2;0;0;-1;-3;-1;-1;8f4cdfd9-c6a5-4abe-9c92-0d36fb7e13b7;2025-05-09 12:29:30.4539
-1;2;17;12;3;1;0;-1;8f4cdfd9-c6a5-4abe-9c92-0d36fb7e13b7;2025-05-09 12:29:30.4614
0;-3;-28;-18;-8;-4;-2;-1;8f4cdfd9-c6a5-4abe-9c92-0d36fb7e13b7;2025-05-09 12:29:30.4614
-1;1;-7;-8;2;-3;-3;-2;8f4cdfd9-c6a5-4abe-9c92-0d36fb7e13b7;2025-05-09 12:29:30.4774
-1;-1;1;5;-2;0;-1;0;8f4cdfd9-c6a5-4abe-9c92-0d36fb7e13b7;2025-05-09 12:29:30.4784
1;0;1;-3;2;0;1;-1;8f4cdfd9-c6a5-4abe-9c92-0d36fb7e13b7;2025-05-09 12:29:30.4784
1;-2;7;3;-1;1;-1;-1;8f4cdfd9-c6a5-4abe-9c92-0d36fb7e13b7;2025-05-09 12:29:30.4784
-1;-2;3;4;0;2;1;-2;8f4cdfd9-c6a5-4abe-9c92-0d36fb7e13b7;2025-05-09 12:29:30.4903
0;-1;-4;-1;-1;-3;-1;-1;8f4cdfd9-c6a5-4abe-9c92-0d36fb7e13b7;2025-05-09 12:29:30.4903
-2;-2;-5;-1;-2;-2;-2;-2;8f4cdfd9-c6a5-4abe-9c92-0d36fb7e13b7;2025-05-09 12:29:30.4983
-1;1;5;-4;4;2;1;1;8f4cdfd9-c6a5-4abe-9c92-0d36fb7e13b7;2025-05-09 12:29:30.4983
-2;-2;-2;0;1;0;1;-1;8f4cdfd9-c6a5-4abe-9c92-0d36fb7e13b7;2025-05-09 12:29:30.5133
-2;1;5;1;0;1;-1;0;8f4cdfd9-c6a5-4abe-9c92-0d36fb7e13b7;2025-05-09 12:29:30.5133
-1;-1;-7;-1;-3;-3;-3;-1;8f4cdfd9-c6a5-4abe-9c92-0d36fb7e13b7;2025-05-09 12:29:30.5202
1;-1;-2;0;-3;-2;-2;-1;8f4cdfd9-c6a5-4abe-9c92-0d36fb7e13b7;2025-05-09 12:29:30.5202
0;2;8;4;3;0;-1;0;8f4cdfd9-c6a5-4abe-9c92-0d36fb7e13b7;2025-05-09 12:29:30.5372
-1;-5;-15;-8;-4;-2;-1;-1;8f4cdfd9-c6a5-4abe-9c92-0d36fb7e13b7;2025-05-09 12:29:30.5372
-1;0;8;4;-1;0;-1;0;8f4cdfd9-c6a5-4abe-9c92-0d36fb7e13b7;2025-05-09 12:29:30.5382
0;-1;-5;-5;-3;-1;-1;-1;8f4cdfd9-c6a5-4abe-9c92-0d36fb7e13b7;2025-05-09 12:29:30.5382
-1;-2;-2;-2;-4;-2;-2;-2;8f4cdfd9-c6a5-4abe-9c92-0d36fb7e13b7;2025-05-09 12:29:30.5512
-1;2;9;17;0;0;0;-1;8f4cdfd9-c6a5-4abe-9c92-0d36fb7e13b7;2025-05-09 12:29:30.5512
0;-4;-17;-14;-1;-3;0;-1;8f4cdfd9-c6a5-4abe-9c92-0d36fb7e13b7;2025-05-09 12:29:30.5522
-2;-1;9;-5;-6;-1;0;-2;8f4cdfd9-c6a5-4abe-9c92-0d36fb7e13b7;2025-05-09 12:29:30.5522
0;0;0;-2;-1;0;0;0;8f4cdfd9-c6a5-4abe-9c92-0d36fb7e13b7;2025-05-09 12:29:30.5651
0;-2;-5;-1;-1;-1;-3;-1;8f4cdfd9-c6a5-4abe-9c92-0d36fb7e13b7;2025-05-09 12:29:30.5661
0;-1;-4;1;3;1;0;-2;8f4cdfd9-c6a5-4abe-9c92-0d36fb7e13b7;2025-05-09 12:29:30.5731
-3;-2;8;8;-3;-1;-2;-2;8f4cdfd9-c6a5-4abe-9c92-0d36fb7e13b7;2025-05-09 12:29:30.5731
-2;-1;-2;0;-2;0;0;0;8f4cdfd9-c6a5-4abe-9c92-0d36fb7e13b7;2025-05-09 12:29:30.5881
0;1;-5;-8;6;0;1;-1;8f4cdfd9-c6a5-4abe-9c92-0d36fb7e13b7;2025-05-09 12:29:30.5881
-1;-1;5;3;-1;0;-1;-1;8f4cdfd9-c6a5-4abe-9c92-0d36fb7e13b7;2025-05-09 12:29:30.5951
-1;0;-4;-4;-3;-2;-1;0;8f4cdfd9-c6a5-4abe-9c92-0d36fb7e13b7;2025-05-09 12:29:30.5951
-1;-3;-2;-1;-3;-3;-2;0;8f4cdfd9-c6a5-4abe-9c92-0d36fb7e13b7;2025-05-09 12:29:30.6130
-2;-2;1;-3;0;-1;-1;0;8f4cdfd9-c6a5-4abe-9c92-0d36fb7e13b7;2025-05-09 12:29:30.6130
0;-2;-3;0;0;-1;0;0;8f4cdfd9-c6a5-4abe-9c92-0d36fb7e13b7;2025-05-09 12:29:30.6140
0;0;-2;2;0;0;0;-1;8f4cdfd9-c6a5-4abe-9c92-0d36fb7e13b7;2025-05-09 12:29:30.6140
-1;0;-2;-4;0;1;1;0;8f4cdfd9-c6a5-4abe-9c92-0d36fb7e13b7;2025-05-09 12:29:30.6250
0;3;2;3;-3;-1;-2;1;8f4cdfd9-c6a5-4abe-9c92-0d36fb7e13b7;2025-05-09 12:29:30.6260
-2;-5;-1;-1;-1;1;0;0;8f4cdfd9-c6a5-4abe-9c92-0d36fb7e13b7;2025-05-09 12:29:30.6329
-2;-1;-7;-1;1;1;-2;-3;8f4cdfd9-c6a5-4abe-9c92-0d36fb7e13b7;2025-05-09 12:29:30.6329
0;-2;-1;5;2;-1;-1;-2;8f4cdfd9-c6a5-4abe-9c92-0d36fb7e13b7;2025-05-09 12:29:30.6559
-3;-4;-7;-17;-3;-2;-1;-1;8f4cdfd9-c6a5-4abe-9c92-0d36fb7e13b7;2025-05-09 12:29:30.6569
-1;3;12;2;-3;-2;0;0;8f4cdfd9-c6a5-4abe-9c92-0d36fb7e13b7;2025-05-09 12:29:30.6569
1;4;24;20;5;1;0;1;8f4cdfd9-c6a5-4abe-9c92-0d36fb7e13b7;2025-05-09 12:29:30.6569
-1;-6;-35;-28;-5;-1;-1;-1;8f4cdfd9-c6a5-4abe-9c92-0d36fb7e13b7;2025-05-09 12:29:30.6708
1;-2;-22;-6;-3;-1;-1;-2;8f4cdfd9-c6a5-4abe-9c92-0d36fb7e13b7;2025-05-09 12:29:30.6708
-1;-2;-5;-5;-1;1;0;-1;8f4cdfd9-c6a5-4abe-9c92-0d36fb7e13b7;2025-05-09 12:29:30.6778
-3;-1;4;2;0;-2;-1;-1;8f4cdfd9-c6a5-4abe-9c92-0d36fb7e13b7;2025-05-09 12:29:30.6778
1;2;15;9;1;2;0;1;8f4cdfd9-c6a5-4abe-9c92-0d36fb7e13b7;2025-05-09 12:29:30.7008
-1;-1;9;6;-3;0;1;-1;8f4cdfd9-c6a5-4abe-9c92-0d36fb7e13b7;2025-05-09 12:29:30.7008
-1;-3;-7;-4;2;0;-3;-1;8f4cdfd9-c6a5-4abe-9c92-0d36fb7e13b7;2025-05-09 12:29:30.7077
0;-2;0;0;0;-1;0;0;8f4cdfd9-c6a5-4abe-9c92-0d36fb7e13b7;2025-05-09 12:29:30.7077
0;0;2;3;-3;-2;-2;0;8f4cdfd9-c6a5-4abe-9c92-0d36fb7e13b7;2025-05-09 12:29:30.7237
-1;-2;1;1;1;0;0;0;8f4cdfd9-c6a5-4abe-9c92-0d36fb7e13b7;2025-05-09 12:29:30.7237
1;1;-1;3;-2;-3;0;-1;8f4cdfd9-c6a5-4abe-9c92-0d36fb7e13b7;2025-05-09 12:29:30.7247
0;-1;-5;-6;1;0;0;-2;8f4cdfd9-c6a5-4abe-9c92-0d36fb7e13b7;2025-05-09 12:29:30.7247
-3;-2;-4;-5;0;-2;-1;0;8f4cdfd9-c6a5-4abe-9c92-0d36fb7e13b7;2025-05-09 12:29:30.7307
0;-1;2;-3;-2;0;0;-2;8f4cdfd9-c6a5-4abe-9c92-0d36fb7e13b7;2025-05-09 12:29:30.7307
0;-1;-1;3;0;1;-2;0;8f4cdfd9-c6a5-4abe-9c92-0d36fb7e13b7;2025-05-09 12:29:30.7526
-1;-3;2;1;-3;-1;0;1;8f4cdfd9-c6a5-4abe-9c92-0d36fb7e13b7;2025-05-09 12:29:30.7526
0;0;1;2;-2;-2;-1;-2;8f4cdfd9-c6a5-4abe-9c92-0d36fb7e13b7;2025-05-09 12:29:30.7676
-1;0;1;3;-1;-1;0;1;8f4cdfd9-c6a5-4abe-9c92-0d36fb7e13b7;2025-05-09 12:29:30.7676
-1;0;-18;-3;1;1;1;-1;8f4cdfd9-c6a5-4abe-9c92-0d36fb7e13b7;2025-05-09 12:29:30.7776
-1;0;16;-13;-7;-4;-2;-1;8f4cdfd9-c6a5-4abe-9c92-0d36fb7e13b7;2025-05-09 12:29:30.7776
-2;-4;-27;6;0;-1;-2;-1;8f4cdfd9-c6a5-4abe-9c92-0d36fb7e13b7;2025-05-09 12:29:30.7796
-1;1;-7;-5;-1;-3;-1;0;8f4cdfd9-c6a5-4abe-9c92-0d36fb7e13b7;2025-05-09 12:29:30.7796
0;0;-2;-4;0;-1;-2;1;8f4cdfd9-c6a5-4abe-9c92-0d36fb7e13b7;2025-05-09 12:29:30.7796
0;1;3;0;-4;-1;0;0;8f4cdfd9-c6a5-4abe-9c92-0d36fb7e13b7;2025-05-09 12:29:30.7796
0;0;14;-1;0;1;-2;-1;8f4cdfd9-c6a5-4abe-9c92-0d36fb7e13b7;2025-05-09 12:29:30.7905
0;-1;4;5;0;-1;0;-1;8f4cdfd9-c6a5-4abe-9c92-0d36fb7e13b7;2025-05-09 12:29:30.7905
0;-2;-2;-3;1;-1;-1;1;8f4cdfd9-c6a5-4abe-9c92-0d36fb7e13b7;2025-05-09 12:29:30.7975
-3;-1;-7;2;1;0;0;1;8f4cdfd9-c6a5-4abe-9c92-0d36fb7e13b7;2025-05-09 12:29:30.7975
1;0;8;-3;-3;1;0;0;8f4cdfd9-c6a5-4abe-9c92-0d36fb7e13b7;2025-05-09 12:29:30.8220
0;-3;-1;2;-1;-1;0;0;8f4cdfd9-c6a5-4abe-9c92-0d36fb7e13b7;2025-05-09 12:29:30.8220
-1;1;9;3;0;-1;-1;-2;8f4cdfd9-c6a5-4abe-9c92-0d36fb7e13b7;2025-05-09 12:29:30.8230
-1;0;-8;-4;-1;-3;-2;-1;8f4cdfd9-c6a5-4abe-9c92-0d36fb7e13b7;2025-05-09 12:29:30.8230
-1;1;-3;-1;1;-1;1;-1;8f4cdfd9-c6a5-4abe-9c92-0d36fb7e13b7;2025-05-09 12:29:30.8279
-1;1;5;1;1;1;-1;-1;8f4cdfd9-c6a5-4abe-9c92-0d36fb7e13b7;2025-05-09 12:29:30.8279
-2;-1;4;3;-1;-2;0;-2;8f4cdfd9-c6a5-4abe-9c92-0d36fb7e13b7;2025-05-09 12:29:30.8359
1;-2;-12;-2;-2;0;1;1;8f4cdfd9-c6a5-4abe-9c92-0d36fb7e13b7;2025-05-09 12:29:30.8359
-1;-1;-1;-2;1;1;0;0;8f4cdfd9-c6a5-4abe-9c92-0d36fb7e13b7;2025-05-09 12:29:30.8509
0;1;5;2;-1;-1;0;-1;8f4cdfd9-c6a5-4abe-9c92-0d36fb7e13b7;2025-05-09 12:29:30.8519
-1;-2;1;-1;-5;-2;-1;-1;8f4cdfd9-c6a5-4abe-9c92-0d36fb7e13b7;2025-05-09 12:29:30.8519
0;-2;-6;-4;1;-1;0;-2;8f4cdfd9-c6a5-4abe-9c92-0d36fb7e13b7;2025-05-09 12:29:30.8519
-2;1;11;4;0;1;0;0;8f4cdfd9-c6a5-4abe-9c92-0d36fb7e13b7;2025-05-09 12:29:30.8649
0;1;5;1;2;1;0;-1;8f4cdfd9-c6a5-4abe-9c92-0d36fb7e13b7;2025-05-09 12:29:30.8649
0;-1;-3;-1;-3;0;-1;-1;8f4cdfd9-c6a5-4abe-9c92-0d36fb7e13b7;2025-05-09 12:29:30.8728
-1;0;11;9;4;3;-1;-2;8f4cdfd9-c6a5-4abe-9c92-0d36fb7e13b7;2025-05-09 12:29:30.8728
-3;-5;-16;-15;-2;-2;-1;-1;8f4cdfd9-c6a5-4abe-9c92-0d36fb7e13b7;2025-05-09 12:29:30.8958
-2;-2;-4;-6;-3;-3;-2;-1;8f4cdfd9-c6a5-4abe-9c92-0d36fb7e13b7;2025-05-09 12:29:30.8958
0;2;22;16;2;0;-1;0;8f4cdfd9-c6a5-4abe-9c92-0d36fb7e13b7;2025-05-09 12:29:30.9038
-1;-2;-13;-15;-9;-3;-1;-1;8f4cdfd9-c6a5-4abe-9c92-0d36fb7e13b7;2025-05-09 12:29:30.9038
0;1;9;2;-1;1;0;0;8f4cdfd9-c6a5-4abe-9c92-0d36fb7e13b7;2025-05-09 12:29:30.9117
-1;-1;-8;-2;0;0;-1;0;8f4cdfd9-c6a5-4abe-9c92-0d36fb7e13b7;2025-05-09 12:29:30.9117
0;0;-1;1;2;2;-2;-1;8f4cdfd9-c6a5-4abe-9c92-0d36fb7e13b7;2025-05-09 12:29:30.9117
1;0;1;5;0;-2;-2;0;8f4cdfd9-c6a5-4abe-9c92-0d36fb7e13b7;2025-05-09 12:29:30.9127
-3;0;0;-2;-4;-1;-1;-2;8f4cdfd9-c6a5-4abe-9c92-0d36fb7e13b7;2025-05-09 12:29:30.9247
0;0;0;4;-1;-1;1;-1;8f4cdfd9-c6a5-4abe-9c92-0d36fb7e13b7;2025-05-09 12:29:30.9247
0;1;3;-2;-1;-1;0;-1;8f4cdfd9-c6a5-4abe-9c92-0d36fb7e13b7;2025-05-09 12:29:30.9327
-1;-2;-4;0;-1;-2;-1;-2;8f4cdfd9-c6a5-4abe-9c92-0d36fb7e13b7;2025-05-09 12:29:30.9327
0;0;0;0;-1;-3;0;0;8f4cdfd9-c6a5-4abe-9c92-0d36fb7e13b7;2025-05-09 12:29:30.9476
0;-2;-4;-3;1;-2;-2;3;8f4cdfd9-c6a5-4abe-9c92-0d36fb7e13b7;2025-05-09 12:29:30.9486
-3;-2;-2;-4;-6;-1;0;-2;8f4cdfd9-c6a5-4abe-9c92-0d36fb7e13b7;2025-05-09 12:29:30.9556
0;-1;-7;1;2;1;1;0;8f4cdfd9-c6a5-4abe-9c92-0d36fb7e13b7;2025-05-09 12:29:30.9556
0;1;10;-6;-1;-1;0;-1;8f4cdfd9-c6a5-4abe-9c92-0d36fb7e13b7;2025-05-09 12:29:30.9701
-2;-2;-7;4;-1;1;-1;-2;8f4cdfd9-c6a5-4abe-9c92-0d36fb7e13b7;2025-05-09 12:29:30.9701
-1;1;2;3;-3;-1;-1;-2;8f4cdfd9-c6a5-4abe-9c92-0d36fb7e13b7;2025-05-09 12:29:30.9781
-1;-1;4;5;-1;0;-3;2;8f4cdfd9-c6a5-4abe-9c92-0d36fb7e13b7;2025-05-09 12:29:30.9781
-1;-2;-3;-1;-1;-2;-3;-2;8f4cdfd9-c6a5-4abe-9c92-0d36fb7e13b7;2025-05-09 12:29:30.9860
-1;-2;2;-2;-2;0;0;0;8f4cdfd9-c6a5-4abe-9c92-0d36fb7e13b7;2025-05-09 12:29:30.9860
0;-2;-12;-4;-2;-1;0;-1;8f4cdfd9-c6a5-4abe-9c92-0d36fb7e13b7;2025-05-09 12:29:30.9930
0;0;2;-5;1;-2;0;-1;8f4cdfd9-c6a5-4abe-9c92-0d36fb7e13b7;2025-05-09 12:29:30.9930
-1;-1;7;9;-4;1;0;-1;8f4cdfd9-c6a5-4abe-9c92-0d36fb7e13b7;2025-05-09 12:29:31.0080
1;1;7;-4;1;-1;-2;0;8f4cdfd9-c6a5-4abe-9c92-0d36fb7e13b7;2025-05-09 12:29:31.0080
1;-4;-28;-11;-4;-1;0;-1;8f4cdfd9-c6a5-4abe-9c92-0d36fb7e13b7;2025-05-09 12:29:31.0090
0;-1;-8;-2;0;-1;-1;0;8f4cdfd9-c6a5-4abe-9c92-0d36fb7e13b7;2025-05-09 12:29:31.0090
-1;1;1;-1;-1;-2;-3;-1;8f4cdfd9-c6a5-4abe-9c92-0d36fb7e13b7;2025-05-09 12:29:31.0299
-3;-2;-6;-2;-2;-2;-3;-2;8f4cdfd9-c6a5-4abe-9c92-0d36fb7e13b7;2025-05-09 12:29:31.0309
-1;2;15;4;-1;0;-1;1;8f4cdfd9-c6a5-4abe-9c92-0d36fb7e13b7;2025-05-09 12:29:31.0379
-1;-5;-7;-11;-5;-3;-1;-2;8f4cdfd9-c6a5-4abe-9c92-0d36fb7e13b7;2025-05-09 12:29:31.0379
-1;-2;-2;0;5;4;1;0;8f4cdfd9-c6a5-4abe-9c92-0d36fb7e13b7;2025-05-09 12:29:31.0539
-1;0;5;5;-2;-2;0;-2;8f4cdfd9-c6a5-4abe-9c92-0d36fb7e13b7;2025-05-09 12:29:31.0539
-2;-2;-3;-3;1;-2;-1;-2;8f4cdfd9-c6a5-4abe-9c92-0d36fb7e13b7;2025-05-09 12:29:31.0549
-2;0;-3;-1;4;2;1;1;8f4cdfd9-c6a5-4abe-9c92-0d36fb7e13b7;2025-05-09 12:29:31.0549
0;-2;3;1;-4;-3;0;0;8f4cdfd9-c6a5-4abe-9c92-0d36fb7e13b7;2025-05-09 12:29:31.0758
-1;1;0;0;0;-1;-2;-1;8f4cdfd9-c6a5-4abe-9c92-0d36fb7e13b7;2025-05-09 12:29:31.0768
0;-1;-3;-3;-2;-2;-2;-1;8f4cdfd9-c6a5-4abe-9c92-0d36fb7e13b7;2025-05-09 12:29:31.0768
0;0;-3;-1;-5;-2;-1;0;8f4cdfd9-c6a5-4abe-9c92-0d36fb7e13b7;2025-05-09 12:29:31.0768
-1;-1;-4;-2;4;-2;-1;-2;8f4cdfd9-c6a5-4abe-9c92-0d36fb7e13b7;2025-05-09 12:29:31.0908
-1;-2;-5;-2;-6;-1;0;0;8f4cdfd9-c6a5-4abe-9c92-0d36fb7e13b7;2025-05-09 12:29:31.0908
0;-1;4;0;0;-2;-1;-1;8f4cdfd9-c6a5-4abe-9c92-0d36fb7e13b7;2025-05-09 12:29:31.0978
-1;0;6;11;3;0;-1;-1;8f4cdfd9-c6a5-4abe-9c92-0d36fb7e13b7;2025-05-09 12:29:31.0978
-1;-4;-13;-14;-13;-4;-2;1;8f4cdfd9-c6a5-4abe-9c92-0d36fb7e13b7;2025-05-09 12:29:31.1147
1;1;0;1;2;0;0;0;8f4cdfd9-c6a5-4abe-9c92-0d36fb7e13b7;2025-05-09 12:29:31.1147
-4;-4;-8;-11;-3;-3;-2;-1;8f4cdfd9-c6a5-4abe-9c92-0d36fb7e13b7;2025-05-09 12:29:31.1147
0;0;2;5;3;1;-1;-1;8f4cdfd9-c6a5-4abe-9c92-0d36fb7e13b7;2025-05-09 12:29:31.1157
2;0;3;4;1;-1;-1;-1;8f4cdfd9-c6a5-4abe-9c92-0d36fb7e13b7;2025-05-09 12:29:31.1279
-1;-1;-6;-6;0;1;-1;-1;8f4cdfd9-c6a5-4abe-9c92-0d36fb7e13b7;2025-05-09 12:29:31.1279
0;1;26;19;2;0;1;0;8f4cdfd9-c6a5-4abe-9c92-0d36fb7e13b7;2025-05-09 12:29:31.1289
-1;-1;-3;-7;-5;-1;-2;1;8f4cdfd9-c6a5-4abe-9c92-0d36fb7e13b7;2025-05-09 12:29:31.1289
0;-2;-25;-5;1;-1;-2;-1;8f4cdfd9-c6a5-4abe-9c92-0d36fb7e13b7;2025-05-09 12:29:31.1513
0;5;9;-1;0;1;1;-1;8f4cdfd9-c6a5-4abe-9c92-0d36fb7e13b7;2025-05-09 12:29:31.1523
-1;-3;-1;-2;3;-1;-2;0;8f4cdfd9-c6a5-4abe-9c92-0d36fb7e13b7;2025-05-09 12:29:31.1523
0;0;5;3;-3;1;-1;-2;8f4cdfd9-c6a5-4abe-9c92-0d36fb7e13b7;2025-05-09 12:29:31.1523
0;-2;9;-1;3;-1;0;1;8f4cdfd9-c6a5-4abe-9c92-0d36fb7e13b7;2025-05-09 12:29:31.1742
-1;1;4;-2;-1;-1;1;-2;8f4cdfd9-c6a5-4abe-9c92-0d36fb7e13b7;2025-05-09 12:29:31.1742
0;-2;-2;-5;-2;0;-1;-1;8f4cdfd9-c6a5-4abe-9c92-0d36fb7e13b7;2025-05-09 12:29:31.1742
-4;-6;-24;6;-3;-4;0;-3;8f4cdfd9-c6a5-4abe-9c92-0d36fb7e13b7;2025-05-09 12:29:31.1742
-2;3;-3;3;1;0;0;0;8f4cdfd9-c6a5-4abe-9c92-0d36fb7e13b7;2025-05-09 12:29:31.1962
1;0;-1;15;2;-2;0;0;8f4cdfd9-c6a5-4abe-9c92-0d36fb7e13b7;2025-05-09 12:29:31.1962
-1;-4;-4;-22;-3;-1;-1;0;8f4cdfd9-c6a5-4abe-9c92-0d36fb7e13b7;2025-05-09 12:29:31.1972
-1;-1;2;-12;-2;-1;0;0;8f4cdfd9-c6a5-4abe-9c92-0d36fb7e13b7;2025-05-09 12:29:31.1972
1;1;10;7;2;0;0;-1;8f4cdfd9-c6a5-4abe-9c92-0d36fb7e13b7;2025-05-09 12:29:31.2111
0;-2;3;-5;-4;-4;-2;-1;8f4cdfd9-c6a5-4abe-9c92-0d36fb7e13b7;2025-05-09 12:29:31.2111
-1;0;-31;-5;-2;1;-1;-2;8f4cdfd9-c6a5-4abe-9c92-0d36fb7e13b7;2025-05-09 12:29:31.2121
2;0;3;2;2;0;0;-1;8f4cdfd9-c6a5-4abe-9c92-0d36fb7e13b7;2025-05-09 12:29:31.2121
-2;2;-1;0;-2;-1;0;-2;8f4cdfd9-c6a5-4abe-9c92-0d36fb7e13b7;2025-05-09 12:29:31.2341
1;9;19;8;-1;-2;-2;0;8f4cdfd9-c6a5-4abe-9c92-0d36fb7e13b7;2025-05-09 12:29:31.2341
-1;-4;-9;-5;3;-1;-2;-2;8f4cdfd9-c6a5-4abe-9c92-0d36fb7e13b7;2025-05-09 12:29:31.2351
5;22;0;-3;5;1;2;2;8f4cdfd9-c6a5-4abe-9c92-0d36fb7e13b7;2025-05-09 12:29:31.2351
-3;-11;8;9;-5;-2;-3;-3;8f4cdfd9-c6a5-4abe-9c92-0d36fb7e13b7;2025-05-09 12:29:31.2480
-1;-1;22;-5;0;0;0;-1;8f4cdfd9-c6a5-4abe-9c92-0d36fb7e13b7;2025-05-09 12:29:31.2480
-3;-8;-18;7;-7;-1;-2;-1;8f4cdfd9-c6a5-4abe-9c92-0d36fb7e13b7;2025-05-09 12:29:31.2490
1;5;-4;-6;1;-2;-1;-1;8f4cdfd9-c6a5-4abe-9c92-0d36fb7e13b7;2025-05-09 12:29:31.2490
-1;-7;-4;-5;-1;-2;-1;-1;8f4cdfd9-c6a5-4abe-9c92-0d36fb7e13b7;2025-05-09 12:29:31.2710
-1;-4;-15;-3;0;1;-1;-1;8f4cdfd9-c6a5-4abe-9c92-0d36fb7e13b7;2025-05-09 12:29:31.2710
0;2;10;1;0;-1;1;0;8f4cdfd9-c6a5-4abe-9c92-0d36fb7e13b7;2025-05-09 12:29:31.2720
-2;-4;11;0;-2;0;-1;-2;8f4cdfd9-c6a5-4abe-9c92-0d36fb7e13b7;2025-05-09 12:29:31.2720
0;-5;-16;-3;-1;-1;0;-2;8f4cdfd9-c6a5-4abe-9c92-0d36fb7e13b7;2025-05-09 12:29:31.2939
-4;-9;-3;-4;-3;-1;-1;-2;8f4cdfd9-c6a5-4abe-9c92-0d36fb7e13b7;2025-05-09 12:29:31.2939
0;2;8;3;0;-1;0;0;8f4cdfd9-c6a5-4abe-9c92-0d36fb7e13b7;2025-05-09 12:29:31.2949
-2;-7;-2;-1;-1;-1;-2;-2;8f4cdfd9-c6a5-4abe-9c92-0d36fb7e13b7;2025-05-09 12:29:31.2959
-1;5;7;1;1;-2;0;0;8f4cdfd9-c6a5-4abe-9c92-0d36fb7e13b7;2025-05-09 12:29:31.3079
-1;3;-5;0;2;1;-1;-1;8f4cdfd9-c6a5-4abe-9c92-0d36fb7e13b7;2025-05-09 12:29:31.3079
1;1;15;6;0;-4;-1;-1;8f4cdfd9-c6a5-4abe-9c92-0d36fb7e13b7;2025-05-09 12:29:31.3171
-3;2;-14;-3;-2;-1;-3;-2;8f4cdfd9-c6a5-4abe-9c92-0d36fb7e13b7;2025-05-09 12:29:31.3171
-2;-3;11;-2;-5;-5;-2;-2;8f4cdfd9-c6a5-4abe-9c92-0d36fb7e13b7;2025-05-09 12:29:31.3308
-2;-13;-3;-5;-1;0;1;0;8f4cdfd9-c6a5-4abe-9c92-0d36fb7e13b7;2025-05-09 12:29:31.3308
-1;2;-7;15;0;0;0;0;8f4cdfd9-c6a5-4abe-9c92-0d36fb7e13b7;2025-05-09 12:29:31.3378
-4;-14;-1;-19;-3;-1;-1;-1;8f4cdfd9-c6a5-4abe-9c92-0d36fb7e13b7;2025-05-09 12:29:31.3378
-2;-3;-9;5;0;-1;-1;-2;8f4cdfd9-c6a5-4abe-9c92-0d36fb7e13b7;2025-05-09 12:29:31.3538
2;5;8;2;0;-1;1;0;8f4cdfd9-c6a5-4abe-9c92-0d36fb7e13b7;2025-05-09 12:29:31.3538
-1;-1;9;-7;-4;1;-1;-1;8f4cdfd9-c6a5-4abe-9c92-0d36fb7e13b7;2025-05-09 12:29:31.3558
-4;-16;-4;3;-2;-1;0;-2;8f4cdfd9-c6a5-4abe-9c92-0d36fb7e13b7;2025-05-09 12:29:31.3558
1;2;0;-4;-1;1;-1;0;8f4cdfd9-c6a5-4abe-9c92-0d36fb7e13b7;2025-05-09 12:29:31.3677
-2;-9;-27;-9;-4;-1;-1;-1;8f4cdfd9-c6a5-4abe-9c92-0d36fb7e13b7;2025-05-09 12:29:31.3677
-1;2;6;-1;0;-1;-1;-1;8f4cdfd9-c6a5-4abe-9c92-0d36fb7e13b7;2025-05-09 12:29:31.3767
4;16;11;8;4;0;0;1;8f4cdfd9-c6a5-4abe-9c92-0d36fb7e13b7;2025-05-09 12:29:31.3767
-3;-3;-6;-3;-1;-1;0;-1;8f4cdfd9-c6a5-4abe-9c92-0d36fb7e13b7;2025-05-09 12:29:31.3912
0;6;3;6;2;-1;-1;0;8f4cdfd9-c6a5-4abe-9c92-0d36fb7e13b7;2025-05-09 12:29:31.3912
-1;1;0;-3;1;1;1;0;8f4cdfd9-c6a5-4abe-9c92-0d36fb7e13b7;2025-05-09 12:29:31.3932
-2;-1;9;-1;-2;-3;-2;-2;8f4cdfd9-c6a5-4abe-9c92-0d36fb7e13b7;2025-05-09 12:29:31.3932
3;14;5;10;4;1;-1;3;8f4cdfd9-c6a5-4abe-9c92-0d36fb7e13b7;2025-05-09 12:29:31.4131
-3;-5;-6;-8;-3;-3;-1;0;8f4cdfd9-c6a5-4abe-9c92-0d36fb7e13b7;2025-05-09 12:29:31.4141
-4;-12;-28;-11;0;1;0;-1;8f4cdfd9-c6a5-4abe-9c92-0d36fb7e13b7;2025-05-09 12:29:31.4197
2;5;16;3;-3;-1;0;0;8f4cdfd9-c6a5-4abe-9c92-0d36fb7e13b7;2025-05-09 12:29:31.4197
-1;1;-6;2;0;-3;-2;-1;8f4cdfd9-c6a5-4abe-9c92-0d36fb7e13b7;2025-05-09 12:29:31.4277
-4;-16;-14;-6;-2;-1;-1;-2;8f4cdfd9-c6a5-4abe-9c92-0d36fb7e13b7;2025-05-09 12:29:31.4277
0;14;14;0;-3;-4;-2;-2;8f4cdfd9-c6a5-4abe-9c92-0d36fb7e13b7;2025-05-09 12:29:31.4436
-5;-13;-23;-8;-4;-4;-1;-1;8f4cdfd9-c6a5-4abe-9c92-0d36fb7e13b7;2025-05-09 12:29:31.4436
0;-4;-11;-7;-6;-1;0;0;8f4cdfd9-c6a5-4abe-9c92-0d36fb7e13b7;2025-05-09 12:29:31.4516
0;1;6;2;-3;-2;-1;0;8f4cdfd9-c6a5-4abe-9c92-0d36fb7e13b7;2025-05-09 12:29:31.4516
-2;-4;9;0;-1;-3;-2;-1;8f4cdfd9-c6a5-4abe-9c92-0d36fb7e13b7;2025-05-09 12:29:31.4526
-1;3;-5;1;2;0;-1;-2;8f4cdfd9-c6a5-4abe-9c92-0d36fb7e13b7;2025-05-09 12:29:31.4526
1;2;7;-1;0;0;0;-1;8f4cdfd9-c6a5-4abe-9c92-0d36fb7e13b7;2025-05-09 12:29:31.4736
-1;0;-6;-5;-1;1;-1;-1;8f4cdfd9-c6a5-4abe-9c92-0d36fb7e13b7;2025-05-09 12:29:31.4736
1;-3;5;1;-1;-1;-2;1;8f4cdfd9-c6a5-4abe-9c92-0d36fb7e13b7;2025-05-09 12:29:31.4755
2;14;4;0;0;1;0;2;8f4cdfd9-c6a5-4abe-9c92-0d36fb7e13b7;2025-05-09 12:29:31.4755
0;2;5;0;-1;-1;0;-1;8f4cdfd9-c6a5-4abe-9c92-0d36fb7e13b7;2025-05-09 12:29:31.4965
0;6;6;10;1;0;1;0;8f4cdfd9-c6a5-4abe-9c92-0d36fb7e13b7;2025-05-09 12:29:31.4965
0;-4;0;-3;-2;1;0;-1;8f4cdfd9-c6a5-4abe-9c92-0d36fb7e13b7;2025-05-09 12:29:31.4975
-2;-5;-3;3;-3;-1;-1;0;8f4cdfd9-c6a5-4abe-9c92-0d36fb7e13b7;2025-05-09 12:29:31.4975
0;1;5;-5;-3;-1;-1;-2;8f4cdfd9-c6a5-4abe-9c92-0d36fb7e13b7;2025-05-09 12:29:31.5114
-1;0;-19;0;0;-1;-2;0;8f4cdfd9-c6a5-4abe-9c92-0d36fb7e13b7;2025-05-09 12:29:31.5114
1;11;8;-5;-5;-1;2;1;8f4cdfd9-c6a5-4abe-9c92-0d36fb7e13b7;2025-05-09 12:29:31.5124
-5;-19;-23;-1;-5;-3;0;-1;8f4cdfd9-c6a5-4abe-9c92-0d36fb7e13b7;2025-05-09 12:29:31.5124
-1;2;1;-13;-2;0;-2;-2;8f4cdfd9-c6a5-4abe-9c92-0d36fb7e13b7;2025-05-09 12:29:31.5334
0;-1;5;1;-2;-2;-1;-1;8f4cdfd9-c6a5-4abe-9c92-0d36fb7e13b7;2025-05-09 12:29:31.5344
0;6;5;4;1;1;0;0;8f4cdfd9-c6a5-4abe-9c92-0d36fb7e13b7;2025-05-09 12:29:31.5354
0;1;11;0;-1;1;0;-2;8f4cdfd9-c6a5-4abe-9c92-0d36fb7e13b7;2025-05-09 12:29:31.5354
-1;-4;-6;1;-1;1;0;0;8f4cdfd9-c6a5-4abe-9c92-0d36fb7e13b7;2025-05-09 12:29:31.5484
3;11;-2;-10;1;1;1;1;8f4cdfd9-c6a5-4abe-9c92-0d36fb7e13b7;2025-05-09 12:29:31.5484
0;-3;-4;2;0;-1;-2;0;8f4cdfd9-c6a5-4abe-9c92-0d36fb7e13b7;2025-05-09 12:29:31.5623
0;-3;8;7;-2;-2;-2;-1;8f4cdfd9-c6a5-4abe-9c92-0d36fb7e13b7;2025-05-09 12:29:31.5623
2;11;17;8;1;1;0;0;8f4cdfd9-c6a5-4abe-9c92-0d36fb7e13b7;2025-05-09 12:29:31.5723
-1;-10;-6;-2;-1;0;0;-1;8f4cdfd9-c6a5-4abe-9c92-0d36fb7e13b7;2025-05-09 12:29:31.5723
1;7;1;0;2;0;-1;-1;8f4cdfd9-c6a5-4abe-9c92-0d36fb7e13b7;2025-05-09 12:29:31.5733
-5;-26;-17;-12;-5;-3;-2;-2;8f4cdfd9-c6a5-4abe-9c92-0d36fb7e13b7;2025-05-09 12:29:31.5743
0;1;6;3;1;0;0;0;8f4cdfd9-c6a5-4abe-9c92-0d36fb7e13b7;2025-05-09 12:29:31.5942
0;8;-7;-1;-2;-1;-1;0;8f4cdfd9-c6a5-4abe-9c92-0d36fb7e13b7;2025-05-09 12:29:31.5942
-1;-5;-5;-10;-1;-1;0;-1;8f4cdfd9-c6a5-4abe-9c92-0d36fb7e13b7;2025-05-09 12:29:31.5952
3;25;9;10;3;0;0;2;8f4cdfd9-c6a5-4abe-9c92-0d36fb7e13b7;2025-05-09 12:29:31.5952
-3;-20;-25;-6;-4;-3;-2;-3;8f4cdfd9-c6a5-4abe-9c92-0d36fb7e13b7;2025-05-09 12:29:31.6152
-1;-2;6;-4;0;-2;0;1;8f4cdfd9-c6a5-4abe-9c92-0d36fb7e13b7;2025-05-09 12:29:31.6162
-3;-6;6;10;-1;-1;-2;-2;8f4cdfd9-c6a5-4abe-9c92-0d36fb7e13b7;2025-05-09 12:29:31.6301
1;6;10;-8;2;-1;-1;-1;8f4cdfd9-c6a5-4abe-9c92-0d36fb7e13b7;2025-05-09 12:29:31.6301
-3;-7;-13;-6;-4;-1;-1;0;8f4cdfd9-c6a5-4abe-9c92-0d36fb7e13b7;2025-05-09 12:29:31.6551
0;0;1;5;0;1;1;-1;8f4cdfd9-c6a5-4abe-9c92-0d36fb7e13b7;2025-05-09 12:29:31.6551
-1;-4;-3;4;-1;-1;0;-2;8f4cdfd9-c6a5-4abe-9c92-0d36fb7e13b7;2025-05-09 12:29:31.6571
-1;-5;-1;-4;1;0;0;0;8f4cdfd9-c6a5-4abe-9c92-0d36fb7e13b7;2025-05-09 12:29:31.6571
-1;3;2;-5;-3;-2;0;-1;8f4cdfd9-c6a5-4abe-9c92-0d36fb7e13b7;2025-05-09 12:29:31.6571
1;4;12;-4;1;0;-3;-2;8f4cdfd9-c6a5-4abe-9c92-0d36fb7e13b7;2025-05-09 12:29:31.6581
-2;-4;-20;-5;-1;0;0;0;8f4cdfd9-c6a5-4abe-9c92-0d36fb7e13b7;2025-05-09 12:29:31.6675
-3;-2;8;15;-5;-4;-3;-3;8f4cdfd9-c6a5-4abe-9c92-0d36fb7e13b7;2025-05-09 12:29:31.6675
-1;-2;-4;-5;2;0;2;-1;8f4cdfd9-c6a5-4abe-9c92-0d36fb7e13b7;2025-05-09 12:29:31.6755
0;5;32;6;-2;1;-1;0;8f4cdfd9-c6a5-4abe-9c92-0d36fb7e13b7;2025-05-09 12:29:31.6755
-3;-5;-16;-12;-6;-1;0;1;8f4cdfd9-c6a5-4abe-9c92-0d36fb7e13b7;2025-05-09 12:29:31.6975
0;-2;-14;-2;3;1;-2;0;8f4cdfd9-c6a5-4abe-9c92-0d36fb7e13b7;2025-05-09 12:29:31.6985
1;7;6;2;-2;-1;-1;0;8f4cdfd9-c6a5-4abe-9c92-0d36fb7e13b7;2025-05-09 12:29:31.7054
-4;-12;-12;-6;-3;-5;-3;-3;8f4cdfd9-c6a5-4abe-9c92-0d36fb7e13b7;2025-05-09 12:29:31.7054
-2;-1;3;-5;0;0;-1;0;8f4cdfd9-c6a5-4abe-9c92-0d36fb7e13b7;2025-05-09 12:29:31.7453
1;3;9;-1;0;0;2;1;8f4cdfd9-c6a5-4abe-9c92-0d36fb7e13b7;2025-05-09 12:29:31.7453
-1;-1;-2;1;1;0;0;1;8f4cdfd9-c6a5-4abe-9c92-0d36fb7e13b7;2025-05-09 12:29:31.7453
0;1;-17;-1;-2;-1;0;1;8f4cdfd9-c6a5-4abe-9c92-0d36fb7e13b7;2025-05-09 12:29:31.7463
0;-1;-1;3;0;-3;-1;-2;8f4cdfd9-c6a5-4abe-9c92-0d36fb7e13b7;2025-05-09 12:29:31.7473
-2;2;8;-2;-1;0;1;-1;8f4cdfd9-c6a5-4abe-9c92-0d36fb7e13b7;2025-05-09 12:29:31.7473
0;0;7;3;0;-1;-7;-6;8f4cdfd9-c6a5-4abe-9c92-0d36fb7e13b7;2025-05-09 12:29:31.7523
-2;-7;-13;-2;-1;0;8;4;8f4cdfd9-c6a5-4abe-9c92-0d36fb7e13b7;2025-05-09 12:29:31.7523
0;3;12;-7;1;0;1;0;8f4cdfd9-c6a5-4abe-9c92-0d36fb7e13b7;2025-05-09 12:29:31.7543
-1;-5;-13;-7;-5;-9;-31;-7;8f4cdfd9-c6a5-4abe-9c92-0d36fb7e13b7;2025-05-09 12:29:31.7543
-2;-2;8;7;-2;8;31;4;8f4cdfd9-c6a5-4abe-9c92-0d36fb7e13b7;2025-05-09 12:29:31.7573
-1;4;8;3;0;0;-3;-2;8f4cdfd9-c6a5-4abe-9c92-0d36fb7e13b7;2025-05-09 12:29:31.7573
-2;-5;-12;0;-1;-3;-36;-19;8f4cdfd9-c6a5-4abe-9c92-0d36fb7e13b7;2025-05-09 12:29:31.7728
-2;-2;-2;-1;-1;-2;35;14;8f4cdfd9-c6a5-4abe-9c92-0d36fb7e13b7;2025-05-09 12:29:31.7728
2;2;8;6;2;-4;-11;-1;8f4cdfd9-c6a5-4abe-9c92-0d36fb7e13b7;2025-05-09 12:29:31.7957
5;10;13;9;5;13;6;0;8f4cdfd9-c6a5-4abe-9c92-0d36fb7e13b7;2025-05-09 12:29:31.7957
-1;-7;-18;-14;-1;3;27;10;8f4cdfd9-c6a5-4abe-9c92-0d36fb7e13b7;2025-05-09 12:29:31.8037
-2;-3;-1;5;-1;-1;-9;-3;8f4cdfd9-c6a5-4abe-9c92-0d36fb7e13b7;2025-05-09 12:29:31.8037
0;4;47;-10;-3;-4;-1;3;8f4cdfd9-c6a5-4abe-9c92-0d36fb7e13b7;2025-05-09 12:29:31.8196
-3;-16;-78;-16;-6;-6;1;-3;8f4cdfd9-c6a5-4abe-9c92-0d36fb7e13b7;2025-05-09 12:29:31.8196
-1;-1;7;24;1;-3;-12;-3;8f4cdfd9-c6a5-4abe-9c92-0d36fb7e13b7;2025-05-09 12:29:31.8196
2;5;5;-1;5;8;-2;-5;8f4cdfd9-c6a5-4abe-9c92-0d36fb7e13b7;2025-05-09 12:29:31.8196
-2;-1;5;8;-4;-2;1;1;8f4cdfd9-c6a5-4abe-9c92-0d36fb7e13b7;2025-05-09 12:29:31.8246
-1;7;33;-2;-3;-5;-11;-1;8f4cdfd9-c6a5-4abe-9c92-0d36fb7e13b7;2025-05-09 12:29:31.8246
0;3;28;-19;0;-1;4;2;8f4cdfd9-c6a5-4abe-9c92-0d36fb7e13b7;2025-05-09 12:29:31.8326
-8;-20;-68;-4;-7;-2;-3;-6;8f4cdfd9-c6a5-4abe-9c92-0d36fb7e13b7;2025-05-09 12:29:31.8326
1;0;-2;13;1;1;-5;-2;8f4cdfd9-c6a5-4abe-9c92-0d36fb7e13b7;2025-05-09 12:29:31.8555
1;1;-7;-11;-9;-4;-2;1;8f4cdfd9-c6a5-4abe-9c92-0d36fb7e13b7;2025-05-09 12:29:31.8555
-9;-5;-9;2;-3;-4;-4;-7;8f4cdfd9-c6a5-4abe-9c92-0d36fb7e13b7;2025-05-09 12:29:31.8630
5;16;60;12;14;4;6;2;8f4cdfd9-c6a5-4abe-9c92-0d36fb7e13b7;2025-05-09 12:29:31.8630
-3;-9;-52;-26;-5;-3;-10;-3;8f4cdfd9-c6a5-4abe-9c92-0d36fb7e13b7;2025-05-09 12:29:31.8780
0;2;15;-4;4;0;-1;0;8f4cdfd9-c6a5-4abe-9c92-0d36fb7e13b7;2025-05-09 12:29:31.8780
-2;-4;2;15;-6;-4;5;4;8f4cdfd9-c6a5-4abe-9c92-0d36fb7e13b7;2025-05-09 12:29:31.8860
-1;1;4;-1;-3;2;-1;-2;8f4cdfd9-c6a5-4abe-9c92-0d36fb7e13b7;2025-05-09 12:29:31.8870
-2;0;-9;-5;-1;-2;-3;-3;8f4cdfd9-c6a5-4abe-9c92-0d36fb7e13b7;2025-05-09 12:29:31.8880
-3;-5;1;-8;-2;-3;-4;-4;8f4cdfd9-c6a5-4abe-9c92-0d36fb7e13b7;2025-05-09 12:29:31.8880
2;1;11;2;0;2;10;6;8f4cdfd9-c6a5-4abe-9c92-0d36fb7e13b7;2025-05-09 12:29:31.8939
-3;-4;1;-2;-2;-2;-5;-2;8f4cdfd9-c6a5-4abe-9c92-0d36fb7e13b7;2025-05-09 12:29:31.8949
2;5;-2;3;3;-1;0;3;8f4cdfd9-c6a5-4abe-9c92-0d36fb7e13b7;2025-05-09 12:29:31.8959
1;0;6;-12;-4;-2;1;-2;8f4cdfd9-c6a5-4abe-9c92-0d36fb7e13b7;2025-05-09 12:29:31.8959
-2;-2;-1;8;4;0;-2;-1;8f4cdfd9-c6a5-4abe-9c92-0d36fb7e13b7;2025-05-09 12:29:31.9079
-2;-3;10;5;-8;-4;-2;-2;8f4cdfd9-c6a5-4abe-9c92-0d36fb7e13b7;2025-05-09 12:29:31.9079
0;0;3;3;17;1;1;-1;8f4cdfd9-c6a5-4abe-9c92-0d36fb7e13b7;2025-05-09 12:29:31.9229
-1;5;-7;-5;-2;-2;-1;1;8f4cdfd9-c6a5-4abe-9c92-0d36fb7e13b7;2025-05-09 12:29:31.9229
2;-1;-24;-3;-1;0;-1;-1;8f4cdfd9-c6a5-4abe-9c92-0d36fb7e13b7;2025-05-09 12:29:31.9308
0;2;37;4;-3;-3;-1;0;8f4cdfd9-c6a5-4abe-9c92-0d36fb7e13b7;2025-05-09 12:29:31.9308
-3;-13;-51;-8;-5;-2;-3;-5;8f4cdfd9-c6a5-4abe-9c92-0d36fb7e13b7;2025-05-09 12:29:31.9379
-1;-3;22;2;1;-1;-3;-2;8f4cdfd9-c6a5-4abe-9c92-0d36fb7e13b7;2025-05-09 12:29:31.9379
2;8;-33;-8;-1;0;3;2;8f4cdfd9-c6a5-4abe-9c92-0d36fb7e13b7;2025-05-09 12:29:31.9538
-1;-8;4;1;-3;-3;-2;-2;8f4cdfd9-c6a5-4abe-9c92-0d36fb7e13b7;2025-05-09 12:29:31.9538
0;-1;11;7;-1;-2;-2;-1;8f4cdfd9-c6a5-4abe-9c92-0d36fb7e13b7;2025-05-09 12:29:31.9558
-1;-2;8;6;0;0;0;-1;8f4cdfd9-c6a5-4abe-9c92-0d36fb7e13b7;2025-05-09 12:29:31.9558
-1;2;6;-2;-2;0;1;-1;8f4cdfd9-c6a5-4abe-9c92-0d36fb7e13b7;2025-05-09 12:29:31.9673
1;5;-8;-9;3;1;-1;0;8f4cdfd9-c6a5-4abe-9c92-0d36fb7e13b7;2025-05-09 12:29:31.9673
-2;3;46;13;-1;-1;-3;-2;8f4cdfd9-c6a5-4abe-9c92-0d36fb7e13b7;2025-05-09 12:29:31.9822
-3;-13;-91;-22;-1;-1;0;0;8f4cdfd9-c6a5-4abe-9c92-0d36fb7e13b7;2025-05-09 12:29:31.9822
-2;-2;15;12;-2;0;-1;-1;8f4cdfd9-c6a5-4abe-9c92-0d36fb7e13b7;2025-05-09 12:29:31.9982
0;2;-19;-14;1;-1;0;-1;8f4cdfd9-c6a5-4abe-9c92-0d36fb7e13b7;2025-05-09 12:29:31.9982
-2;-4;-19;5;-4;-1;2;0;8f4cdfd9-c6a5-4abe-9c92-0d36fb7e13b7;2025-05-09 12:29:32.0132
-3;1;97;18;-2;-1;-1;-3;8f4cdfd9-c6a5-4abe-9c92-0d36fb7e13b7;2025-05-09 12:29:32.0132
0;-5;-47;-25;-4;1;-1;0;8f4cdfd9-c6a5-4abe-9c92-0d36fb7e13b7;2025-05-09 12:29:32.0281
-1;0;-17;-5;0;-2;-2;-1;8f4cdfd9-c6a5-4abe-9c92-0d36fb7e13b7;2025-05-09 12:29:32.0281
-1;1;6;-16;-5;-1;-1;-1;8f4cdfd9-c6a5-4abe-9c92-0d36fb7e13b7;2025-05-09 12:29:32.0431
0;2;29;12;4;2;1;0;8f4cdfd9-c6a5-4abe-9c92-0d36fb7e13b7;2025-05-09 12:29:32.0431
1;-7;-32;3;-2;-1;-2;0;8f4cdfd9-c6a5-4abe-9c92-0d36fb7e13b7;2025-05-09 12:29:32.0521
-1;2;23;4;-2;-4;-2;-1;8f4cdfd9-c6a5-4abe-9c92-0d36fb7e13b7;2025-05-09 12:29:32.0521
-1;2;-2;8;8;1;-3;0;8f4cdfd9-c6a5-4abe-9c92-0d36fb7e13b7;2025-05-09 12:29:32.0531
0;-2;-15;-8;2;0;-2;-1;8f4cdfd9-c6a5-4abe-9c92-0d36fb7e13b7;2025-05-09 12:29:32.0531
-1;1;8;-8;0;-2;-1;0;8f4cdfd9-c6a5-4abe-9c92-0d36fb7e13b7;2025-05-09 12:29:32.0580
-1;-1;-5;4;-5;0;-1;-4;8f4cdfd9-c6a5-4abe-9c92-0d36fb7e13b7;2025-05-09 12:29:32.0580
1;1;7;-5;0;-2;0;-1;8f4cdfd9-c6a5-4abe-9c92-0d36fb7e13b7;2025-05-09 12:29:32.0725
0;-3;-18;1;-2;-1;2;1;8f4cdfd9-c6a5-4abe-9c92-0d36fb7e13b7;2025-05-09 12:29:32.0725
-1;6;42;20;5;1;-2;-2;8f4cdfd9-c6a5-4abe-9c92-0d36fb7e13b7;2025-05-09 12:29:32.0805
-1;-9;-38;-9;-2;-2;-2;0;8f4cdfd9-c6a5-4abe-9c92-0d36fb7e13b7;2025-05-09 12:29:32.0805
0;-1;25;0;-3;-1;-3;1;8f4cdfd9-c6a5-4abe-9c92-0d36fb7e13b7;2025-05-09 12:29:32.1114
-2;-4;-23;6;-2;-1;-2;0;8f4cdfd9-c6a5-4abe-9c92-0d36fb7e13b7;2025-05-09 12:29:32.1114
1;4;28;6;3;-1;0;1;8f4cdfd9-c6a5-4abe-9c92-0d36fb7e13b7;2025-05-09 12:29:32.1124
-2;-1;-16;-23;-8;-2;-2;-1;8f4cdfd9-c6a5-4abe-9c92-0d36fb7e13b7;2025-05-09 12:29:32.1124
-1;-1;7;4;5;1;1;-1;8f4cdfd9-c6a5-4abe-9c92-0d36fb7e13b7;2025-05-09 12:29:32.1194
-3;2;4;12;-3;-1;-2;-2;8f4cdfd9-c6a5-4abe-9c92-0d36fb7e13b7;2025-05-09 12:29:32.1194
-1;-2;-2;4;2;1;2;0;8f4cdfd9-c6a5-4abe-9c92-0d36fb7e13b7;2025-05-09 12:29:32.1204
-1;-4;-7;8;-2;0;-2;0;8f4cdfd9-c6a5-4abe-9c92-0d36fb7e13b7;2025-05-09 12:29:32.1204
-2;-2;-22;-20;-8;-3;0;0;8f4cdfd9-c6a5-4abe-9c92-0d36fb7e13b7;2025-05-09 12:29:32.1403
0;1;6;-8;0;-1;1;-1;8f4cdfd9-c6a5-4abe-9c92-0d36fb7e13b7;2025-05-09 12:29:32.1403
-2;-6;-23;-2;-5;-2;-2;-2;8f4cdfd9-c6a5-4abe-9c92-0d36fb7e13b7;2025-05-09 12:29:32.1493
1;7;26;14;3;2;3;0;8f4cdfd9-c6a5-4abe-9c92-0d36fb7e13b7;2025-05-09 12:29:32.1493
-1;-3;-12;-4;-4;-1;-1;-1;8f4cdfd9-c6a5-4abe-9c92-0d36fb7e13b7;2025-05-09 12:29:32.1503
0;0;8;3;1;1;0;-1;8f4cdfd9-c6a5-4abe-9c92-0d36fb7e13b7;2025-05-09 12:29:32.1503
1;-4;-10;-19;-1;-2;-1;-1;8f4cdfd9-c6a5-4abe-9c92-0d36fb7e13b7;2025-05-09 12:29:32.1553
-1;-1;-4;-8;2;0;-2;-1;8f4cdfd9-c6a5-4abe-9c92-0d36fb7e13b7;2025-05-09 12:29:32.1553
-2;0;8;8;-2;-2;-1;0;8f4cdfd9-c6a5-4abe-9c92-0d36fb7e13b7;2025-05-09 12:29:32.1707
0;1;-18;-11;2;-1;0;-2;8f4cdfd9-c6a5-4abe-9c92-0d36fb7e13b7;2025-05-09 12:29:32.1707
-1;2;7;1;-4;-1;-1;0;8f4cdfd9-c6a5-4abe-9c92-0d36fb7e13b7;2025-05-09 12:29:32.1777
0;0;5;-2;2;1;-1;1;8f4cdfd9-c6a5-4abe-9c92-0d36fb7e13b7;2025-05-09 12:29:32.1777
-1;-2;-25;-4;-4;-1;-1;-2;8f4cdfd9-c6a5-4abe-9c92-0d36fb7e13b7;2025-05-09 12:29:32.1867
-1;-5;-14;4;0;-1;-1;2;8f4cdfd9-c6a5-4abe-9c92-0d36fb7e13b7;2025-05-09 12:29:32.1867
-2;-2;9;5;-1;-2;-2;-3;8f4cdfd9-c6a5-4abe-9c92-0d36fb7e13b7;2025-05-09 12:29:32.1937
-1;0;6;-3;1;-1;-1;-1;8f4cdfd9-c6a5-4abe-9c92-0d36fb7e13b7;2025-05-09 12:29:32.1937
1;2;15;-5;-2;0;0;-2;8f4cdfd9-c6a5-4abe-9c92-0d36fb7e13b7;2025-05-09 12:29:32.1997
1;1;-7;2;0;2;0;2;8f4cdfd9-c6a5-4abe-9c92-0d36fb7e13b7;2025-05-09 12:29:32.1997
-4;-7;-19;0;-3;-2;-2;-2;8f4cdfd9-c6a5-4abe-9c92-0d36fb7e13b7;2025-05-09 12:29:32.2166
-3;-3;-2;-3;-3;0;-1;1;8f4cdfd9-c6a5-4abe-9c92-0d36fb7e13b7;2025-05-09 12:29:32.2166
-1;-6;-30;-7;-1;-2;-2;-2;8f4cdfd9-c6a5-4abe-9c92-0d36fb7e13b7;2025-05-09 12:29:32.2176
-1;-3;-8;-9;-6;-5;-3;-1;8f4cdfd9-c6a5-4abe-9c92-0d36fb7e13b7;2025-05-09 12:29:32.2176
0;3;27;15;4;4;0;-1;8f4cdfd9-c6a5-4abe-9c92-0d36fb7e13b7;2025-05-09 12:29:32.2306
0;0;-7;3;2;-2;-1;-1;8f4cdfd9-c6a5-4abe-9c92-0d36fb7e13b7;2025-05-09 12:29:32.2306
0;-2;8;0;-4;1;-1;1;8f4cdfd9-c6a5-4abe-9c92-0d36fb7e13b7;2025-05-09 12:29:32.2446
-1;0;1;-4;1;0;-2;-3;8f4cdfd9-c6a5-4abe-9c92-0d36fb7e13b7;2025-05-09 12:29:32.2446
1;3;3;-10;-1;-1;0;-1;8f4cdfd9-c6a5-4abe-9c92-0d36fb7e13b7;2025-05-09 12:29:32.2535
-1;1;9;11;0;-1;-1;-2;8f4cdfd9-c6a5-4abe-9c92-0d36fb7e13b7;2025-05-09 12:29:32.2535
1;1;-7;2;1;-1;0;-3;8f4cdfd9-c6a5-4abe-9c92-0d36fb7e13b7;2025-05-09 12:29:32.2555
-3;-5;4;-10;-6;-3;-2;-2;8f4cdfd9-c6a5-4abe-9c92-0d36fb7e13b7;2025-05-09 12:29:32.2555
2;3;35;12;6;0;1;2;8f4cdfd9-c6a5-4abe-9c92-0d36fb7e13b7;2025-05-09 12:29:32.2760
-3;-6;-49;-23;-4;0;0;-1;8f4cdfd9-c6a5-4abe-9c92-0d36fb7e13b7;2025-05-09 12:29:32.2760
-1;-1;-6;-2;-1;-1;-1;0;8f4cdfd9-c6a5-4abe-9c92-0d36fb7e13b7;2025-05-09 12:29:32.2780
0;3;0;-3;0;0;1;-1;8f4cdfd9-c6a5-4abe-9c92-0d36fb7e13b7;2025-05-09 12:29:32.2780
-4;-4;19;-1;-3;-4;-3;-3;8f4cdfd9-c6a5-4abe-9c92-0d36fb7e13b7;2025-05-09 12:29:32.2899
0;6;35;28;8;1;0;0;8f4cdfd9-c6a5-4abe-9c92-0d36fb7e13b7;2025-05-09 12:29:32.2899
-1;-2;-16;-9;-2;-1;-1;0;8f4cdfd9-c6a5-4abe-9c92-0d36fb7e13b7;2025-05-09 12:29:32.3069
-1;-3;-4;-11;1;4;2;-1;8f4cdfd9-c6a5-4abe-9c92-0d36fb7e13b7;2025-05-09 12:29:32.3069
1;0;-1;-5;-3;0;-1;0;8f4cdfd9-c6a5-4abe-9c92-0d36fb7e13b7;2025-05-09 12:29:32.3139
-1;0;2;1;-3;0;-1;-1;8f4cdfd9-c6a5-4abe-9c92-0d36fb7e13b7;2025-05-09 12:29:32.3139
-2;-2;-4;1;0;-2;-1;-1;8f4cdfd9-c6a5-4abe-9c92-0d36fb7e13b7;2025-05-09 12:29:32.3159
-1;1;9;13;2;0;0;0;8f4cdfd9-c6a5-4abe-9c92-0d36fb7e13b7;2025-05-09 12:29:32.3159
1;1;-16;-20;-4;-2;0;-2;8f4cdfd9-c6a5-4abe-9c92-0d36fb7e13b7;2025-05-09 12:29:32.3358
-1;-1;3;-1;-1;-3;-2;-2;8f4cdfd9-c6a5-4abe-9c92-0d36fb7e13b7;2025-05-09 12:29:32.3358
-1;2;20;1;2;-1;0;0;8f4cdfd9-c6a5-4abe-9c92-0d36fb7e13b7;2025-05-09 12:29:32.3508
0;-1;-22;-4;1;0;1;1;8f4cdfd9-c6a5-4abe-9c92-0d36fb7e13b7;2025-05-09 12:29:32.3508
-3;-4;1;6;1;1;0;0;8f4cdfd9-c6a5-4abe-9c92-0d36fb7e13b7;2025-05-09 12:29:32.3518
1;-1;-2;-1;-2;-1;-2;-1;8f4cdfd9-c6a5-4abe-9c92-0d36fb7e13b7;2025-05-09 12:29:32.3518
0;-1;4;2;0;0;-1;-1;8f4cdfd9-c6a5-4abe-9c92-0d36fb7e13b7;2025-05-09 12:29:32.3588
0;2;19;26;1;-2;-3;-2;8f4cdfd9-c6a5-4abe-9c92-0d36fb7e13b7;2025-05-09 12:29:32.3588
0;-3;-17;-33;-2;-1;-1;-1;8f4cdfd9-c6a5-4abe-9c92-0d36fb7e13b7;2025-05-09 12:29:32.3742
-1;1;3;10;-6;-1;-3;-1;8f4cdfd9-c6a5-4abe-9c92-0d36fb7e13b7;2025-05-09 12:29:32.3742
1;3;21;14;3;-1;-1;0;8f4cdfd9-c6a5-4abe-9c92-0d36fb7e13b7;2025-05-09 12:29:32.3752
-5;-7;-12;0;-1;-2;-3;-2;8f4cdfd9-c6a5-4abe-9c92-0d36fb7e13b7;2025-05-09 12:29:32.3752
-1;0;-3;-2;1;1;1;1;8f4cdfd9-c6a5-4abe-9c92-0d36fb7e13b7;2025-05-09 12:29:32.3962
-3;-5;-31;-18;0;0;0;-2;8f4cdfd9-c6a5-4abe-9c92-0d36fb7e13b7;2025-05-09 12:29:32.3962
0;0;10;7;-2;0;-1;-1;8f4cdfd9-c6a5-4abe-9c92-0d36fb7e13b7;2025-05-09 12:29:32.4022
1;4;1;12;-3;-3;-1;0;8f4cdfd9-c6a5-4abe-9c92-0d36fb7e13b7;2025-05-09 12:29:32.4022
0;-1;6;9;7;2;-2;0;8f4cdfd9-c6a5-4abe-9c92-0d36fb7e13b7;2025-05-09 12:29:32.4101
-1;0;19;-4;-5;-2;1;-1;8f4cdfd9-c6a5-4abe-9c92-0d36fb7e13b7;2025-05-09 12:29:32.4101
0;-2;-22;-5;-1;-2;1;-1;8f4cdfd9-c6a5-4abe-9c92-0d36fb7e13b7;2025-05-09 12:29:32.4191
-1;-2;2;-4;1;-1;-1;-3;8f4cdfd9-c6a5-4abe-9c92-0d36fb7e13b7;2025-05-09 12:29:32.4191
0;-1;-16;-2;-4;-3;-1;-2;8f4cdfd9-c6a5-4abe-9c92-0d36fb7e13b7;2025-05-09 12:29:32.4341
2;2;29;6;1;0;0;-1;8f4cdfd9-c6a5-4abe-9c92-0d36fb7e13b7;2025-05-09 12:29:32.4341
-1;-5;-23;-9;-4;0;-1;-1;8f4cdfd9-c6a5-4abe-9c92-0d36fb7e13b7;2025-05-09 12:29:32.4351
-2;-4;9;-6;-5;-3;0;-2;8f4cdfd9-c6a5-4abe-9c92-0d36fb7e13b7;2025-05-09 12:29:32.4351
-1;0;-12;-9;5;1;0;0;8f4cdfd9-c6a5-4abe-9c92-0d36fb7e13b7;2025-05-09 12:29:32.4560
0;1;10;11;1;0;0;0;8f4cdfd9-c6a5-4abe-9c92-0d36fb7e13b7;2025-05-09 12:29:32.4560
-2;0;-5;-7;0;-3;-2;1;8f4cdfd9-c6a5-4abe-9c92-0d36fb7e13b7;2025-05-09 12:29:32.4625
-1;-2;-13;-4;-1;-2;-2;-2;8f4cdfd9-c6a5-4abe-9c92-0d36fb7e13b7;2025-05-09 12:29:32.4625
-1;0;1;4;-3;0;-2;0;8f4cdfd9-c6a5-4abe-9c92-0d36fb7e13b7;2025-05-09 12:29:32.4705
-2;-3;-3;-4;-3;-3;-1;-1;8f4cdfd9-c6a5-4abe-9c92-0d36fb7e13b7;2025-05-09 12:29:32.4705
-1;0;9;-8;1;-1;-1;-1;8f4cdfd9-c6a5-4abe-9c92-0d36fb7e13b7;2025-05-09 12:29:32.4854
0;1;8;7;2;3;0;1;8f4cdfd9-c6a5-4abe-9c92-0d36fb7e13b7;2025-05-09 12:29:32.4854
-1;-3;-1;-13;-8;0;1;-1;8f4cdfd9-c6a5-4abe-9c92-0d36fb7e13b7;2025-05-09 12:29:32.4934
0;2;1;12;7;0;0;-1;8f4cdfd9-c6a5-4abe-9c92-0d36fb7e13b7;2025-05-09 12:29:32.4934
-3;-4;-5;10;-2;-3;-3;0;8f4cdfd9-c6a5-4abe-9c92-0d36fb7e13b7;2025-05-09 12:29:32.4954
-1;-4;-18;-13;-12;-4;-1;1;8f4cdfd9-c6a5-4abe-9c92-0d36fb7e13b7;2025-05-09 12:29:32.4954
2;8;0;5;5;2;0;2;8f4cdfd9-c6a5-4abe-9c92-0d36fb7e13b7;2025-05-09 12:29:32.5164
-2;-9;1;-9;-3;-1;-2;0;8f4cdfd9-c6a5-4abe-9c92-0d36fb7e13b7;2025-05-09 12:29:32.5164
-2;-1;6;0;-5;-3;-1;-2;8f4cdfd9-c6a5-4abe-9c92-0d36fb7e13b7;2025-05-09 12:29:32.5184
0;1;2;3;6;1;-1;-1;8f4cdfd9-c6a5-4abe-9c92-0d36fb7e13b7;2025-05-09 12:29:32.5184
-2;-2;-7;-8;-7;-3;-3;-2;8f4cdfd9-c6a5-4abe-9c92-0d36fb7e13b7;2025-05-09 12:29:32.5303
0;0;-1;-3;-3;-2;1;-1;8f4cdfd9-c6a5-4abe-9c92-0d36fb7e13b7;2025-05-09 12:29:32.5303
-2;-1;7;-1;-1;-1;-1;-2;8f4cdfd9-c6a5-4abe-9c92-0d36fb7e13b7;2025-05-09 12:29:32.5393
-1;1;4;5;0;-2;-1;0;8f4cdfd9-c6a5-4abe-9c92-0d36fb7e13b7;2025-05-09 12:29:32.5393
-2;-3;-13;1;-3;0;1;0;8f4cdfd9-c6a5-4abe-9c92-0d36fb7e13b7;2025-05-09 12:29:32.5543
-2;-2;-21;-12;0;0;-1;-2;8f4cdfd9-c6a5-4abe-9c92-0d36fb7e13b7;2025-05-09 12:29:32.5543
-1;-2;2;0;1;1;0;-2;8f4cdfd9-c6a5-4abe-9c92-0d36fb7e13b7;2025-05-09 12:29:32.5553
3;11;8;-3;2;0;-1;1;8f4cdfd9-c6a5-4abe-9c92-0d36fb7e13b7;2025-05-09 12:29:32.5553
-4;-22;-4;4;-5;-5;-2;-4;8f4cdfd9-c6a5-4abe-9c92-0d36fb7e13b7;2025-05-09 12:29:32.5767
4;16;10;5;7;2;0;0;8f4cdfd9-c6a5-4abe-9c92-0d36fb7e13b7;2025-05-09 12:29:32.5767
-4;-11;-5;-4;-6;0;-1;-2;8f4cdfd9-c6a5-4abe-9c92-0d36fb7e13b7;2025-05-09 12:29:32.5777
-1;-1;3;-2;-2;0;1;-1;8f4cdfd9-c6a5-4abe-9c92-0d36fb7e13b7;2025-05-09 12:29:32.5777
-1;2;-4;2;-1;-3;0;0;8f4cdfd9-c6a5-4abe-9c92-0d36fb7e13b7;2025-05-09 12:29:32.5897
-1;0;-7;-2;-3;-1;0;0;8f4cdfd9-c6a5-4abe-9c92-0d36fb7e13b7;2025-05-09 12:29:32.5907
1;5;5;2;-1;0;0;-2;8f4cdfd9-c6a5-4abe-9c92-0d36fb7e13b7;2025-05-09 12:29:32.6066
-1;-2;-2;-3;0;0;-3;-1;8f4cdfd9-c6a5-4abe-9c92-0d36fb7e13b7;2025-05-09 12:29:32.6076
-2;-1;5;3;1;-2;-1;-1;8f4cdfd9-c6a5-4abe-9c92-0d36fb7e13b7;2025-05-09 12:29:32.6206
-2;-4;-4;-5;-4;0;0;-1;8f4cdfd9-c6a5-4abe-9c92-0d36fb7e13b7;2025-05-09 12:29:32.6206
3;2;2;2;1;0;2;0;8f4cdfd9-c6a5-4abe-9c92-0d36fb7e13b7;2025-05-09 12:29:32.6366
0;-4;-9;-6;-1;-3;0;-3;8f4cdfd9-c6a5-4abe-9c92-0d36fb7e13b7;2025-05-09 12:29:32.6366
2;9;5;5;1;-2;0;0;8f4cdfd9-c6a5-4abe-9c92-0d36fb7e13b7;2025-05-09 12:29:32.6375
-4;-13;-4;-1;-2;-1;-3;-2;8f4cdfd9-c6a5-4abe-9c92-0d36fb7e13b7;2025-05-09 12:29:32.6375
-1;-7;-3;-4;-3;-1;-2;0;8f4cdfd9-c6a5-4abe-9c92-0d36fb7e13b7;2025-05-09 12:29:32.6445
0;-6;-11;-2;-1;0;-1;-1;8f4cdfd9-c6a5-4abe-9c92-0d36fb7e13b7;2025-05-09 12:29:32.6445
2;4;-1;-9;-3;1;0;-1;8f4cdfd9-c6a5-4abe-9c92-0d36fb7e13b7;2025-05-09 12:29:32.6495
2;7;7;3;0;-1;-1;0;8f4cdfd9-c6a5-4abe-9c92-0d36fb7e13b7;2025-05-09 12:29:32.6505
-5;-16;-14;-10;-4;3;1;-2;8f4cdfd9-c6a5-4abe-9c92-0d36fb7e13b7;2025-05-09 12:29:32.6745
-1;4;6;-1;0;0;1;-1;8f4cdfd9-c6a5-4abe-9c92-0d36fb7e13b7;2025-05-09 12:29:32.6745
-3;-6;-5;2;-1;0;0;-1;8f4cdfd9-c6a5-4abe-9c92-0d36fb7e13b7;2025-05-09 12:29:32.6754
-3;-15;-13;-11;-6;-3;-3;-3;8f4cdfd9-c6a5-4abe-9c92-0d36fb7e13b7;2025-05-09 12:29:32.6754
0;3;-3;2;0;-1;-1;-1;8f4cdfd9-c6a5-4abe-9c92-0d36fb7e13b7;2025-05-09 12:29:32.6804
1;10;11;1;2;1;0;0;8f4cdfd9-c6a5-4abe-9c92-0d36fb7e13b7;2025-05-09 12:29:32.6804
-4;-16;-3;4;1;0;0;-2;8f4cdfd9-c6a5-4abe-9c92-0d36fb7e13b7;2025-05-09 12:29:32.6954
0;8;4;16;4;0;-1;-1;8f4cdfd9-c6a5-4abe-9c92-0d36fb7e13b7;2025-05-09 12:29:32.6954
1;5;-5;-18;1;-2;1;0;8f4cdfd9-c6a5-4abe-9c92-0d36fb7e13b7;2025-05-09 12:29:32.7104
-2;-6;-2;-4;-6;-1;-2;-3;8f4cdfd9-c6a5-4abe-9c92-0d36fb7e13b7;2025-05-09 12:29:32.7104
3;24;29;8;2;-1;0;-1;8f4cdfd9-c6a5-4abe-9c92-0d36fb7e13b7;2025-05-09 12:29:32.7193
-5;-21;-23;-6;-8;-4;-3;-2;8f4cdfd9-c6a5-4abe-9c92-0d36fb7e13b7;2025-05-09 12:29:32.7193
1;3;-1;-5;-1;-1;0;0;8f4cdfd9-c6a5-4abe-9c92-0d36fb7e13b7;2025-05-09 12:29:32.7203
-2;-6;-13;-3;4;0;-2;-1;8f4cdfd9-c6a5-4abe-9c92-0d36fb7e13b7;2025-05-09 12:29:32.7203
0;7;11;4;-2;-3;-3;-1;8f4cdfd9-c6a5-4abe-9c92-0d36fb7e13b7;2025-05-09 12:29:32.7403
3;9;6;2;3;1;2;1;8f4cdfd9-c6a5-4abe-9c92-0d36fb7e13b7;2025-05-09 12:29:32.7403
0;12;8;3;1;1;0;0;8f4cdfd9-c6a5-4abe-9c92-0d36fb7e13b7;2025-05-09 12:29:32.7632
-2;-4;-6;-6;0;0;-1;-1;8f4cdfd9-c6a5-4abe-9c92-0d36fb7e13b7;2025-05-09 12:29:32.7632
-1;-7;-14;-1;0;0;-2;0;8f4cdfd9-c6a5-4abe-9c92-0d36fb7e13b7;2025-05-09 12:29:32.7702
-2;-3;-4;-5;-3;-2;-1;-1;8f4cdfd9-c6a5-4abe-9c92-0d36fb7e13b7;2025-05-09 12:29:32.7702
-1;0;1;5;-1;-3;-2;-1;8f4cdfd9-c6a5-4abe-9c92-0d36fb7e13b7;2025-05-09 12:29:32.7871
0;1;7;0;-1;-3;-1;-2;8f4cdfd9-c6a5-4abe-9c92-0d36fb7e13b7;2025-05-09 12:29:32.7871
-2;-6;-11;1;0;-1;-1;0;8f4cdfd9-c6a5-4abe-9c92-0d36fb7e13b7;2025-05-09 12:29:32.7881
1;4;3;-11;-7;1;0;-1;8f4cdfd9-c6a5-4abe-9c92-0d36fb7e13b7;2025-05-09 12:29:32.7881
1;5;8;8;2;3;1;2;8f4cdfd9-c6a5-4abe-9c92-0d36fb7e13b7;2025-05-09 12:29:32.7891
-2;-2;-5;-3;-2;-2;-2;0;8f4cdfd9-c6a5-4abe-9c92-0d36fb7e13b7;2025-05-09 12:29:32.7891
-4;-6;-19;-10;-4;-4;-2;-2;8f4cdfd9-c6a5-4abe-9c92-0d36fb7e13b7;2025-05-09 12:29:32.7941
-1;-1;3;7;-1;-2;0;0;8f4cdfd9-c6a5-4abe-9c92-0d36fb7e13b7;2025-05-09 12:29:32.7941
-3;-7;-4;-3;0;-2;-2;-1;8f4cdfd9-c6a5-4abe-9c92-0d36fb7e13b7;2025-05-09 12:29:32.7951
2;-4;-19;-28;1;0;1;0;8f4cdfd9-c6a5-4abe-9c92-0d36fb7e13b7;2025-05-09 12:29:32.7951
-3;0;30;44;-9;-5;-3;-3;8f4cdfd9-c6a5-4abe-9c92-0d36fb7e13b7;2025-05-09 12:29:32.8151
-2;0;-5;-5;2;-1;0;-2;8f4cdfd9-c6a5-4abe-9c92-0d36fb7e13b7;2025-05-09 12:29:32.8161
0;-2;4;7;-2;0;0;-1;8f4cdfd9-c6a5-4abe-9c92-0d36fb7e13b7;2025-05-09 12:29:32.8450
1;4;2;5;-3;1;-1;0;8f4cdfd9-c6a5-4abe-9c92-0d36fb7e13b7;2025-05-09 12:29:32.8460
1;-1;-13;-25;0;1;1;1;8f4cdfd9-c6a5-4abe-9c92-0d36fb7e13b7;2025-05-09 12:29:32.8550
-1;-1;4;4;-2;-3;-2;-2;8f4cdfd9-c6a5-4abe-9c92-0d36fb7e13b7;2025-05-09 12:29:32.8550
-2;-2;-1;8;-1;0;-2;0;8f4cdfd9-c6a5-4abe-9c92-0d36fb7e13b7;2025-05-09 12:29:32.8570
0;3;0;-7;-2;-2;0;-2;8f4cdfd9-c6a5-4abe-9c92-0d36fb7e13b7;2025-05-09 12:29:32.8570
0;0;-5;-7;2;1;0;-1;8f4cdfd9-c6a5-4abe-9c92-0d36fb7e13b7;2025-05-09 12:29:32.8580
0;0;1;2;0;3;0;0;8f4cdfd9-c6a5-4abe-9c92-0d36fb7e13b7;2025-05-09 12:29:32.8580
0;1;-8;-10;-1;-2;0;-1;8f4cdfd9-c6a5-4abe-9c92-0d36fb7e13b7;2025-05-09 12:29:32.8610
-1;-3;8;9;-3;-5;-5;-1;8f4cdfd9-c6a5-4abe-9c92-0d36fb7e13b7;2025-05-09 12:29:32.8619
1;1;-2;0;-1;2;-1;-1;8f4cdfd9-c6a5-4abe-9c92-0d36fb7e13b7;2025-05-09 12:29:32.8749
1;-1;8;1;3;2;0;2;8f4cdfd9-c6a5-4abe-9c92-0d36fb7e13b7;2025-05-09 12:29:32.8759
-2;2;-8;-1;-2;-2;0;-2;8f4cdfd9-c6a5-4abe-9c92-0d36fb7e13b7;2025-05-09 12:29:32.8909
0;-1;-2;-3;-4;1;0;-1;8f4cdfd9-c6a5-4abe-9c92-0d36fb7e13b7;2025-05-09 12:29:32.8909
-1;-2;-7;-5;3;1;1;0;8f4cdfd9-c6a5-4abe-9c92-0d36fb7e13b7;2025-05-09 12:29:32.8979
1;4;7;-4;-1;-3;-2;-2;8f4cdfd9-c6a5-4abe-9c92-0d36fb7e13b7;2025-05-09 12:29:32.8979
-1;-2;6;6;-3;1;-3;1;8f4cdfd9-c6a5-4abe-9c92-0d36fb7e13b7;2025-05-09 12:29:32.9218
-1;-2;2;6;8;0;0;0;8f4cdfd9-c6a5-4abe-9c92-0d36fb7e13b7;2025-05-09 12:29:32.9218
0;1;0;-5;-3;0;0;0;8f4cdfd9-c6a5-4abe-9c92-0d36fb7e13b7;2025-05-09 12:29:32.9228
-1;-2;-12;-6;-1;-2;-1;1;8f4cdfd9-c6a5-4abe-9c92-0d36fb7e13b7;2025-05-09 12:29:32.9228
3;8;48;17;4;-2;-1;0;8f4cdfd9-c6a5-4abe-9c92-0d36fb7e13b7;2025-05-09 12:29:32.9248
-8;-16;-78;-38;-15;-4;-1;-2;8f4cdfd9-c6a5-4abe-9c92-0d36fb7e13b7;2025-05-09 12:29:32.9248
1;1;1;1;2;-1;2;-1;8f4cdfd9-c6a5-4abe-9c92-0d36fb7e13b7;2025-05-09 12:29:32.9358
-2;-3;-7;-2;2;1;1;0;8f4cdfd9-c6a5-4abe-9c92-0d36fb7e13b7;2025-05-09 12:29:32.9358
0;-1;-13;-4;-2;-2;-1;-4;8f4cdfd9-c6a5-4abe-9c92-0d36fb7e13b7;2025-05-09 12:29:32.9497
2;6;42;14;0;4;-1;-1;8f4cdfd9-c6a5-4abe-9c92-0d36fb7e13b7;2025-05-09 12:29:32.9497
-1;-1;1;-4;0;-1;0;-2;8f4cdfd9-c6a5-4abe-9c92-0d36fb7e13b7;2025-05-09 12:29:32.9577
-1;-1;-10;-2;-1;-2;-2;1;8f4cdfd9-c6a5-4abe-9c92-0d36fb7e13b7;2025-05-09 12:29:32.9577
0;-1;5;-4;0;0;-1;0;8f4cdfd9-c6a5-4abe-9c92-0d36fb7e13b7;2025-05-09 12:29:32.9727
-1;-1;10;9;-1;-2;-1;-2;8f4cdfd9-c6a5-4abe-9c92-0d36fb7e13b7;2025-05-09 12:29:32.9727
-3;-2;-10;-6;-8;-1;-1;-1;8f4cdfd9-c6a5-4abe-9c92-0d36fb7e13b7;2025-05-09 12:29:32.9806
1;2;4;3;12;3;0;-1;8f4cdfd9-c6a5-4abe-9c92-0d36fb7e13b7;2025-05-09 12:29:32.9806
-2;-4;-6;-2;-9;-2;-1;-1;8f4cdfd9-c6a5-4abe-9c92-0d36fb7e13b7;2025-05-09 12:29:33.0106
0;2;14;10;2;0;0;1;8f4cdfd9-c6a5-4abe-9c92-0d36fb7e13b7;2025-05-09 12:29:33.0106
-2;-4;-20;-15;-6;-3;-2;-1;8f4cdfd9-c6a5-4abe-9c92-0d36fb7e13b7;2025-05-09 12:29:33.0205
-2;0;6;-4;-4;-3;-1;0;8f4cdfd9-c6a5-4abe-9c92-0d36fb7e13b7;2025-05-09 12:29:33.0205
-1;-1;-3;-3;0;1;1;-1;8f4cdfd9-c6a5-4abe-9c92-0d36fb7e13b7;2025-05-09 12:29:33.0215
-1;-4;-10;0;-2;-3;-2;-2;8f4cdfd9-c6a5-4abe-9c92-0d36fb7e13b7;2025-05-09 12:29:33.0215
1;3;9;11;4;0;0;0;8f4cdfd9-c6a5-4abe-9c92-0d36fb7e13b7;2025-05-09 12:29:33.0225
0;-1;-6;-5;-3;-2;-1;-1;8f4cdfd9-c6a5-4abe-9c92-0d36fb7e13b7;2025-05-09 12:29:33.0225
-3;-8;-40;-17;-3;-2;-1;-3;8f4cdfd9-c6a5-4abe-9c92-0d36fb7e13b7;2025-05-09 12:29:33.0265
-2;-2;12;5;-1;-1;-1;-1;8f4cdfd9-c6a5-4abe-9c92-0d36fb7e13b7;2025-05-09 12:29:33.0265
3;3;6;-1;2;-1;-1;1;8f4cdfd9-c6a5-4abe-9c92-0d36fb7e13b7;2025-05-09 12:29:33.0325
-2;-1;-7;-7;-2;0;-2;-2;8f4cdfd9-c6a5-4abe-9c92-0d36fb7e13b7;2025-05-09 12:29:33.0325
-2;-3;18;1;-2;-1;0;-1;8f4cdfd9-c6a5-4abe-9c92-0d36fb7e13b7;2025-05-09 12:29:33.0475
3;3;5;1;4;-2;1;2;8f4cdfd9-c6a5-4abe-9c92-0d36fb7e13b7;2025-05-09 12:29:33.0475
-2;0;11;6;3;0;0;-1;8f4cdfd9-c6a5-4abe-9c92-0d36fb7e13b7;2025-05-09 12:29:33.0554
1;2;9;5;-1;1;1;0;8f4cdfd9-c6a5-4abe-9c92-0d36fb7e13b7;2025-05-09 12:29:33.0554
-2;-3;-17;-3;1;-1;-3;-1;8f4cdfd9-c6a5-4abe-9c92-0d36fb7e13b7;2025-05-09 12:29:33.0704
-1;0;-14;-2;1;3;1;-1;8f4cdfd9-c6a5-4abe-9c92-0d36fb7e13b7;2025-05-09 12:29:33.0704
0;0;18;18;-3;-2;-2;1;8f4cdfd9-c6a5-4abe-9c92-0d36fb7e13b7;2025-05-09 12:29:33.0784
-2;-3;9;-13;-4;-4;-2;-3;8f4cdfd9-c6a5-4abe-9c92-0d36fb7e13b7;2025-05-09 12:29:33.0784
-1;-1;7;0;1;0;-1;0;8f4cdfd9-c6a5-4abe-9c92-0d36fb7e13b7;2025-05-09 12:29:33.0863
-2;-2;1;2;-1;0;-1;-2;8f4cdfd9-c6a5-4abe-9c92-0d36fb7e13b7;2025-05-09 12:29:33.0863
2;1;-6;-2;1;0;-1;0;8f4cdfd9-c6a5-4abe-9c92-0d36fb7e13b7;2025-05-09 12:29:33.0933
0;-1;8;7;-1;0;1;-2;8f4cdfd9-c6a5-4abe-9c92-0d36fb7e13b7;2025-05-09 12:29:33.0933
0;1;-5;2;-4;-2;-2;-1;8f4cdfd9-c6a5-4abe-9c92-0d36fb7e13b7;2025-05-09 12:29:33.1153
0;-2;4;-1;5;1;-2;-1;8f4cdfd9-c6a5-4abe-9c92-0d36fb7e13b7;2025-05-09 12:29:33.1153
1;2;3;-6;4;4;-1;-2;8f4cdfd9-c6a5-4abe-9c92-0d36fb7e13b7;2025-05-09 12:29:33.1232
-2;-10;-16;2;-2;0;-1;-1;8f4cdfd9-c6a5-4abe-9c92-0d36fb7e13b7;2025-05-09 12:29:33.1232
-1;-3;-1;-4;-6;1;2;-1;8f4cdfd9-c6a5-4abe-9c92-0d36fb7e13b7;2025-05-09 12:29:33.1452
-1;1;13;13;-4;-4;-1;0;8f4cdfd9-c6a5-4abe-9c92-0d36fb7e13b7;2025-05-09 12:29:33.1452
0;5;16;-12;2;0;-2;-1;8f4cdfd9-c6a5-4abe-9c92-0d36fb7e13b7;2025-05-09 12:29:33.1542
-1;-4;-71;-15;1;-2;-1;0;8f4cdfd9-c6a5-4abe-9c92-0d36fb7e13b7;2025-05-09 12:29:33.1542
-1;-1;4;1;2;-2;-2;-2;8f4cdfd9-c6a5-4abe-9c92-0d36fb7e13b7;2025-05-09 12:29:33.1562
-1;-2;5;3;3;1;-1;-1;8f4cdfd9-c6a5-4abe-9c92-0d36fb7e13b7;2025-05-09 12:29:33.1562
0;3;38;26;-4;-1;0;0;8f4cdfd9-c6a5-4abe-9c92-0d36fb7e13b7;2025-05-09 12:29:33.1611
-3;-4;-32;-27;-5;-4;-1;0;8f4cdfd9-c6a5-4abe-9c92-0d36fb7e13b7;2025-05-09 12:29:33.1611
-1;-2;0;-6;1;1;-1;1;8f4cdfd9-c6a5-4abe-9c92-0d36fb7e13b7;2025-05-09 12:29:33.1631
-2;-1;2;-3;-2;-2;-1;-1;8f4cdfd9-c6a5-4abe-9c92-0d36fb7e13b7;2025-05-09 12:29:33.1631
-4;-6;-20;-11;-5;-1;-1;-2;8f4cdfd9-c6a5-4abe-9c92-0d36fb7e13b7;2025-05-09 12:29:33.1756
4;5;36;16;1;1;0;0;8f4cdfd9-c6a5-4abe-9c92-0d36fb7e13b7;2025-05-09 12:29:33.1756
0;0;-2;4;1;-1;0;1;8f4cdfd9-c6a5-4abe-9c92-0d36fb7e13b7;2025-05-09 12:29:33.1836
0;-2;-1;-8;-6;-3;-1;-1;8f4cdfd9-c6a5-4abe-9c92-0d36fb7e13b7;2025-05-09 12:29:33.1846
-2;-3;-13;-1;0;1;-2;-1;8f4cdfd9-c6a5-4abe-9c92-0d36fb7e13b7;2025-05-09 12:29:33.1976
-1;1;28;10;-2;1;0;-2;8f4cdfd9-c6a5-4abe-9c92-0d36fb7e13b7;2025-05-09 12:29:33.1976
1;-2;-30;-4;-1;1;1;0;8f4cdfd9-c6a5-4abe-9c92-0d36fb7e13b7;2025-05-09 12:29:33.2225
-2;-2;-7;-4;-3;0;-2;-1;8f4cdfd9-c6a5-4abe-9c92-0d36fb7e13b7;2025-05-09 12:29:33.2225
-1;-2;-18;-6;-4;-3;-1;-1;8f4cdfd9-c6a5-4abe-9c92-0d36fb7e13b7;2025-05-09 12:29:33.2225
-1;1;16;8;-5;-3;0;1;8f4cdfd9-c6a5-4abe-9c92-0d36fb7e13b7;2025-05-09 12:29:33.2225
1;0;2;-3;2;-1;-2;0;8f4cdfd9-c6a5-4abe-9c92-0d36fb7e13b7;2025-05-09 12:29:33.2245
1;1;4;3;1;-1;1;-1;8f4cdfd9-c6a5-4abe-9c92-0d36fb7e13b7;2025-05-09 12:29:33.2245
1;-3;-12;-1;5;-1;0;0;8f4cdfd9-c6a5-4abe-9c92-0d36fb7e13b7;2025-05-09 12:29:33.2504
-3;-2;-20;-15;-3;1;-1;-2;8f4cdfd9-c6a5-4abe-9c92-0d36fb7e13b7;2025-05-09 12:29:33.2504
1;2;15;5;0;0;-1;0;8f4cdfd9-c6a5-4abe-9c92-0d36fb7e13b7;2025-05-09 12:29:33.2654
-1;0;0;7;3;1;-1;-3;8f4cdfd9-c6a5-4abe-9c92-0d36fb7e13b7;2025-05-09 12:29:33.2654
-1;-6;-6;-15;-11;-3;-1;-1;8f4cdfd9-c6a5-4abe-9c92-0d36fb7e13b7;2025-05-09 12:29:33.2734
-1;2;11;18;11;1;-1;-1;8f4cdfd9-c6a5-4abe-9c92-0d36fb7e13b7;2025-05-09 12:29:33.2734
6;11;48;33;-3;7;5;3;8f4cdfd9-c6a5-4abe-9c92-0d36fb7e13b7;2025-05-09 12:29:33.2833
-3;-9;-35;-45;-7;-4;-1;-4;8f4cdfd9-c6a5-4abe-9c92-0d36fb7e13b7;2025-05-09 12:29:33.2833
-1;-7;-47;-29;-4;-3;-1;-2;8f4cdfd9-c6a5-4abe-9c92-0d36fb7e13b7;2025-05-09 12:29:33.2843
-2;0;7;0;-2;-4;-2;-2;8f4cdfd9-c6a5-4abe-9c92-0d36fb7e13b7;2025-05-09 12:29:33.2843
-1;0;-7;-6;-2;-5;0;-1;8f4cdfd9-c6a5-4abe-9c92-0d36fb7e13b7;2025-05-09 12:29:33.2873
2;7;36;28;4;1;2;1;8f4cdfd9-c6a5-4abe-9c92-0d36fb7e13b7;2025-05-09 12:29:33.2873
-2;2;30;16;-1;-1;-1;-1;8f4cdfd9-c6a5-4abe-9c92-0d36fb7e13b7;2025-05-09 12:29:33.2953
-1;-4;-41;-17;-4;-2;-1;-1;8f4cdfd9-c6a5-4abe-9c92-0d36fb7e13b7;2025-05-09 12:29:33.2953
-3;-1;1;6;0;-1;-2;0;8f4cdfd9-c6a5-4abe-9c92-0d36fb7e13b7;2025-05-09 12:29:33.3043
1;2;15;5;1;2;0;0;8f4cdfd9-c6a5-4abe-9c92-0d36fb7e13b7;2025-05-09 12:29:33.3043
-1;-9;-20;-8;1;-3;0;0;8f4cdfd9-c6a5-4abe-9c92-0d36fb7e13b7;2025-05-09 12:29:33.3192
2;3;19;11;-2;0;0;1;8f4cdfd9-c6a5-4abe-9c92-0d36fb7e13b7;2025-05-09 12:29:33.3192
-2;-3;-6;-8;-2;-1;-2;0;8f4cdfd9-c6a5-4abe-9c92-0d36fb7e13b7;2025-05-09 12:29:33.3202
-3;-2;-10;-6;1;-1;-1;0;8f4cdfd9-c6a5-4abe-9c92-0d36fb7e13b7;2025-05-09 12:29:33.3202
-1;2;6;3;-1;2;-2;-1;8f4cdfd9-c6a5-4abe-9c92-0d36fb7e13b7;2025-05-09 12:29:33.3322
-1;1;12;6;0;1;-1;1;8f4cdfd9-c6a5-4abe-9c92-0d36fb7e13b7;2025-05-09 12:29:33.3322
-2;-5;-13;-14;-3;-3;-3;-1;8f4cdfd9-c6a5-4abe-9c92-0d36fb7e13b7;2025-05-09 12:29:33.3412
0;0;-10;-5;-2;-2;-1;1;8f4cdfd9-c6a5-4abe-9c92-0d36fb7e13b7;2025-05-09 12:29:33.3412
2;5;23;19;11;5;-1;1;8f4cdfd9-c6a5-4abe-9c92-0d36fb7e13b7;2025-05-09 12:29:33.3561
-1;-7;-14;-17;-5;-3;-2;-3;8f4cdfd9-c6a5-4abe-9c92-0d36fb7e13b7;2025-05-09 12:29:33.3561
-2;-3;-8;-2;-1;-2;-1;-2;8f4cdfd9-c6a5-4abe-9c92-0d36fb7e13b7;2025-05-09 12:29:33.3581
0;-5;-9;-3;-3;0;-2;0;8f4cdfd9-c6a5-4abe-9c92-0d36fb7e13b7;2025-05-09 12:29:33.3581
-2;0;1;-3;-7;-4;-1;-3;8f4cdfd9-c6a5-4abe-9c92-0d36fb7e13b7;2025-05-09 12:29:33.3861
1;0;4;5;2;0;-1;-1;8f4cdfd9-c6a5-4abe-9c92-0d36fb7e13b7;2025-05-09 12:29:33.3861
1;7;46;20;7;0;1;0;8f4cdfd9-c6a5-4abe-9c92-0d36fb7e13b7;2025-05-09 12:29:33.3881
-3;-15;-78;-37;-12;-5;-1;-2;8f4cdfd9-c6a5-4abe-9c92-0d36fb7e13b7;2025-05-09 12:29:33.3881
1;1;25;2;-1;0;1;0;8f4cdfd9-c6a5-4abe-9c92-0d36fb7e13b7;2025-05-09 12:29:33.3921
-2;-3;-15;-4;-1;-1;-1;1;8f4cdfd9-c6a5-4abe-9c92-0d36fb7e13b7;2025-05-09 12:29:33.3931
-2;-2;1;-2;-2;-4;-2;-1;8f4cdfd9-c6a5-4abe-9c92-0d36fb7e13b7;2025-05-09 12:29:33.4180
2;6;20;12;2;3;1;1;8f4cdfd9-c6a5-4abe-9c92-0d36fb7e13b7;2025-05-09 12:29:33.4180
0;-3;-6;-2;1;0;0;-1;8f4cdfd9-c6a5-4abe-9c92-0d36fb7e13b7;2025-05-09 12:29:33.4190
0;-1;2;-3;-4;-2;-1;0;8f4cdfd9-c6a5-4abe-9c92-0d36fb7e13b7;2025-05-09 12:29:33.4190
0;1;-8;-6;2;2;-1;1;8f4cdfd9-c6a5-4abe-9c92-0d36fb7e13b7;2025-05-09 12:29:33.4220
1;4;27;14;0;0;-1;0;8f4cdfd9-c6a5-4abe-9c92-0d36fb7e13b7;2025-05-09 12:29:33.4230
-1;-3;-6;8;2;-1;0;-1;8f4cdfd9-c6a5-4abe-9c92-0d36fb7e13b7;2025-05-09 12:29:33.4389
-3;-4;-21;-13;-3;-1;0;1;8f4cdfd9-c6a5-4abe-9c92-0d36fb7e13b7;2025-05-09 12:29:33.4389
-3;-5;-15;-9;-2;-1;-1;-2;8f4cdfd9-c6a5-4abe-9c92-0d36fb7e13b7;2025-05-09 12:29:33.4409
-1;1;10;5;-1;-1;-1;0;8f4cdfd9-c6a5-4abe-9c92-0d36fb7e13b7;2025-05-09 12:29:33.4409
-2;3;15;14;2;1;-1;0;8f4cdfd9-c6a5-4abe-9c92-0d36fb7e13b7;2025-05-09 12:29:33.4529
0;-4;-24;-21;-6;0;0;-1;8f4cdfd9-c6a5-4abe-9c92-0d36fb7e13b7;2025-05-09 12:29:33.4529
-2;-5;-5;2;4;2;0;-2;8f4cdfd9-c6a5-4abe-9c92-0d36fb7e13b7;2025-05-09 12:29:33.4619
-2;0;9;23;-4;-2;-1;-2;8f4cdfd9-c6a5-4abe-9c92-0d36fb7e13b7;2025-05-09 12:29:33.4619
0;-1;4;-10;-1;1;-1;0;8f4cdfd9-c6a5-4abe-9c92-0d36fb7e13b7;2025-05-09 12:29:33.4768
-1;3;21;21;0;-3;-1;1;8f4cdfd9-c6a5-4abe-9c92-0d36fb7e13b7;2025-05-09 12:29:33.4768
1;0;2;-17;-4;-1;0;0;8f4cdfd9-c6a5-4abe-9c92-0d36fb7e13b7;2025-05-09 12:29:33.4778
0;-4;-25;-4;-4;-2;-2;0;8f4cdfd9-c6a5-4abe-9c92-0d36fb7e13b7;2025-05-09 12:29:33.4778
-1;-3;-12;-2;2;-2;-1;0;8f4cdfd9-c6a5-4abe-9c92-0d36fb7e13b7;2025-05-09 12:29:33.4988
2;1;2;0;3;5;1;1;8f4cdfd9-c6a5-4abe-9c92-0d36fb7e13b7;2025-05-09 12:29:33.4988
1;1;16;2;-2;-1;-1;-1;8f4cdfd9-c6a5-4abe-9c92-0d36fb7e13b7;2025-05-09 12:29:33.5008
-2;3;19;4;3;1;0;-1;8f4cdfd9-c6a5-4abe-9c92-0d36fb7e13b7;2025-05-09 12:29:33.5008
-2;-4;-25;-7;-2;-1;1;-1;8f4cdfd9-c6a5-4abe-9c92-0d36fb7e13b7;2025-05-09 12:29:33.5127
-1;1;13;-4;-4;0;0;-2;8f4cdfd9-c6a5-4abe-9c92-0d36fb7e13b7;2025-05-09 12:29:33.5127
-1;-3;-11;6;1;-1;0;0;8f4cdfd9-c6a5-4abe-9c92-0d36fb7e13b7;2025-05-09 12:29:33.5217
-1;2;4;-6;-1;-1;0;-2;8f4cdfd9-c6a5-4abe-9c92-0d36fb7e13b7;2025-05-09 12:29:33.5217
-2;-2;-11;-9;-6;-3;-1;-2;8f4cdfd9-c6a5-4abe-9c92-0d36fb7e13b7;2025-05-09 12:29:33.5367
1;2;23;12;2;-1;-2;-2;8f4cdfd9-c6a5-4abe-9c92-0d36fb7e13b7;2025-05-09 12:29:33.5367
0;-3;-12;-3;-2;-2;0;-2;8f4cdfd9-c6a5-4abe-9c92-0d36fb7e13b7;2025-05-09 12:29:33.5377
-1;-2;1;-7;-1;-1;0;0;8f4cdfd9-c6a5-4abe-9c92-0d36fb7e13b7;2025-05-09 12:29:33.5377
0;1;4;-3;-3;-1;-3;-1;8f4cdfd9-c6a5-4abe-9c92-0d36fb7e13b7;2025-05-09 12:29:33.5586
2;3;6;8;5;1;2;1;8f4cdfd9-c6a5-4abe-9c92-0d36fb7e13b7;2025-05-09 12:29:33.5586
-1;-3;1;1;-4;0;-2;-2;8f4cdfd9-c6a5-4abe-9c92-0d36fb7e13b7;2025-05-09 12:29:33.5905
-2;-2;-3;-7;0;-3;0;-1;8f4cdfd9-c6a5-4abe-9c92-0d36fb7e13b7;2025-05-09 12:29:33.5905
2;1;0;4;0;-1;-1;0;8f4cdfd9-c6a5-4abe-9c92-0d36fb7e13b7;2025-05-09 12:29:33.5915
-3;-3;4;-11;-2;-2;-1;-2;8f4cdfd9-c6a5-4abe-9c92-0d36fb7e13b7;2025-05-09 12:29:33.5915
-2;-1;-24;0;-1;-1;-1;-1;8f4cdfd9-c6a5-4abe-9c92-0d36fb7e13b7;2025-05-09 12:29:33.5965
-1;0;6;8;0;0;-1;-1;8f4cdfd9-c6a5-4abe-9c92-0d36fb7e13b7;2025-05-09 12:29:33.5965
-3;-3;-6;-8;1;2;1;-1;8f4cdfd9-c6a5-4abe-9c92-0d36fb7e13b7;2025-05-09 12:29:33.6105
-2;-2;3;-2;-8;-2;-2;0;8f4cdfd9-c6a5-4abe-9c92-0d36fb7e13b7;2025-05-09 12:29:33.6105
-1;-1;1;-1;6;-1;-1;-1;8f4cdfd9-c6a5-4abe-9c92-0d36fb7e13b7;2025-05-09 12:29:33.6284
1;0;-2;2;2;1;-1;-1;8f4cdfd9-c6a5-4abe-9c92-0d36fb7e13b7;2025-05-09 12:29:33.6284
1;-1;-6;-12;-6;-1;0;1;8f4cdfd9-c6a5-4abe-9c92-0d36fb7e13b7;2025-05-09 12:29:33.6294
-1;0;0;10;10;4;0;-1;8f4cdfd9-c6a5-4abe-9c92-0d36fb7e13b7;2025-05-09 12:29:33.6294
-1;-1;0;-7;-8;-2;0;-2;8f4cdfd9-c6a5-4abe-9c92-0d36fb7e13b7;2025-05-09 12:29:33.6324
-1;-1;-1;0;0;-2;-2;-1;8f4cdfd9-c6a5-4abe-9c92-0d36fb7e13b7;2025-05-09 12:29:33.6334
-1;0;4;2;-2;-2;-2;-1;8f4cdfd9-c6a5-4abe-9c92-0d36fb7e13b7;2025-05-09 12:29:33.6404
0;-2;-12;-2;-5;-5;-2;1;8f4cdfd9-c6a5-4abe-9c92-0d36fb7e13b7;2025-05-09 12:29:33.6404
-1;0;-4;-2;4;0;1;0;8f4cdfd9-c6a5-4abe-9c92-0d36fb7e13b7;2025-05-09 12:29:33.6633
-2;-1;2;0;0;-2;-1;-1;8f4cdfd9-c6a5-4abe-9c92-0d36fb7e13b7;2025-05-09 12:29:33.6633
-2;-2;-2;0;-5;-4;-1;0;8f4cdfd9-c6a5-4abe-9c92-0d36fb7e13b7;2025-05-09 12:29:33.6703
-2;0;8;1;-26;-10;-3;-3;8f4cdfd9-c6a5-4abe-9c92-0d36fb7e13b7;2025-05-09 12:29:33.6703
0;-2;-6;4;20;10;1;1;8f4cdfd9-c6a5-4abe-9c92-0d36fb7e13b7;2025-05-09 12:29:33.6873
3;1;-5;-22;-12;6;3;2;8f4cdfd9-c6a5-4abe-9c92-0d36fb7e13b7;2025-05-09 12:29:33.6873
-2;-1;-2;-7;-18;-8;-3;-2;8f4cdfd9-c6a5-4abe-9c92-0d36fb7e13b7;2025-05-09 12:29:33.6873
0;-1;1;11;56;10;0;1;8f4cdfd9-c6a5-4abe-9c92-0d36fb7e13b7;2025-05-09 12:29:33.6873
-3;0;-2;8;-40;-19;-4;-1;8f4cdfd9-c6a5-4abe-9c92-0d36fb7e13b7;2025-05-09 12:29:33.7022
-4;-5;3;-14;1;4;-3;-3;8f4cdfd9-c6a5-4abe-9c92-0d36fb7e13b7;2025-05-09 12:29:33.7022
2;-2;-13;12;38;15;4;3;8f4cdfd9-c6a5-4abe-9c92-0d36fb7e13b7;2025-05-09 12:29:33.7022
-1;-1;2;4;-20;-6;-3;-2;8f4cdfd9-c6a5-4abe-9c92-0d36fb7e13b7;2025-05-09 12:29:33.7032
0;1;-2;-7;2;1;-3;-1;8f4cdfd9-c6a5-4abe-9c92-0d36fb7e13b7;2025-05-09 12:29:33.7042
-1;-1;1;7;-3;-7;-3;-3;8f4cdfd9-c6a5-4abe-9c92-0d36fb7e13b7;2025-05-09 12:29:33.7042
1;15;8;-2;-16;-9;-3;0;8f4cdfd9-c6a5-4abe-9c92-0d36fb7e13b7;2025-05-09 12:29:33.7152
-7;-16;-3;-13;-4;2;-1;-2;8f4cdfd9-c6a5-4abe-9c92-0d36fb7e13b7;2025-05-09 12:29:33.7152
-4;-12;-4;0;4;0;-2;-1;8f4cdfd9-c6a5-4abe-9c92-0d36fb7e13b7;2025-05-09 12:29:33.7381
-1;0;-1;1;-13;-8;-2;0;8f4cdfd9-c6a5-4abe-9c92-0d36fb7e13b7;2025-05-09 12:29:33.7381
-2;-2;2;-2;0;1;-2;-2;8f4cdfd9-c6a5-4abe-9c92-0d36fb7e13b7;2025-05-09 12:29:33.7451
3;13;-3;6;4;1;0;0;8f4cdfd9-c6a5-4abe-9c92-0d36fb7e13b7;2025-05-09 12:29:33.7451
5;21;6;0;6;3;1;1;8f4cdfd9-c6a5-4abe-9c92-0d36fb7e13b7;2025-05-09 12:29:33.7551
-10;-37;-18;-13;-6;0;-1;-5;8f4cdfd9-c6a5-4abe-9c92-0d36fb7e13b7;2025-05-09 12:29:33.7551
-2;-1;0;5;4;0;0;-2;8f4cdfd9-c6a5-4abe-9c92-0d36fb7e13b7;2025-05-09 12:29:33.7551
-1;-4;4;0;-2;0;1;0;8f4cdfd9-c6a5-4abe-9c92-0d36fb7e13b7;2025-05-09 12:29:33.7551
-3;-6;0;-6;-6;-4;-2;-2;8f4cdfd9-c6a5-4abe-9c92-0d36fb7e13b7;2025-05-09 12:29:33.7671
5;23;10;12;16;1;1;1;8f4cdfd9-c6a5-4abe-9c92-0d36fb7e13b7;2025-05-09 12:29:33.7681
0;-3;-19;-6;-8;-1;1;1;8f4cdfd9-c6a5-4abe-9c92-0d36fb7e13b7;2025-05-09 12:29:33.7750
-5;-10;-5;-9;-14;-2;0;-3;8f4cdfd9-c6a5-4abe-9c92-0d36fb7e13b7;2025-05-09 12:29:33.7760
1;6;3;-2;6;2;2;1;8f4cdfd9-c6a5-4abe-9c92-0d36fb7e13b7;2025-05-09 12:29:33.7980
0;7;3;9;5;-1;1;1;8f4cdfd9-c6a5-4abe-9c92-0d36fb7e13b7;2025-05-09 12:29:33.7980
-3;-4;-1;-2;-7;-2;-1;-1;8f4cdfd9-c6a5-4abe-9c92-0d36fb7e13b7;2025-05-09 12:29:33.8060
1;8;7;3;4;-2;-2;2;8f4cdfd9-c6a5-4abe-9c92-0d36fb7e13b7;2025-05-09 12:29:33.8060
1;0;-10;-5;-1;2;1;2;8f4cdfd9-c6a5-4abe-9c92-0d36fb7e13b7;2025-05-09 12:29:33.8219
-2;1;4;1;0;-1;-1;-1;8f4cdfd9-c6a5-4abe-9c92-0d36fb7e13b7;2025-05-09 12:29:33.8219
-2;-5;2;-3;-6;-3;-3;-2;8f4cdfd9-c6a5-4abe-9c92-0d36fb7e13b7;2025-05-09 12:29:33.8229
1;7;-1;-3;0;-1;1;1;8f4cdfd9-c6a5-4abe-9c92-0d36fb7e13b7;2025-05-09 12:29:33.8229
-4;-9;-6;-3;-5;-1;-2;-1;8f4cdfd9-c6a5-4abe-9c92-0d36fb7e13b7;2025-05-09 12:29:33.8239
0;1;0;-6;-6;0;-2;-1;8f4cdfd9-c6a5-4abe-9c92-0d36fb7e13b7;2025-05-09 12:29:33.8249
3;10;6;-2;2;1;0;1;8f4cdfd9-c6a5-4abe-9c92-0d36fb7e13b7;2025-05-09 12:29:33.8359
-2;-7;-5;0;-3;-2;0;-2;8f4cdfd9-c6a5-4abe-9c92-0d36fb7e13b7;2025-05-09 12:29:33.8359
2;4;5;-1;2;0;0;-1;8f4cdfd9-c6a5-4abe-9c92-0d36fb7e13b7;2025-05-09 12:29:33.8498
-2;-17;-4;4;2;-2;-1;-2;8f4cdfd9-c6a5-4abe-9c92-0d36fb7e13b7;2025-05-09 12:29:33.8498
-1;-2;-2;1;-5;-5;-2;-1;8f4cdfd9-c6a5-4abe-9c92-0d36fb7e13b7;2025-05-09 12:29:33.8578
1;6;7;2;9;4;-1;-1;8f4cdfd9-c6a5-4abe-9c92-0d36fb7e13b7;2025-05-09 12:29:33.8578
0;1;-4;1;2;0;0;1;8f4cdfd9-c6a5-4abe-9c92-0d36fb7e13b7;2025-05-09 12:29:33.8723
-4;-4;5;3;-3;-1;-2;-1;8f4cdfd9-c6a5-4abe-9c92-0d36fb7e13b7;2025-05-09 12:29:33.8723
-2;0;-2;0;10;2;0;-2;8f4cdfd9-c6a5-4abe-9c92-0d36fb7e13b7;2025-05-09 12:29:33.8813
-2;-13;-6;-6;-10;-5;-4;-2;8f4cdfd9-c6a5-4abe-9c92-0d36fb7e13b7;2025-05-09 12:29:33.8813
-1;1;2;-4;-7;0;0;0;8f4cdfd9-c6a5-4abe-9c92-0d36fb7e13b7;2025-05-09 12:29:33.8833
2;0;-2;0;6;1;0;0;8f4cdfd9-c6a5-4abe-9c92-0d36fb7e13b7;2025-05-09 12:29:33.8833
-4;-11;2;1;-5;-2;1;-3;8f4cdfd9-c6a5-4abe-9c92-0d36fb7e13b7;2025-05-09 12:29:33.8952
0;7;0;1;1;2;0;0;8f4cdfd9-c6a5-4abe-9c92-0d36fb7e13b7;2025-05-09 12:29:33.8952
-2;-7;2;-2;0;0;-2;-2;8f4cdfd9-c6a5-4abe-9c92-0d36fb7e13b7;2025-05-09 12:29:33.9102
4;16;2;1;-2;-1;-1;1;8f4cdfd9-c6a5-4abe-9c92-0d36fb7e13b7;2025-05-09 12:29:33.9102
-5;-11;-3;-5;-4;-1;-2;-3;8f4cdfd9-c6a5-4abe-9c92-0d36fb7e13b7;2025-05-09 12:29:33.9182
0;1;-4;-1;-1;-4;-1;-1;8f4cdfd9-c6a5-4abe-9c92-0d36fb7e13b7;2025-05-09 12:29:33.9182
-1;-2;2;3;1;1;0;-1;8f4cdfd9-c6a5-4abe-9c92-0d36fb7e13b7;2025-05-09 12:29:33.9401
-4;-14;-15;-4;-5;-3;-1;-4;8f4cdfd9-c6a5-4abe-9c92-0d36fb7e13b7;2025-05-09 12:29:33.9411
0;-3;-1;2;0;0;1;1;8f4cdfd9-c6a5-4abe-9c92-0d36fb7e13b7;2025-05-09 12:29:33.9491
1;0;1;1;3;4;1;1;8f4cdfd9-c6a5-4abe-9c92-0d36fb7e13b7;2025-05-09 12:29:33.9491
-2;-1;1;0;-2;-3;-1;-3;8f4cdfd9-c6a5-4abe-9c92-0d36fb7e13b7;2025-05-09 12:29:33.9501
-1;5;3;-2;0;-1;0;-1;8f4cdfd9-c6a5-4abe-9c92-0d36fb7e13b7;2025-05-09 12:29:33.9511
2;0;5;1;-3;0;-2;1;8f4cdfd9-c6a5-4abe-9c92-0d36fb7e13b7;2025-05-09 12:29:33.9561
-1;-9;-6;-5;-4;-2;-1;-3;8f4cdfd9-c6a5-4abe-9c92-0d36fb7e13b7;2025-05-09 12:29:33.9561
0;-4;-5;-1;1;-1;-2;-2;8f4cdfd9-c6a5-4abe-9c92-0d36fb7e13b7;2025-05-09 12:29:33.9620
0;2;1;3;2;1;0;-1;8f4cdfd9-c6a5-4abe-9c92-0d36fb7e13b7;2025-05-09 12:29:33.9630
-1;3;0;-1;-3;-4;-1;-1;8f4cdfd9-c6a5-4abe-9c92-0d36fb7e13b7;2025-05-09 12:29:33.9775
0;2;-5;-1;-3;1;0;-3;8f4cdfd9-c6a5-4abe-9c92-0d36fb7e13b7;2025-05-09 12:29:33.9785
1;-4;-2;-2;-1;0;2;-1;8f4cdfd9-c6a5-4abe-9c92-0d36fb7e13b7;2025-05-09 12:29:33.9865
0;0;-3;-2;0;-1;-1;1;8f4cdfd9-c6a5-4abe-9c92-0d36fb7e13b7;2025-05-09 12:29:33.9865
-1;2;1;2;3;-1;0;-2;8f4cdfd9-c6a5-4abe-9c92-0d36fb7e13b7;2025-05-09 12:29:34.0004
-3;0;1;-2;-5;-2;0;0;8f4cdfd9-c6a5-4abe-9c92-0d36fb7e13b7;2025-05-09 12:29:34.0004
-2;-2;-1;-1;-3;-3;-2;-1;8f4cdfd9-c6a5-4abe-9c92-0d36fb7e13b7;2025-05-09 12:29:34.0094
-1;9;1;-1;-2;1;1;0;8f4cdfd9-c6a5-4abe-9c92-0d36fb7e13b7;2025-05-09 12:29:34.0094
0;-8;-2;-1;1;1;0;-1;8f4cdfd9-c6a5-4abe-9c92-0d36fb7e13b7;2025-05-09 12:29:34.0154
0;-3;0;0;0;0;-1;-2;8f4cdfd9-c6a5-4abe-9c92-0d36fb7e13b7;2025-05-09 12:29:34.0154
0;-2;0;-2;0;-1;0;0;8f4cdfd9-c6a5-4abe-9c92-0d36fb7e13b7;2025-05-09 12:29:34.0304
0;0;0;2;-1;-1;-2;-1;8f4cdfd9-c6a5-4abe-9c92-0d36fb7e13b7;2025-05-09 12:29:34.0304
0;0;-2;-1;-1;-2;-2;0;8f4cdfd9-c6a5-4abe-9c92-0d36fb7e13b7;2025-05-09 12:29:34.0383
0;1;0;-1;-1;-3;0;0;8f4cdfd9-c6a5-4abe-9c92-0d36fb7e13b7;2025-05-09 12:29:34.0383
-1;-1;-1;0;-2;-2;-2;-1;8f4cdfd9-c6a5-4abe-9c92-0d36fb7e13b7;2025-05-09 12:29:34.0463
-1;-3;0;-1;-1;1;1;0;8f4cdfd9-c6a5-4abe-9c92-0d36fb7e13b7;2025-05-09 12:29:34.0463
1;0;-3;-1;0;0;-1;1;8f4cdfd9-c6a5-4abe-9c92-0d36fb7e13b7;2025-05-09 12:29:34.0613
2;0;-2;-2;-1;-2;0;1;8f4cdfd9-c6a5-4abe-9c92-0d36fb7e13b7;2025-05-09 12:29:34.0613
-1;3;-3;-3;-3;0;-1;-1;8f4cdfd9-c6a5-4abe-9c92-0d36fb7e13b7;2025-05-09 12:29:34.0633
0;-6;2;1;0;-2;0;-1;8f4cdfd9-c6a5-4abe-9c92-0d36fb7e13b7;2025-05-09 12:29:34.0633
-3;-4;-2;-2;0;0;-1;-2;8f4cdfd9-c6a5-4abe-9c92-0d36fb7e13b7;2025-05-09 12:29:34.0827
1;1;2;1;-1;-1;0;-1;8f4cdfd9-c6a5-4abe-9c92-0d36fb7e13b7;2025-05-09 12:29:34.0827
-2;-3;-1;-2;-1;-1;-1;-3;8f4cdfd9-c6a5-4abe-9c92-0d36fb7e13b7;2025-05-09 12:29:34.0997
2;-2;-2;-2;-3;0;-1;-2;8f4cdfd9-c6a5-4abe-9c92-0d36fb7e13b7;2025-05-09 12:29:34.0997
0;4;1;0;0;0;0;-1;8f4cdfd9-c6a5-4abe-9c92-0d36fb7e13b7;2025-05-09 12:29:34.1057
-1;-3;0;1;0;-2;-2;-3;8f4cdfd9-c6a5-4abe-9c92-0d36fb7e13b7;2025-05-09 12:29:34.1057
-2;-1;-3;-2;-2;-1;-2;-1;8f4cdfd9-c6a5-4abe-9c92-0d36fb7e13b7;2025-05-09 12:29:34.1216
0;-2;1;1;-1;-1;0;0;8f4cdfd9-c6a5-4abe-9c92-0d36fb7e13b7;2025-05-09 12:29:34.1216
0;-1;0;0;-1;-2;-1;-1;8f4cdfd9-c6a5-4abe-9c92-0d36fb7e13b7;2025-05-09 12:29:34.1226
1;3;-8;-5;-3;0;-2;-1;8f4cdfd9-c6a5-4abe-9c92-0d36fb7e13b7;2025-05-09 12:29:34.1226
0;-3;3;0;0;-1;1;0;8f4cdfd9-c6a5-4abe-9c92-0d36fb7e13b7;2025-05-09 12:29:34.1276
1;6;-1;1;1;-1;-3;-2;8f4cdfd9-c6a5-4abe-9c92-0d36fb7e13b7;2025-05-09 12:29:34.1276
0;-5;7;-1;-10;0;-1;-1;8f4cdfd9-c6a5-4abe-9c92-0d36fb7e13b7;2025-05-09 12:29:34.1356
-2;0;0;5;15;5;0;0;8f4cdfd9-c6a5-4abe-9c92-0d36fb7e13b7;2025-05-09 12:29:34.1356
0;0;-2;0;0;0;0;0;8f4cdfd9-c6a5-4abe-9c92-0d36fb7e13b7;2025-05-09 12:29:34.1436
-2;-8;0;-1;3;-1;-1;1;8f4cdfd9-c6a5-4abe-9c92-0d36fb7e13b7;2025-05-09 12:29:34.1436
1;4;-4;-1;-1;-4;1;-2;8f4cdfd9-c6a5-4abe-9c92-0d36fb7e13b7;2025-05-09 12:29:34.1585
-1;4;-1;2;-3;0;-1;-1;8f4cdfd9-c6a5-4abe-9c92-0d36fb7e13b7;2025-05-09 12:29:34.1585
0;5;5;-9;-19;-4;-2;-1;8f4cdfd9-c6a5-4abe-9c92-0d36fb7e13b7;2025-05-09 12:29:34.1605
2;3;7;7;10;3;0;-2;8f4cdfd9-c6a5-4abe-9c92-0d36fb7e13b7;2025-05-09 12:29:34.1605
1;3;6;18;9;1;1;-1;8f4cdfd9-c6a5-4abe-9c92-0d36fb7e13b7;2025-05-09 12:29:34.1800
-2;-4;-14;-12;-6;-3;1;0;8f4cdfd9-c6a5-4abe-9c92-0d36fb7e13b7;2025-05-09 12:29:34.1810
-1;4;0;1;1;0;0;0;8f4cdfd9-c6a5-4abe-9c92-0d36fb7e13b7;2025-05-09 12:29:34.1890
-3;-1;-3;2;-7;-4;-1;-3;8f4cdfd9-c6a5-4abe-9c92-0d36fb7e13b7;2025-05-09 12:29:34.1890
-1;-2;-7;-9;-3;-2;-2;0;8f4cdfd9-c6a5-4abe-9c92-0d36fb7e13b7;2025-05-09 12:29:34.1949
0;-1;12;4;-1;-1;-1;0;8f4cdfd9-c6a5-4abe-9c92-0d36fb7e13b7;2025-05-09 12:29:34.1949
-2;-13;-1;8;4;-1;-1;-2;8f4cdfd9-c6a5-4abe-9c92-0d36fb7e13b7;2025-05-09 12:29:34.2039
0;-1;-4;-6;-7;-2;-1;-1;8f4cdfd9-c6a5-4abe-9c92-0d36fb7e13b7;2025-05-09 12:29:34.2039
0;-1;1;7;5;3;0;0;8f4cdfd9-c6a5-4abe-9c92-0d36fb7e13b7;2025-05-09 12:29:34.2189
-1;-4;-6;-10;-4;-1;-1;1;8f4cdfd9-c6a5-4abe-9c92-0d36fb7e13b7;2025-05-09 12:29:34.2189
-1;-2;5;-4;1;-3;-3;-1;8f4cdfd9-c6a5-4abe-9c92-0d36fb7e13b7;2025-05-09 12:29:34.2209
-1;2;-1;13;-5;-2;-2;-1;8f4cdfd9-c6a5-4abe-9c92-0d36fb7e13b7;2025-05-09 12:29:34.2209
-5;-4;10;-20;8;0;-2;-2;8f4cdfd9-c6a5-4abe-9c92-0d36fb7e13b7;2025-05-09 12:29:34.2418
2;10;4;-6;-24;-4;0;1;8f4cdfd9-c6a5-4abe-9c92-0d36fb7e13b7;2025-05-09 12:29:34.2418
1;2;43;20;26;7;2;2;8f4cdfd9-c6a5-4abe-9c92-0d36fb7e13b7;2025-05-09 12:29:34.2428
-2;-9;-22;21;3;1;1;2;8f4cdfd9-c6a5-4abe-9c92-0d36fb7e13b7;2025-05-09 12:29:34.2428
-4;0;0;19;-11;-6;-3;-2;8f4cdfd9-c6a5-4abe-9c92-0d36fb7e13b7;2025-05-09 12:29:34.2548
0;1;24;6;11;7;3;1;8f4cdfd9-c6a5-4abe-9c92-0d36fb7e13b7;2025-05-09 12:29:34.2548
-2;-7;-90;-73;-8;-3;-3;-3;8f4cdfd9-c6a5-4abe-9c92-0d36fb7e13b7;2025-05-09 12:29:34.2638
2;9;83;27;4;0;0;-1;8f4cdfd9-c6a5-4abe-9c92-0d36fb7e13b7;2025-05-09 12:29:34.2638
-3;-9;-63;-60;-32;-10;-2;-2;8f4cdfd9-c6a5-4abe-9c92-0d36fb7e13b7;2025-05-09 12:29:34.2787
-1;7;17;35;13;-3;-2;-3;8f4cdfd9-c6a5-4abe-9c92-0d36fb7e13b7;2025-05-09 12:29:34.2787
2;5;60;0;-19;-1;1;2;8f4cdfd9-c6a5-4abe-9c92-0d36fb7e13b7;2025-05-09 12:29:34.2847
0;3;-37;-6;-1;-2;-1;1;8f4cdfd9-c6a5-4abe-9c92-0d36fb7e13b7;2025-05-09 12:29:34.2857
-3;-9;-8;-16;-5;-1;-2;-1;8f4cdfd9-c6a5-4abe-9c92-0d36fb7e13b7;2025-05-09 12:29:34.3017
1;5;4;29;8;-3;-2;0;8f4cdfd9-c6a5-4abe-9c92-0d36fb7e13b7;2025-05-09 12:29:34.3017
-2;-12;-79;-20;8;5;2;2;8f4cdfd9-c6a5-4abe-9c92-0d36fb7e13b7;2025-05-09 12:29:34.3027
-2;-7;-7;-46;-19;-7;-4;-5;8f4cdfd9-c6a5-4abe-9c92-0d36fb7e13b7;2025-05-09 12:29:34.3027
3;5;28;35;12;4;3;1;8f4cdfd9-c6a5-4abe-9c92-0d36fb7e13b7;2025-05-09 12:29:34.3146
-2;-6;-6;-26;-8;-2;0;-1;8f4cdfd9-c6a5-4abe-9c92-0d36fb7e13b7;2025-05-09 12:29:34.3146
2;12;25;24;-3;-5;-1;-1;8f4cdfd9-c6a5-4abe-9c92-0d36fb7e13b7;2025-05-09 12:29:34.3236
-3;-2;-41;-7;7;1;0;0;8f4cdfd9-c6a5-4abe-9c92-0d36fb7e13b7;2025-05-09 12:29:34.3236
2;1;5;-5;3;3;0;-1;8f4cdfd9-c6a5-4abe-9c92-0d36fb7e13b7;2025-05-09 12:29:34.3386
0;1;17;18;4;-1;0;-1;8f4cdfd9-c6a5-4abe-9c92-0d36fb7e13b7;2025-05-09 12:29:34.3386
0;-1;-3;13;-1;-1;-1;-1;8f4cdfd9-c6a5-4abe-9c92-0d36fb7e13b7;2025-05-09 12:29:34.3446
1;5;15;-21;-6;1;1;1;8f4cdfd9-c6a5-4abe-9c92-0d36fb7e13b7;2025-05-09 12:29:34.3455
-4;-13;-44;9;-2;-2;-2;-4;8f4cdfd9-c6a5-4abe-9c92-0d36fb7e13b7;2025-05-09 12:29:34.3685
-1;13;61;-8;1;2;-2;0;8f4cdfd9-c6a5-4abe-9c92-0d36fb7e13b7;2025-05-09 12:29:34.3695
5;8;37;41;2;8;2;3;8f4cdfd9-c6a5-4abe-9c92-0d36fb7e13b7;2025-05-09 12:29:34.3705
-12;-37;-70;-56;-16;-10;-7;-8;8f4cdfd9-c6a5-4abe-9c92-0d36fb7e13b7;2025-05-09 12:29:34.3705
0;4;30;-8;8;1;-2;-1;8f4cdfd9-c6a5-4abe-9c92-0d36fb7e13b7;2025-05-09 12:29:34.3834
-2;-9;-5;-8;2;-1;-1;-2;8f4cdfd9-c6a5-4abe-9c92-0d36fb7e13b7;2025-05-09 12:29:34.3834
2;7;48;5;1;-2;-1;-2;8f4cdfd9-c6a5-4abe-9c92-0d36fb7e13b7;2025-05-09 12:29:34.3914
7;25;83;29;16;7;5;6;8f4cdfd9-c6a5-4abe-9c92-0d36fb7e13b7;2025-05-09 12:29:34.3914
-6;-22;-92;-19;-11;-2;-1;-3;8f4cdfd9-c6a5-4abe-9c92-0d36fb7e13b7;2025-05-09 12:29:34.3994
-3;-11;-44;-9;-10;-3;-3;-3;8f4cdfd9-c6a5-4abe-9c92-0d36fb7e13b7;2025-05-09 12:29:34.3994
-2;-2;7;-2;12;0;-1;-2;8f4cdfd9-c6a5-4abe-9c92-0d36fb7e13b7;2025-05-09 12:29:34.4004
-2;-6;-41;-7;-2;0;0;-2;8f4cdfd9-c6a5-4abe-9c92-0d36fb7e13b7;2025-05-09 12:29:34.4004
1;12;59;40;5;0;2;0;8f4cdfd9-c6a5-4abe-9c92-0d36fb7e13b7;2025-05-09 12:29:34.4293
-2;-8;-19;-9;-9;-1;-2;-2;8f4cdfd9-c6a5-4abe-9c92-0d36fb7e13b7;2025-05-09 12:29:34.4293
-2;-6;-18;14;4;1;-1;-1;8f4cdfd9-c6a5-4abe-9c92-0d36fb7e13b7;2025-05-09 12:29:34.4303
1;2;6;-35;0;1;1;1;8f4cdfd9-c6a5-4abe-9c92-0d36fb7e13b7;2025-05-09 12:29:34.4303
2;14;33;17;6;-1;-5;-1;8f4cdfd9-c6a5-4abe-9c92-0d36fb7e13b7;2025-05-09 12:29:34.4353
0;-2;-10;-2;2;2;-8;-7;8f4cdfd9-c6a5-4abe-9c92-0d36fb7e13b7;2025-05-09 12:29:34.4353
0;-3;-18;-6;-10;-2;2;5;8f4cdfd9-c6a5-4abe-9c92-0d36fb7e13b7;2025-05-09 12:29:34.4443
-2;-4;-7;34;-2;-9;-7;-4;8f4cdfd9-c6a5-4abe-9c92-0d36fb7e13b7;2025-05-09 12:29:34.4443
1;0;-12;-7;-2;-3;-1;-1;8f4cdfd9-c6a5-4abe-9c92-0d36fb7e13b7;2025-05-09 12:29:34.4592
-3;-16;1;-11;0;2;2;1;8f4cdfd9-c6a5-4abe-9c92-0d36fb7e13b7;2025-05-09 12:29:34.4592
-1;4;36;-18;-3;0;1;-3;8f4cdfd9-c6a5-4abe-9c92-0d36fb7e13b7;2025-05-09 12:29:34.4602
1;3;-7;21;5;6;4;1;8f4cdfd9-c6a5-4abe-9c92-0d36fb7e13b7;2025-05-09 12:29:34.4602
3;10;46;33;3;1;-3;-1;8f4cdfd9-c6a5-4abe-9c92-0d36fb7e13b7;2025-05-09 12:29:34.4817
-7;-17;-80;-23;-10;-9;-7;-4;8f4cdfd9-c6a5-4abe-9c92-0d36fb7e13b7;2025-05-09 12:29:34.4817
0;4;15;-3;-5;-2;-4;-1;8f4cdfd9-c6a5-4abe-9c92-0d36fb7e13b7;2025-05-09 12:29:34.4827
2;4;20;0;2;2;1;1;8f4cdfd9-c6a5-4abe-9c92-0d36fb7e13b7;2025-05-09 12:29:34.4827
-1;1;7;-7;0;0;1;0;8f4cdfd9-c6a5-4abe-9c92-0d36fb7e13b7;2025-05-09 12:29:34.4947
0;-2;-7;-8;0;2;3;2;8f4cdfd9-c6a5-4abe-9c92-0d36fb7e13b7;2025-05-09 12:29:34.4947
-4;-8;-25;-1;-5;-2;-1;-3;8f4cdfd9-c6a5-4abe-9c92-0d36fb7e13b7;2025-05-09 12:29:34.5036
1;21;9;5;-2;-3;-4;-4;8f4cdfd9-c6a5-4abe-9c92-0d36fb7e13b7;2025-05-09 12:29:34.5036
2;7;40;8;5;4;3;1;8f4cdfd9-c6a5-4abe-9c92-0d36fb7e13b7;2025-05-09 12:29:34.5186
-1;2;34;-26;-3;-2;6;1;8f4cdfd9-c6a5-4abe-9c92-0d36fb7e13b7;2025-05-09 12:29:34.5186
-9;-24;-92;-30;-16;-10;-5;-5;8f4cdfd9-c6a5-4abe-9c92-0d36fb7e13b7;2025-05-09 12:29:34.5206
0;-2;-11;17;2;-2;-2;-1;8f4cdfd9-c6a5-4abe-9c92-0d36fb7e13b7;2025-05-09 12:29:34.5206
0;-7;-22;-20;-3;0;0;-1;8f4cdfd9-c6a5-4abe-9c92-0d36fb7e13b7;2025-05-09 12:29:34.5415
-2;0;13;12;-1;-1;0;3;8f4cdfd9-c6a5-4abe-9c92-0d36fb7e13b7;2025-05-09 12:29:34.5415
0;11;39;26;2;-1;-2;-4;8f4cdfd9-c6a5-4abe-9c92-0d36fb7e13b7;2025-05-09 12:29:34.5475
-2;-8;4;-10;2;1;1;-1;8f4cdfd9-c6a5-4abe-9c92-0d36fb7e13b7;2025-05-09 12:29:34.5475
-2;-4;-12;-4;-3;-1;2;-1;8f4cdfd9-c6a5-4abe-9c92-0d36fb7e13b7;2025-05-09 12:29:34.5635
2;5;6;2;5;1;-1;1;8f4cdfd9-c6a5-4abe-9c92-0d36fb7e13b7;2025-05-09 12:29:34.5635
-2;-3;-12;-6;-2;-2;-3;-3;8f4cdfd9-c6a5-4abe-9c92-0d36fb7e13b7;2025-05-09 12:29:34.5655
-1;6;7;18;2;0;-1;-1;8f4cdfd9-c6a5-4abe-9c92-0d36fb7e13b7;2025-05-09 12:29:34.5655
-2;-4;-8;-17;8;2;-1;0;8f4cdfd9-c6a5-4abe-9c92-0d36fb7e13b7;2025-05-09 12:29:34.5799
2;4;-1;4;-4;0;-2;-1;8f4cdfd9-c6a5-4abe-9c92-0d36fb7e13b7;2025-05-09 12:29:34.5799
-1;-18;-1;-3;2;-1;0;0;8f4cdfd9-c6a5-4abe-9c92-0d36fb7e13b7;2025-05-09 12:29:34.5809
0;5;1;-4;-8;-3;0;0;8f4cdfd9-c6a5-4abe-9c92-0d36fb7e13b7;2025-05-09 12:29:34.5809
-1;13;-3;8;7;0;-1;0;8f4cdfd9-c6a5-4abe-9c92-0d36fb7e13b7;2025-05-09 12:29:34.6019
-1;2;9;2;1;0;-1;-2;8f4cdfd9-c6a5-4abe-9c92-0d36fb7e13b7;2025-05-09 12:29:34.6019
2;18;15;11;2;1;-1;0;8f4cdfd9-c6a5-4abe-9c92-0d36fb7e13b7;2025-05-09 12:29:34.6029
-3;-8;35;38;3;3;1;0;8f4cdfd9-c6a5-4abe-9c92-0d36fb7e13b7;2025-05-09 12:29:34.6029
-4;-5;-52;-91;-9;-5;-2;0;8f4cdfd9-c6a5-4abe-9c92-0d36fb7e13b7;2025-05-09 12:29:34.6148
-4;-15;-15;24;-9;-3;-1;-2;8f4cdfd9-c6a5-4abe-9c92-0d36fb7e13b7;2025-05-09 12:29:34.6148
0;8;23;13;5;-1;-3;-2;8f4cdfd9-c6a5-4abe-9c92-0d36fb7e13b7;2025-05-09 12:29:34.6238
-2;-7;-1;-8;-7;-3;1;-2;8f4cdfd9-c6a5-4abe-9c92-0d36fb7e13b7;2025-05-09 12:29:34.6238
2;1;7;20;1;1;0;2;8f4cdfd9-c6a5-4abe-9c92-0d36fb7e13b7;2025-05-09 12:29:34.6388
1;7;4;-11;5;4;3;1;8f4cdfd9-c6a5-4abe-9c92-0d36fb7e13b7;2025-05-09 12:29:34.6388
-4;-5;-6;1;-3;-2;0;-2;8f4cdfd9-c6a5-4abe-9c92-0d36fb7e13b7;2025-05-09 12:29:34.6408
-1;-6;-20;-14;1;-1;-2;0;8f4cdfd9-c6a5-4abe-9c92-0d36fb7e13b7;2025-05-09 12:29:34.6408
-1;-2;-6;-2;-12;-6;-1;-2;8f4cdfd9-c6a5-4abe-9c92-0d36fb7e13b7;2025-05-09 12:29:34.6617
1;0;-10;-8;6;-1;-1;-1;8f4cdfd9-c6a5-4abe-9c92-0d36fb7e13b7;2025-05-09 12:29:34.6617
-3;-1;1;7;-1;1;-1;0;8f4cdfd9-c6a5-4abe-9c92-0d36fb7e13b7;2025-05-09 12:29:34.6627
7;16;-17;-26;-3;1;-3;-2;8f4cdfd9-c6a5-4abe-9c92-0d36fb7e13b7;2025-05-09 12:29:34.6627
0;4;12;7;-5;-1;-1;-1;8f4cdfd9-c6a5-4abe-9c92-0d36fb7e13b7;2025-05-09 12:29:34.6752
-6;-10;5;9;0;-2;-1;-1;8f4cdfd9-c6a5-4abe-9c92-0d36fb7e13b7;2025-05-09 12:29:34.6752
-1;2;-5;-28;-1;0;1;0;8f4cdfd9-c6a5-4abe-9c92-0d36fb7e13b7;2025-05-09 12:29:34.6902
3;-32;9;17;-5;-3;-3;0;8f4cdfd9-c6a5-4abe-9c92-0d36fb7e13b7;2025-05-09 12:29:34.6902
-6;-4;-8;17;1;-1;-2;-4;8f4cdfd9-c6a5-4abe-9c92-0d36fb7e13b7;2025-05-09 12:29:34.6981
8;17;6;20;-13;-1;1;2;8f4cdfd9-c6a5-4abe-9c92-0d36fb7e13b7;2025-05-09 12:29:34.6981
-11;-34;-8;-66;-1;-6;-3;-3;8f4cdfd9-c6a5-4abe-9c92-0d36fb7e13b7;2025-05-09 12:29:34.7071
-3;-5;22;21;-4;2;1;-2;8f4cdfd9-c6a5-4abe-9c92-0d36fb7e13b7;2025-05-09 12:29:34.7071
1;-6;5;12;-1;-2;0;0;8f4cdfd9-c6a5-4abe-9c92-0d36fb7e13b7;2025-05-09 12:29:34.7211
-1;3;10;1;2;1;-1;0;8f4cdfd9-c6a5-4abe-9c92-0d36fb7e13b7;2025-05-09 12:29:34.7221
-4;-16;-82;-44;-35;-10;-3;-4;8f4cdfd9-c6a5-4abe-9c92-0d36fb7e13b7;2025-05-09 12:29:34.7231
-1;11;12;1;21;9;2;1;8f4cdfd9-c6a5-4abe-9c92-0d36fb7e13b7;2025-05-09 12:29:34.7231
3;7;29;1;25;-4;0;-1;8f4cdfd9-c6a5-4abe-9c92-0d36fb7e13b7;2025-05-09 12:29:34.7350
-3;-1;-2;9;-15;-7;-3;-3;8f4cdfd9-c6a5-4abe-9c92-0d36fb7e13b7;2025-05-09 12:29:34.7350
2;14;-1;-20;-5;-1;0;3;8f4cdfd9-c6a5-4abe-9c92-0d36fb7e13b7;2025-05-09 12:29:34.7500
-2;-6;-1;24;11;0;2;8;8f4cdfd9-c6a5-4abe-9c92-0d36fb7e13b7;2025-05-09 12:29:34.7500
-4;-1;1;18;-15;-5;-2;-19;8f4cdfd9-c6a5-4abe-9c92-0d36fb7e13b7;2025-05-09 12:29:34.7580
4;12;18;-10;14;6;0;1;8f4cdfd9-c6a5-4abe-9c92-0d36fb7e13b7;2025-05-09 12:29:34.7580
-2;-41;25;48;19;4;0;-2;8f4cdfd9-c6a5-4abe-9c92-0d36fb7e13b7;2025-05-09 12:29:34.7804
-4;18;-13;-30;-17;-6;-2;2;8f4cdfd9-c6a5-4abe-9c92-0d36fb7e13b7;2025-05-09 12:29:34.7804
0;11;32;23;4;3;1;7;8f4cdfd9-c6a5-4abe-9c92-0d36fb7e13b7;2025-05-09 12:29:34.7894
-4;-11;-53;-46;-5;-3;0;-2;8f4cdfd9-c6a5-4abe-9c92-0d36fb7e13b7;2025-05-09 12:29:34.7894
0;5;-51;-7;16;5;1;-1;8f4cdfd9-c6a5-4abe-9c92-0d36fb7e13b7;2025-05-09 12:29:34.7904
1;6;-1;-21;-7;0;0;1;8f4cdfd9-c6a5-4abe-9c92-0d36fb7e13b7;2025-05-09 12:29:34.7904
-2;-9;16;20;-7;1;-2;2;8f4cdfd9-c6a5-4abe-9c92-0d36fb7e13b7;2025-05-09 12:29:34.8034
0;-1;47;38;8;2;-2;-3;8f4cdfd9-c6a5-4abe-9c92-0d36fb7e13b7;2025-05-09 12:29:34.8034
7;18;7;-5;-2;-1;-1;3;8f4cdfd9-c6a5-4abe-9c92-0d36fb7e13b7;2025-05-09 12:29:34.8113
1;-2;-19;-12;-8;-5;-2;-4;8f4cdfd9-c6a5-4abe-9c92-0d36fb7e13b7;2025-05-09 12:29:34.8113
2;-5;-37;-52;-18;-2;0;1;8f4cdfd9-c6a5-4abe-9c92-0d36fb7e13b7;2025-05-09 12:29:34.8253
0;-2;9;32;19;1;0;1;8f4cdfd9-c6a5-4abe-9c92-0d36fb7e13b7;2025-05-09 12:29:34.8253
0;1;22;18;-4;1;0;-1;8f4cdfd9-c6a5-4abe-9c92-0d36fb7e13b7;2025-05-09 12:29:34.8403
-3;-1;8;23;6;-1;-1;-4;8f4cdfd9-c6a5-4abe-9c92-0d36fb7e13b7;2025-05-09 12:29:34.8403
3;-9;5;-16;-4;-2;2;1;8f4cdfd9-c6a5-4abe-9c92-0d36fb7e13b7;2025-05-09 12:29:34.8582
1;5;-35;14;-2;0;0;1;8f4cdfd9-c6a5-4abe-9c92-0d36fb7e13b7;2025-05-09 12:29:34.8582
-3;5;42;1;-9;-4;-3;-3;8f4cdfd9-c6a5-4abe-9c92-0d36fb7e13b7;2025-05-09 12:29:34.8582
-1;-5;4;-18;5;2;1;-1;8f4cdfd9-c6a5-4abe-9c92-0d36fb7e13b7;2025-05-09 12:29:34.8582
-3;-10;-3;21;-1;0;-3;1;8f4cdfd9-c6a5-4abe-9c92-0d36fb7e13b7;2025-05-09 12:29:34.8632
-2;-8;-18;-22;-5;-3;-1;-2;8f4cdfd9-c6a5-4abe-9c92-0d36fb7e13b7;2025-05-09 12:29:34.8632
0;9;14;6;7;3;0;-1;8f4cdfd9-c6a5-4abe-9c92-0d36fb7e13b7;2025-05-09 12:29:34.8702
-1;-7;-6;10;-2;-3;-3;-1;8f4cdfd9-c6a5-4abe-9c92-0d36fb7e13b7;2025-05-09 12:29:34.8702
-1;0;-23;-29;2;1;-1;0;8f4cdfd9-c6a5-4abe-9c92-0d36fb7e13b7;2025-05-09 12:29:34.8926
-2;-2;13;1;0;2;1;-1;8f4cdfd9-c6a5-4abe-9c92-0d36fb7e13b7;2025-05-09 12:29:34.8926
-3;-8;-20;-7;-6;0;0;1;8f4cdfd9-c6a5-4abe-9c92-0d36fb7e13b7;2025-05-09 12:29:34.9006
-2;1;8;0;-2;-3;-2;-2;8f4cdfd9-c6a5-4abe-9c92-0d36fb7e13b7;2025-05-09 12:29:34.9006
-2;0;0;-4;-3;0;0;-2;8f4cdfd9-c6a5-4abe-9c92-0d36fb7e13b7;2025-05-09 12:29:34.9156
-2;-2;6;1;10;4;1;0;8f4cdfd9-c6a5-4abe-9c92-0d36fb7e13b7;2025-05-09 12:29:34.9156
1;15;19;13;-2;-2;-2;1;8f4cdfd9-c6a5-4abe-9c92-0d36fb7e13b7;2025-05-09 12:29:34.9300
-1;2;2;-4;1;0;0;0;8f4cdfd9-c6a5-4abe-9c92-0d36fb7e13b7;2025-05-09 12:29:34.9300
0;1;-17;-3;-1;-4;-1;-1;8f4cdfd9-c6a5-4abe-9c92-0d36fb7e13b7;2025-05-09 12:29:34.9689
-1;-3;-11;3;-3;-6;-5;-2;8f4cdfd9-c6a5-4abe-9c92-0d36fb7e13b7;2025-05-09 12:29:34.9689
-1;13;19;9;4;8;3;1;8f4cdfd9-c6a5-4abe-9c92-0d36fb7e13b7;2025-05-09 12:29:34.9699
-2;8;-34;-5;4;2;1;1;8f4cdfd9-c6a5-4abe-9c92-0d36fb7e13b7;2025-05-09 12:29:34.9699
-3;6;37;-2;-2;0;0;-1;8f4cdfd9-c6a5-4abe-9c92-0d36fb7e13b7;2025-05-09 12:29:34.9829
1;-6;-44;-11;-13;-7;-2;-1;8f4cdfd9-c6a5-4abe-9c92-0d36fb7e13b7;2025-05-09 12:29:34.9829
5;5;-2;19;5;-1;-1;-1;8f4cdfd9-c6a5-4abe-9c92-0d36fb7e13b7;2025-05-09 12:29:34.9909
-4;-9;12;-8;-3;-1;0;-1;8f4cdfd9-c6a5-4abe-9c92-0d36fb7e13b7;2025-05-09 12:29:34.9909
-4;-6;-4;6;3;2;-1;-1;8f4cdfd9-c6a5-4abe-9c92-0d36fb7e13b7;2025-05-09 12:29:34.9979
0;5;13;-9;0;0;0;-1;8f4cdfd9-c6a5-4abe-9c92-0d36fb7e13b7;2025-05-09 12:29:34.9979
3;4;18;14;5;0;0;1;8f4cdfd9-c6a5-4abe-9c92-0d36fb7e13b7;2025-05-09 12:29:35.0058
0;-1;-25;-11;-4;0;-1;-2;8f4cdfd9-c6a5-4abe-9c92-0d36fb7e13b7;2025-05-09 12:29:35.0058
-7;-12;3;5;-1;-2;0;-2;8f4cdfd9-c6a5-4abe-9c92-0d36fb7e13b7;2025-05-09 12:29:35.0128
1;-2;-9;-13;-2;-2;-2;-1;8f4cdfd9-c6a5-4abe-9c92-0d36fb7e13b7;2025-05-09 12:29:35.0128
-1;-2;-13;3;-3;-1;1;1;8f4cdfd9-c6a5-4abe-9c92-0d36fb7e13b7;2025-05-09 12:29:35.0238
1;8;41;5;-1;0;0;-1;8f4cdfd9-c6a5-4abe-9c92-0d36fb7e13b7;2025-05-09 12:29:35.0238
-1;-8;-35;-16;-4;-3;-3;-3;8f4cdfd9-c6a5-4abe-9c92-0d36fb7e13b7;2025-05-09 12:29:35.0248
4;-6;-14;-11;-4;-4;-3;-2;8f4cdfd9-c6a5-4abe-9c92-0d36fb7e13b7;2025-05-09 12:29:35.0248
1;-3;-7;8;4;0;0;2;8f4cdfd9-c6a5-4abe-9c92-0d36fb7e13b7;2025-05-09 12:29:35.0288
-2;-6;13;-6;-3;-1;-2;-1;8f4cdfd9-c6a5-4abe-9c92-0d36fb7e13b7;2025-05-09 12:29:35.0288
1;7;22;7;1;-2;-3;-2;8f4cdfd9-c6a5-4abe-9c92-0d36fb7e13b7;2025-05-09 12:29:35.0298
-1;4;32;10;3;2;-4;-2;8f4cdfd9-c6a5-4abe-9c92-0d36fb7e13b7;2025-05-09 12:29:35.0298
-3;-3;-49;-14;-5;-3;-3;-1;8f4cdfd9-c6a5-4abe-9c92-0d36fb7e13b7;2025-05-09 12:29:35.0437
-1;-8;-2;-20;-2;-1;-1;0;8f4cdfd9-c6a5-4abe-9c92-0d36fb7e13b7;2025-05-09 12:29:35.0437
-1;-9;-16;6;-2;-2;5;2;8f4cdfd9-c6a5-4abe-9c92-0d36fb7e13b7;2025-05-09 12:29:35.0447
-3;4;40;12;5;1;-11;-1;8f4cdfd9-c6a5-4abe-9c92-0d36fb7e13b7;2025-05-09 12:29:35.0447
2;-1;-27;10;0;3;11;2;8f4cdfd9-c6a5-4abe-9c92-0d36fb7e13b7;2025-05-09 12:29:35.0657
-5;-12;-9;-18;-5;-8;-4;-2;8f4cdfd9-c6a5-4abe-9c92-0d36fb7e13b7;2025-05-09 12:29:35.0657
0;4;9;0;0;6;6;1;8f4cdfd9-c6a5-4abe-9c92-0d36fb7e13b7;2025-05-09 12:29:35.0831
0;-39;-14;-9;-4;-1;8;1;8f4cdfd9-c6a5-4abe-9c92-0d36fb7e13b7;2025-05-09 12:29:35.0831
1;10;24;7;2;0;-2;-1;8f4cdfd9-c6a5-4abe-9c92-0d36fb7e13b7;2025-05-09 12:29:35.0841
-2;-5;-26;-15;-3;2;4;1;8f4cdfd9-c6a5-4abe-9c92-0d36fb7e13b7;2025-05-09 12:29:35.0841
1;3;3;12;-2;-4;-4;-2;8f4cdfd9-c6a5-4abe-9c92-0d36fb7e13b7;2025-05-09 12:29:35.0851
-4;4;-15;-5;-1;1;3;-2;8f4cdfd9-c6a5-4abe-9c92-0d36fb7e13b7;2025-05-09 12:29:35.0851
0;-2;7;-40;1;0;-5;-2;8f4cdfd9-c6a5-4abe-9c92-0d36fb7e13b7;2025-05-09 12:29:35.1031
3;7;-7;29;-11;-8;-4;-2;8f4cdfd9-c6a5-4abe-9c92-0d36fb7e13b7;2025-05-09 12:29:35.1031
-7;-13;8;2;7;1;-2;-1;8f4cdfd9-c6a5-4abe-9c92-0d36fb7e13b7;2025-05-09 12:29:35.1041
-3;-3;36;20;0;-1;1;-2;8f4cdfd9-c6a5-4abe-9c92-0d36fb7e13b7;2025-05-09 12:29:35.1041
-2;-6;-36;4;6;0;-1;-3;8f4cdfd9-c6a5-4abe-9c92-0d36fb7e13b7;2025-05-09 12:29:35.1181
2;4;1;-18;-3;2;0;2;8f4cdfd9-c6a5-4abe-9c92-0d36fb7e13b7;2025-05-09 12:29:35.1181
1;8;4;6;1;-1;-2;-1;8f4cdfd9-c6a5-4abe-9c92-0d36fb7e13b7;2025-05-09 12:29:35.1250
0;-3;-25;-12;3;-2;0;-3;8f4cdfd9-c6a5-4abe-9c92-0d36fb7e13b7;2025-05-09 12:29:35.1260
-2;3;23;-10;-1;1;-1;0;8f4cdfd9-c6a5-4abe-9c92-0d36fb7e13b7;2025-05-09 12:29:35.1405
-2;-3;-2;4;7;1;2;1;8f4cdfd9-c6a5-4abe-9c92-0d36fb7e13b7;2025-05-09 12:29:35.1405
0;1;-17;-1;-3;-2;-3;-1;8f4cdfd9-c6a5-4abe-9c92-0d36fb7e13b7;2025-05-09 12:29:35.1485
-1;5;9;22;0;-4;-3;-2;8f4cdfd9-c6a5-4abe-9c92-0d36fb7e13b7;2025-05-09 12:29:35.1485
0;2;3;-11;-5;-2;-2;-2;8f4cdfd9-c6a5-4abe-9c92-0d36fb7e13b7;2025-05-09 12:29:35.1629
-1;0;-1;-15;-1;2;0;-1;8f4cdfd9-c6a5-4abe-9c92-0d36fb7e13b7;2025-05-09 12:29:35.1629
-1;-1;-11;-8;-9;-4;-3;0;8f4cdfd9-c6a5-4abe-9c92-0d36fb7e13b7;2025-05-09 12:29:35.1779
3;15;-26;-8;-4;-3;1;0;8f4cdfd9-c6a5-4abe-9c92-0d36fb7e13b7;2025-05-09 12:29:35.1779
-1;-3;-13;18;4;0;-1;-2;8f4cdfd9-c6a5-4abe-9c92-0d36fb7e13b7;2025-05-09 12:29:35.2008
1;3;-1;-2;-2;0;0;0;8f4cdfd9-c6a5-4abe-9c92-0d36fb7e13b7;2025-05-09 12:29:35.2008
1;-1;22;-9;1;1;0;-1;8f4cdfd9-c6a5-4abe-9c92-0d36fb7e13b7;2025-05-09 12:29:35.2078
-2;-22;-38;-12;-4;-2;-2;-2;8f4cdfd9-c6a5-4abe-9c92-0d36fb7e13b7;2025-05-09 12:29:35.2078
-1;-9;24;22;-6;-3;-2;0;8f4cdfd9-c6a5-4abe-9c92-0d36fb7e13b7;2025-05-09 12:29:35.2248
-3;1;1;-6;4;1;-1;-2;8f4cdfd9-c6a5-4abe-9c92-0d36fb7e13b7;2025-05-09 12:29:35.2258
1;11;-6;-7;-13;-6;-3;-2;8f4cdfd9-c6a5-4abe-9c92-0d36fb7e13b7;2025-05-09 12:29:35.2258
-4;-11;6;10;15;5;3;2;8f4cdfd9-c6a5-4abe-9c92-0d36fb7e13b7;2025-05-09 12:29:35.2258
-6;-9;-20;-13;-6;-4;-1;-1;8f4cdfd9-c6a5-4abe-9c92-0d36fb7e13b7;2025-05-09 12:29:35.2527
3;15;17;-13;-10;0;-1;0;8f4cdfd9-c6a5-4abe-9c92-0d36fb7e13b7;2025-05-09 12:29:35.2527
-3;0;-9;12;9;-2;-3;-2;8f4cdfd9-c6a5-4abe-9c92-0d36fb7e13b7;2025-05-09 12:29:35.2622
2;11;-4;12;-3;0;-1;-1;8f4cdfd9-c6a5-4abe-9c92-0d36fb7e13b7;2025-05-09 12:29:35.2622
-2;-1;25;-2;-6;-6;-3;-2;8f4cdfd9-c6a5-4abe-9c92-0d36fb7e13b7;2025-05-09 12:29:35.2632
2;5;-3;11;7;0;-1;1;8f4cdfd9-c6a5-4abe-9c92-0d36fb7e13b7;2025-05-09 12:29:35.2632
-2;-14;8;7;-1;2;0;1;8f4cdfd9-c6a5-4abe-9c92-0d36fb7e13b7;2025-05-09 12:29:35.2692
-1;2;-11;-55;-10;-2;1;0;8f4cdfd9-c6a5-4abe-9c92-0d36fb7e13b7;2025-05-09 12:29:35.2692
2;1;4;25;3;0;-2;0;8f4cdfd9-c6a5-4abe-9c92-0d36fb7e13b7;2025-05-09 12:29:35.2712
-3;-3;2;-3;6;-3;-2;-1;8f4cdfd9-c6a5-4abe-9c92-0d36fb7e13b7;2025-05-09 12:29:35.2712
5;14;12;-27;-19;-3;-2;1;8f4cdfd9-c6a5-4abe-9c92-0d36fb7e13b7;2025-05-09 12:29:35.2831
-1;2;10;38;28;7;1;-1;8f4cdfd9-c6a5-4abe-9c92-0d36fb7e13b7;2025-05-09 12:29:35.2831
-4;-8;-28;-15;-12;-3;0;0;8f4cdfd9-c6a5-4abe-9c92-0d36fb7e13b7;2025-05-09 12:29:35.2841
4;23;1;1;-16;-1;1;3;8f4cdfd9-c6a5-4abe-9c92-0d36fb7e13b7;2025-05-09 12:29:35.2841
8;17;-12;-12;4;-1;-3;1;8f4cdfd9-c6a5-4abe-9c92-0d36fb7e13b7;2025-05-09 12:29:35.2981
-10;-20;8;-18;-20;-5;0;-2;8f4cdfd9-c6a5-4abe-9c92-0d36fb7e13b7;2025-05-09 12:29:35.2981
7;29;41;18;0;-5;-4;-2;8f4cdfd9-c6a5-4abe-9c92-0d36fb7e13b7;2025-05-09 12:29:35.2991
4;17;27;36;-3;1;0;0;8f4cdfd9-c6a5-4abe-9c92-0d36fb7e13b7;2025-05-09 12:29:35.2991
-4;-24;-77;-68;13;2;-2;-2;8f4cdfd9-c6a5-4abe-9c92-0d36fb7e13b7;2025-05-09 12:29:35.3290
2;7;23;9;-7;-3;0;0;8f4cdfd9-c6a5-4abe-9c92-0d36fb7e13b7;2025-05-09 12:29:35.3290
3;12;-16;2;-7;-2;3;0;8f4cdfd9-c6a5-4abe-9c92-0d36fb7e13b7;2025-05-09 12:29:35.3300
-5;-10;23;14;-3;-5;-3;-4;8f4cdfd9-c6a5-4abe-9c92-0d36fb7e13b7;2025-05-09 12:29:35.3300
-1;-14;47;29;5;0;1;0;8f4cdfd9-c6a5-4abe-9c92-0d36fb7e13b7;2025-05-09 12:29:35.3510
1;0;-37;-33;-1;2;-1;-2;8f4cdfd9-c6a5-4abe-9c92-0d36fb7e13b7;2025-05-09 12:29:35.3520
-2;-2;54;15;7;5;2;0;8f4cdfd9-c6a5-4abe-9c92-0d36fb7e13b7;2025-05-09 12:29:35.3520
1;-10;-81;30;2;-7;-5;-5;8f4cdfd9-c6a5-4abe-9c92-0d36fb7e13b7;2025-05-09 12:29:35.3520
-5;9;-8;15;-1;-1;-4;-2;8f4cdfd9-c6a5-4abe-9c92-0d36fb7e13b7;2025-05-09 12:29:35.3659
-1;-1;-10;-4;-6;-5;2;1;8f4cdfd9-c6a5-4abe-9c92-0d36fb7e13b7;2025-05-09 12:29:35.3669
-3;-6;-5;-29;2;2;1;-1;8f4cdfd9-c6a5-4abe-9c92-0d36fb7e13b7;2025-05-09 12:29:35.3669
3;9;18;-9;4;4;1;0;8f4cdfd9-c6a5-4abe-9c92-0d36fb7e13b7;2025-05-09 12:29:35.3669
1;11;-5;3;-12;0;3;0;8f4cdfd9-c6a5-4abe-9c92-0d36fb7e13b7;2025-05-09 12:29:35.3879
-1;-2;-5;21;21;0;-5;-1;8f4cdfd9-c6a5-4abe-9c92-0d36fb7e13b7;2025-05-09 12:29:35.3879
-2;-5;-44;-2;18;-3;-5;-2;8f4cdfd9-c6a5-4abe-9c92-0d36fb7e13b7;2025-05-09 12:29:35.3954
-3;-3;4;-68;-42;-10;-2;-1;8f4cdfd9-c6a5-4abe-9c92-0d36fb7e13b7;2025-05-09 12:29:35.3963
3;0;-6;20;20;8;3;2;8f4cdfd9-c6a5-4abe-9c92-0d36fb7e13b7;2025-05-09 12:29:35.4193
0;1;83;25;-16;-7;-4;-4;8f4cdfd9-c6a5-4abe-9c92-0d36fb7e13b7;2025-05-09 12:29:35.4193
-2;-15;-62;12;-3;-1;1;-1;8f4cdfd9-c6a5-4abe-9c92-0d36fb7e13b7;2025-05-09 12:29:35.4203
-6;-4;-7;-24;5;4;-1;0;8f4cdfd9-c6a5-4abe-9c92-0d36fb7e13b7;2025-05-09 12:29:35.4203
4;-6;3;-15;-6;-8;-4;0;8f4cdfd9-c6a5-4abe-9c92-0d36fb7e13b7;2025-05-09 12:29:35.4223
0;7;18;18;7;2;1;-1;8f4cdfd9-c6a5-4abe-9c92-0d36fb7e13b7;2025-05-09 12:29:35.4223
3;-8;-28;-18;-7;-2;-2;0;8f4cdfd9-c6a5-4abe-9c92-0d36fb7e13b7;2025-05-09 12:29:35.4422
-2;0;29;14;9;2;-1;-1;8f4cdfd9-c6a5-4abe-9c92-0d36fb7e13b7;2025-05-09 12:29:35.4422
1;13;6;6;-6;-2;1;0;8f4cdfd9-c6a5-4abe-9c92-0d36fb7e13b7;2025-05-09 12:29:35.4432
-2;-2;-26;-15;-6;1;-1;1;8f4cdfd9-c6a5-4abe-9c92-0d36fb7e13b7;2025-05-09 12:29:35.4432
-1;3;38;7;5;0;-2;0;8f4cdfd9-c6a5-4abe-9c92-0d36fb7e13b7;2025-05-09 12:29:35.4442
-2;-9;-20;-1;0;1;1;-1;8f4cdfd9-c6a5-4abe-9c92-0d36fb7e13b7;2025-05-09 12:29:35.4442
-3;-2;30;6;1;1;0;-2;8f4cdfd9-c6a5-4abe-9c92-0d36fb7e13b7;2025-05-09 12:29:35.5016
1;-3;-11;11;-3;-1;1;-2;8f4cdfd9-c6a5-4abe-9c92-0d36fb7e13b7;2025-05-09 12:29:35.5016
-3;-2;4;-11;-3;-1;1;-1;8f4cdfd9-c6a5-4abe-9c92-0d36fb7e13b7;2025-05-09 12:29:35.5016
1;2;8;-7;4;-1;-5;0;8f4cdfd9-c6a5-4abe-9c92-0d36fb7e13b7;2025-05-09 12:29:35.5016
-3;-6;25;21;0;2;6;1;8f4cdfd9-c6a5-4abe-9c92-0d36fb7e13b7;2025-05-09 12:29:35.5105
-2;-1;-21;-22;-5;-2;-3;-3;8f4cdfd9-c6a5-4abe-9c92-0d36fb7e13b7;2025-05-09 12:29:35.5105
2;5;13;8;-2;2;1;-1;8f4cdfd9-c6a5-4abe-9c92-0d36fb7e13b7;2025-05-09 12:29:35.5115
0;-1;0;3;5;-1;1;-1;8f4cdfd9-c6a5-4abe-9c92-0d36fb7e13b7;2025-05-09 12:29:35.5115
-1;-6;-11;-9;-3;-3;2;1;8f4cdfd9-c6a5-4abe-9c92-0d36fb7e13b7;2025-05-09 12:29:35.5245
-1;-4;-20;-1;-2;1;1;0;8f4cdfd9-c6a5-4abe-9c92-0d36fb7e13b7;2025-05-09 12:29:35.5245
-2;-1;-34;-7;-2;-2;-3;-1;8f4cdfd9-c6a5-4abe-9c92-0d36fb7e13b7;2025-05-09 12:29:35.5265
0;-4;11;18;2;-1;0;0;8f4cdfd9-c6a5-4abe-9c92-0d36fb7e13b7;2025-05-09 12:29:35.5265
-2;-7;-51;-34;-7;-1;-4;-3;8f4cdfd9-c6a5-4abe-9c92-0d36fb7e13b7;2025-05-09 12:29:35.5265
-2;8;7;5;-2;-1;0;-1;8f4cdfd9-c6a5-4abe-9c92-0d36fb7e13b7;2025-05-09 12:29:35.5275
-1;0;20;3;-1;-1;-1;-1;8f4cdfd9-c6a5-4abe-9c92-0d36fb7e13b7;2025-05-09 12:29:35.5485
0;3;22;7;1;0;0;1;8f4cdfd9-c6a5-4abe-9c92-0d36fb7e13b7;2025-05-09 12:29:35.5485
-2;-7;7;5;1;-1;-1;-2;8f4cdfd9-c6a5-4abe-9c92-0d36fb7e13b7;2025-05-09 12:29:35.5485
0;-2;1;-2;3;-1;-2;-1;8f4cdfd9-c6a5-4abe-9c92-0d36fb7e13b7;2025-05-09 12:29:35.5485
-1;-1;-12;-1;-1;-2;-4;-3;8f4cdfd9-c6a5-4abe-9c92-0d36fb7e13b7;2025-05-09 12:29:35.5604
-1;-1;-1;-19;-6;-3;-3;-4;8f4cdfd9-c6a5-4abe-9c92-0d36fb7e13b7;2025-05-09 12:29:35.5604
-1;-1;-2;2;3;2;-5;0;8f4cdfd9-c6a5-4abe-9c92-0d36fb7e13b7;2025-05-09 12:29:35.5614
1;-2;3;2;-5;-2;1;0;8f4cdfd9-c6a5-4abe-9c92-0d36fb7e13b7;2025-05-09 12:29:35.5614
-2;-1;28;14;5;2;0;-1;8f4cdfd9-c6a5-4abe-9c92-0d36fb7e13b7;2025-05-09 12:29:35.5829
-1;-10;-14;-10;-2;-4;-2;0;8f4cdfd9-c6a5-4abe-9c92-0d36fb7e13b7;2025-05-09 12:29:35.5829
2;6;-9;7;3;1;1;0;8f4cdfd9-c6a5-4abe-9c92-0d36fb7e13b7;2025-05-09 12:29:35.5839
-3;-9;-19;-10;-3;-2;-1;-2;8f4cdfd9-c6a5-4abe-9c92-0d36fb7e13b7;2025-05-09 12:29:35.5839
-4;-2;16;1;-1;1;-4;-3;8f4cdfd9-c6a5-4abe-9c92-0d36fb7e13b7;2025-05-09 12:29:35.6078
-4;-11;-29;-13;-4;-9;-6;-4;8f4cdfd9-c6a5-4abe-9c92-0d36fb7e13b7;2025-05-09 12:29:35.6078
0;1;9;15;5;8;-4;1;8f4cdfd9-c6a5-4abe-9c92-0d36fb7e13b7;2025-05-09 12:29:35.6088
2;2;17;8;4;6;5;1;8f4cdfd9-c6a5-4abe-9c92-0d36fb7e13b7;2025-05-09 12:29:35.6088
-4;-5;-33;-25;-5;-2;2;-1;8f4cdfd9-c6a5-4abe-9c92-0d36fb7e13b7;2025-05-09 12:29:35.6208
4;13;5;-1;-6;2;3;2;8f4cdfd9-c6a5-4abe-9c92-0d36fb7e13b7;2025-05-09 12:29:35.6208
2;-2;-4;-4;-1;-4;-3;-2;8f4cdfd9-c6a5-4abe-9c92-0d36fb7e13b7;2025-05-09 12:29:35.6218
1;-8;-19;2;-2;-5;-11;-3;8f4cdfd9-c6a5-4abe-9c92-0d36fb7e13b7;2025-05-09 12:29:35.6218
-1;2;12;-8;0;2;-1;1;8f4cdfd9-c6a5-4abe-9c92-0d36fb7e13b7;2025-05-09 12:29:35.6432
3;2;-15;14;4;-1;-5;1;8f4cdfd9-c6a5-4abe-9c92-0d36fb7e13b7;2025-05-09 12:29:35.6432
-7;-5;35;4;-14;-10;-7;-5;8f4cdfd9-c6a5-4abe-9c92-0d36fb7e13b7;2025-05-09 12:29:35.6442
0;6;18;15;3;9;21;5;8f4cdfd9-c6a5-4abe-9c92-0d36fb7e13b7;2025-05-09 12:29:35.6442
2;7;28;-7;-1;-4;-18;-2;8f4cdfd9-c6a5-4abe-9c92-0d36fb7e13b7;2025-05-09 12:29:35.6592
-1;-4;-17;2;2;4;-1;1;8f4cdfd9-c6a5-4abe-9c92-0d36fb7e13b7;2025-05-09 12:29:35.6592
0;4;18;9;1;1;11;2;8f4cdfd9-c6a5-4abe-9c92-0d36fb7e13b7;2025-05-09 12:29:35.6731
-6;-11;-43;-20;0;-3;-4;-3;8f4cdfd9-c6a5-4abe-9c92-0d36fb7e13b7;2025-05-09 12:29:35.6731
0;1;20;-16;-6;-1;6;1;8f4cdfd9-c6a5-4abe-9c92-0d36fb7e13b7;2025-05-09 12:29:35.6811
-2;10;40;50;4;0;1;0;8f4cdfd9-c6a5-4abe-9c92-0d36fb7e13b7;2025-05-09 12:29:35.6811
-2;-5;-31;-11;-2;-5;-10;-4;8f4cdfd9-c6a5-4abe-9c92-0d36fb7e13b7;2025-05-09 12:29:35.6811
-1;-1;-10;3;0;1;3;-1;8f4cdfd9-c6a5-4abe-9c92-0d36fb7e13b7;2025-05-09 12:29:35.6821
0;-8;-11;-4;1;1;2;-2;8f4cdfd9-c6a5-4abe-9c92-0d36fb7e13b7;2025-05-09 12:29:35.7040
2;-1;11;-20;-1;-1;-3;0;8f4cdfd9-c6a5-4abe-9c92-0d36fb7e13b7;2025-05-09 12:29:35.7040
1;0;2;10;-1;1;2;-1;8f4cdfd9-c6a5-4abe-9c92-0d36fb7e13b7;2025-05-09 12:29:35.7110
0;1;17;-9;1;-1;-3;-3;8f4cdfd9-c6a5-4abe-9c92-0d36fb7e13b7;2025-05-09 12:29:35.7110
0;3;-25;14;-2;-3;-4;-3;8f4cdfd9-c6a5-4abe-9c92-0d36fb7e13b7;2025-05-09 12:29:35.7180
-3;-4;2;-12;0;3;13;1;8f4cdfd9-c6a5-4abe-9c92-0d36fb7e13b7;2025-05-09 12:29:35.7180
-2;2;23;14;3;0;-7;-3;8f4cdfd9-c6a5-4abe-9c92-0d36fb7e13b7;2025-05-09 12:29:35.7479
1;6;29;-1;0;-3;-9;-1;8f4cdfd9-c6a5-4abe-9c92-0d36fb7e13b7;2025-05-09 12:29:35.7479
5;17;-23;-3;-6;-1;0;0;8f4cdfd9-c6a5-4abe-9c92-0d36fb7e13b7;2025-05-09 12:29:35.7569
0;-6;-17;-1;8;-2;0;-1;8f4cdfd9-c6a5-4abe-9c92-0d36fb7e13b7;2025-05-09 12:29:35.7569
3;25;-12;-5;3;-2;3;0;8f4cdfd9-c6a5-4abe-9c92-0d36fb7e13b7;2025-05-09 12:29:35.7649
2;4;15;-2;-4;1;-2;1;8f4cdfd9-c6a5-4abe-9c92-0d36fb7e13b7;2025-05-09 12:29:35.7649
-1;-2;0;23;-1;-2;-4;-1;8f4cdfd9-c6a5-4abe-9c92-0d36fb7e13b7;2025-05-09 12:29:35.7659
-2;-16;-1;-8;-1;0;-4;0;8f4cdfd9-c6a5-4abe-9c92-0d36fb7e13b7;2025-05-09 12:29:35.7659
-5;-4;6;-5;-1;2;3;2;8f4cdfd9-c6a5-4abe-9c92-0d36fb7e13b7;2025-05-09 12:29:35.7669
0;2;3;0;2;0;-1;-1;8f4cdfd9-c6a5-4abe-9c92-0d36fb7e13b7;2025-05-09 12:29:35.7669
-3;-13;-20;3;0;-2;0;0;8f4cdfd9-c6a5-4abe-9c92-0d36fb7e13b7;2025-05-09 12:29:35.7873
-6;12;10;5;-9;-2;2;-2;8f4cdfd9-c6a5-4abe-9c92-0d36fb7e13b7;2025-05-09 12:29:35.7873
3;-2;8;-3;11;3;-3;0;8f4cdfd9-c6a5-4abe-9c92-0d36fb7e13b7;2025-05-09 12:29:35.7873
-2;-3;-44;-17;-7;-4;-3;0;8f4cdfd9-c6a5-4abe-9c92-0d36fb7e13b7;2025-05-09 12:29:35.7883
-1;-3;-3;-3;-2;-1;2;1;8f4cdfd9-c6a5-4abe-9c92-0d36fb7e13b7;2025-05-09 12:29:35.8013
-1;-13;-15;-10;0;-1;-1;-1;8f4cdfd9-c6a5-4abe-9c92-0d36fb7e13b7;2025-05-09 12:29:35.8013
7;5;8;4;-6;-2;3;1;8f4cdfd9-c6a5-4abe-9c92-0d36fb7e13b7;2025-05-09 12:29:35.8023
0;-9;18;14;1;0;-2;-1;8f4cdfd9-c6a5-4abe-9c92-0d36fb7e13b7;2025-05-09 12:29:35.8023
-2;-5;8;-9;4;4;3;0;8f4cdfd9-c6a5-4abe-9c92-0d36fb7e13b7;2025-05-09 12:29:35.8232
-1;3;-9;-13;-7;-2;-3;-1;8f4cdfd9-c6a5-4abe-9c92-0d36fb7e13b7;2025-05-09 12:29:35.8232
-2;-8;5;-4;-1;0;2;0;8f4cdfd9-c6a5-4abe-9c92-0d36fb7e13b7;2025-05-09 12:29:35.8242
-3;0;12;7;-2;-4;-2;-3;8f4cdfd9-c6a5-4abe-9c92-0d36fb7e13b7;2025-05-09 12:29:35.8242
-2;-14;-2;11;-1;-2;0;0;8f4cdfd9-c6a5-4abe-9c92-0d36fb7e13b7;2025-05-09 12:29:35.8452
4;1;-10;-31;1;2;-1;-1;8f4cdfd9-c6a5-4abe-9c92-0d36fb7e13b7;2025-05-09 12:29:35.8452
-6;-29;7;30;3;-1;-2;-3;8f4cdfd9-c6a5-4abe-9c92-0d36fb7e13b7;2025-05-09 12:29:35.8542
-2;0;-30;-13;-2;-5;-3;-1;8f4cdfd9-c6a5-4abe-9c92-0d36fb7e13b7;2025-05-09 12:29:35.8542
-1;3;11;4;-3;0;0;-1;8f4cdfd9-c6a5-4abe-9c92-0d36fb7e13b7;2025-05-09 12:29:35.8601
-1;-2;-3;-2;-3;0;0;0;8f4cdfd9-c6a5-4abe-9c92-0d36fb7e13b7;2025-05-09 12:29:35.8601
2;2;-12;-21;-6;-2;-2;0;8f4cdfd9-c6a5-4abe-9c92-0d36fb7e13b7;2025-05-09 12:29:35.8681
3;6;-6;-2;2;0;-1;0;8f4cdfd9-c6a5-4abe-9c92-0d36fb7e13b7;2025-05-09 12:29:35.8681
0;-4;4;4;2;2;0;0;8f4cdfd9-c6a5-4abe-9c92-0d36fb7e13b7;2025-05-09 12:29:35.8826
-7;1;12;19;-4;-4;-3;-2;8f4cdfd9-c6a5-4abe-9c92-0d36fb7e13b7;2025-05-09 12:29:35.8836
-3;-2;-34;-26;-2;1;1;0;8f4cdfd9-c6a5-4abe-9c92-0d36fb7e13b7;2025-05-09 12:29:35.8975
-3;-1;27;5;-4;-1;-2;-1;8f4cdfd9-c6a5-4abe-9c92-0d36fb7e13b7;2025-05-09 12:29:35.8985
0;7;-3;0;-5;-3;0;0;8f4cdfd9-c6a5-4abe-9c92-0d36fb7e13b7;2025-05-09 12:29:35.9135
2;3;2;-8;-6;-3;-1;-2;8f4cdfd9-c6a5-4abe-9c92-0d36fb7e13b7;2025-05-09 12:29:35.9135
-2;0;-10;-1;2;1;1;-1;8f4cdfd9-c6a5-4abe-9c92-0d36fb7e13b7;2025-05-09 12:29:35.9374
-2;-3;-8;-5;-4;0;1;0;8f4cdfd9-c6a5-4abe-9c92-0d36fb7e13b7;2025-05-09 12:29:35.9374
-1;-6;1;2;6;0;0;-1;8f4cdfd9-c6a5-4abe-9c92-0d36fb7e13b7;2025-05-09 12:29:35.9394
0;-1;-1;2;-3;-1;-2;-1;8f4cdfd9-c6a5-4abe-9c92-0d36fb7e13b7;2025-05-09 12:29:35.9394
-1;2;6;2;-3;-3;0;0;8f4cdfd9-c6a5-4abe-9c92-0d36fb7e13b7;2025-05-09 12:29:35.9404
1;1;-3;-3;4;-2;-2;-1;8f4cdfd9-c6a5-4abe-9c92-0d36fb7e13b7;2025-05-09 12:29:35.9404
-3;0;7;9;1;2;0;0;8f4cdfd9-c6a5-4abe-9c92-0d36fb7e13b7;2025-05-09 12:29:35.9454
0;0;-3;-5;1;3;0;-2;8f4cdfd9-c6a5-4abe-9c92-0d36fb7e13b7;2025-05-09 12:29:35.9454
2;4;-1;5;1;0;0;1;8f4cdfd9-c6a5-4abe-9c92-0d36fb7e13b7;2025-05-09 12:29:35.9504
3;1;1;-5;-2;-4;-1;3;8f4cdfd9-c6a5-4abe-9c92-0d36fb7e13b7;2025-05-09 12:29:35.9504
-2;-2;1;0;-2;-4;-1;-4;8f4cdfd9-c6a5-4abe-9c92-0d36fb7e13b7;2025-05-09 12:29:35.9958
0;-2;-3;-4;-2;2;0;0;8f4cdfd9-c6a5-4abe-9c92-0d36fb7e13b7;2025-05-09 12:29:35.9958
-3;-6;-1;-7;-5;0;0;-1;8f4cdfd9-c6a5-4abe-9c92-0d36fb7e13b7;2025-05-09 12:29:36.0332
-2;0;-1;1;1;1;0;-3;8f4cdfd9-c6a5-4abe-9c92-0d36fb7e13b7;2025-05-09 12:29:36.0332
2;1;-1;-2;-2;-3;-2;-1;8f4cdfd9-c6a5-4abe-9c92-0d36fb7e13b7;2025-05-09 12:29:36.0482
-1;4;-2;8;1;-2;-1;-2;8f4cdfd9-c6a5-4abe-9c92-0d36fb7e13b7;2025-05-09 12:29:36.0482
3;3;-1;-21;-8;2;3;1;8f4cdfd9-c6a5-4abe-9c92-0d36fb7e13b7;2025-05-09 12:29:36.0581
-2;-1;2;8;3;1;0;1;8f4cdfd9-c6a5-4abe-9c92-0d36fb7e13b7;2025-05-09 12:29:36.0581
1;-6;0;-6;0;0;-1;-1;8f4cdfd9-c6a5-4abe-9c92-0d36fb7e13b7;2025-05-09 12:29:36.0591
-1;0;1;3;1;-1;-1;-1;8f4cdfd9-c6a5-4abe-9c92-0d36fb7e13b7;2025-05-09 12:29:36.0591
-6;12;3;4;6;4;0;-1;8f4cdfd9-c6a5-4abe-9c92-0d36fb7e13b7;2025-05-09 12:29:36.0601
7;-2;0;-4;0;0;1;1;8f4cdfd9-c6a5-4abe-9c92-0d36fb7e13b7;2025-05-09 12:29:36.0601
-2;4;-1;0;-4;-3;-3;0;8f4cdfd9-c6a5-4abe-9c92-0d36fb7e13b7;2025-05-09 12:29:36.0781
-1;-4;-2;1;2;-1;0;1;8f4cdfd9-c6a5-4abe-9c92-0d36fb7e13b7;2025-05-09 12:29:36.0781
-3;2;-1;-1;-2;0;0;-1;8f4cdfd9-c6a5-4abe-9c92-0d36fb7e13b7;2025-05-09 12:29:36.0871
4;4;0;2;2;2;0;0;8f4cdfd9-c6a5-4abe-9c92-0d36fb7e13b7;2025-05-09 12:29:36.0871
0;-1;-2;-6;-3;0;-5;-3;8f4cdfd9-c6a5-4abe-9c92-0d36fb7e13b7;2025-05-09 12:29:36.0881
3;0;-2;-1;-2;-2;6;4;8f4cdfd9-c6a5-4abe-9c92-0d36fb7e13b7;2025-05-09 12:29:36.0890
0;-1;1;3;2;-1;-3;1;8f4cdfd9-c6a5-4abe-9c92-0d36fb7e13b7;2025-05-09 12:29:36.0930
-3;-2;-2;-3;-2;-1;2;-2;8f4cdfd9-c6a5-4abe-9c92-0d36fb7e13b7;2025-05-09 12:29:36.0930
