ID;Timestamp;FrameNumber;ActivatedCube;ActiveCubeX;ActiveCubeY;ActiveCubeZ;TrackerX;TrackerY;TrackerZ;GoalGesture;GesturesAttempted;AttemptsInCube;State;Event
8f4cdfd9-c6a5-4abe-9c92-0d36fb7e13b7;2025-05-09 12:28:55.5996;1;None;;;;0;0;0;extension;0;;Moving to rest position;
8f4cdfd9-c6a5-4abe-9c92-0d36fb7e13b7;2025-05-09 12:29:00.2212;2;None;;;;0;0;0;extension;0;;Moving to rest position;
8f4cdfd9-c6a5-4abe-9c92-0d36fb7e13b7;2025-05-09 12:29:00.2451;3;None;;;;0.2439446;0.7171348;0.1762362;extension;0;;Moving to rest position;
8f4cdfd9-c6a5-4abe-9c92-0d36fb7e13b7;2025-05-09 12:29:00.2516;4;None;;;;0.2440725;0.7169628;0.1761432;extension;0;;Moving to rest position;
8f4cdfd9-c6a5-4abe-9c92-0d36fb7e13b7;2025-05-09 12:29:00.2616;5;None;;;;0.2441255;0.7167046;0.176245;extension;0;;Moving to rest position;
8f4cdfd9-c6a5-4abe-9c92-0d36fb7e13b7;2025-05-09 12:29:00.2676;6;None;;;;0.2441651;0.7166089;0.1762462;extension;0;;Moving to rest position;
8f4cdfd9-c6a5-4abe-9c92-0d36fb7e13b7;2025-05-09 12:29:00.2785;7;None;;;;0.2442189;0.7164742;0.1762416;extension;0;;Moving to rest position;
8f4cdfd9-c6a5-4abe-9c92-0d36fb7e13b7;2025-05-09 12:29:00.2895;8;None;;;;0.2441429;0.7163715;0.1763036;extension;0;;Moving to rest position;
8f4cdfd9-c6a5-4abe-9c92-0d36fb7e13b7;2025-05-09 12:29:00.3005;9;None;;;;0.2441508;0.7165022;0.1764381;extension;0;;Moving to rest position;
8f4cdfd9-c6a5-4abe-9c92-0d36fb7e13b7;2025-05-09 12:29:00.3114;10;None;;;;0.2441995;0.7164639;0.1765499;extension;0;;Moving to rest position;
8f4cdfd9-c6a5-4abe-9c92-0d36fb7e13b7;2025-05-09 12:29:00.3224;11;None;;;;0.2442635;0.7163824;0.1765847;extension;0;;Moving to rest position;
8f4cdfd9-c6a5-4abe-9c92-0d36fb7e13b7;2025-05-09 12:29:00.3344;12;None;;;;0.2442653;0.716557;0.1766911;extension;0;;Moving to rest position;
8f4cdfd9-c6a5-4abe-9c92-0d36fb7e13b7;2025-05-09 12:29:00.3459;13;None;;;;0.2442682;0.7166183;0.1768143;extension;0;;Moving to rest position;
8f4cdfd9-c6a5-4abe-9c92-0d36fb7e13b7;2025-05-09 12:29:00.3568;14;None;;;;0.244123;0.7166902;0.1769342;extension;0;;Moving to rest position;
8f4cdfd9-c6a5-4abe-9c92-0d36fb7e13b7;2025-05-09 12:29:00.3668;15;None;;;;0.2440991;0.7167863;0.1771917;extension;0;;Moving to rest position;
8f4cdfd9-c6a5-4abe-9c92-0d36fb7e13b7;2025-05-09 12:29:00.3788;16;None;;;;0.244063;0.7168995;0.1773138;extension;0;;Moving to rest position;
8f4cdfd9-c6a5-4abe-9c92-0d36fb7e13b7;2025-05-09 12:29:00.3907;17;None;;;;0.2442738;0.7168193;0.1772656;extension;0;;Moving to rest position;
8f4cdfd9-c6a5-4abe-9c92-0d36fb7e13b7;2025-05-09 12:29:00.4007;18;None;;;;0.2442108;0.7171248;0.1773152;extension;0;;Moving to rest position;
8f4cdfd9-c6a5-4abe-9c92-0d36fb7e13b7;2025-05-09 12:29:00.4117;19;None;;;;0.2441736;0.7171669;0.1773889;extension;0;;Moving to rest position;
8f4cdfd9-c6a5-4abe-9c92-0d36fb7e13b7;2025-05-09 12:29:00.4227;20;None;;;;0.2439781;0.7171484;0.1774037;extension;0;;Moving to rest position;
8f4cdfd9-c6a5-4abe-9c92-0d36fb7e13b7;2025-05-09 12:29:00.4346;21;None;;;;0.2438297;0.7173231;0.1776268;extension;0;;Moving to rest position;
8f4cdfd9-c6a5-4abe-9c92-0d36fb7e13b7;2025-05-09 12:29:00.4456;22;None;;;;0.2436875;0.7172703;0.1776052;extension;0;;Moving to rest position;
8f4cdfd9-c6a5-4abe-9c92-0d36fb7e13b7;2025-05-09 12:29:00.5904;23;None;;;;0.2436882;0.7171189;0.1774879;extension;0;;Moving to rest position;
8f4cdfd9-c6a5-4abe-9c92-0d36fb7e13b7;2025-05-09 12:29:00.5963;24;None;;;;0.242956;0.717139;0.177108;extension;0;;Moving to rest position;
8f4cdfd9-c6a5-4abe-9c92-0d36fb7e13b7;2025-05-09 12:29:00.6013;25;None;;;;0.2429255;0.7171379;0.1771147;extension;0;;Moving to rest position;
8f4cdfd9-c6a5-4abe-9c92-0d36fb7e13b7;2025-05-09 12:29:00.6133;26;None;;;;0.2428921;0.7171404;0.1771138;extension;0;;Moving to rest position;
8f4cdfd9-c6a5-4abe-9c92-0d36fb7e13b7;2025-05-09 12:29:00.6243;27;None;;;;0.243149;0.7170178;0.17699;extension;0;;Moving to rest position;
8f4cdfd9-c6a5-4abe-9c92-0d36fb7e13b7;2025-05-09 12:29:00.6352;28;None;;;;0.243154;0.7170892;0.1769657;extension;0;;Moving to rest position;
8f4cdfd9-c6a5-4abe-9c92-0d36fb7e13b7;2025-05-09 12:29:00.6462;29;None;;;;0.2431597;0.7170739;0.1769359;extension;0;;Moving to rest position;
8f4cdfd9-c6a5-4abe-9c92-0d36fb7e13b7;2025-05-09 12:29:00.6582;30;None;;;;0.2429478;0.717198;0.1770411;extension;0;;Moving to rest position;
8f4cdfd9-c6a5-4abe-9c92-0d36fb7e13b7;2025-05-09 12:29:00.6691;31;None;;;;0.2428526;0.7172655;0.1773584;extension;0;;Moving to rest position;
8f4cdfd9-c6a5-4abe-9c92-0d36fb7e13b7;2025-05-09 12:29:00.6801;32;None;;;;0.2428071;0.7172968;0.1774201;extension;0;;Moving to rest position;
8f4cdfd9-c6a5-4abe-9c92-0d36fb7e13b7;2025-05-09 12:29:00.6911;33;None;;;;0.2431033;0.7170994;0.1772535;extension;0;;Moving to rest position;
8f4cdfd9-c6a5-4abe-9c92-0d36fb7e13b7;2025-05-09 12:29:00.7031;34;None;;;;0.2430712;0.7172426;0.1773143;extension;0;;Moving to rest position;
8f4cdfd9-c6a5-4abe-9c92-0d36fb7e13b7;2025-05-09 12:29:00.7140;35;None;;;;0.24304;0.7173233;0.1773818;extension;0;;Moving to rest position;
8f4cdfd9-c6a5-4abe-9c92-0d36fb7e13b7;2025-05-09 12:29:00.7250;36;None;;;;0.243152;0.7173228;0.1773453;extension;0;;Moving to rest position;
8f4cdfd9-c6a5-4abe-9c92-0d36fb7e13b7;2025-05-09 12:29:00.7360;37;None;;;;0.2431542;0.7175686;0.1772695;extension;0;;Moving to rest position;
8f4cdfd9-c6a5-4abe-9c92-0d36fb7e13b7;2025-05-09 12:29:00.7474;38;None;;;;0.2431406;0.7176816;0.1772797;extension;0;;Moving to rest position;
8f4cdfd9-c6a5-4abe-9c92-0d36fb7e13b7;2025-05-09 12:29:00.7584;39;None;;;;0.2430795;0.7177838;0.1772587;extension;0;;Moving to rest position;
8f4cdfd9-c6a5-4abe-9c92-0d36fb7e13b7;2025-05-09 12:29:00.7694;40;None;;;;0.2430046;0.7179036;0.1773977;extension;0;;Moving to rest position;
8f4cdfd9-c6a5-4abe-9c92-0d36fb7e13b7;2025-05-09 12:29:00.7814;41;None;;;;0.2429562;0.7180034;0.1773903;extension;0;;Moving to rest position;
8f4cdfd9-c6a5-4abe-9c92-0d36fb7e13b7;2025-05-09 12:29:00.7913;42;None;;;;0.2428237;0.7180787;0.1773169;extension;0;;Moving to rest position;
8f4cdfd9-c6a5-4abe-9c92-0d36fb7e13b7;2025-05-09 12:29:00.8033;43;None;;;;0.2427504;0.7181183;0.1774213;extension;0;;Moving to rest position;
8f4cdfd9-c6a5-4abe-9c92-0d36fb7e13b7;2025-05-09 12:29:00.8143;44;None;;;;0.242695;0.7182361;0.1774175;extension;0;;Moving to rest position;
8f4cdfd9-c6a5-4abe-9c92-0d36fb7e13b7;2025-05-09 12:29:00.8252;45;None;;;;0.2424247;0.7184159;0.1774406;extension;0;;Moving to rest position;
8f4cdfd9-c6a5-4abe-9c92-0d36fb7e13b7;2025-05-09 12:29:00.8362;46;None;;;;0.2423186;0.7186887;0.1776154;extension;0;;Moving to rest position;
8f4cdfd9-c6a5-4abe-9c92-0d36fb7e13b7;2025-05-09 12:29:00.8477;47;None;;;;0.2424413;0.7186739;0.1774492;extension;0;;Moving to rest position;
8f4cdfd9-c6a5-4abe-9c92-0d36fb7e13b7;2025-05-09 12:29:00.8586;48;None;;;;0.2424093;0.718799;0.1773901;extension;0;;Moving to rest position;
8f4cdfd9-c6a5-4abe-9c92-0d36fb7e13b7;2025-05-09 12:29:00.8696;49;None;;;;0.2423238;0.7190338;0.1775293;extension;0;;Moving to rest position;
8f4cdfd9-c6a5-4abe-9c92-0d36fb7e13b7;2025-05-09 12:29:00.8816;50;None;;;;0.2422911;0.7191385;0.177448;extension;0;;Moving to rest position;
8f4cdfd9-c6a5-4abe-9c92-0d36fb7e13b7;2025-05-09 12:29:00.8926;51;None;;;;0.2425956;0.7190109;0.1771665;extension;0;;Moving to rest position;
8f4cdfd9-c6a5-4abe-9c92-0d36fb7e13b7;2025-05-09 12:29:00.9035;52;None;;;;0.2425156;0.7191225;0.1773963;extension;0;;Moving to rest position;
8f4cdfd9-c6a5-4abe-9c92-0d36fb7e13b7;2025-05-09 12:29:00.9145;53;None;;;;0.2424988;0.7191305;0.177345;extension;0;;Moving to rest position;
8f4cdfd9-c6a5-4abe-9c92-0d36fb7e13b7;2025-05-09 12:29:00.9255;54;None;;;;0.242263;0.7192105;0.1773367;extension;0;;Moving to rest position;
8f4cdfd9-c6a5-4abe-9c92-0d36fb7e13b7;2025-05-09 12:29:00.9374;55;None;;;;0.2421898;0.7192932;0.1774433;extension;0;;Moving to rest position;
8f4cdfd9-c6a5-4abe-9c92-0d36fb7e13b7;2025-05-09 12:29:00.9479;56;None;;;;0.2421579;0.7193232;0.1773906;extension;0;;Moving to rest position;
8f4cdfd9-c6a5-4abe-9c92-0d36fb7e13b7;2025-05-09 12:29:00.9594;57;None;;;;0.2422016;0.7193401;0.1771443;extension;0;;Moving to rest position;
8f4cdfd9-c6a5-4abe-9c92-0d36fb7e13b7;2025-05-09 12:29:00.9704;58;None;;;;0.2421786;0.7194072;0.1770971;extension;0;;Moving to rest position;
8f4cdfd9-c6a5-4abe-9c92-0d36fb7e13b7;2025-05-09 12:29:00.9823;59;None;;;;0.2423435;0.7193339;0.1769476;extension;0;;Moving to rest position;
8f4cdfd9-c6a5-4abe-9c92-0d36fb7e13b7;2025-05-09 12:29:00.9943;60;None;;;;0.2423612;0.7194644;0.177007;extension;0;;Moving to rest position;
8f4cdfd9-c6a5-4abe-9c92-0d36fb7e13b7;2025-05-09 12:29:01.0063;61;None;;;;0.2424144;0.7195174;0.1770253;extension;0;;Moving to rest position;
8f4cdfd9-c6a5-4abe-9c92-0d36fb7e13b7;2025-05-09 12:29:01.0182;62;None;;;;0.2425472;0.7194748;0.1769238;extension;0;;Moving to rest position;
8f4cdfd9-c6a5-4abe-9c92-0d36fb7e13b7;2025-05-09 12:29:01.0312;63;None;;;;0.2426643;0.7195361;0.1768994;extension;0;;Moving to rest position;
8f4cdfd9-c6a5-4abe-9c92-0d36fb7e13b7;2025-05-09 12:29:01.0422;64;None;;;;0.2427512;0.7195621;0.1769161;extension;0;;Moving to rest position;
8f4cdfd9-c6a5-4abe-9c92-0d36fb7e13b7;2025-05-09 12:29:01.0541;65;None;;;;0.242815;0.7195011;0.1768794;extension;0;;Moving to rest position;
8f4cdfd9-c6a5-4abe-9c92-0d36fb7e13b7;2025-05-09 12:29:01.0651;66;None;;;;0.2428603;0.7195688;0.1770873;extension;0;;Moving to rest position;
8f4cdfd9-c6a5-4abe-9c92-0d36fb7e13b7;2025-05-09 12:29:01.0761;67;None;;;;0.2429316;0.7195369;0.1771483;extension;0;;Moving to rest position;
8f4cdfd9-c6a5-4abe-9c92-0d36fb7e13b7;2025-05-09 12:29:01.0880;68;None;;;;0.2428826;0.7194669;0.1772089;extension;0;;Moving to rest position;
8f4cdfd9-c6a5-4abe-9c92-0d36fb7e13b7;2025-05-09 12:29:01.0990;69;None;;;;0.2429796;0.7192239;0.1771986;extension;0;;Moving to rest position;
8f4cdfd9-c6a5-4abe-9c92-0d36fb7e13b7;2025-05-09 12:29:01.1100;70;None;;;;0.2430322;0.7191844;0.1772845;extension;0;;Moving to rest position;
8f4cdfd9-c6a5-4abe-9c92-0d36fb7e13b7;2025-05-09 12:29:01.1215;71;None;;;;0.2433251;0.7190191;0.1772707;extension;0;;Moving to rest position;
8f4cdfd9-c6a5-4abe-9c92-0d36fb7e13b7;2025-05-09 12:29:01.1334;72;None;;;;0.2434715;0.7189548;0.17717;extension;0;;Moving to rest position;
8f4cdfd9-c6a5-4abe-9c92-0d36fb7e13b7;2025-05-09 12:29:01.1444;73;None;;;;0.2436016;0.7189209;0.1772988;extension;0;;Moving to rest position;
8f4cdfd9-c6a5-4abe-9c92-0d36fb7e13b7;2025-05-09 12:29:01.1554;74;None;;;;0.2439721;0.7187668;0.1773357;extension;0;;Moving to rest position;
8f4cdfd9-c6a5-4abe-9c92-0d36fb7e13b7;2025-05-09 12:29:01.1674;75;None;;;;0.2441671;0.7186103;0.1773407;extension;0;;Moving to rest position;
8f4cdfd9-c6a5-4abe-9c92-0d36fb7e13b7;2025-05-09 12:29:01.1784;76;None;;;;0.2443056;0.7186024;0.1774952;extension;0;;Moving to rest position;
8f4cdfd9-c6a5-4abe-9c92-0d36fb7e13b7;2025-05-09 12:29:01.1903;77;None;;;;0.2445343;0.7185547;0.1775694;extension;0;;Moving to rest position;
8f4cdfd9-c6a5-4abe-9c92-0d36fb7e13b7;2025-05-09 12:29:01.2003;78;None;;;;0.2445947;0.7186501;0.1778452;extension;0;;Moving to rest position;
8f4cdfd9-c6a5-4abe-9c92-0d36fb7e13b7;2025-05-09 12:29:01.2123;79;None;;;;0.2446918;0.7186704;0.1779928;extension;0;;Moving to rest position;
8f4cdfd9-c6a5-4abe-9c92-0d36fb7e13b7;2025-05-09 12:29:01.2232;80;None;;;;0.2446012;0.7186959;0.1781144;extension;0;;Moving to rest position;
8f4cdfd9-c6a5-4abe-9c92-0d36fb7e13b7;2025-05-09 12:29:01.2362;81;None;;;;0.2446865;0.7188369;0.1781557;extension;0;;Moving to rest position;
8f4cdfd9-c6a5-4abe-9c92-0d36fb7e13b7;2025-05-09 12:29:01.2462;82;None;;;;0.2447413;0.7188593;0.1782837;extension;0;;Moving to rest position;
8f4cdfd9-c6a5-4abe-9c92-0d36fb7e13b7;2025-05-09 12:29:01.2572;83;None;;;;0.2447115;0.7188829;0.1784222;extension;0;;Moving to rest position;
8f4cdfd9-c6a5-4abe-9c92-0d36fb7e13b7;2025-05-09 12:29:01.2681;84;None;;;;0.2447993;0.718773;0.1783817;extension;0;;Moving to rest position;
8f4cdfd9-c6a5-4abe-9c92-0d36fb7e13b7;2025-05-09 12:29:01.2791;85;None;;;;0.2448362;0.718766;0.178478;extension;0;;Moving to rest position;
8f4cdfd9-c6a5-4abe-9c92-0d36fb7e13b7;2025-05-09 12:29:01.2911;86;None;;;;0.2450905;0.718612;0.178412;extension;0;;Moving to rest position;
8f4cdfd9-c6a5-4abe-9c92-0d36fb7e13b7;2025-05-09 12:29:01.3020;87;None;;;;0.2451773;0.7184522;0.1784074;extension;0;;Moving to rest position;
8f4cdfd9-c6a5-4abe-9c92-0d36fb7e13b7;2025-05-09 12:29:01.3130;88;None;;;;0.2452273;0.7184472;0.1784956;extension;0;;Moving to rest position;
8f4cdfd9-c6a5-4abe-9c92-0d36fb7e13b7;2025-05-09 12:29:01.3240;89;None;;;;0.2450913;0.7184778;0.1785879;extension;0;;Moving to rest position;
8f4cdfd9-c6a5-4abe-9c92-0d36fb7e13b7;2025-05-09 12:29:01.3359;90;None;;;;0.2451679;0.718152;0.178721;extension;0;;Moving to rest position;
8f4cdfd9-c6a5-4abe-9c92-0d36fb7e13b7;2025-05-09 12:29:01.3469;91;None;;;;0.2452278;0.7181271;0.1788197;extension;0;;Moving to rest position;
8f4cdfd9-c6a5-4abe-9c92-0d36fb7e13b7;2025-05-09 12:29:01.3579;92;None;;;;0.2455566;0.717949;0.1787579;extension;0;;Moving to rest position;
8f4cdfd9-c6a5-4abe-9c92-0d36fb7e13b7;2025-05-09 12:29:01.3694;93;None;;;;0.2456782;0.7178677;0.1786697;extension;0;;Moving to rest position;
8f4cdfd9-c6a5-4abe-9c92-0d36fb7e13b7;2025-05-09 12:29:01.3803;94;None;;;;0.2457557;0.7178532;0.1787539;extension;0;;Moving to rest position;
8f4cdfd9-c6a5-4abe-9c92-0d36fb7e13b7;2025-05-09 12:29:01.3913;95;None;;;;0.2459153;0.7177695;0.1787348;extension;0;;Moving to rest position;
8f4cdfd9-c6a5-4abe-9c92-0d36fb7e13b7;2025-05-09 12:29:01.4023;96;None;;;;0.2460548;0.717705;0.1784527;extension;0;;Moving to rest position;
8f4cdfd9-c6a5-4abe-9c92-0d36fb7e13b7;2025-05-09 12:29:01.4132;97;None;;;;0.2460898;0.7177564;0.1785002;extension;0;;Moving to rest position;
8f4cdfd9-c6a5-4abe-9c92-0d36fb7e13b7;2025-05-09 12:29:01.4252;98;None;;;;0.2459266;0.7177968;0.1785028;extension;0;;Moving to rest position;
8f4cdfd9-c6a5-4abe-9c92-0d36fb7e13b7;2025-05-09 12:29:01.4362;99;None;;;;0.2458743;0.7178279;0.1788154;extension;0;;Moving to rest position;
8f4cdfd9-c6a5-4abe-9c92-0d36fb7e13b7;2025-05-09 12:29:01.4471;100;None;;;;0.2458739;0.7178921;0.178911;extension;0;;Moving to rest position;
8f4cdfd9-c6a5-4abe-9c92-0d36fb7e13b7;2025-05-09 12:29:01.4581;101;None;;;;0.2460083;0.7178549;0.178936;extension;0;;Moving to rest position;
8f4cdfd9-c6a5-4abe-9c92-0d36fb7e13b7;2025-05-09 12:29:01.4691;102;None;;;;0.2460284;0.7178169;0.1790473;extension;0;;Moving to rest position;
8f4cdfd9-c6a5-4abe-9c92-0d36fb7e13b7;2025-05-09 12:29:01.4801;103;None;;;;0.2460148;0.7178762;0.1791193;extension;0;;Moving to rest position;
8f4cdfd9-c6a5-4abe-9c92-0d36fb7e13b7;2025-05-09 12:29:01.4920;104;None;;;;0.2457807;0.7179431;0.1791556;extension;0;;Moving to rest position;
8f4cdfd9-c6a5-4abe-9c92-0d36fb7e13b7;2025-05-09 12:29:01.5030;105;None;;;;0.2457416;0.718076;0.179173;extension;0;;Moving to rest position;
8f4cdfd9-c6a5-4abe-9c92-0d36fb7e13b7;2025-05-09 12:29:01.5150;106;None;;;;0.2457145;0.7181269;0.1791902;extension;0;;Moving to rest position;
8f4cdfd9-c6a5-4abe-9c92-0d36fb7e13b7;2025-05-09 12:29:01.5249;107;None;;;;0.2457438;0.7180924;0.179096;extension;0;;Moving to rest position;
8f4cdfd9-c6a5-4abe-9c92-0d36fb7e13b7;2025-05-09 12:29:01.5369;108;None;;;;0.2458061;0.7181158;0.1787102;extension;0;;Moving to rest position;
8f4cdfd9-c6a5-4abe-9c92-0d36fb7e13b7;2025-05-09 12:29:01.5479;109;None;;;;0.2457819;0.7182097;0.1786945;extension;0;;Moving to rest position;
8f4cdfd9-c6a5-4abe-9c92-0d36fb7e13b7;2025-05-09 12:29:01.5589;110;None;;;;0.2460557;0.718171;0.1785486;extension;0;;Moving to rest position;
8f4cdfd9-c6a5-4abe-9c92-0d36fb7e13b7;2025-05-09 12:29:01.5698;111;None;;;;0.2459916;0.7183529;0.178642;extension;0;;Moving to rest position;
8f4cdfd9-c6a5-4abe-9c92-0d36fb7e13b7;2025-05-09 12:29:01.5818;112;None;;;;0.2460932;0.7185538;0.1786418;extension;0;;Moving to rest position;
8f4cdfd9-c6a5-4abe-9c92-0d36fb7e13b7;2025-05-09 12:29:01.5928;113;None;;;;0.2466909;0.719027;0.1784663;extension;0;;Moving to rest position;
8f4cdfd9-c6a5-4abe-9c92-0d36fb7e13b7;2025-05-09 12:29:01.6037;114;None;;;;0.2472048;0.719654;0.1785042;extension;0;;Moving to rest position;
8f4cdfd9-c6a5-4abe-9c92-0d36fb7e13b7;2025-05-09 12:29:01.6152;115;None;;;;0.2482686;0.7207928;0.1785557;extension;0;;Moving to rest position;
8f4cdfd9-c6a5-4abe-9c92-0d36fb7e13b7;2025-05-09 12:29:01.6257;116;None;;;;0.2493957;0.7222985;0.1786301;extension;0;;Moving to rest position;
8f4cdfd9-c6a5-4abe-9c92-0d36fb7e13b7;2025-05-09 12:29:01.6367;117;None;;;;0.2513342;0.7238553;0.1787775;extension;0;;Moving to rest position;
8f4cdfd9-c6a5-4abe-9c92-0d36fb7e13b7;2025-05-09 12:29:01.6476;118;None;;;;0.2538154;0.7257007;0.1788013;extension;0;;Moving to rest position;
8f4cdfd9-c6a5-4abe-9c92-0d36fb7e13b7;2025-05-09 12:29:01.6586;119;None;;;;0.2562901;0.7277462;0.1788194;extension;0;;Moving to rest position;
8f4cdfd9-c6a5-4abe-9c92-0d36fb7e13b7;2025-05-09 12:29:01.6706;120;None;;;;0.2595797;0.7296834;0.1788247;extension;0;;Moving to rest position;
8f4cdfd9-c6a5-4abe-9c92-0d36fb7e13b7;2025-05-09 12:29:01.6815;121;None;;;;0.2628621;0.7316235;0.1787002;extension;0;;Moving to rest position;
8f4cdfd9-c6a5-4abe-9c92-0d36fb7e13b7;2025-05-09 12:29:01.6925;122;None;;;;0.2667447;0.7335905;0.1784177;extension;0;;Moving to rest position;
8f4cdfd9-c6a5-4abe-9c92-0d36fb7e13b7;2025-05-09 12:29:01.7035;123;None;;;;0.2705863;0.7348174;0.1781535;extension;0;;Moving to rest position;
8f4cdfd9-c6a5-4abe-9c92-0d36fb7e13b7;2025-05-09 12:29:01.7144;124;None;;;;0.2744219;0.7355042;0.1768959;extension;0;;Moving to rest position;
8f4cdfd9-c6a5-4abe-9c92-0d36fb7e13b7;2025-05-09 12:29:01.7264;125;None;;;;0.2780331;0.7358919;0.1750793;extension;0;;Moving to rest position;
8f4cdfd9-c6a5-4abe-9c92-0d36fb7e13b7;2025-05-09 12:29:01.7374;126;None;;;;0.2811766;0.736398;0.1730578;extension;0;;Moving to rest position;
8f4cdfd9-c6a5-4abe-9c92-0d36fb7e13b7;2025-05-09 12:29:01.7484;127;None;;;;0.283991;0.736421;0.1704457;extension;0;;Moving to rest position;
8f4cdfd9-c6a5-4abe-9c92-0d36fb7e13b7;2025-05-09 12:29:01.7593;128;None;;;;0.2855025;0.7364357;0.1672461;extension;0;;Moving to rest position;
8f4cdfd9-c6a5-4abe-9c92-0d36fb7e13b7;2025-05-09 12:29:01.7713;129;None;;;;0.2868651;0.7367924;0.1641603;extension;0;;Moving to rest position;
8f4cdfd9-c6a5-4abe-9c92-0d36fb7e13b7;2025-05-09 12:29:01.7826;130;None;;;;0.2878514;0.7374909;0.1603417;extension;0;;Moving to rest position;
8f4cdfd9-c6a5-4abe-9c92-0d36fb7e13b7;2025-05-09 12:29:01.7932;131;None;;;;0.2881342;0.738149;0.1565294;extension;0;;Moving to rest position;
8f4cdfd9-c6a5-4abe-9c92-0d36fb7e13b7;2025-05-09 12:29:01.8042;132;None;;;;0.2884202;0.7392324;0.153285;extension;0;;Moving to rest position;
8f4cdfd9-c6a5-4abe-9c92-0d36fb7e13b7;2025-05-09 12:29:01.8162;133;None;;;;0.2884607;0.7400354;0.1500847;extension;0;;Moving to rest position;
8f4cdfd9-c6a5-4abe-9c92-0d36fb7e13b7;2025-05-09 12:29:01.8271;134;None;;;;0.2900993;0.7406027;0.1470115;extension;0;;Moving to rest position;
8f4cdfd9-c6a5-4abe-9c92-0d36fb7e13b7;2025-05-09 12:29:01.8381;135;None;;;;0.2903252;0.741931;0.1448724;extension;0;;Moving to rest position;
8f4cdfd9-c6a5-4abe-9c92-0d36fb7e13b7;2025-05-09 12:29:01.8491;136;None;;;;0.2906775;0.7427406;0.1430337;extension;0;;Moving to rest position;
8f4cdfd9-c6a5-4abe-9c92-0d36fb7e13b7;2025-05-09 12:29:01.8606;137;None;;;;0.2921452;0.7436632;0.1411982;extension;0;;Moving to rest position;
8f4cdfd9-c6a5-4abe-9c92-0d36fb7e13b7;2025-05-09 12:29:01.8715;138;None;;;;0.292775;0.7444055;0.1396034;extension;0;;Moving to rest position;
8f4cdfd9-c6a5-4abe-9c92-0d36fb7e13b7;2025-05-09 12:29:01.8825;139;None;;;;0.2931186;0.7452188;0.1384737;extension;0;;Moving to rest position;
8f4cdfd9-c6a5-4abe-9c92-0d36fb7e13b7;2025-05-09 12:29:01.8935;140;None;;;;0.2938618;0.7461638;0.1376283;extension;0;;Moving to rest position;
8f4cdfd9-c6a5-4abe-9c92-0d36fb7e13b7;2025-05-09 12:29:01.9044;141;None;;;;0.2944418;0.7478722;0.1366329;extension;0;;Moving to rest position;
8f4cdfd9-c6a5-4abe-9c92-0d36fb7e13b7;2025-05-09 12:29:01.9164;142;None;;;;0.2948072;0.7488346;0.1353943;extension;0;;Moving to rest position;
8f4cdfd9-c6a5-4abe-9c92-0d36fb7e13b7;2025-05-09 12:29:01.9274;143;None;;;;0.2950979;0.7503307;0.1347609;extension;0;;Moving to rest position;
8f4cdfd9-c6a5-4abe-9c92-0d36fb7e13b7;2025-05-09 12:29:01.9384;144;None;;;;0.2954041;0.7512347;0.13397;extension;0;;Moving to rest position;
8f4cdfd9-c6a5-4abe-9c92-0d36fb7e13b7;2025-05-09 12:29:01.9503;145;None;;;;0.2954044;0.7518716;0.1328316;extension;0;;Moving to rest position;
8f4cdfd9-c6a5-4abe-9c92-0d36fb7e13b7;2025-05-09 12:29:01.9608;146;None;;;;0.2956685;0.7526432;0.1323199;extension;0;;Moving to rest position;
8f4cdfd9-c6a5-4abe-9c92-0d36fb7e13b7;2025-05-09 12:29:01.9718;147;None;;;;0.2959112;0.7535101;0.1322117;extension;0;;Moving to rest position;
8f4cdfd9-c6a5-4abe-9c92-0d36fb7e13b7;2025-05-09 12:29:01.9837;148;None;;;;0.2962354;0.7542573;0.1318207;extension;0;;Moving to rest position;
8f4cdfd9-c6a5-4abe-9c92-0d36fb7e13b7;2025-05-09 12:29:01.9947;149;None;;;;0.2962137;0.7545522;0.1312943;extension;0;;Moving to rest position;
8f4cdfd9-c6a5-4abe-9c92-0d36fb7e13b7;2025-05-09 12:29:02.0057;150;None;;;;0.2964672;0.7553685;0.131161;extension;0;;Moving to rest position;
8f4cdfd9-c6a5-4abe-9c92-0d36fb7e13b7;2025-05-09 12:29:02.0167;151;None;;;;0.2966375;0.7559814;0.131197;extension;0;;Moving to rest position;
8f4cdfd9-c6a5-4abe-9c92-0d36fb7e13b7;2025-05-09 12:29:02.0276;152;None;;;;0.2970327;0.7561922;0.1311064;extension;0;;Moving to rest position;
8f4cdfd9-c6a5-4abe-9c92-0d36fb7e13b7;2025-05-09 12:29:02.0386;153;None;;;;0.2970572;0.7566961;0.1312644;extension;0;;Moving to rest position;
8f4cdfd9-c6a5-4abe-9c92-0d36fb7e13b7;2025-05-09 12:29:02.0506;154;None;;;;0.2970173;0.7565908;0.1310554;extension;0;;Moving to rest position;
8f4cdfd9-c6a5-4abe-9c92-0d36fb7e13b7;2025-05-09 12:29:02.0610;155;None;;;;0.2967755;0.7569846;0.1313426;extension;0;;Moving to rest position;
8f4cdfd9-c6a5-4abe-9c92-0d36fb7e13b7;2025-05-09 12:29:02.0720;156;None;;;;0.2964631;0.7573211;0.1316009;extension;0;;Moving to rest position;
8f4cdfd9-c6a5-4abe-9c92-0d36fb7e13b7;2025-05-09 12:29:02.0840;157;None;;;;0.2961812;0.7573767;0.1314127;extension;0;;Moving to rest position;
8f4cdfd9-c6a5-4abe-9c92-0d36fb7e13b7;2025-05-09 12:29:02.0950;158;None;;;;0.2957684;0.7577962;0.1315963;extension;0;;Moving to rest position;
8f4cdfd9-c6a5-4abe-9c92-0d36fb7e13b7;2025-05-09 12:29:02.1069;159;None;;;;0.2954056;0.7582078;0.1321537;extension;0;;Moving to rest position;
8f4cdfd9-c6a5-4abe-9c92-0d36fb7e13b7;2025-05-09 12:29:02.1169;160;None;;;;0.2954885;0.758176;0.1318965;extension;0;;Moving to rest position;
8f4cdfd9-c6a5-4abe-9c92-0d36fb7e13b7;2025-05-09 12:29:02.1279;161;None;;;;0.2954388;0.7584705;0.1324797;extension;0;;Moving to rest position;
8f4cdfd9-c6a5-4abe-9c92-0d36fb7e13b7;2025-05-09 12:29:02.1398;162;None;;;;0.2954983;0.758779;0.1326814;extension;0;;Moving to rest position;
8f4cdfd9-c6a5-4abe-9c92-0d36fb7e13b7;2025-05-09 12:29:02.1508;163;None;;;;0.2959428;0.7587732;0.1325381;extension;0;;Moving to rest position;
8f4cdfd9-c6a5-4abe-9c92-0d36fb7e13b7;2025-05-09 12:29:02.1618;164;None;;;;0.2961559;0.7590377;0.1330037;extension;0;;Moving to rest position;
8f4cdfd9-c6a5-4abe-9c92-0d36fb7e13b7;2025-05-09 12:29:02.1728;165;None;;;;0.2965345;0.7593199;0.1333158;extension;0;;Moving to rest position;
8f4cdfd9-c6a5-4abe-9c92-0d36fb7e13b7;2025-05-09 12:29:02.1847;166;None;;;;0.2969952;0.7592421;0.1330957;extension;0;;Moving to rest position;
8f4cdfd9-c6a5-4abe-9c92-0d36fb7e13b7;2025-05-09 12:29:02.1957;167;None;;;;0.2972794;0.7593722;0.1335299;extension;0;;Moving to rest position;
8f4cdfd9-c6a5-4abe-9c92-0d36fb7e13b7;2025-05-09 12:29:02.2067;168;None;;;;0.2975523;0.7595762;0.1336777;extension;0;;Moving to rest position;
8f4cdfd9-c6a5-4abe-9c92-0d36fb7e13b7;2025-05-09 12:29:02.2176;169;None;;;;0.2975941;0.7591988;0.1331034;extension;0;;Moving to rest position;
8f4cdfd9-c6a5-4abe-9c92-0d36fb7e13b7;2025-05-09 12:29:02.2286;170;None;;;;0.2977134;0.7592185;0.1334522;extension;0;;Moving to rest position;
8f4cdfd9-c6a5-4abe-9c92-0d36fb7e13b7;2025-05-09 12:29:02.2406;171;None;;;;0.2978702;0.7593222;0.1336141;extension;0;;Moving to rest position;
8f4cdfd9-c6a5-4abe-9c92-0d36fb7e13b7;2025-05-09 12:29:02.2516;172;None;;;;0.2979836;0.7587957;0.1331003;extension;0;;Moving to rest position;
8f4cdfd9-c6a5-4abe-9c92-0d36fb7e13b7;2025-05-09 12:29:02.2625;173;None;;;;0.2979576;0.7589082;0.1334593;extension;0;;Moving to rest position;
8f4cdfd9-c6a5-4abe-9c92-0d36fb7e13b7;2025-05-09 12:29:02.2735;174;None;;;;0.2979766;0.7589452;0.1336801;extension;0;;Moving to rest position;
8f4cdfd9-c6a5-4abe-9c92-0d36fb7e13b7;2025-05-09 12:29:02.2845;175;None;;;;0.2982789;0.7583992;0.1332641;extension;0;;Moving to rest position;
8f4cdfd9-c6a5-4abe-9c92-0d36fb7e13b7;2025-05-09 12:29:02.2954;176;None;;;;0.2982595;0.7584918;0.133522;extension;0;;Moving to rest position;
8f4cdfd9-c6a5-4abe-9c92-0d36fb7e13b7;2025-05-09 12:29:02.3074;177;None;;;;0.2983078;0.7585272;0.1335855;extension;0;;Moving to rest position;
8f4cdfd9-c6a5-4abe-9c92-0d36fb7e13b7;2025-05-09 12:29:02.3184;178;None;;;;0.2987431;0.7580224;0.1328754;extension;0;;Moving to rest position;
8f4cdfd9-c6a5-4abe-9c92-0d36fb7e13b7;2025-05-09 12:29:02.3293;179;None;;;;0.2987948;0.7580841;0.1329255;extension;0;;Moving to rest position;
8f4cdfd9-c6a5-4abe-9c92-0d36fb7e13b7;2025-05-09 12:29:02.3413;180;None;;;;0.2988913;0.75806;0.1329188;extension;0;;Moving to rest position;
8f4cdfd9-c6a5-4abe-9c92-0d36fb7e13b7;2025-05-09 12:29:02.3523;181;None;;;;0.2993041;0.7575754;0.132436;extension;0;;Moving to rest position;
8f4cdfd9-c6a5-4abe-9c92-0d36fb7e13b7;2025-05-09 12:29:02.3628;182;None;;;;0.2993957;0.7574911;0.1327562;extension;0;;Moving to rest position;
8f4cdfd9-c6a5-4abe-9c92-0d36fb7e13b7;2025-05-09 12:29:02.3737;183;None;;;;0.2995464;0.7574199;0.1328011;extension;0;;Moving to rest position;
8f4cdfd9-c6a5-4abe-9c92-0d36fb7e13b7;2025-05-09 12:29:02.3847;184;None;;;;0.3000508;0.75694;0.1323328;extension;0;;Moving to rest position;
8f4cdfd9-c6a5-4abe-9c92-0d36fb7e13b7;2025-05-09 12:29:02.3977;185;None;;;;0.3001942;0.7571712;0.1321876;extension;0;;Moving to rest position;
8f4cdfd9-c6a5-4abe-9c92-0d36fb7e13b7;2025-05-09 12:29:02.4076;186;None;;;;0.3003119;0.7571415;0.1320684;extension;0;;Moving to rest position;
8f4cdfd9-c6a5-4abe-9c92-0d36fb7e13b7;2025-05-09 12:29:02.4189;187;None;;;;0.3003014;0.7567534;0.1315048;extension;0;;Moving to rest position;
8f4cdfd9-c6a5-4abe-9c92-0d36fb7e13b7;2025-05-09 12:29:02.4303;188;None;;;;0.3001671;0.7568846;0.1318228;extension;0;;Moving to rest position;
8f4cdfd9-c6a5-4abe-9c92-0d36fb7e13b7;2025-05-09 12:29:02.4413;189;None;;;;0.3001375;0.7568564;0.1318016;extension;0;;Moving to rest position;
8f4cdfd9-c6a5-4abe-9c92-0d36fb7e13b7;2025-05-09 12:29:02.4523;190;None;;;;0.3002824;0.7562853;0.1312468;extension;0;;Moving to rest position;
8f4cdfd9-c6a5-4abe-9c92-0d36fb7e13b7;2025-05-09 12:29:02.4643;191;None;;;;0.3001336;0.7563823;0.1314888;extension;0;;Moving to rest position;
8f4cdfd9-c6a5-4abe-9c92-0d36fb7e13b7;2025-05-09 12:29:02.4752;192;None;;;;0.3000685;0.7563365;0.131516;extension;0;;Moving to rest position;
8f4cdfd9-c6a5-4abe-9c92-0d36fb7e13b7;2025-05-09 12:29:02.4862;193;None;;;;0.3002425;0.7558624;0.1310072;extension;0;;Moving to rest position;
8f4cdfd9-c6a5-4abe-9c92-0d36fb7e13b7;2025-05-09 12:29:02.4972;194;None;;;;0.3000976;0.7561703;0.1314771;extension;0;;Moving to rest position;
8f4cdfd9-c6a5-4abe-9c92-0d36fb7e13b7;2025-05-09 12:29:02.5081;195;None;;;;0.3000716;0.7561976;0.1315072;extension;0;;Moving to rest position;
8f4cdfd9-c6a5-4abe-9c92-0d36fb7e13b7;2025-05-09 12:29:02.5191;196;None;;;;0.3000112;0.7558202;0.131031;extension;0;;Moving to rest position;
8f4cdfd9-c6a5-4abe-9c92-0d36fb7e13b7;2025-05-09 12:29:02.5301;197;None;;;;0.2999083;0.7561127;0.1313901;extension;0;;Moving to rest position;
8f4cdfd9-c6a5-4abe-9c92-0d36fb7e13b7;2025-05-09 12:29:02.5410;198;None;;;;0.2999098;0.7561641;0.1313951;extension;0;;Moving to rest position;
8f4cdfd9-c6a5-4abe-9c92-0d36fb7e13b7;2025-05-09 12:29:02.5530;199;None;;;;0.2999698;0.7559471;0.131078;extension;0;;Moving to rest position;
8f4cdfd9-c6a5-4abe-9c92-0d36fb7e13b7;2025-05-09 12:29:02.5636;200;None;;;;0.2998404;0.756073;0.1315672;extension;0;;Moving to rest position;
8f4cdfd9-c6a5-4abe-9c92-0d36fb7e13b7;2025-05-09 12:29:02.5756;201;None;;;;0.2998431;0.756063;0.1315427;extension;0;;Moving to rest position;
8f4cdfd9-c6a5-4abe-9c92-0d36fb7e13b7;2025-05-09 12:29:02.5866;202;None;;;;0.2997397;0.7558711;0.1312542;extension;0;;Moving to rest position;
8f4cdfd9-c6a5-4abe-9c92-0d36fb7e13b7;2025-05-09 12:29:02.5975;203;None;;;;0.2995436;0.7561299;0.1317132;extension;0;;Moving to rest position;
8f4cdfd9-c6a5-4abe-9c92-0d36fb7e13b7;2025-05-09 12:29:02.6085;204;None;;;;0.2994395;0.7561613;0.131727;extension;0;;Moving to rest position;
8f4cdfd9-c6a5-4abe-9c92-0d36fb7e13b7;2025-05-09 12:29:02.6195;205;None;;;;0.2994901;0.7559171;0.1314993;extension;0;;Moving to rest position;
8f4cdfd9-c6a5-4abe-9c92-0d36fb7e13b7;2025-05-09 12:29:02.6315;206;None;;;;0.2992246;0.7560145;0.1318858;extension;0;;Moving to rest position;
8f4cdfd9-c6a5-4abe-9c92-0d36fb7e13b7;2025-05-09 12:29:02.6424;207;None;;;;0.2990859;0.75595;0.1318791;extension;0;;Moving to rest position;
8f4cdfd9-c6a5-4abe-9c92-0d36fb7e13b7;2025-05-09 12:29:02.6534;208;None;;;;0.299055;0.7556006;0.1315286;extension;0;;Moving to rest position;
8f4cdfd9-c6a5-4abe-9c92-0d36fb7e13b7;2025-05-09 12:29:02.6644;209;None;;;;0.2989179;0.7556455;0.1316953;extension;0;;Moving to rest position;
8f4cdfd9-c6a5-4abe-9c92-0d36fb7e13b7;2025-05-09 12:29:02.6753;210;None;;;;0.2988814;0.7555569;0.1316478;extension;0;;Moving to rest position;
8f4cdfd9-c6a5-4abe-9c92-0d36fb7e13b7;2025-05-09 12:29:02.6873;211;None;;;;0.2989778;0.7552191;0.1313362;extension;0;;Moving to rest position;
8f4cdfd9-c6a5-4abe-9c92-0d36fb7e13b7;2025-05-09 12:29:02.6983;212;None;;;;0.2989202;0.7554168;0.1313493;extension;0;;Moving to rest position;
8f4cdfd9-c6a5-4abe-9c92-0d36fb7e13b7;2025-05-09 12:29:02.7093;213;None;;;;0.2988811;0.7552923;0.1313066;extension;0;;Moving to rest position;
8f4cdfd9-c6a5-4abe-9c92-0d36fb7e13b7;2025-05-09 12:29:02.7202;214;None;;;;0.2988907;0.7548541;0.1309705;extension;0;;Moving to rest position;
8f4cdfd9-c6a5-4abe-9c92-0d36fb7e13b7;2025-05-09 12:29:02.7312;215;None;;;;0.2987326;0.7548096;0.1309452;extension;0;;Moving to rest position;
8f4cdfd9-c6a5-4abe-9c92-0d36fb7e13b7;2025-05-09 12:29:02.7432;216;None;;;;0.2986077;0.7545664;0.1307936;extension;0;;Moving to rest position;
8f4cdfd9-c6a5-4abe-9c92-0d36fb7e13b7;2025-05-09 12:29:02.7541;217;None;;;;0.2985951;0.7541864;0.13047;extension;0;;Moving to rest position;
8f4cdfd9-c6a5-4abe-9c92-0d36fb7e13b7;2025-05-09 12:29:02.7658;218;None;;;;0.2983899;0.7541735;0.1306162;extension;0;;Moving to rest position;
8f4cdfd9-c6a5-4abe-9c92-0d36fb7e13b7;2025-05-09 12:29:02.7766;219;None;;;;0.2983056;0.753949;0.1304669;extension;0;;Moving to rest position;
8f4cdfd9-c6a5-4abe-9c92-0d36fb7e13b7;2025-05-09 12:29:02.7876;220;None;;;;0.2983402;0.7535609;0.130091;extension;0;;Moving to rest position;
8f4cdfd9-c6a5-4abe-9c92-0d36fb7e13b7;2025-05-09 12:29:02.7985;221;None;;;;0.2981918;0.7534311;0.1301076;extension;0;;Moving to rest position;
8f4cdfd9-c6a5-4abe-9c92-0d36fb7e13b7;2025-05-09 12:29:02.8100;222;None;;;;0.2981017;0.7531583;0.1299429;extension;0;;Moving to rest position;
8f4cdfd9-c6a5-4abe-9c92-0d36fb7e13b7;2025-05-09 12:29:02.8210;223;None;;;;0.2979611;0.7529362;0.1297946;extension;0;;Moving to rest position;
8f4cdfd9-c6a5-4abe-9c92-0d36fb7e13b7;2025-05-09 12:29:02.8327;224;None;;;;0.297786;0.7530272;0.1299374;extension;0;;Moving to rest position;
8f4cdfd9-c6a5-4abe-9c92-0d36fb7e13b7;2025-05-09 12:29:02.8429;225;None;;;;0.2976977;0.7528207;0.1298041;extension;0;;Moving to rest position;
8f4cdfd9-c6a5-4abe-9c92-0d36fb7e13b7;2025-05-09 12:29:02.8539;226;None;;;;0.29743;0.7527463;0.1298063;extension;0;;Moving to rest position;
8f4cdfd9-c6a5-4abe-9c92-0d36fb7e13b7;2025-05-09 12:29:02.8654;227;None;;;;0.2973118;0.7528481;0.1297109;extension;0;;Moving to rest position;
8f4cdfd9-c6a5-4abe-9c92-0d36fb7e13b7;2025-05-09 12:29:02.8764;228;None;;;;0.2972298;0.7526978;0.1295235;extension;0;;Moving to rest position;
8f4cdfd9-c6a5-4abe-9c92-0d36fb7e13b7;2025-05-09 12:29:02.8883;229;None;;;;0.2971532;0.7526704;0.1293797;extension;0;;Moving to rest position;
8f4cdfd9-c6a5-4abe-9c92-0d36fb7e13b7;2025-05-09 12:29:02.8993;230;None;;;;0.297029;0.7527263;0.1293757;extension;0;;Moving to rest position;
8f4cdfd9-c6a5-4abe-9c92-0d36fb7e13b7;2025-05-09 12:29:02.9103;231;None;;;;0.2970001;0.7526292;0.1292045;extension;0;;Moving to rest position;
8f4cdfd9-c6a5-4abe-9c92-0d36fb7e13b7;2025-05-09 12:29:02.9212;232;None;;;;0.2968702;0.7525972;0.1291261;extension;0;;Moving to rest position;
8f4cdfd9-c6a5-4abe-9c92-0d36fb7e13b7;2025-05-09 12:29:02.9332;233;None;;;;0.2967569;0.7524226;0.1296844;extension;0;;Moving to rest position;
8f4cdfd9-c6a5-4abe-9c92-0d36fb7e13b7;2025-05-09 12:29:02.9432;234;None;;;;0.2967323;0.7522761;0.1296639;extension;0;;Moving to rest position;
8f4cdfd9-c6a5-4abe-9c92-0d36fb7e13b7;2025-05-09 12:29:02.9551;235;None;;;;0.2963672;0.7523667;0.1299303;extension;0;;Moving to rest position;
8f4cdfd9-c6a5-4abe-9c92-0d36fb7e13b7;2025-05-09 12:29:02.9661;236;None;;;;0.2961663;0.7522682;0.1301045;extension;0;;Moving to rest position;
8f4cdfd9-c6a5-4abe-9c92-0d36fb7e13b7;2025-05-09 12:29:02.9776;237;None;;;;0.2960029;0.7520611;0.1300497;extension;0;;Moving to rest position;
8f4cdfd9-c6a5-4abe-9c92-0d36fb7e13b7;2025-05-09 12:29:02.9886;238;None;;;;0.2956176;0.7518401;0.1299598;extension;0;;Moving to rest position;
8f4cdfd9-c6a5-4abe-9c92-0d36fb7e13b7;2025-05-09 12:29:02.9995;239;None;;;;0.2953952;0.7519869;0.1297958;extension;0;;Moving to rest position;
8f4cdfd9-c6a5-4abe-9c92-0d36fb7e13b7;2025-05-09 12:29:03.0105;240;None;;;;0.2952264;0.7518271;0.129617;extension;0;;Moving to rest position;
8f4cdfd9-c6a5-4abe-9c92-0d36fb7e13b7;2025-05-09 12:29:03.0215;241;None;;;;0.2951127;0.7514943;0.1292498;extension;0;;Moving to rest position;
8f4cdfd9-c6a5-4abe-9c92-0d36fb7e13b7;2025-05-09 12:29:03.0334;242;None;;;;0.2949187;0.7513715;0.1294193;extension;0;;Moving to rest position;
8f4cdfd9-c6a5-4abe-9c92-0d36fb7e13b7;2025-05-09 12:29:03.0444;243;None;;;;0.294839;0.7511245;0.1293294;extension;0;;Moving to rest position;
8f4cdfd9-c6a5-4abe-9c92-0d36fb7e13b7;2025-05-09 12:29:03.0554;244;None;;;;0.2948518;0.7507386;0.1290996;extension;0;;Moving to rest position;
8f4cdfd9-c6a5-4abe-9c92-0d36fb7e13b7;2025-05-09 12:29:03.0664;245;None;;;;0.2947529;0.7508154;0.1292017;extension;0;;Moving to rest position;
8f4cdfd9-c6a5-4abe-9c92-0d36fb7e13b7;2025-05-09 12:29:03.0773;246;None;;;;0.2946972;0.7506146;0.1291575;extension;0;;Moving to rest position;
8f4cdfd9-c6a5-4abe-9c92-0d36fb7e13b7;2025-05-09 12:29:03.0893;247;None;;;;0.2948682;0.7500768;0.1287582;extension;0;;Moving to rest position;
8f4cdfd9-c6a5-4abe-9c92-0d36fb7e13b7;2025-05-09 12:29:03.1003;248;None;;;;0.2947856;0.7500212;0.1287119;extension;0;;Moving to rest position;
8f4cdfd9-c6a5-4abe-9c92-0d36fb7e13b7;2025-05-09 12:29:03.1112;249;None;;;;0.2947316;0.7497569;0.1285875;extension;0;;Moving to rest position;
8f4cdfd9-c6a5-4abe-9c92-0d36fb7e13b7;2025-05-09 12:29:03.1222;250;None;;;;0.2947334;0.7492517;0.1281714;extension;0;;Moving to rest position;
8f4cdfd9-c6a5-4abe-9c92-0d36fb7e13b7;2025-05-09 12:29:03.1342;251;None;;;;0.2945498;0.7492365;0.1283617;extension;0;;Moving to rest position;
8f4cdfd9-c6a5-4abe-9c92-0d36fb7e13b7;2025-05-09 12:29:03.1441;252;None;;;;0.294466;0.7490385;0.1282153;extension;0;;Moving to rest position;
8f4cdfd9-c6a5-4abe-9c92-0d36fb7e13b7;2025-05-09 12:29:03.1561;253;None;;;;0.2946094;0.7488585;0.1281254;extension;0;;Moving to rest position;
8f4cdfd9-c6a5-4abe-9c92-0d36fb7e13b7;2025-05-09 12:29:03.1676;254;None;;;;0.294468;0.7489229;0.1282935;extension;0;;Moving to rest position;
8f4cdfd9-c6a5-4abe-9c92-0d36fb7e13b7;2025-05-09 12:29:03.1786;255;None;;;;0.2944319;0.7486949;0.1281731;extension;0;;Moving to rest position;
8f4cdfd9-c6a5-4abe-9c92-0d36fb7e13b7;2025-05-09 12:29:03.1895;256;None;;;;0.2941166;0.7486194;0.1281803;extension;0;;Moving to rest position;
8f4cdfd9-c6a5-4abe-9c92-0d36fb7e13b7;2025-05-09 12:29:03.2005;257;None;;;;0.2939412;0.7486684;0.1286201;extension;0;;Moving to rest position;
8f4cdfd9-c6a5-4abe-9c92-0d36fb7e13b7;2025-05-09 12:29:03.2115;258;None;;;;0.2939566;0.7485131;0.1284912;extension;0;;Moving to rest position;
8f4cdfd9-c6a5-4abe-9c92-0d36fb7e13b7;2025-05-09 12:29:03.2224;259;None;;;;0.2940216;0.7483763;0.1283648;extension;0;;Moving to rest position;
8f4cdfd9-c6a5-4abe-9c92-0d36fb7e13b7;2025-05-09 12:29:03.2344;260;None;;;;0.293946;0.7484277;0.1285257;extension;0;;Moving to rest position;
8f4cdfd9-c6a5-4abe-9c92-0d36fb7e13b7;2025-05-09 12:29:03.2454;261;None;;;;0.2939253;0.7482589;0.1283989;extension;0;;Moving to rest position;
8f4cdfd9-c6a5-4abe-9c92-0d36fb7e13b7;2025-05-09 12:29:03.2569;262;None;;;;0.2936152;0.7481918;0.1284068;extension;0;;Moving to rest position;
8f4cdfd9-c6a5-4abe-9c92-0d36fb7e13b7;2025-05-09 12:29:03.2673;263;None;;;;0.293536;0.748232;0.1282856;extension;0;;Moving to rest position;
8f4cdfd9-c6a5-4abe-9c92-0d36fb7e13b7;2025-05-09 12:29:03.2783;264;None;;;;0.2934765;0.7480797;0.1281302;extension;0;;Moving to rest position;
8f4cdfd9-c6a5-4abe-9c92-0d36fb7e13b7;2025-05-09 12:29:03.2913;265;None;;;;0.2936082;0.7479887;0.1280575;extension;0;;Moving to rest position;
8f4cdfd9-c6a5-4abe-9c92-0d36fb7e13b7;2025-05-09 12:29:03.3012;266;None;;;;0.2935124;0.7480111;0.1282046;extension;0;;Moving to rest position;
8f4cdfd9-c6a5-4abe-9c92-0d36fb7e13b7;2025-05-09 12:29:03.3122;267;None;;;;0.2935012;0.7478853;0.128089;extension;0;;Moving to rest position;
8f4cdfd9-c6a5-4abe-9c92-0d36fb7e13b7;2025-05-09 12:29:03.3242;268;None;;;;0.2934355;0.7476809;0.127903;extension;0;;Moving to rest position;
8f4cdfd9-c6a5-4abe-9c92-0d36fb7e13b7;2025-05-09 12:29:03.3351;269;None;;;;0.293367;0.7476016;0.1280384;extension;0;;Moving to rest position;
8f4cdfd9-c6a5-4abe-9c92-0d36fb7e13b7;2025-05-09 12:29:03.3481;270;None;;;;0.2933581;0.7474394;0.127943;extension;0;;Moving to rest position;
8f4cdfd9-c6a5-4abe-9c92-0d36fb7e13b7;2025-05-09 12:29:03.3571;271;None;;;;0.2932017;0.7474113;0.1279833;extension;0;;Moving to rest position;
8f4cdfd9-c6a5-4abe-9c92-0d36fb7e13b7;2025-05-09 12:29:03.3681;272;None;;;;0.2930849;0.7475978;0.1282151;extension;0;;Moving to rest position;
8f4cdfd9-c6a5-4abe-9c92-0d36fb7e13b7;2025-05-09 12:29:03.3790;273;None;;;;0.2931005;0.7474636;0.1280441;extension;0;;Moving to rest position;
8f4cdfd9-c6a5-4abe-9c92-0d36fb7e13b7;2025-05-09 12:29:03.3900;274;None;;;;0.2930076;0.7474799;0.1280081;extension;0;;Moving to rest position;
8f4cdfd9-c6a5-4abe-9c92-0d36fb7e13b7;2025-05-09 12:29:03.4020;275;None;;;;0.2928935;0.7477765;0.1281769;extension;0;;Moving to rest position;
8f4cdfd9-c6a5-4abe-9c92-0d36fb7e13b7;2025-05-09 12:29:03.4129;276;None;;;;0.2928796;0.7476685;0.1280532;extension;0;;Moving to rest position;
8f4cdfd9-c6a5-4abe-9c92-0d36fb7e13b7;2025-05-09 12:29:03.4239;277;None;;;;0.2929815;0.7475865;0.128037;extension;0;;Moving to rest position;
8f4cdfd9-c6a5-4abe-9c92-0d36fb7e13b7;2025-05-09 12:29:03.4349;278;None;;;;0.2928931;0.7477984;0.1281776;extension;0;;Moving to rest position;
8f4cdfd9-c6a5-4abe-9c92-0d36fb7e13b7;2025-05-09 12:29:03.4459;279;None;;;;0.2929182;0.7476394;0.128027;extension;0;;Moving to rest position;
8f4cdfd9-c6a5-4abe-9c92-0d36fb7e13b7;2025-05-09 12:29:03.4578;280;None;;;;0.2930467;0.7476193;0.1280489;extension;0;;Moving to rest position;
8f4cdfd9-c6a5-4abe-9c92-0d36fb7e13b7;2025-05-09 12:29:03.4688;281;None;;;;0.293;0.7477679;0.1282241;extension;0;;Moving to rest position;
8f4cdfd9-c6a5-4abe-9c92-0d36fb7e13b7;2025-05-09 12:29:03.4798;282;None;;;;0.2931044;0.7475938;0.1279902;extension;0;;Moving to rest position;
8f4cdfd9-c6a5-4abe-9c92-0d36fb7e13b7;2025-05-09 12:29:03.4917;283;None;;;;0.2931944;0.7475101;0.1278787;extension;0;;Moving to rest position;
8f4cdfd9-c6a5-4abe-9c92-0d36fb7e13b7;2025-05-09 12:29:03.5027;284;None;;;;0.2931572;0.747471;0.1281681;extension;0;;Moving to rest position;
8f4cdfd9-c6a5-4abe-9c92-0d36fb7e13b7;2025-05-09 12:29:03.5137;285;None;;;;0.2932389;0.747231;0.1279495;extension;0;;Moving to rest position;
8f4cdfd9-c6a5-4abe-9c92-0d36fb7e13b7;2025-05-09 12:29:03.5246;286;None;;;;0.292805;0.7472308;0.1279225;extension;0;;Moving to rest position;
8f4cdfd9-c6a5-4abe-9c92-0d36fb7e13b7;2025-05-09 12:29:03.5356;287;None;;;;0.2927163;0.7474324;0.1280663;extension;0;;Moving to rest position;
8f4cdfd9-c6a5-4abe-9c92-0d36fb7e13b7;2025-05-09 12:29:03.5466;288;None;;;;0.2927803;0.7471899;0.1278195;extension;0;;Moving to rest position;
8f4cdfd9-c6a5-4abe-9c92-0d36fb7e13b7;2025-05-09 12:29:03.5576;289;None;;;;0.2928262;0.747076;0.1277552;extension;0;;Moving to rest position;
8f4cdfd9-c6a5-4abe-9c92-0d36fb7e13b7;2025-05-09 12:29:03.5695;290;None;;;;0.2928468;0.7471486;0.1277235;extension;0;;Moving to rest position;
8f4cdfd9-c6a5-4abe-9c92-0d36fb7e13b7;2025-05-09 12:29:03.5805;291;None;;;;0.2930643;0.7468392;0.1273897;extension;0;;Moving to rest position;
8f4cdfd9-c6a5-4abe-9c92-0d36fb7e13b7;2025-05-09 12:29:03.5915;292;None;;;;0.2931033;0.7466809;0.127208;extension;0;;Moving to rest position;
8f4cdfd9-c6a5-4abe-9c92-0d36fb7e13b7;2025-05-09 12:29:03.6024;293;None;;;;0.293212;0.7466031;0.1272862;extension;0;;Moving to rest position;
8f4cdfd9-c6a5-4abe-9c92-0d36fb7e13b7;2025-05-09 12:29:03.6139;294;None;;;;0.2934562;0.7462887;0.1269193;extension;0;;Moving to rest position;
8f4cdfd9-c6a5-4abe-9c92-0d36fb7e13b7;2025-05-09 12:29:03.6249;295;None;;;;0.2937528;0.7461668;0.1267445;extension;0;;Moving to rest position;
8f4cdfd9-c6a5-4abe-9c92-0d36fb7e13b7;2025-05-09 12:29:03.6359;296;None;;;;0.293931;0.7463521;0.1264555;extension;0;;Moving to rest position;
8f4cdfd9-c6a5-4abe-9c92-0d36fb7e13b7;2025-05-09 12:29:03.6478;297;None;;;;0.2942509;0.7459826;0.1258559;extension;0;;Moving to rest position;
8f4cdfd9-c6a5-4abe-9c92-0d36fb7e13b7;2025-05-09 12:29:03.6588;298;None;;;;0.2945467;0.7458411;0.1254303;extension;0;;Moving to rest position;
8f4cdfd9-c6a5-4abe-9c92-0d36fb7e13b7;2025-05-09 12:29:03.6698;299;None;;;;0.2948217;0.74551;0.1251566;extension;0;;Moving to rest position;
8f4cdfd9-c6a5-4abe-9c92-0d36fb7e13b7;2025-05-09 12:29:03.6807;300;None;;;;0.2952093;0.7451446;0.1244769;extension;0;;Moving to rest position;
8f4cdfd9-c6a5-4abe-9c92-0d36fb7e13b7;2025-05-09 12:29:03.6917;301;None;;;;0.2955691;0.7448343;0.1237998;extension;0;;Moving to rest position;
8f4cdfd9-c6a5-4abe-9c92-0d36fb7e13b7;2025-05-09 12:29:03.7037;302;None;;;;0.2959884;0.7446249;0.1232452;extension;0;;Moving to rest position;
8f4cdfd9-c6a5-4abe-9c92-0d36fb7e13b7;2025-05-09 12:29:03.7146;303;None;;;;0.2965006;0.7442139;0.1224892;extension;0;;Moving to rest position;
8f4cdfd9-c6a5-4abe-9c92-0d36fb7e13b7;2025-05-09 12:29:03.7256;304;None;;;;0.2968696;0.7439301;0.1217213;extension;0;;Moving to rest position;
8f4cdfd9-c6a5-4abe-9c92-0d36fb7e13b7;2025-05-09 12:29:03.7366;305;None;;;;0.2974415;0.7437019;0.1213031;extension;0;;Moving to rest position;
8f4cdfd9-c6a5-4abe-9c92-0d36fb7e13b7;2025-05-09 12:29:03.7476;306;None;;;;0.2982681;0.7433947;0.1204305;extension;0;;Moving to rest position;
8f4cdfd9-c6a5-4abe-9c92-0d36fb7e13b7;2025-05-09 12:29:03.7595;307;None;;;;0.2990966;0.7429799;0.1194153;extension;0;;Moving to rest position;
8f4cdfd9-c6a5-4abe-9c92-0d36fb7e13b7;2025-05-09 12:29:03.7705;308;None;;;;0.2999364;0.7428863;0.1187494;extension;0;;Moving to rest position;
8f4cdfd9-c6a5-4abe-9c92-0d36fb7e13b7;2025-05-09 12:29:03.7815;309;None;;;;0.3011633;0.742579;0.1176775;extension;0;;Moving to rest position;
8f4cdfd9-c6a5-4abe-9c92-0d36fb7e13b7;2025-05-09 12:29:03.7924;310;None;;;;0.3023482;0.742352;0.116683;extension;0;;Moving to rest position;
8f4cdfd9-c6a5-4abe-9c92-0d36fb7e13b7;2025-05-09 12:29:03.8034;311;None;;;;0.3037249;0.7425934;0.1155906;extension;0;;Moving to rest position;
8f4cdfd9-c6a5-4abe-9c92-0d36fb7e13b7;2025-05-09 12:29:03.8154;312;None;;;;0.3052168;0.7426487;0.1147368;extension;0;;Moving to rest position;
8f4cdfd9-c6a5-4abe-9c92-0d36fb7e13b7;2025-05-09 12:29:03.8263;313;None;;;;0.306923;0.7428358;0.1140523;extension;0;;Moving to rest position;
8f4cdfd9-c6a5-4abe-9c92-0d36fb7e13b7;2025-05-09 12:29:03.8373;314;None;;;;0.308557;0.7431568;0.113585;extension;0;;Moving to rest position;
8f4cdfd9-c6a5-4abe-9c92-0d36fb7e13b7;2025-05-09 12:29:03.8483;315;None;;;;0.310532;0.7434549;0.113205;extension;0;;Moving to rest position;
8f4cdfd9-c6a5-4abe-9c92-0d36fb7e13b7;2025-05-09 12:29:03.8593;316;None;;;;0.3127901;0.743927;0.1129043;extension;0;;Moving to rest position;
8f4cdfd9-c6a5-4abe-9c92-0d36fb7e13b7;2025-05-09 12:29:03.8712;317;None;;;;0.3149201;0.7448483;0.1130743;extension;0;;Moving to rest position;
8f4cdfd9-c6a5-4abe-9c92-0d36fb7e13b7;2025-05-09 12:29:03.8822;318;None;;;;0.3172814;0.7454576;0.1127024;extension;0;;Moving to rest position;
8f4cdfd9-c6a5-4abe-9c92-0d36fb7e13b7;2025-05-09 12:29:03.8927;319;None;;;;0.3199168;0.7462044;0.1123853;extension;0;;Moving to rest position;
8f4cdfd9-c6a5-4abe-9c92-0d36fb7e13b7;2025-05-09 12:29:03.9047;320;None;;;;0.3220997;0.7473503;0.1127067;extension;0;;Moving to rest position;
8f4cdfd9-c6a5-4abe-9c92-0d36fb7e13b7;2025-05-09 12:29:03.9157;321;None;;;;0.3246118;0.7480702;0.1122439;extension;0;;Moving to rest position;
8f4cdfd9-c6a5-4abe-9c92-0d36fb7e13b7;2025-05-09 12:29:03.9266;322;None;;;;0.3270168;0.748788;0.1120133;extension;0;;Moving to rest position;
8f4cdfd9-c6a5-4abe-9c92-0d36fb7e13b7;2025-05-09 12:29:03.9376;323;None;;;;0.3293964;0.7494472;0.1115646;extension;0;;Moving to rest position;
8f4cdfd9-c6a5-4abe-9c92-0d36fb7e13b7;2025-05-09 12:29:03.9496;324;None;;;;0.3320355;0.7498655;0.1107819;extension;0;;Moving to rest position;
8f4cdfd9-c6a5-4abe-9c92-0d36fb7e13b7;2025-05-09 12:29:03.9603;325;None;;;;0.3342107;0.7504975;0.1100779;extension;0;;Moving to rest position;
8f4cdfd9-c6a5-4abe-9c92-0d36fb7e13b7;2025-05-09 12:29:03.9718;326;None;;;;0.3362186;0.7517208;0.1097107;extension;0;;Moving to rest position;
8f4cdfd9-c6a5-4abe-9c92-0d36fb7e13b7;2025-05-09 12:29:03.9828;327;None;;;;0.3381587;0.7522949;0.1088018;extension;0;;Moving to rest position;
8f4cdfd9-c6a5-4abe-9c92-0d36fb7e13b7;2025-05-09 12:29:03.9940;328;None;;;;0.3405207;0.7527863;0.1077573;extension;0;;Moving to rest position;
8f4cdfd9-c6a5-4abe-9c92-0d36fb7e13b7;2025-05-09 12:29:04.0049;329;None;;;;0.3420635;0.7537147;0.1073947;extension;0;;Moving to rest position;
8f4cdfd9-c6a5-4abe-9c92-0d36fb7e13b7;2025-05-09 12:29:04.0167;330;None;;;;0.3436654;0.7542726;0.1066442;extension;0;;Moving to rest position;
8f4cdfd9-c6a5-4abe-9c92-0d36fb7e13b7;2025-05-09 12:29:04.0277;331;None;;;;0.3454097;0.7551103;0.1061854;extension;0;;Moving to rest position;
8f4cdfd9-c6a5-4abe-9c92-0d36fb7e13b7;2025-05-09 12:29:04.0386;332;None;;;;0.3465278;0.7555717;0.1057322;extension;0;;Moving to rest position;
8f4cdfd9-c6a5-4abe-9c92-0d36fb7e13b7;2025-05-09 12:29:04.0496;333;None;;;;0.3474879;0.756126;0.1054265;extension;0;;Moving to rest position;
8f4cdfd9-c6a5-4abe-9c92-0d36fb7e13b7;2025-05-09 12:29:04.0606;334;None;;;;0.3488127;0.7566149;0.1050422;extension;0;;Moving to rest position;
8f4cdfd9-c6a5-4abe-9c92-0d36fb7e13b7;2025-05-09 12:29:04.0725;335;None;;;;0.3493612;0.7577785;0.1051128;extension;0;;Moving to rest position;
8f4cdfd9-c6a5-4abe-9c92-0d36fb7e13b7;2025-05-09 12:29:04.0835;336;None;;;;0.3505827;0.7581866;0.1046391;extension;0;;Moving to rest position;
8f4cdfd9-c6a5-4abe-9c92-0d36fb7e13b7;2025-05-09 12:29:04.0945;337;None;;;;0.3509142;0.7592875;0.1046965;extension;0;;Moving to rest position;
8f4cdfd9-c6a5-4abe-9c92-0d36fb7e13b7;2025-05-09 12:29:04.1055;338;None;;;;0.3514091;0.7599672;0.1044216;extension;0;;Moving to rest position;
8f4cdfd9-c6a5-4abe-9c92-0d36fb7e13b7;2025-05-09 12:29:04.1164;339;None;;;;0.3516588;0.7605364;0.1039941;extension;0;;Moving to rest position;
8f4cdfd9-c6a5-4abe-9c92-0d36fb7e13b7;2025-05-09 12:29:04.1274;340;None;;;;0.3514134;0.7615889;0.1041265;extension;0;;Moving to rest position;
8f4cdfd9-c6a5-4abe-9c92-0d36fb7e13b7;2025-05-09 12:29:04.1394;341;None;;;;0.3513374;0.7621087;0.1038787;extension;0;;Moving to rest position;
8f4cdfd9-c6a5-4abe-9c92-0d36fb7e13b7;2025-05-09 12:29:04.1503;342;None;;;;0.3507293;0.7623376;0.1033154;extension;0;;Moving to rest position;
8f4cdfd9-c6a5-4abe-9c92-0d36fb7e13b7;2025-05-09 12:29:04.1608;343;None;;;;0.3497734;0.7629926;0.103545;extension;0;;Moving to rest position;
8f4cdfd9-c6a5-4abe-9c92-0d36fb7e13b7;2025-05-09 12:29:04.1728;344;None;;;;0.3489331;0.7634877;0.1033554;extension;0;;Moving to rest position;
8f4cdfd9-c6a5-4abe-9c92-0d36fb7e13b7;2025-05-09 12:29:04.1838;345;None;;;;0.3475475;0.763653;0.1028931;extension;0;;Moving to rest position;
8f4cdfd9-c6a5-4abe-9c92-0d36fb7e13b7;2025-05-09 12:29:04.1947;346;None;;;;0.3461804;0.7640842;0.102787;extension;0;;Moving to rest position;
8f4cdfd9-c6a5-4abe-9c92-0d36fb7e13b7;2025-05-09 12:29:04.2057;347;None;;;;0.3447691;0.764852;0.102787;extension;0;;Moving to rest position;
8f4cdfd9-c6a5-4abe-9c92-0d36fb7e13b7;2025-05-09 12:29:04.2177;348;None;;;;0.3428205;0.7651453;0.1028728;extension;0;;Moving to rest position;
8f4cdfd9-c6a5-4abe-9c92-0d36fb7e13b7;2025-05-09 12:29:04.2286;349;None;;;;0.3412247;0.7657222;0.1029766;extension;0;;Moving to rest position;
8f4cdfd9-c6a5-4abe-9c92-0d36fb7e13b7;2025-05-09 12:29:04.2396;350;None;;;;0.3395329;0.7655767;0.1032338;extension;0;;Moving to rest position;
8f4cdfd9-c6a5-4abe-9c92-0d36fb7e13b7;2025-05-09 12:29:04.2506;351;None;;;;0.3379447;0.7655042;0.1034546;extension;0;;Moving to rest position;
8f4cdfd9-c6a5-4abe-9c92-0d36fb7e13b7;2025-05-09 12:29:04.2621;352;None;;;;0.3358421;0.7654012;0.1040323;extension;0;;Moving to rest position;
8f4cdfd9-c6a5-4abe-9c92-0d36fb7e13b7;2025-05-09 12:29:04.2730;353;None;;;;0.3341264;0.7652217;0.1043806;extension;0;;Moving to rest position;
8f4cdfd9-c6a5-4abe-9c92-0d36fb7e13b7;2025-05-09 12:29:04.2840;354;None;;;;0.331537;0.7654202;0.1053092;extension;0;;Moving to rest position;
8f4cdfd9-c6a5-4abe-9c92-0d36fb7e13b7;2025-05-09 12:29:04.2955;355;None;;;;0.3298967;0.7650363;0.1050506;extension;0;;Moving to rest position;
8f4cdfd9-c6a5-4abe-9c92-0d36fb7e13b7;2025-05-09 12:29:04.3065;356;None;;;;0.328219;0.7645973;0.1050229;extension;0;;Moving to rest position;
8f4cdfd9-c6a5-4abe-9c92-0d36fb7e13b7;2025-05-09 12:29:04.3174;357;None;;;;0.3257548;0.7642994;0.1050932;extension;0;;Moving to rest position;
8f4cdfd9-c6a5-4abe-9c92-0d36fb7e13b7;2025-05-09 12:29:04.3284;358;None;;;;0.3240901;0.763743;0.1048198;extension;0;;Moving to rest position;
8f4cdfd9-c6a5-4abe-9c92-0d36fb7e13b7;2025-05-09 12:29:04.3404;359;None;;;;0.3226284;0.7631522;0.1044955;extension;0;;Moving to rest position;
8f4cdfd9-c6a5-4abe-9c92-0d36fb7e13b7;2025-05-09 12:29:04.3514;360;None;;;;0.320478;0.7627623;0.1044014;extension;0;;Moving to rest position;
8f4cdfd9-c6a5-4abe-9c92-0d36fb7e13b7;2025-05-09 12:29:04.3623;361;None;;;;0.319513;0.762193;0.1048827;extension;0;;Moving to rest position;
8f4cdfd9-c6a5-4abe-9c92-0d36fb7e13b7;2025-05-09 12:29:04.3733;362;None;;;;0.3186656;0.76164;0.1048181;extension;0;;Moving to rest position;
8f4cdfd9-c6a5-4abe-9c92-0d36fb7e13b7;2025-05-09 12:29:04.3853;363;None;;;;0.3171864;0.7614087;0.1050489;extension;0;;Moving to rest position;
8f4cdfd9-c6a5-4abe-9c92-0d36fb7e13b7;2025-05-09 12:29:04.3952;364;None;;;;0.3171773;0.7609141;0.1060579;extension;0;;Moving to rest position;
8f4cdfd9-c6a5-4abe-9c92-0d36fb7e13b7;2025-05-09 12:29:04.4072;365;None;;;;0.3169807;0.7603463;0.1064422;extension;0;;Moving to rest position;
8f4cdfd9-c6a5-4abe-9c92-0d36fb7e13b7;2025-05-09 12:29:04.4182;366;None;;;;0.3160816;0.7599252;0.1070175;extension;0;;Moving to rest position;
8f4cdfd9-c6a5-4abe-9c92-0d36fb7e13b7;2025-05-09 12:29:04.4291;367;None;;;;0.3158699;0.7593242;0.1075647;extension;0;;Moving to rest position;
8f4cdfd9-c6a5-4abe-9c92-0d36fb7e13b7;2025-05-09 12:29:04.4401;368;None;;;;0.3155328;0.7585726;0.107883;extension;0;;Moving to rest position;
8f4cdfd9-c6a5-4abe-9c92-0d36fb7e13b7;2025-05-09 12:29:04.4521;369;None;;;;0.3146478;0.7577268;0.1080163;extension;0;;Moving to rest position;
8f4cdfd9-c6a5-4abe-9c92-0d36fb7e13b7;2025-05-09 12:29:04.4631;370;None;;;;0.314067;0.7568437;0.1078253;extension;0;;Moving to rest position;
8f4cdfd9-c6a5-4abe-9c92-0d36fb7e13b7;2025-05-09 12:29:04.4740;371;None;;;;0.3133259;0.7557751;0.1076086;extension;0;;Moving to rest position;
8f4cdfd9-c6a5-4abe-9c92-0d36fb7e13b7;2025-05-09 12:29:04.4850;372;None;;;;0.3125548;0.7545307;0.1071289;extension;0;;Moving to rest position;
8f4cdfd9-c6a5-4abe-9c92-0d36fb7e13b7;2025-05-09 12:29:04.4960;373;None;;;;0.3116722;0.7536906;0.1067128;extension;0;;Moving to rest position;
8f4cdfd9-c6a5-4abe-9c92-0d36fb7e13b7;2025-05-09 12:29:04.5079;374;None;;;;0.3109078;0.7527251;0.1064515;extension;0;;Moving to rest position;
8f4cdfd9-c6a5-4abe-9c92-0d36fb7e13b7;2025-05-09 12:29:04.5189;375;None;;;;0.3106183;0.7515659;0.1060746;extension;0;;Moving to rest position;
8f4cdfd9-c6a5-4abe-9c92-0d36fb7e13b7;2025-05-09 12:29:04.5299;376;None;;;;0.3103485;0.750792;0.105901;extension;0;;Moving to rest position;
8f4cdfd9-c6a5-4abe-9c92-0d36fb7e13b7;2025-05-09 12:29:04.5408;377;None;;;;0.3100345;0.7500416;0.1058297;extension;0;;Moving to rest position;
8f4cdfd9-c6a5-4abe-9c92-0d36fb7e13b7;2025-05-09 12:29:04.5518;378;None;;;;0.3103824;0.7492725;0.105557;extension;0;;Moving to rest position;
8f4cdfd9-c6a5-4abe-9c92-0d36fb7e13b7;2025-05-09 12:29:04.5638;379;None;;;;0.3104603;0.7488098;0.1055453;extension;0;;Moving to rest position;
8f4cdfd9-c6a5-4abe-9c92-0d36fb7e13b7;2025-05-09 12:29:04.5748;380;None;;;;0.3106223;0.7484927;0.1053064;extension;0;;Moving to rest position;
8f4cdfd9-c6a5-4abe-9c92-0d36fb7e13b7;2025-05-09 12:29:04.5857;381;None;;;;0.3108643;0.7479236;0.1047578;extension;0;;Moving to rest position;
8f4cdfd9-c6a5-4abe-9c92-0d36fb7e13b7;2025-05-09 12:29:04.5972;382;None;;;;0.3113064;0.7477379;0.1042836;extension;0;;Moving to rest position;
8f4cdfd9-c6a5-4abe-9c92-0d36fb7e13b7;2025-05-09 12:29:04.6082;383;None;;;;0.3116271;0.7474124;0.1038845;extension;0;;Moving to rest position;
8f4cdfd9-c6a5-4abe-9c92-0d36fb7e13b7;2025-05-09 12:29:04.6191;384;None;;;;0.3123243;0.7470667;0.1032851;extension;0;;Moving to rest position;
8f4cdfd9-c6a5-4abe-9c92-0d36fb7e13b7;2025-05-09 12:29:04.6301;385;None;;;;0.3128599;0.746896;0.1029477;extension;0;;Moving to rest position;
8f4cdfd9-c6a5-4abe-9c92-0d36fb7e13b7;2025-05-09 12:29:04.6421;386;None;;;;0.3133144;0.7466229;0.1025255;extension;0;;Moving to rest position;
8f4cdfd9-c6a5-4abe-9c92-0d36fb7e13b7;2025-05-09 12:29:04.6531;387;None;;;;0.3145028;0.7460078;0.1017361;extension;0;;Moving to rest position;
8f4cdfd9-c6a5-4abe-9c92-0d36fb7e13b7;2025-05-09 12:29:04.6640;388;None;;;;0.3150796;0.746001;0.1013057;extension;0;;Moving to rest position;
8f4cdfd9-c6a5-4abe-9c92-0d36fb7e13b7;2025-05-09 12:29:04.6750;389;None;;;;0.3157475;0.7458764;0.1009636;extension;0;;Moving to rest position;
8f4cdfd9-c6a5-4abe-9c92-0d36fb7e13b7;2025-05-09 12:29:04.6870;390;None;;;;0.3169186;0.7457786;0.1005535;extension;0;;Moving to rest position;
8f4cdfd9-c6a5-4abe-9c92-0d36fb7e13b7;2025-05-09 12:29:04.6979;391;None;;;;0.3177079;0.7460746;0.1006918;extension;0;;Moving to rest position;
8f4cdfd9-c6a5-4abe-9c92-0d36fb7e13b7;2025-05-09 12:29:04.7089;392;None;;;;0.3185384;0.7462858;0.1006057;extension;0;;Moving to rest position;
8f4cdfd9-c6a5-4abe-9c92-0d36fb7e13b7;2025-05-09 12:29:04.7199;393;None;;;;0.319886;0.7463628;0.100559;extension;0;;Moving to rest position;
8f4cdfd9-c6a5-4abe-9c92-0d36fb7e13b7;2025-05-09 12:29:04.7308;394;None;;;;0.3210053;0.7468014;0.101058;extension;0;;Moving to rest position;
8f4cdfd9-c6a5-4abe-9c92-0d36fb7e13b7;2025-05-09 12:29:04.7418;395;None;;;;0.3220767;0.7470046;0.1014612;extension;0;;Moving to rest position;
8f4cdfd9-c6a5-4abe-9c92-0d36fb7e13b7;2025-05-09 12:29:04.7528;396;None;;;;0.323579;0.7469146;0.1017022;extension;0;;Moving to rest position;
8f4cdfd9-c6a5-4abe-9c92-0d36fb7e13b7;2025-05-09 12:29:04.7648;397;None;;;;0.3247752;0.7478342;0.1030943;extension;0;;Moving to rest position;
8f4cdfd9-c6a5-4abe-9c92-0d36fb7e13b7;2025-05-09 12:29:04.7752;398;None;;;;0.3259015;0.7478871;0.1039383;extension;0;;Moving to rest position;
8f4cdfd9-c6a5-4abe-9c92-0d36fb7e13b7;2025-05-09 12:29:04.7872;399;None;;;;0.3275281;0.7472271;0.1043916;extension;0;;Moving to rest position;
8f4cdfd9-c6a5-4abe-9c92-0d36fb7e13b7;2025-05-09 12:29:04.7982;400;None;;;;0.3280892;0.7478126;0.105546;extension;0;;Moving to rest position;
8f4cdfd9-c6a5-4abe-9c92-0d36fb7e13b7;2025-05-09 12:29:04.8091;401;None;;;;0.3284068;0.7477939;0.1063657;extension;0;;Moving to rest position;
8f4cdfd9-c6a5-4abe-9c92-0d36fb7e13b7;2025-05-09 12:29:04.8201;402;None;;;;0.3291021;0.7473236;0.1067135;extension;0;;Moving to rest position;
8f4cdfd9-c6a5-4abe-9c92-0d36fb7e13b7;2025-05-09 12:29:04.8311;403;None;;;;0.3287262;0.747686;0.107574;extension;0;;Moving to rest position;
8f4cdfd9-c6a5-4abe-9c92-0d36fb7e13b7;2025-05-09 12:29:04.8431;404;None;;;;0.3283774;0.7475444;0.1082056;extension;0;;Moving to rest position;
8f4cdfd9-c6a5-4abe-9c92-0d36fb7e13b7;2025-05-09 12:29:04.8540;405;None;;;;0.3286248;0.746737;0.108197;extension;0;;Moving to rest position;
8f4cdfd9-c6a5-4abe-9c92-0d36fb7e13b7;2025-05-09 12:29:04.8650;406;None;;;;0.3274862;0.7468158;0.1091118;extension;0;;Moving to rest position;
8f4cdfd9-c6a5-4abe-9c92-0d36fb7e13b7;2025-05-09 12:29:04.8760;407;None;;;;0.3265154;0.7466993;0.1095135;extension;0;;Moving to rest position;
8f4cdfd9-c6a5-4abe-9c92-0d36fb7e13b7;2025-05-09 12:29:04.8879;408;None;;;;0.3260661;0.7458936;0.1089144;extension;0;;Moving to rest position;
8f4cdfd9-c6a5-4abe-9c92-0d36fb7e13b7;2025-05-09 12:29:04.8989;409;None;;;;0.3248999;0.7460657;0.1092956;extension;0;;Moving to rest position;
8f4cdfd9-c6a5-4abe-9c92-0d36fb7e13b7;2025-05-09 12:29:04.9099;410;None;;;;0.3240839;0.746061;0.1089854;extension;0;;Moving to rest position;
8f4cdfd9-c6a5-4abe-9c92-0d36fb7e13b7;2025-05-09 12:29:04.9208;411;None;;;;0.3236201;0.7456456;0.1082046;extension;0;;Moving to rest position;
8f4cdfd9-c6a5-4abe-9c92-0d36fb7e13b7;2025-05-09 12:29:04.9328;412;None;;;;0.322839;0.7458813;0.10899;extension;0;;Moving to rest position;
8f4cdfd9-c6a5-4abe-9c92-0d36fb7e13b7;2025-05-09 12:29:04.9428;413;None;;;;0.322333;0.745966;0.1088409;extension;0;;Moving to rest position;
8f4cdfd9-c6a5-4abe-9c92-0d36fb7e13b7;2025-05-09 12:29:04.9548;414;None;;;;0.3216439;0.7461703;0.1086714;extension;0;;Moving to rest position;
8f4cdfd9-c6a5-4abe-9c92-0d36fb7e13b7;2025-05-09 12:29:04.9662;415;None;;;;0.3211518;0.7466351;0.1092405;extension;0;;Moving to rest position;
8f4cdfd9-c6a5-4abe-9c92-0d36fb7e13b7;2025-05-09 12:29:04.9772;416;None;;;;0.3208368;0.7469193;0.1094065;extension;0;;Moving to rest position;
8f4cdfd9-c6a5-4abe-9c92-0d36fb7e13b7;2025-05-09 12:29:04.9882;417;None;;;;0.3197412;0.7474188;0.1097209;extension;0;;Moving to rest position;
8f4cdfd9-c6a5-4abe-9c92-0d36fb7e13b7;2025-05-09 12:29:04.9991;418;None;;;;0.3192002;0.747943;0.1104515;extension;0;;Moving to rest position;
8f4cdfd9-c6a5-4abe-9c92-0d36fb7e13b7;2025-05-09 12:29:05.0101;419;None;;;;0.3187642;0.748304;0.110672;extension;0;;Moving to rest position;
8f4cdfd9-c6a5-4abe-9c92-0d36fb7e13b7;2025-05-09 12:29:05.0211;420;None;;;;0.317774;0.7485863;0.1106923;extension;0;;Moving to rest position;
8f4cdfd9-c6a5-4abe-9c92-0d36fb7e13b7;2025-05-09 12:29:05.0330;421;None;;;;0.3171819;0.7492701;0.1112485;extension;0;;Moving to rest position;
8f4cdfd9-c6a5-4abe-9c92-0d36fb7e13b7;2025-05-09 12:29:05.0440;422;None;;;;0.3166686;0.7497044;0.1114891;extension;0;;Moving to rest position;
8f4cdfd9-c6a5-4abe-9c92-0d36fb7e13b7;2025-05-09 12:29:05.0550;423;None;;;;0.3161147;0.7498237;0.1113324;extension;0;;Moving to rest position;
8f4cdfd9-c6a5-4abe-9c92-0d36fb7e13b7;2025-05-09 12:29:05.0665;424;None;;;;0.3154269;0.750793;0.1117287;extension;0;;Moving to rest position;
8f4cdfd9-c6a5-4abe-9c92-0d36fb7e13b7;2025-05-09 12:29:05.0774;425;None;;;;0.314831;0.7511866;0.1119478;extension;0;;Moving to rest position;
8f4cdfd9-c6a5-4abe-9c92-0d36fb7e13b7;2025-05-09 12:29:05.0884;426;None;;;;0.3141905;0.7512149;0.1117582;extension;0;;Moving to rest position;
8f4cdfd9-c6a5-4abe-9c92-0d36fb7e13b7;2025-05-09 12:29:05.0994;427;None;;;;0.3134301;0.7519255;0.1121447;extension;0;;Moving to rest position;
8f4cdfd9-c6a5-4abe-9c92-0d36fb7e13b7;2025-05-09 12:29:05.1109;428;None;;;;0.3127114;0.7522253;0.1122983;extension;0;;Moving to rest position;
8f4cdfd9-c6a5-4abe-9c92-0d36fb7e13b7;2025-05-09 12:29:05.1234;429;None;;;;0.3120825;0.7522833;0.1121566;extension;0;;Moving to rest position;
8f4cdfd9-c6a5-4abe-9c92-0d36fb7e13b7;2025-05-09 12:29:05.1333;430;None;;;;0.3112775;0.7528828;0.1124902;extension;0;;Moving to rest position;
8f4cdfd9-c6a5-4abe-9c92-0d36fb7e13b7;2025-05-09 12:29:05.1443;431;None;;;;0.3105587;0.7531651;0.1126015;extension;0;;Moving to rest position;
8f4cdfd9-c6a5-4abe-9c92-0d36fb7e13b7;2025-05-09 12:29:05.1553;432;None;;;;0.3099068;0.7530059;0.1121674;extension;0;;Moving to rest position;
8f4cdfd9-c6a5-4abe-9c92-0d36fb7e13b7;2025-05-09 12:29:05.1667;433;None;;;;0.3090975;0.7534218;0.1123171;extension;0;;Moving to rest position;
8f4cdfd9-c6a5-4abe-9c92-0d36fb7e13b7;2025-05-09 12:29:05.1777;434;None;;;;0.3083978;0.7535087;0.1123214;extension;0;;Moving to rest position;
8f4cdfd9-c6a5-4abe-9c92-0d36fb7e13b7;2025-05-09 12:29:05.1897;435;None;;;;0.3078538;0.7530833;0.1118574;extension;0;;Moving to rest position;
8f4cdfd9-c6a5-4abe-9c92-0d36fb7e13b7;2025-05-09 12:29:05.1997;436;None;;;;0.3071072;0.7528754;0.1119323;extension;0;;Moving to rest position;
8f4cdfd9-c6a5-4abe-9c92-0d36fb7e13b7;2025-05-09 12:29:05.2116;437;None;;;;0.3063689;0.7527009;0.1118915;extension;0;;Moving to rest position;
8f4cdfd9-c6a5-4abe-9c92-0d36fb7e13b7;2025-05-09 12:29:05.2226;438;None;;;;0.3058116;0.7521614;0.1114945;extension;0;;Moving to rest position;
8f4cdfd9-c6a5-4abe-9c92-0d36fb7e13b7;2025-05-09 12:29:05.2346;439;None;;;;0.3048337;0.7518947;0.1115398;extension;0;;Moving to rest position;
8f4cdfd9-c6a5-4abe-9c92-0d36fb7e13b7;2025-05-09 12:29:05.2445;440;None;;;;0.3039035;0.7515773;0.1115706;extension;0;;Moving to rest position;
8f4cdfd9-c6a5-4abe-9c92-0d36fb7e13b7;2025-05-09 12:29:05.2555;441;None;;;;0.3030299;0.7506899;0.1111863;extension;0;;Moving to rest position;
8f4cdfd9-c6a5-4abe-9c92-0d36fb7e13b7;2025-05-09 12:29:05.2670;442;None;;;;0.3018761;0.750403;0.1113057;extension;0;;Moving to rest position;
8f4cdfd9-c6a5-4abe-9c92-0d36fb7e13b7;2025-05-09 12:29:05.2780;443;None;;;;0.3006951;0.7499762;0.1114662;extension;0;;Moving to rest position;
8f4cdfd9-c6a5-4abe-9c92-0d36fb7e13b7;2025-05-09 12:29:05.2889;444;None;;;;0.29959;0.749361;0.1114581;extension;0;;Moving to rest position;
8f4cdfd9-c6a5-4abe-9c92-0d36fb7e13b7;2025-05-09 12:29:05.3009;445;None;;;;0.2984276;0.7490234;0.1114755;extension;0;;Moving to rest position;
8f4cdfd9-c6a5-4abe-9c92-0d36fb7e13b7;2025-05-09 12:29:05.3119;446;None;;;;0.2973953;0.748552;0.1114836;extension;0;;Moving to rest position;
8f4cdfd9-c6a5-4abe-9c92-0d36fb7e13b7;2025-05-09 12:29:05.3228;447;None;;;;0.2961599;0.7481165;0.1114223;extension;0;;Moving to rest position;
8f4cdfd9-c6a5-4abe-9c92-0d36fb7e13b7;2025-05-09 12:29:05.3338;448;None;;;;0.29524;0.7476327;0.1112909;extension;0;;Moving to rest position;
8f4cdfd9-c6a5-4abe-9c92-0d36fb7e13b7;2025-05-09 12:29:05.3448;449;None;;;;0.2944717;0.7473238;0.1110711;extension;0;;Moving to rest position;
8f4cdfd9-c6a5-4abe-9c92-0d36fb7e13b7;2025-05-09 12:29:05.3567;450;None;;;;0.2931364;0.7472197;0.1109343;extension;0;;Moving to rest position;
8f4cdfd9-c6a5-4abe-9c92-0d36fb7e13b7;2025-05-09 12:29:05.3672;451;None;;;;0.2924182;0.747007;0.1107199;extension;0;;Moving to rest position;
8f4cdfd9-c6a5-4abe-9c92-0d36fb7e13b7;2025-05-09 12:29:05.3782;452;None;;;;0.2920805;0.7468497;0.1105254;extension;0;;Moving to rest position;
8f4cdfd9-c6a5-4abe-9c92-0d36fb7e13b7;2025-05-09 12:29:05.3902;453;None;;;;0.2914563;0.7467033;0.1102772;extension;0;;Moving to rest position;
8f4cdfd9-c6a5-4abe-9c92-0d36fb7e13b7;2025-05-09 12:29:05.4011;454;None;;;;0.2913789;0.7464973;0.1104653;extension;0;;Moving to rest position;
8f4cdfd9-c6a5-4abe-9c92-0d36fb7e13b7;2025-05-09 12:29:05.4121;455;None;;;;0.2915511;0.74635;0.1105847;extension;0;;Moving to rest position;
8f4cdfd9-c6a5-4abe-9c92-0d36fb7e13b7;2025-05-09 12:29:05.4231;456;None;;;;0.2913165;0.7462521;0.1106856;extension;0;;Moving to rest position;
8f4cdfd9-c6a5-4abe-9c92-0d36fb7e13b7;2025-05-09 12:29:05.4350;457;None;;;;0.2914037;0.7456976;0.1110778;extension;0;;Moving to rest position;
8f4cdfd9-c6a5-4abe-9c92-0d36fb7e13b7;2025-05-09 12:29:05.4460;458;None;;;;0.2915951;0.7454847;0.111248;extension;0;;Moving to rest position;
8f4cdfd9-c6a5-4abe-9c92-0d36fb7e13b7;2025-05-09 12:29:05.4570;459;None;;;;0.2913234;0.7452384;0.1112587;extension;0;;Moving to rest position;
8f4cdfd9-c6a5-4abe-9c92-0d36fb7e13b7;2025-05-09 12:29:05.4685;460;None;;;;0.291379;0.7451291;0.1111376;extension;0;;Moving to rest position;
8f4cdfd9-c6a5-4abe-9c92-0d36fb7e13b7;2025-05-09 12:29:05.4794;461;None;;;;0.2913719;0.7448978;0.1110506;extension;0;;Moving to rest position;
8f4cdfd9-c6a5-4abe-9c92-0d36fb7e13b7;2025-05-09 12:29:05.4904;462;None;;;;0.2913318;0.7448108;0.1110072;extension;0;;Moving to rest position;
8f4cdfd9-c6a5-4abe-9c92-0d36fb7e13b7;2025-05-09 12:29:05.5014;463;None;;;;0.291368;0.7447883;0.1105208;extension;0;;Moving to rest position;
8f4cdfd9-c6a5-4abe-9c92-0d36fb7e13b7;2025-05-09 12:29:05.5133;464;None;;;;0.2913809;0.7445312;0.1103971;extension;0;;Moving to rest position;
8f4cdfd9-c6a5-4abe-9c92-0d36fb7e13b7;2025-05-09 12:29:05.5243;465;None;;;;0.291555;0.7442647;0.1103249;extension;0;;Moving to rest position;
8f4cdfd9-c6a5-4abe-9c92-0d36fb7e13b7;2025-05-09 12:29:05.5353;466;None;;;;0.2916346;0.7442259;0.1102939;extension;0;;Moving to rest position;
8f4cdfd9-c6a5-4abe-9c92-0d36fb7e13b7;2025-05-09 12:29:05.5462;467;None;;;;0.2918489;0.743969;0.1101475;extension;0;;Moving to rest position;
8f4cdfd9-c6a5-4abe-9c92-0d36fb7e13b7;2025-05-09 12:29:05.5572;468;None;;;;0.2926107;0.7436446;0.1098306;extension;0;;Moving to rest position;
8f4cdfd9-c6a5-4abe-9c92-0d36fb7e13b7;2025-05-09 12:29:05.5687;469;None;;;;0.292931;0.7436944;0.1097777;extension;0;;Moving to rest position;
8f4cdfd9-c6a5-4abe-9c92-0d36fb7e13b7;2025-05-09 12:29:05.5797;470;None;;;;0.2933627;0.7436142;0.1094961;extension;0;;Moving to rest position;
8f4cdfd9-c6a5-4abe-9c92-0d36fb7e13b7;2025-05-09 12:29:05.5906;471;None;;;;0.2944431;0.7435856;0.1090231;extension;0;;Moving to rest position;
8f4cdfd9-c6a5-4abe-9c92-0d36fb7e13b7;2025-05-09 12:29:05.6026;472;None;;;;0.2950007;0.7436529;0.109159;extension;0;;Moving to rest position;
8f4cdfd9-c6a5-4abe-9c92-0d36fb7e13b7;2025-05-09 12:29:05.6136;473;None;;;;0.295777;0.7437515;0.1089127;extension;0;;Moving to rest position;
8f4cdfd9-c6a5-4abe-9c92-0d36fb7e13b7;2025-05-09 12:29:05.6245;474;None;;;;0.2968216;0.743827;0.1086779;extension;0;;Moving to rest position;
8f4cdfd9-c6a5-4abe-9c92-0d36fb7e13b7;2025-05-09 12:29:05.6355;475;None;;;;0.2976414;0.7441874;0.1085815;extension;0;;Moving to rest position;
8f4cdfd9-c6a5-4abe-9c92-0d36fb7e13b7;2025-05-09 12:29:05.6475;476;None;;;;0.2985911;0.7443526;0.1084044;extension;0;;Moving to rest position;
8f4cdfd9-c6a5-4abe-9c92-0d36fb7e13b7;2025-05-09 12:29:05.6719;477;None;;;;0.2993908;0.7443925;0.1080098;extension;0;;Moving to rest position;
8f4cdfd9-c6a5-4abe-9c92-0d36fb7e13b7;2025-05-09 12:29:05.6799;478;None;;;;0.3010222;0.7448349;0.1077061;extension;0;;Moving to rest position;
8f4cdfd9-c6a5-4abe-9c92-0d36fb7e13b7;2025-05-09 12:29:05.6859;479;None;;;;0.3021748;0.7447805;0.1074049;extension;0;;Moving to rest position;
8f4cdfd9-c6a5-4abe-9c92-0d36fb7e13b7;2025-05-09 12:29:05.6969;480;None;;;;0.3029915;0.7453014;0.1072388;extension;0;;Moving to rest position;
8f4cdfd9-c6a5-4abe-9c92-0d36fb7e13b7;2025-05-09 12:29:05.7078;481;None;;;;0.3038188;0.7455313;0.1070502;extension;0;;Moving to rest position;
8f4cdfd9-c6a5-4abe-9c92-0d36fb7e13b7;2025-05-09 12:29:05.7188;482;None;;;;0.3048632;0.7456434;0.1068473;extension;0;;Moving to rest position;
8f4cdfd9-c6a5-4abe-9c92-0d36fb7e13b7;2025-05-09 12:29:05.7298;483;None;;;;0.305512;0.7459742;0.1067562;extension;0;;Moving to rest position;
8f4cdfd9-c6a5-4abe-9c92-0d36fb7e13b7;2025-05-09 12:29:05.7407;484;None;;;;0.3060993;0.7461571;0.1065614;extension;0;;Moving to rest position;
8f4cdfd9-c6a5-4abe-9c92-0d36fb7e13b7;2025-05-09 12:29:05.7517;485;None;;;;0.3068612;0.7460867;0.1061459;extension;0;;Moving to rest position;
8f4cdfd9-c6a5-4abe-9c92-0d36fb7e13b7;2025-05-09 12:29:05.7637;486;None;;;;0.3072882;0.7461138;0.1060264;extension;0;;Moving to rest position;
8f4cdfd9-c6a5-4abe-9c92-0d36fb7e13b7;2025-05-09 12:29:05.7752;487;None;;;;0.3077134;0.7461613;0.1057835;extension;0;;Moving to rest position;
8f4cdfd9-c6a5-4abe-9c92-0d36fb7e13b7;2025-05-09 12:29:05.7861;488;None;;;;0.3082054;0.7460612;0.1053576;extension;0;;Moving to rest position;
8f4cdfd9-c6a5-4abe-9c92-0d36fb7e13b7;2025-05-09 12:29:05.7971;489;None;;;;0.3083665;0.7462212;0.1052661;extension;0;;Moving to rest position;
8f4cdfd9-c6a5-4abe-9c92-0d36fb7e13b7;2025-05-09 12:29:05.8081;490;None;;;;0.3085822;0.7462232;0.1048152;extension;0;;Moving to rest position;
8f4cdfd9-c6a5-4abe-9c92-0d36fb7e13b7;2025-05-09 12:29:05.8200;491;None;;;;0.3087821;0.7460892;0.1041832;extension;0;;Moving to rest position;
8f4cdfd9-c6a5-4abe-9c92-0d36fb7e13b7;2025-05-09 12:29:05.8300;492;None;;;;0.3088626;0.7462494;0.103842;extension;0;;Moving to rest position;
8f4cdfd9-c6a5-4abe-9c92-0d36fb7e13b7;2025-05-09 12:29:05.8420;493;None;;;;0.3090376;0.7462887;0.1033828;extension;0;;Moving to rest position;
8f4cdfd9-c6a5-4abe-9c92-0d36fb7e13b7;2025-05-09 12:29:05.8529;494;None;;;;0.309613;0.7460583;0.1027219;extension;0;;Moving to rest position;
8f4cdfd9-c6a5-4abe-9c92-0d36fb7e13b7;2025-05-09 12:29:05.8639;495;None;;;;0.309601;0.7464379;0.1027198;extension;0;;Moving to rest position;
8f4cdfd9-c6a5-4abe-9c92-0d36fb7e13b7;2025-05-09 12:29:05.8744;496;None;;;;0.3097528;0.7464328;0.1024015;extension;0;;Moving to rest position;
8f4cdfd9-c6a5-4abe-9c92-0d36fb7e13b7;2025-05-09 12:29:05.8864;497;None;;;;0.3097677;0.7462454;0.1018963;extension;0;;Moving to rest position;
8f4cdfd9-c6a5-4abe-9c92-0d36fb7e13b7;2025-05-09 12:29:05.8973;498;None;;;;0.3097489;0.746716;0.1018939;extension;0;;Moving to rest position;
8f4cdfd9-c6a5-4abe-9c92-0d36fb7e13b7;2025-05-09 12:29:05.9083;499;None;;;;0.3098124;0.7468315;0.101583;extension;0;;Moving to rest position;
8f4cdfd9-c6a5-4abe-9c92-0d36fb7e13b7;2025-05-09 12:29:05.9193;500;None;;;;0.30999;0.7467915;0.1011269;extension;0;;Moving to rest position;
8f4cdfd9-c6a5-4abe-9c92-0d36fb7e13b7;2025-05-09 12:29:05.9312;501;None;;;;0.3099603;0.7471575;0.101192;extension;0;;Moving to rest position;
8f4cdfd9-c6a5-4abe-9c92-0d36fb7e13b7;2025-05-09 12:29:05.9422;502;None;;;;0.3100705;0.7472516;0.1009009;extension;0;;Moving to rest position;
8f4cdfd9-c6a5-4abe-9c92-0d36fb7e13b7;2025-05-09 12:29:05.9532;503;None;;;;0.3101946;0.7471495;0.1003823;extension;0;;Moving to rest position;
8f4cdfd9-c6a5-4abe-9c92-0d36fb7e13b7;2025-05-09 12:29:05.9642;504;None;;;;0.310305;0.7472638;0.1005509;extension;0;;Moving to rest position;
8f4cdfd9-c6a5-4abe-9c92-0d36fb7e13b7;2025-05-09 12:29:05.9756;505;None;;;;0.3105001;0.7473562;0.1004012;extension;0;;Moving to rest position;
8f4cdfd9-c6a5-4abe-9c92-0d36fb7e13b7;2025-05-09 12:29:05.9866;506;None;;;;0.3107146;0.7472112;0.09999251;extension;0;;Moving to rest position;
8f4cdfd9-c6a5-4abe-9c92-0d36fb7e13b7;2025-05-09 12:29:05.9976;507;None;;;;0.3109192;0.7473017;0.1002328;extension;0;;Moving to rest position;
8f4cdfd9-c6a5-4abe-9c92-0d36fb7e13b7;2025-05-09 12:29:06.0085;508;None;;;;0.3111297;0.7474027;0.1001327;extension;0;;Moving to rest position;
8f4cdfd9-c6a5-4abe-9c92-0d36fb7e13b7;2025-05-09 12:29:06.0205;509;None;;;;0.3116728;0.747324;0.09983015;extension;0;;Moving to rest position;
8f4cdfd9-c6a5-4abe-9c92-0d36fb7e13b7;2025-05-09 12:29:06.0315;510;None;;;;0.3118178;0.7477257;0.09983969;extension;0;;Moving to rest position;
8f4cdfd9-c6a5-4abe-9c92-0d36fb7e13b7;2025-05-09 12:29:06.0425;511;None;;;;0.312026;0.7478602;0.09965944;extension;0;;Moving to rest position;
8f4cdfd9-c6a5-4abe-9c92-0d36fb7e13b7;2025-05-09 12:29:06.0534;512;None;;;;0.3123042;0.7478701;0.09933066;extension;0;;Moving to rest position;
8f4cdfd9-c6a5-4abe-9c92-0d36fb7e13b7;2025-05-09 12:29:06.0654;513;None;;;;0.3124225;0.7481915;0.09944248;extension;0;;Moving to rest position;
8f4cdfd9-c6a5-4abe-9c92-0d36fb7e13b7;2025-05-09 12:29:06.0764;514;None;;;;0.3126251;0.7482915;0.09928012;extension;0;;Moving to rest position;
8f4cdfd9-c6a5-4abe-9c92-0d36fb7e13b7;2025-05-09 12:29:06.0883;515;None;;;;0.3128716;0.7479967;0.0987072;extension;0;;Moving to rest position;
8f4cdfd9-c6a5-4abe-9c92-0d36fb7e13b7;2025-05-09 12:29:06.0993;516;None;;;;0.3129106;0.7479364;0.0989871;extension;0;;Moving to rest position;
8f4cdfd9-c6a5-4abe-9c92-0d36fb7e13b7;2025-05-09 12:29:06.1113;517;None;;;;0.3130592;0.7479148;0.09886169;extension;0;;Moving to rest position;
8f4cdfd9-c6a5-4abe-9c92-0d36fb7e13b7;2025-05-09 12:29:06.1223;518;None;;;;0.3135133;0.7477235;0.09856105;extension;0;;Moving to rest position;
8f4cdfd9-c6a5-4abe-9c92-0d36fb7e13b7;2025-05-09 12:29:06.1342;519;None;;;;0.3136653;0.7480965;0.09828758;extension;0;;Moving to rest position;
8f4cdfd9-c6a5-4abe-9c92-0d36fb7e13b7;2025-05-09 12:29:06.1452;520;None;;;;0.3138716;0.7480742;0.0980196;extension;0;;Moving to rest position;
8f4cdfd9-c6a5-4abe-9c92-0d36fb7e13b7;2025-05-09 12:29:06.1572;521;None;;;;0.3139827;0.7480513;0.09777403;extension;0;;Moving to rest position;
8f4cdfd9-c6a5-4abe-9c92-0d36fb7e13b7;2025-05-09 12:29:06.1681;522;None;;;;0.3141064;0.7482188;0.09774899;extension;0;;Moving to rest position;
8f4cdfd9-c6a5-4abe-9c92-0d36fb7e13b7;2025-05-09 12:29:06.1801;523;None;;;;0.3143425;0.7480854;0.097507;extension;0;;Moving to rest position;
8f4cdfd9-c6a5-4abe-9c92-0d36fb7e13b7;2025-05-09 12:29:06.1911;524;None;;;;0.314707;0.7475685;0.09696937;extension;0;;Moving to rest position;
8f4cdfd9-c6a5-4abe-9c92-0d36fb7e13b7;2025-05-09 12:29:06.2030;525;None;;;;0.3148159;0.7472941;0.09718156;extension;0;;Moving to rest position;
8f4cdfd9-c6a5-4abe-9c92-0d36fb7e13b7;2025-05-09 12:29:06.2210;526;None;;;;0.3149413;0.7469592;0.09707046;extension;0;;Moving to rest position;
8f4cdfd9-c6a5-4abe-9c92-0d36fb7e13b7;2025-05-09 12:29:06.2260;527;None;;;;0.3149924;0.7465241;0.09673882;extension;0;;Moving to rest position;
8f4cdfd9-c6a5-4abe-9c92-0d36fb7e13b7;2025-05-09 12:29:06.2369;528;None;;;;0.314963;0.7462473;0.0968287;extension;0;;Moving to rest position;
8f4cdfd9-c6a5-4abe-9c92-0d36fb7e13b7;2025-05-09 12:29:06.2489;529;None;;;;0.3148362;0.7459821;0.09689784;extension;0;;Moving to rest position;
8f4cdfd9-c6a5-4abe-9c92-0d36fb7e13b7;2025-05-09 12:29:06.2599;530;None;;;;0.3147846;0.7455975;0.09689188;extension;0;;Moving to rest position;
8f4cdfd9-c6a5-4abe-9c92-0d36fb7e13b7;2025-05-09 12:29:06.2719;531;None;;;;0.3147333;0.7453117;0.09689116;extension;0;;Moving to rest position;
8f4cdfd9-c6a5-4abe-9c92-0d36fb7e13b7;2025-05-09 12:29:06.2838;532;None;;;;0.3148593;0.7448074;0.09675622;extension;0;;Moving to rest position;
8f4cdfd9-c6a5-4abe-9c92-0d36fb7e13b7;2025-05-09 12:29:06.2948;533;None;;;;0.3147854;0.7444615;0.09680152;extension;0;;Moving to rest position;
8f4cdfd9-c6a5-4abe-9c92-0d36fb7e13b7;2025-05-09 12:29:06.3058;534;None;;;;0.3147187;0.7440609;0.09681916;extension;0;;Moving to rest position;
8f4cdfd9-c6a5-4abe-9c92-0d36fb7e13b7;2025-05-09 12:29:06.3177;535;None;;;;0.3146586;0.7436923;0.09680533;extension;0;;Moving to rest position;
8f4cdfd9-c6a5-4abe-9c92-0d36fb7e13b7;2025-05-09 12:29:06.3277;536;None;;;;0.3145912;0.7433819;0.09678745;extension;0;;Moving to rest position;
8f4cdfd9-c6a5-4abe-9c92-0d36fb7e13b7;2025-05-09 12:29:06.3397;537;None;;;;0.3145412;0.7431011;0.09674692;extension;0;;Moving to rest position;
8f4cdfd9-c6a5-4abe-9c92-0d36fb7e13b7;2025-05-09 12:29:06.3507;538;None;;;;0.3144864;0.7428247;0.09670234;extension;0;;Moving to rest position;
8f4cdfd9-c6a5-4abe-9c92-0d36fb7e13b7;2025-05-09 12:29:06.3621;539;None;;;;0.3144674;0.742594;0.09663534;extension;0;;Moving to rest position;
8f4cdfd9-c6a5-4abe-9c92-0d36fb7e13b7;2025-05-09 12:29:06.3731;540;None;;;;0.3144599;0.7424046;0.09656525;extension;0;;Moving to rest position;
8f4cdfd9-c6a5-4abe-9c92-0d36fb7e13b7;2025-05-09 12:29:06.3841;541;None;;;;0.3144503;0.7422241;0.09648681;extension;0;;Moving to rest position;
8f4cdfd9-c6a5-4abe-9c92-0d36fb7e13b7;2025-05-09 12:29:06.3951;542;None;;;;0.314428;0.7420477;0.09641051;extension;0;;Moving to rest position;
8f4cdfd9-c6a5-4abe-9c92-0d36fb7e13b7;2025-05-09 12:29:06.4070;543;None;;;;0.3143834;0.7418555;0.09631824;extension;0;;Moving to rest position;
8f4cdfd9-c6a5-4abe-9c92-0d36fb7e13b7;2025-05-09 12:29:06.4180;544;None;;;;0.3143331;0.7416641;0.09622931;extension;0;;Moving to rest position;
8f4cdfd9-c6a5-4abe-9c92-0d36fb7e13b7;2025-05-09 12:29:06.4290;545;None;;;;0.3142325;0.7415235;0.0961175;extension;0;;Moving to rest position;
8f4cdfd9-c6a5-4abe-9c92-0d36fb7e13b7;2025-05-09 12:29:06.4399;546;None;;;;0.3141155;0.7414249;0.09602523;extension;0;;Moving to rest position;
8f4cdfd9-c6a5-4abe-9c92-0d36fb7e13b7;2025-05-09 12:29:06.4509;547;None;;;;0.3140045;0.7413095;0.09593987;extension;0;;Moving to rest position;
8f4cdfd9-c6a5-4abe-9c92-0d36fb7e13b7;2025-05-09 12:29:06.4619;548;None;;;;0.3138707;0.7412155;0.09587884;extension;0;;Moving to rest position;
8f4cdfd9-c6a5-4abe-9c92-0d36fb7e13b7;2025-05-09 12:29:06.4738;549;None;;;;0.3137708;0.7411383;0.09585953;extension;0;;Moving to rest position;
8f4cdfd9-c6a5-4abe-9c92-0d36fb7e13b7;2025-05-09 12:29:06.4848;550;None;;;;0.3136782;0.7410501;0.09581852;extension;0;;Moving to rest position;
8f4cdfd9-c6a5-4abe-9c92-0d36fb7e13b7;2025-05-09 12:29:06.4958;551;None;;;;0.313633;0.7409754;0.09581065;extension;0;;Moving to rest position;
8f4cdfd9-c6a5-4abe-9c92-0d36fb7e13b7;2025-05-09 12:29:06.5068;552;None;;;;0.3136063;0.7409035;0.09580922;extension;0;;Moving to rest position;
8f4cdfd9-c6a5-4abe-9c92-0d36fb7e13b7;2025-05-09 12:29:06.5177;553;None;;;;0.3135898;0.7408547;0.09580874;extension;0;;Moving to rest position;
8f4cdfd9-c6a5-4abe-9c92-0d36fb7e13b7;2025-05-09 12:29:06.5297;554;None;;;;0.3135484;0.7408162;0.09579134;extension;0;;Moving to rest position;
8f4cdfd9-c6a5-4abe-9c92-0d36fb7e13b7;2025-05-09 12:29:06.5407;555;None;;;;0.3134953;0.7407655;0.09576797;extension;0;;Moving to rest position;
8f4cdfd9-c6a5-4abe-9c92-0d36fb7e13b7;2025-05-09 12:29:06.5516;556;None;;;;0.3134367;0.7407079;0.09574199;extension;0;;Moving to rest position;
8f4cdfd9-c6a5-4abe-9c92-0d36fb7e13b7;2025-05-09 12:29:06.5627;557;None;;;;0.3133807;0.7406516;0.09568024;extension;0;;Moving to rest position;
8f4cdfd9-c6a5-4abe-9c92-0d36fb7e13b7;2025-05-09 12:29:06.5742;558;None;;;;0.3133097;0.7406162;0.09562349;extension;0;;Moving to rest position;
8f4cdfd9-c6a5-4abe-9c92-0d36fb7e13b7;2025-05-09 12:29:06.5852;559;None;;;;0.313247;0.7405686;0.09556675;extension;0;;Moving to rest position;
8f4cdfd9-c6a5-4abe-9c92-0d36fb7e13b7;2025-05-09 12:29:06.5961;560;None;;;;0.3131618;0.7404984;0.09551263;extension;0;;Moving to rest position;
8f4cdfd9-c6a5-4abe-9c92-0d36fb7e13b7;2025-05-09 12:29:06.6071;561;None;;;;0.3130712;0.7404246;0.0954504;extension;0;;Moving to rest position;
8f4cdfd9-c6a5-4abe-9c92-0d36fb7e13b7;2025-05-09 12:29:06.6191;562;None;;;;0.3129824;0.7403543;0.0953927;extension;0;;Moving to rest position;
8f4cdfd9-c6a5-4abe-9c92-0d36fb7e13b7;2025-05-09 12:29:06.6300;563;None;;;;0.3128377;0.7402132;0.09529901;extension;0;;Moving to rest position;
8f4cdfd9-c6a5-4abe-9c92-0d36fb7e13b7;2025-05-09 12:29:06.6410;564;None;;;;0.3127149;0.7400769;0.09518504;extension;0;;Moving to rest position;
8f4cdfd9-c6a5-4abe-9c92-0d36fb7e13b7;2025-05-09 12:29:06.6520;565;None;;;;0.312583;0.7399558;0.09504962;extension;0;;Moving to rest position;
8f4cdfd9-c6a5-4abe-9c92-0d36fb7e13b7;2025-05-09 12:29:06.6630;566;None;;;;0.3124553;0.7398661;0.09480906;extension;0;;Moving to rest position;
8f4cdfd9-c6a5-4abe-9c92-0d36fb7e13b7;2025-05-09 12:29:06.6749;567;None;;;;0.3123525;0.7397991;0.09457874;extension;0;;Moving to rest position;
8f4cdfd9-c6a5-4abe-9c92-0d36fb7e13b7;2025-05-09 12:29:06.6859;568;None;;;;0.3122716;0.7397146;0.09435606;extension;0;;Moving to rest position;
8f4cdfd9-c6a5-4abe-9c92-0d36fb7e13b7;2025-05-09 12:29:06.6969;569;None;;;;0.3122174;0.7396609;0.09412837;extension;0;;Moving to rest position;
8f4cdfd9-c6a5-4abe-9c92-0d36fb7e13b7;2025-05-09 12:29:06.7078;570;None;;;;0.3121934;0.7396015;0.09391069;extension;0;;Moving to rest position;
8f4cdfd9-c6a5-4abe-9c92-0d36fb7e13b7;2025-05-09 12:29:06.7198;571;None;;;;0.3121566;0.7395551;0.09369993;extension;0;;Moving to rest position;
8f4cdfd9-c6a5-4abe-9c92-0d36fb7e13b7;2025-05-09 12:29:06.7308;572;None;;;;0.3121308;0.7395025;0.09346032;extension;0;;Moving to rest position;
8f4cdfd9-c6a5-4abe-9c92-0d36fb7e13b7;2025-05-09 12:29:06.7418;573;None;;;;0.3120934;0.739421;0.09319162;extension;0;;Moving to rest position;
8f4cdfd9-c6a5-4abe-9c92-0d36fb7e13b7;2025-05-09 12:29:06.7527;574;None;;;;0.3120663;0.7393498;0.09286261;extension;0;;Moving to rest position;
8f4cdfd9-c6a5-4abe-9c92-0d36fb7e13b7;2025-05-09 12:29:06.7637;575;None;;;;0.3120172;0.7392867;0.09249449;extension;0;;Moving to rest position;
8f4cdfd9-c6a5-4abe-9c92-0d36fb7e13b7;2025-05-09 12:29:06.7747;576;None;;;;0.3119382;0.7392259;0.0921154;extension;0;;Moving to rest position;
8f4cdfd9-c6a5-4abe-9c92-0d36fb7e13b7;2025-05-09 12:29:06.7858;577;None;;;;0.3124778;0.7392845;0.09250593;extension;0;;Moving to rest position;
8f4cdfd9-c6a5-4abe-9c92-0d36fb7e13b7;2025-05-09 12:29:06.7977;578;None;;;;0.312397;0.7395145;0.09189582;extension;0;;Moving to rest position;
8f4cdfd9-c6a5-4abe-9c92-0d36fb7e13b7;2025-05-09 12:29:06.8087;579;None;;;;0.3122705;0.7394655;0.09148908;extension;0;;Moving to rest position;
8f4cdfd9-c6a5-4abe-9c92-0d36fb7e13b7;2025-05-09 12:29:06.8197;580;None;;;;0.3096087;0.742283;0.09435058;extension;0;;Moving to rest position;
8f4cdfd9-c6a5-4abe-9c92-0d36fb7e13b7;2025-05-09 12:29:06.8306;581;None;;;;0.3091717;0.7425596;0.09466839;extension;0;;Moving to rest position;
8f4cdfd9-c6a5-4abe-9c92-0d36fb7e13b7;2025-05-09 12:29:06.8426;582;None;;;;0.308866;0.7426169;0.09431767;extension;0;;Moving to rest position;
8f4cdfd9-c6a5-4abe-9c92-0d36fb7e13b7;2025-05-09 12:29:06.8536;583;None;;;;0.3099668;0.7391318;0.08981538;extension;0;;Moving to rest position;
8f4cdfd9-c6a5-4abe-9c92-0d36fb7e13b7;2025-05-09 12:29:06.8646;584;None;;;;0.3094991;0.7394212;0.08971596;extension;0;;Moving to rest position;
8f4cdfd9-c6a5-4abe-9c92-0d36fb7e13b7;2025-05-09 12:29:06.8755;585;None;;;;0.3091068;0.7393059;0.08917952;extension;0;;Moving to rest position;
8f4cdfd9-c6a5-4abe-9c92-0d36fb7e13b7;2025-05-09 12:29:06.8865;586;None;;;;0.3104144;0.7345568;0.08293605;extension;0;;Moving to rest position;
8f4cdfd9-c6a5-4abe-9c92-0d36fb7e13b7;2025-05-09 12:29:06.8975;587;None;;;;0.3093233;0.7358369;0.08431983;extension;0;;Moving to rest position;
8f4cdfd9-c6a5-4abe-9c92-0d36fb7e13b7;2025-05-09 12:29:06.9094;588;None;;;;0.3086706;0.735983;0.08350062;extension;0;;Moving to rest position;
8f4cdfd9-c6a5-4abe-9c92-0d36fb7e13b7;2025-05-09 12:29:06.9204;589;None;;;;0.3078696;0.7362777;0.08281779;extension;0;;Moving to rest position;
8f4cdfd9-c6a5-4abe-9c92-0d36fb7e13b7;2025-05-09 12:29:06.9314;590;None;;;;0.3066061;0.7375581;0.0828979;extension;0;;Moving to rest position;
8f4cdfd9-c6a5-4abe-9c92-0d36fb7e13b7;2025-05-09 12:29:06.9423;591;None;;;;0.3056963;0.7377038;0.08172441;extension;0;;Moving to rest position;
8f4cdfd9-c6a5-4abe-9c92-0d36fb7e13b7;2025-05-09 12:29:06.9543;592;None;;;;0.3041399;0.7386162;0.08131337;extension;0;;Moving to rest position;
8f4cdfd9-c6a5-4abe-9c92-0d36fb7e13b7;2025-05-09 12:29:06.9653;593;None;;;;0.3026014;0.7387521;0.08025503;extension;0;;Moving to rest position;
8f4cdfd9-c6a5-4abe-9c92-0d36fb7e13b7;2025-05-09 12:29:06.9768;594;None;;;;0.3009009;0.7388636;0.07861066;extension;0;;Moving to rest position;
8f4cdfd9-c6a5-4abe-9c92-0d36fb7e13b7;2025-05-09 12:29:06.9877;595;None;;;;0.2989244;0.7398292;0.0778656;extension;0;;Moving to rest position;
8f4cdfd9-c6a5-4abe-9c92-0d36fb7e13b7;2025-05-09 12:29:06.9987;596;None;;;;0.2965295;0.740142;0.076509;extension;0;;Moving to rest position;
8f4cdfd9-c6a5-4abe-9c92-0d36fb7e13b7;2025-05-09 12:29:07.0097;597;None;;;;0.2942262;0.7402271;0.07484126;extension;0;;Moving to rest position;
8f4cdfd9-c6a5-4abe-9c92-0d36fb7e13b7;2025-05-09 12:29:07.0206;598;None;;;;0.2916225;0.7405699;0.07380772;extension;0;;Moving to rest position;
8f4cdfd9-c6a5-4abe-9c92-0d36fb7e13b7;2025-05-09 12:29:07.0327;599;None;;;;0.2888144;0.7410313;0.07250595;extension;0;;Moving to rest position;
8f4cdfd9-c6a5-4abe-9c92-0d36fb7e13b7;2025-05-09 12:29:07.0426;600;None;;;;0.2862426;0.7409205;0.07138443;extension;0;;Moving to rest position;
8f4cdfd9-c6a5-4abe-9c92-0d36fb7e13b7;2025-05-09 12:29:07.0545;601;None;;;;0.283497;0.7412505;0.07139587;extension;0;;Moving to rest position;
8f4cdfd9-c6a5-4abe-9c92-0d36fb7e13b7;2025-05-09 12:29:07.0655;602;None;;;;0.2813565;0.7417091;0.07159877;extension;0;;Moving to rest position;
8f4cdfd9-c6a5-4abe-9c92-0d36fb7e13b7;2025-05-09 12:29:07.0765;603;None;;;;0.2794237;0.7416941;0.07140112;extension;0;;Moving to rest position;
8f4cdfd9-c6a5-4abe-9c92-0d36fb7e13b7;2025-05-09 12:29:07.0875;604;None;;;;0.2769619;0.7425134;0.07229877;extension;0;;Moving to rest position;
8f4cdfd9-c6a5-4abe-9c92-0d36fb7e13b7;2025-05-09 12:29:07.0994;605;None;;;;0.2759383;0.7441914;0.07376122;extension;0;;Moving to rest position;
8f4cdfd9-c6a5-4abe-9c92-0d36fb7e13b7;2025-05-09 12:29:07.1104;606;None;;;;0.2748898;0.7447629;0.07433748;extension;0;;Moving to rest position;
8f4cdfd9-c6a5-4abe-9c92-0d36fb7e13b7;2025-05-09 12:29:07.1214;607;None;;;;0.2730169;0.7465434;0.07629132;extension;0;;Moving to rest position;
8f4cdfd9-c6a5-4abe-9c92-0d36fb7e13b7;2025-05-09 12:29:07.1323;608;None;;;;0.2722788;0.7478275;0.07784128;extension;0;;Moving to rest position;
8f4cdfd9-c6a5-4abe-9c92-0d36fb7e13b7;2025-05-09 12:29:07.1433;609;None;;;;0.2716655;0.7485814;0.07928705;extension;0;;Moving to rest position;
8f4cdfd9-c6a5-4abe-9c92-0d36fb7e13b7;2025-05-09 12:29:07.1553;610;None;;;;0.2698469;0.7497655;0.08121371;extension;0;;Moving to rest position;
8f4cdfd9-c6a5-4abe-9c92-0d36fb7e13b7;2025-05-09 12:29:07.1663;611;None;;;;0.2688982;0.7505653;0.08282232;extension;0;;Moving to rest position;
8f4cdfd9-c6a5-4abe-9c92-0d36fb7e13b7;2025-05-09 12:29:07.1772;612;None;;;;0.2679167;0.7511091;0.08421612;extension;0;;Moving to rest position;
8f4cdfd9-c6a5-4abe-9c92-0d36fb7e13b7;2025-05-09 12:29:07.1882;613;None;;;;0.266377;0.7518513;0.08606935;extension;0;;Moving to rest position;
8f4cdfd9-c6a5-4abe-9c92-0d36fb7e13b7;2025-05-09 12:29:07.2002;614;None;;;;0.2652773;0.7522217;0.08692884;extension;0;;Moving to rest position;
8f4cdfd9-c6a5-4abe-9c92-0d36fb7e13b7;2025-05-09 12:29:07.2101;615;None;;;;0.2641435;0.7524593;0.08807564;extension;0;;Moving to rest position;
8f4cdfd9-c6a5-4abe-9c92-0d36fb7e13b7;2025-05-09 12:29:07.2221;616;None;;;;0.2630416;0.7527914;0.08948851;extension;0;;Moving to rest position;
8f4cdfd9-c6a5-4abe-9c92-0d36fb7e13b7;2025-05-09 12:29:07.2331;617;None;;;;0.2619957;0.7527485;0.0906055;extension;0;;Moving to rest position;
8f4cdfd9-c6a5-4abe-9c92-0d36fb7e13b7;2025-05-09 12:29:07.2440;618;None;;;;0.2611462;0.752637;0.09143019;extension;0;;Moving to rest position;
8f4cdfd9-c6a5-4abe-9c92-0d36fb7e13b7;2025-05-09 12:29:07.2560;619;None;;;;0.2600515;0.7528807;0.09249783;extension;0;;Moving to rest position;
8f4cdfd9-c6a5-4abe-9c92-0d36fb7e13b7;2025-05-09 12:29:07.2670;620;None;;;;0.2593098;0.7527069;0.0930624;extension;0;;Moving to rest position;
8f4cdfd9-c6a5-4abe-9c92-0d36fb7e13b7;2025-05-09 12:29:07.2780;621;None;;;;0.2585566;0.7526731;0.09360456;extension;0;;Moving to rest position;
8f4cdfd9-c6a5-4abe-9c92-0d36fb7e13b7;2025-05-09 12:29:07.2889;622;None;;;;0.2578613;0.7527602;0.09405637;extension;0;;Moving to rest position;
8f4cdfd9-c6a5-4abe-9c92-0d36fb7e13b7;2025-05-09 12:29:07.2999;623;None;;;;0.2572194;0.752565;0.09426332;extension;0;;Moving to rest position;
8f4cdfd9-c6a5-4abe-9c92-0d36fb7e13b7;2025-05-09 12:29:07.3109;624;None;;;;0.2565475;0.7525589;0.09455609;extension;0;;Moving to rest position;
8f4cdfd9-c6a5-4abe-9c92-0d36fb7e13b7;2025-05-09 12:29:07.3228;625;None;;;;0.2558404;0.7527134;0.09489727;extension;0;;Moving to rest position;
8f4cdfd9-c6a5-4abe-9c92-0d36fb7e13b7;2025-05-09 12:29:07.3338;626;None;;;;0.2552004;0.7523564;0.09511757;extension;0;;Moving to rest position;
8f4cdfd9-c6a5-4abe-9c92-0d36fb7e13b7;2025-05-09 12:29:07.3448;627;None;;;;0.2545983;0.7522236;0.09517431;extension;0;;Moving to rest position;
8f4cdfd9-c6a5-4abe-9c92-0d36fb7e13b7;2025-05-09 12:29:07.3557;628;None;;;;0.2541997;0.7521884;0.09519124;extension;0;;Moving to rest position;
8f4cdfd9-c6a5-4abe-9c92-0d36fb7e13b7;2025-05-09 12:29:07.3672;629;None;;;;0.2535833;0.7520994;0.09524655;extension;0;;Moving to rest position;
8f4cdfd9-c6a5-4abe-9c92-0d36fb7e13b7;2025-05-09 12:29:07.3782;630;None;;;;0.2530679;0.7522268;0.09499145;extension;0;;Moving to rest position;
8f4cdfd9-c6a5-4abe-9c92-0d36fb7e13b7;2025-05-09 12:29:07.3892;631;None;;;;0.2528135;0.7524852;0.09481835;extension;0;;Moving to rest position;
8f4cdfd9-c6a5-4abe-9c92-0d36fb7e13b7;2025-05-09 12:29:07.4011;632;None;;;;0.2524586;0.7528889;0.09462285;extension;0;;Moving to rest position;
8f4cdfd9-c6a5-4abe-9c92-0d36fb7e13b7;2025-05-09 12:29:07.4121;633;None;;;;0.2522523;0.7533048;0.09449339;extension;0;;Moving to rest position;
8f4cdfd9-c6a5-4abe-9c92-0d36fb7e13b7;2025-05-09 12:29:07.4226;634;None;;;;0.2521003;0.7539443;0.0946269;extension;0;;Moving to rest position;
8f4cdfd9-c6a5-4abe-9c92-0d36fb7e13b7;2025-05-09 12:29:07.4345;635;None;;;;0.2519169;0.7545201;0.09477806;extension;0;;Moving to rest position;
8f4cdfd9-c6a5-4abe-9c92-0d36fb7e13b7;2025-05-09 12:29:07.4455;636;None;;;;0.2518796;0.7551998;0.09489012;extension;0;;Moving to rest position;
8f4cdfd9-c6a5-4abe-9c92-0d36fb7e13b7;2025-05-09 12:29:07.4565;637;None;;;;0.2519171;0.7560854;0.0951674;extension;0;;Moving to rest position;
8f4cdfd9-c6a5-4abe-9c92-0d36fb7e13b7;2025-05-09 12:29:07.4675;638;None;;;;0.2521176;0.7569553;0.09536076;extension;0;;Moving to rest position;
8f4cdfd9-c6a5-4abe-9c92-0d36fb7e13b7;2025-05-09 12:29:07.4784;639;None;;;;0.252414;0.7578665;0.09534264;extension;0;;Moving to rest position;
8f4cdfd9-c6a5-4abe-9c92-0d36fb7e13b7;2025-05-09 12:29:07.4904;640;None;;;;0.2527208;0.7589893;0.09543085;extension;0;;Moving to rest position;
8f4cdfd9-c6a5-4abe-9c92-0d36fb7e13b7;2025-05-09 12:29:07.5014;641;None;;;;0.2530888;0.7600291;0.09512854;extension;0;;Moving to rest position;
8f4cdfd9-c6a5-4abe-9c92-0d36fb7e13b7;2025-05-09 12:29:07.5123;642;None;;;;0.253488;0.7609835;0.09493446;extension;0;;Moving to rest position;
8f4cdfd9-c6a5-4abe-9c92-0d36fb7e13b7;2025-05-09 12:29:07.5233;643;None;;;;0.2540079;0.7619932;0.0948112;extension;0;;Moving to rest position;
8f4cdfd9-c6a5-4abe-9c92-0d36fb7e13b7;2025-05-09 12:29:07.5353;644;None;;;;0.2544077;0.7629646;0.09456539;extension;0;;Moving to rest position;
8f4cdfd9-c6a5-4abe-9c92-0d36fb7e13b7;2025-05-09 12:29:07.5452;645;None;;;;0.2548138;0.763703;0.09427357;extension;0;;Moving to rest position;
8f4cdfd9-c6a5-4abe-9c92-0d36fb7e13b7;2025-05-09 12:29:07.5572;646;None;;;;0.2553636;0.7646246;0.09428501;extension;0;;Moving to rest position;
8f4cdfd9-c6a5-4abe-9c92-0d36fb7e13b7;2025-05-09 12:29:07.5682;647;None;;;;0.2558649;0.7653637;0.09405088;extension;0;;Moving to rest position;
8f4cdfd9-c6a5-4abe-9c92-0d36fb7e13b7;2025-05-09 12:29:07.5797;648;None;;;;0.2563906;0.765994;0.09366512;extension;0;;Moving to rest position;
8f4cdfd9-c6a5-4abe-9c92-0d36fb7e13b7;2025-05-09 12:29:07.5906;649;None;;;;0.2576283;0.7668133;0.09357119;extension;0;;Moving to rest position;
8f4cdfd9-c6a5-4abe-9c92-0d36fb7e13b7;2025-05-09 12:29:07.6016;650;None;;;;0.2584365;0.7676632;0.09291959;extension;0;;Moving to rest position;
8f4cdfd9-c6a5-4abe-9c92-0d36fb7e13b7;2025-05-09 12:29:07.6126;651;None;;;;0.2593579;0.7682949;0.09250951;extension;0;;Moving to rest position;
8f4cdfd9-c6a5-4abe-9c92-0d36fb7e13b7;2025-05-09 12:29:07.6245;652;None;;;;0.2603883;0.7691811;0.0924027;extension;0;;Moving to rest position;
8f4cdfd9-c6a5-4abe-9c92-0d36fb7e13b7;2025-05-09 12:29:07.6355;653;None;;;;0.2614046;0.7703097;0.09204459;extension;0;;Moving to rest position;
8f4cdfd9-c6a5-4abe-9c92-0d36fb7e13b7;2025-05-09 12:29:07.6465;654;None;;;;0.2623929;0.7711054;0.09172916;extension;0;;Moving to rest position;
8f4cdfd9-c6a5-4abe-9c92-0d36fb7e13b7;2025-05-09 12:29:07.6575;655;None;;;;0.2638181;0.7720777;0.0916276;extension;0;;Moving to rest position;
8f4cdfd9-c6a5-4abe-9c92-0d36fb7e13b7;2025-05-09 12:29:07.6684;656;None;;;;0.2648541;0.7730405;0.09149408;extension;0;;Moving to rest position;
8f4cdfd9-c6a5-4abe-9c92-0d36fb7e13b7;2025-05-09 12:29:07.6799;657;None;;;;0.2659763;0.7737924;0.09125733;extension;0;;Moving to rest position;
8f4cdfd9-c6a5-4abe-9c92-0d36fb7e13b7;2025-05-09 12:29:07.6909;658;None;;;;0.2674869;0.7742494;0.09064198;extension;0;;Moving to rest position;
8f4cdfd9-c6a5-4abe-9c92-0d36fb7e13b7;2025-05-09 12:29:07.7028;659;None;;;;0.2687618;0.7750483;0.09034157;extension;0;;Moving to rest position;
8f4cdfd9-c6a5-4abe-9c92-0d36fb7e13b7;2025-05-09 12:29:07.7128;660;None;;;;0.2700404;0.775712;0.08985591;extension;0;;Moving to rest position;
8f4cdfd9-c6a5-4abe-9c92-0d36fb7e13b7;2025-05-09 12:29:07.7248;661;None;;;;0.2714264;0.7760704;0.0889926;extension;0;;Moving to rest position;
8f4cdfd9-c6a5-4abe-9c92-0d36fb7e13b7;2025-05-09 12:29:07.7358;662;None;;;;0.2727095;0.7767525;0.08827782;extension;0;;Moving to rest position;
8f4cdfd9-c6a5-4abe-9c92-0d36fb7e13b7;2025-05-09 12:29:07.7467;663;None;;;;0.2737886;0.7772162;0.08768344;extension;0;;Moving to rest position;
8f4cdfd9-c6a5-4abe-9c92-0d36fb7e13b7;2025-05-09 12:29:07.7577;664;None;;;;0.2748224;0.7773758;0.08678889;extension;0;;Moving to rest position;
8f4cdfd9-c6a5-4abe-9c92-0d36fb7e13b7;2025-05-09 12:29:07.7687;665;None;;;;0.2755255;0.7777129;0.08623457;extension;0;;Moving to rest position;
8f4cdfd9-c6a5-4abe-9c92-0d36fb7e13b7;2025-05-09 12:29:07.7801;666;None;;;;0.2761067;0.7781005;0.0857017;extension;0;;Moving to rest position;
8f4cdfd9-c6a5-4abe-9c92-0d36fb7e13b7;2025-05-09 12:29:07.7921;667;None;;;;0.2759848;0.7784357;0.08493495;extension;0;;Moving to rest position;
8f4cdfd9-c6a5-4abe-9c92-0d36fb7e13b7;2025-05-09 12:29:07.8031;668;None;;;;0.2760888;0.7787255;0.08424592;extension;0;;Moving to rest position;
8f4cdfd9-c6a5-4abe-9c92-0d36fb7e13b7;2025-05-09 12:29:07.8140;669;None;;;;0.2759359;0.7790267;0.0835104;extension;0;;Moving to rest position;
8f4cdfd9-c6a5-4abe-9c92-0d36fb7e13b7;2025-05-09 12:29:07.8250;670;None;;;;0.276155;0.7795113;0.08305812;extension;0;;Moving to rest position;
8f4cdfd9-c6a5-4abe-9c92-0d36fb7e13b7;2025-05-09 12:29:07.8360;671;None;;;;0.2759587;0.7799174;0.08233547;extension;0;;Moving to rest position;
8f4cdfd9-c6a5-4abe-9c92-0d36fb7e13b7;2025-05-09 12:29:07.8470;672;None;;;;0.2757846;0.7802141;0.0817759;extension;0;;Moving to rest position;
8f4cdfd9-c6a5-4abe-9c92-0d36fb7e13b7;2025-05-09 12:29:07.8589;673;None;;;;0.2760328;0.7803363;0.08113575;extension;0;;Moving to rest position;
8f4cdfd9-c6a5-4abe-9c92-0d36fb7e13b7;2025-05-09 12:29:07.8699;674;None;;;;0.2759814;0.7803833;0.08081174;extension;0;;Moving to rest position;
8f4cdfd9-c6a5-4abe-9c92-0d36fb7e13b7;2025-05-09 12:29:07.8814;675;None;;;;0.2759994;0.7806137;0.080446;extension;0;;Moving to rest position;
8f4cdfd9-c6a5-4abe-9c92-0d36fb7e13b7;2025-05-09 12:29:07.8923;676;None;;;;0.2760471;0.78088;0.08015251;extension;0;;Moving to rest position;
8f4cdfd9-c6a5-4abe-9c92-0d36fb7e13b7;2025-05-09 12:29:07.9033;677;None;;;;0.2761024;0.7811774;0.07981515;extension;0;;Moving to rest position;
8f4cdfd9-c6a5-4abe-9c92-0d36fb7e13b7;2025-05-09 12:29:07.9143;678;None;;;;0.2762708;0.7813507;0.07952547;extension;0;;Moving to rest position;
8f4cdfd9-c6a5-4abe-9c92-0d36fb7e13b7;2025-05-09 12:29:07.9258;679;None;;;;0.2760369;0.7818658;0.07966757;extension;0;;Moving to rest position;
8f4cdfd9-c6a5-4abe-9c92-0d36fb7e13b7;2025-05-09 12:29:07.9367;680;None;;;;0.2761866;0.7821298;0.07936931;extension;0;;Moving to rest position;
8f4cdfd9-c6a5-4abe-9c92-0d36fb7e13b7;2025-05-09 12:29:07.9487;681;None;;;;0.2763445;0.7823249;0.0792799;extension;0;;Moving to rest position;
8f4cdfd9-c6a5-4abe-9c92-0d36fb7e13b7;2025-05-09 12:29:07.9597;682;None;;;;0.2762064;0.7827669;0.07949376;extension;0;;Moving to rest position;
8f4cdfd9-c6a5-4abe-9c92-0d36fb7e13b7;2025-05-09 12:29:07.9706;683;None;;;;0.276416;0.7829473;0.07944393;extension;0;;Moving to rest position;
8f4cdfd9-c6a5-4abe-9c92-0d36fb7e13b7;2025-05-09 12:29:07.9816;684;None;;;;0.2766566;0.7831413;0.0793643;extension;0;;Moving to rest position;
8f4cdfd9-c6a5-4abe-9c92-0d36fb7e13b7;2025-05-09 12:29:07.9926;685;None;;;;0.2767571;0.7833505;0.07930851;extension;0;;Moving to rest position;
8f4cdfd9-c6a5-4abe-9c92-0d36fb7e13b7;2025-05-09 12:29:08.0036;686;None;;;;0.2771093;0.7835317;0.07933664;extension;0;;Moving to rest position;
8f4cdfd9-c6a5-4abe-9c92-0d36fb7e13b7;2025-05-09 12:29:08.0145;687;None;;;;0.2774717;0.7836163;0.07936406;extension;0;;Moving to rest position;
8f4cdfd9-c6a5-4abe-9c92-0d36fb7e13b7;2025-05-09 12:29:08.0260;688;None;;;;0.2775775;0.7837646;0.07959247;extension;0;;Moving to rest position;
8f4cdfd9-c6a5-4abe-9c92-0d36fb7e13b7;2025-05-09 12:29:08.0370;689;None;;;;0.2777812;0.7838627;0.07963848;extension;0;;Moving to rest position;
8f4cdfd9-c6a5-4abe-9c92-0d36fb7e13b7;2025-05-09 12:29:08.0489;690;None;;;;0.2778967;0.7838695;0.07970524;extension;0;;Moving to rest position;
8f4cdfd9-c6a5-4abe-9c92-0d36fb7e13b7;2025-05-09 12:29:08.0599;691;None;;;;0.2774261;0.7841122;0.08006263;extension;0;;Moving to rest position;
8f4cdfd9-c6a5-4abe-9c92-0d36fb7e13b7;2025-05-09 12:29:08.0709;692;None;;;;0.2773368;0.7840434;0.07995439;extension;0;;Moving to rest position;
8f4cdfd9-c6a5-4abe-9c92-0d36fb7e13b7;2025-05-09 12:29:08.0818;693;None;;;;0.2770674;0.7839378;0.07984734;extension;0;;Moving to rest position;
8f4cdfd9-c6a5-4abe-9c92-0d36fb7e13b7;2025-05-09 12:29:08.0928;694;None;;;;0.2769521;0.7838608;0.07978082;extension;0;;Moving to rest position;
8f4cdfd9-c6a5-4abe-9c92-0d36fb7e13b7;2025-05-09 12:29:08.1048;695;None;;;;0.2767345;0.7840109;0.07959366;extension;0;;Moving to rest position;
8f4cdfd9-c6a5-4abe-9c92-0d36fb7e13b7;2025-05-09 12:29:08.1158;696;None;;;;0.276542;0.7838733;0.07943749;extension;0;;Moving to rest position;
8f4cdfd9-c6a5-4abe-9c92-0d36fb7e13b7;2025-05-09 12:29:08.1267;697;None;;;;0.2765382;0.7836697;0.07943773;extension;0;;Moving to rest position;
8f4cdfd9-c6a5-4abe-9c92-0d36fb7e13b7;2025-05-09 12:29:08.1377;698;None;;;;0.2763944;0.7832416;0.07939672;extension;0;;Moving to rest position;
8f4cdfd9-c6a5-4abe-9c92-0d36fb7e13b7;2025-05-09 12:29:08.1497;699;None;;;;0.2761888;0.7828184;0.07937527;extension;0;;Moving to rest position;
8f4cdfd9-c6a5-4abe-9c92-0d36fb7e13b7;2025-05-09 12:29:08.1606;700;None;;;;0.2759795;0.7823031;0.07942629;extension;0;;Moving to rest position;
8f4cdfd9-c6a5-4abe-9c92-0d36fb7e13b7;2025-05-09 12:29:08.1716;701;None;;;;0.2755609;0.781939;0.07956004;extension;0;;Moving to rest position;
8f4cdfd9-c6a5-4abe-9c92-0d36fb7e13b7;2025-05-09 12:29:08.1831;702;None;;;;0.2745805;0.7813349;0.08012462;extension;0;;Moving to rest position;
8f4cdfd9-c6a5-4abe-9c92-0d36fb7e13b7;2025-05-09 12:29:08.1941;703;None;;;;0.2736869;0.7805995;0.08071327;extension;0;;Moving to rest position;
8f4cdfd9-c6a5-4abe-9c92-0d36fb7e13b7;2025-05-09 12:29:08.2050;704;None;;;;0.2726156;0.779961;0.08144259;extension;0;;Moving to rest position;
8f4cdfd9-c6a5-4abe-9c92-0d36fb7e13b7;2025-05-09 12:29:08.2160;705;None;;;;0.2716039;0.7792139;0.08219385;extension;0;;Moving to rest position;
8f4cdfd9-c6a5-4abe-9c92-0d36fb7e13b7;2025-05-09 12:29:08.2280;706;None;;;;0.2703629;0.778222;0.08289242;extension;0;;Moving to rest position;
8f4cdfd9-c6a5-4abe-9c92-0d36fb7e13b7;2025-05-09 12:29:08.2379;707;None;;;;0.2693536;0.7777684;0.0835309;extension;0;;Moving to rest position;
8f4cdfd9-c6a5-4abe-9c92-0d36fb7e13b7;2025-05-09 12:29:08.2499;708;None;;;;0.2685825;0.7770774;0.08432508;extension;0;;Moving to rest position;
8f4cdfd9-c6a5-4abe-9c92-0d36fb7e13b7;2025-05-09 12:29:08.2609;709;None;;;;0.2681056;0.7767352;0.08491778;extension;0;;Moving to rest position;
8f4cdfd9-c6a5-4abe-9c92-0d36fb7e13b7;2025-05-09 12:29:08.2718;710;None;;;;0.2676126;0.7765335;0.08548021;extension;0;;Moving to rest position;
8f4cdfd9-c6a5-4abe-9c92-0d36fb7e13b7;2025-05-09 12:29:08.2838;711;None;;;;0.2674807;0.7761035;0.08628106;extension;0;;Moving to rest position;
8f4cdfd9-c6a5-4abe-9c92-0d36fb7e13b7;2025-05-09 12:29:08.2938;712;None;;;;0.2678673;0.7759463;0.08788419;extension;0;;Moving to rest position;
8f4cdfd9-c6a5-4abe-9c92-0d36fb7e13b7;2025-05-09 12:29:08.3058;713;None;;;;0.2681878;0.7757427;0.09003258;extension;0;;Moving to rest position;
8f4cdfd9-c6a5-4abe-9c92-0d36fb7e13b7;2025-05-09 12:29:08.3167;714;None;;;;0.2689499;0.7758111;0.09220099;extension;0;;Moving to rest position;
8f4cdfd9-c6a5-4abe-9c92-0d36fb7e13b7;2025-05-09 12:29:08.3282;715;None;;;;0.2694314;0.7749361;0.0943439;extension;0;;Moving to rest position;
8f4cdfd9-c6a5-4abe-9c92-0d36fb7e13b7;2025-05-09 12:29:08.3392;716;None;;;;0.2702671;0.7742013;0.09716225;extension;0;;Moving to rest position;
8f4cdfd9-c6a5-4abe-9c92-0d36fb7e13b7;2025-05-09 12:29:08.3502;717;None;;;;0.2699943;0.7735554;0.09972048;extension;0;;Moving to rest position;
8f4cdfd9-c6a5-4abe-9c92-0d36fb7e13b7;2025-05-09 12:29:08.3611;718;None;;;;0.2703572;0.7723256;0.1024687;extension;0;;Moving to rest position;
8f4cdfd9-c6a5-4abe-9c92-0d36fb7e13b7;2025-05-09 12:29:08.3721;719;None;;;;0.2704035;0.7709806;0.1047153;extension;0;;Moving to rest position;
8f4cdfd9-c6a5-4abe-9c92-0d36fb7e13b7;2025-05-09 12:29:08.3841;720;None;;;;0.2702779;0.7698432;0.1067507;extension;0;;Moving to rest position;
8f4cdfd9-c6a5-4abe-9c92-0d36fb7e13b7;2025-05-09 12:29:08.3950;721;None;;;;0.2699187;0.7684697;0.1073067;extension;0;;Moving to rest position;
8f4cdfd9-c6a5-4abe-9c92-0d36fb7e13b7;2025-05-09 12:29:08.4060;722;None;;;;0.2693022;0.7672781;0.1071448;extension;0;;Moving to rest position;
8f4cdfd9-c6a5-4abe-9c92-0d36fb7e13b7;2025-05-09 12:29:08.4180;723;None;;;;0.269255;0.7664256;0.1074517;extension;0;;Moving to rest position;
8f4cdfd9-c6a5-4abe-9c92-0d36fb7e13b7;2025-05-09 12:29:08.4279;724;None;;;;0.2687532;0.765365;0.1067417;extension;0;;Moving to rest position;
8f4cdfd9-c6a5-4abe-9c92-0d36fb7e13b7;2025-05-09 12:29:08.4389;725;None;;;;0.2684641;0.7643546;0.1065094;extension;0;;Moving to rest position;
8f4cdfd9-c6a5-4abe-9c92-0d36fb7e13b7;2025-05-09 12:29:08.4509;726;None;;;;0.2685528;0.7636262;0.1065598;extension;0;;Moving to rest position;
8f4cdfd9-c6a5-4abe-9c92-0d36fb7e13b7;2025-05-09 12:29:08.4619;727;None;;;;0.26863;0.7628719;0.1066403;extension;0;;Moving to rest position;
8f4cdfd9-c6a5-4abe-9c92-0d36fb7e13b7;2025-05-09 12:29:08.4728;728;None;;;;0.2687738;0.7618814;0.107403;extension;0;;Moving to rest position;
8f4cdfd9-c6a5-4abe-9c92-0d36fb7e13b7;2025-05-09 12:29:08.4843;729;None;;;;0.2689851;0.7616132;0.1078589;extension;0;;Moving to rest position;
8f4cdfd9-c6a5-4abe-9c92-0d36fb7e13b7;2025-05-09 12:29:08.4953;730;None;;;;0.2695058;0.7613173;0.1080081;extension;0;;Moving to rest position;
8f4cdfd9-c6a5-4abe-9c92-0d36fb7e13b7;2025-05-09 12:29:08.5062;731;None;;;;0.27008;0.7611036;0.10778;extension;0;;Moving to rest position;
8f4cdfd9-c6a5-4abe-9c92-0d36fb7e13b7;2025-05-09 12:29:08.5182;732;None;;;;0.2703764;0.7610439;0.1074266;extension;0;;Moving to rest position;
8f4cdfd9-c6a5-4abe-9c92-0d36fb7e13b7;2025-05-09 12:29:08.5292;733;None;;;;0.2707541;0.7609816;0.107136;extension;0;;Moving to rest position;
8f4cdfd9-c6a5-4abe-9c92-0d36fb7e13b7;2025-05-09 12:29:08.5402;734;None;;;;0.2710752;0.7607872;0.1066315;extension;0;;Moving to rest position;
8f4cdfd9-c6a5-4abe-9c92-0d36fb7e13b7;2025-05-09 12:29:08.5511;735;None;;;;0.2710437;0.7607945;0.106313;extension;0;;Moving to rest position;
8f4cdfd9-c6a5-4abe-9c92-0d36fb7e13b7;2025-05-09 12:29:08.5621;736;None;;;;0.2711498;0.7603915;0.1059067;extension;0;;Moving to rest position;
8f4cdfd9-c6a5-4abe-9c92-0d36fb7e13b7;2025-05-09 12:29:08.5731;737;None;;;;0.2711442;0.7602413;0.105381;extension;0;;Moving to rest position;
8f4cdfd9-c6a5-4abe-9c92-0d36fb7e13b7;2025-05-09 12:29:08.5845;738;None;;;;0.2713116;0.7602267;0.1050994;extension;0;;Moving to rest position;
8f4cdfd9-c6a5-4abe-9c92-0d36fb7e13b7;2025-05-09 12:29:08.5955;739;None;;;;0.2713531;0.760694;0.1046197;extension;0;;Moving to rest position;
8f4cdfd9-c6a5-4abe-9c92-0d36fb7e13b7;2025-05-09 12:29:08.6075;740;None;;;;0.2714719;0.7609619;0.1039455;extension;0;;Moving to rest position;
8f4cdfd9-c6a5-4abe-9c92-0d36fb7e13b7;2025-05-09 12:29:08.6185;741;None;;;;0.2720573;0.7611828;0.1033113;extension;0;;Moving to rest position;
8f4cdfd9-c6a5-4abe-9c92-0d36fb7e13b7;2025-05-09 12:29:08.6294;742;None;;;;0.2723575;0.7618998;0.1027384;extension;0;;Moving to rest position;
8f4cdfd9-c6a5-4abe-9c92-0d36fb7e13b7;2025-05-09 12:29:08.6404;743;None;;;;0.2725967;0.7629629;0.1021454;extension;0;;Moving to rest position;
8f4cdfd9-c6a5-4abe-9c92-0d36fb7e13b7;2025-05-09 12:29:08.6514;744;None;;;;0.2727899;0.7642006;0.1017034;extension;0;;Moving to rest position;
8f4cdfd9-c6a5-4abe-9c92-0d36fb7e13b7;2025-05-09 12:29:08.6633;745;None;;;;0.2728597;0.765559;0.1017425;extension;0;;Moving to rest position;
8f4cdfd9-c6a5-4abe-9c92-0d36fb7e13b7;2025-05-09 12:29:08.6743;746;None;;;;0.2730385;0.7665297;0.1017067;extension;0;;Moving to rest position;
8f4cdfd9-c6a5-4abe-9c92-0d36fb7e13b7;2025-05-09 12:29:08.6858;747;None;;;;0.273106;0.7676451;0.1018126;extension;0;;Moving to rest position;
8f4cdfd9-c6a5-4abe-9c92-0d36fb7e13b7;2025-05-09 12:29:08.6967;748;None;;;;0.2729388;0.7686722;0.1025672;extension;0;;Moving to rest position;
8f4cdfd9-c6a5-4abe-9c92-0d36fb7e13b7;2025-05-09 12:29:08.7077;749;None;;;;0.2729746;0.769555;0.1027672;extension;0;;Moving to rest position;
8f4cdfd9-c6a5-4abe-9c92-0d36fb7e13b7;2025-05-09 12:29:08.7187;750;None;;;;0.272881;0.7704532;0.1030347;extension;0;;Moving to rest position;
8f4cdfd9-c6a5-4abe-9c92-0d36fb7e13b7;2025-05-09 12:29:08.7297;751;None;;;;0.2727724;0.7718582;0.1031637;extension;0;;Moving to rest position;
8f4cdfd9-c6a5-4abe-9c92-0d36fb7e13b7;2025-05-09 12:29:08.7416;752;None;;;;0.2726601;0.7728629;0.1032193;extension;0;;Moving to rest position;
8f4cdfd9-c6a5-4abe-9c92-0d36fb7e13b7;2025-05-09 12:29:08.7526;753;None;;;;0.272537;0.7738155;0.1031146;extension;0;;Moving to rest position;
8f4cdfd9-c6a5-4abe-9c92-0d36fb7e13b7;2025-05-09 12:29:08.7636;754;None;;;;0.2725685;0.7749554;0.1026032;extension;0;;Moving to rest position;
8f4cdfd9-c6a5-4abe-9c92-0d36fb7e13b7;2025-05-09 12:29:08.7745;755;None;;;;0.2726861;0.7761019;0.1021807;extension;0;;Moving to rest position;
8f4cdfd9-c6a5-4abe-9c92-0d36fb7e13b7;2025-05-09 12:29:08.7860;756;None;;;;0.2730014;0.7771991;0.1018751;extension;0;;Moving to rest position;
8f4cdfd9-c6a5-4abe-9c92-0d36fb7e13b7;2025-05-09 12:29:08.7970;757;None;;;;0.2735418;0.7783833;0.1019132;extension;0;;Moving to rest position;
8f4cdfd9-c6a5-4abe-9c92-0d36fb7e13b7;2025-05-09 12:29:08.8080;758;None;;;;0.2743117;0.7794077;0.102073;extension;0;;Moving to rest position;
8f4cdfd9-c6a5-4abe-9c92-0d36fb7e13b7;2025-05-09 12:29:08.8189;759;None;;;;0.2753911;0.7800841;0.1022184;extension;0;;Moving to rest position;
8f4cdfd9-c6a5-4abe-9c92-0d36fb7e13b7;2025-05-09 12:29:08.8299;760;None;;;;0.275848;0.7806062;0.1027277;extension;0;;Moving to rest position;
8f4cdfd9-c6a5-4abe-9c92-0d36fb7e13b7;2025-05-09 12:29:08.8419;761;None;;;;0.2761056;0.7807142;0.1032565;extension;0;;Moving to rest position;
8f4cdfd9-c6a5-4abe-9c92-0d36fb7e13b7;2025-05-09 12:29:08.8523;762;None;;;;0.2760569;0.7808053;0.1035483;extension;0;;Moving to rest position;
8f4cdfd9-c6a5-4abe-9c92-0d36fb7e13b7;2025-05-09 12:29:08.8643;763;None;;;;0.2757763;0.7810369;0.1037805;extension;0;;Moving to rest position;
8f4cdfd9-c6a5-4abe-9c92-0d36fb7e13b7;2025-05-09 12:29:08.8753;764;None;;;;0.2753319;0.7809998;0.1036847;extension;0;;Moving to rest position;
8f4cdfd9-c6a5-4abe-9c92-0d36fb7e13b7;2025-05-09 12:29:08.8863;765;None;;;;0.2750708;0.7808768;0.1035666;extension;0;;Moving to rest position;
8f4cdfd9-c6a5-4abe-9c92-0d36fb7e13b7;2025-05-09 12:29:08.8972;766;None;;;;0.2742704;0.7808378;0.1030247;extension;0;;Moving to rest position;
8f4cdfd9-c6a5-4abe-9c92-0d36fb7e13b7;2025-05-09 12:29:08.9092;767;None;;;;0.273618;0.7806894;0.1027257;extension;0;;Moving to rest position;
8f4cdfd9-c6a5-4abe-9c92-0d36fb7e13b7;2025-05-09 12:29:08.9202;768;None;;;;0.2733004;0.7801709;0.1022458;extension;0;;Moving to rest position;
8f4cdfd9-c6a5-4abe-9c92-0d36fb7e13b7;2025-05-09 12:29:08.9311;769;None;;;;0.2725923;0.7800505;0.1017585;extension;0;;Moving to rest position;
8f4cdfd9-c6a5-4abe-9c92-0d36fb7e13b7;2025-05-09 12:29:08.9421;770;None;;;;0.271898;0.7797532;0.1013486;extension;0;;Moving to rest position;
8f4cdfd9-c6a5-4abe-9c92-0d36fb7e13b7;2025-05-09 12:29:08.9531;771;None;;;;0.2712893;0.7792177;0.1007855;extension;0;;Moving to rest position;
8f4cdfd9-c6a5-4abe-9c92-0d36fb7e13b7;2025-05-09 12:29:08.9641;772;None;;;;0.2705004;0.7790871;0.1003416;extension;0;;Moving to rest position;
8f4cdfd9-c6a5-4abe-9c92-0d36fb7e13b7;2025-05-09 12:29:08.9755;773;None;;;;0.2697563;0.7787538;0.09978557;extension;0;;Moving to rest position;
8f4cdfd9-c6a5-4abe-9c92-0d36fb7e13b7;2025-05-09 12:29:08.9865;774;None;;;;0.2689419;0.7783209;0.09891319;extension;0;;Moving to rest position;
8f4cdfd9-c6a5-4abe-9c92-0d36fb7e13b7;2025-05-09 12:29:08.9975;775;None;;;;0.2681828;0.7778465;0.09798646;extension;0;;Moving to rest position;
8f4cdfd9-c6a5-4abe-9c92-0d36fb7e13b7;2025-05-09 12:29:09.0094;776;None;;;;0.2676976;0.7772495;0.09715605;extension;0;;Moving to rest position;
8f4cdfd9-c6a5-4abe-9c92-0d36fb7e13b7;2025-05-09 12:29:09.0204;777;None;;;;0.2679023;0.7765198;0.09603024;extension;0;;Moving to rest position;
8f4cdfd9-c6a5-4abe-9c92-0d36fb7e13b7;2025-05-09 12:29:09.0323;778;None;;;;0.2682363;0.7764323;0.09538507;extension;0;;Moving to rest position;
8f4cdfd9-c6a5-4abe-9c92-0d36fb7e13b7;2025-05-09 12:29:09.0424;779;None;;;;0.2686567;0.7770197;0.09429097;extension;0;;Moving to rest position;
8f4cdfd9-c6a5-4abe-9c92-0d36fb7e13b7;2025-05-09 12:29:09.0533;780;None;;;;0.268792;0.777783;0.09349227;extension;0;;Moving to rest position;
8f4cdfd9-c6a5-4abe-9c92-0d36fb7e13b7;2025-05-09 12:29:09.0653;781;None;;;;0.2691326;0.7782445;0.09340048;extension;0;;Moving to rest position;
8f4cdfd9-c6a5-4abe-9c92-0d36fb7e13b7;2025-05-09 12:29:09.0758;782;None;;;;0.2692956;0.7789372;0.09325838;extension;0;;Moving to rest position;
8f4cdfd9-c6a5-4abe-9c92-0d36fb7e13b7;2025-05-09 12:29:09.0878;783;None;;;;0.2686411;0.7791951;0.09328532;extension;0;;Moving to rest position;
8f4cdfd9-c6a5-4abe-9c92-0d36fb7e13b7;2025-05-09 12:29:09.0987;784;None;;;;0.2684676;0.7787169;0.09409785;extension;0;;Moving to rest position;
8f4cdfd9-c6a5-4abe-9c92-0d36fb7e13b7;2025-05-09 12:29:09.1097;785;None;;;;0.2683027;0.7783093;0.09500432;extension;0;;Moving to rest position;
8f4cdfd9-c6a5-4abe-9c92-0d36fb7e13b7;2025-05-09 12:29:09.1207;786;None;;;;0.2678415;0.7776369;0.09608531;extension;0;;Moving to rest position;
8f4cdfd9-c6a5-4abe-9c92-0d36fb7e13b7;2025-05-09 12:29:09.1316;787;None;;;;0.2675132;0.7774334;0.09625316;extension;0;;Moving to rest position;
8f4cdfd9-c6a5-4abe-9c92-0d36fb7e13b7;2025-05-09 12:29:09.1431;788;None;;;;0.2667891;0.7769604;0.09660602;extension;0;;Moving to rest position;
8f4cdfd9-c6a5-4abe-9c92-0d36fb7e13b7;2025-05-09 12:29:09.1541;789;None;;;;0.2658793;0.7761856;0.09663773;extension;0;;Moving to rest position;
8f4cdfd9-c6a5-4abe-9c92-0d36fb7e13b7;2025-05-09 12:29:09.1661;790;None;;;;0.2645037;0.7753041;0.09594154;extension;0;;Moving to rest position;
8f4cdfd9-c6a5-4abe-9c92-0d36fb7e13b7;2025-05-09 12:29:09.1766;791;None;;;;0.2631087;0.7742659;0.09554315;extension;0;;Moving to rest position;
8f4cdfd9-c6a5-4abe-9c92-0d36fb7e13b7;2025-05-09 12:29:09.1875;792;None;;;;0.2619523;0.7732193;0.09498763;extension;0;;Moving to rest position;
8f4cdfd9-c6a5-4abe-9c92-0d36fb7e13b7;2025-05-09 12:29:09.1995;793;None;;;;0.2607296;0.7726576;0.09460974;extension;0;;Moving to rest position;
8f4cdfd9-c6a5-4abe-9c92-0d36fb7e13b7;2025-05-09 12:29:09.2105;794;None;;;;0.2598633;0.7723355;0.09421301;extension;0;;Moving to rest position;
8f4cdfd9-c6a5-4abe-9c92-0d36fb7e13b7;2025-05-09 12:29:09.2214;795;None;;;;0.2598002;0.7723129;0.0938468;extension;0;;Moving to rest position;
8f4cdfd9-c6a5-4abe-9c92-0d36fb7e13b7;2025-05-09 12:29:09.2334;796;None;;;;0.2601438;0.772644;0.09390044;extension;0;;Moving to rest position;
8f4cdfd9-c6a5-4abe-9c92-0d36fb7e13b7;2025-05-09 12:29:09.2434;797;None;;;;0.2609999;0.7730386;0.09382939;extension;0;;Moving to rest position;
8f4cdfd9-c6a5-4abe-9c92-0d36fb7e13b7;2025-05-09 12:29:09.2553;798;None;;;;0.2612514;0.77424;0.09425735;extension;0;;Moving to rest position;
8f4cdfd9-c6a5-4abe-9c92-0d36fb7e13b7;2025-05-09 12:29:09.2663;799;None;;;;0.2621667;0.7747915;0.0947144;extension;0;;Moving to rest position;
8f4cdfd9-c6a5-4abe-9c92-0d36fb7e13b7;2025-05-09 12:29:09.2773;800;None;;;;0.2629535;0.77549;0.09489584;extension;0;;Moving to rest position;
8f4cdfd9-c6a5-4abe-9c92-0d36fb7e13b7;2025-05-09 12:29:09.2883;801;None;;;;0.2631771;0.7766445;0.09574389;extension;0;;Moving to rest position;
8f4cdfd9-c6a5-4abe-9c92-0d36fb7e13b7;2025-05-09 12:29:09.3002;802;None;;;;0.2638185;0.7764604;0.09674549;extension;0;;Moving to rest position;
8f4cdfd9-c6a5-4abe-9c92-0d36fb7e13b7;2025-05-09 12:29:09.3112;803;None;;;;0.2642232;0.7763355;0.09749103;extension;0;;Moving to rest position;
8f4cdfd9-c6a5-4abe-9c92-0d36fb7e13b7;2025-05-09 12:29:09.3222;804;None;;;;0.2642295;0.7762728;0.09832907;extension;0;;Moving to rest position;
8f4cdfd9-c6a5-4abe-9c92-0d36fb7e13b7;2025-05-09 12:29:09.3332;805;None;;;;0.2640411;0.7761035;0.09867454;extension;0;;Moving to rest position;
8f4cdfd9-c6a5-4abe-9c92-0d36fb7e13b7;2025-05-09 12:29:09.3441;806;None;;;;0.2634853;0.7756579;0.09875369;extension;0;;Moving to rest position;
8f4cdfd9-c6a5-4abe-9c92-0d36fb7e13b7;2025-05-09 12:29:09.3551;807;None;;;;0.2628825;0.775381;0.09867716;extension;0;;Moving to rest position;
8f4cdfd9-c6a5-4abe-9c92-0d36fb7e13b7;2025-05-09 12:29:09.3671;808;None;;;;0.2621446;0.7754148;0.09758091;extension;0;;Moving to rest position;
8f4cdfd9-c6a5-4abe-9c92-0d36fb7e13b7;2025-05-09 12:29:09.3780;809;None;;;;0.2615486;0.7750129;0.0969069;extension;0;;Moving to rest position;
8f4cdfd9-c6a5-4abe-9c92-0d36fb7e13b7;2025-05-09 12:29:09.3890;810;None;;;;0.2618831;0.7746162;0.09640718;extension;0;;Moving to rest position;
8f4cdfd9-c6a5-4abe-9c92-0d36fb7e13b7;2025-05-09 12:29:09.4010;811;None;;;;0.2617087;0.7744147;0.09590125;extension;0;;Moving to rest position;
8f4cdfd9-c6a5-4abe-9c92-0d36fb7e13b7;2025-05-09 12:29:09.4109;812;None;;;;0.2618207;0.7741246;0.09602928;extension;0;;Moving to rest position;
8f4cdfd9-c6a5-4abe-9c92-0d36fb7e13b7;2025-05-09 12:29:09.4229;813;None;;;;0.2621582;0.7741979;0.0965116;extension;0;;Moving to rest position;
8f4cdfd9-c6a5-4abe-9c92-0d36fb7e13b7;2025-05-09 12:29:09.4339;814;None;;;;0.2623098;0.7740586;0.09660387;extension;0;;Moving to rest position;
8f4cdfd9-c6a5-4abe-9c92-0d36fb7e13b7;2025-05-09 12:29:09.4449;815;None;;;;0.2625296;0.7740937;0.09693503;extension;0;;Moving to rest position;
8f4cdfd9-c6a5-4abe-9c92-0d36fb7e13b7;2025-05-09 12:29:09.4558;816;None;;;;0.2623231;0.7746092;0.09746408;extension;0;;Moving to rest position;
8f4cdfd9-c6a5-4abe-9c92-0d36fb7e13b7;2025-05-09 12:29:09.4678;817;None;;;;0.2625128;0.7749324;0.09725714;extension;0;;Moving to rest position;
8f4cdfd9-c6a5-4abe-9c92-0d36fb7e13b7;2025-05-09 12:29:09.4788;818;None;;;;0.2625431;0.7751482;0.0969131;extension;0;;Moving to rest position;
8f4cdfd9-c6a5-4abe-9c92-0d36fb7e13b7;2025-05-09 12:29:09.4897;819;None;;;;0.2619925;0.7752419;0.09679341;extension;0;;Moving to rest position;
8f4cdfd9-c6a5-4abe-9c92-0d36fb7e13b7;2025-05-09 12:29:09.5007;820;None;;;;0.261618;0.77455;0.09676147;extension;0;;Moving to rest position;
8f4cdfd9-c6a5-4abe-9c92-0d36fb7e13b7;2025-05-09 12:29:09.5117;821;None;;;;0.261304;0.7738694;0.09661222;extension;0;;Moving to rest position;
8f4cdfd9-c6a5-4abe-9c92-0d36fb7e13b7;2025-05-09 12:29:09.5227;822;None;;;;0.2614294;0.7727448;0.09654665;extension;0;;Moving to rest position;
8f4cdfd9-c6a5-4abe-9c92-0d36fb7e13b7;2025-05-09 12:29:09.5336;823;None;;;;0.2611696;0.7721521;0.09648633;extension;0;;Moving to rest position;
8f4cdfd9-c6a5-4abe-9c92-0d36fb7e13b7;2025-05-09 12:29:09.5456;824;None;;;;0.2608159;0.7717665;0.09623361;extension;0;;Moving to rest position;
8f4cdfd9-c6a5-4abe-9c92-0d36fb7e13b7;2025-05-09 12:29:09.5566;825;None;;;;0.2601666;0.7716286;0.09624624;extension;0;;Moving to rest position;
8f4cdfd9-c6a5-4abe-9c92-0d36fb7e13b7;2025-05-09 12:29:09.5675;826;None;;;;0.2597999;0.7713065;0.09582233;extension;0;;Moving to rest position;
8f4cdfd9-c6a5-4abe-9c92-0d36fb7e13b7;2025-05-09 12:29:09.5785;827;None;;;;0.2595685;0.7706143;0.09579992;extension;0;;Moving to rest position;
8f4cdfd9-c6a5-4abe-9c92-0d36fb7e13b7;2025-05-09 12:29:09.5905;828;None;;;;0.2597435;0.7699634;0.09657788;extension;0;;Moving to rest position;
8f4cdfd9-c6a5-4abe-9c92-0d36fb7e13b7;2025-05-09 12:29:09.6014;829;None;;;;0.2599029;0.7691514;0.0970192;extension;0;;Moving to rest position;
8f4cdfd9-c6a5-4abe-9c92-0d36fb7e13b7;2025-05-09 12:29:09.6124;830;None;;;;0.2602148;0.7682482;0.09771609;extension;0;;Moving to rest position;
8f4cdfd9-c6a5-4abe-9c92-0d36fb7e13b7;2025-05-09 12:29:09.6234;831;None;;;;0.2609781;0.7673569;0.09894705;extension;0;;Moving to rest position;
8f4cdfd9-c6a5-4abe-9c92-0d36fb7e13b7;2025-05-09 12:29:09.6353;832;None;;;;0.2615555;0.7664627;0.1000848;extension;0;;Moving to rest position;
8f4cdfd9-c6a5-4abe-9c92-0d36fb7e13b7;2025-05-09 12:29:09.6458;833;None;;;;0.262054;0.7655133;0.1013532;extension;0;;Moving to rest position;
8f4cdfd9-c6a5-4abe-9c92-0d36fb7e13b7;2025-05-09 12:29:09.6568;834;None;;;;0.2622243;0.7645838;0.1025472;extension;0;;Moving to rest position;
8f4cdfd9-c6a5-4abe-9c92-0d36fb7e13b7;2025-05-09 12:29:09.6678;835;None;;;;0.2626396;0.7638116;0.1038008;extension;0;;Moving to rest position;
8f4cdfd9-c6a5-4abe-9c92-0d36fb7e13b7;2025-05-09 12:29:09.6797;836;None;;;;0.2629753;0.7629554;0.1049395;extension;0;;Moving to rest position;
8f4cdfd9-c6a5-4abe-9c92-0d36fb7e13b7;2025-05-09 12:29:09.6907;837;None;;;;0.2631361;0.762285;0.1062498;extension;0;;Moving to rest position;
8f4cdfd9-c6a5-4abe-9c92-0d36fb7e13b7;2025-05-09 12:29:09.7017;838;None;;;;0.2635475;0.7616102;0.1075451;extension;0;;Moving to rest position;
8f4cdfd9-c6a5-4abe-9c92-0d36fb7e13b7;2025-05-09 12:29:09.7127;839;None;;;;0.2641035;0.7609882;0.1089687;extension;0;;Moving to rest position;
8f4cdfd9-c6a5-4abe-9c92-0d36fb7e13b7;2025-05-09 12:29:09.7236;840;None;;;;0.2647262;0.7606781;0.1108019;extension;0;;Moving to rest position;
8f4cdfd9-c6a5-4abe-9c92-0d36fb7e13b7;2025-05-09 12:29:09.7356;841;None;;;;0.2656819;0.760403;0.1126206;extension;0;;Moving to rest position;
8f4cdfd9-c6a5-4abe-9c92-0d36fb7e13b7;2025-05-09 12:29:09.7466;842;None;;;;0.2666111;0.7599421;0.1145918;extension;0;;Moving to rest position;
8f4cdfd9-c6a5-4abe-9c92-0d36fb7e13b7;2025-05-09 12:29:09.7575;843;None;;;;0.2676851;0.759241;0.1171579;extension;0;;Moving to rest position;
8f4cdfd9-c6a5-4abe-9c92-0d36fb7e13b7;2025-05-09 12:29:09.7685;844;None;;;;0.2686444;0.7582693;0.1195719;extension;0;;Moving to rest position;
8f4cdfd9-c6a5-4abe-9c92-0d36fb7e13b7;2025-05-09 12:29:09.7795;845;None;;;;0.2697909;0.7567428;0.1218133;extension;0;;Moving to rest position;
8f4cdfd9-c6a5-4abe-9c92-0d36fb7e13b7;2025-05-09 12:29:09.7914;846;None;;;;0.2711822;0.7549995;0.1242027;extension;0;;Moving to rest position;
8f4cdfd9-c6a5-4abe-9c92-0d36fb7e13b7;2025-05-09 12:29:09.8024;847;None;;;;0.272096;0.7532172;0.1265502;extension;0;;Moving to rest position;
8f4cdfd9-c6a5-4abe-9c92-0d36fb7e13b7;2025-05-09 12:29:09.8134;848;None;;;;0.2729909;0.751367;0.1283796;extension;0;;Moving to rest position;
8f4cdfd9-c6a5-4abe-9c92-0d36fb7e13b7;2025-05-09 12:29:09.8244;849;None;;;;0.2737656;0.7491275;0.1298842;extension;0;;Moving to rest position;
8f4cdfd9-c6a5-4abe-9c92-0d36fb7e13b7;2025-05-09 12:29:09.8363;850;None;;;;0.2743065;0.7471825;0.1309705;extension;0;;Moving to rest position;
8f4cdfd9-c6a5-4abe-9c92-0d36fb7e13b7;2025-05-09 12:29:09.8473;851;None;;;;0.2742805;0.7449375;0.1316254;extension;0;;Moving to rest position;
8f4cdfd9-c6a5-4abe-9c92-0d36fb7e13b7;2025-05-09 12:29:09.8583;852;None;;;;0.2743951;0.7426622;0.132437;extension;0;;Moving to rest position;
8f4cdfd9-c6a5-4abe-9c92-0d36fb7e13b7;2025-05-09 12:29:09.8692;853;None;;;;0.273773;0.7404288;0.1329808;extension;0;;Moving to rest position;
8f4cdfd9-c6a5-4abe-9c92-0d36fb7e13b7;2025-05-09 12:29:09.8802;854;None;;;;0.2723259;0.7380517;0.133081;extension;0;;Moving to rest position;
8f4cdfd9-c6a5-4abe-9c92-0d36fb7e13b7;2025-05-09 12:29:09.8917;855;None;;;;0.2714138;0.7355946;0.1326299;extension;0;;Moving to rest position;
8f4cdfd9-c6a5-4abe-9c92-0d36fb7e13b7;2025-05-09 12:29:09.9026;856;None;;;;0.2702117;0.7336379;0.1328011;extension;0;;Moving to rest position;
8f4cdfd9-c6a5-4abe-9c92-0d36fb7e13b7;2025-05-09 12:29:09.9136;857;None;;;;0.2690747;0.7320671;0.1323647;extension;0;;Moving to rest position;
8f4cdfd9-c6a5-4abe-9c92-0d36fb7e13b7;2025-05-09 12:29:09.9246;858;None;;;;0.2690006;0.7302806;0.131799;extension;0;;Moving to rest position;
8f4cdfd9-c6a5-4abe-9c92-0d36fb7e13b7;2025-05-09 12:29:09.9366;859;None;;;;0.2684172;0.7288084;0.1319828;extension;0;;Moving to rest position;
8f4cdfd9-c6a5-4abe-9c92-0d36fb7e13b7;2025-05-09 12:29:09.9475;860;None;;;;0.2683449;0.7277594;0.1318541;extension;0;;Moving to rest position;
8f4cdfd9-c6a5-4abe-9c92-0d36fb7e13b7;2025-05-09 12:29:09.9585;861;None;;;;0.2679366;0.727089;0.1322525;extension;0;;Moving to rest position;
8f4cdfd9-c6a5-4abe-9c92-0d36fb7e13b7;2025-05-09 12:29:09.9705;862;None;;;;0.2677877;0.7257164;0.1331179;extension;0;;Moving to rest position;
8f4cdfd9-c6a5-4abe-9c92-0d36fb7e13b7;2025-05-09 12:29:09.9804;863;None;;;;0.2678823;0.724569;0.1334741;extension;0;;Moving to rest position;
8f4cdfd9-c6a5-4abe-9c92-0d36fb7e13b7;2025-05-09 12:29:09.9924;864;None;;;;0.2673633;0.723889;0.1341708;extension;0;;Moving to rest position;
8f4cdfd9-c6a5-4abe-9c92-0d36fb7e13b7;2025-05-09 12:29:10.0034;865;None;;;;0.2673863;0.7227269;0.1348536;extension;0;;Moving to rest position;
8f4cdfd9-c6a5-4abe-9c92-0d36fb7e13b7;2025-05-09 12:29:10.0143;866;None;;;;0.2671659;0.7219574;0.1350119;extension;0;;Moving to rest position;
8f4cdfd9-c6a5-4abe-9c92-0d36fb7e13b7;2025-05-09 12:29:10.0253;867;None;;;;0.2671793;0.7212172;0.1349168;extension;0;;Moving to rest position;
8f4cdfd9-c6a5-4abe-9c92-0d36fb7e13b7;2025-05-09 12:29:10.0363;868;None;;;;0.2670429;0.7205787;0.1346307;extension;0;;Moving to rest position;
8f4cdfd9-c6a5-4abe-9c92-0d36fb7e13b7;2025-05-09 12:29:10.0483;869;None;;;;0.2667193;0.7199851;0.1342196;extension;0;;Moving to rest position;
8f4cdfd9-c6a5-4abe-9c92-0d36fb7e13b7;2025-05-09 12:29:10.0592;870;None;;;;0.266188;0.7194816;0.1337404;extension;0;;Moving to rest position;
8f4cdfd9-c6a5-4abe-9c92-0d36fb7e13b7;2025-05-09 12:29:10.0702;871;None;;;;0.2656877;0.7187896;0.1333094;extension;0;;Moving to rest position;
8f4cdfd9-c6a5-4abe-9c92-0d36fb7e13b7;2025-05-09 12:29:10.0817;872;None;;;;0.2651085;0.7182411;0.1326706;extension;0;;Moving to rest position;
8f4cdfd9-c6a5-4abe-9c92-0d36fb7e13b7;2025-05-09 12:29:10.0926;873;None;;;;0.264616;0.7179168;0.1320357;extension;0;;Moving to rest position;
8f4cdfd9-c6a5-4abe-9c92-0d36fb7e13b7;2025-05-09 12:29:10.1036;874;None;;;;0.264168;0.717312;0.1311941;extension;0;;Moving to rest position;
8f4cdfd9-c6a5-4abe-9c92-0d36fb7e13b7;2025-05-09 12:29:10.1156;875;None;;;;0.2637587;0.7169933;0.1306162;extension;0;;Moving to rest position;
8f4cdfd9-c6a5-4abe-9c92-0d36fb7e13b7;2025-05-09 12:29:10.1266;876;None;;;;0.2633483;0.7168925;0.1303773;extension;0;;Moving to rest position;
8f4cdfd9-c6a5-4abe-9c92-0d36fb7e13b7;2025-05-09 12:29:10.1375;877;None;;;;0.2632377;0.7166202;0.1297863;extension;0;;Moving to rest position;
8f4cdfd9-c6a5-4abe-9c92-0d36fb7e13b7;2025-05-09 12:29:10.1485;878;None;;;;0.2631241;0.7163339;0.1294739;extension;0;;Moving to rest position;
8f4cdfd9-c6a5-4abe-9c92-0d36fb7e13b7;2025-05-09 12:29:10.1595;879;None;;;;0.2631595;0.7163079;0.1295514;extension;0;;Moving to rest position;
8f4cdfd9-c6a5-4abe-9c92-0d36fb7e13b7;2025-05-09 12:29:10.1704;880;None;;;;0.2633355;0.715939;0.1294053;extension;0;;Moving to rest position;
8f4cdfd9-c6a5-4abe-9c92-0d36fb7e13b7;2025-05-09 12:29:10.1819;881;None;;;;0.2635582;0.7158194;0.1292362;extension;0;;Moving to rest position;
8f4cdfd9-c6a5-4abe-9c92-0d36fb7e13b7;2025-05-09 12:29:10.1929;882;None;;;;0.2635071;0.7160058;0.129271;extension;0;;Moving to rest position;
8f4cdfd9-c6a5-4abe-9c92-0d36fb7e13b7;2025-05-09 12:29:10.2039;883;None;;;;0.2637967;0.7161319;0.1287148;extension;0;;Moving to rest position;
8f4cdfd9-c6a5-4abe-9c92-0d36fb7e13b7;2025-05-09 12:29:10.2158;884;None;;;;0.2640195;0.7160999;0.1284673;extension;0;;Moving to rest position;
8f4cdfd9-c6a5-4abe-9c92-0d36fb7e13b7;2025-05-09 12:29:10.2268;885;None;;;;0.264311;0.716172;0.128355;extension;0;;Moving to rest position;
8f4cdfd9-c6a5-4abe-9c92-0d36fb7e13b7;2025-05-09 12:29:10.2378;886;None;;;;0.2645706;0.7159346;0.1277902;extension;0;;Moving to rest position;
8f4cdfd9-c6a5-4abe-9c92-0d36fb7e13b7;2025-05-09 12:29:10.2487;887;None;;;;0.2647016;0.7158562;0.1276438;extension;0;;Moving to rest position;
8f4cdfd9-c6a5-4abe-9c92-0d36fb7e13b7;2025-05-09 12:29:10.2597;888;None;;;;0.2647747;0.7156414;0.1273911;extension;0;;Moving to rest position;
8f4cdfd9-c6a5-4abe-9c92-0d36fb7e13b7;2025-05-09 12:29:10.2717;889;None;;;;0.2649004;0.7153673;0.1270061;extension;0;;Moving to rest position;
8f4cdfd9-c6a5-4abe-9c92-0d36fb7e13b7;2025-05-09 12:29:10.2832;890;None;;;;0.2651043;0.7150831;0.1268189;extension;0;;Moving to rest position;
8f4cdfd9-c6a5-4abe-9c92-0d36fb7e13b7;2025-05-09 12:29:10.2941;891;None;;;;0.2651389;0.7146178;0.1264651;extension;0;;Moving to rest position;
8f4cdfd9-c6a5-4abe-9c92-0d36fb7e13b7;2025-05-09 12:29:10.3051;892;None;;;;0.2650996;0.7142466;0.1262393;extension;0;;Moving to rest position;
8f4cdfd9-c6a5-4abe-9c92-0d36fb7e13b7;2025-05-09 12:29:10.3161;893;None;;;;0.2650238;0.7139801;0.1261656;extension;0;;Moving to rest position;
8f4cdfd9-c6a5-4abe-9c92-0d36fb7e13b7;2025-05-09 12:29:10.3270;894;None;;;;0.2649494;0.7136499;0.1259851;extension;0;;Moving to rest position;
8f4cdfd9-c6a5-4abe-9c92-0d36fb7e13b7;2025-05-09 12:29:10.3380;895;None;;;;0.2648596;0.7134236;0.1256578;extension;0;;Moving to rest position;
8f4cdfd9-c6a5-4abe-9c92-0d36fb7e13b7;2025-05-09 12:29:10.3500;896;None;;;;0.2647601;0.7131531;0.1254668;extension;0;;Moving to rest position;
8f4cdfd9-c6a5-4abe-9c92-0d36fb7e13b7;2025-05-09 12:29:10.3609;897;None;;;;0.2646188;0.7130615;0.1254387;extension;0;;Moving to rest position;
8f4cdfd9-c6a5-4abe-9c92-0d36fb7e13b7;2025-05-09 12:29:10.3719;898;None;;;;0.2645727;0.7128148;0.1253886;extension;0;;Moving to rest position;
8f4cdfd9-c6a5-4abe-9c92-0d36fb7e13b7;2025-05-09 12:29:10.3834;899;None;;;;0.2646086;0.712671;0.1251998;extension;0;;Moving to rest position;
8f4cdfd9-c6a5-4abe-9c92-0d36fb7e13b7;2025-05-09 12:29:10.3944;900;None;;;;0.2648256;0.7128273;0.1251473;extension;0;;Moving to rest position;
8f4cdfd9-c6a5-4abe-9c92-0d36fb7e13b7;2025-05-09 12:29:10.4053;901;None;;;;0.2650116;0.7126937;0.1247761;extension;0;;Moving to rest position;
8f4cdfd9-c6a5-4abe-9c92-0d36fb7e13b7;2025-05-09 12:29:10.4163;902;None;;;;0.2650696;0.7127812;0.1246684;extension;0;;Moving to rest position;
8f4cdfd9-c6a5-4abe-9c92-0d36fb7e13b7;2025-05-09 12:29:10.4273;903;None;;;;0.26531;0.712781;0.1245618;extension;0;;Moving to rest position;
8f4cdfd9-c6a5-4abe-9c92-0d36fb7e13b7;2025-05-09 12:29:10.4392;904;None;;;;0.2655107;0.7125887;0.1245115;extension;0;;Moving to rest position;
8f4cdfd9-c6a5-4abe-9c92-0d36fb7e13b7;2025-05-09 12:29:10.4502;905;None;;;;0.2656705;0.7125714;0.1244171;extension;0;;Moving to rest position;
8f4cdfd9-c6a5-4abe-9c92-0d36fb7e13b7;2025-05-09 12:29:10.4612;906;None;;;;0.2659822;0.7126032;0.1243939;extension;0;;Moving to rest position;
8f4cdfd9-c6a5-4abe-9c92-0d36fb7e13b7;2025-05-09 12:29:10.4722;907;None;;;;0.2661405;0.7125641;0.1241951;extension;0;;Moving to rest position;
8f4cdfd9-c6a5-4abe-9c92-0d36fb7e13b7;2025-05-09 12:29:10.4846;908;None;;;;0.2659786;0.7128116;0.1243963;extension;0;;Moving to rest position;
8f4cdfd9-c6a5-4abe-9c92-0d36fb7e13b7;2025-05-09 12:29:10.4946;909;None;;;;0.265998;0.7127688;0.1243153;extension;0;;Moving to rest position;
8f4cdfd9-c6a5-4abe-9c92-0d36fb7e13b7;2025-05-09 12:29:10.5056;910;None;;;;0.2660177;0.7125735;0.1240408;extension;0;;Moving to rest position;
8f4cdfd9-c6a5-4abe-9c92-0d36fb7e13b7;2025-05-09 12:29:10.5176;911;None;;;;0.2660369;0.712552;0.1240366;extension;0;;Moving to rest position;
8f4cdfd9-c6a5-4abe-9c92-0d36fb7e13b7;2025-05-09 12:29:10.5285;912;None;;;;0.2659039;0.7124562;0.1240103;extension;0;;Moving to rest position;
8f4cdfd9-c6a5-4abe-9c92-0d36fb7e13b7;2025-05-09 12:29:10.5395;913;None;;;;0.265865;0.71229;0.1238306;extension;0;;Moving to rest position;
8f4cdfd9-c6a5-4abe-9c92-0d36fb7e13b7;2025-05-09 12:29:10.5505;914;None;;;;0.2660086;0.7122108;0.1238265;extension;0;;Moving to rest position;
8f4cdfd9-c6a5-4abe-9c92-0d36fb7e13b7;2025-05-09 12:29:10.5619;915;None;;;;0.2659289;0.7121708;0.1238124;extension;0;;Moving to rest position;
8f4cdfd9-c6a5-4abe-9c92-0d36fb7e13b7;2025-05-09 12:29:10.5729;916;None;;;;0.2658559;0.7119212;0.1239288;extension;0;;Moving to rest position;
8f4cdfd9-c6a5-4abe-9c92-0d36fb7e13b7;2025-05-09 12:29:10.5839;917;None;;;;0.265923;0.7119156;0.124006;extension;0;;Moving to rest position;
8f4cdfd9-c6a5-4abe-9c92-0d36fb7e13b7;2025-05-09 12:29:10.5949;918;None;;;;0.2659729;0.7118336;0.1237135;extension;0;;Moving to rest position;
8f4cdfd9-c6a5-4abe-9c92-0d36fb7e13b7;2025-05-09 12:29:10.6068;919;None;;;;0.265974;0.7117954;0.1237597;extension;0;;Moving to rest position;
8f4cdfd9-c6a5-4abe-9c92-0d36fb7e13b7;2025-05-09 12:29:10.6178;920;None;;;;0.2660773;0.7118369;0.1239142;extension;0;;Moving to rest position;
8f4cdfd9-c6a5-4abe-9c92-0d36fb7e13b7;2025-05-09 12:29:10.6288;921;None;;;;0.2661071;0.7117932;0.1239433;extension;0;;Moving to rest position;
8f4cdfd9-c6a5-4abe-9c92-0d36fb7e13b7;2025-05-09 12:29:10.6407;922;None;;;;0.2661073;0.711821;0.124002;extension;0;;Moving to rest position;
8f4cdfd9-c6a5-4abe-9c92-0d36fb7e13b7;2025-05-09 12:29:10.6517;923;None;;;;0.2658968;0.7119398;0.1241643;extension;0;;Moving to rest position;
8f4cdfd9-c6a5-4abe-9c92-0d36fb7e13b7;2025-05-09 12:29:10.6617;924;None;;;;0.2659611;0.7118517;0.123925;extension;0;;Moving to rest position;
8f4cdfd9-c6a5-4abe-9c92-0d36fb7e13b7;2025-05-09 12:29:10.6736;925;None;;;;0.2659553;0.7118499;0.1238959;extension;0;;Moving to rest position;
8f4cdfd9-c6a5-4abe-9c92-0d36fb7e13b7;2025-05-09 12:29:10.6851;926;None;;;;0.265763;0.7119837;0.1239579;extension;0;;Moving to rest position;
8f4cdfd9-c6a5-4abe-9c92-0d36fb7e13b7;2025-05-09 12:29:10.6961;927;None;;;;0.2656864;0.7120661;0.1241593;extension;0;;Moving to rest position;
8f4cdfd9-c6a5-4abe-9c92-0d36fb7e13b7;2025-05-09 12:29:10.7071;928;None;;;;0.265667;0.7120907;0.1241345;extension;0;;Moving to rest position;
8f4cdfd9-c6a5-4abe-9c92-0d36fb7e13b7;2025-05-09 12:29:10.7180;929;None;;;;0.2657623;0.7121319;0.1241534;extension;0;;Moving to rest position;
8f4cdfd9-c6a5-4abe-9c92-0d36fb7e13b7;2025-05-09 12:29:10.7290;930;None;;;;0.2657714;0.7121495;0.1241124;extension;0;;Moving to rest position;
8f4cdfd9-c6a5-4abe-9c92-0d36fb7e13b7;2025-05-09 12:29:10.7410;931;None;;;;0.2657607;0.712145;0.1241131;extension;0;;Moving to rest position;
8f4cdfd9-c6a5-4abe-9c92-0d36fb7e13b7;2025-05-09 12:29:10.7520;932;None;;;;0.2654775;0.7124075;0.1243105;extension;0;;Moving to rest position;
8f4cdfd9-c6a5-4abe-9c92-0d36fb7e13b7;2025-05-09 12:29:10.7629;933;None;;;;0.2654567;0.7124971;0.1240125;extension;0;;Moving to rest position;
8f4cdfd9-c6a5-4abe-9c92-0d36fb7e13b7;2025-05-09 12:29:10.7739;934;None;;;;0.2653685;0.7126616;0.1239264;extension;0;;Moving to rest position;
8f4cdfd9-c6a5-4abe-9c92-0d36fb7e13b7;2025-05-09 12:29:10.7854;935;None;;;;0.2654281;0.7129097;0.123806;extension;0;;Moving to rest position;
8f4cdfd9-c6a5-4abe-9c92-0d36fb7e13b7;2025-05-09 12:29:10.7963;936;None;;;;0.2652963;0.7131367;0.1236339;extension;0;;Moving to rest position;
8f4cdfd9-c6a5-4abe-9c92-0d36fb7e13b7;2025-05-09 12:29:10.8073;937;None;;;;0.2651536;0.7134782;0.1235878;extension;0;;Moving to rest position;
8f4cdfd9-c6a5-4abe-9c92-0d36fb7e13b7;2025-05-09 12:29:10.8183;938;None;;;;0.2649651;0.7139754;0.1236982;extension;0;;Moving to rest position;
8f4cdfd9-c6a5-4abe-9c92-0d36fb7e13b7;2025-05-09 12:29:10.8303;939;None;;;;0.2647691;0.7144176;0.1239398;extension;0;;Moving to rest position;
8f4cdfd9-c6a5-4abe-9c92-0d36fb7e13b7;2025-05-09 12:29:10.8412;940;None;;;;0.2646519;0.7146947;0.1240304;extension;0;;Moving to rest position;
8f4cdfd9-c6a5-4abe-9c92-0d36fb7e13b7;2025-05-09 12:29:10.8522;941;None;;;;0.2645541;0.7148571;0.1241238;extension;0;;Moving to rest position;
8f4cdfd9-c6a5-4abe-9c92-0d36fb7e13b7;2025-05-09 12:29:10.8632;942;None;;;;0.2644619;0.7149615;0.124228;extension;0;;Moving to rest position;
8f4cdfd9-c6a5-4abe-9c92-0d36fb7e13b7;2025-05-09 12:29:10.8741;943;None;;;;0.2643625;0.7150822;0.1243353;extension;0;;Moving to rest position;
8f4cdfd9-c6a5-4abe-9c92-0d36fb7e13b7;2025-05-09 12:29:10.8856;944;None;;;;0.2642412;0.7150669;0.1243644;extension;0;;Moving to rest position;
8f4cdfd9-c6a5-4abe-9c92-0d36fb7e13b7;2025-05-09 12:29:10.8966;945;None;;;;0.2641798;0.714763;0.1245296;extension;0;;Moving to rest position;
8f4cdfd9-c6a5-4abe-9c92-0d36fb7e13b7;2025-05-09 12:29:10.9076;946;None;;;;0.264121;0.7146767;0.1245153;extension;0;;Moving to rest position;
8f4cdfd9-c6a5-4abe-9c92-0d36fb7e13b7;2025-05-09 12:29:10.9195;947;None;;;;0.2638322;0.7145319;0.1244578;extension;0;;Moving to rest position;
8f4cdfd9-c6a5-4abe-9c92-0d36fb7e13b7;2025-05-09 12:29:10.9305;948;None;;;;0.2638164;0.7142919;0.1239502;extension;0;;Moving to rest position;
8f4cdfd9-c6a5-4abe-9c92-0d36fb7e13b7;2025-05-09 12:29:10.9415;949;None;;;;0.2637302;0.7140546;0.1237886;extension;0;;Moving to rest position;
8f4cdfd9-c6a5-4abe-9c92-0d36fb7e13b7;2025-05-09 12:29:10.9524;950;None;;;;0.263656;0.713757;0.123575;extension;0;;Moving to rest position;
8f4cdfd9-c6a5-4abe-9c92-0d36fb7e13b7;2025-05-09 12:29:10.9634;951;None;;;;0.2635892;0.7133529;0.1235199;extension;0;;Moving to rest position;
8f4cdfd9-c6a5-4abe-9c92-0d36fb7e13b7;2025-05-09 12:29:10.9754;952;None;;;;0.2635142;0.7131213;0.1234286;extension;0;;Moving to rest position;
8f4cdfd9-c6a5-4abe-9c92-0d36fb7e13b7;2025-05-09 12:29:10.9858;953;None;;;;0.2636477;0.7128325;0.1233151;extension;0;;Moving to rest position;
8f4cdfd9-c6a5-4abe-9c92-0d36fb7e13b7;2025-05-09 12:29:10.9978;954;None;;;;0.2636505;0.712857;0.1232214;extension;0;;Moving to rest position;
8f4cdfd9-c6a5-4abe-9c92-0d36fb7e13b7;2025-05-09 12:29:11.0088;955;None;;;;0.2636598;0.7127746;0.1232708;extension;0;;Moving to rest position;
8f4cdfd9-c6a5-4abe-9c92-0d36fb7e13b7;2025-05-09 12:29:11.0198;956;None;;;;0.2634929;0.7127885;0.1234229;extension;0;;Moving to rest position;
8f4cdfd9-c6a5-4abe-9c92-0d36fb7e13b7;2025-05-09 12:29:11.0307;957;None;;;;0.263568;0.7128227;0.1236467;extension;0;;Moving to rest position;
8f4cdfd9-c6a5-4abe-9c92-0d36fb7e13b7;2025-05-09 12:29:11.0417;958;None;;;;0.2636485;0.7127753;0.1237614;extension;0;;Moving to rest position;
8f4cdfd9-c6a5-4abe-9c92-0d36fb7e13b7;2025-05-09 12:29:11.0537;959;None;;;;0.2637242;0.7128053;0.1239634;extension;0;;Moving to rest position;
8f4cdfd9-c6a5-4abe-9c92-0d36fb7e13b7;2025-05-09 12:29:11.0646;960;None;;;;0.2638211;0.7129185;0.1241138;extension;0;;Moving to rest position;
8f4cdfd9-c6a5-4abe-9c92-0d36fb7e13b7;2025-05-09 12:29:11.0756;961;None;;;;0.2639464;0.7128656;0.1242166;extension;0;;Moving to rest position;
8f4cdfd9-c6a5-4abe-9c92-0d36fb7e13b7;2025-05-09 12:29:11.0871;962;None;;;;0.2639074;0.7128959;0.1243911;extension;0;;Moving to rest position;
8f4cdfd9-c6a5-4abe-9c92-0d36fb7e13b7;2025-05-09 12:29:11.0981;963;None;;;;0.2640933;0.7127098;0.1242714;extension;0;;Moving to rest position;
8f4cdfd9-c6a5-4abe-9c92-0d36fb7e13b7;2025-05-09 12:29:11.1090;964;None;;;;0.2642133;0.712658;0.1243269;extension;0;;Moving to rest position;
8f4cdfd9-c6a5-4abe-9c92-0d36fb7e13b7;2025-05-09 12:29:11.1200;965;None;;;;0.2641677;0.7127317;0.1244936;extension;0;;Moving to rest position;
8f4cdfd9-c6a5-4abe-9c92-0d36fb7e13b7;2025-05-09 12:29:11.1320;966;None;;;;0.2642887;0.7122248;0.1245694;extension;0;;Moving to rest position;
8f4cdfd9-c6a5-4abe-9c92-0d36fb7e13b7;2025-05-09 12:29:11.1429;967;None;;;;0.2643678;0.7120999;0.1246095;extension;0;;Moving to rest position;
8f4cdfd9-c6a5-4abe-9c92-0d36fb7e13b7;2025-05-09 12:29:11.1534;968;None;;;;0.2647096;0.7119179;0.1246336;extension;0;;Moving to rest position;
8f4cdfd9-c6a5-4abe-9c92-0d36fb7e13b7;2025-05-09 12:29:11.1649;969;None;;;;0.2647945;0.7118345;0.1244006;extension;0;;Moving to rest position;
8f4cdfd9-c6a5-4abe-9c92-0d36fb7e13b7;2025-05-09 12:29:11.1759;970;None;;;;0.2648341;0.7117388;0.1244106;extension;0;;Moving to rest position;
8f4cdfd9-c6a5-4abe-9c92-0d36fb7e13b7;2025-05-09 12:29:11.1878;971;None;;;;0.2650118;0.7116375;0.1244059;extension;0;;Moving to rest position;
8f4cdfd9-c6a5-4abe-9c92-0d36fb7e13b7;2025-05-09 12:29:11.1988;972;None;;;;0.2650399;0.7115468;0.1245084;extension;0;;Moving to rest position;
8f4cdfd9-c6a5-4abe-9c92-0d36fb7e13b7;2025-05-09 12:29:11.2098;973;None;;;;0.2651087;0.7114685;0.1245091;extension;0;;Moving to rest position;
8f4cdfd9-c6a5-4abe-9c92-0d36fb7e13b7;2025-05-09 12:29:11.2207;974;None;;;;0.2649962;0.7114238;0.1245039;extension;0;;Moving to rest position;
8f4cdfd9-c6a5-4abe-9c92-0d36fb7e13b7;2025-05-09 12:29:11.2322;975;None;;;;0.2650506;0.7114125;0.1246154;extension;0;;Moving to rest position;
8f4cdfd9-c6a5-4abe-9c92-0d36fb7e13b7;2025-05-09 12:29:11.2432;976;None;;;;0.2651474;0.7113299;0.1245897;extension;0;;Moving to rest position;
8f4cdfd9-c6a5-4abe-9c92-0d36fb7e13b7;2025-05-09 12:29:11.2542;977;None;;;;0.265328;0.7112888;0.1245894;extension;0;;Moving to rest position;
8f4cdfd9-c6a5-4abe-9c92-0d36fb7e13b7;2025-05-09 12:29:11.2661;978;None;;;;0.2654863;0.7110758;0.1244311;extension;0;;Moving to rest position;
8f4cdfd9-c6a5-4abe-9c92-0d36fb7e13b7;2025-05-09 12:29:11.2771;979;None;;;;0.2656326;0.7109804;0.1243191;extension;0;;Moving to rest position;
8f4cdfd9-c6a5-4abe-9c92-0d36fb7e13b7;2025-05-09 12:29:11.2881;980;None;;;;0.2656022;0.7109724;0.1242826;extension;0;;Moving to rest position;
8f4cdfd9-c6a5-4abe-9c92-0d36fb7e13b7;2025-05-09 12:29:11.2990;981;None;;;;0.2657659;0.710903;0.1241415;extension;0;;Moving to rest position;
8f4cdfd9-c6a5-4abe-9c92-0d36fb7e13b7;2025-05-09 12:29:11.3100;982;None;;;;0.265896;0.7108382;0.1240098;extension;0;;Moving to rest position;
8f4cdfd9-c6a5-4abe-9c92-0d36fb7e13b7;2025-05-09 12:29:11.3220;983;None;;;;0.2659525;0.7108493;0.1239119;extension;0;;Moving to rest position;
8f4cdfd9-c6a5-4abe-9c92-0d36fb7e13b7;2025-05-09 12:29:11.3329;984;None;;;;0.266124;0.7106954;0.1234488;extension;0;;Moving to rest position;
8f4cdfd9-c6a5-4abe-9c92-0d36fb7e13b7;2025-05-09 12:29:11.3439;985;None;;;;0.266223;0.7106791;0.1233089;extension;0;;Moving to rest position;
8f4cdfd9-c6a5-4abe-9c92-0d36fb7e13b7;2025-05-09 12:29:11.3549;986;None;;;;0.2662681;0.7106485;0.123215;extension;0;;Moving to rest position;
8f4cdfd9-c6a5-4abe-9c92-0d36fb7e13b7;2025-05-09 12:29:11.3659;987;None;;;;0.2663571;0.7103007;0.1231234;extension;0;;Moving to rest position;
8f4cdfd9-c6a5-4abe-9c92-0d36fb7e13b7;2025-05-09 12:29:11.3778;988;None;;;;0.2663395;0.7102364;0.1231158;extension;0;;Moving to rest position;
8f4cdfd9-c6a5-4abe-9c92-0d36fb7e13b7;2025-05-09 12:29:11.3888;989;None;;;;0.2665671;0.7101071;0.1230779;extension;0;;Moving to rest position;
8f4cdfd9-c6a5-4abe-9c92-0d36fb7e13b7;2025-05-09 12:29:11.3998;990;None;;;;0.2665783;0.7100998;0.1227458;extension;0;;Moving to rest position;
8f4cdfd9-c6a5-4abe-9c92-0d36fb7e13b7;2025-05-09 12:29:11.4107;991;None;;;;0.2665408;0.7100604;0.12272;extension;0;;Moving to rest position;
8f4cdfd9-c6a5-4abe-9c92-0d36fb7e13b7;2025-05-09 12:29:11.4222;992;None;;;;0.2665409;0.7100139;0.122679;extension;0;;Moving to rest position;
8f4cdfd9-c6a5-4abe-9c92-0d36fb7e13b7;2025-05-09 12:29:11.4332;993;None;;;;0.2664432;0.710111;0.1227777;extension;0;;Moving to rest position;
8f4cdfd9-c6a5-4abe-9c92-0d36fb7e13b7;2025-05-09 12:29:11.4442;994;None;;;;0.2663982;0.7101002;0.1227486;extension;0;;Moving to rest position;
8f4cdfd9-c6a5-4abe-9c92-0d36fb7e13b7;2025-05-09 12:29:11.4551;995;None;;;;0.2662408;0.7101116;0.1227245;extension;0;;Moving to rest position;
8f4cdfd9-c6a5-4abe-9c92-0d36fb7e13b7;2025-05-09 12:29:11.4671;996;None;;;;0.266228;0.7098092;0.1227009;extension;0;;Moving to rest position;
8f4cdfd9-c6a5-4abe-9c92-0d36fb7e13b7;2025-05-09 12:29:11.4781;997;None;;;;0.2661858;0.7097722;0.1226876;extension;0;;Moving to rest position;
8f4cdfd9-c6a5-4abe-9c92-0d36fb7e13b7;2025-05-09 12:29:11.4895;998;None;;;;0.2661405;0.7097384;0.1226482;extension;0;;Moving to rest position;
8f4cdfd9-c6a5-4abe-9c92-0d36fb7e13b7;2025-05-09 12:29:11.5005;999;None;;;;0.2660966;0.7097735;0.1226592;extension;0;;Moving to rest position;
8f4cdfd9-c6a5-4abe-9c92-0d36fb7e13b7;2025-05-09 12:29:11.5115;1000;None;;;;0.2660686;0.7097316;0.1226182;extension;0;;Moving to rest position;
8f4cdfd9-c6a5-4abe-9c92-0d36fb7e13b7;2025-05-09 12:29:11.5225;1001;None;;;;0.2660527;0.7096841;0.1225913;extension;0;;Moving to rest position;
8f4cdfd9-c6a5-4abe-9c92-0d36fb7e13b7;2025-05-09 12:29:11.5344;1002;None;;;;0.2659931;0.7098207;0.122622;extension;0;;Moving to rest position;
8f4cdfd9-c6a5-4abe-9c92-0d36fb7e13b7;2025-05-09 12:29:11.5444;1003;None;;;;0.265946;0.7097858;0.1225874;extension;0;;Moving to rest position;
8f4cdfd9-c6a5-4abe-9c92-0d36fb7e13b7;2025-05-09 12:29:11.5564;1004;None;;;;0.2658829;0.7097454;0.1225514;extension;0;;Moving to rest position;
8f4cdfd9-c6a5-4abe-9c92-0d36fb7e13b7;2025-05-09 12:29:11.5673;1005;None;;;;0.2658209;0.709662;0.1225553;extension;0;;Moving to rest position;
8f4cdfd9-c6a5-4abe-9c92-0d36fb7e13b7;2025-05-09 12:29:11.5783;1006;None;;;;0.2657761;0.7096201;0.1225073;extension;0;;Moving to rest position;
8f4cdfd9-c6a5-4abe-9c92-0d36fb7e13b7;2025-05-09 12:29:11.5898;1007;None;;;;0.2655663;0.7096806;0.1225142;extension;0;;Moving to rest position;
8f4cdfd9-c6a5-4abe-9c92-0d36fb7e13b7;2025-05-09 12:29:11.6008;1008;None;;;;0.2654843;0.7097206;0.1225281;extension;0;;Moving to rest position;
8f4cdfd9-c6a5-4abe-9c92-0d36fb7e13b7;2025-05-09 12:29:11.6117;1009;None;;;;0.2654315;0.709752;0.1224744;extension;0;;Moving to rest position;
8f4cdfd9-c6a5-4abe-9c92-0d36fb7e13b7;2025-05-09 12:29:11.6227;1010;None;;;;0.2655308;0.7097577;0.1224244;extension;0;;Moving to rest position;
8f4cdfd9-c6a5-4abe-9c92-0d36fb7e13b7;2025-05-09 12:29:11.6337;1011;None;;;;0.2655653;0.7095078;0.1223273;extension;0;;Moving to rest position;
8f4cdfd9-c6a5-4abe-9c92-0d36fb7e13b7;2025-05-09 12:29:11.6456;1012;None;;;;0.2655623;0.7095101;0.1223369;extension;0;;Moving to rest position;
8f4cdfd9-c6a5-4abe-9c92-0d36fb7e13b7;2025-05-09 12:29:11.6566;1013;None;;;;0.2654089;0.7096119;0.122411;extension;0;;Moving to rest position;
8f4cdfd9-c6a5-4abe-9c92-0d36fb7e13b7;2025-05-09 12:29:11.6676;1014;None;;;;0.265339;0.7098203;0.1225474;extension;0;;Moving to rest position;
8f4cdfd9-c6a5-4abe-9c92-0d36fb7e13b7;2025-05-09 12:29:11.6785;1015;None;;;;0.2653261;0.7098459;0.1225336;extension;0;;Moving to rest position;
8f4cdfd9-c6a5-4abe-9c92-0d36fb7e13b7;2025-05-09 12:29:11.6900;1016;None;;;;0.2652624;0.7098707;0.1224811;extension;0;;Moving to rest position;
8f4cdfd9-c6a5-4abe-9c92-0d36fb7e13b7;2025-05-09 12:29:11.7010;1017;None;;;;0.2652209;0.7096789;0.1225407;extension;0;;Moving to rest position;
8f4cdfd9-c6a5-4abe-9c92-0d36fb7e13b7;2025-05-09 12:29:11.7120;1018;None;;;;0.2651409;0.7096772;0.1225448;extension;0;;Moving to rest position;
8f4cdfd9-c6a5-4abe-9c92-0d36fb7e13b7;2025-05-09 12:29:11.7239;1019;None;;;;0.265274;0.7095969;0.1225047;extension;0;;Moving to rest position;
8f4cdfd9-c6a5-4abe-9c92-0d36fb7e13b7;2025-05-09 12:29:11.7349;1020;None;;;;0.2651631;0.709689;0.1226168;extension;0;;Moving to rest position;
8f4cdfd9-c6a5-4abe-9c92-0d36fb7e13b7;2025-05-09 12:29:11.7459;1021;None;;;;0.2650549;0.7097181;0.1226318;extension;0;;Moving to rest position;
8f4cdfd9-c6a5-4abe-9c92-0d36fb7e13b7;2025-05-09 12:29:11.7574;1022;None;;;;0.2648214;0.7097665;0.1226699;extension;0;;Moving to rest position;
8f4cdfd9-c6a5-4abe-9c92-0d36fb7e13b7;2025-05-09 12:29:11.7683;1023;None;;;;0.2647274;0.7097231;0.1226134;extension;0;;Moving to rest position;
8f4cdfd9-c6a5-4abe-9c92-0d36fb7e13b7;2025-05-09 12:29:11.7793;1024;None;;;;0.264614;0.7097524;0.1226091;extension;0;;Moving to rest position;
8f4cdfd9-c6a5-4abe-9c92-0d36fb7e13b7;2025-05-09 12:29:11.7903;1025;None;;;;0.2647339;0.7096821;0.1225431;extension;0;;Moving to rest position;
8f4cdfd9-c6a5-4abe-9c92-0d36fb7e13b7;2025-05-09 12:29:11.8022;1026;None;;;;0.264619;0.7099921;0.1226199;extension;0;;Moving to rest position;
8f4cdfd9-c6a5-4abe-9c92-0d36fb7e13b7;2025-05-09 12:29:11.8132;1027;None;;;;0.2645864;0.7099868;0.1226199;extension;0;;Moving to rest position;
8f4cdfd9-c6a5-4abe-9c92-0d36fb7e13b7;2025-05-09 12:29:11.8242;1028;None;;;;0.2646321;0.7099522;0.1225939;extension;0;;Moving to rest position;
8f4cdfd9-c6a5-4abe-9c92-0d36fb7e13b7;2025-05-09 12:29:11.8351;1029;None;;;;0.2646012;0.7100528;0.1226156;extension;0;;Moving to rest position;
8f4cdfd9-c6a5-4abe-9c92-0d36fb7e13b7;2025-05-09 12:29:11.8461;1030;None;;;;0.2646042;0.7100589;0.1225898;extension;0;;Moving to rest position;
8f4cdfd9-c6a5-4abe-9c92-0d36fb7e13b7;2025-05-09 12:29:11.8581;1031;None;;;;0.2644038;0.7101308;0.1225688;extension;0;;Moving to rest position;
8f4cdfd9-c6a5-4abe-9c92-0d36fb7e13b7;2025-05-09 12:29:11.8691;1032;None;;;;0.2643943;0.7099874;0.1225252;extension;0;;Moving to rest position;
8f4cdfd9-c6a5-4abe-9c92-0d36fb7e13b7;2025-05-09 12:29:11.8800;1033;None;;;;0.2643672;0.7100041;0.1224849;extension;0;;Moving to rest position;
8f4cdfd9-c6a5-4abe-9c92-0d36fb7e13b7;2025-05-09 12:29:11.8915;1034;None;;;;0.2644881;0.7099917;0.1224771;extension;0;;Moving to rest position;
8f4cdfd9-c6a5-4abe-9c92-0d36fb7e13b7;2025-05-09 12:29:11.9025;1035;None;;;;0.2644185;0.709859;0.1227746;extension;0;;Moving to rest position;
8f4cdfd9-c6a5-4abe-9c92-0d36fb7e13b7;2025-05-09 12:29:11.9134;1036;None;;;;0.2643936;0.7098492;0.1228161;extension;0;;Moving to rest position;
8f4cdfd9-c6a5-4abe-9c92-0d36fb7e13b7;2025-05-09 12:29:11.9244;1037;None;;;;0.2644306;0.7097788;0.1227915;extension;0;;Moving to rest position;
8f4cdfd9-c6a5-4abe-9c92-0d36fb7e13b7;2025-05-09 12:29:11.9354;1038;None;;;;0.2644423;0.7100196;0.1226275;extension;0;;Moving to rest position;
8f4cdfd9-c6a5-4abe-9c92-0d36fb7e13b7;2025-05-09 12:29:11.9464;1039;None;;;;0.2644395;0.7100496;0.1226358;extension;0;;Moving to rest position;
8f4cdfd9-c6a5-4abe-9c92-0d36fb7e13b7;2025-05-09 12:29:11.9583;1040;None;;;;0.2643796;0.710068;0.1226165;extension;0;;Moving to rest position;
8f4cdfd9-c6a5-4abe-9c92-0d36fb7e13b7;2025-05-09 12:29:11.9693;1041;None;;;;0.2643611;0.7100158;0.1227093;extension;0;;Moving to rest position;
8f4cdfd9-c6a5-4abe-9c92-0d36fb7e13b7;2025-05-09 12:29:11.9803;1042;None;;;;0.2643454;0.7100606;0.1227262;extension;0;;Moving to rest position;
8f4cdfd9-c6a5-4abe-9c92-0d36fb7e13b7;2025-05-09 12:29:11.9918;1043;None;;;;0.2641966;0.7101107;0.1227677;extension;0;;Moving to rest position;
8f4cdfd9-c6a5-4abe-9c92-0d36fb7e13b7;2025-05-09 12:29:12.0027;1044;None;;;;0.2641746;0.7102855;0.1227577;extension;0;;Moving to rest position;
8f4cdfd9-c6a5-4abe-9c92-0d36fb7e13b7;2025-05-09 12:29:12.0137;1045;None;;;;0.264154;0.7103102;0.122812;extension;0;;Moving to rest position;
8f4cdfd9-c6a5-4abe-9c92-0d36fb7e13b7;2025-05-09 12:29:12.0247;1046;None;;;;0.2640579;0.7103745;0.1228697;extension;0;;Moving to rest position;
8f4cdfd9-c6a5-4abe-9c92-0d36fb7e13b7;2025-05-09 12:29:12.0366;1047;None;;;;0.2640383;0.7102971;0.1228623;extension;0;;Moving to rest position;
8f4cdfd9-c6a5-4abe-9c92-0d36fb7e13b7;2025-05-09 12:29:12.0476;1048;None;;;;0.2639977;0.7103177;0.1228631;extension;0;;Moving to rest position;
8f4cdfd9-c6a5-4abe-9c92-0d36fb7e13b7;2025-05-09 12:29:12.0586;1049;None;;;;0.2639641;0.7102977;0.122817;extension;0;;Moving to rest position;
8f4cdfd9-c6a5-4abe-9c92-0d36fb7e13b7;2025-05-09 12:29:12.0695;1050;None;;;;0.2639675;0.7100393;0.1226995;extension;0;;Moving to rest position;
8f4cdfd9-c6a5-4abe-9c92-0d36fb7e13b7;2025-05-09 12:29:12.0805;1051;None;;;;0.2639163;0.7100482;0.1226816;extension;0;;Moving to rest position;
8f4cdfd9-c6a5-4abe-9c92-0d36fb7e13b7;2025-05-09 12:29:12.0920;1052;None;;;;0.2640874;0.7099781;0.1226218;extension;0;;Moving to rest position;
8f4cdfd9-c6a5-4abe-9c92-0d36fb7e13b7;2025-05-09 12:29:12.1030;1053;None;;;;0.2640738;0.7101812;0.1225162;extension;0;;Moving to rest position;
8f4cdfd9-c6a5-4abe-9c92-0d36fb7e13b7;2025-05-09 12:29:12.1139;1054;None;;;;0.2640718;0.7101641;0.1225049;extension;0;;Moving to rest position;
8f4cdfd9-c6a5-4abe-9c92-0d36fb7e13b7;2025-05-09 12:29:12.1259;1055;None;;;;0.2638299;0.7102183;0.1225295;extension;0;;Moving to rest position;
8f4cdfd9-c6a5-4abe-9c92-0d36fb7e13b7;2025-05-09 12:29:12.1364;1056;None;;;;0.2638085;0.7099104;0.1226285;extension;0;;Moving to rest position;
8f4cdfd9-c6a5-4abe-9c92-0d36fb7e13b7;2025-05-09 12:29:12.1483;1057;None;;;;0.2637976;0.709896;0.1226408;extension;0;;Moving to rest position;
8f4cdfd9-c6a5-4abe-9c92-0d36fb7e13b7;2025-05-09 12:29:12.1593;1058;None;;;;0.2639927;0.7098349;0.1226423;extension;0;;Moving to rest position;
8f4cdfd9-c6a5-4abe-9c92-0d36fb7e13b7;2025-05-09 12:29:12.1703;1059;None;;;;0.2639775;0.7100908;0.1226726;extension;0;;Moving to rest position;
8f4cdfd9-c6a5-4abe-9c92-0d36fb7e13b7;2025-05-09 12:29:12.1813;1060;None;;;;0.2639892;0.7100637;0.1226709;extension;0;;Moving to rest position;
8f4cdfd9-c6a5-4abe-9c92-0d36fb7e13b7;2025-05-09 12:29:12.1922;1061;None;;;;0.2638144;0.7101325;0.1227121;extension;0;;Moving to rest position;
8f4cdfd9-c6a5-4abe-9c92-0d36fb7e13b7;2025-05-09 12:29:12.2042;1062;None;;;;0.2637953;0.710085;0.1226568;extension;0;;Moving to rest position;
8f4cdfd9-c6a5-4abe-9c92-0d36fb7e13b7;2025-05-09 12:29:12.2152;1063;None;;;;0.2637596;0.7100986;0.1226101;extension;0;;Moving to rest position;
8f4cdfd9-c6a5-4abe-9c92-0d36fb7e13b7;2025-05-09 12:29:12.2261;1064;None;;;;0.2636023;0.7101382;0.1225455;extension;0;;Moving to rest position;
8f4cdfd9-c6a5-4abe-9c92-0d36fb7e13b7;2025-05-09 12:29:12.2371;1065;None;;;;0.2635574;0.7101351;0.122546;extension;0;;Moving to rest position;
8f4cdfd9-c6a5-4abe-9c92-0d36fb7e13b7;2025-05-09 12:29:12.2491;1066;None;;;;0.2635268;0.7101643;0.1225312;extension;0;;Moving to rest position;
8f4cdfd9-c6a5-4abe-9c92-0d36fb7e13b7;2025-05-09 12:29:12.2600;1067;None;;;;0.2636804;0.7101307;0.1224744;extension;0;;Moving to rest position;
8f4cdfd9-c6a5-4abe-9c92-0d36fb7e13b7;2025-05-09 12:29:12.2710;1068;None;;;;0.2636346;0.7103248;0.1226375;extension;0;;Moving to rest position;
8f4cdfd9-c6a5-4abe-9c92-0d36fb7e13b7;2025-05-09 12:29:12.2820;1069;None;;;;0.263652;0.7103398;0.1226456;extension;0;;Moving to rest position;
8f4cdfd9-c6a5-4abe-9c92-0d36fb7e13b7;2025-05-09 12:29:12.2935;1070;None;;;;0.2636681;0.7103502;0.1226389;extension;0;;Moving to rest position;
8f4cdfd9-c6a5-4abe-9c92-0d36fb7e13b7;2025-05-09 12:29:12.3044;1071;None;;;;0.2636216;0.7105832;0.1228259;extension;0;;Moving to rest position;
8f4cdfd9-c6a5-4abe-9c92-0d36fb7e13b7;2025-05-09 12:29:12.3164;1072;None;;;;0.2636492;0.7106194;0.1228275;extension;0;;Moving to rest position;
8f4cdfd9-c6a5-4abe-9c92-0d36fb7e13b7;2025-05-09 12:29:12.3274;1073;None;;;;0.2634472;0.7107406;0.1229305;extension;0;;Moving to rest position;
8f4cdfd9-c6a5-4abe-9c92-0d36fb7e13b7;2025-05-09 12:29:12.3373;1074;None;;;;0.263411;0.7108235;0.1231453;extension;0;;Moving to rest position;
8f4cdfd9-c6a5-4abe-9c92-0d36fb7e13b7;2025-05-09 12:29:12.3493;1075;None;;;;0.2635493;0.7107934;0.1231313;extension;0;;Moving to rest position;
8f4cdfd9-c6a5-4abe-9c92-0d36fb7e13b7;2025-05-09 12:29:12.3603;1076;None;;;;0.2635189;0.7109137;0.1233361;extension;0;;Moving to rest position;
8f4cdfd9-c6a5-4abe-9c92-0d36fb7e13b7;2025-05-09 12:29:12.3723;1077;None;;;;0.2635279;0.7109034;0.1233659;extension;0;;Moving to rest position;
8f4cdfd9-c6a5-4abe-9c92-0d36fb7e13b7;2025-05-09 12:29:12.3822;1078;None;;;;0.263511;0.7108946;0.1233952;extension;0;;Moving to rest position;
8f4cdfd9-c6a5-4abe-9c92-0d36fb7e13b7;2025-05-09 12:29:12.3942;1079;None;;;;0.263572;0.7105663;0.1232624;extension;0;;Moving to rest position;
8f4cdfd9-c6a5-4abe-9c92-0d36fb7e13b7;2025-05-09 12:29:12.4052;1080;None;;;;0.2635462;0.7105649;0.1232858;extension;0;;Moving to rest position;
8f4cdfd9-c6a5-4abe-9c92-0d36fb7e13b7;2025-05-09 12:29:12.4161;1081;None;;;;0.2633513;0.7105826;0.1233051;extension;0;;Moving to rest position;
8f4cdfd9-c6a5-4abe-9c92-0d36fb7e13b7;2025-05-09 12:29:12.4271;1082;None;;;;0.2633016;0.71058;0.1233203;extension;0;;Moving to rest position;
8f4cdfd9-c6a5-4abe-9c92-0d36fb7e13b7;2025-05-09 12:29:12.4391;1083;None;;;;0.2633112;0.7105393;0.1231642;extension;0;;Moving to rest position;
8f4cdfd9-c6a5-4abe-9c92-0d36fb7e13b7;2025-05-09 12:29:12.4500;1084;None;;;;0.2632326;0.7105083;0.1231444;extension;0;;Moving to rest position;
8f4cdfd9-c6a5-4abe-9c92-0d36fb7e13b7;2025-05-09 12:29:12.4610;1085;None;;;;0.2632114;0.7106552;0.1231449;extension;0;;Moving to rest position;
8f4cdfd9-c6a5-4abe-9c92-0d36fb7e13b7;2025-05-09 12:29:12.4720;1086;None;;;;0.2632235;0.7106632;0.1231577;extension;0;;Moving to rest position;
8f4cdfd9-c6a5-4abe-9c92-0d36fb7e13b7;2025-05-09 12:29:12.4830;1087;None;;;;0.2632386;0.7106746;0.1231742;extension;0;;Moving to rest position;
8f4cdfd9-c6a5-4abe-9c92-0d36fb7e13b7;2025-05-09 12:29:12.4949;1088;None;;;;0.2631633;0.7106459;0.1231029;extension;0;;Moving to rest position;
8f4cdfd9-c6a5-4abe-9c92-0d36fb7e13b7;2025-05-09 12:29:12.5049;1089;None;;;;0.2631244;0.7108295;0.1232421;extension;0;;Moving to rest position;
8f4cdfd9-c6a5-4abe-9c92-0d36fb7e13b7;2025-05-09 12:29:12.5169;1090;None;;;;0.2631186;0.7108483;0.1232262;extension;0;;Moving to rest position;
8f4cdfd9-c6a5-4abe-9c92-0d36fb7e13b7;2025-05-09 12:29:12.5278;1091;None;;;;0.2630388;0.7107663;0.1231132;extension;0;;Moving to rest position;
8f4cdfd9-c6a5-4abe-9c92-0d36fb7e13b7;2025-05-09 12:29:12.5388;1092;None;;;;0.2630134;0.7107974;0.1231093;extension;0;;Moving to rest position;
8f4cdfd9-c6a5-4abe-9c92-0d36fb7e13b7;2025-05-09 12:29:12.5508;1093;None;;;;0.2632442;0.710676;0.1229815;extension;0;;Moving to rest position;
8f4cdfd9-c6a5-4abe-9c92-0d36fb7e13b7;2025-05-09 12:29:12.5617;1094;None;;;;0.2632391;0.7104236;0.1229742;extension;0;;Moving to rest position;
8f4cdfd9-c6a5-4abe-9c92-0d36fb7e13b7;2025-05-09 12:29:12.5727;1095;None;;;;0.2632287;0.7104229;0.1229796;extension;0;;Moving to rest position;
8f4cdfd9-c6a5-4abe-9c92-0d36fb7e13b7;2025-05-09 12:29:12.5837;1096;None;;;;0.2632164;0.7104428;0.1229894;extension;0;;Moving to rest position;
8f4cdfd9-c6a5-4abe-9c92-0d36fb7e13b7;2025-05-09 12:29:12.5947;1097;None;;;;0.2633503;0.7103727;0.1229019;extension;0;;Moving to rest position;
8f4cdfd9-c6a5-4abe-9c92-0d36fb7e13b7;2025-05-09 12:29:12.6056;1098;None;;;;0.263387;0.7102971;0.1228395;extension;0;;Moving to rest position;
8f4cdfd9-c6a5-4abe-9c92-0d36fb7e13b7;2025-05-09 12:29:12.6176;1099;None;;;;0.2633345;0.7103044;0.122782;extension;0;;Moving to rest position;
8f4cdfd9-c6a5-4abe-9c92-0d36fb7e13b7;2025-05-09 12:29:12.6286;1100;None;;;;0.2633712;0.7103536;0.1228054;extension;0;;Moving to rest position;
8f4cdfd9-c6a5-4abe-9c92-0d36fb7e13b7;2025-05-09 12:29:12.6400;1101;None;;;;0.2634823;0.7102888;0.1226704;extension;0;;Moving to rest position;
8f4cdfd9-c6a5-4abe-9c92-0d36fb7e13b7;2025-05-09 12:29:12.6510;1102;None;;;;0.2633654;0.7103633;0.1226974;extension;0;;Moving to rest position;
8f4cdfd9-c6a5-4abe-9c92-0d36fb7e13b7;2025-05-09 12:29:12.6620;1103;None;;;;0.2633933;0.7103782;0.1227014;extension;0;;Moving to rest position;
8f4cdfd9-c6a5-4abe-9c92-0d36fb7e13b7;2025-05-09 12:29:12.6735;1104;None;;;;0.2634171;0.7104267;0.122735;extension;0;;Moving to rest position;
8f4cdfd9-c6a5-4abe-9c92-0d36fb7e13b7;2025-05-09 12:29:12.6844;1105;None;;;;0.2633547;0.710482;0.1227841;extension;0;;Moving to rest position;
8f4cdfd9-c6a5-4abe-9c92-0d36fb7e13b7;2025-05-09 12:29:12.6954;1106;None;;;;0.2633497;0.7107387;0.1228385;extension;0;;Moving to rest position;
8f4cdfd9-c6a5-4abe-9c92-0d36fb7e13b7;2025-05-09 12:29:12.7064;1107;None;;;;0.2633671;0.7107873;0.1228495;extension;0;;Moving to rest position;
8f4cdfd9-c6a5-4abe-9c92-0d36fb7e13b7;2025-05-09 12:29:12.7183;1108;None;;;;0.263442;0.7108105;0.1228566;extension;0;;Moving to rest position;
8f4cdfd9-c6a5-4abe-9c92-0d36fb7e13b7;2025-05-09 12:29:12.7283;1109;None;;;;0.2634306;0.7107124;0.1229491;extension;0;;Moving to rest position;
8f4cdfd9-c6a5-4abe-9c92-0d36fb7e13b7;2025-05-09 12:29:12.7403;1110;None;;;;0.2634205;0.7107592;0.1229656;extension;0;;Moving to rest position;
8f4cdfd9-c6a5-4abe-9c92-0d36fb7e13b7;2025-05-09 12:29:12.7522;1111;None;;;;0.2634947;0.7108016;0.1229801;extension;0;;Moving to rest position;
8f4cdfd9-c6a5-4abe-9c92-0d36fb7e13b7;2025-05-09 12:29:12.7622;1112;None;;;;0.2635481;0.7106547;0.1229479;extension;0;;Moving to rest position;
8f4cdfd9-c6a5-4abe-9c92-0d36fb7e13b7;2025-05-09 12:29:12.7732;1113;None;;;;0.2635574;0.7107008;0.1229746;extension;0;;Moving to rest position;
8f4cdfd9-c6a5-4abe-9c92-0d36fb7e13b7;2025-05-09 12:29:12.7842;1114;None;;;;0.2637216;0.7106968;0.1229746;extension;0;;Moving to rest position;
8f4cdfd9-c6a5-4abe-9c92-0d36fb7e13b7;2025-05-09 12:29:12.7961;1115;None;;;;0.263798;0.7107856;0.1226354;extension;0;;Moving to rest position;
8f4cdfd9-c6a5-4abe-9c92-0d36fb7e13b7;2025-05-09 12:29:12.8071;1116;None;;;;0.2638086;0.7108387;0.122632;extension;0;;Moving to rest position;
8f4cdfd9-c6a5-4abe-9c92-0d36fb7e13b7;2025-05-09 12:29:12.8181;1117;None;;;;0.2638426;0.7108374;0.1225765;extension;0;;Moving to rest position;
8f4cdfd9-c6a5-4abe-9c92-0d36fb7e13b7;2025-05-09 12:29:12.8290;1118;None;;;;0.2638045;0.7109085;0.1227701;extension;0;;Moving to rest position;
8f4cdfd9-c6a5-4abe-9c92-0d36fb7e13b7;2025-05-09 12:29:12.8410;1119;None;;;;0.2638108;0.7109654;0.1227765;extension;0;;Moving to rest position;
8f4cdfd9-c6a5-4abe-9c92-0d36fb7e13b7;2025-05-09 12:29:12.8520;1120;None;;;;0.2637694;0.7109964;0.1227701;extension;0;;Moving to rest position;
8f4cdfd9-c6a5-4abe-9c92-0d36fb7e13b7;2025-05-09 12:29:12.8630;1121;None;;;;0.2637227;0.7111379;0.1230094;extension;0;;Moving to rest position;
8f4cdfd9-c6a5-4abe-9c92-0d36fb7e13b7;2025-05-09 12:29:12.8739;1122;None;;;;0.2637361;0.7111584;0.1230521;extension;0;;Moving to rest position;
8f4cdfd9-c6a5-4abe-9c92-0d36fb7e13b7;2025-05-09 12:29:12.8849;1123;None;;;;0.2636131;0.7112278;0.1231661;extension;0;;Moving to rest position;
8f4cdfd9-c6a5-4abe-9c92-0d36fb7e13b7;2025-05-09 12:29:12.8969;1124;None;;;;0.263672;0.7110696;0.123059;extension;0;;Moving to rest position;
8f4cdfd9-c6a5-4abe-9c92-0d36fb7e13b7;2025-05-09 12:29:12.9078;1125;None;;;;0.2636654;0.7110623;0.1230929;extension;0;;Moving to rest position;
8f4cdfd9-c6a5-4abe-9c92-0d36fb7e13b7;2025-05-09 12:29:12.9188;1126;None;;;;0.2633833;0.7111001;0.1231127;extension;0;;Moving to rest position;
8f4cdfd9-c6a5-4abe-9c92-0d36fb7e13b7;2025-05-09 12:29:12.9298;1127;None;;;;0.263359;0.7110258;0.1230102;extension;0;;Moving to rest position;
8f4cdfd9-c6a5-4abe-9c92-0d36fb7e13b7;2025-05-09 12:29:12.9407;1128;None;;;;0.2633059;0.7110418;0.1230001;extension;0;;Moving to rest position;
8f4cdfd9-c6a5-4abe-9c92-0d36fb7e13b7;2025-05-09 12:29:12.9517;1129;None;;;;0.2636593;0.7109747;0.1229367;extension;0;;Moving to rest position;
8f4cdfd9-c6a5-4abe-9c92-0d36fb7e13b7;2025-05-09 12:29:12.9637;1130;None;;;;0.2636923;0.7106434;0.1229393;extension;0;;Moving to rest position;
8f4cdfd9-c6a5-4abe-9c92-0d36fb7e13b7;2025-05-09 12:29:12.9747;1131;None;;;;0.2636927;0.7106293;0.1229832;extension;0;;Moving to rest position;
8f4cdfd9-c6a5-4abe-9c92-0d36fb7e13b7;2025-05-09 12:29:12.9856;1132;None;;;;0.2638575;0.7105708;0.122997;extension;0;;Moving to rest position;
8f4cdfd9-c6a5-4abe-9c92-0d36fb7e13b7;2025-05-09 12:29:12.9971;1133;None;;;;0.2639299;0.7105995;0.1227813;extension;0;;Moving to rest position;
8f4cdfd9-c6a5-4abe-9c92-0d36fb7e13b7;2025-05-09 12:29:13.0081;1134;None;;;;0.2639696;0.7106029;0.1228383;extension;0;;Moving to rest position;
8f4cdfd9-c6a5-4abe-9c92-0d36fb7e13b7;2025-05-09 12:29:13.0190;1135;None;;;;0.2639199;0.7106482;0.122906;extension;0;;Moving to rest position;
8f4cdfd9-c6a5-4abe-9c92-0d36fb7e13b7;2025-05-09 12:29:13.0300;1136;None;;;;0.2640122;0.7105988;0.1227241;extension;0;;Moving to rest position;
8f4cdfd9-c6a5-4abe-9c92-0d36fb7e13b7;2025-05-09 12:29:13.0420;1137;None;;;;0.2640535;0.710631;0.1227481;extension;0;;Moving to rest position;
8f4cdfd9-c6a5-4abe-9c92-0d36fb7e13b7;2025-05-09 12:29:13.0529;1138;None;;;;0.264021;0.7106487;0.1227467;extension;0;;Moving to rest position;
8f4cdfd9-c6a5-4abe-9c92-0d36fb7e13b7;2025-05-09 12:29:13.0639;1139;None;;;;0.2640635;0.7104964;0.1228337;extension;0;;Moving to rest position;
8f4cdfd9-c6a5-4abe-9c92-0d36fb7e13b7;2025-05-09 12:29:13.0749;1140;None;;;;0.2641079;0.7105087;0.1228616;extension;0;;Moving to rest position;
8f4cdfd9-c6a5-4abe-9c92-0d36fb7e13b7;2025-05-09 12:29:13.0859;1141;None;;;;0.2640639;0.710544;0.1229162;extension;0;;Moving to rest position;
8f4cdfd9-c6a5-4abe-9c92-0d36fb7e13b7;2025-05-09 12:29:13.0973;1142;None;;;;0.2640703;0.7106385;0.1229646;extension;0;;Moving to rest position;
8f4cdfd9-c6a5-4abe-9c92-0d36fb7e13b7;2025-05-09 12:29:13.1083;1143;None;;;;0.2640921;0.7106559;0.1229925;extension;0;;Moving to rest position;
8f4cdfd9-c6a5-4abe-9c92-0d36fb7e13b7;2025-05-09 12:29:13.1193;1144;None;;;;0.2642235;0.7106119;0.1229749;extension;0;;Moving to rest position;
8f4cdfd9-c6a5-4abe-9c92-0d36fb7e13b7;2025-05-09 12:29:13.1312;1145;None;;;;0.2642356;0.7106878;0.122999;extension;0;;Moving to rest position;
8f4cdfd9-c6a5-4abe-9c92-0d36fb7e13b7;2025-05-09 12:29:13.1422;1146;None;;;;0.2642553;0.7107064;0.1230123;extension;0;;Moving to rest position;
8f4cdfd9-c6a5-4abe-9c92-0d36fb7e13b7;2025-05-09 12:29:13.1532;1147;None;;;;0.2641279;0.7107941;0.1230755;extension;0;;Moving to rest position;
8f4cdfd9-c6a5-4abe-9c92-0d36fb7e13b7;2025-05-09 12:29:13.1642;1148;None;;;;0.2642061;0.7105674;0.1228917;extension;0;;Moving to rest position;
8f4cdfd9-c6a5-4abe-9c92-0d36fb7e13b7;2025-05-09 12:29:13.1751;1149;None;;;;0.2642083;0.7105843;0.1228867;extension;0;;Moving to rest position;
8f4cdfd9-c6a5-4abe-9c92-0d36fb7e13b7;2025-05-09 12:29:13.1871;1150;None;;;;0.2641215;0.7106147;0.1228938;extension;0;;Moving to rest position;
8f4cdfd9-c6a5-4abe-9c92-0d36fb7e13b7;2025-05-09 12:29:13.1986;1151;None;;;;0.2641158;0.7107006;0.1229136;extension;0;;Moving to rest position;
8f4cdfd9-c6a5-4abe-9c92-0d36fb7e13b7;2025-05-09 12:29:13.2085;1152;None;;;;0.2641382;0.7106792;0.1229041;extension;0;;Moving to rest position;
8f4cdfd9-c6a5-4abe-9c92-0d36fb7e13b7;2025-05-09 12:29:13.2205;1153;None;;;;0.2642325;0.7106022;0.1228385;extension;0;;Moving to rest position;
8f4cdfd9-c6a5-4abe-9c92-0d36fb7e13b7;2025-05-09 12:29:13.2315;1154;None;;;;0.2642206;0.7106158;0.1229196;extension;0;;Moving to rest position;
8f4cdfd9-c6a5-4abe-9c92-0d36fb7e13b7;2025-05-09 12:29:13.2425;1155;None;;;;0.2642402;0.7105999;0.1229091;extension;0;;Moving to rest position;
8f4cdfd9-c6a5-4abe-9c92-0d36fb7e13b7;2025-05-09 12:29:13.2534;1156;None;;;;0.2642449;0.7105608;0.122833;extension;0;;Moving to rest position;
8f4cdfd9-c6a5-4abe-9c92-0d36fb7e13b7;2025-05-09 12:29:13.2654;1157;None;;;;0.2642464;0.7106253;0.1228287;extension;0;;Moving to rest position;
8f4cdfd9-c6a5-4abe-9c92-0d36fb7e13b7;2025-05-09 12:29:13.2764;1158;None;;;;0.2642584;0.7106428;0.1227958;extension;0;;Moving to rest position;
8f4cdfd9-c6a5-4abe-9c92-0d36fb7e13b7;2025-05-09 12:29:13.2873;1159;None;;;;0.2645382;0.7106079;0.1227152;extension;0;;Moving to rest position;
8f4cdfd9-c6a5-4abe-9c92-0d36fb7e13b7;2025-05-09 12:29:13.2988;1160;None;;;;0.2646137;0.7105228;0.122678;extension;0;;Moving to rest position;
8f4cdfd9-c6a5-4abe-9c92-0d36fb7e13b7;2025-05-09 12:29:13.3098;1161;None;;;;0.2646694;0.7105448;0.1226728;extension;0;;Moving to rest position;
8f4cdfd9-c6a5-4abe-9c92-0d36fb7e13b7;2025-05-09 12:29:13.3208;1162;None;;;;0.2648073;0.7105746;0.1226873;extension;0;;Moving to rest position;
8f4cdfd9-c6a5-4abe-9c92-0d36fb7e13b7;2025-05-09 12:29:13.3331;1163;None;;;;0.2648636;0.7106432;0.1226931;extension;0;;Moving to rest position;
8f4cdfd9-c6a5-4abe-9c92-0d36fb7e13b7;2025-05-09 12:29:13.3437;1164;None;;;;0.2649159;0.710656;0.1227069;extension;0;;Moving to rest position;
8f4cdfd9-c6a5-4abe-9c92-0d36fb7e13b7;2025-05-09 12:29:13.3547;1165;None;;;;0.2647538;0.710693;0.1227264;extension;0;;Moving to rest position;
8f4cdfd9-c6a5-4abe-9c92-0d36fb7e13b7;2025-05-09 12:29:13.3656;1166;None;;;;0.2647328;0.7107451;0.1229262;extension;0;;Moving to rest position;
8f4cdfd9-c6a5-4abe-9c92-0d36fb7e13b7;2025-05-09 12:29:13.3766;1167;None;;;;0.2647671;0.7107537;0.1229241;extension;0;;Moving to rest position;
8f4cdfd9-c6a5-4abe-9c92-0d36fb7e13b7;2025-05-09 12:29:13.3876;1168;None;;;;0.2647631;0.7106919;0.1228662;extension;0;;Moving to rest position;
8f4cdfd9-c6a5-4abe-9c92-0d36fb7e13b7;2025-05-09 12:29:13.3991;1169;None;;;;0.2648145;0.7104861;0.1228514;extension;0;;Moving to rest position;
8f4cdfd9-c6a5-4abe-9c92-0d36fb7e13b7;2025-05-09 12:29:13.4100;1170;None;;;;0.264851;0.7104535;0.1228716;extension;0;;Moving to rest position;
8f4cdfd9-c6a5-4abe-9c92-0d36fb7e13b7;2025-05-09 12:29:13.4210;1171;None;;;;0.264787;0.7104641;0.1229022;extension;0;;Moving to rest position;
8f4cdfd9-c6a5-4abe-9c92-0d36fb7e13b7;2025-05-09 12:29:13.4330;1172;None;;;;0.2647941;0.7105397;0.1228848;extension;0;;Moving to rest position;
8f4cdfd9-c6a5-4abe-9c92-0d36fb7e13b7;2025-05-09 12:29:13.4439;1173;None;;;;0.2647851;0.7105042;0.122915;extension;0;;Moving to rest position;
8f4cdfd9-c6a5-4abe-9c92-0d36fb7e13b7;2025-05-09 12:29:13.4549;1174;None;;;;0.2648271;0.7104741;0.1229684;extension;0;;Moving to rest position;
8f4cdfd9-c6a5-4abe-9c92-0d36fb7e13b7;2025-05-09 12:29:13.4659;1175;None;;;;0.2647874;0.7105955;0.1229763;extension;0;;Moving to rest position;
8f4cdfd9-c6a5-4abe-9c92-0d36fb7e13b7;2025-05-09 12:29:13.4769;1176;None;;;;0.2647681;0.7105821;0.123003;extension;0;;Moving to rest position;
8f4cdfd9-c6a5-4abe-9c92-0d36fb7e13b7;2025-05-09 12:29:13.4888;1177;None;;;;0.2647495;0.7105454;0.1229866;extension;0;;Moving to rest position;
8f4cdfd9-c6a5-4abe-9c92-0d36fb7e13b7;2025-05-09 12:29:13.5003;1178;None;;;;0.2648071;0.7104738;0.1227245;extension;0;;Moving to rest position;
8f4cdfd9-c6a5-4abe-9c92-0d36fb7e13b7;2025-05-09 12:29:13.5113;1179;None;;;;0.2648208;0.7104819;0.1227465;extension;0;;Moving to rest position;
8f4cdfd9-c6a5-4abe-9c92-0d36fb7e13b7;2025-05-09 12:29:13.5222;1180;None;;;;0.2649006;0.7104598;0.122715;extension;0;;Moving to rest position;
8f4cdfd9-c6a5-4abe-9c92-0d36fb7e13b7;2025-05-09 12:29:13.5332;1181;None;;;;0.2649663;0.7103409;0.1226113;extension;0;;Moving to rest position;
8f4cdfd9-c6a5-4abe-9c92-0d36fb7e13b7;2025-05-09 12:29:13.5442;1182;None;;;;0.2650089;0.7103661;0.1226227;extension;0;;Moving to rest position;
8f4cdfd9-c6a5-4abe-9c92-0d36fb7e13b7;2025-05-09 12:29:13.5552;1183;None;;;;0.264935;0.7104335;0.1226721;extension;0;;Moving to rest position;
8f4cdfd9-c6a5-4abe-9c92-0d36fb7e13b7;2025-05-09 12:29:13.5671;1184;None;;;;0.2649963;0.7103504;0.1225665;extension;0;;Moving to rest position;
8f4cdfd9-c6a5-4abe-9c92-0d36fb7e13b7;2025-05-09 12:29:13.5781;1185;None;;;;0.2650159;0.7103724;0.1225481;extension;0;;Moving to rest position;
8f4cdfd9-c6a5-4abe-9c92-0d36fb7e13b7;2025-05-09 12:29:13.5891;1186;None;;;;0.2650047;0.7103604;0.1225104;extension;0;;Moving to rest position;
8f4cdfd9-c6a5-4abe-9c92-0d36fb7e13b7;2025-05-09 12:29:13.6005;1187;None;;;;0.2649741;0.7104728;0.1226122;extension;0;;Moving to rest position;
8f4cdfd9-c6a5-4abe-9c92-0d36fb7e13b7;2025-05-09 12:29:13.6115;1188;None;;;;0.2649757;0.7104863;0.1225975;extension;0;;Moving to rest position;
8f4cdfd9-c6a5-4abe-9c92-0d36fb7e13b7;2025-05-09 12:29:13.6225;1189;None;;;;0.2650626;0.7104784;0.122561;extension;0;;Moving to rest position;
8f4cdfd9-c6a5-4abe-9c92-0d36fb7e13b7;2025-05-09 12:29:13.6335;1190;None;;;;0.2650111;0.7106447;0.1227367;extension;0;;Moving to rest position;
8f4cdfd9-c6a5-4abe-9c92-0d36fb7e13b7;2025-05-09 12:29:13.6444;1191;None;;;;0.2650112;0.7106678;0.1227396;extension;0;;Moving to rest position;
8f4cdfd9-c6a5-4abe-9c92-0d36fb7e13b7;2025-05-09 12:29:13.6554;1192;None;;;;0.2650976;0.7106547;0.1226931;extension;0;;Moving to rest position;
8f4cdfd9-c6a5-4abe-9c92-0d36fb7e13b7;2025-05-09 12:29:13.6674;1193;None;;;;0.2650666;0.7105719;0.1229682;extension;0;;Moving to rest position;
8f4cdfd9-c6a5-4abe-9c92-0d36fb7e13b7;2025-05-09 12:29:13.6783;1194;None;;;;0.2650806;0.7105818;0.1229599;extension;0;;Moving to rest position;
8f4cdfd9-c6a5-4abe-9c92-0d36fb7e13b7;2025-05-09 12:29:13.6893;1195;None;;;;0.26502;0.7106426;0.122999;extension;0;;Moving to rest position;
8f4cdfd9-c6a5-4abe-9c92-0d36fb7e13b7;2025-05-09 12:29:13.7008;1196;None;;;;0.2650269;0.7107519;0.1229923;extension;0;;Moving to rest position;
8f4cdfd9-c6a5-4abe-9c92-0d36fb7e13b7;2025-05-09 12:29:13.7118;1197;None;;;;0.2650332;0.710775;0.1229849;extension;0;;Moving to rest position;
8f4cdfd9-c6a5-4abe-9c92-0d36fb7e13b7;2025-05-09 12:29:13.7227;1198;None;;;;0.2648289;0.7108266;0.123019;extension;0;;Moving to rest position;
8f4cdfd9-c6a5-4abe-9c92-0d36fb7e13b7;2025-05-09 12:29:13.7347;1199;None;;;;0.264818;0.7106186;0.1231122;extension;0;;Moving to rest position;
8f4cdfd9-c6a5-4abe-9c92-0d36fb7e13b7;2025-05-09 12:29:13.7457;1200;None;;;;0.2648015;0.710591;0.1231508;extension;0;;Moving to rest position;
8f4cdfd9-c6a5-4abe-9c92-0d36fb7e13b7;2025-05-09 12:29:13.7566;1201;None;;;;0.264882;0.7105477;0.1231787;extension;0;;Moving to rest position;
8f4cdfd9-c6a5-4abe-9c92-0d36fb7e13b7;2025-05-09 12:29:13.7676;1202;None;;;;0.2649149;0.7104208;0.1230261;extension;0;;Moving to rest position;
8f4cdfd9-c6a5-4abe-9c92-0d36fb7e13b7;2025-05-09 12:29:13.7786;1203;None;;;;0.2648815;0.7104158;0.1230366;extension;0;;Moving to rest position;
8f4cdfd9-c6a5-4abe-9c92-0d36fb7e13b7;2025-05-09 12:29:13.7895;1204;None;;;;0.2650323;0.7103896;0.1230209;extension;0;;Moving to rest position;
8f4cdfd9-c6a5-4abe-9c92-0d36fb7e13b7;2025-05-09 12:29:13.8010;1205;None;;;;0.2650399;0.7105067;0.1229551;extension;0;;Moving to rest position;
8f4cdfd9-c6a5-4abe-9c92-0d36fb7e13b7;2025-05-09 12:29:13.8120;1206;None;;;;0.2650645;0.7105421;0.1229422;extension;0;;Moving to rest position;
8f4cdfd9-c6a5-4abe-9c92-0d36fb7e13b7;2025-05-09 12:29:13.8240;1207;None;;;;0.2650935;0.7106094;0.1229539;extension;0;;Moving to rest position;
8f4cdfd9-c6a5-4abe-9c92-0d36fb7e13b7;2025-05-09 12:29:13.8349;1208;None;;;;0.2651181;0.7104988;0.1229584;extension;0;;Moving to rest position;
8f4cdfd9-c6a5-4abe-9c92-0d36fb7e13b7;2025-05-09 12:29:13.8459;1209;None;;;;0.2651295;0.7105113;0.1229739;extension;0;;Moving to rest position;
8f4cdfd9-c6a5-4abe-9c92-0d36fb7e13b7;2025-05-09 12:29:13.8574;1210;None;;;;0.265177;0.7105114;0.1230106;extension;0;;Moving to rest position;
8f4cdfd9-c6a5-4abe-9c92-0d36fb7e13b7;2025-05-09 12:29:13.8679;1211;None;;;;0.2651443;0.7107306;0.123059;extension;0;;Moving to rest position;
8f4cdfd9-c6a5-4abe-9c92-0d36fb7e13b7;2025-05-09 12:29:13.8788;1212;None;;;;0.2651319;0.7107298;0.1230671;extension;0;;Moving to rest position;
8f4cdfd9-c6a5-4abe-9c92-0d36fb7e13b7;2025-05-09 12:29:13.8908;1213;None;;;;0.2650636;0.7107422;0.1230536;extension;0;;Moving to rest position;
8f4cdfd9-c6a5-4abe-9c92-0d36fb7e13b7;2025-05-09 12:29:13.9018;1214;None;;;;0.2650539;0.7107049;0.1230075;extension;0;;Moving to rest position;
8f4cdfd9-c6a5-4abe-9c92-0d36fb7e13b7;2025-05-09 12:29:13.9127;1215;None;;;;0.2650431;0.7106882;0.122978;extension;0;;Moving to rest position;
8f4cdfd9-c6a5-4abe-9c92-0d36fb7e13b7;2025-05-09 12:29:13.9242;1216;None;;;;0.2647187;0.710768;0.123019;extension;0;;Moving to rest position;
8f4cdfd9-c6a5-4abe-9c92-0d36fb7e13b7;2025-05-09 12:29:13.9352;1217;None;;;;0.2646781;0.710791;0.1229374;extension;0;;Moving to rest position;
8f4cdfd9-c6a5-4abe-9c92-0d36fb7e13b7;2025-05-09 12:29:13.9462;1218;None;;;;0.2646344;0.710775;0.1229205;extension;0;;Moving to rest position;
8f4cdfd9-c6a5-4abe-9c92-0d36fb7e13b7;2025-05-09 12:29:13.9571;1219;None;;;;0.2648175;0.7107369;0.1228769;extension;0;;Moving to rest position;
8f4cdfd9-c6a5-4abe-9c92-0d36fb7e13b7;2025-05-09 12:29:13.9691;1220;None;;;;0.2647774;0.7106996;0.1228468;extension;0;;Moving to rest position;
8f4cdfd9-c6a5-4abe-9c92-0d36fb7e13b7;2025-05-09 12:29:13.9801;1221;None;;;;0.2647239;0.7107072;0.1228166;extension;0;;Moving to rest position;
8f4cdfd9-c6a5-4abe-9c92-0d36fb7e13b7;2025-05-09 12:29:13.9910;1222;None;;;;0.2647282;0.7107512;0.1228015;extension;0;;Moving to rest position;
8f4cdfd9-c6a5-4abe-9c92-0d36fb7e13b7;2025-05-09 12:29:14.0020;1223;None;;;;0.2646428;0.7107321;0.1229646;extension;0;;Moving to rest position;
8f4cdfd9-c6a5-4abe-9c92-0d36fb7e13b7;2025-05-09 12:29:14.0130;1224;None;;;;0.2646185;0.7107536;0.1229556;extension;0;;Moving to rest position;
8f4cdfd9-c6a5-4abe-9c92-0d36fb7e13b7;2025-05-09 12:29:14.0249;1225;None;;;;0.2648522;0.7106763;0.122884;extension;0;;Moving to rest position;
8f4cdfd9-c6a5-4abe-9c92-0d36fb7e13b7;2025-05-09 12:29:14.0359;1226;None;;;;0.2648945;0.7104059;0.1229177;extension;0;;Moving to rest position;
8f4cdfd9-c6a5-4abe-9c92-0d36fb7e13b7;2025-05-09 12:29:14.0469;1227;None;;;;0.2649044;0.7104033;0.1229365;extension;0;;Moving to rest position;
8f4cdfd9-c6a5-4abe-9c92-0d36fb7e13b7;2025-05-09 12:29:14.0579;1228;None;;;;0.2648877;0.7104481;0.123023;extension;0;;Moving to rest position;
8f4cdfd9-c6a5-4abe-9c92-0d36fb7e13b7;2025-05-09 12:29:14.0698;1229;None;;;;0.2649382;0.7104728;0.1227884;extension;0;;Moving to rest position;
8f4cdfd9-c6a5-4abe-9c92-0d36fb7e13b7;2025-05-09 12:29:14.0798;1230;None;;;;0.2649429;0.7104814;0.1228087;extension;0;;Moving to rest position;
8f4cdfd9-c6a5-4abe-9c92-0d36fb7e13b7;2025-05-09 12:29:14.0918;1231;None;;;;0.2646753;0.710585;0.1228912;extension;0;;Moving to rest position;
8f4cdfd9-c6a5-4abe-9c92-0d36fb7e13b7;2025-05-09 12:29:14.1032;1232;None;;;;0.2646804;0.7105696;0.1227767;extension;0;;Moving to rest position;
8f4cdfd9-c6a5-4abe-9c92-0d36fb7e13b7;2025-05-09 12:29:14.1142;1233;None;;;;0.2646424;0.7105862;0.1227813;extension;0;;Moving to rest position;
8f4cdfd9-c6a5-4abe-9c92-0d36fb7e13b7;2025-05-09 12:29:14.1252;1234;None;;;;0.2647424;0.7105123;0.1227369;extension;0;;Moving to rest position;
8f4cdfd9-c6a5-4abe-9c92-0d36fb7e13b7;2025-05-09 12:29:14.1361;1235;None;;;;0.2646421;0.7106323;0.1230276;extension;0;;Moving to rest position;
8f4cdfd9-c6a5-4abe-9c92-0d36fb7e13b7;2025-05-09 12:29:14.1471;1236;None;;;;0.2646084;0.7106272;0.1230354;extension;0;;Moving to rest position;
8f4cdfd9-c6a5-4abe-9c92-0d36fb7e13b7;2025-05-09 12:29:14.1591;1237;None;;;;0.264649;0.7106519;0.1230726;extension;0;;Moving to rest position;
8f4cdfd9-c6a5-4abe-9c92-0d36fb7e13b7;2025-05-09 12:29:14.1701;1238;None;;;;0.264636;0.710645;0.1230316;extension;0;;Moving to rest position;
8f4cdfd9-c6a5-4abe-9c92-0d36fb7e13b7;2025-05-09 12:29:14.1810;1239;None;;;;0.2646204;0.7106439;0.1230011;extension;0;;Moving to rest position;
8f4cdfd9-c6a5-4abe-9c92-0d36fb7e13b7;2025-05-09 12:29:14.1920;1240;None;;;;0.2645197;0.7106507;0.1229479;extension;0;;Moving to rest position;
8f4cdfd9-c6a5-4abe-9c92-0d36fb7e13b7;2025-05-09 12:29:14.2035;1241;None;;;;0.2645067;0.7105445;0.122927;extension;0;;Moving to rest position;
8f4cdfd9-c6a5-4abe-9c92-0d36fb7e13b7;2025-05-09 12:29:14.2144;1242;None;;;;0.264483;0.7105143;0.1229076;extension;0;;Moving to rest position;
8f4cdfd9-c6a5-4abe-9c92-0d36fb7e13b7;2025-05-09 12:29:14.2254;1243;None;;;;0.2644653;0.710447;0.1228576;extension;0;;Moving to rest position;
8f4cdfd9-c6a5-4abe-9c92-0d36fb7e13b7;2025-05-09 12:29:14.2364;1244;None;;;;0.2644691;0.7102274;0.122834;extension;0;;Moving to rest position;
8f4cdfd9-c6a5-4abe-9c92-0d36fb7e13b7;2025-05-09 12:29:14.2484;1245;None;;;;0.264486;0.7101429;0.1227829;extension;0;;Moving to rest position;
8f4cdfd9-c6a5-4abe-9c92-0d36fb7e13b7;2025-05-09 12:29:14.2593;1246;None;;;;0.2644725;0.7100892;0.1227865;extension;0;;Moving to rest position;
8f4cdfd9-c6a5-4abe-9c92-0d36fb7e13b7;2025-05-09 12:29:14.2703;1247;None;;;;0.2644095;0.7101105;0.1229458;extension;0;;Moving to rest position;
8f4cdfd9-c6a5-4abe-9c92-0d36fb7e13b7;2025-05-09 12:29:14.2813;1248;None;;;;0.2643741;0.7100785;0.1229508;extension;0;;Moving to rest position;
8f4cdfd9-c6a5-4abe-9c92-0d36fb7e13b7;2025-05-09 12:29:14.2928;1249;None;;;;0.2645142;0.7100028;0.1229091;extension;0;;Moving to rest position;
8f4cdfd9-c6a5-4abe-9c92-0d36fb7e13b7;2025-05-09 12:29:14.3038;1250;None;;;;0.2644615;0.7102131;0.1228185;extension;0;;Moving to rest position;
8f4cdfd9-c6a5-4abe-9c92-0d36fb7e13b7;2025-05-09 12:29:14.3158;1251;None;;;;0.2644117;0.7102214;0.1227994;extension;0;;Moving to rest position;
8f4cdfd9-c6a5-4abe-9c92-0d36fb7e13b7;2025-05-09 12:29:14.3267;1252;None;;;;0.2643668;0.7102629;0.1228147;extension;0;;Moving to rest position;
8f4cdfd9-c6a5-4abe-9c92-0d36fb7e13b7;2025-05-09 12:29:14.3377;1253;None;;;;0.2643201;0.7103465;0.1228502;extension;0;;Moving to rest position;
8f4cdfd9-c6a5-4abe-9c92-0d36fb7e13b7;2025-05-09 12:29:14.3487;1254;None;;;;0.2643044;0.7104111;0.1228452;extension;0;;Moving to rest position;
8f4cdfd9-c6a5-4abe-9c92-0d36fb7e13b7;2025-05-09 12:29:14.3596;1255;None;;;;0.264289;0.7104452;0.1228139;extension;0;;Moving to rest position;
8f4cdfd9-c6a5-4abe-9c92-0d36fb7e13b7;2025-05-09 12:29:14.3706;1256;None;;;;0.2643;0.7103946;0.122844;extension;0;;Moving to rest position;
8f4cdfd9-c6a5-4abe-9c92-0d36fb7e13b7;2025-05-09 12:29:14.3816;1257;None;;;;0.2643478;0.7104379;0.1228328;extension;0;;Moving to rest position;
8f4cdfd9-c6a5-4abe-9c92-0d36fb7e13b7;2025-05-09 12:29:14.3936;1258;None;;;;0.2643363;0.7104928;0.122849;extension;0;;Moving to rest position;
8f4cdfd9-c6a5-4abe-9c92-0d36fb7e13b7;2025-05-09 12:29:14.4050;1259;None;;;;0.2644287;0.7101982;0.1227002;extension;0;;Moving to rest position;
8f4cdfd9-c6a5-4abe-9c92-0d36fb7e13b7;2025-05-09 12:29:14.4150;1260;None;;;;0.2644327;0.7102251;0.1227171;extension;0;;Moving to rest position;
8f4cdfd9-c6a5-4abe-9c92-0d36fb7e13b7;2025-05-09 12:29:14.4270;1261;None;;;;0.264209;0.7100874;0.1225092;extension;0;;Moving to rest position;
8f4cdfd9-c6a5-4abe-9c92-0d36fb7e13b7;2025-05-09 12:29:14.4379;1262;None;;;;0.2641687;0.7100935;0.1225042;extension;0;;Moving to rest position;
8f4cdfd9-c6a5-4abe-9c92-0d36fb7e13b7;2025-05-09 12:29:14.4489;1263;None;;;;0.2642266;0.7100132;0.1224167;extension;0;;Moving to rest position;
8f4cdfd9-c6a5-4abe-9c92-0d36fb7e13b7;2025-05-09 12:29:14.4599;1264;None;;;;0.2641642;0.7100146;0.1224134;extension;0;;Moving to rest position;
8f4cdfd9-c6a5-4abe-9c92-0d36fb7e13b7;2025-05-09 12:29:14.4719;1265;None;;;;0.2640916;0.710108;0.1225059;extension;0;;Moving to rest position;
8f4cdfd9-c6a5-4abe-9c92-0d36fb7e13b7;2025-05-09 12:29:14.4828;1266;None;;;;0.2639368;0.7101564;0.1225834;extension;0;;Moving to rest position;
8f4cdfd9-c6a5-4abe-9c92-0d36fb7e13b7;2025-05-09 12:29:14.4938;1267;None;;;;0.2638932;0.7101442;0.1226008;extension;0;;Moving to rest position;
8f4cdfd9-c6a5-4abe-9c92-0d36fb7e13b7;2025-05-09 12:29:14.5053;1268;None;;;;0.2638277;0.7101855;0.1225994;extension;0;;Moving to rest position;
8f4cdfd9-c6a5-4abe-9c92-0d36fb7e13b7;2025-05-09 12:29:14.5163;1269;None;;;;0.2638562;0.710157;0.122592;extension;0;;Moving to rest position;
8f4cdfd9-c6a5-4abe-9c92-0d36fb7e13b7;2025-05-09 12:29:14.5272;1270;None;;;;0.2637751;0.7101544;0.1225722;extension;0;;Moving to rest position;
8f4cdfd9-c6a5-4abe-9c92-0d36fb7e13b7;2025-05-09 12:29:14.5382;1271;None;;;;0.2637385;0.7099535;0.1224365;extension;0;;Moving to rest position;
8f4cdfd9-c6a5-4abe-9c92-0d36fb7e13b7;2025-05-09 12:29:14.5502;1272;None;;;;0.2637698;0.7099124;0.1223574;extension;0;;Moving to rest position;
8f4cdfd9-c6a5-4abe-9c92-0d36fb7e13b7;2025-05-09 12:29:14.5611;1273;None;;;;0.2637151;0.7099136;0.1223106;extension;0;;Moving to rest position;
8f4cdfd9-c6a5-4abe-9c92-0d36fb7e13b7;2025-05-09 12:29:14.5717;1274;None;;;;0.2637117;0.7095312;0.1221766;extension;0;;Moving to rest position;
8f4cdfd9-c6a5-4abe-9c92-0d36fb7e13b7;2025-05-09 12:29:14.5837;1275;None;;;;0.2638144;0.7094839;0.1221511;extension;0;;Moving to rest position;
8f4cdfd9-c6a5-4abe-9c92-0d36fb7e13b7;2025-05-09 12:29:14.5946;1276;None;;;;0.2638212;0.7094707;0.1221645;extension;0;;Moving to rest position;
8f4cdfd9-c6a5-4abe-9c92-0d36fb7e13b7;2025-05-09 12:29:14.6056;1277;None;;;;0.2638542;0.7094637;0.1220343;extension;0;;Moving to rest position;
8f4cdfd9-c6a5-4abe-9c92-0d36fb7e13b7;2025-05-09 12:29:14.6176;1278;None;;;;0.2638612;0.7094654;0.1220286;extension;0;;Moving to rest position;
8f4cdfd9-c6a5-4abe-9c92-0d36fb7e13b7;2025-05-09 12:29:14.6275;1279;None;;;;0.2641777;0.7094337;0.122016;extension;0;;Moving to rest position;
8f4cdfd9-c6a5-4abe-9c92-0d36fb7e13b7;2025-05-09 12:29:14.6390;1280;None;;;;0.2641839;0.7096598;0.1220417;extension;0;;Moving to rest position;
8f4cdfd9-c6a5-4abe-9c92-0d36fb7e13b7;2025-05-09 12:29:14.6505;1281;None;;;;0.2641618;0.7096641;0.1219947;extension;0;;Moving to rest position;
8f4cdfd9-c6a5-4abe-9c92-0d36fb7e13b7;2025-05-09 12:29:14.6615;1282;None;;;;0.2641973;0.7096602;0.1219571;extension;0;;Moving to rest position;
8f4cdfd9-c6a5-4abe-9c92-0d36fb7e13b7;2025-05-09 12:29:14.6724;1283;None;;;;0.2642391;0.70943;0.1219602;extension;0;;Moving to rest position;
8f4cdfd9-c6a5-4abe-9c92-0d36fb7e13b7;2025-05-09 12:29:14.6854;1284;None;;;;0.2640691;0.7094152;0.121943;extension;0;;Moving to rest position;
8f4cdfd9-c6a5-4abe-9c92-0d36fb7e13b7;2025-05-09 12:29:14.6944;1285;None;;;;0.2640321;0.7093712;0.1219122;extension;0;;Moving to rest position;
8f4cdfd9-c6a5-4abe-9c92-0d36fb7e13b7;2025-05-09 12:29:14.7059;1286;None;;;;0.2640026;0.7094202;0.1218824;extension;0;;Moving to rest position;
8f4cdfd9-c6a5-4abe-9c92-0d36fb7e13b7;2025-05-09 12:29:14.7168;1287;None;;;;0.263962;0.7093827;0.1218293;extension;0;;Moving to rest position;
8f4cdfd9-c6a5-4abe-9c92-0d36fb7e13b7;2025-05-09 12:29:14.7278;1288;None;;;;0.2639036;0.7095876;0.1218514;extension;0;;Moving to rest position;
8f4cdfd9-c6a5-4abe-9c92-0d36fb7e13b7;2025-05-09 12:29:14.7388;1289;None;;;;0.2638969;0.7095726;0.1218073;extension;0;;Moving to rest position;
8f4cdfd9-c6a5-4abe-9c92-0d36fb7e13b7;2025-05-09 12:29:14.7497;1290;None;;;;0.2639072;0.7095603;0.1217785;extension;0;;Moving to rest position;
8f4cdfd9-c6a5-4abe-9c92-0d36fb7e13b7;2025-05-09 12:29:14.7617;1291;None;;;;0.2639458;0.7095369;0.1217508;extension;0;;Moving to rest position;
8f4cdfd9-c6a5-4abe-9c92-0d36fb7e13b7;2025-05-09 12:29:14.7727;1292;None;;;;0.2639915;0.7094461;0.121768;extension;0;;Moving to rest position;
8f4cdfd9-c6a5-4abe-9c92-0d36fb7e13b7;2025-05-09 12:29:14.7836;1293;None;;;;0.2639191;0.7094595;0.1217878;extension;0;;Moving to rest position;
8f4cdfd9-c6a5-4abe-9c92-0d36fb7e13b7;2025-05-09 12:29:14.7946;1294;None;;;;0.2639101;0.7093279;0.1220913;extension;0;;Moving to rest position;
8f4cdfd9-c6a5-4abe-9c92-0d36fb7e13b7;2025-05-09 12:29:14.8061;1295;None;;;;0.2639411;0.7092837;0.1221037;extension;0;;Moving to rest position;
8f4cdfd9-c6a5-4abe-9c92-0d36fb7e13b7;2025-05-09 12:29:14.8171;1296;None;;;;0.2640857;0.7091959;0.1220791;extension;0;;Moving to rest position;
8f4cdfd9-c6a5-4abe-9c92-0d36fb7e13b7;2025-05-09 12:29:14.8280;1297;None;;;;0.2640378;0.7094114;0.1221862;extension;0;;Moving to rest position;
8f4cdfd9-c6a5-4abe-9c92-0d36fb7e13b7;2025-05-09 12:29:14.8390;1298;None;;;;0.2640283;0.7093953;0.1221726;extension;0;;Moving to rest position;
8f4cdfd9-c6a5-4abe-9c92-0d36fb7e13b7;2025-05-09 12:29:14.8510;1299;None;;;;0.2638252;0.7094277;0.1221788;extension;0;;Moving to rest position;
8f4cdfd9-c6a5-4abe-9c92-0d36fb7e13b7;2025-05-09 12:29:14.8619;1300;None;;;;0.263778;0.7094429;0.1221552;extension;0;;Moving to rest position;
8f4cdfd9-c6a5-4abe-9c92-0d36fb7e13b7;2025-05-09 12:29:14.8734;1301;None;;;;0.2637182;0.7095046;0.1223135;extension;0;;Moving to rest position;
8f4cdfd9-c6a5-4abe-9c92-0d36fb7e13b7;2025-05-09 12:29:14.8844;1302;None;;;;0.263793;0.7094526;0.1222398;extension;0;;Moving to rest position;
8f4cdfd9-c6a5-4abe-9c92-0d36fb7e13b7;2025-05-09 12:29:14.8949;1303;None;;;;0.2637763;0.7096835;0.1222603;extension;0;;Moving to rest position;
8f4cdfd9-c6a5-4abe-9c92-0d36fb7e13b7;2025-05-09 12:29:14.9068;1304;None;;;;0.2637908;0.7097785;0.1222818;extension;0;;Moving to rest position;
8f4cdfd9-c6a5-4abe-9c92-0d36fb7e13b7;2025-05-09 12:29:14.9178;1305;None;;;;0.2638332;0.7099152;0.1223118;extension;0;;Moving to rest position;
8f4cdfd9-c6a5-4abe-9c92-0d36fb7e13b7;2025-05-09 12:29:14.9288;1306;None;;;;0.2641068;0.7102832;0.1223152;extension;0;;Moving to rest position;
8f4cdfd9-c6a5-4abe-9c92-0d36fb7e13b7;2025-05-09 12:29:14.9397;1307;None;;;;0.2644539;0.7108455;0.122515;extension;0;;Moving to rest position;
8f4cdfd9-c6a5-4abe-9c92-0d36fb7e13b7;2025-05-09 12:29:14.9507;1308;None;;;;0.2648911;0.7118442;0.1227772;extension;0;;Moving to rest position;
8f4cdfd9-c6a5-4abe-9c92-0d36fb7e13b7;2025-05-09 12:29:14.9627;1309;None;;;;0.2663363;0.7128835;0.1230249;extension;0;;Moving to rest position;
8f4cdfd9-c6a5-4abe-9c92-0d36fb7e13b7;2025-05-09 12:29:14.9737;1310;None;;;;0.2680843;0.7148165;0.1236639;extension;0;;Moving to rest position;
8f4cdfd9-c6a5-4abe-9c92-0d36fb7e13b7;2025-05-09 12:29:14.9846;1311;None;;;;0.2693951;0.7167492;0.1242533;extension;0;;Moving to rest position;
8f4cdfd9-c6a5-4abe-9c92-0d36fb7e13b7;2025-05-09 12:29:14.9956;1312;None;;;;0.2706817;0.7190483;0.1257319;extension;0;;Moving to rest position;
8f4cdfd9-c6a5-4abe-9c92-0d36fb7e13b7;2025-05-09 12:29:15.0066;1313;None;;;;0.2722135;0.7208912;0.1268625;extension;0;;Moving to rest position;
8f4cdfd9-c6a5-4abe-9c92-0d36fb7e13b7;2025-05-09 12:29:15.0186;1314;None;;;;0.2733368;0.7226766;0.1278052;extension;0;;Moving to rest position;
8f4cdfd9-c6a5-4abe-9c92-0d36fb7e13b7;2025-05-09 12:29:15.0295;1315;None;;;;0.2744606;0.7242726;0.1290359;extension;0;;Moving to rest position;
8f4cdfd9-c6a5-4abe-9c92-0d36fb7e13b7;2025-05-09 12:29:15.0405;1316;None;;;;0.2751881;0.7258698;0.1294665;extension;0;;Moving to rest position;
8f4cdfd9-c6a5-4abe-9c92-0d36fb7e13b7;2025-05-09 12:29:15.0515;1317;None;;;;0.27564;0.727355;0.1294839;extension;0;;Moving to rest position;
8f4cdfd9-c6a5-4abe-9c92-0d36fb7e13b7;2025-05-09 12:29:15.0634;1318;None;;;;0.2756181;0.7289094;0.1291227;extension;0;;Moving to rest position;
8f4cdfd9-c6a5-4abe-9c92-0d36fb7e13b7;2025-05-09 12:29:15.0744;1319;None;;;;0.2751803;0.730571;0.1285484;extension;0;;Moving to rest position;
8f4cdfd9-c6a5-4abe-9c92-0d36fb7e13b7;2025-05-09 12:29:15.0854;1320;None;;;;0.27471;0.7322148;0.1280394;extension;0;;Moving to rest position;
8f4cdfd9-c6a5-4abe-9c92-0d36fb7e13b7;2025-05-09 12:29:15.0963;1321;None;;;;0.2736899;0.7340379;0.1271567;extension;0;;Moving to rest position;
8f4cdfd9-c6a5-4abe-9c92-0d36fb7e13b7;2025-05-09 12:29:15.1078;1322;None;;;;0.2729731;0.7361453;0.1265547;extension;0;;Moving to rest position;
8f4cdfd9-c6a5-4abe-9c92-0d36fb7e13b7;2025-05-09 12:29:15.1188;1323;None;;;;0.2724702;0.7382928;0.1260619;extension;0;;Moving to rest position;
8f4cdfd9-c6a5-4abe-9c92-0d36fb7e13b7;2025-05-09 12:29:15.1308;1324;None;;;;0.2721956;0.74075;0.1256564;extension;0;;Moving to rest position;
8f4cdfd9-c6a5-4abe-9c92-0d36fb7e13b7;2025-05-09 12:29:15.1417;1325;None;;;;0.2723007;0.7433826;0.1253629;extension;0;;Moving to rest position;
8f4cdfd9-c6a5-4abe-9c92-0d36fb7e13b7;2025-05-09 12:29:15.1527;1326;None;;;;0.2722411;0.7457038;0.1250176;extension;0;;Moving to rest position;
8f4cdfd9-c6a5-4abe-9c92-0d36fb7e13b7;2025-05-09 12:29:15.1637;1327;None;;;;0.2726378;0.7481513;0.1247237;extension;0;;Moving to rest position;
8f4cdfd9-c6a5-4abe-9c92-0d36fb7e13b7;2025-05-09 12:29:15.1747;1328;None;;;;0.2731714;0.7506415;0.1244016;extension;0;;Moving to rest position;
8f4cdfd9-c6a5-4abe-9c92-0d36fb7e13b7;2025-05-09 12:29:15.1866;1329;None;;;;0.2735999;0.7531343;0.1240044;extension;0;;Moving to rest position;
8f4cdfd9-c6a5-4abe-9c92-0d36fb7e13b7;2025-05-09 12:29:15.1976;1330;None;;;;0.2741477;0.7556713;0.123354;extension;0;;Moving to rest position;
8f4cdfd9-c6a5-4abe-9c92-0d36fb7e13b7;2025-05-09 12:29:15.2091;1331;None;;;;0.2745559;0.7581174;0.1226459;extension;0;;Moving to rest position;
8f4cdfd9-c6a5-4abe-9c92-0d36fb7e13b7;2025-05-09 12:29:15.2200;1332;None;;;;0.2749181;0.760529;0.1219299;extension;0;;Moving to rest position;
8f4cdfd9-c6a5-4abe-9c92-0d36fb7e13b7;2025-05-09 12:29:15.2310;1333;None;;;;0.275234;0.7628776;0.1211126;extension;0;;Moving to rest position;
8f4cdfd9-c6a5-4abe-9c92-0d36fb7e13b7;2025-05-09 12:29:15.2420;1334;None;;;;0.2754244;0.7651131;0.1203146;extension;0;;Moving to rest position;
8f4cdfd9-c6a5-4abe-9c92-0d36fb7e13b7;2025-05-09 12:29:15.2530;1335;None;;;;0.2755364;0.7672994;0.1195683;extension;0;;Moving to rest position;
8f4cdfd9-c6a5-4abe-9c92-0d36fb7e13b7;2025-05-09 12:29:15.2649;1336;None;;;;0.2752681;0.7691139;0.1188078;extension;0;;Moving to rest position;
8f4cdfd9-c6a5-4abe-9c92-0d36fb7e13b7;2025-05-09 12:29:15.2759;1337;None;;;;0.2749417;0.7708319;0.1180825;extension;0;;Moving to rest position;
8f4cdfd9-c6a5-4abe-9c92-0d36fb7e13b7;2025-05-09 12:29:15.2869;1338;None;;;;0.2746354;0.7725118;0.1174018;extension;0;;Moving to rest position;
8f4cdfd9-c6a5-4abe-9c92-0d36fb7e13b7;2025-05-09 12:29:15.2978;1339;None;;;;0.2741535;0.7740295;0.1168113;extension;0;;Moving to rest position;
8f4cdfd9-c6a5-4abe-9c92-0d36fb7e13b7;2025-05-09 12:29:15.3088;1340;None;;;;0.2736491;0.7755771;0.1163311;extension;0;;Moving to rest position;
8f4cdfd9-c6a5-4abe-9c92-0d36fb7e13b7;2025-05-09 12:29:15.3208;1341;None;;;;0.2731878;0.7771641;0.1158855;extension;0;;Moving to rest position;
8f4cdfd9-c6a5-4abe-9c92-0d36fb7e13b7;2025-05-09 12:29:15.3318;1342;None;;;;0.2726681;0.7786586;0.1155794;extension;0;;Moving to rest position;
8f4cdfd9-c6a5-4abe-9c92-0d36fb7e13b7;2025-05-09 12:29:15.3427;1343;None;;;;0.272161;0.7801261;0.1153445;extension;0;;Moving to rest position;
8f4cdfd9-c6a5-4abe-9c92-0d36fb7e13b7;2025-05-09 12:29:15.3537;1344;None;;;;0.2717238;0.7815053;0.1152074;extension;0;;Moving to rest position;
8f4cdfd9-c6a5-4abe-9c92-0d36fb7e13b7;2025-05-09 12:29:15.3647;1345;None;;;;0.2713411;0.7828306;0.1151392;extension;0;;Moving to rest position;
8f4cdfd9-c6a5-4abe-9c92-0d36fb7e13b7;2025-05-09 12:29:15.3761;1346;None;;;;0.2710911;0.7840383;0.1151202;extension;0;;Moving to rest position;
8f4cdfd9-c6a5-4abe-9c92-0d36fb7e13b7;2025-05-09 12:29:15.3871;1347;None;;;;0.2709133;0.7852567;0.1151097;extension;0;;Moving to rest position;
8f4cdfd9-c6a5-4abe-9c92-0d36fb7e13b7;2025-05-09 12:29:15.3991;1348;None;;;;0.2710341;0.786346;0.1152925;extension;0;;Moving to rest position;
8f4cdfd9-c6a5-4abe-9c92-0d36fb7e13b7;2025-05-09 12:29:15.4096;1349;None;;;;0.2710671;0.787479;0.1154182;extension;0;;Moving to rest position;
8f4cdfd9-c6a5-4abe-9c92-0d36fb7e13b7;2025-05-09 12:29:15.4205;1350;None;;;;0.271163;0.7885512;0.1155894;extension;0;;Moving to rest position;
8f4cdfd9-c6a5-4abe-9c92-0d36fb7e13b7;2025-05-09 12:29:15.4325;1351;None;;;;0.2713416;0.7895279;0.1158235;extension;0;;Moving to rest position;
8f4cdfd9-c6a5-4abe-9c92-0d36fb7e13b7;2025-05-09 12:29:15.4435;1352;None;;;;0.2713923;0.7903724;0.1160383;extension;0;;Moving to rest position;
8f4cdfd9-c6a5-4abe-9c92-0d36fb7e13b7;2025-05-09 12:29:15.4544;1353;None;;;;0.2713604;0.7911862;0.1161888;extension;0;;Moving to rest position;
8f4cdfd9-c6a5-4abe-9c92-0d36fb7e13b7;2025-05-09 12:29:15.4664;1354;None;;;;0.2712504;0.7916977;0.1163135;extension;0;;Moving to rest position;
8f4cdfd9-c6a5-4abe-9c92-0d36fb7e13b7;2025-05-09 12:29:15.4769;1355;None;;;;0.2711054;0.7920846;0.1164458;extension;0;;Moving to rest position;
8f4cdfd9-c6a5-4abe-9c92-0d36fb7e13b7;2025-05-09 12:29:15.4879;1356;None;;;;0.2709554;0.7925154;0.1165731;extension;0;;Moving to rest position;
8f4cdfd9-c6a5-4abe-9c92-0d36fb7e13b7;2025-05-09 12:29:15.4998;1357;None;;;;0.2707264;0.7928282;0.1167042;extension;0;;Moving to rest position;
8f4cdfd9-c6a5-4abe-9c92-0d36fb7e13b7;2025-05-09 12:29:15.5108;1358;None;;;;0.2704834;0.7931138;0.1168096;extension;0;;Moving to rest position;
8f4cdfd9-c6a5-4abe-9c92-0d36fb7e13b7;2025-05-09 12:29:15.5218;1359;None;;;;0.2839359;0.7915025;0.1121387;extension;0;;Moving to rest position;
8f4cdfd9-c6a5-4abe-9c92-0d36fb7e13b7;2025-05-09 12:29:15.5327;1360;None;;;;0.2849529;0.7945759;0.1066015;extension;0;;Moving to rest position;
8f4cdfd9-c6a5-4abe-9c92-0d36fb7e13b7;2025-05-09 12:29:15.5437;1361;None;;;;0.285095;0.7948563;0.1063423;extension;0;;Moving to rest position;
8f4cdfd9-c6a5-4abe-9c92-0d36fb7e13b7;2025-05-09 12:29:15.5547;1362;None;;;;0.2848434;0.7932118;0.103559;extension;0;;Moving to rest position;
8f4cdfd9-c6a5-4abe-9c92-0d36fb7e13b7;2025-05-09 12:29:15.5666;1363;None;;;;0.2846459;0.7943841;0.1041698;extension;0;;Moving to rest position;
8f4cdfd9-c6a5-4abe-9c92-0d36fb7e13b7;2025-05-09 12:29:15.5776;1364;None;;;;0.2848271;0.7945058;0.1038935;extension;0;;Moving to rest position;
8f4cdfd9-c6a5-4abe-9c92-0d36fb7e13b7;2025-05-09 12:29:15.5886;1365;None;;;;0.2847669;0.7943636;0.1032209;extension;0;;Moving to rest position;
8f4cdfd9-c6a5-4abe-9c92-0d36fb7e13b7;2025-05-09 12:29:15.5996;1366;None;;;;0.2848184;0.7956048;0.1036074;extension;0;;Moving to rest position;
8f4cdfd9-c6a5-4abe-9c92-0d36fb7e13b7;2025-05-09 12:29:15.6105;1367;None;;;;0.2851404;0.7959442;0.103478;extension;0;;Moving to rest position;
8f4cdfd9-c6a5-4abe-9c92-0d36fb7e13b7;2025-05-09 12:29:15.6225;1368;None;;;;0.2847209;0.7968678;0.103894;extension;0;;Moving to rest position;
8f4cdfd9-c6a5-4abe-9c92-0d36fb7e13b7;2025-05-09 12:29:15.6335;1369;None;;;;0.2844626;0.7982397;0.105247;extension;0;;Moving to rest position;
8f4cdfd9-c6a5-4abe-9c92-0d36fb7e13b7;2025-05-09 12:29:15.6445;1370;None;;;;0.2846615;0.7985171;0.105015;extension;0;;Moving to rest position;
8f4cdfd9-c6a5-4abe-9c92-0d36fb7e13b7;2025-05-09 12:29:15.6554;1371;None;;;;0.2849141;0.798321;0.1041236;extension;0;;Moving to rest position;
8f4cdfd9-c6a5-4abe-9c92-0d36fb7e13b7;2025-05-09 12:29:15.6674;1372;None;;;;0.2848665;0.7990885;0.1046391;extension;0;;Moving to rest position;
8f4cdfd9-c6a5-4abe-9c92-0d36fb7e13b7;2025-05-09 12:29:15.6784;1373;None;;;;0.2850869;0.7993287;0.1043153;extension;0;;Moving to rest position;
8f4cdfd9-c6a5-4abe-9c92-0d36fb7e13b7;2025-05-09 12:29:15.6893;1374;None;;;;0.285249;0.7993957;0.103729;extension;0;;Moving to rest position;
8f4cdfd9-c6a5-4abe-9c92-0d36fb7e13b7;2025-05-09 12:29:15.7003;1375;None;;;;0.2854098;0.7998403;0.1035256;extension;0;;Moving to rest position;
8f4cdfd9-c6a5-4abe-9c92-0d36fb7e13b7;2025-05-09 12:29:15.7113;1376;None;;;;0.2856025;0.8001146;0.1032507;extension;0;;Moving to rest position;
8f4cdfd9-c6a5-4abe-9c92-0d36fb7e13b7;2025-05-09 12:29:15.7222;1377;None;;;;0.2859027;0.8004138;0.1029887;extension;0;;Moving to rest position;
8f4cdfd9-c6a5-4abe-9c92-0d36fb7e13b7;2025-05-09 12:29:15.7342;1378;None;;;;0.285957;0.8011206;0.1030316;extension;0;;Moving to rest position;
8f4cdfd9-c6a5-4abe-9c92-0d36fb7e13b7;2025-05-09 12:29:15.7452;1379;None;;;;0.28612;0.8014708;0.1027575;extension;0;;Moving to rest position;
8f4cdfd9-c6a5-4abe-9c92-0d36fb7e13b7;2025-05-09 12:29:15.7562;1380;None;;;;0.2863707;0.8015503;0.102109;extension;0;;Moving to rest position;
8f4cdfd9-c6a5-4abe-9c92-0d36fb7e13b7;2025-05-09 12:29:15.7671;1381;None;;;;0.2864367;0.802217;0.1022916;extension;0;;Moving to rest position;
8f4cdfd9-c6a5-4abe-9c92-0d36fb7e13b7;2025-05-09 12:29:15.7781;1382;None;;;;0.2866621;0.8025229;0.1020658;extension;0;;Moving to rest position;
8f4cdfd9-c6a5-4abe-9c92-0d36fb7e13b7;2025-05-09 12:29:15.7891;1383;None;;;;0.2868793;0.8027724;0.1018515;extension;0;;Moving to rest position;
8f4cdfd9-c6a5-4abe-9c92-0d36fb7e13b7;2025-05-09 12:29:15.8010;1384;None;;;;0.2870369;0.8033826;0.1022999;extension;0;;Moving to rest position;
8f4cdfd9-c6a5-4abe-9c92-0d36fb7e13b7;2025-05-09 12:29:15.8120;1385;None;;;;0.2873282;0.8037282;0.1022465;extension;0;;Moving to rest position;
8f4cdfd9-c6a5-4abe-9c92-0d36fb7e13b7;2025-05-09 12:29:15.8230;1386;None;;;;0.2876029;0.8038683;0.1020076;extension;0;;Moving to rest position;
8f4cdfd9-c6a5-4abe-9c92-0d36fb7e13b7;2025-05-09 12:29:15.8349;1387;None;;;;0.2877949;0.8043617;0.1024387;extension;0;;Moving to rest position;
8f4cdfd9-c6a5-4abe-9c92-0d36fb7e13b7;2025-05-09 12:29:15.8449;1388;None;;;;0.2880685;0.8045926;0.1023767;extension;0;;Moving to rest position;
8f4cdfd9-c6a5-4abe-9c92-0d36fb7e13b7;2025-05-09 12:29:15.8569;1389;None;;;;0.2884703;0.8044003;0.1018496;extension;0;;Moving to rest position;
8f4cdfd9-c6a5-4abe-9c92-0d36fb7e13b7;2025-05-09 12:29:15.8674;1390;None;;;;0.2886281;0.8049662;0.101989;extension;0;;Moving to rest position;
8f4cdfd9-c6a5-4abe-9c92-0d36fb7e13b7;2025-05-09 12:29:15.8793;1391;None;;;;0.2888675;0.8050404;0.1018002;extension;0;;Moving to rest position;
8f4cdfd9-c6a5-4abe-9c92-0d36fb7e13b7;2025-05-09 12:29:15.8903;1392;None;;;;0.2892656;0.8049898;0.1014636;extension;0;;Moving to rest position;
8f4cdfd9-c6a5-4abe-9c92-0d36fb7e13b7;2025-05-09 12:29:15.9013;1393;None;;;;0.2893635;0.8056114;0.1015983;extension;0;;Moving to rest position;
8f4cdfd9-c6a5-4abe-9c92-0d36fb7e13b7;2025-05-09 12:29:15.9133;1394;None;;;;0.2896212;0.8057244;0.1013253;extension;0;;Moving to rest position;
8f4cdfd9-c6a5-4abe-9c92-0d36fb7e13b7;2025-05-09 12:29:15.9232;1395;None;;;;0.2899489;0.8057548;0.1010001;extension;0;;Moving to rest position;
8f4cdfd9-c6a5-4abe-9c92-0d36fb7e13b7;2025-05-09 12:29:15.9352;1396;None;;;;0.2901055;0.8061221;0.1010909;extension;0;;Moving to rest position;
8f4cdfd9-c6a5-4abe-9c92-0d36fb7e13b7;2025-05-09 12:29:15.9462;1397;None;;;;0.2904055;0.8061194;0.1008067;extension;0;;Moving to rest position;
8f4cdfd9-c6a5-4abe-9c92-0d36fb7e13b7;2025-05-09 12:29:15.9571;1398;None;;;;0.2906177;0.8060715;0.1004117;extension;0;;Moving to rest position;
8f4cdfd9-c6a5-4abe-9c92-0d36fb7e13b7;2025-05-09 12:29:15.9681;1399;None;;;;0.2908038;0.8063928;0.1004963;extension;0;;Moving to rest position;
8f4cdfd9-c6a5-4abe-9c92-0d36fb7e13b7;2025-05-09 12:29:15.9791;1400;None;;;;0.2911806;0.8063802;0.1000743;extension;0;;Moving to rest position;
8f4cdfd9-c6a5-4abe-9c92-0d36fb7e13b7;2025-05-09 12:29:15.9910;1401;None;;;;0.2916561;0.8062941;0.09951997;extension;0;;Moving to rest position;
8f4cdfd9-c6a5-4abe-9c92-0d36fb7e13b7;2025-05-09 12:29:16.0015;1402;None;;;;0.2920316;0.8065557;0.09938884;extension;0;;Moving to rest position;
8f4cdfd9-c6a5-4abe-9c92-0d36fb7e13b7;2025-05-09 12:29:16.0125;1403;None;;;;0.2926355;0.8065733;0.09882832;extension;0;;Moving to rest position;
8f4cdfd9-c6a5-4abe-9c92-0d36fb7e13b7;2025-05-09 12:29:16.0245;1404;None;;;;0.2934961;0.8064029;0.09784079;extension;0;;Moving to rest position;
8f4cdfd9-c6a5-4abe-9c92-0d36fb7e13b7;2025-05-09 12:29:16.0354;1405;None;;;;0.2940551;0.8065951;0.09758973;extension;0;;Moving to rest position;
8f4cdfd9-c6a5-4abe-9c92-0d36fb7e13b7;2025-05-09 12:29:16.0464;1406;None;;;;0.2948823;0.8066601;0.09666324;extension;0;;Moving to rest position;
8f4cdfd9-c6a5-4abe-9c92-0d36fb7e13b7;2025-05-09 12:29:16.0574;1407;None;;;;0.2954237;0.8066115;0.0953536;extension;0;;Moving to rest position;
8f4cdfd9-c6a5-4abe-9c92-0d36fb7e13b7;2025-05-09 12:29:16.0693;1408;None;;;;0.2961383;0.8070382;0.09441686;extension;0;;Moving to rest position;
8f4cdfd9-c6a5-4abe-9c92-0d36fb7e13b7;2025-05-09 12:29:16.0803;1409;None;;;;0.2968636;0.8073121;0.09323645;extension;0;;Moving to rest position;
8f4cdfd9-c6a5-4abe-9c92-0d36fb7e13b7;2025-05-09 12:29:16.0913;1410;None;;;;0.2978219;0.8074155;0.09178042;extension;0;;Moving to rest position;
8f4cdfd9-c6a5-4abe-9c92-0d36fb7e13b7;2025-05-09 12:29:16.1028;1411;None;;;;0.2986326;0.808116;0.09079266;extension;0;;Moving to rest position;
8f4cdfd9-c6a5-4abe-9c92-0d36fb7e13b7;2025-05-09 12:29:16.1137;1412;None;;;;0.2995781;0.8086456;0.08959913;extension;0;;Moving to rest position;
8f4cdfd9-c6a5-4abe-9c92-0d36fb7e13b7;2025-05-09 12:29:16.1247;1413;None;;;;0.3009114;0.8090847;0.08827281;extension;0;;Moving to rest position;
8f4cdfd9-c6a5-4abe-9c92-0d36fb7e13b7;2025-05-09 12:29:16.1357;1414;None;;;;0.3020218;0.8097522;0.08729196;extension;0;;Moving to rest position;
8f4cdfd9-c6a5-4abe-9c92-0d36fb7e13b7;2025-05-09 12:29:16.1476;1415;None;;;;0.3032713;0.810493;0.08615398;extension;0;;Moving to rest position;
8f4cdfd9-c6a5-4abe-9c92-0d36fb7e13b7;2025-05-09 12:29:16.1586;1416;None;;;;0.3048971;0.8111598;0.08493781;extension;0;;Moving to rest position;
8f4cdfd9-c6a5-4abe-9c92-0d36fb7e13b7;2025-05-09 12:29:16.1696;1417;None;;;;0.3064356;0.8122723;0.08405972;extension;0;;Moving to rest position;
8f4cdfd9-c6a5-4abe-9c92-0d36fb7e13b7;2025-05-09 12:29:16.1806;1418;None;;;;0.3080469;0.8129522;0.08299518;extension;0;;Moving to rest position;
8f4cdfd9-c6a5-4abe-9c92-0d36fb7e13b7;2025-05-09 12:29:16.1915;1419;None;;;;0.3101596;0.8133507;0.08169675;extension;0;;Moving to rest position;
8f4cdfd9-c6a5-4abe-9c92-0d36fb7e13b7;2025-05-09 12:29:16.2030;1420;None;;;;0.3120117;0.8140595;0.08097911;extension;0;;Moving to rest position;
8f4cdfd9-c6a5-4abe-9c92-0d36fb7e13b7;2025-05-09 12:29:16.2140;1421;None;;;;0.3138891;0.8145115;0.07999563;extension;0;;Moving to rest position;
8f4cdfd9-c6a5-4abe-9c92-0d36fb7e13b7;2025-05-09 12:29:16.2249;1422;None;;;;0.3157454;0.8150761;0.07920408;extension;0;;Moving to rest position;
8f4cdfd9-c6a5-4abe-9c92-0d36fb7e13b7;2025-05-09 12:29:16.2359;1423;None;;;;0.3173199;0.8160118;0.0785954;extension;0;;Moving to rest position;
8f4cdfd9-c6a5-4abe-9c92-0d36fb7e13b7;2025-05-09 12:29:16.2469;1424;None;;;;0.3188531;0.8164555;0.07780957;extension;0;;Moving to rest position;
8f4cdfd9-c6a5-4abe-9c92-0d36fb7e13b7;2025-05-09 12:29:16.2589;1425;None;;;;0.3206953;0.8169063;0.07721782;extension;0;;Moving to rest position;
8f4cdfd9-c6a5-4abe-9c92-0d36fb7e13b7;2025-05-09 12:29:16.2698;1426;None;;;;0.3219829;0.817618;0.07666707;extension;0;;Moving to rest position;
8f4cdfd9-c6a5-4abe-9c92-0d36fb7e13b7;2025-05-09 12:29:16.2808;1427;None;;;;0.3231988;0.8181074;0.07612562;extension;0;;Moving to rest position;
8f4cdfd9-c6a5-4abe-9c92-0d36fb7e13b7;2025-05-09 12:29:16.2918;1428;None;;;;0.3243973;0.8185233;0.0758059;extension;0;;Moving to rest position;
8f4cdfd9-c6a5-4abe-9c92-0d36fb7e13b7;2025-05-09 12:29:16.3033;1429;None;;;;0.3253027;0.8193944;0.07505655;extension;0;;Moving to rest position;
8f4cdfd9-c6a5-4abe-9c92-0d36fb7e13b7;2025-05-09 12:29:16.3142;1430;None;;;;0.3258691;0.8196836;0.07465219;extension;0;;Moving to rest position;
8f4cdfd9-c6a5-4abe-9c92-0d36fb7e13b7;2025-05-09 12:29:16.3262;1431;None;;;;0.3269954;0.8198947;0.0742259;extension;0;;Moving to rest position;
8f4cdfd9-c6a5-4abe-9c92-0d36fb7e13b7;2025-05-09 12:29:16.3372;1432;None;;;;0.3273891;0.8206589;0.07383585;extension;0;;Moving to rest position;
8f4cdfd9-c6a5-4abe-9c92-0d36fb7e13b7;2025-05-09 12:29:16.3481;1433;None;;;;0.3278548;0.8209718;0.07344532;extension;0;;Moving to rest position;
8f4cdfd9-c6a5-4abe-9c92-0d36fb7e13b7;2025-05-09 12:29:16.3591;1434;None;;;;0.3283603;0.8210102;0.07301474;extension;0;;Moving to rest position;
8f4cdfd9-c6a5-4abe-9c92-0d36fb7e13b7;2025-05-09 12:29:16.3701;1435;None;;;;0.3286167;0.8211883;0.07297921;extension;0;;Moving to rest position;
8f4cdfd9-c6a5-4abe-9c92-0d36fb7e13b7;2025-05-09 12:29:16.3810;1436;None;;;;0.3287341;0.8213259;0.07268095;extension;0;;Moving to rest position;
8f4cdfd9-c6a5-4abe-9c92-0d36fb7e13b7;2025-05-09 12:29:16.3930;1437;None;;;;0.3290191;0.8210114;0.07185006;extension;0;;Moving to rest position;
8f4cdfd9-c6a5-4abe-9c92-0d36fb7e13b7;2025-05-09 12:29:16.4035;1438;None;;;;0.3290663;0.8210486;0.07163787;extension;0;;Moving to rest position;
8f4cdfd9-c6a5-4abe-9c92-0d36fb7e13b7;2025-05-09 12:29:16.4145;1439;None;;;;0.3289617;0.8211042;0.07130766;extension;0;;Moving to rest position;
8f4cdfd9-c6a5-4abe-9c92-0d36fb7e13b7;2025-05-09 12:29:16.4264;1440;None;;;;0.3288172;0.8211311;0.07097268;extension;0;;Moving to rest position;
8f4cdfd9-c6a5-4abe-9c92-0d36fb7e13b7;2025-05-09 12:29:16.4374;1441;None;;;;0.3286972;0.8213197;0.07068872;extension;0;;Moving to rest position;
8f4cdfd9-c6a5-4abe-9c92-0d36fb7e13b7;2025-05-09 12:29:16.4484;1442;None;;;;0.3285146;0.8213497;0.0704999;extension;0;;Moving to rest position;
8f4cdfd9-c6a5-4abe-9c92-0d36fb7e13b7;2025-05-09 12:29:16.4603;1443;None;;;;0.3284134;0.8212645;0.0701654;extension;0;;Moving to rest position;
8f4cdfd9-c6a5-4abe-9c92-0d36fb7e13b7;2025-05-09 12:29:16.4713;1444;None;;;;0.3282524;0.8213627;0.07008457;extension;0;;Moving to rest position;
8f4cdfd9-c6a5-4abe-9c92-0d36fb7e13b7;2025-05-09 12:29:16.4833;1445;None;;;;0.3279669;0.8216535;0.07009172;extension;0;;Moving to rest position;
8f4cdfd9-c6a5-4abe-9c92-0d36fb7e13b7;2025-05-09 12:29:16.4933;1446;None;;;;0.3278631;0.8217839;0.07011127;extension;0;;Moving to rest position;
8f4cdfd9-c6a5-4abe-9c92-0d36fb7e13b7;2025-05-09 12:29:16.5047;1447;None;;;;0.3277942;0.8219916;0.07002759;extension;0;;Moving to rest position;
8f4cdfd9-c6a5-4abe-9c92-0d36fb7e13b7;2025-05-09 12:29:16.5157;1448;None;;;;0.3276978;0.8221693;0.07011867;extension;0;;Moving to rest position;
8f4cdfd9-c6a5-4abe-9c92-0d36fb7e13b7;2025-05-09 12:29:16.5267;1449;None;;;;0.327456;0.8223646;0.07030797;extension;0;;Moving to rest position;
8f4cdfd9-c6a5-4abe-9c92-0d36fb7e13b7;2025-05-09 12:29:16.5376;1450;None;;;;0.3271856;0.8224623;0.07103801;extension;0;;Moving to rest position;
8f4cdfd9-c6a5-4abe-9c92-0d36fb7e13b7;2025-05-09 12:29:16.5496;1451;None;;;;0.3270161;0.8229133;0.07163978;extension;0;;Moving to rest position;
8f4cdfd9-c6a5-4abe-9c92-0d36fb7e13b7;2025-05-09 12:29:16.5606;1452;None;;;;0.326669;0.8237195;0.07214499;extension;0;;Moving to rest position;
8f4cdfd9-c6a5-4abe-9c92-0d36fb7e13b7;2025-05-09 12:29:16.5715;1453;None;;;;0.3263241;0.8248894;0.07266831;extension;0;;Moving to rest position;
8f4cdfd9-c6a5-4abe-9c92-0d36fb7e13b7;2025-05-09 12:29:16.5831;1454;None;;;;0.3257828;0.8248127;0.07134938;extension;0;;Moving to rest position;
8f4cdfd9-c6a5-4abe-9c92-0d36fb7e13b7;2025-05-09 12:29:16.5941;1455;None;;;;0.3250661;0.8262126;0.0719986;extension;0;;Moving to rest position;
8f4cdfd9-c6a5-4abe-9c92-0d36fb7e13b7;2025-05-09 12:29:16.6056;1456;None;;;;0.3243257;0.8277601;0.07263112;extension;0;;Moving to rest position;
8f4cdfd9-c6a5-4abe-9c92-0d36fb7e13b7;2025-05-09 12:29:16.6165;1457;None;;;;0.3235621;0.8296174;0.07365704;extension;0;;Moving to rest position;
8f4cdfd9-c6a5-4abe-9c92-0d36fb7e13b7;2025-05-09 12:29:16.6270;1458;None;;;;0.3229687;0.8312161;0.0743494;extension;0;;Moving to rest position;
8f4cdfd9-c6a5-4abe-9c92-0d36fb7e13b7;2025-05-09 12:29:16.6380;1459;None;;;;0.3223063;0.8328263;0.07525706;extension;0;;Moving to rest position;
8f4cdfd9-c6a5-4abe-9c92-0d36fb7e13b7;2025-05-09 12:29:16.6500;1460;None;;;;0.3219329;0.8342466;0.07635236;extension;0;;Moving to rest position;
8f4cdfd9-c6a5-4abe-9c92-0d36fb7e13b7;2025-05-09 12:29:16.6609;1461;None;;;;0.3211103;0.8354954;0.07767344;extension;0;;Moving to rest position;
8f4cdfd9-c6a5-4abe-9c92-0d36fb7e13b7;2025-05-09 12:29:16.6719;1462;None;;;;0.320639;0.8367772;0.07911921;extension;0;;Moving to rest position;
8f4cdfd9-c6a5-4abe-9c92-0d36fb7e13b7;2025-05-09 12:29:16.6829;1463;None;;;;0.3197238;0.8383553;0.0809412;extension;0;;Moving to rest position;
8f4cdfd9-c6a5-4abe-9c92-0d36fb7e13b7;2025-05-09 12:29:16.6939;1464;None;;;;0.3193631;0.8396683;0.08224559;extension;0;;Moving to rest position;
8f4cdfd9-c6a5-4abe-9c92-0d36fb7e13b7;2025-05-09 12:29:16.7058;1465;None;;;;0.3188027;0.8412424;0.08337307;extension;0;;Moving to rest position;
8f4cdfd9-c6a5-4abe-9c92-0d36fb7e13b7;2025-05-09 12:29:16.7168;1466;None;;;;0.3180766;0.8426121;0.08394551;extension;0;;Moving to rest position;
8f4cdfd9-c6a5-4abe-9c92-0d36fb7e13b7;2025-05-09 12:29:16.7278;1467;None;;;;0.3180626;0.8437939;0.08367467;extension;0;;Moving to rest position;
8f4cdfd9-c6a5-4abe-9c92-0d36fb7e13b7;2025-05-09 12:29:16.7387;1468;None;;;;0.3181077;0.8453715;0.0833602;extension;0;;Moving to rest position;
8f4cdfd9-c6a5-4abe-9c92-0d36fb7e13b7;2025-05-09 12:29:16.7502;1469;None;;;;0.3175909;0.8471256;0.08308339;extension;0;;Moving to rest position;
8f4cdfd9-c6a5-4abe-9c92-0d36fb7e13b7;2025-05-09 12:29:16.7612;1470;None;;;;0.3180217;0.848945;0.08336091;extension;0;;Moving to rest position;
8f4cdfd9-c6a5-4abe-9c92-0d36fb7e13b7;2025-05-09 12:29:16.7722;1471;None;;;;0.3189322;0.8504925;0.08327723;extension;0;;Moving to rest position;
8f4cdfd9-c6a5-4abe-9c92-0d36fb7e13b7;2025-05-09 12:29:16.7841;1472;None;;;;0.319109;0.8522788;0.08381534;extension;0;;Moving to rest position;
8f4cdfd9-c6a5-4abe-9c92-0d36fb7e13b7;2025-05-09 12:29:16.7951;1473;None;;;;0.3196598;0.8535458;0.08452225;extension;0;;Moving to rest position;
8f4cdfd9-c6a5-4abe-9c92-0d36fb7e13b7;2025-05-09 12:29:16.8061;1474;None;;;;0.3198003;0.8547705;0.08578515;extension;0;;Moving to rest position;
8f4cdfd9-c6a5-4abe-9c92-0d36fb7e13b7;2025-05-09 12:29:16.8170;1475;None;;;;0.3197485;0.8555137;0.08672047;extension;0;;Moving to rest position;
8f4cdfd9-c6a5-4abe-9c92-0d36fb7e13b7;2025-05-09 12:29:16.8280;1476;None;;;;0.3185768;0.8569812;0.08823514;extension;0;;Moving to rest position;
8f4cdfd9-c6a5-4abe-9c92-0d36fb7e13b7;2025-05-09 12:29:16.8390;1477;None;;;;0.3181577;0.8573691;0.08877039;extension;0;;Moving to rest position;
8f4cdfd9-c6a5-4abe-9c92-0d36fb7e13b7;2025-05-09 12:29:16.8509;1478;None;;;;0.3174383;0.8572357;0.0889957;extension;0;;Moving to rest position;
8f4cdfd9-c6a5-4abe-9c92-0d36fb7e13b7;2025-05-09 12:29:16.8619;1479;None;;;;0.3164572;0.858008;0.0891304;extension;0;;Moving to rest position;
8f4cdfd9-c6a5-4abe-9c92-0d36fb7e13b7;2025-05-09 12:29:16.8729;1480;None;;;;0.3158562;0.8578652;0.08911252;extension;0;;Moving to rest position;
8f4cdfd9-c6a5-4abe-9c92-0d36fb7e13b7;2025-05-09 12:29:16.8839;1481;None;;;;0.3152336;0.857947;0.08949542;extension;0;;Moving to rest position;
8f4cdfd9-c6a5-4abe-9c92-0d36fb7e13b7;2025-05-09 12:29:16.8948;1482;None;;;;0.3147272;0.8576508;0.08947134;extension;0;;Moving to rest position;
8f4cdfd9-c6a5-4abe-9c92-0d36fb7e13b7;2025-05-09 12:29:16.9063;1483;None;;;;0.3142236;0.8578546;0.08956742;extension;0;;Moving to rest position;
8f4cdfd9-c6a5-4abe-9c92-0d36fb7e13b7;2025-05-09 12:29:16.9173;1484;None;;;;0.3140224;0.8579926;0.09037614;extension;0;;Moving to rest position;
8f4cdfd9-c6a5-4abe-9c92-0d36fb7e13b7;2025-05-09 12:29:16.9292;1485;None;;;;0.3135359;0.858067;0.09108615;extension;0;;Moving to rest position;
8f4cdfd9-c6a5-4abe-9c92-0d36fb7e13b7;2025-05-09 12:29:16.9402;1486;None;;;;0.3131264;0.8578273;0.09143686;extension;0;;Moving to rest position;
8f4cdfd9-c6a5-4abe-9c92-0d36fb7e13b7;2025-05-09 12:29:16.9512;1487;None;;;;0.3124938;0.8579385;0.09215522;extension;0;;Moving to rest position;
8f4cdfd9-c6a5-4abe-9c92-0d36fb7e13b7;2025-05-09 12:29:16.9622;1488;None;;;;0.3119531;0.857931;0.09261966;extension;0;;Moving to rest position;
8f4cdfd9-c6a5-4abe-9c92-0d36fb7e13b7;2025-05-09 12:29:16.9731;1489;None;;;;0.3114882;0.8574765;0.0927949;extension;0;;Moving to rest position;
8f4cdfd9-c6a5-4abe-9c92-0d36fb7e13b7;2025-05-09 12:29:16.9851;1490;None;;;;0.3109328;0.8571396;0.09321666;extension;0;;Moving to rest position;
8f4cdfd9-c6a5-4abe-9c92-0d36fb7e13b7;2025-05-09 12:29:16.9961;1491;None;;;;0.3103992;0.856473;0.09338379;extension;0;;Moving to rest position;
8f4cdfd9-c6a5-4abe-9c92-0d36fb7e13b7;2025-05-09 12:29:17.0070;1492;None;;;;0.3097114;0.8560207;0.09395623;extension;0;;Moving to rest position;
8f4cdfd9-c6a5-4abe-9c92-0d36fb7e13b7;2025-05-09 12:29:17.0180;1493;None;;;;0.309123;0.8552315;0.09416628;extension;0;;Moving to rest position;
8f4cdfd9-c6a5-4abe-9c92-0d36fb7e13b7;2025-05-09 12:29:17.0290;1494;None;;;;0.3084978;0.8547711;0.0949831;extension;0;;Moving to rest position;
8f4cdfd9-c6a5-4abe-9c92-0d36fb7e13b7;2025-05-09 12:29:17.0409;1495;None;;;;0.3077772;0.853904;0.09524012;extension;0;;Moving to rest position;
8f4cdfd9-c6a5-4abe-9c92-0d36fb7e13b7;2025-05-09 12:29:17.0519;1496;None;;;;0.3072183;0.8532004;0.09573436;extension;0;;Moving to rest position;
8f4cdfd9-c6a5-4abe-9c92-0d36fb7e13b7;2025-05-09 12:29:17.0629;1497;None;;;;0.3063593;0.8523916;0.09653425;extension;0;;Moving to rest position;
8f4cdfd9-c6a5-4abe-9c92-0d36fb7e13b7;2025-05-09 12:29:17.0739;1498;None;;;;0.3056607;0.8515093;0.09681416;extension;0;;Moving to rest position;
8f4cdfd9-c6a5-4abe-9c92-0d36fb7e13b7;2025-05-09 12:29:17.0848;1499;None;;;;0.3049937;0.8507669;0.09730411;extension;0;;Moving to rest position;
8f4cdfd9-c6a5-4abe-9c92-0d36fb7e13b7;2025-05-09 12:29:17.0968;1500;None;;;;0.3041955;0.8500884;0.09760809;extension;0;;Moving to rest position;
8f4cdfd9-c6a5-4abe-9c92-0d36fb7e13b7;2025-05-09 12:29:17.1073;1501;None;;;;0.3034432;0.849139;0.09775639;extension;0;;Moving to rest position;
8f4cdfd9-c6a5-4abe-9c92-0d36fb7e13b7;2025-05-09 12:29:17.1182;1502;None;;;;0.3029332;0.8481997;0.0979445;extension;0;;Moving to rest position;
8f4cdfd9-c6a5-4abe-9c92-0d36fb7e13b7;2025-05-09 12:29:17.1302;1503;None;;;;0.3022217;0.8474143;0.09782767;extension;0;;Moving to rest position;
8f4cdfd9-c6a5-4abe-9c92-0d36fb7e13b7;2025-05-09 12:29:17.1412;1504;None;;;;0.3014265;0.8464302;0.09788156;extension;0;;Moving to rest position;
8f4cdfd9-c6a5-4abe-9c92-0d36fb7e13b7;2025-05-09 12:29:17.1522;1505;None;;;;0.3005515;0.8455504;0.09804392;extension;0;;Moving to rest position;
8f4cdfd9-c6a5-4abe-9c92-0d36fb7e13b7;2025-05-09 12:29:17.1631;1506;None;;;;0.2995832;0.8447355;0.09812045;extension;0;;Moving to rest position;
8f4cdfd9-c6a5-4abe-9c92-0d36fb7e13b7;2025-05-09 12:29:17.1751;1507;None;;;;0.298613;0.8437358;0.09818625;extension;0;;Moving to rest position;
8f4cdfd9-c6a5-4abe-9c92-0d36fb7e13b7;2025-05-09 12:29:17.1861;1508;None;;;;0.2977686;0.8426534;0.09824133;extension;0;;Moving to rest position;
8f4cdfd9-c6a5-4abe-9c92-0d36fb7e13b7;2025-05-09 12:29:17.1970;1509;None;;;;0.2966522;0.8418442;0.0985415;extension;0;;Moving to rest position;
8f4cdfd9-c6a5-4abe-9c92-0d36fb7e13b7;2025-05-09 12:29:17.2085;1510;None;;;;0.2954933;0.8409922;0.09877515;extension;0;;Moving to rest position;
8f4cdfd9-c6a5-4abe-9c92-0d36fb7e13b7;2025-05-09 12:29:17.2195;1511;None;;;;0.2947614;0.8401275;0.09901953;extension;0;;Moving to rest position;
8f4cdfd9-c6a5-4abe-9c92-0d36fb7e13b7;2025-05-09 12:29:17.2304;1512;None;;;;0.293532;0.839465;0.09947991;extension;0;;Moving to rest position;
8f4cdfd9-c6a5-4abe-9c92-0d36fb7e13b7;2025-05-09 12:29:17.2414;1513;None;;;;0.2923281;0.8388085;0.09985209;extension;0;;Moving to rest position;
8f4cdfd9-c6a5-4abe-9c92-0d36fb7e13b7;2025-05-09 12:29:17.2524;1514;None;;;;0.2913401;0.8380533;0.1001484;extension;0;;Moving to rest position;
8f4cdfd9-c6a5-4abe-9c92-0d36fb7e13b7;2025-05-09 12:29:17.2644;1515;None;;;;0.2902353;0.8377262;0.1004789;extension;0;;Moving to rest position;
8f4cdfd9-c6a5-4abe-9c92-0d36fb7e13b7;2025-05-09 12:29:17.2753;1516;None;;;;0.2891456;0.8371371;0.1008487;extension;0;;Moving to rest position;
8f4cdfd9-c6a5-4abe-9c92-0d36fb7e13b7;2025-05-09 12:29:17.2863;1517;None;;;;0.2884616;0.8366205;0.1012347;extension;0;;Moving to rest position;
8f4cdfd9-c6a5-4abe-9c92-0d36fb7e13b7;2025-05-09 12:29:17.2973;1518;None;;;;0.287473;0.836473;0.1017156;extension;0;;Moving to rest position;
8f4cdfd9-c6a5-4abe-9c92-0d36fb7e13b7;2025-05-09 12:29:17.3087;1519;None;;;;0.2865744;0.8361678;0.1022243;extension;0;;Moving to rest position;
8f4cdfd9-c6a5-4abe-9c92-0d36fb7e13b7;2025-05-09 12:29:17.3197;1520;None;;;;0.2858254;0.8359559;0.1028311;extension;0;;Moving to rest position;
8f4cdfd9-c6a5-4abe-9c92-0d36fb7e13b7;2025-05-09 12:29:17.3317;1521;None;;;;0.2850071;0.8359102;0.1035612;extension;0;;Moving to rest position;
8f4cdfd9-c6a5-4abe-9c92-0d36fb7e13b7;2025-05-09 12:29:17.3417;1522;None;;;;0.2842054;0.8358264;0.1042247;extension;0;;Moving to rest position;
8f4cdfd9-c6a5-4abe-9c92-0d36fb7e13b7;2025-05-09 12:29:17.3536;1523;None;;;;0.2835833;0.8357503;0.1048491;extension;0;;Moving to rest position;
8f4cdfd9-c6a5-4abe-9c92-0d36fb7e13b7;2025-05-09 12:29:17.3646;1524;None;;;;0.282892;0.8358202;0.105695;extension;0;;Moving to rest position;
8f4cdfd9-c6a5-4abe-9c92-0d36fb7e13b7;2025-05-09 12:29:17.3756;1525;None;;;;0.2821808;0.8358746;0.1064577;extension;0;;Moving to rest position;
8f4cdfd9-c6a5-4abe-9c92-0d36fb7e13b7;2025-05-09 12:29:17.3865;1526;None;;;;0.2815248;0.8358438;0.1070402;extension;0;;Moving to rest position;
8f4cdfd9-c6a5-4abe-9c92-0d36fb7e13b7;2025-05-09 12:29:17.3985;1527;None;;;;0.280813;0.8359824;0.1078439;extension;0;;Moving to rest position;
8f4cdfd9-c6a5-4abe-9c92-0d36fb7e13b7;2025-05-09 12:29:17.4090;1528;None;;;;0.2800966;0.8361505;0.1085877;extension;0;;Moving to rest position;
8f4cdfd9-c6a5-4abe-9c92-0d36fb7e13b7;2025-05-09 12:29:17.4200;1529;None;;;;0.2797244;0.8360797;0.1090541;extension;0;;Moving to rest position;
8f4cdfd9-c6a5-4abe-9c92-0d36fb7e13b7;2025-05-09 12:29:17.4319;1530;None;;;;0.2790008;0.8363744;0.1097994;extension;0;;Moving to rest position;
8f4cdfd9-c6a5-4abe-9c92-0d36fb7e13b7;2025-05-09 12:29:17.4429;1531;None;;;;0.2783114;0.8366345;0.1104498;extension;0;;Moving to rest position;
8f4cdfd9-c6a5-4abe-9c92-0d36fb7e13b7;2025-05-09 12:29:17.4544;1532;None;;;;0.2775348;0.8368695;0.1109743;extension;0;;Moving to rest position;
8f4cdfd9-c6a5-4abe-9c92-0d36fb7e13b7;2025-05-09 12:29:17.4653;1533;None;;;;0.2769215;0.8371077;0.1115556;extension;0;;Moving to rest position;
8f4cdfd9-c6a5-4abe-9c92-0d36fb7e13b7;2025-05-09 12:29:17.4763;1534;None;;;;0.2763461;0.8373834;0.1120369;extension;0;;Moving to rest position;
8f4cdfd9-c6a5-4abe-9c92-0d36fb7e13b7;2025-05-09 12:29:17.4873;1535;None;;;;0.2762141;0.8375771;0.1122613;extension;0;;Moving to rest position;
8f4cdfd9-c6a5-4abe-9c92-0d36fb7e13b7;2025-05-09 12:29:17.4992;1536;None;;;;0.2757903;0.838017;0.1125996;extension;0;;Moving to rest position;
8f4cdfd9-c6a5-4abe-9c92-0d36fb7e13b7;2025-05-09 12:29:17.5092;1537;None;;;;0.2753599;0.838315;0.1128182;extension;0;;Moving to rest position;
8f4cdfd9-c6a5-4abe-9c92-0d36fb7e13b7;2025-05-09 12:29:17.5212;1538;None;;;;0.2749928;0.8384609;0.1127696;extension;0;;Moving to rest position;
8f4cdfd9-c6a5-4abe-9c92-0d36fb7e13b7;2025-05-09 12:29:17.5322;1539;None;;;;0.2747003;0.8386291;0.1126454;extension;0;;Moving to rest position;
8f4cdfd9-c6a5-4abe-9c92-0d36fb7e13b7;2025-05-09 12:29:17.5431;1540;None;;;;0.2744092;0.8388355;0.1126058;extension;0;;Moving to rest position;
8f4cdfd9-c6a5-4abe-9c92-0d36fb7e13b7;2025-05-09 12:29:17.5541;1541;None;;;;0.2744483;0.8388265;0.1121635;extension;0;;Moving to rest position;
8f4cdfd9-c6a5-4abe-9c92-0d36fb7e13b7;2025-05-09 12:29:17.5661;1542;None;;;;0.2742999;0.8391629;0.1118259;extension;0;;Moving to rest position;
8f4cdfd9-c6a5-4abe-9c92-0d36fb7e13b7;2025-05-09 12:29:17.5770;1543;None;;;;0.2742182;0.8393052;0.1114385;extension;0;;Moving to rest position;
8f4cdfd9-c6a5-4abe-9c92-0d36fb7e13b7;2025-05-09 12:29:17.5880;1544;None;;;;0.2740837;0.8395036;0.1111491;extension;0;;Moving to rest position;
8f4cdfd9-c6a5-4abe-9c92-0d36fb7e13b7;2025-05-09 12:29:17.5990;1545;None;;;;0.274115;0.8397956;0.1106267;extension;0;;Moving to rest position;
8f4cdfd9-c6a5-4abe-9c92-0d36fb7e13b7;2025-05-09 12:29:17.6105;1546;None;;;;0.2741044;0.8400122;0.1102407;extension;0;;Moving to rest position;
8f4cdfd9-c6a5-4abe-9c92-0d36fb7e13b7;2025-05-09 12:29:17.6214;1547;None;;;;0.2742766;0.8401821;0.1097219;extension;0;;Moving to rest position;
8f4cdfd9-c6a5-4abe-9c92-0d36fb7e13b7;2025-05-09 12:29:17.6324;1548;None;;;;0.2744367;0.8405937;0.1092985;extension;0;;Moving to rest position;
8f4cdfd9-c6a5-4abe-9c92-0d36fb7e13b7;2025-05-09 12:29:17.6444;1549;None;;;;0.2746221;0.8409021;0.1088898;extension;0;;Moving to rest position;
8f4cdfd9-c6a5-4abe-9c92-0d36fb7e13b7;2025-05-09 12:29:17.6554;1550;None;;;;0.275099;0.8411837;0.1083927;extension;0;;Moving to rest position;
8f4cdfd9-c6a5-4abe-9c92-0d36fb7e13b7;2025-05-09 12:29:17.6663;1551;None;;;;0.2754186;0.8416232;0.1081581;extension;0;;Moving to rest position;
8f4cdfd9-c6a5-4abe-9c92-0d36fb7e13b7;2025-05-09 12:29:17.6773;1552;None;;;;0.2759007;0.8419423;0.1077137;extension;0;;Moving to rest position;
8f4cdfd9-c6a5-4abe-9c92-0d36fb7e13b7;2025-05-09 12:29:17.6883;1553;None;;;;0.2762271;0.8422618;0.1073077;extension;0;;Moving to rest position;
8f4cdfd9-c6a5-4abe-9c92-0d36fb7e13b7;2025-05-09 12:29:17.7002;1554;None;;;;0.2767987;0.8423164;0.1070578;extension;0;;Moving to rest position;
8f4cdfd9-c6a5-4abe-9c92-0d36fb7e13b7;2025-05-09 12:29:17.7107;1555;None;;;;0.2773511;0.8424873;0.106601;extension;0;;Moving to rest position;
8f4cdfd9-c6a5-4abe-9c92-0d36fb7e13b7;2025-05-09 12:29:17.7217;1556;None;;;;0.2781565;0.842458;0.1059818;extension;0;;Moving to rest position;
8f4cdfd9-c6a5-4abe-9c92-0d36fb7e13b7;2025-05-09 12:29:17.7336;1557;None;;;;0.2786764;0.8428307;0.1053686;extension;0;;Moving to rest position;
8f4cdfd9-c6a5-4abe-9c92-0d36fb7e13b7;2025-05-09 12:29:17.7446;1558;None;;;;0.2791859;0.8428428;0.1048856;extension;0;;Moving to rest position;
8f4cdfd9-c6a5-4abe-9c92-0d36fb7e13b7;2025-05-09 12:29:17.7556;1559;None;;;;0.280048;0.8427945;0.1043673;extension;0;;Moving to rest position;
8f4cdfd9-c6a5-4abe-9c92-0d36fb7e13b7;2025-05-09 12:29:17.7666;1560;None;;;;0.2804837;0.8426914;0.1038277;extension;0;;Moving to rest position;
8f4cdfd9-c6a5-4abe-9c92-0d36fb7e13b7;2025-05-09 12:29:17.7775;1561;None;;;;0.2808745;0.8427145;0.1034884;extension;0;;Moving to rest position;
8f4cdfd9-c6a5-4abe-9c92-0d36fb7e13b7;2025-05-09 12:29:17.7895;1562;None;;;;0.2809476;0.8428699;0.1034095;extension;0;;Moving to rest position;
8f4cdfd9-c6a5-4abe-9c92-0d36fb7e13b7;2025-05-09 12:29:17.8005;1563;None;;;;0.2811037;0.8431432;0.1031148;extension;0;;Moving to rest position;
8f4cdfd9-c6a5-4abe-9c92-0d36fb7e13b7;2025-05-09 12:29:17.8109;1564;None;;;;0.2812383;0.8431264;0.1029398;extension;0;;Moving to rest position;
8f4cdfd9-c6a5-4abe-9c92-0d36fb7e13b7;2025-05-09 12:29:17.8219;1565;None;;;;0.2814161;0.8429618;0.1028163;extension;0;;Moving to rest position;
8f4cdfd9-c6a5-4abe-9c92-0d36fb7e13b7;2025-05-09 12:29:17.8339;1566;None;;;;0.2813546;0.8429329;0.1026754;extension;0;;Moving to rest position;
8f4cdfd9-c6a5-4abe-9c92-0d36fb7e13b7;2025-05-09 12:29:17.8449;1567;None;;;;0.2812323;0.8428882;0.1026828;extension;0;;Moving to rest position;
8f4cdfd9-c6a5-4abe-9c92-0d36fb7e13b7;2025-05-09 12:29:17.8558;1568;None;;;;0.2812287;0.8427303;0.102536;extension;0;;Moving to rest position;
8f4cdfd9-c6a5-4abe-9c92-0d36fb7e13b7;2025-05-09 12:29:17.8668;1569;None;;;;0.2811019;0.8427907;0.1026096;extension;0;;Moving to rest position;
8f4cdfd9-c6a5-4abe-9c92-0d36fb7e13b7;2025-05-09 12:29:17.8778;1570;None;;;;0.2809491;0.8427421;0.1026177;extension;0;;Moving to rest position;
8f4cdfd9-c6a5-4abe-9c92-0d36fb7e13b7;2025-05-09 12:29:17.8897;1571;None;;;;0.2811551;0.8425145;0.1024563;extension;0;;Moving to rest position;
8f4cdfd9-c6a5-4abe-9c92-0d36fb7e13b7;2025-05-09 12:29:17.9007;1572;None;;;;0.2809557;0.8424767;0.1027293;extension;0;;Moving to rest position;
8f4cdfd9-c6a5-4abe-9c92-0d36fb7e13b7;2025-05-09 12:29:17.9122;1573;None;;;;0.2808287;0.8424053;0.102706;extension;0;;Moving to rest position;
8f4cdfd9-c6a5-4abe-9c92-0d36fb7e13b7;2025-05-09 12:29:17.9232;1574;None;;;;0.2806222;0.8421791;0.1024933;extension;0;;Moving to rest position;
8f4cdfd9-c6a5-4abe-9c92-0d36fb7e13b7;2025-05-09 12:29:17.9341;1575;None;;;;0.2804677;0.8420799;0.1025903;extension;0;;Moving to rest position;
8f4cdfd9-c6a5-4abe-9c92-0d36fb7e13b7;2025-05-09 12:29:17.9451;1576;None;;;;0.2803016;0.8419999;0.1026487;extension;0;;Moving to rest position;
8f4cdfd9-c6a5-4abe-9c92-0d36fb7e13b7;2025-05-09 12:29:17.9561;1577;None;;;;0.2802117;0.8418193;0.1025605;extension;0;;Moving to rest position;
8f4cdfd9-c6a5-4abe-9c92-0d36fb7e13b7;2025-05-09 12:29:17.9680;1578;None;;;;0.2799733;0.8417863;0.1028495;extension;0;;Moving to rest position;
8f4cdfd9-c6a5-4abe-9c92-0d36fb7e13b7;2025-05-09 12:29:17.9790;1579;None;;;;0.2797834;0.8417434;0.1029086;extension;0;;Moving to rest position;
8f4cdfd9-c6a5-4abe-9c92-0d36fb7e13b7;2025-05-09 12:29:17.9900;1580;None;;;;0.2796923;0.8415716;0.1027889;extension;0;;Moving to rest position;
8f4cdfd9-c6a5-4abe-9c92-0d36fb7e13b7;2025-05-09 12:29:18.0019;1581;None;;;;0.27951;0.8416351;0.1028688;extension;0;;Moving to rest position;
8f4cdfd9-c6a5-4abe-9c92-0d36fb7e13b7;2025-05-09 12:29:18.0124;1582;None;;;;0.2793735;0.8417065;0.1028872;extension;0;;Moving to rest position;
8f4cdfd9-c6a5-4abe-9c92-0d36fb7e13b7;2025-05-09 12:29:18.0234;1583;None;;;;0.2793756;0.8417497;0.1028249;extension;0;;Moving to rest position;
8f4cdfd9-c6a5-4abe-9c92-0d36fb7e13b7;2025-05-09 12:29:18.0344;1584;None;;;;0.2793267;0.8420733;0.1025925;extension;0;;Moving to rest position;
8f4cdfd9-c6a5-4abe-9c92-0d36fb7e13b7;2025-05-09 12:29:18.0453;1585;None;;;;0.2792622;0.8422126;0.1026349;extension;0;;Moving to rest position;
8f4cdfd9-c6a5-4abe-9c92-0d36fb7e13b7;2025-05-09 12:29:18.0573;1586;None;;;;0.2790818;0.8422958;0.1025939;extension;0;;Moving to rest position;
8f4cdfd9-c6a5-4abe-9c92-0d36fb7e13b7;2025-05-09 12:29:18.0683;1587;None;;;;0.2790842;0.8425084;0.1028051;extension;0;;Moving to rest position;
8f4cdfd9-c6a5-4abe-9c92-0d36fb7e13b7;2025-05-09 12:29:18.0802;1588;None;;;;0.2791087;0.842706;0.1028464;extension;0;;Moving to rest position;
8f4cdfd9-c6a5-4abe-9c92-0d36fb7e13b7;2025-05-09 12:29:18.0912;1589;None;;;;0.2792553;0.842804;0.1027584;extension;0;;Moving to rest position;
8f4cdfd9-c6a5-4abe-9c92-0d36fb7e13b7;2025-05-09 12:29:18.1022;1590;None;;;;0.2792805;0.8429937;0.102813;extension;0;;Moving to rest position;
8f4cdfd9-c6a5-4abe-9c92-0d36fb7e13b7;2025-05-09 12:29:18.1127;1591;None;;;;0.2793136;0.8430964;0.1028185;extension;0;;Moving to rest position;
8f4cdfd9-c6a5-4abe-9c92-0d36fb7e13b7;2025-05-09 12:29:18.1241;1592;None;;;;0.2794839;0.8430234;0.1026349;extension;0;;Moving to rest position;
8f4cdfd9-c6a5-4abe-9c92-0d36fb7e13b7;2025-05-09 12:29:18.1351;1593;None;;;;0.2794716;0.8430597;0.10273;extension;0;;Moving to rest position;
8f4cdfd9-c6a5-4abe-9c92-0d36fb7e13b7;2025-05-09 12:29:18.1461;1594;None;;;;0.2794698;0.8430965;0.1027331;extension;0;;Moving to rest position;
8f4cdfd9-c6a5-4abe-9c92-0d36fb7e13b7;2025-05-09 12:29:18.1581;1595;None;;;;0.2795336;0.8429461;0.102576;extension;0;;Moving to rest position;
8f4cdfd9-c6a5-4abe-9c92-0d36fb7e13b7;2025-05-09 12:29:18.1690;1596;None;;;;0.279516;0.8429775;0.1025748;extension;0;;Moving to rest position;
8f4cdfd9-c6a5-4abe-9c92-0d36fb7e13b7;2025-05-09 12:29:18.1800;1597;None;;;;0.2795724;0.8429046;0.1024957;extension;0;;Moving to rest position;
8f4cdfd9-c6a5-4abe-9c92-0d36fb7e13b7;2025-05-09 12:29:18.1910;1598;None;;;;0.2797219;0.842756;0.1023116;extension;0;;Moving to rest position;
8f4cdfd9-c6a5-4abe-9c92-0d36fb7e13b7;2025-05-09 12:29:18.2019;1599;None;;;;0.2797979;0.8428293;0.1021819;extension;0;;Moving to rest position;
8f4cdfd9-c6a5-4abe-9c92-0d36fb7e13b7;2025-05-09 12:29:18.2129;1600;None;;;;0.2799131;0.8427284;0.1019986;extension;0;;Moving to rest position;
8f4cdfd9-c6a5-4abe-9c92-0d36fb7e13b7;2025-05-09 12:29:18.2249;1601;None;;;;0.2802486;0.8426019;0.1018755;extension;0;;Moving to rest position;
8f4cdfd9-c6a5-4abe-9c92-0d36fb7e13b7;2025-05-09 12:29:18.2359;1602;None;;;;0.2803917;0.8424764;0.1018798;extension;0;;Moving to rest position;
8f4cdfd9-c6a5-4abe-9c92-0d36fb7e13b7;2025-05-09 12:29:18.2468;1603;None;;;;0.2805469;0.8423275;0.1017888;extension;0;;Moving to rest position;
8f4cdfd9-c6a5-4abe-9c92-0d36fb7e13b7;2025-05-09 12:29:18.2578;1604;None;;;;0.2806702;0.8420756;0.101665;extension;0;;Moving to rest position;
8f4cdfd9-c6a5-4abe-9c92-0d36fb7e13b7;2025-05-09 12:29:18.2688;1605;None;;;;0.2807813;0.8419728;0.1015577;extension;0;;Moving to rest position;
8f4cdfd9-c6a5-4abe-9c92-0d36fb7e13b7;2025-05-09 12:29:18.2807;1606;None;;;;0.2808585;0.841749;0.10151;extension;0;;Moving to rest position;
8f4cdfd9-c6a5-4abe-9c92-0d36fb7e13b7;2025-05-09 12:29:18.2917;1607;None;;;;0.2809756;0.8415444;0.1015217;extension;0;;Moving to rest position;
8f4cdfd9-c6a5-4abe-9c92-0d36fb7e13b7;2025-05-09 12:29:18.3027;1608;None;;;;0.2810323;0.8412379;0.1016641;extension;0;;Moving to rest position;
8f4cdfd9-c6a5-4abe-9c92-0d36fb7e13b7;2025-05-09 12:29:18.3137;1609;None;;;;0.2811128;0.8410116;0.1016679;extension;0;;Moving to rest position;
8f4cdfd9-c6a5-4abe-9c92-0d36fb7e13b7;2025-05-09 12:29:18.3246;1610;None;;;;0.2810673;0.8407133;0.1015434;extension;0;;Moving to rest position;
8f4cdfd9-c6a5-4abe-9c92-0d36fb7e13b7;2025-05-09 12:29:18.3366;1611;None;;;;0.2810637;0.8407083;0.101738;extension;0;;Moving to rest position;
8f4cdfd9-c6a5-4abe-9c92-0d36fb7e13b7;2025-05-09 12:29:18.3476;1612;None;;;;0.281135;0.8405921;0.1017053;extension;0;;Moving to rest position;
8f4cdfd9-c6a5-4abe-9c92-0d36fb7e13b7;2025-05-09 12:29:18.3586;1613;None;;;;0.2810329;0.8405546;0.1017189;extension;0;;Moving to rest position;
8f4cdfd9-c6a5-4abe-9c92-0d36fb7e13b7;2025-05-09 12:29:18.3695;1614;None;;;;0.2810407;0.8406674;0.1020048;extension;0;;Moving to rest position;
8f4cdfd9-c6a5-4abe-9c92-0d36fb7e13b7;2025-05-09 12:29:18.3805;1615;None;;;;0.2811764;0.8405563;0.1018772;extension;0;;Moving to rest position;
8f4cdfd9-c6a5-4abe-9c92-0d36fb7e13b7;2025-05-09 12:29:18.3920;1616;None;;;;0.2814222;0.8404835;0.1018071;extension;0;;Moving to rest position;
8f4cdfd9-c6a5-4abe-9c92-0d36fb7e13b7;2025-05-09 12:29:18.4029;1617;None;;;;0.281691;0.8405215;0.1015749;extension;0;;Moving to rest position;
8f4cdfd9-c6a5-4abe-9c92-0d36fb7e13b7;2025-05-09 12:29:18.4139;1618;None;;;;0.2822076;0.840131;0.1011891;extension;0;;Moving to rest position;
8f4cdfd9-c6a5-4abe-9c92-0d36fb7e13b7;2025-05-09 12:29:18.4259;1619;None;;;;0.2830269;0.8396443;0.1008129;extension;0;;Moving to rest position;
8f4cdfd9-c6a5-4abe-9c92-0d36fb7e13b7;2025-05-09 12:29:18.4369;1620;None;;;;0.2835497;0.8393078;0.1005111;extension;0;;Moving to rest position;
8f4cdfd9-c6a5-4abe-9c92-0d36fb7e13b7;2025-05-09 12:29:18.4478;1621;None;;;;0.2841389;0.8386987;0.1000152;extension;0;;Moving to rest position;
8f4cdfd9-c6a5-4abe-9c92-0d36fb7e13b7;2025-05-09 12:29:18.4588;1622;None;;;;0.284721;0.8379478;0.09964132;extension;0;;Moving to rest position;
8f4cdfd9-c6a5-4abe-9c92-0d36fb7e13b7;2025-05-09 12:29:18.4708;1623;None;;;;0.2851379;0.8370805;0.09955072;extension;0;;Moving to rest position;
8f4cdfd9-c6a5-4abe-9c92-0d36fb7e13b7;2025-05-09 12:29:18.4818;1624;None;;;;0.2855417;0.836229;0.09918761;extension;0;;Moving to rest position;
8f4cdfd9-c6a5-4abe-9c92-0d36fb7e13b7;2025-05-09 12:29:18.4927;1625;None;;;;0.2858989;0.8352779;0.09892631;extension;0;;Moving to rest position;
8f4cdfd9-c6a5-4abe-9c92-0d36fb7e13b7;2025-05-09 12:29:18.5037;1626;None;;;;0.2860472;0.8346733;0.09883928;extension;0;;Moving to rest position;
8f4cdfd9-c6a5-4abe-9c92-0d36fb7e13b7;2025-05-09 12:29:18.5152;1627;None;;;;0.286189;0.8338284;0.09871578;extension;0;;Moving to rest position;
8f4cdfd9-c6a5-4abe-9c92-0d36fb7e13b7;2025-05-09 12:29:18.5261;1628;None;;;;0.2859948;0.8334728;0.09922457;extension;0;;Moving to rest position;
8f4cdfd9-c6a5-4abe-9c92-0d36fb7e13b7;2025-05-09 12:29:18.5371;1629;None;;;;0.2861125;0.8327668;0.0991993;extension;0;;Moving to rest position;
8f4cdfd9-c6a5-4abe-9c92-0d36fb7e13b7;2025-05-09 12:29:18.5481;1630;None;;;;0.2861913;0.8322231;0.09929419;extension;0;;Moving to rest position;
8f4cdfd9-c6a5-4abe-9c92-0d36fb7e13b7;2025-05-09 12:29:18.5601;1631;None;;;;0.2864304;0.8318418;0.09928799;extension;0;;Moving to rest position;
8f4cdfd9-c6a5-4abe-9c92-0d36fb7e13b7;2025-05-09 12:29:18.5710;1632;None;;;;0.2866054;0.8314364;0.09945679;extension;0;;Moving to rest position;
8f4cdfd9-c6a5-4abe-9c92-0d36fb7e13b7;2025-05-09 12:29:18.5820;1633;None;;;;0.2867997;0.8310127;0.0996058;extension;0;;Moving to rest position;
8f4cdfd9-c6a5-4abe-9c92-0d36fb7e13b7;2025-05-09 12:29:18.5930;1634;None;;;;0.287209;0.8307891;0.09992981;extension;0;;Moving to rest position;
8f4cdfd9-c6a5-4abe-9c92-0d36fb7e13b7;2025-05-09 12:29:18.6039;1635;None;;;;0.2872837;0.8307104;0.1004477;extension;0;;Moving to rest position;
8f4cdfd9-c6a5-4abe-9c92-0d36fb7e13b7;2025-05-09 12:29:18.6159;1636;None;;;;0.2873644;0.8304287;0.1005661;extension;0;;Moving to rest position;
8f4cdfd9-c6a5-4abe-9c92-0d36fb7e13b7;2025-05-09 12:29:18.6269;1637;None;;;;0.2872617;0.8303096;0.1007838;extension;0;;Moving to rest position;
8f4cdfd9-c6a5-4abe-9c92-0d36fb7e13b7;2025-05-09 12:29:18.6384;1638;None;;;;0.2870855;0.8300861;0.1012928;extension;0;;Moving to rest position;
8f4cdfd9-c6a5-4abe-9c92-0d36fb7e13b7;2025-05-09 12:29:18.6498;1639;None;;;;0.2868945;0.829711;0.1011362;extension;0;;Moving to rest position;
8f4cdfd9-c6a5-4abe-9c92-0d36fb7e13b7;2025-05-09 12:29:18.6598;1640;None;;;;0.2868077;0.8292279;0.1008236;extension;0;;Moving to rest position;
8f4cdfd9-c6a5-4abe-9c92-0d36fb7e13b7;2025-05-09 12:29:18.6718;1641;None;;;;0.2864763;0.8289804;0.1008012;extension;0;;Moving to rest position;
8f4cdfd9-c6a5-4abe-9c92-0d36fb7e13b7;2025-05-09 12:29:18.6827;1642;None;;;;0.2862764;0.8284372;0.1003656;extension;0;;Moving to rest position;
8f4cdfd9-c6a5-4abe-9c92-0d36fb7e13b7;2025-05-09 12:29:18.6937;1643;None;;;;0.2861339;0.8276001;0.09960032;extension;0;;Moving to rest position;
8f4cdfd9-c6a5-4abe-9c92-0d36fb7e13b7;2025-05-09 12:29:18.7047;1644;None;;;;0.285889;0.8272412;0.09927368;extension;0;;Moving to rest position;
8f4cdfd9-c6a5-4abe-9c92-0d36fb7e13b7;2025-05-09 12:29:18.7166;1645;None;;;;0.2856712;0.8264186;0.09858799;extension;0;;Moving to rest position;
8f4cdfd9-c6a5-4abe-9c92-0d36fb7e13b7;2025-05-09 12:29:18.7276;1646;None;;;;0.285253;0.8257748;0.09809899;extension;0;;Moving to rest position;
8f4cdfd9-c6a5-4abe-9c92-0d36fb7e13b7;2025-05-09 12:29:18.7386;1647;None;;;;0.284915;0.8250707;0.09789896;extension;0;;Moving to rest position;
8f4cdfd9-c6a5-4abe-9c92-0d36fb7e13b7;2025-05-09 12:29:18.7496;1648;None;;;;0.2845207;0.824379;0.0975728;extension;0;;Moving to rest position;
8f4cdfd9-c6a5-4abe-9c92-0d36fb7e13b7;2025-05-09 12:29:18.7605;1649;None;;;;0.2842265;0.8235511;0.09723878;extension;0;;Moving to rest position;
8f4cdfd9-c6a5-4abe-9c92-0d36fb7e13b7;2025-05-09 12:29:18.7725;1650;None;;;;0.2839063;0.8229302;0.09708667;extension;0;;Moving to rest position;
8f4cdfd9-c6a5-4abe-9c92-0d36fb7e13b7;2025-05-09 12:29:18.7835;1651;None;;;;0.2836972;0.8219513;0.0970366;extension;0;;Moving to rest position;
8f4cdfd9-c6a5-4abe-9c92-0d36fb7e13b7;2025-05-09 12:29:18.7944;1652;None;;;;0.2835976;0.8212153;0.09708524;extension;0;;Moving to rest position;
8f4cdfd9-c6a5-4abe-9c92-0d36fb7e13b7;2025-05-09 12:29:18.8054;1653;None;;;;0.2834475;0.8206985;0.09749794;extension;0;;Moving to rest position;
8f4cdfd9-c6a5-4abe-9c92-0d36fb7e13b7;2025-05-09 12:29:18.8174;1654;None;;;;0.2834022;0.8198457;0.09755564;extension;0;;Moving to rest position;
8f4cdfd9-c6a5-4abe-9c92-0d36fb7e13b7;2025-05-09 12:29:18.8274;1655;None;;;;0.2836263;0.8194726;0.09816337;extension;0;;Moving to rest position;
8f4cdfd9-c6a5-4abe-9c92-0d36fb7e13b7;2025-05-09 12:29:18.8393;1656;None;;;;0.2837034;0.8187128;0.09833431;extension;0;;Moving to rest position;
8f4cdfd9-c6a5-4abe-9c92-0d36fb7e13b7;2025-05-09 12:29:18.8503;1657;None;;;;0.2835631;0.8180466;0.09857988;extension;0;;Moving to rest position;
8f4cdfd9-c6a5-4abe-9c92-0d36fb7e13b7;2025-05-09 12:29:18.8613;1658;None;;;;0.2836055;0.8175327;0.09868503;extension;0;;Moving to rest position;
8f4cdfd9-c6a5-4abe-9c92-0d36fb7e13b7;2025-05-09 12:29:18.8722;1659;None;;;;0.2837028;0.816777;0.09875751;extension;0;;Moving to rest position;
8f4cdfd9-c6a5-4abe-9c92-0d36fb7e13b7;2025-05-09 12:29:18.8842;1660;None;;;;0.2838308;0.8160224;0.09877038;extension;0;;Moving to rest position;
8f4cdfd9-c6a5-4abe-9c92-0d36fb7e13b7;2025-05-09 12:29:18.8952;1661;None;;;;0.2836857;0.8155445;0.09911227;extension;0;;Moving to rest position;
8f4cdfd9-c6a5-4abe-9c92-0d36fb7e13b7;2025-05-09 12:29:18.9061;1662;None;;;;0.2837453;0.8148646;0.09905601;extension;0;;Moving to rest position;
8f4cdfd9-c6a5-4abe-9c92-0d36fb7e13b7;2025-05-09 12:29:18.9171;1663;None;;;;0.2840198;0.8143978;0.09934402;extension;0;;Moving to rest position;
8f4cdfd9-c6a5-4abe-9c92-0d36fb7e13b7;2025-05-09 12:29:18.9281;1664;None;;;;0.2839899;0.8137752;0.09934759;extension;0;;Moving to rest position;
8f4cdfd9-c6a5-4abe-9c92-0d36fb7e13b7;2025-05-09 12:29:18.9391;1665;None;;;;0.2838233;0.8132383;0.09990001;extension;0;;Moving to rest position;
8f4cdfd9-c6a5-4abe-9c92-0d36fb7e13b7;2025-05-09 12:29:18.9510;1666;None;;;;0.2838958;0.8126025;0.1001742;extension;0;;Moving to rest position;
8f4cdfd9-c6a5-4abe-9c92-0d36fb7e13b7;2025-05-09 12:29:18.9620;1667;None;;;;0.2837359;0.8119283;0.1010344;extension;0;;Moving to rest position;
8f4cdfd9-c6a5-4abe-9c92-0d36fb7e13b7;2025-05-09 12:29:18.9730;1668;None;;;;0.2837832;0.811224;0.1012838;extension;0;;Moving to rest position;
8f4cdfd9-c6a5-4abe-9c92-0d36fb7e13b7;2025-05-09 12:29:18.9839;1669;None;;;;0.2839406;0.8105927;0.1016114;extension;0;;Moving to rest position;
8f4cdfd9-c6a5-4abe-9c92-0d36fb7e13b7;2025-05-09 12:29:18.9949;1670;None;;;;0.2840364;0.8099809;0.1023061;extension;0;;Moving to rest position;
8f4cdfd9-c6a5-4abe-9c92-0d36fb7e13b7;2025-05-09 12:29:19.0069;1671;None;;;;0.2843034;0.8093368;0.1022823;extension;0;;Moving to rest position;
8f4cdfd9-c6a5-4abe-9c92-0d36fb7e13b7;2025-05-09 12:29:19.0178;1672;None;;;;0.284493;0.808723;0.1022644;extension;0;;Moving to rest position;
8f4cdfd9-c6a5-4abe-9c92-0d36fb7e13b7;2025-05-09 12:29:19.0288;1673;None;;;;0.2846788;0.8083024;0.1022704;extension;0;;Moving to rest position;
8f4cdfd9-c6a5-4abe-9c92-0d36fb7e13b7;2025-05-09 12:29:19.0398;1674;None;;;;0.2848884;0.8075137;0.1020932;extension;0;;Moving to rest position;
8f4cdfd9-c6a5-4abe-9c92-0d36fb7e13b7;2025-05-09 12:29:19.0518;1675;None;;;;0.2849036;0.8067677;0.1020057;extension;0;;Moving to rest position;
8f4cdfd9-c6a5-4abe-9c92-0d36fb7e13b7;2025-05-09 12:29:19.0627;1676;None;;;;0.2849835;0.805997;0.1019447;extension;0;;Moving to rest position;
8f4cdfd9-c6a5-4abe-9c92-0d36fb7e13b7;2025-05-09 12:29:19.0737;1677;None;;;;0.2850305;0.8052144;0.1016324;extension;0;;Moving to rest position;
8f4cdfd9-c6a5-4abe-9c92-0d36fb7e13b7;2025-05-09 12:29:19.0847;1678;None;;;;0.2849319;0.8045387;0.1011965;extension;0;;Moving to rest position;
8f4cdfd9-c6a5-4abe-9c92-0d36fb7e13b7;2025-05-09 12:29:19.0956;1679;None;;;;0.2849427;0.8042884;0.1009731;extension;0;;Moving to rest position;
8f4cdfd9-c6a5-4abe-9c92-0d36fb7e13b7;2025-05-09 12:29:19.1076;1680;None;;;;0.2846115;0.8038583;0.1005301;extension;0;;Moving to rest position;
8f4cdfd9-c6a5-4abe-9c92-0d36fb7e13b7;2025-05-09 12:29:19.1181;1681;None;;;;0.2846121;0.8035445;0.1003728;extension;0;;Moving to rest position;
8f4cdfd9-c6a5-4abe-9c92-0d36fb7e13b7;2025-05-09 12:29:19.1291;1682;None;;;;0.2841015;0.8033706;0.100204;extension;0;;Moving to rest position;
8f4cdfd9-c6a5-4abe-9c92-0d36fb7e13b7;2025-05-09 12:29:19.1410;1683;None;;;;0.2837659;0.8030605;0.09994316;extension;0;;Moving to rest position;
8f4cdfd9-c6a5-4abe-9c92-0d36fb7e13b7;2025-05-09 12:29:19.1520;1684;None;;;;0.2839257;0.8028697;0.09984684;extension;0;;Moving to rest position;
8f4cdfd9-c6a5-4abe-9c92-0d36fb7e13b7;2025-05-09 12:29:19.1630;1685;None;;;;0.2836477;0.802809;0.09988403;extension;0;;Moving to rest position;
8f4cdfd9-c6a5-4abe-9c92-0d36fb7e13b7;2025-05-09 12:29:19.1739;1686;None;;;;0.2834658;0.802631;0.09966969;extension;0;;Moving to rest position;
8f4cdfd9-c6a5-4abe-9c92-0d36fb7e13b7;2025-05-09 12:29:19.1849;1687;None;;;;0.2833687;0.8025697;0.09950399;extension;0;;Moving to rest position;
8f4cdfd9-c6a5-4abe-9c92-0d36fb7e13b7;2025-05-09 12:29:19.1969;1688;None;;;;0.2832075;0.8026173;0.09959197;extension;0;;Moving to rest position;
8f4cdfd9-c6a5-4abe-9c92-0d36fb7e13b7;2025-05-09 12:29:19.2079;1689;None;;;;0.2830916;0.8025517;0.09935045;extension;0;;Moving to rest position;
8f4cdfd9-c6a5-4abe-9c92-0d36fb7e13b7;2025-05-09 12:29:19.2193;1690;None;;;;0.2829189;0.8026332;0.09914899;extension;0;;Moving to rest position;
8f4cdfd9-c6a5-4abe-9c92-0d36fb7e13b7;2025-05-09 12:29:19.2303;1691;None;;;;0.2828646;0.8028381;0.09895658;extension;0;;Moving to rest position;
8f4cdfd9-c6a5-4abe-9c92-0d36fb7e13b7;2025-05-09 12:29:19.2413;1692;None;;;;0.2828903;0.8028815;0.09860611;extension;0;;Moving to rest position;
8f4cdfd9-c6a5-4abe-9c92-0d36fb7e13b7;2025-05-09 12:29:19.2522;1693;None;;;;0.2828679;0.8030268;0.0983479;extension;0;;Moving to rest position;
8f4cdfd9-c6a5-4abe-9c92-0d36fb7e13b7;2025-05-09 12:29:19.2642;1694;None;;;;0.2830653;0.803283;0.09821391;extension;0;;Moving to rest position;
8f4cdfd9-c6a5-4abe-9c92-0d36fb7e13b7;2025-05-09 12:29:19.2742;1695;None;;;;0.2833126;0.8033695;0.09792185;extension;0;;Moving to rest position;
8f4cdfd9-c6a5-4abe-9c92-0d36fb7e13b7;2025-05-09 12:29:19.2862;1696;None;;;;0.2835233;0.8037218;0.09796333;extension;0;;Moving to rest position;
8f4cdfd9-c6a5-4abe-9c92-0d36fb7e13b7;2025-05-09 12:29:19.2971;1697;None;;;;0.2836425;0.8036164;0.09814286;extension;0;;Moving to rest position;
8f4cdfd9-c6a5-4abe-9c92-0d36fb7e13b7;2025-05-09 12:29:19.3081;1698;None;;;;0.2837413;0.8036076;0.09797263;extension;0;;Moving to rest position;
8f4cdfd9-c6a5-4abe-9c92-0d36fb7e13b7;2025-05-09 12:29:19.3196;1699;None;;;;0.2834992;0.8037395;0.09798861;extension;0;;Moving to rest position;
8f4cdfd9-c6a5-4abe-9c92-0d36fb7e13b7;2025-05-09 12:29:19.3305;1700;None;;;;0.2833496;0.8038714;0.09789276;extension;0;;Moving to rest position;
8f4cdfd9-c6a5-4abe-9c92-0d36fb7e13b7;2025-05-09 12:29:19.3415;1701;None;;;;0.2831686;0.8037765;0.09763098;extension;0;;Moving to rest position;
8f4cdfd9-c6a5-4abe-9c92-0d36fb7e13b7;2025-05-09 12:29:19.3525;1702;None;;;;0.2828804;0.8037308;0.09744954;extension;0;;Moving to rest position;
8f4cdfd9-c6a5-4abe-9c92-0d36fb7e13b7;2025-05-09 12:29:19.3635;1703;None;;;;0.2826949;0.803758;0.0970583;extension;0;;Moving to rest position;
8f4cdfd9-c6a5-4abe-9c92-0d36fb7e13b7;2025-05-09 12:29:19.3749;1704;None;;;;0.2825838;0.8035784;0.09665561;extension;0;;Moving to rest position;
8f4cdfd9-c6a5-4abe-9c92-0d36fb7e13b7;2025-05-09 12:29:19.3859;1705;None;;;;0.2826165;0.8033142;0.09615469;extension;0;;Moving to rest position;
8f4cdfd9-c6a5-4abe-9c92-0d36fb7e13b7;2025-05-09 12:29:19.3979;1706;None;;;;0.2826278;0.8030806;0.09551167;extension;0;;Moving to rest position;
8f4cdfd9-c6a5-4abe-9c92-0d36fb7e13b7;2025-05-09 12:29:19.4083;1707;None;;;;0.2826598;0.8026541;0.09483099;extension;0;;Moving to rest position;
8f4cdfd9-c6a5-4abe-9c92-0d36fb7e13b7;2025-05-09 12:29:19.4198;1708;None;;;;0.2828503;0.8021675;0.09410095;extension;0;;Moving to rest position;
8f4cdfd9-c6a5-4abe-9c92-0d36fb7e13b7;2025-05-09 12:29:19.4308;1709;None;;;;0.282851;0.8015918;0.09350538;extension;0;;Moving to rest position;
8f4cdfd9-c6a5-4abe-9c92-0d36fb7e13b7;2025-05-09 12:29:19.4418;1710;None;;;;0.2828599;0.8008683;0.09262037;extension;0;;Moving to rest position;
8f4cdfd9-c6a5-4abe-9c92-0d36fb7e13b7;2025-05-09 12:29:19.4537;1711;None;;;;0.2828441;0.800302;0.0918746;extension;0;;Moving to rest position;
8f4cdfd9-c6a5-4abe-9c92-0d36fb7e13b7;2025-05-09 12:29:19.4647;1712;None;;;;0.282621;0.7998763;0.09122539;extension;0;;Moving to rest position;
8f4cdfd9-c6a5-4abe-9c92-0d36fb7e13b7;2025-05-09 12:29:19.4757;1713;None;;;;0.2824939;0.7992735;0.09038591;extension;0;;Moving to rest position;
8f4cdfd9-c6a5-4abe-9c92-0d36fb7e13b7;2025-05-09 12:29:19.4866;1714;None;;;;0.2822435;0.7988651;0.08977485;extension;0;;Moving to rest position;
8f4cdfd9-c6a5-4abe-9c92-0d36fb7e13b7;2025-05-09 12:29:19.4976;1715;None;;;;0.2819602;0.7984307;0.08941078;extension;0;;Moving to rest position;
8f4cdfd9-c6a5-4abe-9c92-0d36fb7e13b7;2025-05-09 12:29:19.5096;1716;None;;;;0.2817547;0.7979444;0.08876085;extension;0;;Moving to rest position;
8f4cdfd9-c6a5-4abe-9c92-0d36fb7e13b7;2025-05-09 12:29:19.5211;1717;None;;;;0.2816015;0.7975854;0.08831906;extension;0;;Moving to rest position;
8f4cdfd9-c6a5-4abe-9c92-0d36fb7e13b7;2025-05-09 12:29:19.5310;1718;None;;;;0.281378;0.7974834;0.08787298;extension;0;;Moving to rest position;
8f4cdfd9-c6a5-4abe-9c92-0d36fb7e13b7;2025-05-09 12:29:19.5430;1719;None;;;;0.2812003;0.7970915;0.08730984;extension;0;;Moving to rest position;
8f4cdfd9-c6a5-4abe-9c92-0d36fb7e13b7;2025-05-09 12:29:19.5540;1720;None;;;;0.2807586;0.7970246;0.08702564;extension;0;;Moving to rest position;
8f4cdfd9-c6a5-4abe-9c92-0d36fb7e13b7;2025-05-09 12:29:19.5649;1721;None;;;;0.2805823;0.7970132;0.08694673;extension;0;;Moving to rest position;
8f4cdfd9-c6a5-4abe-9c92-0d36fb7e13b7;2025-05-09 12:29:19.5759;1722;None;;;;0.2805806;0.796859;0.08647561;extension;0;;Moving to rest position;
8f4cdfd9-c6a5-4abe-9c92-0d36fb7e13b7;2025-05-09 12:29:19.5879;1723;None;;;;0.2805224;0.7968071;0.08616328;extension;0;;Moving to rest position;
8f4cdfd9-c6a5-4abe-9c92-0d36fb7e13b7;2025-05-09 12:29:19.5989;1724;None;;;;0.2805533;0.7968385;0.08591652;extension;0;;Moving to rest position;
8f4cdfd9-c6a5-4abe-9c92-0d36fb7e13b7;2025-05-09 12:29:19.6098;1725;None;;;;0.2806194;0.7967224;0.08557892;extension;0;;Moving to rest position;
8f4cdfd9-c6a5-4abe-9c92-0d36fb7e13b7;2025-05-09 12:29:19.6213;1726;None;;;;0.2808571;0.7968047;0.08548737;extension;0;;Moving to rest position;
8f4cdfd9-c6a5-4abe-9c92-0d36fb7e13b7;2025-05-09 12:29:19.6323;1727;None;;;;0.2809201;0.7970343;0.08568716;extension;0;;Moving to rest position;
8f4cdfd9-c6a5-4abe-9c92-0d36fb7e13b7;2025-05-09 12:29:19.6428;1728;None;;;;0.2810209;0.7970181;0.08556223;extension;0;;Moving to rest position;
8f4cdfd9-c6a5-4abe-9c92-0d36fb7e13b7;2025-05-09 12:29:19.6547;1729;None;;;;0.2808131;0.7972023;0.08569002;extension;0;;Moving to rest position;
8f4cdfd9-c6a5-4abe-9c92-0d36fb7e13b7;2025-05-09 12:29:19.6657;1730;None;;;;0.2807213;0.7975482;0.08604574;extension;0;;Moving to rest position;
8f4cdfd9-c6a5-4abe-9c92-0d36fb7e13b7;2025-05-09 12:29:19.6772;1731;None;;;;0.2807431;0.7975788;0.08596206;extension;0;;Moving to rest position;
8f4cdfd9-c6a5-4abe-9c92-0d36fb7e13b7;2025-05-09 12:29:19.6882;1732;None;;;;0.2806463;0.798031;0.08634806;extension;0;;Moving to rest position;
8f4cdfd9-c6a5-4abe-9c92-0d36fb7e13b7;2025-05-09 12:29:19.7001;1733;None;;;;0.2805541;0.7982084;0.08658147;extension;0;;Moving to rest position;
8f4cdfd9-c6a5-4abe-9c92-0d36fb7e13b7;2025-05-09 12:29:19.7101;1734;None;;;;0.2805073;0.7983816;0.08650732;extension;0;;Moving to rest position;
8f4cdfd9-c6a5-4abe-9c92-0d36fb7e13b7;2025-05-09 12:29:19.7211;1735;None;;;;0.2805742;0.7988273;0.08681011;extension;0;;Moving to rest position;
8f4cdfd9-c6a5-4abe-9c92-0d36fb7e13b7;2025-05-09 12:29:19.7333;1736;None;;;;0.2804642;0.799283;0.08707929;extension;0;;Moving to rest position;
8f4cdfd9-c6a5-4abe-9c92-0d36fb7e13b7;2025-05-09 12:29:19.7440;1737;None;;;;0.2804489;0.7994854;0.0870285;extension;0;;Moving to rest position;
8f4cdfd9-c6a5-4abe-9c92-0d36fb7e13b7;2025-05-09 12:29:19.7550;1738;None;;;;0.2803526;0.8000391;0.0874269;extension;0;;Moving to rest position;
8f4cdfd9-c6a5-4abe-9c92-0d36fb7e13b7;2025-05-09 12:29:19.7659;1739;None;;;;0.2802267;0.8007245;0.08756542;extension;0;;Moving to rest position;
8f4cdfd9-c6a5-4abe-9c92-0d36fb7e13b7;2025-05-09 12:29:19.7769;1740;None;;;;0.2801815;0.8009635;0.08752942;extension;0;;Moving to rest position;
8f4cdfd9-c6a5-4abe-9c92-0d36fb7e13b7;2025-05-09 12:29:19.7889;1741;None;;;;0.2800902;0.8012301;0.08755541;extension;0;;Moving to rest position;
8f4cdfd9-c6a5-4abe-9c92-0d36fb7e13b7;2025-05-09 12:29:19.7999;1742;None;;;;0.2799819;0.8015822;0.08771062;extension;0;;Moving to rest position;
8f4cdfd9-c6a5-4abe-9c92-0d36fb7e13b7;2025-05-09 12:29:19.8108;1743;None;;;;0.2799296;0.80182;0.08769894;extension;0;;Moving to rest position;
8f4cdfd9-c6a5-4abe-9c92-0d36fb7e13b7;2025-05-09 12:29:19.8218;1744;None;;;;0.2800081;0.8020161;0.08766413;extension;0;;Moving to rest position;
8f4cdfd9-c6a5-4abe-9c92-0d36fb7e13b7;2025-05-09 12:29:19.8328;1745;None;;;;0.2799531;0.8024555;0.08776307;extension;0;;Moving to rest position;
8f4cdfd9-c6a5-4abe-9c92-0d36fb7e13b7;2025-05-09 12:29:19.8437;1746;None;;;;0.2799652;0.8025984;0.08773828;extension;0;;Moving to rest position;
8f4cdfd9-c6a5-4abe-9c92-0d36fb7e13b7;2025-05-09 12:29:19.8557;1747;None;;;;0.2797251;0.8027709;0.08780503;extension;0;;Moving to rest position;
8f4cdfd9-c6a5-4abe-9c92-0d36fb7e13b7;2025-05-09 12:29:19.8672;1748;None;;;;0.2796784;0.8029678;0.08782244;extension;0;;Moving to rest position;
8f4cdfd9-c6a5-4abe-9c92-0d36fb7e13b7;2025-05-09 12:29:19.8782;1749;None;;;;0.2796116;0.8029827;0.08774877;extension;0;;Moving to rest position;
8f4cdfd9-c6a5-4abe-9c92-0d36fb7e13b7;2025-05-09 12:29:19.8891;1750;None;;;;0.279479;0.8032277;0.08807087;extension;0;;Moving to rest position;
8f4cdfd9-c6a5-4abe-9c92-0d36fb7e13b7;2025-05-09 12:29:19.9001;1751;None;;;;0.2792758;0.8032557;0.08834672;extension;0;;Moving to rest position;
8f4cdfd9-c6a5-4abe-9c92-0d36fb7e13b7;2025-05-09 12:29:19.9111;1752;None;;;;0.2790768;0.8031096;0.08825159;extension;0;;Moving to rest position;
8f4cdfd9-c6a5-4abe-9c92-0d36fb7e13b7;2025-05-09 12:29:19.9220;1753;None;;;;0.2787374;0.8031586;0.08845663;extension;0;;Moving to rest position;
8f4cdfd9-c6a5-4abe-9c92-0d36fb7e13b7;2025-05-09 12:29:19.9340;1754;None;;;;0.2785447;0.8031422;0.08837557;extension;0;;Moving to rest position;
8f4cdfd9-c6a5-4abe-9c92-0d36fb7e13b7;2025-05-09 12:29:19.9450;1755;None;;;;0.2784095;0.8029435;0.08824563;extension;0;;Moving to rest position;
8f4cdfd9-c6a5-4abe-9c92-0d36fb7e13b7;2025-05-09 12:29:19.9560;1756;None;;;;0.2784036;0.8029252;0.08844972;extension;0;;Moving to rest position;
8f4cdfd9-c6a5-4abe-9c92-0d36fb7e13b7;2025-05-09 12:29:19.9669;1757;None;;;;0.27827;0.8028208;0.08850813;extension;0;;Moving to rest position;
8f4cdfd9-c6a5-4abe-9c92-0d36fb7e13b7;2025-05-09 12:29:19.9779;1758;None;;;;0.2782021;0.8025579;0.08840132;extension;0;;Moving to rest position;
8f4cdfd9-c6a5-4abe-9c92-0d36fb7e13b7;2025-05-09 12:29:19.9899;1759;None;;;;0.2778955;0.8025191;0.08853674;extension;0;;Moving to rest position;
8f4cdfd9-c6a5-4abe-9c92-0d36fb7e13b7;2025-05-09 12:29:20.0008;1760;None;;;;0.2777399;0.802438;0.08867002;extension;0;;Moving to rest position;
8f4cdfd9-c6a5-4abe-9c92-0d36fb7e13b7;2025-05-09 12:29:20.0118;1761;None;;;;0.2776865;0.8022029;0.08850026;extension;0;;Moving to rest position;
8f4cdfd9-c6a5-4abe-9c92-0d36fb7e13b7;2025-05-09 12:29:20.0233;1762;None;;;;0.2776724;0.8021269;0.08850527;extension;0;;Moving to rest position;
8f4cdfd9-c6a5-4abe-9c92-0d36fb7e13b7;2025-05-09 12:29:20.0352;1763;None;;;;0.2775651;0.8020799;0.08876395;extension;0;;Moving to rest position;
8f4cdfd9-c6a5-4abe-9c92-0d36fb7e13b7;2025-05-09 12:29:20.0452;1764;None;;;;0.277564;0.8018367;0.08860493;extension;0;;Moving to rest position;
8f4cdfd9-c6a5-4abe-9c92-0d36fb7e13b7;2025-05-09 12:29:20.0562;1765;None;;;;0.277566;0.8015047;0.08837652;extension;0;;Moving to rest position;
8f4cdfd9-c6a5-4abe-9c92-0d36fb7e13b7;2025-05-09 12:29:20.0682;1766;None;;;;0.2775383;0.8014444;0.08829165;extension;0;;Moving to rest position;
8f4cdfd9-c6a5-4abe-9c92-0d36fb7e13b7;2025-05-09 12:29:20.0791;1767;None;;;;0.2775562;0.8011694;0.08813167;extension;0;;Moving to rest position;
8f4cdfd9-c6a5-4abe-9c92-0d36fb7e13b7;2025-05-09 12:29:20.0914;1768;None;;;;0.2775367;0.8008617;0.08794165;extension;0;;Moving to rest position;
8f4cdfd9-c6a5-4abe-9c92-0d36fb7e13b7;2025-05-09 12:29:20.1018;1769;None;;;;0.2774771;0.8008602;0.0881052;extension;0;;Moving to rest position;
8f4cdfd9-c6a5-4abe-9c92-0d36fb7e13b7;2025-05-09 12:29:20.1128;1770;None;;;;0.277528;0.800525;0.08787656;extension;0;;Moving to rest position;
8f4cdfd9-c6a5-4abe-9c92-0d36fb7e13b7;2025-05-09 12:29:20.1238;1771;None;;;;0.2776555;0.8002408;0.08773494;extension;0;;Moving to rest position;
8f4cdfd9-c6a5-4abe-9c92-0d36fb7e13b7;2025-05-09 12:29:20.1348;1772;None;;;;0.27769;0.7999457;0.08763266;extension;0;;Moving to rest position;
8f4cdfd9-c6a5-4abe-9c92-0d36fb7e13b7;2025-05-09 12:29:20.1457;1773;None;;;;0.2777613;0.7995244;0.08732271;extension;0;;Moving to rest position;
8f4cdfd9-c6a5-4abe-9c92-0d36fb7e13b7;2025-05-09 12:29:20.1567;1774;None;;;;0.2777137;0.7992543;0.08719635;extension;0;;Moving to rest position;
8f4cdfd9-c6a5-4abe-9c92-0d36fb7e13b7;2025-05-09 12:29:20.1677;1775;None;;;;0.2777207;0.7990197;0.08697677;extension;0;;Moving to rest position;
8f4cdfd9-c6a5-4abe-9c92-0d36fb7e13b7;2025-05-09 12:29:20.1796;1776;None;;;;0.2777174;0.7985995;0.08678389;extension;0;;Moving to rest position;
8f4cdfd9-c6a5-4abe-9c92-0d36fb7e13b7;2025-05-09 12:29:20.1901;1777;None;;;;0.2775477;0.798431;0.08694315;extension;0;;Moving to rest position;
8f4cdfd9-c6a5-4abe-9c92-0d36fb7e13b7;2025-05-09 12:29:20.2021;1778;None;;;;0.2774523;0.798234;0.0870316;extension;0;;Moving to rest position;
8f4cdfd9-c6a5-4abe-9c92-0d36fb7e13b7;2025-05-09 12:29:20.2126;1779;None;;;;0.2774395;0.7978612;0.08689189;extension;0;;Moving to rest position;
8f4cdfd9-c6a5-4abe-9c92-0d36fb7e13b7;2025-05-09 12:29:20.2246;1780;None;;;;0.2774495;0.7977915;0.08713818;extension;0;;Moving to rest position;
8f4cdfd9-c6a5-4abe-9c92-0d36fb7e13b7;2025-05-09 12:29:20.2356;1781;None;;;;0.277365;0.7975878;0.0873735;extension;0;;Moving to rest position;
8f4cdfd9-c6a5-4abe-9c92-0d36fb7e13b7;2025-05-09 12:29:20.2465;1782;None;;;;0.2773927;0.79724;0.08722615;extension;0;;Moving to rest position;
8f4cdfd9-c6a5-4abe-9c92-0d36fb7e13b7;2025-05-09 12:29:20.2575;1783;None;;;;0.2773146;0.7972332;0.08736658;extension;0;;Moving to rest position;
8f4cdfd9-c6a5-4abe-9c92-0d36fb7e13b7;2025-05-09 12:29:20.2685;1784;None;;;;0.2772282;0.797222;0.08746791;extension;0;;Moving to rest position;
8f4cdfd9-c6a5-4abe-9c92-0d36fb7e13b7;2025-05-09 12:29:20.2805;1785;None;;;;0.2772321;0.7969235;0.08732533;extension;0;;Moving to rest position;
8f4cdfd9-c6a5-4abe-9c92-0d36fb7e13b7;2025-05-09 12:29:20.2914;1786;None;;;;0.2772041;0.7968529;0.08746862;extension;0;;Moving to rest position;
8f4cdfd9-c6a5-4abe-9c92-0d36fb7e13b7;2025-05-09 12:29:20.3024;1787;None;;;;0.2771959;0.7966597;0.08762622;extension;0;;Moving to rest position;
8f4cdfd9-c6a5-4abe-9c92-0d36fb7e13b7;2025-05-09 12:29:20.3134;1788;None;;;;0.2772555;0.7964306;0.08753967;extension;0;;Moving to rest position;
8f4cdfd9-c6a5-4abe-9c92-0d36fb7e13b7;2025-05-09 12:29:20.3248;1789;None;;;;0.2773351;0.7964017;0.08762884;extension;0;;Moving to rest position;
8f4cdfd9-c6a5-4abe-9c92-0d36fb7e13b7;2025-05-09 12:29:20.3358;1790;None;;;;0.277386;0.7965442;0.08759499;extension;0;;Moving to rest position;
8f4cdfd9-c6a5-4abe-9c92-0d36fb7e13b7;2025-05-09 12:29:20.3468;1791;None;;;;0.2775028;0.7964565;0.08755445;extension;0;;Moving to rest position;
8f4cdfd9-c6a5-4abe-9c92-0d36fb7e13b7;2025-05-09 12:29:20.3583;1792;None;;;;0.2776071;0.7965615;0.0877068;extension;0;;Moving to rest position;
8f4cdfd9-c6a5-4abe-9c92-0d36fb7e13b7;2025-05-09 12:29:20.3697;1793;None;;;;0.2776459;0.7966975;0.08788753;extension;0;;Moving to rest position;
8f4cdfd9-c6a5-4abe-9c92-0d36fb7e13b7;2025-05-09 12:29:20.3802;1794;None;;;;0.2777272;0.7967141;0.08790779;extension;0;;Moving to rest position;
8f4cdfd9-c6a5-4abe-9c92-0d36fb7e13b7;2025-05-09 12:29:20.3922;1795;None;;;;0.2778352;0.7967666;0.0879364;extension;0;;Moving to rest position;
8f4cdfd9-c6a5-4abe-9c92-0d36fb7e13b7;2025-05-09 12:29:20.4032;1796;None;;;;0.2778343;0.7970241;0.08832169;extension;0;;Moving to rest position;
8f4cdfd9-c6a5-4abe-9c92-0d36fb7e13b7;2025-05-09 12:29:20.4141;1797;None;;;;0.277921;0.7971338;0.08837008;extension;0;;Moving to rest position;
8f4cdfd9-c6a5-4abe-9c92-0d36fb7e13b7;2025-05-09 12:29:20.4251;1798;None;;;;0.2781299;0.7974336;0.08858991;extension;0;;Moving to rest position;
8f4cdfd9-c6a5-4abe-9c92-0d36fb7e13b7;2025-05-09 12:29:20.4371;1799;None;;;;0.2781426;0.7978294;0.08872724;extension;0;;Moving to rest position;
8f4cdfd9-c6a5-4abe-9c92-0d36fb7e13b7;2025-05-09 12:29:20.4470;1800;None;;;;0.2781683;0.7980208;0.08869386;extension;0;;Moving to rest position;
8f4cdfd9-c6a5-4abe-9c92-0d36fb7e13b7;2025-05-09 12:29:20.4590;1801;None;;;;0.2780377;0.7983022;0.08871365;extension;0;;Moving to rest position;
8f4cdfd9-c6a5-4abe-9c92-0d36fb7e13b7;2025-05-09 12:29:20.4700;1802;None;;;;0.2779523;0.7986889;0.08891821;extension;0;;Moving to rest position;
8f4cdfd9-c6a5-4abe-9c92-0d36fb7e13b7;2025-05-09 12:29:20.4809;1803;None;;;;0.2779138;0.7989157;0.08882213;extension;0;;Moving to rest position;
8f4cdfd9-c6a5-4abe-9c92-0d36fb7e13b7;2025-05-09 12:29:20.4919;1804;None;;;;0.2780554;0.7991108;0.08872747;extension;0;;Moving to rest position;
8f4cdfd9-c6a5-4abe-9c92-0d36fb7e13b7;2025-05-09 12:29:20.5029;1805;None;;;;0.2779958;0.7995486;0.08881903;extension;0;;Moving to rest position;
8f4cdfd9-c6a5-4abe-9c92-0d36fb7e13b7;2025-05-09 12:29:20.5149;1806;None;;;;0.2780567;0.799947;0.08897233;extension;0;;Moving to rest position;
8f4cdfd9-c6a5-4abe-9c92-0d36fb7e13b7;2025-05-09 12:29:20.5258;1807;None;;;;0.2780519;0.8001475;0.08888984;extension;0;;Moving to rest position;
8f4cdfd9-c6a5-4abe-9c92-0d36fb7e13b7;2025-05-09 12:29:20.5368;1808;None;;;;0.2779564;0.8004092;0.08922744;extension;0;;Moving to rest position;
8f4cdfd9-c6a5-4abe-9c92-0d36fb7e13b7;2025-05-09 12:29:20.5478;1809;None;;;;0.277921;0.8005767;0.08915877;extension;0;;Moving to rest position;
8f4cdfd9-c6a5-4abe-9c92-0d36fb7e13b7;2025-05-09 12:29:20.5597;1810;None;;;;0.2776427;0.8010442;0.08944106;extension;0;;Moving to rest position;
8f4cdfd9-c6a5-4abe-9c92-0d36fb7e13b7;2025-05-09 12:29:20.5702;1811;None;;;;0.2774808;0.8013897;0.08963895;extension;0;;Moving to rest position;
8f4cdfd9-c6a5-4abe-9c92-0d36fb7e13b7;2025-05-09 12:29:20.5812;1812;None;;;;0.2774195;0.8015337;0.08954;extension;0;;Moving to rest position;
8f4cdfd9-c6a5-4abe-9c92-0d36fb7e13b7;2025-05-09 12:29:20.5932;1813;None;;;;0.2774367;0.8018197;0.08965921;extension;0;;Moving to rest position;
8f4cdfd9-c6a5-4abe-9c92-0d36fb7e13b7;2025-05-09 12:29:20.6041;1814;None;;;;0.277353;0.802267;0.089643;extension;0;;Moving to rest position;
8f4cdfd9-c6a5-4abe-9c92-0d36fb7e13b7;2025-05-09 12:29:20.6151;1815;None;;;;0.2773033;0.8024213;0.08957648;extension;0;;Moving to rest position;
8f4cdfd9-c6a5-4abe-9c92-0d36fb7e13b7;2025-05-09 12:29:20.6261;1816;None;;;;0.276974;0.8027292;0.08970332;extension;0;;Moving to rest position;
8f4cdfd9-c6a5-4abe-9c92-0d36fb7e13b7;2025-05-09 12:29:20.6380;1817;None;;;;0.2768944;0.8027962;0.08969474;extension;0;;Moving to rest position;
8f4cdfd9-c6a5-4abe-9c92-0d36fb7e13b7;2025-05-09 12:29:20.6490;1818;None;;;;0.2768393;0.8028675;0.08969784;extension;0;;Moving to rest position;
8f4cdfd9-c6a5-4abe-9c92-0d36fb7e13b7;2025-05-09 12:29:20.6600;1819;None;;;;0.2767172;0.8031282;0.08992314;extension;0;;Moving to rest position;
8f4cdfd9-c6a5-4abe-9c92-0d36fb7e13b7;2025-05-09 12:29:20.6709;1820;None;;;;0.276648;0.8034914;0.08990407;extension;0;;Moving to rest position;
8f4cdfd9-c6a5-4abe-9c92-0d36fb7e13b7;2025-05-09 12:29:20.6819;1821;None;;;;0.2766288;0.8035209;0.08985472;extension;0;;Moving to rest position;
8f4cdfd9-c6a5-4abe-9c92-0d36fb7e13b7;2025-05-09 12:29:20.6929;1822;None;;;;0.2766086;0.8035831;0.08988214;extension;0;;Moving to rest position;
8f4cdfd9-c6a5-4abe-9c92-0d36fb7e13b7;2025-05-09 12:29:20.7049;1823;None;;;;0.2765345;0.8038363;0.08988976;extension;0;;Moving to rest position;
8f4cdfd9-c6a5-4abe-9c92-0d36fb7e13b7;2025-05-09 12:29:20.7158;1824;None;;;;0.2764702;0.8038719;0.08986044;extension;0;;Moving to rest position;
8f4cdfd9-c6a5-4abe-9c92-0d36fb7e13b7;2025-05-09 12:29:20.7268;1825;None;;;;0.2764777;0.8040254;0.09004998;extension;0;;Moving to rest position;
8f4cdfd9-c6a5-4abe-9c92-0d36fb7e13b7;2025-05-09 12:29:20.7378;1826;None;;;;0.2763448;0.8040893;0.09030056;extension;0;;Moving to rest position;
8f4cdfd9-c6a5-4abe-9c92-0d36fb7e13b7;2025-05-09 12:29:20.7487;1827;None;;;;0.276296;0.8040414;0.09024382;extension;0;;Moving to rest position;
8f4cdfd9-c6a5-4abe-9c92-0d36fb7e13b7;2025-05-09 12:29:20.7602;1828;None;;;;0.2762091;0.8041534;0.09036398;extension;0;;Moving to rest position;
8f4cdfd9-c6a5-4abe-9c92-0d36fb7e13b7;2025-05-09 12:29:20.7712;1829;None;;;;0.2760529;0.8042678;0.09069586;extension;0;;Moving to rest position;
8f4cdfd9-c6a5-4abe-9c92-0d36fb7e13b7;2025-05-09 12:29:20.7832;1830;None;;;;0.2759973;0.8042381;0.09063578;extension;0;;Moving to rest position;
8f4cdfd9-c6a5-4abe-9c92-0d36fb7e13b7;2025-05-09 12:29:20.7936;1831;None;;;;0.2759025;0.8042668;0.09065104;extension;0;;Moving to rest position;
8f4cdfd9-c6a5-4abe-9c92-0d36fb7e13b7;2025-05-09 12:29:20.8046;1832;None;;;;0.2757354;0.804546;0.09071445;extension;0;;Moving to rest position;
8f4cdfd9-c6a5-4abe-9c92-0d36fb7e13b7;2025-05-09 12:29:20.8166;1833;None;;;;0.2757971;0.8045483;0.09078503;extension;0;;Moving to rest position;
8f4cdfd9-c6a5-4abe-9c92-0d36fb7e13b7;2025-05-09 12:29:20.8275;1834;None;;;;0.275661;0.8045117;0.09076142;extension;0;;Moving to rest position;
8f4cdfd9-c6a5-4abe-9c92-0d36fb7e13b7;2025-05-09 12:29:20.8385;1835;None;;;;0.2754529;0.8045819;0.09111595;extension;0;;Moving to rest position;
8f4cdfd9-c6a5-4abe-9c92-0d36fb7e13b7;2025-05-09 12:29:20.8495;1836;None;;;;0.2753583;0.8045458;0.09107113;extension;0;;Moving to rest position;
8f4cdfd9-c6a5-4abe-9c92-0d36fb7e13b7;2025-05-09 12:29:20.8605;1837;None;;;;0.275137;0.804837;0.09117079;extension;0;;Moving to rest position;
8f4cdfd9-c6a5-4abe-9c92-0d36fb7e13b7;2025-05-09 12:29:20.8724;1838;None;;;;0.2751091;0.8048308;0.0911305;extension;0;;Moving to rest position;
8f4cdfd9-c6a5-4abe-9c92-0d36fb7e13b7;2025-05-09 12:29:20.8834;1839;None;;;;0.2750669;0.8048661;0.09109116;extension;0;;Moving to rest position;
8f4cdfd9-c6a5-4abe-9c92-0d36fb7e13b7;2025-05-09 12:29:20.8944;1840;None;;;;0.2751071;0.8051596;0.09132123;extension;0;;Moving to rest position;
8f4cdfd9-c6a5-4abe-9c92-0d36fb7e13b7;2025-05-09 12:29:20.9053;1841;None;;;;0.2750606;0.8052224;0.09133434;extension;0;;Moving to rest position;
8f4cdfd9-c6a5-4abe-9c92-0d36fb7e13b7;2025-05-09 12:29:20.9173;1842;None;;;;0.2750185;0.8054912;0.09162855;extension;0;;Moving to rest position;
8f4cdfd9-c6a5-4abe-9c92-0d36fb7e13b7;2025-05-09 12:29:20.9273;1843;None;;;;0.2748717;0.8057289;0.09203124;extension;0;;Moving to rest position;
8f4cdfd9-c6a5-4abe-9c92-0d36fb7e13b7;2025-05-09 12:29:20.9392;1844;None;;;;0.2748126;0.8058687;0.09208608;extension;0;;Moving to rest position;
8f4cdfd9-c6a5-4abe-9c92-0d36fb7e13b7;2025-05-09 12:29:20.9502;1845;None;;;;0.2744864;0.8062216;0.09226584;extension;0;;Moving to rest position;
8f4cdfd9-c6a5-4abe-9c92-0d36fb7e13b7;2025-05-09 12:29:20.9612;1846;None;;;;0.2743937;0.8064413;0.09233332;extension;0;;Moving to rest position;
8f4cdfd9-c6a5-4abe-9c92-0d36fb7e13b7;2025-05-09 12:29:20.9722;1847;None;;;;0.2742945;0.8067566;0.09249187;extension;0;;Moving to rest position;
8f4cdfd9-c6a5-4abe-9c92-0d36fb7e13b7;2025-05-09 12:29:20.9841;1848;None;;;;0.2741575;0.8072655;0.09285045;extension;0;;Moving to rest position;
8f4cdfd9-c6a5-4abe-9c92-0d36fb7e13b7;2025-05-09 12:29:20.9951;1849;None;;;;0.274002;0.8078027;0.09329534;extension;0;;Moving to rest position;
8f4cdfd9-c6a5-4abe-9c92-0d36fb7e13b7;2025-05-09 12:29:21.0061;1850;None;;;;0.2739331;0.808319;0.09351826;extension;0;;Moving to rest position;
8f4cdfd9-c6a5-4abe-9c92-0d36fb7e13b7;2025-05-09 12:29:21.0170;1851;None;;;;0.2738523;0.8088897;0.09380984;extension;0;;Moving to rest position;
8f4cdfd9-c6a5-4abe-9c92-0d36fb7e13b7;2025-05-09 12:29:21.0280;1852;None;;;;0.2738308;0.8093743;0.09400201;extension;0;;Moving to rest position;
8f4cdfd9-c6a5-4abe-9c92-0d36fb7e13b7;2025-05-09 12:29:21.0390;1853;None;;;;0.2737311;0.8100599;0.09435606;extension;0;;Moving to rest position;
8f4cdfd9-c6a5-4abe-9c92-0d36fb7e13b7;2025-05-09 12:29:21.0509;1854;None;;;;0.2736596;0.8105537;0.09444284;extension;0;;Moving to rest position;
8f4cdfd9-c6a5-4abe-9c92-0d36fb7e13b7;2025-05-09 12:29:21.0619;1855;None;;;;0.2735917;0.8113084;0.09459877;extension;0;;Moving to rest position;
8f4cdfd9-c6a5-4abe-9c92-0d36fb7e13b7;2025-05-09 12:29:21.0729;1856;None;;;;0.27345;0.8117454;0.09460616;extension;0;;Moving to rest position;
8f4cdfd9-c6a5-4abe-9c92-0d36fb7e13b7;2025-05-09 12:29:21.0849;1857;None;;;;0.2730691;0.8122308;0.09471607;extension;0;;Moving to rest position;
8f4cdfd9-c6a5-4abe-9c92-0d36fb7e13b7;2025-05-09 12:29:21.0958;1858;None;;;;0.2728087;0.812752;0.0950377;extension;0;;Moving to rest position;
8f4cdfd9-c6a5-4abe-9c92-0d36fb7e13b7;2025-05-09 12:29:21.1064;1859;None;;;;0.2727078;0.8131191;0.0951097;extension;0;;Moving to rest position;
8f4cdfd9-c6a5-4abe-9c92-0d36fb7e13b7;2025-05-09 12:29:21.1179;1860;None;;;;0.2726877;0.8135632;0.09530568;extension;0;;Moving to rest position;
8f4cdfd9-c6a5-4abe-9c92-0d36fb7e13b7;2025-05-09 12:29:21.1288;1861;None;;;;0.2727199;0.8139399;0.09542084;extension;0;;Moving to rest position;
8f4cdfd9-c6a5-4abe-9c92-0d36fb7e13b7;2025-05-09 12:29:21.1398;1862;None;;;;0.2727199;0.8145821;0.09566569;extension;0;;Moving to rest position;
8f4cdfd9-c6a5-4abe-9c92-0d36fb7e13b7;2025-05-09 12:29:21.1508;1863;None;;;;0.2727978;0.8149379;0.09574461;extension;0;;Moving to rest position;
8f4cdfd9-c6a5-4abe-9c92-0d36fb7e13b7;2025-05-09 12:29:21.1627;1864;None;;;;0.27271;0.8154805;0.09607291;extension;0;;Moving to rest position;
8f4cdfd9-c6a5-4abe-9c92-0d36fb7e13b7;2025-05-09 12:29:21.1737;1865;None;;;;0.2726849;0.8157624;0.09651947;extension;0;;Moving to rest position;
8f4cdfd9-c6a5-4abe-9c92-0d36fb7e13b7;2025-05-09 12:29:21.1852;1866;None;;;;0.2725973;0.8163195;0.09711528;extension;0;;Moving to rest position;
8f4cdfd9-c6a5-4abe-9c92-0d36fb7e13b7;2025-05-09 12:29:21.1962;1867;None;;;;0.2726478;0.816739;0.09713578;extension;0;;Moving to rest position;
8f4cdfd9-c6a5-4abe-9c92-0d36fb7e13b7;2025-05-09 12:29:21.2071;1868;None;;;;0.2727388;0.8168906;0.09721828;extension;0;;Moving to rest position;
8f4cdfd9-c6a5-4abe-9c92-0d36fb7e13b7;2025-05-09 12:29:21.2181;1869;None;;;;0.2725126;0.8171511;0.09737325;extension;0;;Moving to rest position;
8f4cdfd9-c6a5-4abe-9c92-0d36fb7e13b7;2025-05-09 12:29:21.2291;1870;None;;;;0.2726359;0.8174126;0.09749031;extension;0;;Moving to rest position;
8f4cdfd9-c6a5-4abe-9c92-0d36fb7e13b7;2025-05-09 12:29:21.2410;1871;None;;;;0.2727644;0.8175145;0.09755182;extension;0;;Moving to rest position;
8f4cdfd9-c6a5-4abe-9c92-0d36fb7e13b7;2025-05-09 12:29:21.2520;1872;None;;;;0.2727625;0.8177185;0.09773588;extension;0;;Moving to rest position;
8f4cdfd9-c6a5-4abe-9c92-0d36fb7e13b7;2025-05-09 12:29:21.2630;1873;None;;;;0.2728549;0.8179328;0.09778237;extension;0;;Moving to rest position;
8f4cdfd9-c6a5-4abe-9c92-0d36fb7e13b7;2025-05-09 12:29:21.2740;1874;None;;;;0.2729486;0.8180045;0.09783125;extension;0;;Moving to rest position;
8f4cdfd9-c6a5-4abe-9c92-0d36fb7e13b7;2025-05-09 12:29:21.2849;1875;None;;;;0.2728851;0.8180175;0.09792924;extension;0;;Moving to rest position;
8f4cdfd9-c6a5-4abe-9c92-0d36fb7e13b7;2025-05-09 12:29:21.2959;1876;None;;;;0.2728643;0.818166;0.09820819;extension;0;;Moving to rest position;
8f4cdfd9-c6a5-4abe-9c92-0d36fb7e13b7;2025-05-09 12:29:21.3079;1877;None;;;;0.2729259;0.8181196;0.0982821;extension;0;;Moving to rest position;
8f4cdfd9-c6a5-4abe-9c92-0d36fb7e13b7;2025-05-09 12:29:21.3188;1878;None;;;;0.2732297;0.818118;0.09848166;extension;0;;Moving to rest position;
8f4cdfd9-c6a5-4abe-9c92-0d36fb7e13b7;2025-05-09 12:29:21.3303;1879;None;;;;0.2732623;0.8181107;0.09868956;extension;0;;Moving to rest position;
8f4cdfd9-c6a5-4abe-9c92-0d36fb7e13b7;2025-05-09 12:29:21.3413;1880;None;;;;0.2733511;0.8180135;0.09870076;extension;0;;Moving to rest position;
8f4cdfd9-c6a5-4abe-9c92-0d36fb7e13b7;2025-05-09 12:29:21.3523;1881;None;;;;0.2734174;0.8179127;0.0987215;extension;0;;Moving to rest position;
8f4cdfd9-c6a5-4abe-9c92-0d36fb7e13b7;2025-05-09 12:29:21.3632;1882;None;;;;0.2734507;0.8179125;0.09883904;extension;0;;Moving to rest position;
8f4cdfd9-c6a5-4abe-9c92-0d36fb7e13b7;2025-05-09 12:29:21.3747;1883;None;;;;0.2735124;0.817814;0.09882665;extension;0;;Moving to rest position;
8f4cdfd9-c6a5-4abe-9c92-0d36fb7e13b7;2025-05-09 12:29:21.3857;1884;None;;;;0.2737517;0.8177419;0.09890151;extension;0;;Moving to rest position;
8f4cdfd9-c6a5-4abe-9c92-0d36fb7e13b7;2025-05-09 12:29:21.3966;1885;None;;;;0.2737107;0.8176231;0.099334;extension;0;;Moving to rest position;
8f4cdfd9-c6a5-4abe-9c92-0d36fb7e13b7;2025-05-09 12:29:21.4086;1886;None;;;;0.2737176;0.8174833;0.09948874;extension;0;;Moving to rest position;
8f4cdfd9-c6a5-4abe-9c92-0d36fb7e13b7;2025-05-09 12:29:21.4196;1887;None;;;;0.2737613;0.8174061;0.09964633;extension;0;;Moving to rest position;
8f4cdfd9-c6a5-4abe-9c92-0d36fb7e13b7;2025-05-09 12:29:21.4305;1888;None;;;;0.2735916;0.8176225;0.1001883;extension;0;;Moving to rest position;
8f4cdfd9-c6a5-4abe-9c92-0d36fb7e13b7;2025-05-09 12:29:21.4415;1889;None;;;;0.2734859;0.8177646;0.100395;extension;0;;Moving to rest position;
8f4cdfd9-c6a5-4abe-9c92-0d36fb7e13b7;2025-05-09 12:29:21.4525;1890;None;;;;0.2734004;0.8178623;0.1006007;extension;0;;Moving to rest position;
8f4cdfd9-c6a5-4abe-9c92-0d36fb7e13b7;2025-05-09 12:29:21.4635;1891;None;;;;0.2733496;0.8184562;0.1007822;extension;0;;Moving to rest position;
8f4cdfd9-c6a5-4abe-9c92-0d36fb7e13b7;2025-05-09 12:29:21.4754;1892;None;;;;0.2734425;0.8186796;0.1010087;extension;0;;Moving to rest position;
8f4cdfd9-c6a5-4abe-9c92-0d36fb7e13b7;2025-05-09 12:29:21.4864;1893;None;;;;0.2735084;0.8190135;0.1013272;extension;0;;Moving to rest position;
8f4cdfd9-c6a5-4abe-9c92-0d36fb7e13b7;2025-05-09 12:29:21.4974;1894;None;;;;0.2736256;0.8193228;0.1017919;extension;0;;Moving to rest position;
8f4cdfd9-c6a5-4abe-9c92-0d36fb7e13b7;2025-05-09 12:29:21.5083;1895;None;;;;0.2738082;0.8194489;0.101934;extension;0;;Moving to rest position;
8f4cdfd9-c6a5-4abe-9c92-0d36fb7e13b7;2025-05-09 12:29:21.5203;1896;None;;;;0.2738924;0.8196409;0.1021521;extension;0;;Moving to rest position;
8f4cdfd9-c6a5-4abe-9c92-0d36fb7e13b7;2025-05-09 12:29:21.5308;1897;None;;;;0.2739456;0.8199663;0.1022694;extension;0;;Moving to rest position;
8f4cdfd9-c6a5-4abe-9c92-0d36fb7e13b7;2025-05-09 12:29:21.5418;1898;None;;;;0.2739672;0.8200138;0.1022758;extension;0;;Moving to rest position;
8f4cdfd9-c6a5-4abe-9c92-0d36fb7e13b7;2025-05-09 12:29:21.5537;1899;None;;;;0.2738348;0.8200487;0.1022892;extension;0;;Moving to rest position;
8f4cdfd9-c6a5-4abe-9c92-0d36fb7e13b7;2025-05-09 12:29:21.5647;1900;None;;;;0.2737141;0.8200883;0.1025937;extension;0;;Moving to rest position;
8f4cdfd9-c6a5-4abe-9c92-0d36fb7e13b7;2025-05-09 12:29:21.5757;1901;None;;;;0.2736744;0.820116;0.1026077;extension;0;;Moving to rest position;
8f4cdfd9-c6a5-4abe-9c92-0d36fb7e13b7;2025-05-09 12:29:21.5866;1902;None;;;;0.2739406;0.8200181;0.1025178;extension;0;;Moving to rest position;
8f4cdfd9-c6a5-4abe-9c92-0d36fb7e13b7;2025-05-09 12:29:21.5976;1903;None;;;;0.2739922;0.8202275;0.1027093;extension;0;;Moving to rest position;
8f4cdfd9-c6a5-4abe-9c92-0d36fb7e13b7;2025-05-09 12:29:21.6096;1904;None;;;;0.2740507;0.8204217;0.1028554;extension;0;;Moving to rest position;
8f4cdfd9-c6a5-4abe-9c92-0d36fb7e13b7;2025-05-09 12:29:21.6205;1905;None;;;;0.2740335;0.8206569;0.1030307;extension;0;;Moving to rest position;
8f4cdfd9-c6a5-4abe-9c92-0d36fb7e13b7;2025-05-09 12:29:21.6315;1906;None;;;;0.2741573;0.8211597;0.103157;extension;0;;Moving to rest position;
8f4cdfd9-c6a5-4abe-9c92-0d36fb7e13b7;2025-05-09 12:29:21.6435;1907;None;;;;0.2743245;0.8215927;0.1034648;extension;0;;Moving to rest position;
8f4cdfd9-c6a5-4abe-9c92-0d36fb7e13b7;2025-05-09 12:29:21.6535;1908;None;;;;0.2746436;0.8219823;0.1036959;extension;0;;Moving to rest position;
8f4cdfd9-c6a5-4abe-9c92-0d36fb7e13b7;2025-05-09 12:29:21.6654;1909;None;;;;0.2748035;0.8226116;0.1039054;extension;0;;Moving to rest position;
8f4cdfd9-c6a5-4abe-9c92-0d36fb7e13b7;2025-05-09 12:29:21.6764;1910;None;;;;0.2749743;0.8230059;0.104048;extension;0;;Moving to rest position;
8f4cdfd9-c6a5-4abe-9c92-0d36fb7e13b7;2025-05-09 12:29:21.6874;1911;None;;;;0.2752628;0.8231912;0.1039405;extension;0;;Moving to rest position;
8f4cdfd9-c6a5-4abe-9c92-0d36fb7e13b7;2025-05-09 12:29:21.6983;1912;None;;;;0.2753087;0.8232915;0.1040671;extension;0;;Moving to rest position;
8f4cdfd9-c6a5-4abe-9c92-0d36fb7e13b7;2025-05-09 12:29:21.7093;1913;None;;;;0.2754034;0.8233436;0.1039531;extension;0;;Moving to rest position;
8f4cdfd9-c6a5-4abe-9c92-0d36fb7e13b7;2025-05-09 12:29:21.7213;1914;None;;;;0.2754264;0.8229895;0.103467;extension;0;;Moving to rest position;
8f4cdfd9-c6a5-4abe-9c92-0d36fb7e13b7;2025-05-09 12:29:21.7322;1915;None;;;;0.2753527;0.8226744;0.1031871;extension;0;;Moving to rest position;
8f4cdfd9-c6a5-4abe-9c92-0d36fb7e13b7;2025-05-09 12:29:21.7432;1916;None;;;;0.2753073;0.8222624;0.102798;extension;0;;Moving to rest position;
8f4cdfd9-c6a5-4abe-9c92-0d36fb7e13b7;2025-05-09 12:29:21.7542;1917;None;;;;0.2751623;0.8216028;0.1023488;extension;0;;Moving to rest position;
8f4cdfd9-c6a5-4abe-9c92-0d36fb7e13b7;2025-05-09 12:29:21.7662;1918;None;;;;0.2749882;0.8207763;0.1018944;extension;0;;Moving to rest position;
8f4cdfd9-c6a5-4abe-9c92-0d36fb7e13b7;2025-05-09 12:29:21.7771;1919;None;;;;0.2747904;0.8198662;0.1014583;extension;0;;Moving to rest position;
8f4cdfd9-c6a5-4abe-9c92-0d36fb7e13b7;2025-05-09 12:29:21.7881;1920;None;;;;0.2745289;0.8190106;0.1010981;extension;0;;Moving to rest position;
8f4cdfd9-c6a5-4abe-9c92-0d36fb7e13b7;2025-05-09 12:29:21.7991;1921;None;;;;0.2741646;0.8183647;0.1005554;extension;0;;Moving to rest position;
8f4cdfd9-c6a5-4abe-9c92-0d36fb7e13b7;2025-05-09 12:29:21.8100;1922;None;;;;0.2737626;0.8175669;0.10026;extension;0;;Moving to rest position;
8f4cdfd9-c6a5-4abe-9c92-0d36fb7e13b7;2025-05-09 12:29:21.8210;1923;None;;;;0.27355;0.8165696;0.09987497;extension;0;;Moving to rest position;
8f4cdfd9-c6a5-4abe-9c92-0d36fb7e13b7;2025-05-09 12:29:21.8330;1924;None;;;;0.2730271;0.8158691;0.09978652;extension;0;;Moving to rest position;
8f4cdfd9-c6a5-4abe-9c92-0d36fb7e13b7;2025-05-09 12:29:21.8439;1925;None;;;;0.2724901;0.8151629;0.09960961;extension;0;;Moving to rest position;
8f4cdfd9-c6a5-4abe-9c92-0d36fb7e13b7;2025-05-09 12:29:21.8549;1926;None;;;;0.2722542;0.8146201;0.09958911;extension;0;;Moving to rest position;
8f4cdfd9-c6a5-4abe-9c92-0d36fb7e13b7;2025-05-09 12:29:21.8659;1927;None;;;;0.2718767;0.8142655;0.09933615;extension;0;;Moving to rest position;
8f4cdfd9-c6a5-4abe-9c92-0d36fb7e13b7;2025-05-09 12:29:21.8774;1928;None;;;;0.2715992;0.8139625;0.09914255;extension;0;;Moving to rest position;
8f4cdfd9-c6a5-4abe-9c92-0d36fb7e13b7;2025-05-09 12:29:21.8883;1929;None;;;;0.2713138;0.8135791;0.09887195;extension;0;;Moving to rest position;
8f4cdfd9-c6a5-4abe-9c92-0d36fb7e13b7;2025-05-09 12:29:21.8993;1930;None;;;;0.2713131;0.8134682;0.098809;extension;0;;Moving to rest position;
8f4cdfd9-c6a5-4abe-9c92-0d36fb7e13b7;2025-05-09 12:29:21.9113;1931;None;;;;0.2712501;0.8132989;0.09873748;extension;0;;Moving to rest position;
8f4cdfd9-c6a5-4abe-9c92-0d36fb7e13b7;2025-05-09 12:29:21.9222;1932;None;;;;0.2709925;0.8134444;0.09887457;extension;0;;Moving to rest position;
8f4cdfd9-c6a5-4abe-9c92-0d36fb7e13b7;2025-05-09 12:29:21.9332;1933;None;;;;0.270937;0.8134701;0.09910297;extension;0;;Moving to rest position;
8f4cdfd9-c6a5-4abe-9c92-0d36fb7e13b7;2025-05-09 12:29:21.9442;1934;None;;;;0.2708893;0.8134713;0.09910131;extension;0;;Moving to rest position;
8f4cdfd9-c6a5-4abe-9c92-0d36fb7e13b7;2025-05-09 12:29:21.9552;1935;None;;;;0.2707011;0.8136525;0.09922385;extension;0;;Moving to rest position;
8f4cdfd9-c6a5-4abe-9c92-0d36fb7e13b7;2025-05-09 12:29:21.9671;1936;None;;;;0.2705379;0.8137665;0.09956026;extension;0;;Moving to rest position;
8f4cdfd9-c6a5-4abe-9c92-0d36fb7e13b7;2025-05-09 12:29:21.9781;1937;None;;;;0.270408;0.8138984;0.09962559;extension;0;;Moving to rest position;
8f4cdfd9-c6a5-4abe-9c92-0d36fb7e13b7;2025-05-09 12:29:21.9891;1938;None;;;;0.2701785;0.8140149;0.0996418;extension;0;;Moving to rest position;
8f4cdfd9-c6a5-4abe-9c92-0d36fb7e13b7;2025-05-09 12:29:22.0000;1939;None;;;;0.2700169;0.8144808;0.09977078;extension;0;;Moving to rest position;
8f4cdfd9-c6a5-4abe-9c92-0d36fb7e13b7;2025-05-09 12:29:22.0120;1940;None;;;;0.2698777;0.8147329;0.09993696;extension;0;;Moving to rest position;
8f4cdfd9-c6a5-4abe-9c92-0d36fb7e13b7;2025-05-09 12:29:22.0230;1941;None;;;;0.2699316;0.8150494;0.100157;extension;0;;Moving to rest position;
8f4cdfd9-c6a5-4abe-9c92-0d36fb7e13b7;2025-05-09 12:29:22.0339;1942;None;;;;0.2699125;0.8153949;0.1002593;extension;0;;Moving to rest position;
8f4cdfd9-c6a5-4abe-9c92-0d36fb7e13b7;2025-05-09 12:29:22.0449;1943;None;;;;0.2699692;0.8158162;0.1004469;extension;0;;Moving to rest position;
8f4cdfd9-c6a5-4abe-9c92-0d36fb7e13b7;2025-05-09 12:29:22.0559;1944;None;;;;0.270277;0.8160638;0.1004436;extension;0;;Moving to rest position;
8f4cdfd9-c6a5-4abe-9c92-0d36fb7e13b7;2025-05-09 12:29:22.0669;1945;None;;;;0.2704121;0.816489;0.100544;extension;0;;Moving to rest position;
8f4cdfd9-c6a5-4abe-9c92-0d36fb7e13b7;2025-05-09 12:29:22.0778;1946;None;;;;0.2705173;0.8168808;0.1007161;extension;0;;Moving to rest position;
8f4cdfd9-c6a5-4abe-9c92-0d36fb7e13b7;2025-05-09 12:29:22.0898;1947;None;;;;0.2706084;0.8171283;0.1006866;extension;0;;Moving to rest position;
8f4cdfd9-c6a5-4abe-9c92-0d36fb7e13b7;2025-05-09 12:29:22.1008;1948;None;;;;0.270649;0.8173635;0.10094;extension;0;;Moving to rest position;
8f4cdfd9-c6a5-4abe-9c92-0d36fb7e13b7;2025-05-09 12:29:22.1117;1949;None;;;;0.2706689;0.81768;0.1010804;extension;0;;Moving to rest position;
8f4cdfd9-c6a5-4abe-9c92-0d36fb7e13b7;2025-05-09 12:29:22.1232;1950;None;;;;0.2707166;0.8177544;0.1010473;extension;0;;Moving to rest position;
8f4cdfd9-c6a5-4abe-9c92-0d36fb7e13b7;2025-05-09 12:29:22.1342;1951;None;;;;0.270588;0.8181584;0.1013651;extension;0;;Moving to rest position;
8f4cdfd9-c6a5-4abe-9c92-0d36fb7e13b7;2025-05-09 12:29:22.1452;1952;None;;;;0.2705338;0.8183432;0.1014032;extension;0;;Moving to rest position;
8f4cdfd9-c6a5-4abe-9c92-0d36fb7e13b7;2025-05-09 12:29:22.1571;1953;None;;;;0.2706534;0.8184966;0.1014891;extension;0;;Moving to rest position;
8f4cdfd9-c6a5-4abe-9c92-0d36fb7e13b7;2025-05-09 12:29:22.1681;1954;None;;;;0.2705793;0.8188525;0.1011913;extension;0;;Moving to rest position;
8f4cdfd9-c6a5-4abe-9c92-0d36fb7e13b7;2025-05-09 12:29:22.1791;1955;None;;;;0.2705086;0.8189403;0.1011188;extension;0;;Moving to rest position;
8f4cdfd9-c6a5-4abe-9c92-0d36fb7e13b7;2025-05-09 12:29:22.1900;1956;None;;;;0.2706009;0.8189389;0.1009705;extension;0;;Moving to rest position;
8f4cdfd9-c6a5-4abe-9c92-0d36fb7e13b7;2025-05-09 12:29:22.2010;1957;None;;;;0.2705125;0.8192168;0.1009443;extension;0;;Moving to rest position;
8f4cdfd9-c6a5-4abe-9c92-0d36fb7e13b7;2025-05-09 12:29:22.2130;1958;None;;;;0.2704755;0.8192734;0.1008627;extension;0;;Moving to rest position;
8f4cdfd9-c6a5-4abe-9c92-0d36fb7e13b7;2025-05-09 12:29:22.2239;1959;None;;;;0.2704099;0.8192782;0.1007085;extension;0;;Moving to rest position;
8f4cdfd9-c6a5-4abe-9c92-0d36fb7e13b7;2025-05-09 12:29:22.2344;1960;None;;;;0.2703635;0.8194118;0.1007724;extension;0;;Moving to rest position;
8f4cdfd9-c6a5-4abe-9c92-0d36fb7e13b7;2025-05-09 12:29:22.2464;1961;None;;;;0.2703315;0.8194456;0.1007066;extension;0;;Moving to rest position;
8f4cdfd9-c6a5-4abe-9c92-0d36fb7e13b7;2025-05-09 12:29:22.2574;1962;None;;;;0.2703466;0.8192616;0.1003566;extension;0;;Moving to rest position;
8f4cdfd9-c6a5-4abe-9c92-0d36fb7e13b7;2025-05-09 12:29:22.2683;1963;None;;;;0.2702754;0.8194032;0.1002913;extension;0;;Moving to rest position;
8f4cdfd9-c6a5-4abe-9c92-0d36fb7e13b7;2025-05-09 12:29:22.2793;1964;None;;;;0.2702372;0.8194141;0.1002445;extension;0;;Moving to rest position;
8f4cdfd9-c6a5-4abe-9c92-0d36fb7e13b7;2025-05-09 12:29:22.2903;1965;None;;;;0.2699833;0.8193055;0.1000705;extension;0;;Moving to rest position;
8f4cdfd9-c6a5-4abe-9c92-0d36fb7e13b7;2025-05-09 12:29:22.3012;1966;None;;;;0.2699195;0.8192149;0.1000919;extension;0;;Moving to rest position;
8f4cdfd9-c6a5-4abe-9c92-0d36fb7e13b7;2025-05-09 12:29:22.3132;1967;None;;;;0.2698464;0.8191764;0.1000965;extension;0;;Moving to rest position;
8f4cdfd9-c6a5-4abe-9c92-0d36fb7e13b7;2025-05-09 12:29:22.3242;1968;None;;;;0.2697749;0.8190362;0.09995222;extension;0;;Moving to rest position;
8f4cdfd9-c6a5-4abe-9c92-0d36fb7e13b7;2025-05-09 12:29:22.3357;1969;None;;;;0.2696853;0.8189852;0.09998155;extension;0;;Moving to rest position;
8f4cdfd9-c6a5-4abe-9c92-0d36fb7e13b7;2025-05-09 12:29:22.3466;1970;None;;;;0.2695912;0.818942;0.1000202;extension;0;;Moving to rest position;
8f4cdfd9-c6a5-4abe-9c92-0d36fb7e13b7;2025-05-09 12:29:22.3576;1971;None;;;;0.2698341;0.8187046;0.09984064;extension;0;;Moving to rest position;
8f4cdfd9-c6a5-4abe-9c92-0d36fb7e13b7;2025-05-09 12:29:22.3696;1972;None;;;;0.269787;0.8189297;0.09971881;extension;0;;Moving to rest position;
8f4cdfd9-c6a5-4abe-9c92-0d36fb7e13b7;2025-05-09 12:29:22.3795;1973;None;;;;0.2697514;0.8189529;0.09980726;extension;0;;Moving to rest position;
8f4cdfd9-c6a5-4abe-9c92-0d36fb7e13b7;2025-05-09 12:29:22.3915;1974;None;;;;0.2697588;0.8187689;0.09966111;extension;0;;Moving to rest position;
8f4cdfd9-c6a5-4abe-9c92-0d36fb7e13b7;2025-05-09 12:29:22.4025;1975;None;;;;0.2697433;0.8187836;0.09989405;extension;0;;Moving to rest position;
8f4cdfd9-c6a5-4abe-9c92-0d36fb7e13b7;2025-05-09 12:29:22.4135;1976;None;;;;0.2698106;0.818801;0.1000056;extension;0;;Moving to rest position;
8f4cdfd9-c6a5-4abe-9c92-0d36fb7e13b7;2025-05-09 12:29:22.4249;1977;None;;;;0.2699625;0.8186284;0.09988046;extension;0;;Moving to rest position;
8f4cdfd9-c6a5-4abe-9c92-0d36fb7e13b7;2025-05-09 12:29:22.4359;1978;None;;;;0.270034;0.8185999;0.1000481;extension;0;;Moving to rest position;
8f4cdfd9-c6a5-4abe-9c92-0d36fb7e13b7;2025-05-09 12:29:22.4469;1979;None;;;;0.270107;0.8185883;0.1001186;extension;0;;Moving to rest position;
8f4cdfd9-c6a5-4abe-9c92-0d36fb7e13b7;2025-05-09 12:29:22.4578;1980;None;;;;0.2701827;0.818381;0.09993982;extension;0;;Moving to rest position;
8f4cdfd9-c6a5-4abe-9c92-0d36fb7e13b7;2025-05-09 12:29:22.4688;1981;None;;;;0.2702162;0.81829;0.1000106;extension;0;;Moving to rest position;
8f4cdfd9-c6a5-4abe-9c92-0d36fb7e13b7;2025-05-09 12:29:22.4808;1982;None;;;;0.2702421;0.8182111;0.1000385;extension;0;;Moving to rest position;
8f4cdfd9-c6a5-4abe-9c92-0d36fb7e13b7;2025-05-09 12:29:22.4918;1983;None;;;;0.2704871;0.8179612;0.09988737;extension;0;;Moving to rest position;
8f4cdfd9-c6a5-4abe-9c92-0d36fb7e13b7;2025-05-09 12:29:22.5027;1984;None;;;;0.2704653;0.8180801;0.09998178;extension;0;;Moving to rest position;
8f4cdfd9-c6a5-4abe-9c92-0d36fb7e13b7;2025-05-09 12:29:22.5137;1985;None;;;;0.2704569;0.8179934;0.09998822;extension;0;;Moving to rest position;
8f4cdfd9-c6a5-4abe-9c92-0d36fb7e13b7;2025-05-09 12:29:22.5252;1986;None;;;;0.2705781;0.8177695;0.09983516;extension;0;;Moving to rest position;
8f4cdfd9-c6a5-4abe-9c92-0d36fb7e13b7;2025-05-09 12:29:22.5361;1987;None;;;;0.2705042;0.8179678;0.1001124;extension;0;;Moving to rest position;
8f4cdfd9-c6a5-4abe-9c92-0d36fb7e13b7;2025-05-09 12:29:22.5471;1988;None;;;;0.2705134;0.817952;0.1001871;extension;0;;Moving to rest position;
8f4cdfd9-c6a5-4abe-9c92-0d36fb7e13b7;2025-05-09 12:29:22.5591;1989;None;;;;0.2707089;0.8179536;0.1002829;extension;0;;Moving to rest position;
8f4cdfd9-c6a5-4abe-9c92-0d36fb7e13b7;2025-05-09 12:29:22.5700;1990;None;;;;0.2707254;0.8181351;0.1004977;extension;0;;Moving to rest position;
8f4cdfd9-c6a5-4abe-9c92-0d36fb7e13b7;2025-05-09 12:29:22.5810;1991;None;;;;0.2708282;0.8181642;0.1005583;extension;0;;Moving to rest position;
8f4cdfd9-c6a5-4abe-9c92-0d36fb7e13b7;2025-05-09 12:29:22.5920;1992;None;;;;0.2709391;0.8182355;0.1006877;extension;0;;Moving to rest position;
8f4cdfd9-c6a5-4abe-9c92-0d36fb7e13b7;2025-05-09 12:29:22.6030;1993;None;;;;0.2709101;0.8184316;0.1011136;extension;0;;Moving to rest position;
8f4cdfd9-c6a5-4abe-9c92-0d36fb7e13b7;2025-05-09 12:29:22.6149;1994;None;;;;0.2709548;0.8184232;0.1011398;extension;0;;Moving to rest position;
8f4cdfd9-c6a5-4abe-9c92-0d36fb7e13b7;2025-05-09 12:29:22.6254;1995;None;;;;0.2709086;0.8183891;0.1011393;extension;0;;Moving to rest position;
8f4cdfd9-c6a5-4abe-9c92-0d36fb7e13b7;2025-05-09 12:29:22.6364;1996;None;;;;0.2708757;0.8185301;0.1013339;extension;0;;Moving to rest position;
8f4cdfd9-c6a5-4abe-9c92-0d36fb7e13b7;2025-05-09 12:29:22.6484;1997;None;;;;0.2708951;0.8184915;0.1013601;extension;0;;Moving to rest position;
8f4cdfd9-c6a5-4abe-9c92-0d36fb7e13b7;2025-05-09 12:29:22.6593;1998;None;;;;0.270963;0.8184396;0.1013672;extension;0;;Moving to rest position;
8f4cdfd9-c6a5-4abe-9c92-0d36fb7e13b7;2025-05-09 12:29:22.6703;1999;None;;;;0.2709198;0.8185825;0.1015866;extension;0;;Moving to rest position;
8f4cdfd9-c6a5-4abe-9c92-0d36fb7e13b7;2025-05-09 12:29:22.6813;2000;None;;;;0.2709258;0.8185519;0.1015782;extension;0;;Moving to rest position;
8f4cdfd9-c6a5-4abe-9c92-0d36fb7e13b7;2025-05-09 12:29:22.6922;2001;None;;;;0.2708691;0.8185558;0.1016366;extension;0;;Moving to rest position;
8f4cdfd9-c6a5-4abe-9c92-0d36fb7e13b7;2025-05-09 12:29:22.7042;2002;None;;;;0.2708599;0.8186088;0.1016278;extension;0;;Moving to rest position;
8f4cdfd9-c6a5-4abe-9c92-0d36fb7e13b7;2025-05-09 12:29:22.7152;2003;None;;;;0.2708605;0.8184845;0.1015544;extension;0;;Moving to rest position;
8f4cdfd9-c6a5-4abe-9c92-0d36fb7e13b7;2025-05-09 12:29:22.7267;2004;None;;;;0.2708092;0.8183756;0.1014853;extension;0;;Moving to rest position;
8f4cdfd9-c6a5-4abe-9c92-0d36fb7e13b7;2025-05-09 12:29:22.7376;2005;None;;;;0.2707837;0.8182371;0.1014409;extension;0;;Moving to rest position;
8f4cdfd9-c6a5-4abe-9c92-0d36fb7e13b7;2025-05-09 12:29:22.7486;2006;None;;;;0.2707546;0.8180792;0.1013868;extension;0;;Moving to rest position;
8f4cdfd9-c6a5-4abe-9c92-0d36fb7e13b7;2025-05-09 12:29:22.7596;2007;None;;;;0.2708166;0.8178432;0.1012971;extension;0;;Moving to rest position;
8f4cdfd9-c6a5-4abe-9c92-0d36fb7e13b7;2025-05-09 12:29:22.7705;2008;None;;;;0.2707055;0.8176414;0.1015711;extension;0;;Moving to rest position;
8f4cdfd9-c6a5-4abe-9c92-0d36fb7e13b7;2025-05-09 12:29:22.7825;2009;None;;;;0.2708057;0.8173871;0.1015851;extension;0;;Moving to rest position;
8f4cdfd9-c6a5-4abe-9c92-0d36fb7e13b7;2025-05-09 12:29:22.7935;2010;None;;;;0.2707201;0.8172085;0.1016729;extension;0;;Moving to rest position;
8f4cdfd9-c6a5-4abe-9c92-0d36fb7e13b7;2025-05-09 12:29:22.8045;2011;None;;;;0.2706426;0.8171062;0.1016328;extension;0;;Moving to rest position;
8f4cdfd9-c6a5-4abe-9c92-0d36fb7e13b7;2025-05-09 12:29:22.8154;2012;None;;;;0.270563;0.8169776;0.1016891;extension;0;;Moving to rest position;
8f4cdfd9-c6a5-4abe-9c92-0d36fb7e13b7;2025-05-09 12:29:22.8269;2013;None;;;;0.2704306;0.8168026;0.1016238;extension;0;;Moving to rest position;
8f4cdfd9-c6a5-4abe-9c92-0d36fb7e13b7;2025-05-09 12:29:22.8379;2014;None;;;;0.2703657;0.81678;0.1016245;extension;0;;Moving to rest position;
8f4cdfd9-c6a5-4abe-9c92-0d36fb7e13b7;2025-05-09 12:29:22.8498;2015;None;;;;0.2703336;0.816685;0.1015885;extension;0;;Moving to rest position;
8f4cdfd9-c6a5-4abe-9c92-0d36fb7e13b7;2025-05-09 12:29:22.8598;2016;None;;;;0.2705491;0.8165299;0.1013825;extension;0;;Moving to rest position;
8f4cdfd9-c6a5-4abe-9c92-0d36fb7e13b7;2025-05-09 12:29:22.8718;2017;None;;;;0.2705455;0.8166593;0.1013331;extension;0;;Moving to rest position;
8f4cdfd9-c6a5-4abe-9c92-0d36fb7e13b7;2025-05-09 12:29:22.8828;2018;None;;;;0.2705934;0.8166709;0.1012456;extension;0;;Moving to rest position;
8f4cdfd9-c6a5-4abe-9c92-0d36fb7e13b7;2025-05-09 12:29:22.8937;2019;None;;;;0.2707573;0.8165973;0.1010313;extension;0;;Moving to rest position;
8f4cdfd9-c6a5-4abe-9c92-0d36fb7e13b7;2025-05-09 12:29:22.9047;2020;None;;;;0.2707669;0.8169183;0.1010149;extension;0;;Moving to rest position;
8f4cdfd9-c6a5-4abe-9c92-0d36fb7e13b7;2025-05-09 12:29:22.9167;2021;None;;;;0.2708383;0.8170161;0.1009967;extension;0;;Moving to rest position;
8f4cdfd9-c6a5-4abe-9c92-0d36fb7e13b7;2025-05-09 12:29:22.9271;2022;None;;;;0.270862;0.8169789;0.100801;extension;0;;Moving to rest position;
8f4cdfd9-c6a5-4abe-9c92-0d36fb7e13b7;2025-05-09 12:29:22.9381;2023;None;;;;0.2708049;0.816992;0.1012931;extension;0;;Moving to rest position;
8f4cdfd9-c6a5-4abe-9c92-0d36fb7e13b7;2025-05-09 12:29:22.9501;2024;None;;;;0.2708533;0.8170636;0.1012962;extension;0;;Moving to rest position;
8f4cdfd9-c6a5-4abe-9c92-0d36fb7e13b7;2025-05-09 12:29:22.9610;2025;None;;;;0.2707905;0.8172554;0.1010795;extension;0;;Moving to rest position;
8f4cdfd9-c6a5-4abe-9c92-0d36fb7e13b7;2025-05-09 12:29:22.9720;2026;None;;;;0.270816;0.8173759;0.1010575;extension;0;;Moving to rest position;
8f4cdfd9-c6a5-4abe-9c92-0d36fb7e13b7;2025-05-09 12:29:22.9830;2027;None;;;;0.2707025;0.8174478;0.1009791;extension;0;;Moving to rest position;
8f4cdfd9-c6a5-4abe-9c92-0d36fb7e13b7;2025-05-09 12:29:22.9940;2028;None;;;;0.2707031;0.8175982;0.101043;extension;0;;Moving to rest position;
8f4cdfd9-c6a5-4abe-9c92-0d36fb7e13b7;2025-05-09 12:29:23.0059;2029;None;;;;0.2706626;0.8178711;0.1012013;extension;0;;Moving to rest position;
8f4cdfd9-c6a5-4abe-9c92-0d36fb7e13b7;2025-05-09 12:29:23.0169;2030;None;;;;0.27093;0.8179708;0.101269;extension;0;;Moving to rest position;
8f4cdfd9-c6a5-4abe-9c92-0d36fb7e13b7;2025-05-09 12:29:23.0274;2031;None;;;;0.2709392;0.8181603;0.1013844;extension;0;;Moving to rest position;
8f4cdfd9-c6a5-4abe-9c92-0d36fb7e13b7;2025-05-09 12:29:23.0393;2032;None;;;;0.2709359;0.818323;0.1016049;extension;0;;Moving to rest position;
8f4cdfd9-c6a5-4abe-9c92-0d36fb7e13b7;2025-05-09 12:29:23.0503;2033;None;;;;0.2710249;0.8183558;0.1015944;extension;0;;Moving to rest position;
8f4cdfd9-c6a5-4abe-9c92-0d36fb7e13b7;2025-05-09 12:29:23.0613;2034;None;;;;0.2710419;0.8185521;0.1017978;extension;0;;Moving to rest position;
8f4cdfd9-c6a5-4abe-9c92-0d36fb7e13b7;2025-05-09 12:29:23.0723;2035;None;;;;0.2710818;0.8186845;0.1019711;extension;0;;Moving to rest position;
8f4cdfd9-c6a5-4abe-9c92-0d36fb7e13b7;2025-05-09 12:29:23.0842;2036;None;;;;0.2712116;0.818743;0.1020744;extension;0;;Moving to rest position;
8f4cdfd9-c6a5-4abe-9c92-0d36fb7e13b7;2025-05-09 12:29:23.0942;2037;None;;;;0.2712537;0.8188396;0.1022329;extension;0;;Moving to rest position;
8f4cdfd9-c6a5-4abe-9c92-0d36fb7e13b7;2025-05-09 12:29:23.1062;2038;None;;;;0.2712545;0.8189001;0.1025937;extension;0;;Moving to rest position;
8f4cdfd9-c6a5-4abe-9c92-0d36fb7e13b7;2025-05-09 12:29:23.1171;2039;None;;;;0.2713556;0.8188528;0.102663;extension;0;;Moving to rest position;
8f4cdfd9-c6a5-4abe-9c92-0d36fb7e13b7;2025-05-09 12:29:23.1286;2040;None;;;;0.2712818;0.8189616;0.1028905;extension;0;;Moving to rest position;
8f4cdfd9-c6a5-4abe-9c92-0d36fb7e13b7;2025-05-09 12:29:23.1391;2041;None;;;;0.2712348;0.8189507;0.102927;extension;0;;Moving to rest position;
8f4cdfd9-c6a5-4abe-9c92-0d36fb7e13b7;2025-05-09 12:29:23.1511;2042;None;;;;0.2710227;0.8188599;0.102809;extension;0;;Moving to rest position;
8f4cdfd9-c6a5-4abe-9c92-0d36fb7e13b7;2025-05-09 12:29:23.1620;2043;None;;;;0.2708329;0.8190485;0.1027772;extension;0;;Moving to rest position;
8f4cdfd9-c6a5-4abe-9c92-0d36fb7e13b7;2025-05-09 12:29:23.1730;2044;None;;;;0.2706467;0.8190144;0.1027277;extension;0;;Moving to rest position;
8f4cdfd9-c6a5-4abe-9c92-0d36fb7e13b7;2025-05-09 12:29:23.1850;2045;None;;;;0.2708176;0.8188093;0.10254;extension;0;;Moving to rest position;
8f4cdfd9-c6a5-4abe-9c92-0d36fb7e13b7;2025-05-09 12:29:23.1959;2046;None;;;;0.2706546;0.8188004;0.1025133;extension;0;;Moving to rest position;
8f4cdfd9-c6a5-4abe-9c92-0d36fb7e13b7;2025-05-09 12:29:23.2069;2047;None;;;;0.270496;0.818774;0.1027067;extension;0;;Moving to rest position;
8f4cdfd9-c6a5-4abe-9c92-0d36fb7e13b7;2025-05-09 12:29:23.2179;2048;None;;;;0.2703661;0.8187714;0.102653;extension;0;;Moving to rest position;
8f4cdfd9-c6a5-4abe-9c92-0d36fb7e13b7;2025-05-09 12:29:23.2289;2049;None;;;;0.2702485;0.8190444;0.1027336;extension;0;;Moving to rest position;
8f4cdfd9-c6a5-4abe-9c92-0d36fb7e13b7;2025-05-09 12:29:23.2398;2050;None;;;;0.2701964;0.8191173;0.1027174;extension;0;;Moving to rest position;
8f4cdfd9-c6a5-4abe-9c92-0d36fb7e13b7;2025-05-09 12:29:23.2518;2051;None;;;;0.2700011;0.819193;0.1026556;extension;0;;Moving to rest position;
8f4cdfd9-c6a5-4abe-9c92-0d36fb7e13b7;2025-05-09 12:29:23.2628;2052;None;;;;0.2699032;0.8194052;0.1028512;extension;0;;Moving to rest position;
8f4cdfd9-c6a5-4abe-9c92-0d36fb7e13b7;2025-05-09 12:29:23.2737;2053;None;;;;0.2698168;0.8195571;0.1028862;extension;0;;Moving to rest position;
8f4cdfd9-c6a5-4abe-9c92-0d36fb7e13b7;2025-05-09 12:29:23.2847;2054;None;;;;0.2699804;0.8196476;0.1028891;extension;0;;Moving to rest position;
8f4cdfd9-c6a5-4abe-9c92-0d36fb7e13b7;2025-05-09 12:29:23.2957;2055;None;;;;0.2699097;0.8198436;0.1030009;extension;0;;Moving to rest position;
8f4cdfd9-c6a5-4abe-9c92-0d36fb7e13b7;2025-05-09 12:29:23.3077;2056;None;;;;0.2698399;0.8200549;0.1030264;extension;0;;Moving to rest position;
8f4cdfd9-c6a5-4abe-9c92-0d36fb7e13b7;2025-05-09 12:29:23.3186;2057;None;;;;0.2699577;0.8201873;0.1030531;extension;0;;Moving to rest position;
8f4cdfd9-c6a5-4abe-9c92-0d36fb7e13b7;2025-05-09 12:29:23.3301;2058;None;;;;0.2698572;0.8203802;0.1033971;extension;0;;Moving to rest position;
8f4cdfd9-c6a5-4abe-9c92-0d36fb7e13b7;2025-05-09 12:29:23.3406;2059;None;;;;0.2698127;0.8205634;0.1034424;extension;0;;Moving to rest position;
8f4cdfd9-c6a5-4abe-9c92-0d36fb7e13b7;2025-05-09 12:29:23.3515;2060;None;;;;0.2696216;0.8206751;0.1033795;extension;0;;Moving to rest position;
8f4cdfd9-c6a5-4abe-9c92-0d36fb7e13b7;2025-05-09 12:29:23.3635;2061;None;;;;0.2695127;0.8209602;0.1036124;extension;0;;Moving to rest position;
8f4cdfd9-c6a5-4abe-9c92-0d36fb7e13b7;2025-05-09 12:29:23.3750;2062;None;;;;0.2694672;0.8211545;0.1036487;extension;0;;Moving to rest position;
8f4cdfd9-c6a5-4abe-9c92-0d36fb7e13b7;2025-05-09 12:29:23.3850;2063;None;;;;0.2695623;0.821327;0.1036577;extension;0;;Moving to rest position;
8f4cdfd9-c6a5-4abe-9c92-0d36fb7e13b7;2025-05-09 12:29:23.3970;2064;None;;;;0.2695565;0.8215061;0.1036952;extension;0;;Moving to rest position;
8f4cdfd9-c6a5-4abe-9c92-0d36fb7e13b7;2025-05-09 12:29:23.4079;2065;None;;;;0.2695549;0.8218373;0.1036015;extension;0;;Moving to rest position;
8f4cdfd9-c6a5-4abe-9c92-0d36fb7e13b7;2025-05-09 12:29:23.4189;2066;None;;;;0.2697282;0.8218207;0.1033971;extension;0;;Moving to rest position;
8f4cdfd9-c6a5-4abe-9c92-0d36fb7e13b7;2025-05-09 12:29:23.4294;2067;None;;;;0.2696512;0.8220932;0.1035104;extension;0;;Moving to rest position;
8f4cdfd9-c6a5-4abe-9c92-0d36fb7e13b7;2025-05-09 12:29:23.4409;2068;None;;;;0.2696269;0.8221232;0.1034565;extension;0;;Moving to rest position;
8f4cdfd9-c6a5-4abe-9c92-0d36fb7e13b7;2025-05-09 12:29:23.4528;2069;None;;;;0.2695884;0.8220457;0.1032374;extension;0;;Moving to rest position;
8f4cdfd9-c6a5-4abe-9c92-0d36fb7e13b7;2025-05-09 12:29:23.4638;2070;None;;;;0.2695279;0.8221897;0.1031485;extension;0;;Moving to rest position;
8f4cdfd9-c6a5-4abe-9c92-0d36fb7e13b7;2025-05-09 12:29:23.4748;2071;None;;;;0.2694924;0.8222276;0.1030328;extension;0;;Moving to rest position;
8f4cdfd9-c6a5-4abe-9c92-0d36fb7e13b7;2025-05-09 12:29:23.4858;2072;None;;;;0.2696103;0.8220533;0.1026969;extension;0;;Moving to rest position;
8f4cdfd9-c6a5-4abe-9c92-0d36fb7e13b7;2025-05-09 12:29:23.4967;2073;None;;;;0.269519;0.8221747;0.1028752;extension;0;;Moving to rest position;
8f4cdfd9-c6a5-4abe-9c92-0d36fb7e13b7;2025-05-09 12:29:23.5077;2074;None;;;;0.2694963;0.822154;0.1027975;extension;0;;Moving to rest position;
8f4cdfd9-c6a5-4abe-9c92-0d36fb7e13b7;2025-05-09 12:29:23.5197;2075;None;;;;0.269587;0.8219956;0.10256;extension;0;;Moving to rest position;
8f4cdfd9-c6a5-4abe-9c92-0d36fb7e13b7;2025-05-09 12:29:23.5301;2076;None;;;;0.2695333;0.8220614;0.1025791;extension;0;;Moving to rest position;
8f4cdfd9-c6a5-4abe-9c92-0d36fb7e13b7;2025-05-09 12:29:23.5411;2077;None;;;;0.2695234;0.8220158;0.1024885;extension;0;;Moving to rest position;
8f4cdfd9-c6a5-4abe-9c92-0d36fb7e13b7;2025-05-09 12:29:23.5531;2078;None;;;;0.2695053;0.8217965;0.102191;extension;0;;Moving to rest position;
8f4cdfd9-c6a5-4abe-9c92-0d36fb7e13b7;2025-05-09 12:29:23.5640;2079;None;;;;0.2694576;0.8218373;0.1022942;extension;0;;Moving to rest position;
8f4cdfd9-c6a5-4abe-9c92-0d36fb7e13b7;2025-05-09 12:29:23.5750;2080;None;;;;0.2694439;0.8217949;0.1022596;extension;0;;Moving to rest position;
8f4cdfd9-c6a5-4abe-9c92-0d36fb7e13b7;2025-05-09 12:29:23.5860;2081;None;;;;0.2693827;0.8216455;0.1020682;extension;0;;Moving to rest position;
8f4cdfd9-c6a5-4abe-9c92-0d36fb7e13b7;2025-05-09 12:29:23.5970;2082;None;;;;0.2693244;0.821669;0.1020916;extension;0;;Moving to rest position;
8f4cdfd9-c6a5-4abe-9c92-0d36fb7e13b7;2025-05-09 12:29:23.6089;2083;None;;;;0.2692738;0.8215868;0.1021049;extension;0;;Moving to rest position;
8f4cdfd9-c6a5-4abe-9c92-0d36fb7e13b7;2025-05-09 12:29:23.6199;2084;None;;;;0.269308;0.8213897;0.1019657;extension;0;;Moving to rest position;
8f4cdfd9-c6a5-4abe-9c92-0d36fb7e13b7;2025-05-09 12:29:23.6309;2085;None;;;;0.2692497;0.8214102;0.101758;extension;0;;Moving to rest position;
8f4cdfd9-c6a5-4abe-9c92-0d36fb7e13b7;2025-05-09 12:29:23.6419;2086;None;;;;0.2691669;0.821313;0.1016846;extension;0;;Moving to rest position;
8f4cdfd9-c6a5-4abe-9c92-0d36fb7e13b7;2025-05-09 12:29:23.6528;2087;None;;;;0.2690351;0.8211799;0.1015348;extension;0;;Moving to rest position;
8f4cdfd9-c6a5-4abe-9c92-0d36fb7e13b7;2025-05-09 12:29:23.6648;2088;None;;;;0.2689158;0.8210381;0.1015787;extension;0;;Moving to rest position;
8f4cdfd9-c6a5-4abe-9c92-0d36fb7e13b7;2025-05-09 12:29:23.6758;2089;None;;;;0.2688364;0.8209171;0.1014872;extension;0;;Moving to rest position;
8f4cdfd9-c6a5-4abe-9c92-0d36fb7e13b7;2025-05-09 12:29:23.6867;2090;None;;;;0.2688831;0.8206995;0.1013124;extension;0;;Moving to rest position;
8f4cdfd9-c6a5-4abe-9c92-0d36fb7e13b7;2025-05-09 12:29:23.6977;2091;None;;;;0.2688266;0.8205894;0.1011763;extension;0;;Moving to rest position;
8f4cdfd9-c6a5-4abe-9c92-0d36fb7e13b7;2025-05-09 12:29:23.7087;2092;None;;;;0.2687687;0.8204793;0.1011209;extension;0;;Moving to rest position;
8f4cdfd9-c6a5-4abe-9c92-0d36fb7e13b7;2025-05-09 12:29:23.7206;2093;None;;;;0.2687637;0.8202226;0.1008918;extension;0;;Moving to rest position;
8f4cdfd9-c6a5-4abe-9c92-0d36fb7e13b7;2025-05-09 12:29:23.7316;2094;None;;;;0.2687082;0.8201269;0.1007636;extension;0;;Moving to rest position;
8f4cdfd9-c6a5-4abe-9c92-0d36fb7e13b7;2025-05-09 12:29:23.7426;2095;None;;;;0.26866;0.8200163;0.1007218;extension;0;;Moving to rest position;
8f4cdfd9-c6a5-4abe-9c92-0d36fb7e13b7;2025-05-09 12:29:23.7536;2096;None;;;;0.2686369;0.8198379;0.1005552;extension;0;;Moving to rest position;
8f4cdfd9-c6a5-4abe-9c92-0d36fb7e13b7;2025-05-09 12:29:23.7645;2097;None;;;;0.2685775;0.819891;0.1005456;extension;0;;Moving to rest position;
8f4cdfd9-c6a5-4abe-9c92-0d36fb7e13b7;2025-05-09 12:29:23.7765;2098;None;;;;0.2685518;0.8198166;0.1004784;extension;0;;Moving to rest position;
8f4cdfd9-c6a5-4abe-9c92-0d36fb7e13b7;2025-05-09 12:29:23.7875;2099;None;;;;0.2684747;0.8196628;0.1003008;extension;0;;Moving to rest position;
8f4cdfd9-c6a5-4abe-9c92-0d36fb7e13b7;2025-05-09 12:29:23.7984;2100;None;;;;0.2684472;0.8198628;0.1003387;extension;0;;Moving to rest position;
8f4cdfd9-c6a5-4abe-9c92-0d36fb7e13b7;2025-05-09 12:29:23.8094;2101;None;;;;0.2684417;0.819792;0.100307;extension;0;;Moving to rest position;
8f4cdfd9-c6a5-4abe-9c92-0d36fb7e13b7;2025-05-09 12:29:23.8214;2102;None;;;;0.2685315;0.8196336;0.1001885;extension;0;;Moving to rest position;
8f4cdfd9-c6a5-4abe-9c92-0d36fb7e13b7;2025-05-09 12:29:23.8323;2103;None;;;;0.2684394;0.819554;0.1004479;extension;0;;Moving to rest position;
8f4cdfd9-c6a5-4abe-9c92-0d36fb7e13b7;2025-05-09 12:29:23.8433;2104;None;;;;0.2683894;0.8194551;0.1004484;extension;0;;Moving to rest position;
8f4cdfd9-c6a5-4abe-9c92-0d36fb7e13b7;2025-05-09 12:29:23.8543;2105;None;;;;0.2683966;0.8193169;0.1004078;extension;0;;Moving to rest position;
8f4cdfd9-c6a5-4abe-9c92-0d36fb7e13b7;2025-05-09 12:29:23.8653;2106;None;;;;0.2683088;0.8192345;0.1006372;extension;0;;Moving to rest position;
8f4cdfd9-c6a5-4abe-9c92-0d36fb7e13b7;2025-05-09 12:29:23.8772;2107;None;;;;0.2683024;0.8191129;0.1006026;extension;0;;Moving to rest position;
8f4cdfd9-c6a5-4abe-9c92-0d36fb7e13b7;2025-05-09 12:29:23.8882;2108;None;;;;0.2684331;0.8189592;0.1004727;extension;0;;Moving to rest position;
8f4cdfd9-c6a5-4abe-9c92-0d36fb7e13b7;2025-05-09 12:29:23.8992;2109;None;;;;0.2684119;0.8192105;0.1004829;extension;0;;Moving to rest position;
8f4cdfd9-c6a5-4abe-9c92-0d36fb7e13b7;2025-05-09 12:29:23.9101;2110;None;;;;0.2684198;0.8191692;0.1004529;extension;0;;Moving to rest position;
8f4cdfd9-c6a5-4abe-9c92-0d36fb7e13b7;2025-05-09 12:29:23.9211;2111;None;;;;0.2685787;0.8191594;0.1004722;extension;0;;Moving to rest position;
8f4cdfd9-c6a5-4abe-9c92-0d36fb7e13b7;2025-05-09 12:29:23.9331;2112;None;;;;0.2685212;0.8192466;0.1008084;extension;0;;Moving to rest position;
8f4cdfd9-c6a5-4abe-9c92-0d36fb7e13b7;2025-05-09 12:29:23.9440;2113;None;;;;0.2685644;0.8192122;0.1007855;extension;0;;Moving to rest position;
8f4cdfd9-c6a5-4abe-9c92-0d36fb7e13b7;2025-05-09 12:29:23.9550;2114;None;;;;0.2685957;0.8191897;0.1007416;extension;0;;Moving to rest position;
8f4cdfd9-c6a5-4abe-9c92-0d36fb7e13b7;2025-05-09 12:29:23.9660;2115;None;;;;0.2685931;0.8192294;0.1008966;extension;0;;Moving to rest position;
8f4cdfd9-c6a5-4abe-9c92-0d36fb7e13b7;2025-05-09 12:29:23.9770;2116;None;;;;0.2686315;0.8191741;0.1008558;extension;0;;Moving to rest position;
8f4cdfd9-c6a5-4abe-9c92-0d36fb7e13b7;2025-05-09 12:29:23.9889;2117;None;;;;0.2684969;0.8191656;0.1008432;extension;0;;Moving to rest position;
8f4cdfd9-c6a5-4abe-9c92-0d36fb7e13b7;2025-05-09 12:29:23.9999;2118;None;;;;0.2684782;0.8193424;0.1007559;extension;0;;Moving to rest position;
8f4cdfd9-c6a5-4abe-9c92-0d36fb7e13b7;2025-05-09 12:29:24.0109;2119;None;;;;0.2684621;0.8192763;0.1006823;extension;0;;Moving to rest position;
8f4cdfd9-c6a5-4abe-9c92-0d36fb7e13b7;2025-05-09 12:29:24.0218;2120;None;;;;0.2685487;0.819185;0.1005988;extension;0;;Moving to rest position;
8f4cdfd9-c6a5-4abe-9c92-0d36fb7e13b7;2025-05-09 12:29:24.0338;2121;None;;;;0.2685019;0.8191587;0.1006689;extension;0;;Moving to rest position;
8f4cdfd9-c6a5-4abe-9c92-0d36fb7e13b7;2025-05-09 12:29:24.0448;2122;None;;;;0.2684919;0.8190861;0.1006107;extension;0;;Moving to rest position;
8f4cdfd9-c6a5-4abe-9c92-0d36fb7e13b7;2025-05-09 12:29:24.0557;2123;None;;;;0.2684517;0.8189709;0.100533;extension;0;;Moving to rest position;
8f4cdfd9-c6a5-4abe-9c92-0d36fb7e13b7;2025-05-09 12:29:24.0667;2124;None;;;;0.2683776;0.8191605;0.1005785;extension;0;;Moving to rest position;
8f4cdfd9-c6a5-4abe-9c92-0d36fb7e13b7;2025-05-09 12:29:24.0777;2125;None;;;;0.2683613;0.8190846;0.1005528;extension;0;;Moving to rest position;
8f4cdfd9-c6a5-4abe-9c92-0d36fb7e13b7;2025-05-09 12:29:24.0887;2126;None;;;;0.2682596;0.8190036;0.1005192;extension;0;;Moving to rest position;
8f4cdfd9-c6a5-4abe-9c92-0d36fb7e13b7;2025-05-09 12:29:24.1006;2127;None;;;;0.2681792;0.8190457;0.1008;extension;0;;Moving to rest position;
8f4cdfd9-c6a5-4abe-9c92-0d36fb7e13b7;2025-05-09 12:29:24.1116;2128;None;;;;0.2681772;0.8189933;0.1007855;extension;0;;Moving to rest position;
8f4cdfd9-c6a5-4abe-9c92-0d36fb7e13b7;2025-05-09 12:29:24.1221;2129;None;;;;0.268062;0.8189213;0.1007299;extension;0;;Moving to rest position;
8f4cdfd9-c6a5-4abe-9c92-0d36fb7e13b7;2025-05-09 12:29:24.1340;2130;None;;;;0.2679813;0.8189809;0.1007702;extension;0;;Moving to rest position;
8f4cdfd9-c6a5-4abe-9c92-0d36fb7e13b7;2025-05-09 12:29:24.1450;2131;None;;;;0.2679096;0.8188498;0.100698;extension;0;;Moving to rest position;
8f4cdfd9-c6a5-4abe-9c92-0d36fb7e13b7;2025-05-09 12:29:24.1560;2132;None;;;;0.2678258;0.8187678;0.1007385;extension;0;;Moving to rest position;
8f4cdfd9-c6a5-4abe-9c92-0d36fb7e13b7;2025-05-09 12:29:24.1670;2133;None;;;;0.2677294;0.8187724;0.1006515;extension;0;;Moving to rest position;
8f4cdfd9-c6a5-4abe-9c92-0d36fb7e13b7;2025-05-09 12:29:24.1779;2134;None;;;;0.2676407;0.8186377;0.1006305;extension;0;;Moving to rest position;
8f4cdfd9-c6a5-4abe-9c92-0d36fb7e13b7;2025-05-09 12:29:24.1899;2135;None;;;;0.2677098;0.8185096;0.1005821;extension;0;;Moving to rest position;
8f4cdfd9-c6a5-4abe-9c92-0d36fb7e13b7;2025-05-09 12:29:24.2009;2136;None;;;;0.2676219;0.8185606;0.1007075;extension;0;;Moving to rest position;
8f4cdfd9-c6a5-4abe-9c92-0d36fb7e13b7;2025-05-09 12:29:24.2118;2137;None;;;;0.2675742;0.8185028;0.1007044;extension;0;;Moving to rest position;
8f4cdfd9-c6a5-4abe-9c92-0d36fb7e13b7;2025-05-09 12:29:24.2228;2138;None;;;;0.2674192;0.8185;0.1007285;extension;0;;Moving to rest position;
8f4cdfd9-c6a5-4abe-9c92-0d36fb7e13b7;2025-05-09 12:29:24.2343;2139;None;;;;0.2672938;0.8186208;0.1007998;extension;0;;Moving to rest position;
8f4cdfd9-c6a5-4abe-9c92-0d36fb7e13b7;2025-05-09 12:29:24.2463;2140;None;;;;0.2672125;0.8185775;0.1007719;extension;0;;Moving to rest position;
8f4cdfd9-c6a5-4abe-9c92-0d36fb7e13b7;2025-05-09 12:29:24.2572;2141;None;;;;0.2672637;0.8186855;0.1008987;extension;0;;Moving to rest position;
8f4cdfd9-c6a5-4abe-9c92-0d36fb7e13b7;2025-05-09 12:29:24.2682;2142;None;;;;0.2671776;0.8188012;0.1010282;extension;0;;Moving to rest position;
8f4cdfd9-c6a5-4abe-9c92-0d36fb7e13b7;2025-05-09 12:29:24.2792;2143;None;;;;0.267145;0.818817;0.101006;extension;0;;Moving to rest position;
8f4cdfd9-c6a5-4abe-9c92-0d36fb7e13b7;2025-05-09 12:29:24.2907;2144;None;;;;0.2672144;0.8188487;0.1010551;extension;0;;Moving to rest position;
8f4cdfd9-c6a5-4abe-9c92-0d36fb7e13b7;2025-05-09 12:29:24.3017;2145;None;;;;0.2672011;0.8187661;0.1012719;extension;0;;Moving to rest position;
8f4cdfd9-c6a5-4abe-9c92-0d36fb7e13b7;2025-05-09 12:29:24.3127;2146;None;;;;0.2672163;0.8187295;0.1013029;extension;0;;Moving to rest position;
8f4cdfd9-c6a5-4abe-9c92-0d36fb7e13b7;2025-05-09 12:29:24.3236;2147;None;;;;0.2672033;0.8187419;0.1013479;extension;0;;Moving to rest position;
8f4cdfd9-c6a5-4abe-9c92-0d36fb7e13b7;2025-05-09 12:29:24.3346;2148;None;;;;0.2671702;0.8187129;0.1014416;extension;0;;Moving to rest position;
8f4cdfd9-c6a5-4abe-9c92-0d36fb7e13b7;2025-05-09 12:29:24.3456;2149;None;;;;0.2671443;0.8186673;0.1014311;extension;0;;Moving to rest position;
8f4cdfd9-c6a5-4abe-9c92-0d36fb7e13b7;2025-05-09 12:29:24.3575;2150;None;;;;0.2668998;0.8186381;0.1014328;extension;0;;Moving to rest position;
8f4cdfd9-c6a5-4abe-9c92-0d36fb7e13b7;2025-05-09 12:29:24.3685;2151;None;;;;0.2668248;0.8187737;0.1013126;extension;0;;Moving to rest position;
8f4cdfd9-c6a5-4abe-9c92-0d36fb7e13b7;2025-05-09 12:29:24.3795;2152;None;;;;0.2667769;0.8186948;0.1013098;extension;0;;Moving to rest position;
8f4cdfd9-c6a5-4abe-9c92-0d36fb7e13b7;2025-05-09 12:29:24.3905;2153;None;;;;0.2668936;0.8186874;0.101424;extension;0;;Moving to rest position;
8f4cdfd9-c6a5-4abe-9c92-0d36fb7e13b7;2025-05-09 12:29:24.4014;2154;None;;;;0.2668896;0.8186982;0.1013455;extension;0;;Moving to rest position;
8f4cdfd9-c6a5-4abe-9c92-0d36fb7e13b7;2025-05-09 12:29:24.4124;2155;None;;;;0.2668961;0.8186327;0.101294;extension;0;;Moving to rest position;
8f4cdfd9-c6a5-4abe-9c92-0d36fb7e13b7;2025-05-09 12:29:24.4239;2156;None;;;;0.2667808;0.8186568;0.1013215;extension;0;;Moving to rest position;
8f4cdfd9-c6a5-4abe-9c92-0d36fb7e13b7;2025-05-09 12:29:24.4349;2157;None;;;;0.266783;0.8185095;0.1012766;extension;0;;Moving to rest position;
8f4cdfd9-c6a5-4abe-9c92-0d36fb7e13b7;2025-05-09 12:29:24.4468;2158;None;;;;0.2667651;0.8184474;0.1012197;extension;0;;Moving to rest position;
8f4cdfd9-c6a5-4abe-9c92-0d36fb7e13b7;2025-05-09 12:29:24.4578;2159;None;;;;0.2668893;0.8184515;0.101263;extension;0;;Moving to rest position;
8f4cdfd9-c6a5-4abe-9c92-0d36fb7e13b7;2025-05-09 12:29:24.4688;2160;None;;;;0.2668905;0.8184272;0.1011202;extension;0;;Moving to rest position;
8f4cdfd9-c6a5-4abe-9c92-0d36fb7e13b7;2025-05-09 12:29:24.4797;2161;None;;;;0.2668718;0.8183602;0.1010702;extension;0;;Moving to rest position;
8f4cdfd9-c6a5-4abe-9c92-0d36fb7e13b7;2025-05-09 12:29:24.4907;2162;None;;;;0.266628;0.818282;0.1009681;extension;0;;Moving to rest position;
8f4cdfd9-c6a5-4abe-9c92-0d36fb7e13b7;2025-05-09 12:29:24.5027;2163;None;;;;0.2665681;0.8182575;0.1009617;extension;0;;Moving to rest position;
8f4cdfd9-c6a5-4abe-9c92-0d36fb7e13b7;2025-05-09 12:29:24.5136;2164;None;;;;0.2665554;0.8181525;0.1008461;extension;0;;Moving to rest position;
8f4cdfd9-c6a5-4abe-9c92-0d36fb7e13b7;2025-05-09 12:29:24.5246;2165;None;;;;0.2667543;0.8180289;0.100724;extension;0;;Moving to rest position;
8f4cdfd9-c6a5-4abe-9c92-0d36fb7e13b7;2025-05-09 12:29:24.5361;2166;None;;;;0.2666979;0.8180259;0.1006749;extension;0;;Moving to rest position;
8f4cdfd9-c6a5-4abe-9c92-0d36fb7e13b7;2025-05-09 12:29:24.5471;2167;None;;;;0.2666636;0.81793;0.1005795;extension;0;;Moving to rest position;
8f4cdfd9-c6a5-4abe-9c92-0d36fb7e13b7;2025-05-09 12:29:24.5580;2168;None;;;;0.266524;0.8178627;0.100553;extension;0;;Moving to rest position;
8f4cdfd9-c6a5-4abe-9c92-0d36fb7e13b7;2025-05-09 12:29:24.5690;2169;None;;;;0.2664313;0.8176622;0.1006618;extension;0;;Moving to rest position;
8f4cdfd9-c6a5-4abe-9c92-0d36fb7e13b7;2025-05-09 12:29:24.5800;2170;None;;;;0.2663684;0.8175759;0.1006391;extension;0;;Moving to rest position;
8f4cdfd9-c6a5-4abe-9c92-0d36fb7e13b7;2025-05-09 12:29:24.5920;2171;None;;;;0.2665617;0.8174875;0.1006653;extension;0;;Moving to rest position;
8f4cdfd9-c6a5-4abe-9c92-0d36fb7e13b7;2025-05-09 12:29:24.6029;2172;None;;;;0.2665485;0.8176882;0.1005635;extension;0;;Moving to rest position;
8f4cdfd9-c6a5-4abe-9c92-0d36fb7e13b7;2025-05-09 12:29:24.6139;2173;None;;;;0.2665518;0.8176553;0.1005545;extension;0;;Moving to rest position;
8f4cdfd9-c6a5-4abe-9c92-0d36fb7e13b7;2025-05-09 12:29:24.6249;2174;None;;;;0.266569;0.8176858;0.1006088;extension;0;;Moving to rest position;
8f4cdfd9-c6a5-4abe-9c92-0d36fb7e13b7;2025-05-09 12:29:24.6363;2175;None;;;;0.2665671;0.8177577;0.1006689;extension;0;;Moving to rest position;
8f4cdfd9-c6a5-4abe-9c92-0d36fb7e13b7;2025-05-09 12:29:24.6478;2176;None;;;;0.2665856;0.8177382;0.1006796;extension;0;;Moving to rest position;
8f4cdfd9-c6a5-4abe-9c92-0d36fb7e13b7;2025-05-09 12:29:24.6584;2177;None;;;;0.2665827;0.8177316;0.1007271;extension;0;;Moving to rest position;
8f4cdfd9-c6a5-4abe-9c92-0d36fb7e13b7;2025-05-09 12:29:24.6703;2178;None;;;;0.2666076;0.8178345;0.1006265;extension;0;;Moving to rest position;
8f4cdfd9-c6a5-4abe-9c92-0d36fb7e13b7;2025-05-09 12:29:24.6813;2179;None;;;;0.266607;0.817808;0.1006248;extension;0;;Moving to rest position;
8f4cdfd9-c6a5-4abe-9c92-0d36fb7e13b7;2025-05-09 12:29:24.6923;2180;None;;;;0.2665311;0.8178221;0.100702;extension;0;;Moving to rest position;
8f4cdfd9-c6a5-4abe-9c92-0d36fb7e13b7;2025-05-09 12:29:24.7032;2181;None;;;;0.2664946;0.8179368;0.1008768;extension;0;;Moving to rest position;
8f4cdfd9-c6a5-4abe-9c92-0d36fb7e13b7;2025-05-09 12:29:24.7152;2182;None;;;;0.266515;0.8179275;0.100868;extension;0;;Moving to rest position;
8f4cdfd9-c6a5-4abe-9c92-0d36fb7e13b7;2025-05-09 12:29:24.7252;2183;None;;;;0.2664849;0.8179864;0.100872;extension;0;;Moving to rest position;
8f4cdfd9-c6a5-4abe-9c92-0d36fb7e13b7;2025-05-09 12:29:24.7367;2184;None;;;;0.2665039;0.8181849;0.1008704;extension;0;;Moving to rest position;
8f4cdfd9-c6a5-4abe-9c92-0d36fb7e13b7;2025-05-09 12:29:24.7476;2185;None;;;;0.2665553;0.8182328;0.1008;extension;0;;Moving to rest position;
8f4cdfd9-c6a5-4abe-9c92-0d36fb7e13b7;2025-05-09 12:29:24.7596;2186;None;;;;0.266314;0.8183954;0.1008554;extension;0;;Moving to rest position;
8f4cdfd9-c6a5-4abe-9c92-0d36fb7e13b7;2025-05-09 12:29:24.7706;2187;None;;;;0.2662833;0.8185326;0.100986;extension;0;;Moving to rest position;
8f4cdfd9-c6a5-4abe-9c92-0d36fb7e13b7;2025-05-09 12:29:24.7815;2188;None;;;;0.2663146;0.8185366;0.1009209;extension;0;;Moving to rest position;
8f4cdfd9-c6a5-4abe-9c92-0d36fb7e13b7;2025-05-09 12:29:24.7925;2189;None;;;;0.2664984;0.8185915;0.1009278;extension;0;;Moving to rest position;
8f4cdfd9-c6a5-4abe-9c92-0d36fb7e13b7;2025-05-09 12:29:24.8035;2190;None;;;;0.2665127;0.8186212;0.1011007;extension;0;;Moving to rest position;
8f4cdfd9-c6a5-4abe-9c92-0d36fb7e13b7;2025-05-09 12:29:24.8154;2191;None;;;;0.2665728;0.8186343;0.1010418;extension;0;;Moving to rest position;
8f4cdfd9-c6a5-4abe-9c92-0d36fb7e13b7;2025-05-09 12:29:24.8269;2192;None;;;;0.2664384;0.8186915;0.1010075;extension;0;;Moving to rest position;
8f4cdfd9-c6a5-4abe-9c92-0d36fb7e13b7;2025-05-09 12:29:24.8379;2193;None;;;;0.2663753;0.8186735;0.1013355;extension;0;;Moving to rest position;
8f4cdfd9-c6a5-4abe-9c92-0d36fb7e13b7;2025-05-09 12:29:24.8489;2194;None;;;;0.2663344;0.8186545;0.1013129;extension;0;;Moving to rest position;
8f4cdfd9-c6a5-4abe-9c92-0d36fb7e13b7;2025-05-09 12:29:24.8598;2195;None;;;;0.2664667;0.8186524;0.1013505;extension;0;;Moving to rest position;
8f4cdfd9-c6a5-4abe-9c92-0d36fb7e13b7;2025-05-09 12:29:24.8708;2196;None;;;;0.2664398;0.818639;0.1012795;extension;0;;Moving to rest position;
8f4cdfd9-c6a5-4abe-9c92-0d36fb7e13b7;2025-05-09 12:29:24.8829;2197;None;;;;0.2663952;0.8185544;0.1012681;extension;0;;Moving to rest position;
8f4cdfd9-c6a5-4abe-9c92-0d36fb7e13b7;2025-05-09 12:29:24.8927;2198;None;;;;0.2665776;0.8185537;0.1013215;extension;0;;Moving to rest position;
8f4cdfd9-c6a5-4abe-9c92-0d36fb7e13b7;2025-05-09 12:29:24.9047;2199;None;;;;0.2665857;0.8185647;0.1012228;extension;0;;Moving to rest position;
8f4cdfd9-c6a5-4abe-9c92-0d36fb7e13b7;2025-05-09 12:29:24.9157;2200;None;;;;0.2666222;0.8185154;0.1011674;extension;0;;Moving to rest position;
8f4cdfd9-c6a5-4abe-9c92-0d36fb7e13b7;2025-05-09 12:29:24.9272;2201;None;;;;0.2666078;0.8185536;0.1011767;extension;0;;Moving to rest position;
8f4cdfd9-c6a5-4abe-9c92-0d36fb7e13b7;2025-05-09 12:29:24.9381;2202;None;;;;0.2666446;0.8186487;0.1010201;extension;0;;Moving to rest position;
8f4cdfd9-c6a5-4abe-9c92-0d36fb7e13b7;2025-05-09 12:29:24.9501;2203;None;;;;0.2666703;0.818617;0.1009967;extension;0;;Moving to rest position;
8f4cdfd9-c6a5-4abe-9c92-0d36fb7e13b7;2025-05-09 12:29:24.9601;2204;None;;;;0.2666683;0.8186535;0.1010296;extension;0;;Moving to rest position;
8f4cdfd9-c6a5-4abe-9c92-0d36fb7e13b7;2025-05-09 12:29:24.9710;2205;None;;;;0.2666495;0.8185291;0.1011207;extension;0;;Moving to rest position;
8f4cdfd9-c6a5-4abe-9c92-0d36fb7e13b7;2025-05-09 12:29:24.9830;2206;None;;;;0.2666384;0.8184808;0.1011548;extension;0;;Moving to rest position;
8f4cdfd9-c6a5-4abe-9c92-0d36fb7e13b7;2025-05-09 12:29:24.9940;2207;None;;;;0.2666426;0.8183967;0.1011286;extension;0;;Moving to rest position;
8f4cdfd9-c6a5-4abe-9c92-0d36fb7e13b7;2025-05-09 12:29:25.0050;2208;None;;;;0.2666405;0.8185188;0.1009829;extension;0;;Moving to rest position;
8f4cdfd9-c6a5-4abe-9c92-0d36fb7e13b7;2025-05-09 12:29:25.0169;2209;None;;;;0.2666246;0.8184402;0.1008816;extension;0;;Moving to rest position;
8f4cdfd9-c6a5-4abe-9c92-0d36fb7e13b7;2025-05-09 12:29:25.0269;2210;None;;;;0.2665194;0.8183172;0.1007531;extension;0;;Moving to rest position;
8f4cdfd9-c6a5-4abe-9c92-0d36fb7e13b7;2025-05-09 12:29:25.0389;2211;None;;;;0.2664642;0.8181332;0.100791;extension;0;;Moving to rest position;
8f4cdfd9-c6a5-4abe-9c92-0d36fb7e13b7;2025-05-09 12:29:25.0498;2212;None;;;;0.266412;0.8180218;0.1007087;extension;0;;Moving to rest position;
8f4cdfd9-c6a5-4abe-9c92-0d36fb7e13b7;2025-05-09 12:29:25.0608;2213;None;;;;0.2664608;0.8179958;0.1007674;extension;0;;Moving to rest position;
8f4cdfd9-c6a5-4abe-9c92-0d36fb7e13b7;2025-05-09 12:29:25.0718;2214;None;;;;0.2664078;0.81794;0.1007276;extension;0;;Moving to rest position;
8f4cdfd9-c6a5-4abe-9c92-0d36fb7e13b7;2025-05-09 12:29:25.0838;2215;None;;;;0.2663825;0.8177191;0.1005981;extension;0;;Moving to rest position;
8f4cdfd9-c6a5-4abe-9c92-0d36fb7e13b7;2025-05-09 12:29:25.0947;2216;None;;;;0.2663532;0.8175663;0.1005688;extension;0;;Moving to rest position;
8f4cdfd9-c6a5-4abe-9c92-0d36fb7e13b7;2025-05-09 12:29:25.1052;2217;None;;;;0.2662947;0.8175652;0.1005299;extension;0;;Moving to rest position;
8f4cdfd9-c6a5-4abe-9c92-0d36fb7e13b7;2025-05-09 12:29:25.1172;2218;None;;;;0.2661008;0.8175149;0.1005626;extension;0;;Moving to rest position;
8f4cdfd9-c6a5-4abe-9c92-0d36fb7e13b7;2025-05-09 12:29:25.1281;2219;None;;;;0.26602;0.8175205;0.1006238;extension;0;;Moving to rest position;
8f4cdfd9-c6a5-4abe-9c92-0d36fb7e13b7;2025-05-09 12:29:25.1391;2220;None;;;;0.2659813;0.8174241;0.1006176;extension;0;;Moving to rest position;
8f4cdfd9-c6a5-4abe-9c92-0d36fb7e13b7;2025-05-09 12:29:25.1501;2221;None;;;;0.2659611;0.8173295;0.1006424;extension;0;;Moving to rest position;
8f4cdfd9-c6a5-4abe-9c92-0d36fb7e13b7;2025-05-09 12:29:25.1611;2222;None;;;;0.2661743;0.8172204;0.100709;extension;0;;Moving to rest position;
8f4cdfd9-c6a5-4abe-9c92-0d36fb7e13b7;2025-05-09 12:29:25.1720;2223;None;;;;0.2660983;0.817211;0.1010451;extension;0;;Moving to rest position;
8f4cdfd9-c6a5-4abe-9c92-0d36fb7e13b7;2025-05-09 12:29:25.1840;2224;None;;;;0.2661094;0.8171155;0.1010928;extension;0;;Moving to rest position;
8f4cdfd9-c6a5-4abe-9c92-0d36fb7e13b7;2025-05-09 12:29:25.1950;2225;None;;;;0.2660755;0.8173558;0.1012359;extension;0;;Moving to rest position;
8f4cdfd9-c6a5-4abe-9c92-0d36fb7e13b7;2025-05-09 12:29:25.2059;2226;None;;;;0.2661054;0.8172839;0.101218;extension;0;;Moving to rest position;
8f4cdfd9-c6a5-4abe-9c92-0d36fb7e13b7;2025-05-09 12:29:25.2179;2227;None;;;;0.2661177;0.8171763;0.1011245;extension;0;;Moving to rest position;
8f4cdfd9-c6a5-4abe-9c92-0d36fb7e13b7;2025-05-09 12:29:25.2279;2228;None;;;;0.2660617;0.8172077;0.1013491;extension;0;;Moving to rest position;
8f4cdfd9-c6a5-4abe-9c92-0d36fb7e13b7;2025-05-09 12:29:25.2394;2229;None;;;;0.2660633;0.817102;0.1012619;extension;0;;Moving to rest position;
8f4cdfd9-c6a5-4abe-9c92-0d36fb7e13b7;2025-05-09 12:29:25.2513;2230;None;;;;0.265897;0.8169488;0.1011064;extension;0;;Moving to rest position;
8f4cdfd9-c6a5-4abe-9c92-0d36fb7e13b7;2025-05-09 12:29:25.2673;2231;None;;;;0.2657517;0.8170971;0.1012528;extension;0;;Moving to rest position;
8f4cdfd9-c6a5-4abe-9c92-0d36fb7e13b7;2025-05-09 12:29:25.2733;2232;None;;;;0.2656845;0.8169748;0.1012142;extension;0;;Moving to rest position;
8f4cdfd9-c6a5-4abe-9c92-0d36fb7e13b7;2025-05-09 12:29:25.2842;2233;None;;;;0.2658739;0.8167549;0.1010847;extension;0;;Moving to rest position;
8f4cdfd9-c6a5-4abe-9c92-0d36fb7e13b7;2025-05-09 12:29:25.2952;2234;None;;;;0.2658197;0.8167226;0.1011794;extension;0;;Moving to rest position;
8f4cdfd9-c6a5-4abe-9c92-0d36fb7e13b7;2025-05-09 12:29:25.3062;2235;None;;;;0.2658328;0.8166398;0.1010957;extension;0;;Moving to rest position;
8f4cdfd9-c6a5-4abe-9c92-0d36fb7e13b7;2025-05-09 12:29:25.3181;2236;None;;;;0.2658092;0.8165056;0.1008937;extension;0;;Moving to rest position;
8f4cdfd9-c6a5-4abe-9c92-0d36fb7e13b7;2025-05-09 12:29:25.3291;2237;None;;;;0.2657648;0.8164861;0.1011455;extension;0;;Moving to rest position;
8f4cdfd9-c6a5-4abe-9c92-0d36fb7e13b7;2025-05-09 12:29:25.3411;2238;None;;;;0.2658182;0.8164442;0.101079;extension;0;;Moving to rest position;
8f4cdfd9-c6a5-4abe-9c92-0d36fb7e13b7;2025-05-09 12:29:25.3511;2239;None;;;;0.2658561;0.8163821;0.1010408;extension;0;;Moving to rest position;
8f4cdfd9-c6a5-4abe-9c92-0d36fb7e13b7;2025-05-09 12:29:25.3620;2240;None;;;;0.2657526;0.8164008;0.1007047;extension;0;;Moving to rest position;
8f4cdfd9-c6a5-4abe-9c92-0d36fb7e13b7;2025-05-09 12:29:25.3740;2241;None;;;;0.2657736;0.8163648;0.1006932;extension;0;;Moving to rest position;
8f4cdfd9-c6a5-4abe-9c92-0d36fb7e13b7;2025-05-09 12:29:25.3850;2242;None;;;;0.265806;0.8162328;0.1005821;extension;0;;Moving to rest position;
8f4cdfd9-c6a5-4abe-9c92-0d36fb7e13b7;2025-05-09 12:29:25.3959;2243;None;;;;0.2657835;0.8164364;0.1006787;extension;0;;Moving to rest position;
8f4cdfd9-c6a5-4abe-9c92-0d36fb7e13b7;2025-05-09 12:29:25.4069;2244;None;;;;0.2658101;0.816394;0.1006463;extension;0;;Moving to rest position;
8f4cdfd9-c6a5-4abe-9c92-0d36fb7e13b7;2025-05-09 12:29:25.4179;2245;None;;;;0.2661045;0.8163608;0.1006284;extension;0;;Moving to rest position;
8f4cdfd9-c6a5-4abe-9c92-0d36fb7e13b7;2025-05-09 12:29:25.4298;2246;None;;;;0.2660687;0.8164291;0.1006563;extension;0;;Moving to rest position;
8f4cdfd9-c6a5-4abe-9c92-0d36fb7e13b7;2025-05-09 12:29:25.4403;2247;None;;;;0.2660939;0.8163843;0.1005929;extension;0;;Moving to rest position;
8f4cdfd9-c6a5-4abe-9c92-0d36fb7e13b7;2025-05-09 12:29:25.4523;2248;None;;;;0.2661166;0.8163031;0.1004727;extension;0;;Moving to rest position;
8f4cdfd9-c6a5-4abe-9c92-0d36fb7e13b7;2025-05-09 12:29:25.4633;2249;None;;;;0.2661763;0.8162869;0.1004167;extension;0;;Moving to rest position;
8f4cdfd9-c6a5-4abe-9c92-0d36fb7e13b7;2025-05-09 12:29:25.4742;2250;None;;;;0.2662114;0.8163854;0.1004968;extension;0;;Moving to rest position;
8f4cdfd9-c6a5-4abe-9c92-0d36fb7e13b7;2025-05-09 12:29:25.4852;2251;None;;;;0.266537;0.8163422;0.1004431;extension;0;;Moving to rest position;
8f4cdfd9-c6a5-4abe-9c92-0d36fb7e13b7;2025-05-09 12:29:25.4962;2252;None;;;;0.2665666;0.8165208;0.100738;extension;0;;Moving to rest position;
8f4cdfd9-c6a5-4abe-9c92-0d36fb7e13b7;2025-05-09 12:29:25.5076;2253;None;;;;0.2666702;0.8164915;0.1006992;extension;0;;Moving to rest position;
8f4cdfd9-c6a5-4abe-9c92-0d36fb7e13b7;2025-05-09 12:29:25.5186;2254;None;;;;0.2667575;0.816463;0.1006591;extension;0;;Moving to rest position;
8f4cdfd9-c6a5-4abe-9c92-0d36fb7e13b7;2025-05-09 12:29:25.5296;2255;None;;;;0.2666811;0.8165535;0.1006091;extension;0;;Moving to rest position;
8f4cdfd9-c6a5-4abe-9c92-0d36fb7e13b7;2025-05-09 12:29:25.5416;2256;None;;;;0.2667302;0.8164963;0.1005397;extension;0;;Moving to rest position;
8f4cdfd9-c6a5-4abe-9c92-0d36fb7e13b7;2025-05-09 12:29:25.5525;2257;None;;;;0.2666942;0.8165076;0.1005404;extension;0;;Moving to rest position;
8f4cdfd9-c6a5-4abe-9c92-0d36fb7e13b7;2025-05-09 12:29:25.5635;2258;None;;;;0.2667091;0.8166198;0.1006889;extension;0;;Moving to rest position;
8f4cdfd9-c6a5-4abe-9c92-0d36fb7e13b7;2025-05-09 12:29:25.5745;2259;None;;;;0.2668006;0.8165827;0.1006322;extension;0;;Moving to rest position;
8f4cdfd9-c6a5-4abe-9c92-0d36fb7e13b7;2025-05-09 12:29:25.5854;2260;None;;;;0.2668169;0.8164701;0.1004558;extension;0;;Moving to rest position;
8f4cdfd9-c6a5-4abe-9c92-0d36fb7e13b7;2025-05-09 12:29:25.5964;2261;None;;;;0.2668458;0.8165348;0.1005645;extension;0;;Moving to rest position;
8f4cdfd9-c6a5-4abe-9c92-0d36fb7e13b7;2025-05-09 12:29:25.6084;2262;None;;;;0.2669009;0.8164992;0.1004946;extension;0;;Moving to rest position;
8f4cdfd9-c6a5-4abe-9c92-0d36fb7e13b7;2025-05-09 12:29:25.6193;2263;None;;;;0.2670804;0.8163966;0.1003695;extension;0;;Moving to rest position;
8f4cdfd9-c6a5-4abe-9c92-0d36fb7e13b7;2025-05-09 12:29:25.6303;2264;None;;;;0.26715;0.8163491;0.1003237;extension;0;;Moving to rest position;
8f4cdfd9-c6a5-4abe-9c92-0d36fb7e13b7;2025-05-09 12:29:25.6418;2265;None;;;;0.2672278;0.8163229;0.100256;extension;0;;Moving to rest position;
8f4cdfd9-c6a5-4abe-9c92-0d36fb7e13b7;2025-05-09 12:29:25.6533;2266;None;;;;0.2673295;0.8161969;0.1000392;extension;0;;Moving to rest position;
8f4cdfd9-c6a5-4abe-9c92-0d36fb7e13b7;2025-05-09 12:29:25.6642;2267;None;;;;0.2674598;0.8162241;0.09997082;extension;0;;Moving to rest position;
8f4cdfd9-c6a5-4abe-9c92-0d36fb7e13b7;2025-05-09 12:29:25.6752;2268;None;;;;0.2675846;0.8162305;0.09990668;extension;0;;Moving to rest position;
8f4cdfd9-c6a5-4abe-9c92-0d36fb7e13b7;2025-05-09 12:29:25.6862;2269;None;;;;0.2676113;0.8162311;0.09984303;extension;0;;Moving to rest position;
8f4cdfd9-c6a5-4abe-9c92-0d36fb7e13b7;2025-05-09 12:29:25.6972;2270;None;;;;0.2677221;0.8162941;0.09974003;extension;0;;Moving to rest position;
8f4cdfd9-c6a5-4abe-9c92-0d36fb7e13b7;2025-05-09 12:29:25.7091;2271;None;;;;0.267819;0.8162804;0.09971809;extension;0;;Moving to rest position;
8f4cdfd9-c6a5-4abe-9c92-0d36fb7e13b7;2025-05-09 12:29:25.7201;2272;None;;;;0.2678108;0.8162923;0.09973717;extension;0;;Moving to rest position;
8f4cdfd9-c6a5-4abe-9c92-0d36fb7e13b7;2025-05-09 12:29:25.7311;2273;None;;;;0.267841;0.8164483;0.09958792;extension;0;;Moving to rest position;
8f4cdfd9-c6a5-4abe-9c92-0d36fb7e13b7;2025-05-09 12:29:25.7420;2274;None;;;;0.2678771;0.8164074;0.09951735;extension;0;;Moving to rest position;
8f4cdfd9-c6a5-4abe-9c92-0d36fb7e13b7;2025-05-09 12:29:25.7530;2275;None;;;;0.2678871;0.8164041;0.09947801;extension;0;;Moving to rest position;
8f4cdfd9-c6a5-4abe-9c92-0d36fb7e13b7;2025-05-09 12:29:25.7640;2276;None;;;;0.2678524;0.8163489;0.09949923;extension;0;;Moving to rest position;
8f4cdfd9-c6a5-4abe-9c92-0d36fb7e13b7;2025-05-09 12:29:25.7759;2277;None;;;;0.26785;0.8162986;0.09942484;extension;0;;Moving to rest position;
8f4cdfd9-c6a5-4abe-9c92-0d36fb7e13b7;2025-05-09 12:29:25.7869;2278;None;;;;0.2680693;0.8162435;0.09939408;extension;0;;Moving to rest position;
8f4cdfd9-c6a5-4abe-9c92-0d36fb7e13b7;2025-05-09 12:29:25.7979;2279;None;;;;0.2679999;0.8163956;0.09947348;extension;0;;Moving to rest position;
8f4cdfd9-c6a5-4abe-9c92-0d36fb7e13b7;2025-05-09 12:29:25.8089;2280;None;;;;0.2680026;0.8163712;0.09941602;extension;0;;Moving to rest position;
8f4cdfd9-c6a5-4abe-9c92-0d36fb7e13b7;2025-05-09 12:29:25.8208;2281;None;;;;0.2680597;0.8164088;0.09943914;extension;0;;Moving to rest position;
8f4cdfd9-c6a5-4abe-9c92-0d36fb7e13b7;2025-05-09 12:29:25.8318;2282;None;;;;0.2680565;0.8165619;0.09954119;extension;0;;Moving to rest position;
8f4cdfd9-c6a5-4abe-9c92-0d36fb7e13b7;2025-05-09 12:29:25.8428;2283;None;;;;0.2681247;0.8165613;0.09949541;extension;0;;Moving to rest position;
8f4cdfd9-c6a5-4abe-9c92-0d36fb7e13b7;2025-05-09 12:29:25.8537;2284;None;;;;0.268168;0.8165867;0.09947944;extension;0;;Moving to rest position;
8f4cdfd9-c6a5-4abe-9c92-0d36fb7e13b7;2025-05-09 12:29:25.8647;2285;None;;;;0.2681739;0.8167263;0.09965062;extension;0;;Moving to rest position;
8f4cdfd9-c6a5-4abe-9c92-0d36fb7e13b7;2025-05-09 12:29:25.8767;2286;None;;;;0.2682219;0.8167272;0.09962559;extension;0;;Moving to rest position;
8f4cdfd9-c6a5-4abe-9c92-0d36fb7e13b7;2025-05-09 12:29:25.8876;2287;None;;;;0.2684385;0.8166252;0.09951782;extension;0;;Moving to rest position;
8f4cdfd9-c6a5-4abe-9c92-0d36fb7e13b7;2025-05-09 12:29:25.8986;2288;None;;;;0.2684194;0.8165805;0.09973931;extension;0;;Moving to rest position;
8f4cdfd9-c6a5-4abe-9c92-0d36fb7e13b7;2025-05-09 12:29:25.9096;2289;None;;;;0.2684382;0.8165429;0.09975433;extension;0;;Moving to rest position;
8f4cdfd9-c6a5-4abe-9c92-0d36fb7e13b7;2025-05-09 12:29:25.9206;2290;None;;;;0.2683582;0.8165189;0.0997839;extension;0;;Moving to rest position;
8f4cdfd9-c6a5-4abe-9c92-0d36fb7e13b7;2025-05-09 12:29:25.9325;2291;None;;;;0.2683212;0.8165315;0.100028;extension;0;;Moving to rest position;
8f4cdfd9-c6a5-4abe-9c92-0d36fb7e13b7;2025-05-09 12:29:25.9435;2292;None;;;;0.2683405;0.8164757;0.1000915;extension;0;;Moving to rest position;
8f4cdfd9-c6a5-4abe-9c92-0d36fb7e13b7;2025-05-09 12:29:25.9545;2293;None;;;;0.2682399;0.816435;0.1001589;extension;0;;Moving to rest position;
8f4cdfd9-c6a5-4abe-9c92-0d36fb7e13b7;2025-05-09 12:29:25.9654;2294;None;;;;0.2682339;0.8166677;0.1002741;extension;0;;Moving to rest position;
8f4cdfd9-c6a5-4abe-9c92-0d36fb7e13b7;2025-05-09 12:29:25.9769;2295;None;;;;0.2682601;0.8166656;0.1003168;extension;0;;Moving to rest position;
8f4cdfd9-c6a5-4abe-9c92-0d36fb7e13b7;2025-05-09 12:29:25.9879;2296;None;;;;0.2682768;0.8166771;0.1003523;extension;0;;Moving to rest position;
8f4cdfd9-c6a5-4abe-9c92-0d36fb7e13b7;2025-05-09 12:29:25.9989;2297;None;;;;0.2683312;0.8168064;0.1004474;extension;0;;Moving to rest position;
8f4cdfd9-c6a5-4abe-9c92-0d36fb7e13b7;2025-05-09 12:29:26.0098;2298;None;;;;0.2684251;0.8168645;0.1004467;extension;0;;Moving to rest position;
8f4cdfd9-c6a5-4abe-9c92-0d36fb7e13b7;2025-05-09 12:29:26.0218;2299;None;;;;0.2685614;0.8167968;0.100307;extension;0;;Moving to rest position;
8f4cdfd9-c6a5-4abe-9c92-0d36fb7e13b7;2025-05-09 12:29:26.0338;2300;None;;;;0.268586;0.8168316;0.1006978;extension;0;;Moving to rest position;
8f4cdfd9-c6a5-4abe-9c92-0d36fb7e13b7;2025-05-09 12:29:26.0438;2301;None;;;;0.268694;0.8168522;0.1007044;extension;0;;Moving to rest position;
8f4cdfd9-c6a5-4abe-9c92-0d36fb7e13b7;2025-05-09 12:29:26.0547;2302;None;;;;0.2689772;0.8167845;0.1005836;extension;0;;Moving to rest position;
8f4cdfd9-c6a5-4abe-9c92-0d36fb7e13b7;2025-05-09 12:29:26.0667;2303;None;;;;0.2691422;0.8169317;0.1005595;extension;0;;Moving to rest position;
8f4cdfd9-c6a5-4abe-9c92-0d36fb7e13b7;2025-05-09 12:29:26.0777;2304;None;;;;0.269335;0.8169652;0.1005528;extension;0;;Moving to rest position;
8f4cdfd9-c6a5-4abe-9c92-0d36fb7e13b7;2025-05-09 12:29:26.0887;2305;None;;;;0.2695789;0.8169627;0.1005435;extension;0;;Moving to rest position;
8f4cdfd9-c6a5-4abe-9c92-0d36fb7e13b7;2025-05-09 12:29:26.0996;2306;None;;;;0.2698196;0.8169762;0.1006024;extension;0;;Moving to rest position;
8f4cdfd9-c6a5-4abe-9c92-0d36fb7e13b7;2025-05-09 12:29:26.1106;2307;None;;;;0.2700555;0.8169568;0.1006;extension;0;;Moving to rest position;
8f4cdfd9-c6a5-4abe-9c92-0d36fb7e13b7;2025-05-09 12:29:26.1216;2308;None;;;;0.2701396;0.8169014;0.1005418;extension;0;;Moving to rest position;
8f4cdfd9-c6a5-4abe-9c92-0d36fb7e13b7;2025-05-09 12:29:26.1335;2309;None;;;;0.2703556;0.8170007;0.1002841;extension;0;;Moving to rest position;
8f4cdfd9-c6a5-4abe-9c92-0d36fb7e13b7;2025-05-09 12:29:26.1445;2310;None;;;;0.2705441;0.8169687;0.1002743;extension;0;;Moving to rest position;
8f4cdfd9-c6a5-4abe-9c92-0d36fb7e13b7;2025-05-09 12:29:26.1555;2311;None;;;;0.2704874;0.8170353;0.1003563;extension;0;;Moving to rest position;
8f4cdfd9-c6a5-4abe-9c92-0d36fb7e13b7;2025-05-09 12:29:26.1665;2312;None;;;;0.2706549;0.817042;0.1002812;extension;0;;Moving to rest position;
8f4cdfd9-c6a5-4abe-9c92-0d36fb7e13b7;2025-05-09 12:29:26.1784;2313;None;;;;0.2708075;0.8170314;0.1002524;extension;0;;Moving to rest position;
8f4cdfd9-c6a5-4abe-9c92-0d36fb7e13b7;2025-05-09 12:29:26.1894;2314;None;;;;0.2712213;0.8170153;0.1003253;extension;0;;Moving to rest position;
8f4cdfd9-c6a5-4abe-9c92-0d36fb7e13b7;2025-05-09 12:29:26.2004;2315;None;;;;0.2713587;0.8171644;0.1004195;extension;0;;Moving to rest position;
8f4cdfd9-c6a5-4abe-9c92-0d36fb7e13b7;2025-05-09 12:29:26.2113;2316;None;;;;0.2715166;0.8170855;0.1003895;extension;0;;Moving to rest position;
8f4cdfd9-c6a5-4abe-9c92-0d36fb7e13b7;2025-05-09 12:29:26.2233;2317;None;;;;0.2714885;0.8170831;0.1004283;extension;0;;Moving to rest position;
8f4cdfd9-c6a5-4abe-9c92-0d36fb7e13b7;2025-05-09 12:29:26.2343;2318;None;;;;0.2715638;0.8169303;0.1005168;extension;0;;Moving to rest position;
8f4cdfd9-c6a5-4abe-9c92-0d36fb7e13b7;2025-05-09 12:29:26.2452;2319;None;;;;0.2716746;0.8168429;0.1004953;extension;0;;Moving to rest position;
8f4cdfd9-c6a5-4abe-9c92-0d36fb7e13b7;2025-05-09 12:29:26.2562;2320;None;;;;0.2719948;0.8166622;0.1004097;extension;0;;Moving to rest position;
8f4cdfd9-c6a5-4abe-9c92-0d36fb7e13b7;2025-05-09 12:29:26.2672;2321;None;;;;0.2720566;0.8164669;0.1005244;extension;0;;Moving to rest position;
8f4cdfd9-c6a5-4abe-9c92-0d36fb7e13b7;2025-05-09 12:29:26.2782;2322;None;;;;0.2721599;0.8162917;0.1004946;extension;0;;Moving to rest position;
8f4cdfd9-c6a5-4abe-9c92-0d36fb7e13b7;2025-05-09 12:29:26.2891;2323;None;;;;0.2724715;0.8160808;0.1005113;extension;0;;Moving to rest position;
8f4cdfd9-c6a5-4abe-9c92-0d36fb7e13b7;2025-05-09 12:29:26.3011;2324;None;;;;0.272517;0.8160745;0.1004565;extension;0;;Moving to rest position;
8f4cdfd9-c6a5-4abe-9c92-0d36fb7e13b7;2025-05-09 12:29:26.3121;2325;None;;;;0.2725736;0.8158897;0.1004188;extension;0;;Moving to rest position;
8f4cdfd9-c6a5-4abe-9c92-0d36fb7e13b7;2025-05-09 12:29:26.3230;2326;None;;;;0.2724276;0.8156133;0.100318;extension;0;;Moving to rest position;
8f4cdfd9-c6a5-4abe-9c92-0d36fb7e13b7;2025-05-09 12:29:26.3340;2327;None;;;;0.2723619;0.8153923;0.1005816;extension;0;;Moving to rest position;
8f4cdfd9-c6a5-4abe-9c92-0d36fb7e13b7;2025-05-09 12:29:26.3450;2328;None;;;;0.272346;0.8151975;0.1006391;extension;0;;Moving to rest position;
8f4cdfd9-c6a5-4abe-9c92-0d36fb7e13b7;2025-05-09 12:29:26.3569;2329;None;;;;0.2722884;0.8149823;0.1006846;extension;0;;Moving to rest position;
8f4cdfd9-c6a5-4abe-9c92-0d36fb7e13b7;2025-05-09 12:29:26.3679;2330;None;;;;0.2722622;0.8149414;0.1007199;extension;0;;Moving to rest position;
8f4cdfd9-c6a5-4abe-9c92-0d36fb7e13b7;2025-05-09 12:29:26.3789;2331;None;;;;0.2722363;0.8147761;0.1008492;extension;0;;Moving to rest position;
8f4cdfd9-c6a5-4abe-9c92-0d36fb7e13b7;2025-05-09 12:29:26.3899;2332;None;;;;0.2719538;0.8146539;0.1010315;extension;0;;Moving to rest position;
8f4cdfd9-c6a5-4abe-9c92-0d36fb7e13b7;2025-05-09 12:29:26.4018;2333;None;;;;0.2718527;0.8145852;0.1012297;extension;0;;Moving to rest position;
8f4cdfd9-c6a5-4abe-9c92-0d36fb7e13b7;2025-05-09 12:29:26.4128;2334;None;;;;0.2717622;0.8144108;0.1013904;extension;0;;Moving to rest position;
8f4cdfd9-c6a5-4abe-9c92-0d36fb7e13b7;2025-05-09 12:29:26.4238;2335;None;;;;0.2719384;0.8141954;0.1015737;extension;0;;Moving to rest position;
8f4cdfd9-c6a5-4abe-9c92-0d36fb7e13b7;2025-05-09 12:29:26.4347;2336;None;;;;0.2717832;0.8140919;0.1018963;extension;0;;Moving to rest position;
8f4cdfd9-c6a5-4abe-9c92-0d36fb7e13b7;2025-05-09 12:29:26.4462;2337;None;;;;0.2716278;0.8138553;0.1021214;extension;0;;Moving to rest position;
8f4cdfd9-c6a5-4abe-9c92-0d36fb7e13b7;2025-05-09 12:29:26.4572;2338;None;;;;0.2714291;0.8135955;0.1023183;extension;0;;Moving to rest position;
8f4cdfd9-c6a5-4abe-9c92-0d36fb7e13b7;2025-05-09 12:29:26.4682;2339;None;;;;0.2712072;0.8134059;0.102674;extension;0;;Moving to rest position;
8f4cdfd9-c6a5-4abe-9c92-0d36fb7e13b7;2025-05-09 12:29:26.4791;2340;None;;;;0.2710054;0.8131939;0.1028571;extension;0;;Moving to rest position;
8f4cdfd9-c6a5-4abe-9c92-0d36fb7e13b7;2025-05-09 12:29:26.4901;2341;None;;;;0.2709118;0.8130301;0.1030624;extension;0;;Moving to rest position;
8f4cdfd9-c6a5-4abe-9c92-0d36fb7e13b7;2025-05-09 12:29:26.5021;2342;None;;;;0.2706788;0.8130227;0.1032462;extension;0;;Moving to rest position;
8f4cdfd9-c6a5-4abe-9c92-0d36fb7e13b7;2025-05-09 12:29:26.5130;2343;None;;;;0.2704694;0.812858;0.103389;extension;0;;Moving to rest position;
8f4cdfd9-c6a5-4abe-9c92-0d36fb7e13b7;2025-05-09 12:29:26.5240;2344;None;;;;0.2702276;0.8127126;0.1034431;extension;0;;Moving to rest position;
8f4cdfd9-c6a5-4abe-9c92-0d36fb7e13b7;2025-05-09 12:29:26.5350;2345;None;;;;0.2700179;0.8126997;0.1036568;extension;0;;Moving to rest position;
8f4cdfd9-c6a5-4abe-9c92-0d36fb7e13b7;2025-05-09 12:29:26.5464;2346;None;;;;0.2698384;0.8126541;0.1037245;extension;0;;Moving to rest position;
8f4cdfd9-c6a5-4abe-9c92-0d36fb7e13b7;2025-05-09 12:29:26.5574;2347;None;;;;0.2694999;0.8126833;0.1038208;extension;0;;Moving to rest position;
8f4cdfd9-c6a5-4abe-9c92-0d36fb7e13b7;2025-05-09 12:29:26.5689;2348;None;;;;0.269214;0.8126189;0.1042516;extension;0;;Moving to rest position;
8f4cdfd9-c6a5-4abe-9c92-0d36fb7e13b7;2025-05-09 12:29:26.5799;2349;None;;;;0.2690023;0.8126241;0.1042686;extension;0;;Moving to rest position;
8f4cdfd9-c6a5-4abe-9c92-0d36fb7e13b7;2025-05-09 12:29:26.5908;2350;None;;;;0.2686175;0.8126096;0.1041703;extension;0;;Moving to rest position;
8f4cdfd9-c6a5-4abe-9c92-0d36fb7e13b7;2025-05-09 12:29:26.6028;2351;None;;;;0.2683465;0.8128467;0.1041589;extension;0;;Moving to rest position;
8f4cdfd9-c6a5-4abe-9c92-0d36fb7e13b7;2025-05-09 12:29:26.6138;2352;None;;;;0.2681069;0.8128731;0.1041081;extension;0;;Moving to rest position;
8f4cdfd9-c6a5-4abe-9c92-0d36fb7e13b7;2025-05-09 12:29:26.6247;2353;None;;;;0.2678913;0.812845;0.1038961;extension;0;;Moving to rest position;
8f4cdfd9-c6a5-4abe-9c92-0d36fb7e13b7;2025-05-09 12:29:26.6357;2354;None;;;;0.2675883;0.8130635;0.1039383;extension;0;;Moving to rest position;
8f4cdfd9-c6a5-4abe-9c92-0d36fb7e13b7;2025-05-09 12:29:26.6467;2355;None;;;;0.2673;0.813152;0.1038435;extension;0;;Moving to rest position;
8f4cdfd9-c6a5-4abe-9c92-0d36fb7e13b7;2025-05-09 12:29:26.6577;2356;None;;;;0.2669145;0.8132424;0.1036909;extension;0;;Moving to rest position;
8f4cdfd9-c6a5-4abe-9c92-0d36fb7e13b7;2025-05-09 12:29:26.6696;2357;None;;;;0.2666512;0.8133383;0.1035807;extension;0;;Moving to rest position;
8f4cdfd9-c6a5-4abe-9c92-0d36fb7e13b7;2025-05-09 12:29:26.6806;2358;None;;;;0.2664331;0.8134573;0.1034958;extension;0;;Moving to rest position;
8f4cdfd9-c6a5-4abe-9c92-0d36fb7e13b7;2025-05-09 12:29:26.6926;2359;None;;;;0.2665789;0.8134565;0.1033335;extension;0;;Moving to rest position;
8f4cdfd9-c6a5-4abe-9c92-0d36fb7e13b7;2025-05-09 12:29:26.7035;2360;None;;;;0.2663922;0.8136848;0.1034908;extension;0;;Moving to rest position;
8f4cdfd9-c6a5-4abe-9c92-0d36fb7e13b7;2025-05-09 12:29:26.7135;2361;None;;;;0.2662508;0.8138509;0.1034079;extension;0;;Moving to rest position;
8f4cdfd9-c6a5-4abe-9c92-0d36fb7e13b7;2025-05-09 12:29:26.7255;2362;None;;;;0.2661334;0.8139668;0.1032588;extension;0;;Moving to rest position;
8f4cdfd9-c6a5-4abe-9c92-0d36fb7e13b7;2025-05-09 12:29:26.7364;2363;None;;;;0.2659653;0.8139677;0.1033752;extension;0;;Moving to rest position;
8f4cdfd9-c6a5-4abe-9c92-0d36fb7e13b7;2025-05-09 12:29:26.7469;2364;None;;;;0.2658427;0.8140602;0.1032569;extension;0;;Moving to rest position;
8f4cdfd9-c6a5-4abe-9c92-0d36fb7e13b7;2025-05-09 12:29:26.7589;2365;None;;;;0.2654738;0.8141364;0.1030488;extension;0;;Moving to rest position;
8f4cdfd9-c6a5-4abe-9c92-0d36fb7e13b7;2025-05-09 12:29:26.7699;2366;None;;;;0.2653589;0.8143191;0.1028092;extension;0;;Moving to rest position;
8f4cdfd9-c6a5-4abe-9c92-0d36fb7e13b7;2025-05-09 12:29:26.7808;2367;None;;;;0.2652795;0.8143345;0.1025715;extension;0;;Moving to rest position;
8f4cdfd9-c6a5-4abe-9c92-0d36fb7e13b7;2025-05-09 12:29:26.7918;2368;None;;;;0.2652023;0.8143078;0.1023376;extension;0;;Moving to rest position;
8f4cdfd9-c6a5-4abe-9c92-0d36fb7e13b7;2025-05-09 12:29:26.8038;2369;None;;;;0.2650273;0.8144153;0.102525;extension;0;;Moving to rest position;
8f4cdfd9-c6a5-4abe-9c92-0d36fb7e13b7;2025-05-09 12:29:26.8147;2370;None;;;;0.2649478;0.8143923;0.1023953;extension;0;;Moving to rest position;
8f4cdfd9-c6a5-4abe-9c92-0d36fb7e13b7;2025-05-09 12:29:26.8257;2371;None;;;;0.2652198;0.8143126;0.1022494;extension;0;;Moving to rest position;
8f4cdfd9-c6a5-4abe-9c92-0d36fb7e13b7;2025-05-09 12:29:26.8367;2372;None;;;;0.2651393;0.8147247;0.1020803;extension;0;;Moving to rest position;
8f4cdfd9-c6a5-4abe-9c92-0d36fb7e13b7;2025-05-09 12:29:26.8482;2373;None;;;;0.265111;0.8147606;0.1019821;extension;0;;Moving to rest position;
8f4cdfd9-c6a5-4abe-9c92-0d36fb7e13b7;2025-05-09 12:29:26.8591;2374;None;;;;0.2650744;0.8148929;0.1020527;extension;0;;Moving to rest position;
8f4cdfd9-c6a5-4abe-9c92-0d36fb7e13b7;2025-05-09 12:29:26.8701;2375;None;;;;0.2651018;0.8150949;0.1019466;extension;0;;Moving to rest position;
8f4cdfd9-c6a5-4abe-9c92-0d36fb7e13b7;2025-05-09 12:29:26.8811;2376;None;;;;0.2651812;0.8151475;0.1018577;extension;0;;Moving to rest position;
8f4cdfd9-c6a5-4abe-9c92-0d36fb7e13b7;2025-05-09 12:29:26.8930;2377;None;;;;0.2652254;0.8152536;0.1018457;extension;0;;Moving to rest position;
8f4cdfd9-c6a5-4abe-9c92-0d36fb7e13b7;2025-05-09 12:29:26.9040;2378;None;;;;0.2652848;0.8153824;0.1018448;extension;0;;Moving to rest position;
8f4cdfd9-c6a5-4abe-9c92-0d36fb7e13b7;2025-05-09 12:29:26.9150;2379;None;;;;0.2653672;0.8154378;0.1018124;extension;0;;Moving to rest position;
8f4cdfd9-c6a5-4abe-9c92-0d36fb7e13b7;2025-05-09 12:29:26.9260;2380;None;;;;0.2655166;0.8155363;0.101886;extension;0;;Moving to rest position;
8f4cdfd9-c6a5-4abe-9c92-0d36fb7e13b7;2025-05-09 12:29:26.9379;2381;None;;;;0.2655494;0.8154345;0.1020384;extension;0;;Moving to rest position;
8f4cdfd9-c6a5-4abe-9c92-0d36fb7e13b7;2025-05-09 12:29:26.9479;2382;None;;;;0.2655754;0.815392;0.1020188;extension;0;;Moving to rest position;
8f4cdfd9-c6a5-4abe-9c92-0d36fb7e13b7;2025-05-09 12:29:26.9599;2383;None;;;;0.2654314;0.8153747;0.1020415;extension;0;;Moving to rest position;
8f4cdfd9-c6a5-4abe-9c92-0d36fb7e13b7;2025-05-09 12:29:26.9708;2384;None;;;;0.2654307;0.8154839;0.1020036;extension;0;;Moving to rest position;
8f4cdfd9-c6a5-4abe-9c92-0d36fb7e13b7;2025-05-09 12:29:26.9818;2385;None;;;;0.2654366;0.8153847;0.1019478;extension;0;;Moving to rest position;
8f4cdfd9-c6a5-4abe-9c92-0d36fb7e13b7;2025-05-09 12:29:26.9928;2386;None;;;;0.2655209;0.8153005;0.1019552;extension;0;;Moving to rest position;
8f4cdfd9-c6a5-4abe-9c92-0d36fb7e13b7;2025-05-09 12:29:27.0047;2387;None;;;;0.2654776;0.8153431;0.1021097;extension;0;;Moving to rest position;
8f4cdfd9-c6a5-4abe-9c92-0d36fb7e13b7;2025-05-09 12:29:27.0164;2388;None;;;;0.2654786;0.8152512;0.1020792;extension;0;;Moving to rest position;
8f4cdfd9-c6a5-4abe-9c92-0d36fb7e13b7;2025-05-09 12:29:27.0267;2389;None;;;;0.2654231;0.8151386;0.102071;extension;0;;Moving to rest position;
8f4cdfd9-c6a5-4abe-9c92-0d36fb7e13b7;2025-05-09 12:29:27.0377;2390;None;;;;0.2653717;0.8150173;0.1023319;extension;0;;Moving to rest position;
8f4cdfd9-c6a5-4abe-9c92-0d36fb7e13b7;2025-05-09 12:29:27.0496;2391;None;;;;0.2653748;0.8148954;0.1023302;extension;0;;Moving to rest position;
8f4cdfd9-c6a5-4abe-9c92-0d36fb7e13b7;2025-05-09 12:29:27.0601;2392;None;;;;0.265552;0.8147049;0.1022489;extension;0;;Moving to rest position;
8f4cdfd9-c6a5-4abe-9c92-0d36fb7e13b7;2025-05-09 12:29:27.0711;2393;None;;;;0.2655369;0.8148001;0.1023631;extension;0;;Moving to rest position;
8f4cdfd9-c6a5-4abe-9c92-0d36fb7e13b7;2025-05-09 12:29:27.0820;2394;None;;;;0.2656264;0.8146796;0.1023037;extension;0;;Moving to rest position;
8f4cdfd9-c6a5-4abe-9c92-0d36fb7e13b7;2025-05-09 12:29:27.0940;2395;None;;;;0.2656655;0.8147629;0.1022973;extension;0;;Moving to rest position;
8f4cdfd9-c6a5-4abe-9c92-0d36fb7e13b7;2025-05-09 12:29:27.1050;2396;None;;;;0.2657001;0.814715;0.1022983;extension;0;;Moving to rest position;
8f4cdfd9-c6a5-4abe-9c92-0d36fb7e13b7;2025-05-09 12:29:27.1160;2397;None;;;;0.2656236;0.8147048;0.1023064;extension;0;;Moving to rest position;
8f4cdfd9-c6a5-4abe-9c92-0d36fb7e13b7;2025-05-09 12:29:27.1269;2398;None;;;;0.2655935;0.8147086;0.102325;extension;0;;Moving to rest position;
8f4cdfd9-c6a5-4abe-9c92-0d36fb7e13b7;2025-05-09 12:29:27.1389;2399;None;;;;0.2655166;0.8149425;0.1024659;extension;0;;Moving to rest position;
8f4cdfd9-c6a5-4abe-9c92-0d36fb7e13b7;2025-05-09 12:29:27.1499;2400;None;;;;0.2654552;0.8149388;0.1024621;extension;0;;Moving to rest position;
8f4cdfd9-c6a5-4abe-9c92-0d36fb7e13b7;2025-05-09 12:29:27.1613;2401;None;;;;0.2655407;0.8149697;0.1024969;extension;0;;Moving to rest position;
8f4cdfd9-c6a5-4abe-9c92-0d36fb7e13b7;2025-05-09 12:29:27.1723;2402;None;;;;0.2654233;0.8149064;0.1030247;extension;0;;Moving to rest position;
8f4cdfd9-c6a5-4abe-9c92-0d36fb7e13b7;2025-05-09 12:29:27.1833;2403;None;;;;0.2654439;0.8149747;0.10304;extension;0;;Moving to rest position;
8f4cdfd9-c6a5-4abe-9c92-0d36fb7e13b7;2025-05-09 12:29:27.1942;2404;None;;;;0.2653883;0.8153112;0.1031065;extension;0;;Moving to rest position;
8f4cdfd9-c6a5-4abe-9c92-0d36fb7e13b7;2025-05-09 12:29:27.2052;2405;None;;;;0.2653001;0.8156112;0.103184;extension;0;;Moving to rest position;
8f4cdfd9-c6a5-4abe-9c92-0d36fb7e13b7;2025-05-09 12:29:27.2172;2406;None;;;;0.2651833;0.8159281;0.1032751;extension;0;;Moving to rest position;
8f4cdfd9-c6a5-4abe-9c92-0d36fb7e13b7;2025-05-09 12:29:27.2282;2407;None;;;;0.2650035;0.8164489;0.1034091;extension;0;;Moving to rest position;
8f4cdfd9-c6a5-4abe-9c92-0d36fb7e13b7;2025-05-09 12:29:27.2391;2408;None;;;;0.2647738;0.8170646;0.1037564;extension;0;;Moving to rest position;
8f4cdfd9-c6a5-4abe-9c92-0d36fb7e13b7;2025-05-09 12:29:27.2501;2409;None;;;;0.2645853;0.8176625;0.1040285;extension;0;;Moving to rest position;
8f4cdfd9-c6a5-4abe-9c92-0d36fb7e13b7;2025-05-09 12:29:27.2611;2410;None;;;;0.2645016;0.8182106;0.1042271;extension;0;;Moving to rest position;
8f4cdfd9-c6a5-4abe-9c92-0d36fb7e13b7;2025-05-09 12:29:27.2720;2411;None;;;;0.2643488;0.818944;0.1046088;extension;0;;Moving to rest position;
8f4cdfd9-c6a5-4abe-9c92-0d36fb7e13b7;2025-05-09 12:29:27.2840;2412;None;;;;0.2641578;0.8195604;0.1048682;extension;0;;Moving to rest position;
8f4cdfd9-c6a5-4abe-9c92-0d36fb7e13b7;2025-05-09 12:29:27.2950;2413;None;;;;0.264098;0.8201396;0.1052432;extension;0;;Moving to rest position;
8f4cdfd9-c6a5-4abe-9c92-0d36fb7e13b7;2025-05-09 12:29:27.3059;2414;None;;;;0.2640508;0.820713;0.1056705;extension;0;;Moving to rest position;
8f4cdfd9-c6a5-4abe-9c92-0d36fb7e13b7;2025-05-09 12:29:27.3179;2415;None;;;;0.2641928;0.8210682;0.1058791;extension;0;;Moving to rest position;
8f4cdfd9-c6a5-4abe-9c92-0d36fb7e13b7;2025-05-09 12:29:27.3289;2416;None;;;;0.2642757;0.8215277;0.1062593;extension;0;;Moving to rest position;
8f4cdfd9-c6a5-4abe-9c92-0d36fb7e13b7;2025-05-09 12:29:27.3399;2417;None;;;;0.2644022;0.8219461;0.1065276;extension;0;;Moving to rest position;
8f4cdfd9-c6a5-4abe-9c92-0d36fb7e13b7;2025-05-09 12:29:27.3508;2418;None;;;;0.2646103;0.8222154;0.106653;extension;0;;Moving to rest position;
8f4cdfd9-c6a5-4abe-9c92-0d36fb7e13b7;2025-05-09 12:29:27.3618;2419;None;;;;0.2647651;0.822476;0.1068454;extension;0;;Moving to rest position;
8f4cdfd9-c6a5-4abe-9c92-0d36fb7e13b7;2025-05-09 12:29:27.3728;2420;None;;;;0.2648795;0.8228158;0.1070921;extension;0;;Moving to rest position;
8f4cdfd9-c6a5-4abe-9c92-0d36fb7e13b7;2025-05-09 12:29:27.3847;2421;None;;;;0.2651184;0.8228046;0.1070399;extension;0;;Moving to rest position;
8f4cdfd9-c6a5-4abe-9c92-0d36fb7e13b7;2025-05-09 12:29:27.3957;2422;None;;;;0.2652314;0.8229111;0.10712;extension;0;;Moving to rest position;
8f4cdfd9-c6a5-4abe-9c92-0d36fb7e13b7;2025-05-09 12:29:27.4067;2423;None;;;;0.2653034;0.822848;0.1072299;extension;0;;Moving to rest position;
8f4cdfd9-c6a5-4abe-9c92-0d36fb7e13b7;2025-05-09 12:29:27.4177;2424;None;;;;0.2653994;0.8225976;0.1071596;extension;0;;Moving to rest position;
8f4cdfd9-c6a5-4abe-9c92-0d36fb7e13b7;2025-05-09 12:29:27.4296;2425;None;;;;0.2653928;0.8225805;0.1074114;extension;0;;Moving to rest position;
8f4cdfd9-c6a5-4abe-9c92-0d36fb7e13b7;2025-05-09 12:29:27.4406;2426;None;;;;0.2654122;0.8224031;0.1075494;extension;0;;Moving to rest position;
8f4cdfd9-c6a5-4abe-9c92-0d36fb7e13b7;2025-05-09 12:29:27.4516;2427;None;;;;0.2653816;0.8220972;0.1075466;extension;0;;Moving to rest position;
8f4cdfd9-c6a5-4abe-9c92-0d36fb7e13b7;2025-05-09 12:29:27.4635;2428;None;;;;0.2653857;0.8220098;0.1076224;extension;0;;Moving to rest position;
8f4cdfd9-c6a5-4abe-9c92-0d36fb7e13b7;2025-05-09 12:29:27.4735;2429;None;;;;0.2654011;0.8217639;0.107744;extension;0;;Moving to rest position;
8f4cdfd9-c6a5-4abe-9c92-0d36fb7e13b7;2025-05-09 12:29:27.4855;2430;None;;;;0.2656248;0.821286;0.1076913;extension;0;;Moving to rest position;
8f4cdfd9-c6a5-4abe-9c92-0d36fb7e13b7;2025-05-09 12:29:27.4964;2431;None;;;;0.2656062;0.821021;0.1079021;extension;0;;Moving to rest position;
8f4cdfd9-c6a5-4abe-9c92-0d36fb7e13b7;2025-05-09 12:29:27.5034;2432;None;;;;0.2656333;0.8207926;0.1079323;extension;0;;Moving to rest position;
8f4cdfd9-c6a5-4abe-9c92-0d36fb7e13b7;2025-05-09 12:29:27.5134;2433;None;;;;0.2656859;0.820406;0.1079252;extension;0;;Moving to rest position;
8f4cdfd9-c6a5-4abe-9c92-0d36fb7e13b7;2025-05-09 12:29:27.5254;2434;None;;;;0.2656845;0.8198742;0.1077969;extension;0;;Moving to rest position;
8f4cdfd9-c6a5-4abe-9c92-0d36fb7e13b7;2025-05-09 12:29:27.5363;2435;None;;;;0.265671;0.8195051;0.1080959;extension;0;;Moving to rest position;
8f4cdfd9-c6a5-4abe-9c92-0d36fb7e13b7;2025-05-09 12:29:27.5468;2436;None;;;;0.2657171;0.8190595;0.108144;extension;0;;Moving to rest position;
8f4cdfd9-c6a5-4abe-9c92-0d36fb7e13b7;2025-05-09 12:29:27.5588;2437;None;;;;0.2657678;0.8184333;0.1080022;extension;0;;Moving to rest position;
8f4cdfd9-c6a5-4abe-9c92-0d36fb7e13b7;2025-05-09 12:29:27.5697;2438;None;;;;0.2657855;0.8181139;0.1080568;extension;0;;Moving to rest position;
8f4cdfd9-c6a5-4abe-9c92-0d36fb7e13b7;2025-05-09 12:29:27.5807;2439;None;;;;0.2658275;0.8176322;0.108062;extension;0;;Moving to rest position;
8f4cdfd9-c6a5-4abe-9c92-0d36fb7e13b7;2025-05-09 12:29:27.5917;2440;None;;;;0.2658128;0.8170707;0.1079409;extension;0;;Moving to rest position;
8f4cdfd9-c6a5-4abe-9c92-0d36fb7e13b7;2025-05-09 12:29:27.6027;2441;None;;;;0.2658228;0.8167725;0.1077898;extension;0;;Moving to rest position;
8f4cdfd9-c6a5-4abe-9c92-0d36fb7e13b7;2025-05-09 12:29:27.6136;2442;None;;;;0.2658666;0.8162469;0.1076813;extension;0;;Moving to rest position;
8f4cdfd9-c6a5-4abe-9c92-0d36fb7e13b7;2025-05-09 12:29:27.6256;2443;None;;;;0.2660783;0.8156132;0.1074171;extension;0;;Moving to rest position;
8f4cdfd9-c6a5-4abe-9c92-0d36fb7e13b7;2025-05-09 12:29:27.6366;2444;None;;;;0.2661289;0.815204;0.1074357;extension;0;;Moving to rest position;
8f4cdfd9-c6a5-4abe-9c92-0d36fb7e13b7;2025-05-09 12:29:27.6480;2445;None;;;;0.2662678;0.8146982;0.1073146;extension;0;;Moving to rest position;
8f4cdfd9-c6a5-4abe-9c92-0d36fb7e13b7;2025-05-09 12:29:27.6590;2446;None;;;;0.2664491;0.8140775;0.1071234;extension;0;;Moving to rest position;
8f4cdfd9-c6a5-4abe-9c92-0d36fb7e13b7;2025-05-09 12:29:27.6700;2447;None;;;;0.2666488;0.81335;0.1071692;extension;0;;Moving to rest position;
8f4cdfd9-c6a5-4abe-9c92-0d36fb7e13b7;2025-05-09 12:29:27.6810;2448;None;;;;0.2668909;0.8126975;0.1070216;extension;0;;Moving to rest position;
8f4cdfd9-c6a5-4abe-9c92-0d36fb7e13b7;2025-05-09 12:29:27.6919;2449;None;;;;0.2670547;0.8121611;0.1069281;extension;0;;Moving to rest position;
8f4cdfd9-c6a5-4abe-9c92-0d36fb7e13b7;2025-05-09 12:29:27.7039;2450;None;;;;0.2672654;0.8116757;0.106611;extension;0;;Moving to rest position;
8f4cdfd9-c6a5-4abe-9c92-0d36fb7e13b7;2025-05-09 12:29:27.7149;2451;None;;;;0.2673944;0.8111041;0.1063519;extension;0;;Moving to rest position;
8f4cdfd9-c6a5-4abe-9c92-0d36fb7e13b7;2025-05-09 12:29:27.7258;2452;None;;;;0.2675442;0.8104761;0.1060915;extension;0;;Moving to rest position;
8f4cdfd9-c6a5-4abe-9c92-0d36fb7e13b7;2025-05-09 12:29:27.7368;2453;None;;;;0.2676506;0.8097544;0.1060319;extension;0;;Moving to rest position;
8f4cdfd9-c6a5-4abe-9c92-0d36fb7e13b7;2025-05-09 12:29:27.7483;2454;None;;;;0.267811;0.8092275;0.1058347;extension;0;;Moving to rest position;
8f4cdfd9-c6a5-4abe-9c92-0d36fb7e13b7;2025-05-09 12:29:27.7593;2455;None;;;;0.2681484;0.8086238;0.105531;extension;0;;Moving to rest position;
8f4cdfd9-c6a5-4abe-9c92-0d36fb7e13b7;2025-05-09 12:29:27.7702;2456;None;;;;0.2683183;0.8082364;0.1052339;extension;0;;Moving to rest position;
8f4cdfd9-c6a5-4abe-9c92-0d36fb7e13b7;2025-05-09 12:29:27.7812;2457;None;;;;0.2685487;0.8078578;0.1049643;extension;0;;Moving to rest position;
8f4cdfd9-c6a5-4abe-9c92-0d36fb7e13b7;2025-05-09 12:29:27.7932;2458;None;;;;0.2686307;0.8076311;0.1047797;extension;0;;Moving to rest position;
8f4cdfd9-c6a5-4abe-9c92-0d36fb7e13b7;2025-05-09 12:29:27.8041;2459;None;;;;0.2687428;0.8076228;0.1043346;extension;0;;Moving to rest position;
8f4cdfd9-c6a5-4abe-9c92-0d36fb7e13b7;2025-05-09 12:29:27.8151;2460;None;;;;0.2688218;0.8075327;0.1041501;extension;0;;Moving to rest position;
8f4cdfd9-c6a5-4abe-9c92-0d36fb7e13b7;2025-05-09 12:29:27.8261;2461;None;;;;0.2689621;0.8075901;0.103936;extension;0;;Moving to rest position;
8f4cdfd9-c6a5-4abe-9c92-0d36fb7e13b7;2025-05-09 12:29:27.8370;2462;None;;;;0.2690457;0.8076583;0.1038589;extension;0;;Moving to rest position;
8f4cdfd9-c6a5-4abe-9c92-0d36fb7e13b7;2025-05-09 12:29:27.8485;2463;None;;;;0.2691598;0.8078041;0.1036878;extension;0;;Moving to rest position;
8f4cdfd9-c6a5-4abe-9c92-0d36fb7e13b7;2025-05-09 12:29:27.8605;2464;None;;;;0.2691197;0.8080146;0.103513;extension;0;;Moving to rest position;
8f4cdfd9-c6a5-4abe-9c92-0d36fb7e13b7;2025-05-09 12:29:27.8715;2465;None;;;;0.2691742;0.808143;0.1034899;extension;0;;Moving to rest position;
8f4cdfd9-c6a5-4abe-9c92-0d36fb7e13b7;2025-05-09 12:29:27.8834;2466;None;;;;0.2691475;0.8084158;0.1032677;extension;0;;Moving to rest position;
8f4cdfd9-c6a5-4abe-9c92-0d36fb7e13b7;2025-05-09 12:29:27.8944;2467;None;;;;0.2691896;0.8087553;0.1030452;extension;0;;Moving to rest position;
8f4cdfd9-c6a5-4abe-9c92-0d36fb7e13b7;2025-05-09 12:29:27.9064;2468;None;;;;0.2691944;0.8091221;0.1030967;extension;0;;Moving to rest position;
8f4cdfd9-c6a5-4abe-9c92-0d36fb7e13b7;2025-05-09 12:29:27.9174;2469;None;;;;0.2691244;0.8094465;0.1027985;extension;0;;Moving to rest position;
8f4cdfd9-c6a5-4abe-9c92-0d36fb7e13b7;2025-05-09 12:29:27.9283;2470;None;;;;0.2691829;0.8098117;0.102591;extension;0;;Moving to rest position;
8f4cdfd9-c6a5-4abe-9c92-0d36fb7e13b7;2025-05-09 12:29:27.9403;2471;None;;;;0.2692256;0.810016;0.1025589;extension;0;;Moving to rest position;
8f4cdfd9-c6a5-4abe-9c92-0d36fb7e13b7;2025-05-09 12:29:27.9518;2472;None;;;;0.2694274;0.810232;0.102268;extension;0;;Moving to rest position;
8f4cdfd9-c6a5-4abe-9c92-0d36fb7e13b7;2025-05-09 12:29:27.9627;2473;None;;;;0.2695137;0.8106272;0.1021543;extension;0;;Moving to rest position;
8f4cdfd9-c6a5-4abe-9c92-0d36fb7e13b7;2025-05-09 12:29:27.9737;2474;None;;;;0.2696221;0.8108556;0.101994;extension;0;;Moving to rest position;
8f4cdfd9-c6a5-4abe-9c92-0d36fb7e13b7;2025-05-09 12:29:27.9857;2475;None;;;;0.2696772;0.8111119;0.1019442;extension;0;;Moving to rest position;
8f4cdfd9-c6a5-4abe-9c92-0d36fb7e13b7;2025-05-09 12:29:27.9966;2476;None;;;;0.2697513;0.8115416;0.1018629;extension;0;;Moving to rest position;
8f4cdfd9-c6a5-4abe-9c92-0d36fb7e13b7;2025-05-09 12:29:28.0086;2477;None;;;;0.2698803;0.8116356;0.1017451;extension;0;;Moving to rest position;
8f4cdfd9-c6a5-4abe-9c92-0d36fb7e13b7;2025-05-09 12:29:28.0206;2478;None;;;;0.2701256;0.811622;0.1015701;extension;0;;Moving to rest position;
8f4cdfd9-c6a5-4abe-9c92-0d36fb7e13b7;2025-05-09 12:29:28.0316;2479;None;;;;0.270254;0.8117979;0.1016443;extension;0;;Moving to rest position;
8f4cdfd9-c6a5-4abe-9c92-0d36fb7e13b7;2025-05-09 12:29:28.0425;2480;None;;;;0.270435;0.8117582;0.1016116;extension;0;;Moving to rest position;
8f4cdfd9-c6a5-4abe-9c92-0d36fb7e13b7;2025-05-09 12:29:28.0540;2481;None;;;;0.2707655;0.8115808;0.1016347;extension;0;;Moving to rest position;
8f4cdfd9-c6a5-4abe-9c92-0d36fb7e13b7;2025-05-09 12:29:28.0650;2482;None;;;;0.2710063;0.8113985;0.1015761;extension;0;;Moving to rest position;
8f4cdfd9-c6a5-4abe-9c92-0d36fb7e13b7;2025-05-09 12:29:28.0769;2483;None;;;;0.2712486;0.8111291;0.1016226;extension;0;;Moving to rest position;
8f4cdfd9-c6a5-4abe-9c92-0d36fb7e13b7;2025-05-09 12:29:28.0879;2484;None;;;;0.271396;0.8106991;0.1016271;extension;0;;Moving to rest position;
8f4cdfd9-c6a5-4abe-9c92-0d36fb7e13b7;2025-05-09 12:29:28.0999;2485;None;;;;0.2716196;0.8105844;0.1015699;extension;0;;Moving to rest position;
8f4cdfd9-c6a5-4abe-9c92-0d36fb7e13b7;2025-05-09 12:29:28.1108;2486;None;;;;0.2716898;0.8103765;0.1017716;extension;0;;Moving to rest position;
8f4cdfd9-c6a5-4abe-9c92-0d36fb7e13b7;2025-05-09 12:29:28.1218;2487;None;;;;0.2717826;0.8100998;0.1018891;extension;0;;Moving to rest position;
8f4cdfd9-c6a5-4abe-9c92-0d36fb7e13b7;2025-05-09 12:29:28.1328;2488;None;;;;0.2716253;0.8101507;0.1022589;extension;0;;Moving to rest position;
8f4cdfd9-c6a5-4abe-9c92-0d36fb7e13b7;2025-05-09 12:29:28.1438;2489;None;;;;0.2714903;0.8101059;0.102586;extension;0;;Moving to rest position;
8f4cdfd9-c6a5-4abe-9c92-0d36fb7e13b7;2025-05-09 12:29:28.1552;2490;None;;;;0.2714214;0.8101933;0.1030304;extension;0;;Moving to rest position;
8f4cdfd9-c6a5-4abe-9c92-0d36fb7e13b7;2025-05-09 12:29:28.1662;2491;None;;;;0.2711258;0.8102366;0.1037874;extension;0;;Moving to rest position;
8f4cdfd9-c6a5-4abe-9c92-0d36fb7e13b7;2025-05-09 12:29:28.1772;2492;None;;;;0.2709325;0.8103788;0.1041536;extension;0;;Moving to rest position;
8f4cdfd9-c6a5-4abe-9c92-0d36fb7e13b7;2025-05-09 12:29:28.1881;2493;None;;;;0.2706701;0.8105664;0.1044986;extension;0;;Moving to rest position;
8f4cdfd9-c6a5-4abe-9c92-0d36fb7e13b7;2025-05-09 12:29:28.2001;2494;None;;;;0.2705089;0.8106529;0.1049609;extension;0;;Moving to rest position;
8f4cdfd9-c6a5-4abe-9c92-0d36fb7e13b7;2025-05-09 12:29:28.2111;2495;None;;;;0.2703917;0.8107708;0.1051118;extension;0;;Moving to rest position;
8f4cdfd9-c6a5-4abe-9c92-0d36fb7e13b7;2025-05-09 12:29:28.2221;2496;None;;;;0.270268;0.8109539;0.1051071;extension;0;;Moving to rest position;
8f4cdfd9-c6a5-4abe-9c92-0d36fb7e13b7;2025-05-09 12:29:28.2330;2497;None;;;;0.2701052;0.8112091;0.1051006;extension;0;;Moving to rest position;
8f4cdfd9-c6a5-4abe-9c92-0d36fb7e13b7;2025-05-09 12:29:28.2440;2498;None;;;;0.2699611;0.8113477;0.1049688;extension;0;;Moving to rest position;
8f4cdfd9-c6a5-4abe-9c92-0d36fb7e13b7;2025-05-09 12:29:28.2555;2499;None;;;;0.2695933;0.8114094;0.10464;extension;0;;Moving to rest position;
8f4cdfd9-c6a5-4abe-9c92-0d36fb7e13b7;2025-05-09 12:29:28.2664;2500;None;;;;0.2693508;0.8117548;0.1044819;extension;0;;Moving to rest position;
8f4cdfd9-c6a5-4abe-9c92-0d36fb7e13b7;2025-05-09 12:29:28.2774;2501;None;;;;0.2691633;0.8118633;0.1041889;extension;0;;Moving to rest position;
8f4cdfd9-c6a5-4abe-9c92-0d36fb7e13b7;2025-05-09 12:29:28.2894;2502;None;;;;0.2691462;0.8118627;0.1038473;extension;0;;Moving to rest position;
8f4cdfd9-c6a5-4abe-9c92-0d36fb7e13b7;2025-05-09 12:29:28.3004;2503;None;;;;0.2690002;0.8120327;0.1036448;extension;0;;Moving to rest position;
8f4cdfd9-c6a5-4abe-9c92-0d36fb7e13b7;2025-05-09 12:29:28.3113;2504;None;;;;0.2688599;0.8121594;0.1034698;extension;0;;Moving to rest position;
8f4cdfd9-c6a5-4abe-9c92-0d36fb7e13b7;2025-05-09 12:29:28.3223;2505;None;;;;0.2687088;0.8122904;0.103292;extension;0;;Moving to rest position;
8f4cdfd9-c6a5-4abe-9c92-0d36fb7e13b7;2025-05-09 12:29:28.3343;2506;None;;;;0.2685304;0.8124036;0.1034775;extension;0;;Moving to rest position;
8f4cdfd9-c6a5-4abe-9c92-0d36fb7e13b7;2025-05-09 12:29:28.3442;2507;None;;;;0.2684144;0.8126431;0.1035013;extension;0;;Moving to rest position;
8f4cdfd9-c6a5-4abe-9c92-0d36fb7e13b7;2025-05-09 12:29:28.3562;2508;None;;;;0.2684875;0.8128282;0.1034937;extension;0;;Moving to rest position;
8f4cdfd9-c6a5-4abe-9c92-0d36fb7e13b7;2025-05-09 12:29:28.3672;2509;None;;;;0.2684593;0.8131055;0.1035511;extension;0;;Moving to rest position;
8f4cdfd9-c6a5-4abe-9c92-0d36fb7e13b7;2025-05-09 12:29:28.3782;2510;None;;;;0.2684143;0.8134158;0.1036985;extension;0;;Moving to rest position;
8f4cdfd9-c6a5-4abe-9c92-0d36fb7e13b7;2025-05-09 12:29:28.3891;2511;None;;;;0.2683575;0.8137076;0.1038494;extension;0;;Moving to rest position;
8f4cdfd9-c6a5-4abe-9c92-0d36fb7e13b7;2025-05-09 12:29:28.4011;2512;None;;;;0.2682499;0.81406;0.1039147;extension;0;;Moving to rest position;
8f4cdfd9-c6a5-4abe-9c92-0d36fb7e13b7;2025-05-09 12:29:28.4121;2513;None;;;;0.2681077;0.8143821;0.1041064;extension;0;;Moving to rest position;
8f4cdfd9-c6a5-4abe-9c92-0d36fb7e13b7;2025-05-09 12:29:28.4230;2514;None;;;;0.2677807;0.8148147;0.1044862;extension;0;;Moving to rest position;
8f4cdfd9-c6a5-4abe-9c92-0d36fb7e13b7;2025-05-09 12:29:28.4340;2515;None;;;;0.2676278;0.8151637;0.1044521;extension;0;;Moving to rest position;
8f4cdfd9-c6a5-4abe-9c92-0d36fb7e13b7;2025-05-09 12:29:28.4450;2516;None;;;;0.2674273;0.8155141;0.1047037;extension;0;;Moving to rest position;
8f4cdfd9-c6a5-4abe-9c92-0d36fb7e13b7;2025-05-09 12:29:28.4569;2517;None;;;;0.2670908;0.8158225;0.1049347;extension;0;;Moving to rest position;
8f4cdfd9-c6a5-4abe-9c92-0d36fb7e13b7;2025-05-09 12:29:28.4679;2518;None;;;;0.2668951;0.8161732;0.1051304;extension;0;;Moving to rest position;
8f4cdfd9-c6a5-4abe-9c92-0d36fb7e13b7;2025-05-09 12:29:28.4789;2519;None;;;;0.2666985;0.8164099;0.1053388;extension;0;;Moving to rest position;
8f4cdfd9-c6a5-4abe-9c92-0d36fb7e13b7;2025-05-09 12:29:28.4899;2520;None;;;;0.2663881;0.8166571;0.1055429;extension;0;;Moving to rest position;
8f4cdfd9-c6a5-4abe-9c92-0d36fb7e13b7;2025-05-09 12:29:28.5018;2521;None;;;;0.2661044;0.816855;0.1057801;extension;0;;Moving to rest position;
8f4cdfd9-c6a5-4abe-9c92-0d36fb7e13b7;2025-05-09 12:29:28.5128;2522;None;;;;0.2658277;0.8169745;0.1058903;extension;0;;Moving to rest position;
8f4cdfd9-c6a5-4abe-9c92-0d36fb7e13b7;2025-05-09 12:29:28.5238;2523;None;;;;0.2658861;0.8169951;0.1059031;extension;0;;Moving to rest position;
8f4cdfd9-c6a5-4abe-9c92-0d36fb7e13b7;2025-05-09 12:29:28.5347;2524;None;;;;0.2656424;0.8172125;0.1058941;extension;0;;Moving to rest position;
8f4cdfd9-c6a5-4abe-9c92-0d36fb7e13b7;2025-05-09 12:29:28.5457;2525;None;;;;0.2654263;0.8172876;0.1059496;extension;0;;Moving to rest position;
8f4cdfd9-c6a5-4abe-9c92-0d36fb7e13b7;2025-05-09 12:29:28.5567;2526;None;;;;0.2652661;0.8173172;0.1060467;extension;0;;Moving to rest position;
8f4cdfd9-c6a5-4abe-9c92-0d36fb7e13b7;2025-05-09 12:29:28.5682;2527;None;;;;0.2650303;0.8173977;0.1064756;extension;0;;Moving to rest position;
8f4cdfd9-c6a5-4abe-9c92-0d36fb7e13b7;2025-05-09 12:29:28.5791;2528;None;;;;0.2649361;0.8173631;0.1065645;extension;0;;Moving to rest position;
8f4cdfd9-c6a5-4abe-9c92-0d36fb7e13b7;2025-05-09 12:29:28.5911;2529;None;;;;0.2649319;0.8172742;0.1066875;extension;0;;Moving to rest position;
8f4cdfd9-c6a5-4abe-9c92-0d36fb7e13b7;2025-05-09 12:29:28.6021;2530;None;;;;0.2647828;0.8172938;0.1070175;extension;0;;Moving to rest position;
8f4cdfd9-c6a5-4abe-9c92-0d36fb7e13b7;2025-05-09 12:29:28.6131;2531;None;;;;0.2646669;0.8172271;0.1072083;extension;0;;Moving to rest position;
8f4cdfd9-c6a5-4abe-9c92-0d36fb7e13b7;2025-05-09 12:29:28.6240;2532;None;;;;0.2643309;0.8169999;0.1072378;extension;0;;Moving to rest position;
8f4cdfd9-c6a5-4abe-9c92-0d36fb7e13b7;2025-05-09 12:29:28.6350;2533;None;;;;0.2641899;0.8171036;0.107317;extension;0;;Moving to rest position;
8f4cdfd9-c6a5-4abe-9c92-0d36fb7e13b7;2025-05-09 12:29:28.6470;2534;None;;;;0.2640593;0.816944;0.10745;extension;0;;Moving to rest position;
8f4cdfd9-c6a5-4abe-9c92-0d36fb7e13b7;2025-05-09 12:29:28.6579;2535;None;;;;0.2641166;0.8168349;0.1077027;extension;0;;Moving to rest position;
8f4cdfd9-c6a5-4abe-9c92-0d36fb7e13b7;2025-05-09 12:29:28.6689;2536;None;;;;0.2639596;0.8167293;0.108165;extension;0;;Moving to rest position;
8f4cdfd9-c6a5-4abe-9c92-0d36fb7e13b7;2025-05-09 12:29:28.6799;2537;None;;;;0.2639067;0.8165071;0.1082289;extension;0;;Moving to rest position;
8f4cdfd9-c6a5-4abe-9c92-0d36fb7e13b7;2025-05-09 12:29:28.6908;2538;None;;;;0.2639311;0.8161412;0.108139;extension;0;;Moving to rest position;
8f4cdfd9-c6a5-4abe-9c92-0d36fb7e13b7;2025-05-09 12:29:28.7018;2539;None;;;;0.2638381;0.8162456;0.1082537;extension;0;;Moving to rest position;
8f4cdfd9-c6a5-4abe-9c92-0d36fb7e13b7;2025-05-09 12:29:28.7138;2540;None;;;;0.2637982;0.8160319;0.1083074;extension;0;;Moving to rest position;
8f4cdfd9-c6a5-4abe-9c92-0d36fb7e13b7;2025-05-09 12:29:28.7248;2541;None;;;;0.2635555;0.8156976;0.1081495;extension;0;;Moving to rest position;
8f4cdfd9-c6a5-4abe-9c92-0d36fb7e13b7;2025-05-09 12:29:28.7367;2542;None;;;;0.2634398;0.8155441;0.1084232;extension;0;;Moving to rest position;
8f4cdfd9-c6a5-4abe-9c92-0d36fb7e13b7;2025-05-09 12:29:28.7467;2543;None;;;;0.2633883;0.8153729;0.1085036;extension;0;;Moving to rest position;
8f4cdfd9-c6a5-4abe-9c92-0d36fb7e13b7;2025-05-09 12:29:28.7577;2544;None;;;;0.2633418;0.8152956;0.108675;extension;0;;Moving to rest position;
8f4cdfd9-c6a5-4abe-9c92-0d36fb7e13b7;2025-05-09 12:29:28.7696;2545;None;;;;0.2632558;0.8150873;0.10903;extension;0;;Moving to rest position;
8f4cdfd9-c6a5-4abe-9c92-0d36fb7e13b7;2025-05-09 12:29:28.7806;2546;None;;;;0.263253;0.8149284;0.1090422;extension;0;;Moving to rest position;
8f4cdfd9-c6a5-4abe-9c92-0d36fb7e13b7;2025-05-09 12:29:28.7916;2547;None;;;;0.2634709;0.8148013;0.1090505;extension;0;;Moving to rest position;
8f4cdfd9-c6a5-4abe-9c92-0d36fb7e13b7;2025-05-09 12:29:28.8025;2548;None;;;;0.2634811;0.8145199;0.1091006;extension;0;;Moving to rest position;
8f4cdfd9-c6a5-4abe-9c92-0d36fb7e13b7;2025-05-09 12:29:28.8135;2549;None;;;;0.2634887;0.8144399;0.1089768;extension;0;;Moving to rest position;
8f4cdfd9-c6a5-4abe-9c92-0d36fb7e13b7;2025-05-09 12:29:28.8255;2550;None;;;;0.2635591;0.8142921;0.1088591;extension;0;;Moving to rest position;
8f4cdfd9-c6a5-4abe-9c92-0d36fb7e13b7;2025-05-09 12:29:28.8365;2551;None;;;;0.2635779;0.8141605;0.1086895;extension;0;;Moving to rest position;
8f4cdfd9-c6a5-4abe-9c92-0d36fb7e13b7;2025-05-09 12:29:28.8474;2552;None;;;;0.2635707;0.8140744;0.1085668;extension;0;;Moving to rest position;
8f4cdfd9-c6a5-4abe-9c92-0d36fb7e13b7;2025-05-09 12:29:28.8584;2553;None;;;;0.263647;0.8139621;0.1083882;extension;0;;Moving to rest position;
8f4cdfd9-c6a5-4abe-9c92-0d36fb7e13b7;2025-05-09 12:29:28.8694;2554;None;;;;0.2637297;0.8138863;0.10799;extension;0;;Moving to rest position;
8f4cdfd9-c6a5-4abe-9c92-0d36fb7e13b7;2025-05-09 12:29:28.8813;2555;None;;;;0.2638023;0.8138005;0.107815;extension;0;;Moving to rest position;
8f4cdfd9-c6a5-4abe-9c92-0d36fb7e13b7;2025-05-09 12:29:28.8923;2556;None;;;;0.263701;0.8137207;0.1076345;extension;0;;Moving to rest position;
8f4cdfd9-c6a5-4abe-9c92-0d36fb7e13b7;2025-05-09 12:29:28.9033;2557;None;;;;0.2637476;0.8135083;0.1076455;extension;0;;Moving to rest position;
8f4cdfd9-c6a5-4abe-9c92-0d36fb7e13b7;2025-05-09 12:29:28.9142;2558;None;;;;0.2638323;0.813428;0.1074483;extension;0;;Moving to rest position;
8f4cdfd9-c6a5-4abe-9c92-0d36fb7e13b7;2025-05-09 12:29:28.9262;2559;None;;;;0.2638132;0.8133637;0.1072576;extension;0;;Moving to rest position;
8f4cdfd9-c6a5-4abe-9c92-0d36fb7e13b7;2025-05-09 12:29:28.9372;2560;None;;;;0.2638848;0.8133329;0.1068721;extension;0;;Moving to rest position;
8f4cdfd9-c6a5-4abe-9c92-0d36fb7e13b7;2025-05-09 12:29:28.9482;2561;None;;;;0.2638766;0.8133142;0.1067624;extension;0;;Moving to rest position;
8f4cdfd9-c6a5-4abe-9c92-0d36fb7e13b7;2025-05-09 12:29:28.9591;2562;None;;;;0.2639521;0.8132055;0.1065612;extension;0;;Moving to rest position;
8f4cdfd9-c6a5-4abe-9c92-0d36fb7e13b7;2025-05-09 12:29:28.9701;2563;None;;;;0.2639293;0.8131655;0.1065352;extension;0;;Moving to rest position;
8f4cdfd9-c6a5-4abe-9c92-0d36fb7e13b7;2025-05-09 12:29:28.9821;2564;None;;;;0.2638792;0.8131889;0.106523;extension;0;;Moving to rest position;
8f4cdfd9-c6a5-4abe-9c92-0d36fb7e13b7;2025-05-09 12:29:28.9930;2565;None;;;;0.2639064;0.8132221;0.1065109;extension;0;;Moving to rest position;
8f4cdfd9-c6a5-4abe-9c92-0d36fb7e13b7;2025-05-09 12:29:29.0040;2566;None;;;;0.2638717;0.8133554;0.1065958;extension;0;;Moving to rest position;
8f4cdfd9-c6a5-4abe-9c92-0d36fb7e13b7;2025-05-09 12:29:29.0160;2567;None;;;;0.2638578;0.8135492;0.1066756;extension;0;;Moving to rest position;
8f4cdfd9-c6a5-4abe-9c92-0d36fb7e13b7;2025-05-09 12:29:29.0259;2568;None;;;;0.2637685;0.8139553;0.1068599;extension;0;;Moving to rest position;
8f4cdfd9-c6a5-4abe-9c92-0d36fb7e13b7;2025-05-09 12:29:29.0379;2569;None;;;;0.26372;0.8144124;0.106951;extension;0;;Moving to rest position;
8f4cdfd9-c6a5-4abe-9c92-0d36fb7e13b7;2025-05-09 12:29:29.0489;2570;None;;;;0.2636431;0.8149321;0.1070824;extension;0;;Moving to rest position;
8f4cdfd9-c6a5-4abe-9c92-0d36fb7e13b7;2025-05-09 12:29:29.0599;2571;None;;;;0.2636754;0.8156097;0.1073978;extension;0;;Moving to rest position;
8f4cdfd9-c6a5-4abe-9c92-0d36fb7e13b7;2025-05-09 12:29:29.0708;2572;None;;;;0.2635999;0.8162276;0.1076684;extension;0;;Moving to rest position;
8f4cdfd9-c6a5-4abe-9c92-0d36fb7e13b7;2025-05-09 12:29:29.0828;2573;None;;;;0.2635565;0.8169775;0.107933;extension;0;;Moving to rest position;
8f4cdfd9-c6a5-4abe-9c92-0d36fb7e13b7;2025-05-09 12:29:29.0938;2574;None;;;;0.26359;0.8177583;0.108264;extension;0;;Moving to rest position;
8f4cdfd9-c6a5-4abe-9c92-0d36fb7e13b7;2025-05-09 12:29:29.1047;2575;None;;;;0.2636715;0.8183948;0.1085775;extension;0;;Moving to rest position;
8f4cdfd9-c6a5-4abe-9c92-0d36fb7e13b7;2025-05-09 12:29:29.1157;2576;None;;;;0.2638202;0.8190573;0.1088345;extension;0;;Moving to rest position;
8f4cdfd9-c6a5-4abe-9c92-0d36fb7e13b7;2025-05-09 12:29:29.1267;2577;None;;;;0.2638319;0.8196806;0.1089211;extension;0;;Moving to rest position;
8f4cdfd9-c6a5-4abe-9c92-0d36fb7e13b7;2025-05-09 12:29:29.1386;2578;None;;;;0.2639291;0.8202077;0.1092086;extension;0;;Moving to rest position;
8f4cdfd9-c6a5-4abe-9c92-0d36fb7e13b7;2025-05-09 12:29:29.1496;2579;None;;;;0.2640103;0.8206625;0.1092362;extension;0;;Moving to rest position;
8f4cdfd9-c6a5-4abe-9c92-0d36fb7e13b7;2025-05-09 12:29:29.1601;2580;None;;;;0.2641728;0.8211287;0.1093423;extension;0;;Moving to rest position;
8f4cdfd9-c6a5-4abe-9c92-0d36fb7e13b7;2025-05-09 12:29:29.1721;2581;None;;;;0.2640427;0.8217227;0.1092651;extension;0;;Moving to rest position;
8f4cdfd9-c6a5-4abe-9c92-0d36fb7e13b7;2025-05-09 12:29:29.1830;2582;None;;;;0.2638876;0.8220036;0.1091106;extension;0;;Moving to rest position;
8f4cdfd9-c6a5-4abe-9c92-0d36fb7e13b7;2025-05-09 12:29:29.1940;2583;None;;;;0.2638195;0.8223119;0.1089902;extension;0;;Moving to rest position;
8f4cdfd9-c6a5-4abe-9c92-0d36fb7e13b7;2025-05-09 12:29:29.2050;2584;None;;;;0.2636996;0.8228999;0.1087618;extension;0;;Moving to rest position;
8f4cdfd9-c6a5-4abe-9c92-0d36fb7e13b7;2025-05-09 12:29:29.2159;2585;None;;;;0.2635723;0.8231349;0.1083832;extension;0;;Moving to rest position;
8f4cdfd9-c6a5-4abe-9c92-0d36fb7e13b7;2025-05-09 12:29:29.2269;2586;None;;;;0.2636896;0.8233424;0.1080594;extension;0;;Moving to rest position;
8f4cdfd9-c6a5-4abe-9c92-0d36fb7e13b7;2025-05-09 12:29:29.2389;2587;None;;;;0.2636433;0.8238511;0.1080461;extension;0;;Moving to rest position;
8f4cdfd9-c6a5-4abe-9c92-0d36fb7e13b7;2025-05-09 12:29:29.2499;2588;None;;;;0.263798;0.8240439;0.1077785;extension;0;;Moving to rest position;
8f4cdfd9-c6a5-4abe-9c92-0d36fb7e13b7;2025-05-09 12:29:29.2613;2589;None;;;;0.2639745;0.8241897;0.1075702;extension;0;;Moving to rest position;
8f4cdfd9-c6a5-4abe-9c92-0d36fb7e13b7;2025-05-09 12:29:29.2723;2590;None;;;;0.264105;0.8246002;0.107296;extension;0;;Moving to rest position;
8f4cdfd9-c6a5-4abe-9c92-0d36fb7e13b7;2025-05-09 12:29:29.2833;2591;None;;;;0.2643497;0.8246478;0.1070852;extension;0;;Moving to rest position;
8f4cdfd9-c6a5-4abe-9c92-0d36fb7e13b7;2025-05-09 12:29:29.2953;2592;None;;;;0.2644863;0.8246429;0.10675;extension;0;;Moving to rest position;
8f4cdfd9-c6a5-4abe-9c92-0d36fb7e13b7;2025-05-09 12:29:29.3062;2593;None;;;;0.2645916;0.8246918;0.1064827;extension;0;;Moving to rest position;
8f4cdfd9-c6a5-4abe-9c92-0d36fb7e13b7;2025-05-09 12:29:29.3172;2594;None;;;;0.2646248;0.8245165;0.1061356;extension;0;;Moving to rest position;
8f4cdfd9-c6a5-4abe-9c92-0d36fb7e13b7;2025-05-09 12:29:29.3282;2595;None;;;;0.2645227;0.824249;0.10571;extension;0;;Moving to rest position;
8f4cdfd9-c6a5-4abe-9c92-0d36fb7e13b7;2025-05-09 12:29:29.3391;2596;None;;;;0.2644333;0.8239734;0.1053307;extension;0;;Moving to rest position;
8f4cdfd9-c6a5-4abe-9c92-0d36fb7e13b7;2025-05-09 12:29:29.3511;2597;None;;;;0.2644023;0.8236583;0.1047707;extension;0;;Moving to rest position;
8f4cdfd9-c6a5-4abe-9c92-0d36fb7e13b7;2025-05-09 12:29:29.3616;2598;None;;;;0.2643881;0.8232515;0.1041303;extension;0;;Moving to rest position;
8f4cdfd9-c6a5-4abe-9c92-0d36fb7e13b7;2025-05-09 12:29:29.3726;2599;None;;;;0.2643933;0.8229433;0.1035388;extension;0;;Moving to rest position;
8f4cdfd9-c6a5-4abe-9c92-0d36fb7e13b7;2025-05-09 12:29:29.3835;2600;None;;;;0.2644839;0.8224527;0.102838;extension;0;;Moving to rest position;
8f4cdfd9-c6a5-4abe-9c92-0d36fb7e13b7;2025-05-09 12:29:29.3945;2601;None;;;;0.2644151;0.8219576;0.1021416;extension;0;;Moving to rest position;
8f4cdfd9-c6a5-4abe-9c92-0d36fb7e13b7;2025-05-09 12:29:29.4065;2602;None;;;;0.2644233;0.8216376;0.1016004;extension;0;;Moving to rest position;
8f4cdfd9-c6a5-4abe-9c92-0d36fb7e13b7;2025-05-09 12:29:29.4174;2603;None;;;;0.2643864;0.8212752;0.1011698;extension;0;;Moving to rest position;
8f4cdfd9-c6a5-4abe-9c92-0d36fb7e13b7;2025-05-09 12:29:29.4294;2604;None;;;;0.2643434;0.8209201;0.1007602;extension;0;;Moving to rest position;
8f4cdfd9-c6a5-4abe-9c92-0d36fb7e13b7;2025-05-09 12:29:29.4394;2605;None;;;;0.2642883;0.8206024;0.100512;extension;0;;Moving to rest position;
8f4cdfd9-c6a5-4abe-9c92-0d36fb7e13b7;2025-05-09 12:29:29.4513;2606;None;;;;0.2640148;0.8204103;0.100507;extension;0;;Moving to rest position;
8f4cdfd9-c6a5-4abe-9c92-0d36fb7e13b7;2025-05-09 12:29:29.4628;2607;None;;;;0.2638888;0.8202187;0.100497;extension;0;;Moving to rest position;
8f4cdfd9-c6a5-4abe-9c92-0d36fb7e13b7;2025-05-09 12:29:29.4738;2608;None;;;;0.2637708;0.8200381;0.1004124;extension;0;;Moving to rest position;
8f4cdfd9-c6a5-4abe-9c92-0d36fb7e13b7;2025-05-09 12:29:29.4848;2609;None;;;;0.2636417;0.8199006;0.1004641;extension;0;;Moving to rest position;
8f4cdfd9-c6a5-4abe-9c92-0d36fb7e13b7;2025-05-09 12:29:29.4957;2610;None;;;;0.2635889;0.8198671;0.1006539;extension;0;;Moving to rest position;
8f4cdfd9-c6a5-4abe-9c92-0d36fb7e13b7;2025-05-09 12:29:29.5067;2611;None;;;;0.2633602;0.8197898;0.1010599;extension;0;;Moving to rest position;
8f4cdfd9-c6a5-4abe-9c92-0d36fb7e13b7;2025-05-09 12:29:29.5187;2612;None;;;;0.2634183;0.8196108;0.101186;extension;0;;Moving to rest position;
8f4cdfd9-c6a5-4abe-9c92-0d36fb7e13b7;2025-05-09 12:29:29.5286;2613;None;;;;0.2632511;0.8195533;0.1014414;extension;0;;Moving to rest position;
8f4cdfd9-c6a5-4abe-9c92-0d36fb7e13b7;2025-05-09 12:29:29.5406;2614;None;;;;0.2630299;0.8196084;0.1018527;extension;0;;Moving to rest position;
8f4cdfd9-c6a5-4abe-9c92-0d36fb7e13b7;2025-05-09 12:29:29.5521;2615;None;;;;0.2627787;0.8196856;0.1021187;extension;0;;Moving to rest position;
8f4cdfd9-c6a5-4abe-9c92-0d36fb7e13b7;2025-05-09 12:29:29.5631;2616;None;;;;0.2624754;0.8199499;0.1024139;extension;0;;Moving to rest position;
8f4cdfd9-c6a5-4abe-9c92-0d36fb7e13b7;2025-05-09 12:29:29.5740;2617;None;;;;0.2622657;0.8202176;0.1024837;extension;0;;Moving to rest position;
8f4cdfd9-c6a5-4abe-9c92-0d36fb7e13b7;2025-05-09 12:29:29.5850;2618;None;;;;0.2618233;0.8206152;0.1027563;extension;0;;Moving to rest position;
8f4cdfd9-c6a5-4abe-9c92-0d36fb7e13b7;2025-05-09 12:29:29.5960;2619;None;;;;0.2615539;0.8210275;0.1029117;extension;0;;Moving to rest position;
8f4cdfd9-c6a5-4abe-9c92-0d36fb7e13b7;2025-05-09 12:29:29.6079;2620;None;;;;0.2612833;0.8214196;0.1029932;extension;0;;Moving to rest position;
8f4cdfd9-c6a5-4abe-9c92-0d36fb7e13b7;2025-05-09 12:29:29.6179;2621;None;;;;0.2611218;0.8218619;0.1030779;extension;0;;Moving to rest position;
8f4cdfd9-c6a5-4abe-9c92-0d36fb7e13b7;2025-05-09 12:29:29.6299;2622;None;;;;0.2609125;0.8221143;0.1030898;extension;0;;Moving to rest position;
8f4cdfd9-c6a5-4abe-9c92-0d36fb7e13b7;2025-05-09 12:29:29.6409;2623;None;;;;0.2607665;0.8223863;0.1029265;extension;0;;Moving to rest position;
8f4cdfd9-c6a5-4abe-9c92-0d36fb7e13b7;2025-05-09 12:29:29.6518;2624;None;;;;0.2608196;0.8223989;0.1024237;extension;0;;Moving to rest position;
8f4cdfd9-c6a5-4abe-9c92-0d36fb7e13b7;2025-05-09 12:29:29.6633;2625;None;;;;0.2611314;0.8225551;0.1020415;extension;0;;Moving to rest position;
8f4cdfd9-c6a5-4abe-9c92-0d36fb7e13b7;2025-05-09 12:29:29.6738;2626;None;;;;0.2614636;0.8227519;0.1021581;extension;0;;Moving to rest position;
8f4cdfd9-c6a5-4abe-9c92-0d36fb7e13b7;2025-05-09 12:29:29.6857;2627;None;;;;0.2619579;0.8231779;0.1018801;extension;0;;Moving to rest position;
8f4cdfd9-c6a5-4abe-9c92-0d36fb7e13b7;2025-05-09 12:29:29.6967;2628;None;;;;0.2626085;0.8238709;0.1016407;extension;0;;Moving to rest position;
8f4cdfd9-c6a5-4abe-9c92-0d36fb7e13b7;2025-05-09 12:29:29.7077;2629;None;;;;0.2633097;0.8246981;0.1016793;extension;0;;Moving to rest position;
8f4cdfd9-c6a5-4abe-9c92-0d36fb7e13b7;2025-05-09 12:29:29.7192;2630;None;;;;0.264074;0.8256575;0.1019351;extension;0;;Moving to rest position;
8f4cdfd9-c6a5-4abe-9c92-0d36fb7e13b7;2025-05-09 12:29:29.7307;2631;None;;;;0.264889;0.8267162;0.1020024;extension;0;;Moving to rest position;
8f4cdfd9-c6a5-4abe-9c92-0d36fb7e13b7;2025-05-09 12:29:29.7417;2632;None;;;;0.2658377;0.827836;0.1023536;extension;0;;Moving to rest position;
8f4cdfd9-c6a5-4abe-9c92-0d36fb7e13b7;2025-05-09 12:29:29.7532;2633;None;;;;0.2668593;0.8287121;0.1023498;extension;0;;Moving to rest position;
8f4cdfd9-c6a5-4abe-9c92-0d36fb7e13b7;2025-05-09 12:29:29.7642;2634;None;;;;0.2680953;0.8301249;0.1024599;extension;0;;Moving to rest position;
8f4cdfd9-c6a5-4abe-9c92-0d36fb7e13b7;2025-05-09 12:29:29.7751;2635;None;;;;0.2692668;0.8312705;0.102448;extension;0;;Moving to rest position;
8f4cdfd9-c6a5-4abe-9c92-0d36fb7e13b7;2025-05-09 12:29:29.7861;2636;None;;;;0.2708708;0.8323832;0.102525;extension;0;;Moving to rest position;
8f4cdfd9-c6a5-4abe-9c92-0d36fb7e13b7;2025-05-09 12:29:29.7971;2637;None;;;;0.2721593;0.8331558;0.1028593;extension;0;;Moving to rest position;
8f4cdfd9-c6a5-4abe-9c92-0d36fb7e13b7;2025-05-09 12:29:29.8080;2638;None;;;;0.2732873;0.8340746;0.1030142;extension;0;;Moving to rest position;
8f4cdfd9-c6a5-4abe-9c92-0d36fb7e13b7;2025-05-09 12:29:29.8200;2639;None;;;;0.2745304;0.8345913;0.1030426;extension;0;;Moving to rest position;
8f4cdfd9-c6a5-4abe-9c92-0d36fb7e13b7;2025-05-09 12:29:29.8310;2640;None;;;;0.2752197;0.8352543;0.1029539;extension;0;;Moving to rest position;
8f4cdfd9-c6a5-4abe-9c92-0d36fb7e13b7;2025-05-09 12:29:29.8420;2641;None;;;;0.2757293;0.8357855;0.1029944;extension;0;;Moving to rest position;
8f4cdfd9-c6a5-4abe-9c92-0d36fb7e13b7;2025-05-09 12:29:29.8529;2642;None;;;;0.2762023;0.8356951;0.1027346;extension;0;;Moving to rest position;
8f4cdfd9-c6a5-4abe-9c92-0d36fb7e13b7;2025-05-09 12:29:29.8639;2643;None;;;;0.2759997;0.8354423;0.1018028;extension;0;;Moving to rest position;
8f4cdfd9-c6a5-4abe-9c92-0d36fb7e13b7;2025-05-09 12:29:29.8749;2644;None;;;;0.2751539;0.8350495;0.1006703;extension;0;;Moving to rest position;
8f4cdfd9-c6a5-4abe-9c92-0d36fb7e13b7;2025-05-09 12:29:29.8859;2645;None;;;;0.2746207;0.8339881;0.09884048;extension;0;;Moving to rest position;
8f4cdfd9-c6a5-4abe-9c92-0d36fb7e13b7;2025-05-09 12:29:29.8978;2646;None;;;;0.2728288;0.8331937;0.0967536;extension;0;;Moving to rest position;
8f4cdfd9-c6a5-4abe-9c92-0d36fb7e13b7;2025-05-09 12:29:29.9088;2647;None;;;;0.2709215;0.832177;0.09531331;extension;0;;Moving to rest position;
8f4cdfd9-c6a5-4abe-9c92-0d36fb7e13b7;2025-05-09 12:29:29.9198;2648;None;;;;0.2696298;0.8304678;0.09354186;extension;0;;Moving to rest position;
8f4cdfd9-c6a5-4abe-9c92-0d36fb7e13b7;2025-05-09 12:29:29.9307;2649;None;;;;0.266144;0.8285962;0.09252262;extension;0;;Moving to rest position;
8f4cdfd9-c6a5-4abe-9c92-0d36fb7e13b7;2025-05-09 12:29:29.9427;2650;None;;;;0.2629888;0.8265812;0.09208059;extension;0;;Moving to rest position;
8f4cdfd9-c6a5-4abe-9c92-0d36fb7e13b7;2025-05-09 12:29:29.9537;2651;None;;;;0.2605828;0.8239139;0.09131479;extension;0;;Moving to rest position;
8f4cdfd9-c6a5-4abe-9c92-0d36fb7e13b7;2025-05-09 12:29:29.9646;2652;None;;;;0.2583333;0.8217516;0.09098697;extension;0;;Moving to rest position;
8f4cdfd9-c6a5-4abe-9c92-0d36fb7e13b7;2025-05-09 12:29:29.9756;2653;None;;;;0.2570393;0.8195714;0.09109497;extension;0;;Moving to rest position;
8f4cdfd9-c6a5-4abe-9c92-0d36fb7e13b7;2025-05-09 12:29:29.9876;2654;None;;;;0.255512;0.8186194;0.09149885;extension;0;;Moving to rest position;
8f4cdfd9-c6a5-4abe-9c92-0d36fb7e13b7;2025-05-09 12:29:29.9986;2655;None;;;;0.2558499;0.8179258;0.09084702;extension;0;;Moving to rest position;
8f4cdfd9-c6a5-4abe-9c92-0d36fb7e13b7;2025-05-09 12:29:30.0095;2656;None;;;;0.2563676;0.8172437;0.09008479;extension;0;;Moving to rest position;
8f4cdfd9-c6a5-4abe-9c92-0d36fb7e13b7;2025-05-09 12:29:30.0205;2657;None;;;;0.2561885;0.8184109;0.08992743;extension;0;;Moving to rest position;
8f4cdfd9-c6a5-4abe-9c92-0d36fb7e13b7;2025-05-09 12:29:30.0315;2658;None;;;;0.2578095;0.8185816;0.09087682;extension;0;;Moving to rest position;
8f4cdfd9-c6a5-4abe-9c92-0d36fb7e13b7;2025-05-09 12:29:30.0424;2659;None;;;;0.2593455;0.8188894;0.09104061;extension;0;;Moving to rest position;
8f4cdfd9-c6a5-4abe-9c92-0d36fb7e13b7;2025-05-09 12:29:30.0534;2660;None;;;;0.2598063;0.8197719;0.09170413;extension;0;;Moving to rest position;
8f4cdfd9-c6a5-4abe-9c92-0d36fb7e13b7;2025-05-09 12:29:30.0654;2661;None;;;;0.2607959;0.8194908;0.09357071;extension;0;;Moving to rest position;
8f4cdfd9-c6a5-4abe-9c92-0d36fb7e13b7;2025-05-09 12:29:30.0763;2662;None;;;;0.2616394;0.8194543;0.09459758;extension;0;;Moving to rest position;
8f4cdfd9-c6a5-4abe-9c92-0d36fb7e13b7;2025-05-09 12:29:30.0873;2663;None;;;;0.2615308;0.8190175;0.09530425;extension;0;;Moving to rest position;
8f4cdfd9-c6a5-4abe-9c92-0d36fb7e13b7;2025-05-09 12:29:30.0993;2664;None;;;;0.2612144;0.8181319;0.096416;extension;0;;Moving to rest position;
8f4cdfd9-c6a5-4abe-9c92-0d36fb7e13b7;2025-05-09 12:29:30.1103;2665;None;;;;0.2609152;0.8172824;0.09697533;extension;0;;Moving to rest position;
8f4cdfd9-c6a5-4abe-9c92-0d36fb7e13b7;2025-05-09 12:29:30.1212;2666;None;;;;0.2602497;0.8161533;0.09744787;extension;0;;Moving to rest position;
8f4cdfd9-c6a5-4abe-9c92-0d36fb7e13b7;2025-05-09 12:29:30.1322;2667;None;;;;0.2590899;0.8150678;0.09663248;extension;0;;Moving to rest position;
8f4cdfd9-c6a5-4abe-9c92-0d36fb7e13b7;2025-05-09 12:29:30.1432;2668;None;;;;0.2577372;0.813781;0.09600472;extension;0;;Moving to rest position;
8f4cdfd9-c6a5-4abe-9c92-0d36fb7e13b7;2025-05-09 12:29:30.1542;2669;None;;;;0.2571658;0.8128067;0.09586811;extension;0;;Moving to rest position;
8f4cdfd9-c6a5-4abe-9c92-0d36fb7e13b7;2025-05-09 12:29:30.1661;2670;None;;;;0.2561049;0.8122529;0.09490538;extension;0;;Moving to rest position;
8f4cdfd9-c6a5-4abe-9c92-0d36fb7e13b7;2025-05-09 12:29:30.1771;2671;None;;;;0.2551118;0.8114465;0.09471583;extension;0;;Moving to rest position;
8f4cdfd9-c6a5-4abe-9c92-0d36fb7e13b7;2025-05-09 12:29:30.1891;2672;None;;;;0.2552446;0.8108101;0.09487295;extension;0;;Moving to rest position;
8f4cdfd9-c6a5-4abe-9c92-0d36fb7e13b7;2025-05-09 12:29:30.1991;2673;None;;;;0.2547359;0.8105946;0.09501863;extension;0;;Moving to rest position;
8f4cdfd9-c6a5-4abe-9c92-0d36fb7e13b7;2025-05-09 12:29:30.2106;2674;None;;;;0.2545449;0.8104966;0.09541702;extension;0;;Moving to rest position;
8f4cdfd9-c6a5-4abe-9c92-0d36fb7e13b7;2025-05-09 12:29:30.2215;2675;None;;;;0.2545291;0.8106356;0.09594774;extension;0;;Moving to rest position;
8f4cdfd9-c6a5-4abe-9c92-0d36fb7e13b7;2025-05-09 12:29:30.2325;2676;None;;;;0.2548056;0.8107827;0.09668541;extension;0;;Moving to rest position;
8f4cdfd9-c6a5-4abe-9c92-0d36fb7e13b7;2025-05-09 12:29:30.2435;2677;None;;;;0.2553638;0.8111347;0.0969789;extension;0;;Moving to rest position;
8f4cdfd9-c6a5-4abe-9c92-0d36fb7e13b7;2025-05-09 12:29:30.2544;2678;None;;;;0.2552722;0.811753;0.09750271;extension;0;;Moving to rest position;
8f4cdfd9-c6a5-4abe-9c92-0d36fb7e13b7;2025-05-09 12:29:30.2664;2679;None;;;;0.2560449;0.8118401;0.09789824;extension;0;;Moving to rest position;
8f4cdfd9-c6a5-4abe-9c92-0d36fb7e13b7;2025-05-09 12:29:30.2774;2680;None;;;;0.2565161;0.8119814;0.09812737;extension;0;;Moving to rest position;
8f4cdfd9-c6a5-4abe-9c92-0d36fb7e13b7;2025-05-09 12:29:30.2884;2681;None;;;;0.2566043;0.8121562;0.09841251;extension;0;;Moving to rest position;
8f4cdfd9-c6a5-4abe-9c92-0d36fb7e13b7;2025-05-09 12:29:30.3003;2682;None;;;;0.2568825;0.8118811;0.09851646;extension;0;;Moving to rest position;
8f4cdfd9-c6a5-4abe-9c92-0d36fb7e13b7;2025-05-09 12:29:30.3113;2683;None;;;;0.2570162;0.8116797;0.09862542;extension;0;;Moving to rest position;
8f4cdfd9-c6a5-4abe-9c92-0d36fb7e13b7;2025-05-09 12:29:30.3223;2684;None;;;;0.2567728;0.8111953;0.09862137;extension;0;;Moving to rest position;
8f4cdfd9-c6a5-4abe-9c92-0d36fb7e13b7;2025-05-09 12:29:30.3332;2685;None;;;;0.2565846;0.8106447;0.09827709;extension;0;;Moving to rest position;
8f4cdfd9-c6a5-4abe-9c92-0d36fb7e13b7;2025-05-09 12:29:30.3452;2686;None;;;;0.2562611;0.8098412;0.09799266;extension;0;;Moving to rest position;
8f4cdfd9-c6a5-4abe-9c92-0d36fb7e13b7;2025-05-09 12:29:30.3572;2687;None;;;;0.2561648;0.8089808;0.09800363;extension;0;;Moving to rest position;
8f4cdfd9-c6a5-4abe-9c92-0d36fb7e13b7;2025-05-09 12:29:30.3671;2688;None;;;;0.2558964;0.8081875;0.0978334;extension;0;;Moving to rest position;
8f4cdfd9-c6a5-4abe-9c92-0d36fb7e13b7;2025-05-09 12:29:30.3781;2689;None;;;;0.2555673;0.8072879;0.09756422;extension;0;;Moving to rest position;
8f4cdfd9-c6a5-4abe-9c92-0d36fb7e13b7;2025-05-09 12:29:30.3891;2690;None;;;;0.2556037;0.8062596;0.09724855;extension;0;;Moving to rest position;
8f4cdfd9-c6a5-4abe-9c92-0d36fb7e13b7;2025-05-09 12:29:30.4010;2691;None;;;;0.2554089;0.8056504;0.09685302;extension;0;;Moving to rest position;
8f4cdfd9-c6a5-4abe-9c92-0d36fb7e13b7;2025-05-09 12:29:30.4120;2692;None;;;;0.2552792;0.8048688;0.09667706;extension;0;;Moving to rest position;
8f4cdfd9-c6a5-4abe-9c92-0d36fb7e13b7;2025-05-09 12:29:30.4220;2693;None;;;;0.2554245;0.8041168;0.09648633;extension;0;;Moving to rest position;
8f4cdfd9-c6a5-4abe-9c92-0d36fb7e13b7;2025-05-09 12:29:30.4340;2694;None;;;;0.2554331;0.8036658;0.09634924;extension;0;;Moving to rest position;
8f4cdfd9-c6a5-4abe-9c92-0d36fb7e13b7;2025-05-09 12:29:30.4449;2695;None;;;;0.2554462;0.8031485;0.09627318;extension;0;;Moving to rest position;
8f4cdfd9-c6a5-4abe-9c92-0d36fb7e13b7;2025-05-09 12:29:30.4564;2696;None;;;;0.2552342;0.8029323;0.09641767;extension;0;;Moving to rest position;
8f4cdfd9-c6a5-4abe-9c92-0d36fb7e13b7;2025-05-09 12:29:30.4674;2697;None;;;;0.2553596;0.8023961;0.0964911;extension;0;;Moving to rest position;
8f4cdfd9-c6a5-4abe-9c92-0d36fb7e13b7;2025-05-09 12:29:30.4784;2698;None;;;;0.255439;0.8021066;0.09655309;extension;0;;Moving to rest position;
8f4cdfd9-c6a5-4abe-9c92-0d36fb7e13b7;2025-05-09 12:29:30.4893;2699;None;;;;0.2554716;0.8019633;0.09661889;extension;0;;Moving to rest position;
8f4cdfd9-c6a5-4abe-9c92-0d36fb7e13b7;2025-05-09 12:29:30.5013;2700;None;;;;0.2555883;0.8017635;0.09658718;extension;0;;Moving to rest position;
8f4cdfd9-c6a5-4abe-9c92-0d36fb7e13b7;2025-05-09 12:29:30.5123;2701;None;;;;0.2556202;0.8018188;0.09663796;extension;0;;Moving to rest position;
8f4cdfd9-c6a5-4abe-9c92-0d36fb7e13b7;2025-05-09 12:29:30.5232;2702;None;;;;0.2555537;0.8020701;0.09687829;extension;0;;Moving to rest position;
8f4cdfd9-c6a5-4abe-9c92-0d36fb7e13b7;2025-05-09 12:29:30.5342;2703;None;;;;0.2554861;0.8018395;0.09707594;extension;0;;Moving to rest position;
8f4cdfd9-c6a5-4abe-9c92-0d36fb7e13b7;2025-05-09 12:29:30.5452;2704;None;;;;0.2554022;0.8019408;0.09712386;extension;0;;Moving to rest position;
8f4cdfd9-c6a5-4abe-9c92-0d36fb7e13b7;2025-05-09 12:29:30.5567;2705;None;;;;0.2551296;0.8023773;0.09738374;extension;0;;Moving to rest position;
8f4cdfd9-c6a5-4abe-9c92-0d36fb7e13b7;2025-05-09 12:29:30.5681;2706;None;;;;0.2549467;0.802559;0.09767771;extension;0;;Moving to rest position;
8f4cdfd9-c6a5-4abe-9c92-0d36fb7e13b7;2025-05-09 12:29:30.5791;2707;None;;;;0.2547821;0.8028983;0.09778023;extension;0;;Moving to rest position;
8f4cdfd9-c6a5-4abe-9c92-0d36fb7e13b7;2025-05-09 12:29:30.5901;2708;None;;;;0.2545142;0.803492;0.09814405;extension;0;;Moving to rest position;
8f4cdfd9-c6a5-4abe-9c92-0d36fb7e13b7;2025-05-09 12:29:30.6020;2709;None;;;;0.254468;0.8037322;0.09803486;extension;0;;Moving to rest position;
8f4cdfd9-c6a5-4abe-9c92-0d36fb7e13b7;2025-05-09 12:29:30.6120;2710;None;;;;0.2544104;0.8041683;0.09807086;extension;0;;Moving to rest position;
8f4cdfd9-c6a5-4abe-9c92-0d36fb7e13b7;2025-05-09 12:29:30.6240;2711;None;;;;0.2543368;0.8047861;0.09833884;extension;0;;Moving to rest position;
8f4cdfd9-c6a5-4abe-9c92-0d36fb7e13b7;2025-05-09 12:29:30.6349;2712;None;;;;0.254337;0.8051046;0.09830093;extension;0;;Moving to rest position;
8f4cdfd9-c6a5-4abe-9c92-0d36fb7e13b7;2025-05-09 12:29:30.6459;2713;None;;;;0.2542977;0.8055246;0.09830046;extension;0;;Moving to rest position;
8f4cdfd9-c6a5-4abe-9c92-0d36fb7e13b7;2025-05-09 12:29:30.6609;2714;None;;;;0.2544565;0.8057249;0.09803534;extension;0;;Moving to rest position;
8f4cdfd9-c6a5-4abe-9c92-0d36fb7e13b7;2025-05-09 12:29:30.6679;2715;None;;;;0.2544721;0.8060735;0.09806776;extension;0;;Moving to rest position;
8f4cdfd9-c6a5-4abe-9c92-0d36fb7e13b7;2025-05-09 12:29:30.6798;2716;None;;;;0.2545052;0.8064063;0.09814239;extension;0;;Moving to rest position;
8f4cdfd9-c6a5-4abe-9c92-0d36fb7e13b7;2025-05-09 12:29:30.6908;2717;None;;;;0.2547553;0.8066345;0.09814954;extension;0;;Moving to rest position;
8f4cdfd9-c6a5-4abe-9c92-0d36fb7e13b7;2025-05-09 12:29:30.7018;2718;None;;;;0.2548361;0.8070238;0.09841871;extension;0;;Moving to rest position;
8f4cdfd9-c6a5-4abe-9c92-0d36fb7e13b7;2025-05-09 12:29:30.7127;2719;None;;;;0.2549372;0.8074608;0.09867096;extension;0;;Moving to rest position;
8f4cdfd9-c6a5-4abe-9c92-0d36fb7e13b7;2025-05-09 12:29:30.7237;2720;None;;;;0.2550664;0.808082;0.09908843;extension;0;;Moving to rest position;
8f4cdfd9-c6a5-4abe-9c92-0d36fb7e13b7;2025-05-09 12:29:30.7357;2721;None;;;;0.255133;0.8089514;0.09928131;extension;0;;Moving to rest position;
8f4cdfd9-c6a5-4abe-9c92-0d36fb7e13b7;2025-05-09 12:29:30.7466;2722;None;;;;0.255192;0.8096691;0.09965301;extension;0;;Moving to rest position;
8f4cdfd9-c6a5-4abe-9c92-0d36fb7e13b7;2025-05-09 12:29:30.7581;2723;None;;;;0.2553297;0.8106257;0.1003232;extension;0;;Moving to rest position;
8f4cdfd9-c6a5-4abe-9c92-0d36fb7e13b7;2025-05-09 12:29:30.7686;2724;None;;;;0.255563;0.8113666;0.1005471;extension;0;;Moving to rest position;
8f4cdfd9-c6a5-4abe-9c92-0d36fb7e13b7;2025-05-09 12:29:30.7796;2725;None;;;;0.2559353;0.8119867;0.1011076;extension;0;;Moving to rest position;
8f4cdfd9-c6a5-4abe-9c92-0d36fb7e13b7;2025-05-09 12:29:30.7915;2726;None;;;;0.2563608;0.8124696;0.1016676;extension;0;;Moving to rest position;
8f4cdfd9-c6a5-4abe-9c92-0d36fb7e13b7;2025-05-09 12:29:30.8025;2727;None;;;;0.2569259;0.8126879;0.1022041;extension;0;;Moving to rest position;
8f4cdfd9-c6a5-4abe-9c92-0d36fb7e13b7;2025-05-09 12:29:30.8135;2728;None;;;;0.2575791;0.8129177;0.1028063;extension;0;;Moving to rest position;
8f4cdfd9-c6a5-4abe-9c92-0d36fb7e13b7;2025-05-09 12:29:30.8250;2729;None;;;;0.2579772;0.8127669;0.103224;extension;0;;Moving to rest position;
8f4cdfd9-c6a5-4abe-9c92-0d36fb7e13b7;2025-05-09 12:29:30.8399;2730;None;;;;0.2582927;0.8126807;0.1037982;extension;0;;Moving to rest position;
8f4cdfd9-c6a5-4abe-9c92-0d36fb7e13b7;2025-05-09 12:29:30.8469;2731;None;;;;0.2582778;0.8123852;0.1043737;extension;0;;Moving to rest position;
8f4cdfd9-c6a5-4abe-9c92-0d36fb7e13b7;2025-05-09 12:29:30.8584;2732;None;;;;0.2580628;0.8118659;0.1048;extension;0;;Moving to rest position;
8f4cdfd9-c6a5-4abe-9c92-0d36fb7e13b7;2025-05-09 12:29:30.8689;2733;None;;;;0.2578593;0.8114491;0.1052177;extension;0;;Moving to rest position;
8f4cdfd9-c6a5-4abe-9c92-0d36fb7e13b7;2025-05-09 12:29:30.8808;2734;None;;;;0.2574033;0.810761;0.1055706;extension;0;;Moving to rest position;
8f4cdfd9-c6a5-4abe-9c92-0d36fb7e13b7;2025-05-09 12:29:30.8918;2735;None;;;;0.2569272;0.8100469;0.105931;extension;0;;Moving to rest position;
8f4cdfd9-c6a5-4abe-9c92-0d36fb7e13b7;2025-05-09 12:29:30.9028;2736;None;;;;0.2565968;0.8094444;0.1056843;extension;0;;Moving to rest position;
8f4cdfd9-c6a5-4abe-9c92-0d36fb7e13b7;2025-05-09 12:29:30.9137;2737;None;;;;0.2560994;0.8084555;0.1057365;extension;0;;Moving to rest position;
8f4cdfd9-c6a5-4abe-9c92-0d36fb7e13b7;2025-05-09 12:29:30.9257;2738;None;;;;0.2557567;0.8072348;0.1056566;extension;0;;Moving to rest position;
8f4cdfd9-c6a5-4abe-9c92-0d36fb7e13b7;2025-05-09 12:29:30.9367;2739;None;;;;0.2552629;0.8064499;0.1056366;extension;0;;Moving to rest position;
8f4cdfd9-c6a5-4abe-9c92-0d36fb7e13b7;2025-05-09 12:29:30.9476;2740;None;;;;0.2547629;0.8053454;0.1056159;extension;0;;Moving to rest position;
8f4cdfd9-c6a5-4abe-9c92-0d36fb7e13b7;2025-05-09 12:29:30.9591;2741;None;;;;0.2543349;0.8043559;0.1057456;extension;0;;Moving to rest position;
8f4cdfd9-c6a5-4abe-9c92-0d36fb7e13b7;2025-05-09 12:29:30.9701;2742;None;;;;0.2539006;0.8031603;0.1059465;extension;0;;Moving to rest position;
8f4cdfd9-c6a5-4abe-9c92-0d36fb7e13b7;2025-05-09 12:29:30.9811;2743;None;;;;0.2535862;0.8021044;0.1058815;extension;0;;Moving to rest position;
8f4cdfd9-c6a5-4abe-9c92-0d36fb7e13b7;2025-05-09 12:29:30.9920;2744;None;;;;0.2532966;0.800956;0.1056478;extension;0;;Moving to rest position;
8f4cdfd9-c6a5-4abe-9c92-0d36fb7e13b7;2025-05-09 12:29:31.0030;2745;None;;;;0.252941;0.7999978;0.1057482;extension;0;;Moving to rest position;
8f4cdfd9-c6a5-4abe-9c92-0d36fb7e13b7;2025-05-09 12:29:31.0150;2746;None;;;;0.2526191;0.7990046;0.105577;extension;0;;Moving to rest position;
8f4cdfd9-c6a5-4abe-9c92-0d36fb7e13b7;2025-05-09 12:29:31.0260;2747;None;;;;0.2524149;0.7980498;0.1054144;extension;0;;Moving to rest position;
8f4cdfd9-c6a5-4abe-9c92-0d36fb7e13b7;2025-05-09 12:29:31.0369;2748;None;;;;0.2520779;0.7970893;0.1054358;extension;0;;Moving to rest position;
8f4cdfd9-c6a5-4abe-9c92-0d36fb7e13b7;2025-05-09 12:29:31.0479;2749;None;;;;0.2518586;0.7963212;0.1051121;extension;0;;Moving to rest position;
8f4cdfd9-c6a5-4abe-9c92-0d36fb7e13b7;2025-05-09 12:29:31.0589;2750;None;;;;0.2516088;0.7953489;0.1042924;extension;0;;Moving to rest position;
8f4cdfd9-c6a5-4abe-9c92-0d36fb7e13b7;2025-05-09 12:29:31.0708;2751;None;;;;0.2516157;0.7944573;0.1033411;extension;0;;Moving to rest position;
8f4cdfd9-c6a5-4abe-9c92-0d36fb7e13b7;2025-05-09 12:29:31.0818;2752;None;;;;0.2516118;0.7941167;0.1028438;extension;0;;Moving to rest position;
8f4cdfd9-c6a5-4abe-9c92-0d36fb7e13b7;2025-05-09 12:29:31.0928;2753;None;;;;0.2515862;0.7937485;0.1022084;extension;0;;Moving to rest position;
8f4cdfd9-c6a5-4abe-9c92-0d36fb7e13b7;2025-05-09 12:29:31.1037;2754;None;;;;0.2517208;0.7933486;0.1015801;extension;0;;Moving to rest position;
8f4cdfd9-c6a5-4abe-9c92-0d36fb7e13b7;2025-05-09 12:29:31.1157;2755;None;;;;0.2518748;0.7931836;0.1011674;extension;0;;Moving to rest position;
8f4cdfd9-c6a5-4abe-9c92-0d36fb7e13b7;2025-05-09 12:29:31.1267;2756;None;;;;0.2520098;0.7931825;0.100827;extension;0;;Moving to rest position;
8f4cdfd9-c6a5-4abe-9c92-0d36fb7e13b7;2025-05-09 12:29:31.1373;2757;None;;;;0.2521534;0.7929461;0.1003678;extension;0;;Moving to rest position;
8f4cdfd9-c6a5-4abe-9c92-0d36fb7e13b7;2025-05-09 12:29:31.1493;2758;None;;;;0.2522383;0.7930568;0.1001048;extension;0;;Moving to rest position;
8f4cdfd9-c6a5-4abe-9c92-0d36fb7e13b7;2025-05-09 12:29:31.1603;2759;None;;;;0.2518158;0.7935243;0.1000867;extension;0;;Moving to rest position;
8f4cdfd9-c6a5-4abe-9c92-0d36fb7e13b7;2025-05-09 12:29:31.1712;2760;None;;;;0.251834;0.7935146;0.09978318;extension;0;;Moving to rest position;
8f4cdfd9-c6a5-4abe-9c92-0d36fb7e13b7;2025-05-09 12:29:31.1832;2761;None;;;;0.2516887;0.7939438;0.09972;extension;0;;Moving to rest position;
8f4cdfd9-c6a5-4abe-9c92-0d36fb7e13b7;2025-05-09 12:29:31.1932;2762;None;;;;0.2515648;0.7945799;0.09969449;extension;0;;Moving to rest position;
8f4cdfd9-c6a5-4abe-9c92-0d36fb7e13b7;2025-05-09 12:29:31.2042;2763;None;;;;0.2515117;0.7949808;0.09960246;extension;0;;Moving to rest position;
8f4cdfd9-c6a5-4abe-9c92-0d36fb7e13b7;2025-05-09 12:29:31.2161;2764;None;;;;0.2516124;0.7961237;0.09995699;extension;0;;Moving to rest position;
8f4cdfd9-c6a5-4abe-9c92-0d36fb7e13b7;2025-05-09 12:29:31.2271;2765;None;;;;0.2515353;0.7972912;0.1001863;extension;0;;Moving to rest position;
8f4cdfd9-c6a5-4abe-9c92-0d36fb7e13b7;2025-05-09 12:29:31.2381;2766;None;;;;0.2515345;0.7981499;0.1002243;extension;0;;Moving to rest position;
8f4cdfd9-c6a5-4abe-9c92-0d36fb7e13b7;2025-05-09 12:29:31.2490;2767;None;;;;0.2514665;0.7997403;0.1007507;extension;0;;Moving to rest position;
8f4cdfd9-c6a5-4abe-9c92-0d36fb7e13b7;2025-05-09 12:29:31.2600;2768;None;;;;0.251252;0.801411;0.1014252;extension;0;;Moving to rest position;
8f4cdfd9-c6a5-4abe-9c92-0d36fb7e13b7;2025-05-09 12:29:31.2710;2769;None;;;;0.2513442;0.8025653;0.1017187;extension;0;;Moving to rest position;
8f4cdfd9-c6a5-4abe-9c92-0d36fb7e13b7;2025-05-09 12:29:31.2829;2770;None;;;;0.2515141;0.8041656;0.1023881;extension;0;;Moving to rest position;
8f4cdfd9-c6a5-4abe-9c92-0d36fb7e13b7;2025-05-09 12:29:31.2939;2771;None;;;;0.2518684;0.8059058;0.1031079;extension;0;;Moving to rest position;
8f4cdfd9-c6a5-4abe-9c92-0d36fb7e13b7;2025-05-09 12:29:31.3049;2772;None;;;;0.2522563;0.8073822;0.1032009;extension;0;;Moving to rest position;
8f4cdfd9-c6a5-4abe-9c92-0d36fb7e13b7;2025-05-09 12:29:31.3171;2773;None;;;;0.2526247;0.8090874;0.103729;extension;0;;Moving to rest position;
8f4cdfd9-c6a5-4abe-9c92-0d36fb7e13b7;2025-05-09 12:29:31.3278;2774;None;;;;0.2526689;0.8109592;0.1044576;extension;0;;Moving to rest position;
8f4cdfd9-c6a5-4abe-9c92-0d36fb7e13b7;2025-05-09 12:29:31.3388;2775;None;;;;0.2530513;0.8123599;0.1048524;extension;0;;Moving to rest position;
8f4cdfd9-c6a5-4abe-9c92-0d36fb7e13b7;2025-05-09 12:29:31.3508;2776;None;;;;0.2534228;0.8136811;0.1052191;extension;0;;Moving to rest position;
8f4cdfd9-c6a5-4abe-9c92-0d36fb7e13b7;2025-05-09 12:29:31.3608;2777;None;;;;0.25366;0.8151531;0.1058588;extension;0;;Moving to rest position;
8f4cdfd9-c6a5-4abe-9c92-0d36fb7e13b7;2025-05-09 12:29:31.3727;2778;None;;;;0.2541205;0.8161886;0.1062276;extension;0;;Moving to rest position;
8f4cdfd9-c6a5-4abe-9c92-0d36fb7e13b7;2025-05-09 12:29:31.3837;2779;None;;;;0.2546862;0.8170204;0.1064734;extension;0;;Moving to rest position;
8f4cdfd9-c6a5-4abe-9c92-0d36fb7e13b7;2025-05-09 12:29:31.3952;2780;None;;;;0.2554604;0.8183004;0.1069052;extension;0;;Moving to rest position;
8f4cdfd9-c6a5-4abe-9c92-0d36fb7e13b7;2025-05-09 12:29:31.4062;2781;None;;;;0.2561767;0.8189194;0.1070263;extension;0;;Moving to rest position;
8f4cdfd9-c6a5-4abe-9c92-0d36fb7e13b7;2025-05-09 12:29:31.4171;2782;None;;;;0.2570152;0.8196751;0.1073687;extension;0;;Moving to rest position;
8f4cdfd9-c6a5-4abe-9c92-0d36fb7e13b7;2025-05-09 12:29:31.4287;2783;None;;;;0.257773;0.8200109;0.1074076;extension;0;;Moving to rest position;
8f4cdfd9-c6a5-4abe-9c92-0d36fb7e13b7;2025-05-09 12:29:31.4396;2784;None;;;;0.2585069;0.820448;0.1073463;extension;0;;Moving to rest position;
8f4cdfd9-c6a5-4abe-9c92-0d36fb7e13b7;2025-05-09 12:29:31.4506;2785;None;;;;0.2593465;0.8207964;0.1076531;extension;0;;Moving to rest position;
8f4cdfd9-c6a5-4abe-9c92-0d36fb7e13b7;2025-05-09 12:29:31.4616;2786;None;;;;0.2601255;0.8209376;0.1077619;extension;0;;Moving to rest position;
8f4cdfd9-c6a5-4abe-9c92-0d36fb7e13b7;2025-05-09 12:29:31.4726;2787;None;;;;0.2609722;0.8212221;0.1076548;extension;0;;Moving to rest position;
8f4cdfd9-c6a5-4abe-9c92-0d36fb7e13b7;2025-05-09 12:29:31.4845;2788;None;;;;0.2616679;0.8212421;0.1075172;extension;0;;Moving to rest position;
8f4cdfd9-c6a5-4abe-9c92-0d36fb7e13b7;2025-05-09 12:29:31.4945;2789;None;;;;0.2625512;0.8214228;0.1072965;extension;0;;Moving to rest position;
8f4cdfd9-c6a5-4abe-9c92-0d36fb7e13b7;2025-05-09 12:29:31.5065;2790;None;;;;0.2633575;0.8215104;0.1071944;extension;0;;Moving to rest position;
8f4cdfd9-c6a5-4abe-9c92-0d36fb7e13b7;2025-05-09 12:29:31.5174;2791;None;;;;0.2644647;0.821672;0.1072435;extension;0;;Moving to rest position;
8f4cdfd9-c6a5-4abe-9c92-0d36fb7e13b7;2025-05-09 12:29:31.5284;2792;None;;;;0.2652509;0.8217542;0.1069937;extension;0;;Moving to rest position;
8f4cdfd9-c6a5-4abe-9c92-0d36fb7e13b7;2025-05-09 12:29:31.5394;2793;None;;;;0.2659385;0.8219174;0.1070895;extension;0;;Moving to rest position;
8f4cdfd9-c6a5-4abe-9c92-0d36fb7e13b7;2025-05-09 12:29:31.5513;2794;None;;;;0.2668684;0.8220857;0.1072173;extension;0;;Moving to rest position;
8f4cdfd9-c6a5-4abe-9c92-0d36fb7e13b7;2025-05-09 12:29:31.5623;2795;None;;;;0.2674909;0.8222364;0.1072159;extension;0;;Moving to rest position;
8f4cdfd9-c6a5-4abe-9c92-0d36fb7e13b7;2025-05-09 12:29:31.5733;2796;None;;;;0.2679896;0.8223506;0.1071825;extension;0;;Moving to rest position;
8f4cdfd9-c6a5-4abe-9c92-0d36fb7e13b7;2025-05-09 12:29:31.5853;2797;None;;;;0.268595;0.8223203;0.1069655;extension;0;;Moving to rest position;
8f4cdfd9-c6a5-4abe-9c92-0d36fb7e13b7;2025-05-09 12:29:31.5952;2798;None;;;;0.2689416;0.8221004;0.1071064;extension;0;;Moving to rest position;
8f4cdfd9-c6a5-4abe-9c92-0d36fb7e13b7;2025-05-09 12:29:31.6072;2799;None;;;;0.2692649;0.8222079;0.1069503;extension;0;;Moving to rest position;
8f4cdfd9-c6a5-4abe-9c92-0d36fb7e13b7;2025-05-09 12:29:31.6182;2800;None;;;;0.2697229;0.8222327;0.1067998;extension;0;;Moving to rest position;
8f4cdfd9-c6a5-4abe-9c92-0d36fb7e13b7;2025-05-09 12:29:31.6291;2801;None;;;;0.2699864;0.8222179;0.1065729;extension;0;;Moving to rest position;
8f4cdfd9-c6a5-4abe-9c92-0d36fb7e13b7;2025-05-09 12:29:31.6401;2802;None;;;;0.2702189;0.8222706;0.1064;extension;0;;Moving to rest position;
8f4cdfd9-c6a5-4abe-9c92-0d36fb7e13b7;2025-05-09 12:29:31.6511;2803;None;;;;0.2705706;0.8222482;0.1061568;extension;0;;Moving to rest position;
8f4cdfd9-c6a5-4abe-9c92-0d36fb7e13b7;2025-05-09 12:29:31.6626;2804;None;;;;0.2709312;0.8223734;0.1056998;extension;0;;Moving to rest position;
8f4cdfd9-c6a5-4abe-9c92-0d36fb7e13b7;2025-05-09 12:29:31.6735;2805;None;;;;0.2712631;0.8224092;0.1054714;extension;0;;Moving to rest position;
8f4cdfd9-c6a5-4abe-9c92-0d36fb7e13b7;2025-05-09 12:29:31.6855;2806;None;;;;0.2718569;0.8222889;0.1051154;extension;0;;Moving to rest position;
8f4cdfd9-c6a5-4abe-9c92-0d36fb7e13b7;2025-05-09 12:29:31.6965;2807;None;;;;0.2722023;0.8221657;0.1048362;extension;0;;Moving to rest position;
8f4cdfd9-c6a5-4abe-9c92-0d36fb7e13b7;2025-05-09 12:29:31.7074;2808;None;;;;0.2725457;0.8220342;0.1045575;extension;0;;Moving to rest position;
8f4cdfd9-c6a5-4abe-9c92-0d36fb7e13b7;2025-05-09 12:29:31.7184;2809;None;;;;0.2729297;0.8219148;0.1043451;extension;0;;Moving to rest position;
8f4cdfd9-c6a5-4abe-9c92-0d36fb7e13b7;2025-05-09 12:29:31.7294;2810;None;;;;0.2732677;0.8216712;0.1041956;extension;0;;Moving to rest position;
8f4cdfd9-c6a5-4abe-9c92-0d36fb7e13b7;2025-05-09 12:29:31.7413;2811;None;;;;0.2735602;0.8214183;0.1041191;extension;0;;Moving to rest position;
8f4cdfd9-c6a5-4abe-9c92-0d36fb7e13b7;2025-05-09 12:29:31.7523;2812;None;;;;0.2736984;0.8211142;0.1038463;extension;0;;Moving to rest position;
8f4cdfd9-c6a5-4abe-9c92-0d36fb7e13b7;2025-05-09 12:29:31.7628;2813;None;;;;0.2738513;0.8208476;0.103662;extension;0;;Moving to rest position;
8f4cdfd9-c6a5-4abe-9c92-0d36fb7e13b7;2025-05-09 12:29:31.7738;2814;None;;;;0.2739177;0.8204956;0.1033514;extension;0;;Moving to rest position;
8f4cdfd9-c6a5-4abe-9c92-0d36fb7e13b7;2025-05-09 12:29:31.7857;2815;None;;;;0.2739258;0.8201537;0.102967;extension;0;;Moving to rest position;
8f4cdfd9-c6a5-4abe-9c92-0d36fb7e13b7;2025-05-09 12:29:31.7967;2816;None;;;;0.2737351;0.8197206;0.1023424;extension;0;;Moving to rest position;
8f4cdfd9-c6a5-4abe-9c92-0d36fb7e13b7;2025-05-09 12:29:31.8077;2817;None;;;;0.2735865;0.8193216;0.101985;extension;0;;Moving to rest position;
8f4cdfd9-c6a5-4abe-9c92-0d36fb7e13b7;2025-05-09 12:29:31.8186;2818;None;;;;0.2732131;0.818952;0.1017284;extension;0;;Moving to rest position;
8f4cdfd9-c6a5-4abe-9c92-0d36fb7e13b7;2025-05-09 12:29:31.8296;2819;None;;;;0.2731043;0.8185734;0.1013689;extension;0;;Moving to rest position;
8f4cdfd9-c6a5-4abe-9c92-0d36fb7e13b7;2025-05-09 12:29:31.8416;2820;None;;;;0.2729927;0.8181481;0.1009517;extension;0;;Moving to rest position;
8f4cdfd9-c6a5-4abe-9c92-0d36fb7e13b7;2025-05-09 12:29:31.8525;2821;None;;;;0.2727198;0.8177373;0.1002121;extension;0;;Moving to rest position;
8f4cdfd9-c6a5-4abe-9c92-0d36fb7e13b7;2025-05-09 12:29:31.8640;2822;None;;;;0.2725993;0.8175005;0.09946895;extension;0;;Moving to rest position;
8f4cdfd9-c6a5-4abe-9c92-0d36fb7e13b7;2025-05-09 12:29:31.8750;2823;None;;;;0.2724628;0.8171623;0.09865355;extension;0;;Moving to rest position;
8f4cdfd9-c6a5-4abe-9c92-0d36fb7e13b7;2025-05-09 12:29:31.8860;2824;None;;;;0.2718449;0.8170687;0.09789968;extension;0;;Moving to rest position;
8f4cdfd9-c6a5-4abe-9c92-0d36fb7e13b7;2025-05-09 12:29:31.8969;2825;None;;;;0.2714183;0.816714;0.09693575;extension;0;;Moving to rest position;
8f4cdfd9-c6a5-4abe-9c92-0d36fb7e13b7;2025-05-09 12:29:31.9079;2826;None;;;;0.2706576;0.816533;0.09610486;extension;0;;Moving to rest position;
8f4cdfd9-c6a5-4abe-9c92-0d36fb7e13b7;2025-05-09 12:29:31.9199;2827;None;;;;0.2698606;0.8167011;0.09585309;extension;0;;Moving to rest position;
8f4cdfd9-c6a5-4abe-9c92-0d36fb7e13b7;2025-05-09 12:29:31.9308;2828;None;;;;0.2689103;0.8168002;0.09558201;extension;0;;Moving to rest position;
8f4cdfd9-c6a5-4abe-9c92-0d36fb7e13b7;2025-05-09 12:29:31.9418;2829;None;;;;0.2679786;0.817022;0.09545469;extension;0;;Moving to rest position;
8f4cdfd9-c6a5-4abe-9c92-0d36fb7e13b7;2025-05-09 12:29:31.9528;2830;None;;;;0.2672235;0.8171853;0.09546542;extension;0;;Moving to rest position;
8f4cdfd9-c6a5-4abe-9c92-0d36fb7e13b7;2025-05-09 12:29:31.9643;2831;None;;;;0.2668139;0.8178011;0.09584355;extension;0;;Moving to rest position;
8f4cdfd9-c6a5-4abe-9c92-0d36fb7e13b7;2025-05-09 12:29:31.9753;2832;None;;;;0.26653;0.8182545;0.09612203;extension;0;;Moving to rest position;
8f4cdfd9-c6a5-4abe-9c92-0d36fb7e13b7;2025-05-09 12:29:31.9862;2833;None;;;;0.2660771;0.8193858;0.09679842;extension;0;;Moving to rest position;
8f4cdfd9-c6a5-4abe-9c92-0d36fb7e13b7;2025-05-09 12:29:31.9972;2834;None;;;;0.2666027;0.8207246;0.09727645;extension;0;;Moving to rest position;
8f4cdfd9-c6a5-4abe-9c92-0d36fb7e13b7;2025-05-09 12:29:32.0082;2835;None;;;;0.2674949;0.8220906;0.09779072;extension;0;;Moving to rest position;
8f4cdfd9-c6a5-4abe-9c92-0d36fb7e13b7;2025-05-09 12:29:32.0201;2836;None;;;;0.2672323;0.8240885;0.09863377;extension;0;;Moving to rest position;
8f4cdfd9-c6a5-4abe-9c92-0d36fb7e13b7;2025-05-09 12:29:32.0311;2837;None;;;;0.2679584;0.8257133;0.09955406;extension;0;;Moving to rest position;
8f4cdfd9-c6a5-4abe-9c92-0d36fb7e13b7;2025-05-09 12:29:32.0421;2838;None;;;;0.2692529;0.8273991;0.100379;extension;0;;Moving to rest position;
8f4cdfd9-c6a5-4abe-9c92-0d36fb7e13b7;2025-05-09 12:29:32.0531;2839;None;;;;0.2698106;0.8293115;0.1011024;extension;0;;Moving to rest position;
8f4cdfd9-c6a5-4abe-9c92-0d36fb7e13b7;2025-05-09 12:29:32.0645;2840;None;;;;0.2709315;0.8307858;0.1020811;extension;0;;Moving to rest position;
8f4cdfd9-c6a5-4abe-9c92-0d36fb7e13b7;2025-05-09 12:29:32.0755;2841;None;;;;0.2719578;0.8324069;0.1028912;extension;0;;Moving to rest position;
8f4cdfd9-c6a5-4abe-9c92-0d36fb7e13b7;2025-05-09 12:29:32.0875;2842;None;;;;0.2723957;0.8341632;0.1039803;extension;0;;Moving to rest position;
8f4cdfd9-c6a5-4abe-9c92-0d36fb7e13b7;2025-05-09 12:29:32.0974;2843;None;;;;0.2730334;0.8352475;0.1049821;extension;0;;Moving to rest position;
8f4cdfd9-c6a5-4abe-9c92-0d36fb7e13b7;2025-05-09 12:29:32.1094;2844;None;;;;0.2735115;0.835976;0.1056759;extension;0;;Moving to rest position;
8f4cdfd9-c6a5-4abe-9c92-0d36fb7e13b7;2025-05-09 12:29:32.1204;2845;None;;;;0.2739403;0.8369207;0.1067662;extension;0;;Moving to rest position;
8f4cdfd9-c6a5-4abe-9c92-0d36fb7e13b7;2025-05-09 12:29:32.1313;2846;None;;;;0.2739212;0.8375447;0.1068397;extension;0;;Moving to rest position;
8f4cdfd9-c6a5-4abe-9c92-0d36fb7e13b7;2025-05-09 12:29:32.1423;2847;None;;;;0.2736387;0.8373965;0.1071131;extension;0;;Moving to rest position;
8f4cdfd9-c6a5-4abe-9c92-0d36fb7e13b7;2025-05-09 12:29:32.1543;2848;None;;;;0.2736006;0.8371341;0.1075206;extension;0;;Moving to rest position;
8f4cdfd9-c6a5-4abe-9c92-0d36fb7e13b7;2025-05-09 12:29:32.1648;2849;None;;;;0.273217;0.8368618;0.1072109;extension;0;;Moving to rest position;
8f4cdfd9-c6a5-4abe-9c92-0d36fb7e13b7;2025-05-09 12:29:32.1757;2850;None;;;;0.2728156;0.8363118;0.1070542;extension;0;;Moving to rest position;
8f4cdfd9-c6a5-4abe-9c92-0d36fb7e13b7;2025-05-09 12:29:32.1877;2851;None;;;;0.2724365;0.8361068;0.1073096;extension;0;;Moving to rest position;
8f4cdfd9-c6a5-4abe-9c92-0d36fb7e13b7;2025-05-09 12:29:32.1987;2852;None;;;;0.2720996;0.8357342;0.1066868;extension;0;;Moving to rest position;
8f4cdfd9-c6a5-4abe-9c92-0d36fb7e13b7;2025-05-09 12:29:32.2096;2853;None;;;;0.2718112;0.8351048;0.1064215;extension;0;;Moving to rest position;
8f4cdfd9-c6a5-4abe-9c92-0d36fb7e13b7;2025-05-09 12:29:32.2206;2854;None;;;;0.2719035;0.8345673;0.1062753;extension;0;;Moving to rest position;
8f4cdfd9-c6a5-4abe-9c92-0d36fb7e13b7;2025-05-09 12:29:32.2316;2855;None;;;;0.2717018;0.8341522;0.1063542;extension;0;;Moving to rest position;
8f4cdfd9-c6a5-4abe-9c92-0d36fb7e13b7;2025-05-09 12:29:32.2436;2856;None;;;;0.2715942;0.8336717;0.1061893;extension;0;;Moving to rest position;
8f4cdfd9-c6a5-4abe-9c92-0d36fb7e13b7;2025-05-09 12:29:32.2545;2857;None;;;;0.2714034;0.833385;0.1061978;extension;0;;Moving to rest position;
8f4cdfd9-c6a5-4abe-9c92-0d36fb7e13b7;2025-05-09 12:29:32.2660;2858;None;;;;0.2714745;0.8328764;0.1060157;extension;0;;Moving to rest position;
8f4cdfd9-c6a5-4abe-9c92-0d36fb7e13b7;2025-05-09 12:29:32.2770;2859;None;;;;0.2715432;0.8324209;0.1058466;extension;0;;Moving to rest position;
8f4cdfd9-c6a5-4abe-9c92-0d36fb7e13b7;2025-05-09 12:29:32.2880;2860;None;;;;0.2716984;0.8320075;0.1056752;extension;0;;Moving to rest position;
8f4cdfd9-c6a5-4abe-9c92-0d36fb7e13b7;2025-05-09 12:29:32.2999;2861;None;;;;0.2718627;0.8315362;0.1056578;extension;0;;Moving to rest position;
8f4cdfd9-c6a5-4abe-9c92-0d36fb7e13b7;2025-05-09 12:29:32.3099;2862;None;;;;0.2719773;0.8311183;0.1054974;extension;0;;Moving to rest position;
8f4cdfd9-c6a5-4abe-9c92-0d36fb7e13b7;2025-05-09 12:29:32.3219;2863;None;;;;0.271825;0.8307528;0.1053901;extension;0;;Moving to rest position;
8f4cdfd9-c6a5-4abe-9c92-0d36fb7e13b7;2025-05-09 12:29:32.3328;2864;None;;;;0.2718964;0.8300734;0.1051059;extension;0;;Moving to rest position;
8f4cdfd9-c6a5-4abe-9c92-0d36fb7e13b7;2025-05-09 12:29:32.3438;2865;None;;;;0.2719088;0.8294961;0.1049011;extension;0;;Moving to rest position;
8f4cdfd9-c6a5-4abe-9c92-0d36fb7e13b7;2025-05-09 12:29:32.3548;2866;None;;;;0.2717984;0.8289157;0.1047785;extension;0;;Moving to rest position;
8f4cdfd9-c6a5-4abe-9c92-0d36fb7e13b7;2025-05-09 12:29:32.3663;2867;None;;;;0.2716263;0.8281709;0.1046968;extension;0;;Moving to rest position;
8f4cdfd9-c6a5-4abe-9c92-0d36fb7e13b7;2025-05-09 12:29:32.3772;2868;None;;;;0.2714676;0.8274853;0.1044848;extension;0;;Moving to rest position;
8f4cdfd9-c6a5-4abe-9c92-0d36fb7e13b7;2025-05-09 12:29:32.3882;2869;None;;;;0.2712049;0.8269985;0.1045191;extension;0;;Moving to rest position;
8f4cdfd9-c6a5-4abe-9c92-0d36fb7e13b7;2025-05-09 12:29:32.4002;2870;None;;;;0.2710983;0.8264683;0.1042604;extension;0;;Moving to rest position;
8f4cdfd9-c6a5-4abe-9c92-0d36fb7e13b7;2025-05-09 12:29:32.4111;2871;None;;;;0.2709434;0.8260092;0.10428;extension;0;;Moving to rest position;
8f4cdfd9-c6a5-4abe-9c92-0d36fb7e13b7;2025-05-09 12:29:32.4221;2872;None;;;;0.2708024;0.8256202;0.1043894;extension;0;;Moving to rest position;
8f4cdfd9-c6a5-4abe-9c92-0d36fb7e13b7;2025-05-09 12:29:32.4341;2873;None;;;;0.270622;0.8252645;0.1042566;extension;0;;Moving to rest position;
8f4cdfd9-c6a5-4abe-9c92-0d36fb7e13b7;2025-05-09 12:29:32.4451;2874;None;;;;0.2703303;0.8250349;0.1044753;extension;0;;Moving to rest position;
8f4cdfd9-c6a5-4abe-9c92-0d36fb7e13b7;2025-05-09 12:29:32.4560;2875;None;;;;0.2701728;0.8248265;0.1046746;extension;0;;Moving to rest position;
8f4cdfd9-c6a5-4abe-9c92-0d36fb7e13b7;2025-05-09 12:29:32.4665;2876;None;;;;0.2698477;0.8244328;0.104882;extension;0;;Moving to rest position;
8f4cdfd9-c6a5-4abe-9c92-0d36fb7e13b7;2025-05-09 12:29:32.4775;2877;None;;;;0.2694294;0.8242202;0.1050441;extension;0;;Moving to rest position;
8f4cdfd9-c6a5-4abe-9c92-0d36fb7e13b7;2025-05-09 12:29:32.4894;2878;None;;;;0.2691608;0.8239646;0.1051693;extension;0;;Moving to rest position;
8f4cdfd9-c6a5-4abe-9c92-0d36fb7e13b7;2025-05-09 12:29:32.5004;2879;None;;;;0.2688477;0.8236182;0.104938;extension;0;;Moving to rest position;
8f4cdfd9-c6a5-4abe-9c92-0d36fb7e13b7;2025-05-09 12:29:32.5114;2880;None;;;;0.2684612;0.8233674;0.1050234;extension;0;;Moving to rest position;
8f4cdfd9-c6a5-4abe-9c92-0d36fb7e13b7;2025-05-09 12:29:32.5224;2881;None;;;;0.2682818;0.8230312;0.1050084;extension;0;;Moving to rest position;
8f4cdfd9-c6a5-4abe-9c92-0d36fb7e13b7;2025-05-09 12:29:32.5343;2882;None;;;;0.2679275;0.8226374;0.1046689;extension;0;;Moving to rest position;
8f4cdfd9-c6a5-4abe-9c92-0d36fb7e13b7;2025-05-09 12:29:32.5453;2883;None;;;;0.2674897;0.8221462;0.1043704;extension;0;;Moving to rest position;
8f4cdfd9-c6a5-4abe-9c92-0d36fb7e13b7;2025-05-09 12:29:32.5563;2884;None;;;;0.2672541;0.8215009;0.1038821;extension;0;;Moving to rest position;
8f4cdfd9-c6a5-4abe-9c92-0d36fb7e13b7;2025-05-09 12:29:32.5672;2885;None;;;;0.2667196;0.8205719;0.103502;extension;0;;Moving to rest position;
8f4cdfd9-c6a5-4abe-9c92-0d36fb7e13b7;2025-05-09 12:29:32.5787;2886;None;;;;0.2661135;0.819682;0.1027505;extension;0;;Moving to rest position;
8f4cdfd9-c6a5-4abe-9c92-0d36fb7e13b7;2025-05-09 12:29:32.5897;2887;None;;;;0.2659192;0.8187157;0.1019537;extension;0;;Moving to rest position;
8f4cdfd9-c6a5-4abe-9c92-0d36fb7e13b7;2025-05-09 12:29:32.6006;2888;None;;;;0.2653333;0.817718;0.1013141;extension;0;;Moving to rest position;
8f4cdfd9-c6a5-4abe-9c92-0d36fb7e13b7;2025-05-09 12:29:32.6116;2889;None;;;;0.2647834;0.8166312;0.100503;extension;0;;Moving to rest position;
8f4cdfd9-c6a5-4abe-9c92-0d36fb7e13b7;2025-05-09 12:29:32.6226;2890;None;;;;0.26438;0.815254;0.09943938;extension;0;;Moving to rest position;
8f4cdfd9-c6a5-4abe-9c92-0d36fb7e13b7;2025-05-09 12:29:32.6346;2891;None;;;;0.2639117;0.8141193;0.09834027;extension;0;;Moving to rest position;
8f4cdfd9-c6a5-4abe-9c92-0d36fb7e13b7;2025-05-09 12:29:32.6455;2892;None;;;;0.2633201;0.8128968;0.0975399;extension;0;;Moving to rest position;
8f4cdfd9-c6a5-4abe-9c92-0d36fb7e13b7;2025-05-09 12:29:32.6565;2893;None;;;;0.2631181;0.8116232;0.0968051;extension;0;;Moving to rest position;
8f4cdfd9-c6a5-4abe-9c92-0d36fb7e13b7;2025-05-09 12:29:32.6685;2894;None;;;;0.2625233;0.8107455;0.09619451;extension;0;;Moving to rest position;
8f4cdfd9-c6a5-4abe-9c92-0d36fb7e13b7;2025-05-09 12:29:32.6784;2895;None;;;;0.2619777;0.8097568;0.09588051;extension;0;;Moving to rest position;
8f4cdfd9-c6a5-4abe-9c92-0d36fb7e13b7;2025-05-09 12:29:32.6904;2896;None;;;;0.2622133;0.8083712;0.09539032;extension;0;;Moving to rest position;
8f4cdfd9-c6a5-4abe-9c92-0d36fb7e13b7;2025-05-09 12:29:32.7014;2897;None;;;;0.2620296;0.8074511;0.09509587;extension;0;;Moving to rest position;
8f4cdfd9-c6a5-4abe-9c92-0d36fb7e13b7;2025-05-09 12:29:32.7123;2898;None;;;;0.2620568;0.8067297;0.09499669;extension;0;;Moving to rest position;
8f4cdfd9-c6a5-4abe-9c92-0d36fb7e13b7;2025-05-09 12:29:32.7233;2899;None;;;;0.2626386;0.8058435;0.09461045;extension;0;;Moving to rest position;
8f4cdfd9-c6a5-4abe-9c92-0d36fb7e13b7;2025-05-09 12:29:32.7353;2900;None;;;;0.262899;0.8052913;0.09453011;extension;0;;Moving to rest position;
8f4cdfd9-c6a5-4abe-9c92-0d36fb7e13b7;2025-05-09 12:29:32.7463;2901;None;;;;0.2633598;0.8051301;0.09455872;extension;0;;Moving to rest position;
8f4cdfd9-c6a5-4abe-9c92-0d36fb7e13b7;2025-05-09 12:29:32.7572;2902;None;;;;0.2641793;0.8047341;0.09438777;extension;0;;Moving to rest position;
8f4cdfd9-c6a5-4abe-9c92-0d36fb7e13b7;2025-05-09 12:29:32.7682;2903;None;;;;0.2647869;0.8047808;0.09444618;extension;0;;Moving to rest position;
8f4cdfd9-c6a5-4abe-9c92-0d36fb7e13b7;2025-05-09 12:29:32.7792;2904;None;;;;0.2653334;0.8046358;0.09446812;extension;0;;Moving to rest position;
8f4cdfd9-c6a5-4abe-9c92-0d36fb7e13b7;2025-05-09 12:29:32.7901;2905;None;;;;0.2658631;0.8043981;0.09407616;extension;0;;Moving to rest position;
8f4cdfd9-c6a5-4abe-9c92-0d36fb7e13b7;2025-05-09 12:29:32.8021;2906;None;;;;0.2663686;0.8044598;0.09416151;extension;0;;Moving to rest position;
8f4cdfd9-c6a5-4abe-9c92-0d36fb7e13b7;2025-05-09 12:29:32.8131;2907;None;;;;0.2668568;0.8046284;0.09406662;extension;0;;Moving to rest position;
8f4cdfd9-c6a5-4abe-9c92-0d36fb7e13b7;2025-05-09 12:29:32.8241;2908;None;;;;0.2674883;0.8048276;0.09371901;extension;0;;Moving to rest position;
8f4cdfd9-c6a5-4abe-9c92-0d36fb7e13b7;2025-05-09 12:29:32.8350;2909;None;;;;0.2677808;0.8048239;0.09375238;extension;0;;Moving to rest position;
8f4cdfd9-c6a5-4abe-9c92-0d36fb7e13b7;2025-05-09 12:29:32.8470;2910;None;;;;0.2677966;0.8050555;0.093575;extension;0;;Moving to rest position;
8f4cdfd9-c6a5-4abe-9c92-0d36fb7e13b7;2025-05-09 12:29:32.8580;2911;None;;;;0.2679249;0.8051295;0.09323788;extension;0;;Moving to rest position;
8f4cdfd9-c6a5-4abe-9c92-0d36fb7e13b7;2025-05-09 12:29:32.8689;2912;None;;;;0.2677667;0.8052917;0.09305668;extension;0;;Moving to rest position;
8f4cdfd9-c6a5-4abe-9c92-0d36fb7e13b7;2025-05-09 12:29:32.8799;2913;None;;;;0.2673771;0.8056144;0.09287143;extension;0;;Moving to rest position;
8f4cdfd9-c6a5-4abe-9c92-0d36fb7e13b7;2025-05-09 12:29:32.8909;2914;None;;;;0.2673413;0.8058048;0.09256601;extension;0;;Moving to rest position;
8f4cdfd9-c6a5-4abe-9c92-0d36fb7e13b7;2025-05-09 12:29:32.9028;2915;None;;;;0.2670215;0.8059354;0.0925014;extension;0;;Moving to rest position;
8f4cdfd9-c6a5-4abe-9c92-0d36fb7e13b7;2025-05-09 12:29:32.9128;2916;None;;;;0.2668256;0.8062168;0.09236956;extension;0;;Moving to rest position;
8f4cdfd9-c6a5-4abe-9c92-0d36fb7e13b7;2025-05-09 12:29:32.9248;2917;None;;;;0.2670006;0.8062166;0.09185624;extension;0;;Moving to rest position;
8f4cdfd9-c6a5-4abe-9c92-0d36fb7e13b7;2025-05-09 12:29:32.9358;2918;None;;;;0.2668513;0.8067275;0.09174871;extension;0;;Moving to rest position;
8f4cdfd9-c6a5-4abe-9c92-0d36fb7e13b7;2025-05-09 12:29:32.9467;2919;None;;;;0.2667038;0.8071694;0.09172416;extension;0;;Moving to rest position;
8f4cdfd9-c6a5-4abe-9c92-0d36fb7e13b7;2025-05-09 12:29:32.9587;2920;None;;;;0.2666824;0.8073711;0.09154654;extension;0;;Moving to rest position;
8f4cdfd9-c6a5-4abe-9c92-0d36fb7e13b7;2025-05-09 12:29:32.9697;2921;None;;;;0.2665703;0.8078834;0.09202027;extension;0;;Moving to rest position;
8f4cdfd9-c6a5-4abe-9c92-0d36fb7e13b7;2025-05-09 12:29:32.9806;2922;None;;;;0.2665234;0.808369;0.09221435;extension;0;;Moving to rest position;
8f4cdfd9-c6a5-4abe-9c92-0d36fb7e13b7;2025-05-09 12:29:32.9916;2923;None;;;;0.2659628;0.8090663;0.09258032;extension;0;;Moving to rest position;
8f4cdfd9-c6a5-4abe-9c92-0d36fb7e13b7;2025-05-09 12:29:33.0026;2924;None;;;;0.2658382;0.8097746;0.09274101;extension;0;;Moving to rest position;
8f4cdfd9-c6a5-4abe-9c92-0d36fb7e13b7;2025-05-09 12:29:33.0145;2925;None;;;;0.2656877;0.8104627;0.09315276;extension;0;;Moving to rest position;
8f4cdfd9-c6a5-4abe-9c92-0d36fb7e13b7;2025-05-09 12:29:33.0255;2926;None;;;;0.2650847;0.8112302;0.09354138;extension;0;;Moving to rest position;
8f4cdfd9-c6a5-4abe-9c92-0d36fb7e13b7;2025-05-09 12:29:33.0365;2927;None;;;;0.2645187;0.8122371;0.09428978;extension;0;;Moving to rest position;
8f4cdfd9-c6a5-4abe-9c92-0d36fb7e13b7;2025-05-09 12:29:33.0475;2928;None;;;;0.26364;0.8133283;0.09530807;extension;0;;Moving to rest position;
8f4cdfd9-c6a5-4abe-9c92-0d36fb7e13b7;2025-05-09 12:29:33.0584;2929;None;;;;0.2621101;0.8141592;0.09661841;extension;0;;Moving to rest position;
8f4cdfd9-c6a5-4abe-9c92-0d36fb7e13b7;2025-05-09 12:29:33.0694;2930;None;;;;0.2608609;0.8150231;0.09778833;extension;0;;Moving to rest position;
8f4cdfd9-c6a5-4abe-9c92-0d36fb7e13b7;2025-05-09 12:29:33.0814;2931;None;;;;0.25948;0.8156172;0.09891272;extension;0;;Moving to rest position;
8f4cdfd9-c6a5-4abe-9c92-0d36fb7e13b7;2025-05-09 12:29:33.0923;2932;None;;;;0.2579288;0.8157141;0.1003344;extension;0;;Moving to rest position;
8f4cdfd9-c6a5-4abe-9c92-0d36fb7e13b7;2025-05-09 12:29:33.1033;2933;None;;;;0.2565686;0.8160127;0.1012745;extension;0;;Moving to rest position;
8f4cdfd9-c6a5-4abe-9c92-0d36fb7e13b7;2025-05-09 12:29:33.1143;2934;None;;;;0.2558427;0.8157046;0.102339;extension;0;;Moving to rest position;
8f4cdfd9-c6a5-4abe-9c92-0d36fb7e13b7;2025-05-09 12:29:33.1252;2935;None;;;;0.2553463;0.815964;0.1034606;extension;0;;Moving to rest position;
8f4cdfd9-c6a5-4abe-9c92-0d36fb7e13b7;2025-05-09 12:29:33.1372;2936;None;;;;0.2558358;0.8166653;0.1043298;extension;0;;Moving to rest position;
8f4cdfd9-c6a5-4abe-9c92-0d36fb7e13b7;2025-05-09 12:29:33.1482;2937;None;;;;0.2565363;0.8173634;0.1055222;extension;0;;Moving to rest position;
8f4cdfd9-c6a5-4abe-9c92-0d36fb7e13b7;2025-05-09 12:29:33.1592;2938;None;;;;0.2574086;0.8189394;0.1068885;extension;0;;Moving to rest position;
8f4cdfd9-c6a5-4abe-9c92-0d36fb7e13b7;2025-05-09 12:29:33.1706;2939;None;;;;0.2583738;0.8200655;0.1082118;extension;0;;Moving to rest position;
8f4cdfd9-c6a5-4abe-9c92-0d36fb7e13b7;2025-05-09 12:29:33.1826;2940;None;;;;0.2595396;0.8212388;0.1095486;extension;0;;Moving to rest position;
8f4cdfd9-c6a5-4abe-9c92-0d36fb7e13b7;2025-05-09 12:29:33.1936;2941;None;;;;0.2589633;0.8222636;0.1104524;extension;0;;Moving to rest position;
8f4cdfd9-c6a5-4abe-9c92-0d36fb7e13b7;2025-05-09 12:29:33.2045;2942;None;;;;0.2591762;0.8221809;0.11203;extension;0;;Moving to rest position;
8f4cdfd9-c6a5-4abe-9c92-0d36fb7e13b7;2025-05-09 12:29:33.2155;2943;None;;;;0.2593548;0.8224318;0.1128454;extension;0;;Moving to rest position;
8f4cdfd9-c6a5-4abe-9c92-0d36fb7e13b7;2025-05-09 12:29:33.2265;2944;None;;;;0.258706;0.8219416;0.1131272;extension;0;;Moving to rest position;
8f4cdfd9-c6a5-4abe-9c92-0d36fb7e13b7;2025-05-09 12:29:33.2384;2945;None;;;;0.2585;0.8213104;0.1133347;extension;0;;Moving to rest position;
8f4cdfd9-c6a5-4abe-9c92-0d36fb7e13b7;2025-05-09 12:29:33.2494;2946;None;;;;0.2579497;0.8203734;0.1131947;extension;0;;Moving to rest position;
8f4cdfd9-c6a5-4abe-9c92-0d36fb7e13b7;2025-05-09 12:29:33.2604;2947;None;;;;0.2576753;0.819272;0.1132004;extension;0;;Moving to rest position;
8f4cdfd9-c6a5-4abe-9c92-0d36fb7e13b7;2025-05-09 12:29:33.2714;2948;None;;;;0.2572321;0.8184583;0.1123168;extension;0;;Moving to rest position;
8f4cdfd9-c6a5-4abe-9c92-0d36fb7e13b7;2025-05-09 12:29:33.2823;2949;None;;;;0.256607;0.8173118;0.1121452;extension;0;;Moving to rest position;
8f4cdfd9-c6a5-4abe-9c92-0d36fb7e13b7;2025-05-09 12:29:33.2933;2950;None;;;;0.2564169;0.8157992;0.1119735;extension;0;;Moving to rest position;
8f4cdfd9-c6a5-4abe-9c92-0d36fb7e13b7;2025-05-09 12:29:33.3053;2951;None;;;;0.2560586;0.814505;0.1112208;extension;0;;Moving to rest position;
8f4cdfd9-c6a5-4abe-9c92-0d36fb7e13b7;2025-05-09 12:29:33.3163;2952;None;;;;0.2556588;0.8134923;0.1110182;extension;0;;Moving to rest position;
8f4cdfd9-c6a5-4abe-9c92-0d36fb7e13b7;2025-05-09 12:29:33.3272;2953;None;;;;0.2553403;0.8128389;0.1108322;extension;0;;Moving to rest position;
8f4cdfd9-c6a5-4abe-9c92-0d36fb7e13b7;2025-05-09 12:29:33.3382;2954;None;;;;0.2550598;0.8121612;0.1104612;extension;0;;Moving to rest position;
8f4cdfd9-c6a5-4abe-9c92-0d36fb7e13b7;2025-05-09 12:29:33.3492;2955;None;;;;0.2548949;0.8118457;0.1104169;extension;0;;Moving to rest position;
8f4cdfd9-c6a5-4abe-9c92-0d36fb7e13b7;2025-05-09 12:29:33.3601;2956;None;;;;0.2547119;0.8116666;0.1105165;extension;0;;Moving to rest position;
8f4cdfd9-c6a5-4abe-9c92-0d36fb7e13b7;2025-05-09 12:29:33.3721;2957;None;;;;0.2545341;0.8109411;0.1110721;extension;0;;Moving to rest position;
8f4cdfd9-c6a5-4abe-9c92-0d36fb7e13b7;2025-05-09 12:29:33.3831;2958;None;;;;0.2544886;0.8106546;0.1113708;extension;0;;Moving to rest position;
8f4cdfd9-c6a5-4abe-9c92-0d36fb7e13b7;2025-05-09 12:29:33.3941;2959;None;;;;0.2541719;0.8104473;0.1117029;extension;0;;Moving to rest position;
8f4cdfd9-c6a5-4abe-9c92-0d36fb7e13b7;2025-05-09 12:29:33.4060;2960;None;;;;0.2539319;0.8099055;0.1118376;extension;0;;Moving to rest position;
8f4cdfd9-c6a5-4abe-9c92-0d36fb7e13b7;2025-05-09 12:29:33.4170;2961;None;;;;0.2535596;0.8095281;0.1120543;extension;0;;Moving to rest position;
8f4cdfd9-c6a5-4abe-9c92-0d36fb7e13b7;2025-05-09 12:29:33.4280;2962;None;;;;0.2527876;0.8091123;0.1122701;extension;0;;Moving to rest position;
8f4cdfd9-c6a5-4abe-9c92-0d36fb7e13b7;2025-05-09 12:29:33.4389;2963;None;;;;0.2524034;0.8084627;0.1121147;extension;0;;Moving to rest position;
8f4cdfd9-c6a5-4abe-9c92-0d36fb7e13b7;2025-05-09 12:29:33.4509;2964;None;;;;0.251852;0.8079597;0.1122372;extension;0;;Moving to rest position;
8f4cdfd9-c6a5-4abe-9c92-0d36fb7e13b7;2025-05-09 12:29:33.4629;2965;None;;;;0.2512457;0.8076214;0.1125147;extension;0;;Moving to rest position;
8f4cdfd9-c6a5-4abe-9c92-0d36fb7e13b7;2025-05-09 12:29:33.4719;2966;None;;;;0.2509279;0.807202;0.1121945;extension;0;;Moving to rest position;
8f4cdfd9-c6a5-4abe-9c92-0d36fb7e13b7;2025-05-09 12:29:33.4838;2967;None;;;;0.2507187;0.8070873;0.1125016;extension;0;;Moving to rest position;
8f4cdfd9-c6a5-4abe-9c92-0d36fb7e13b7;2025-05-09 12:29:33.4948;2968;None;;;;0.2506233;0.8070846;0.1128619;extension;0;;Moving to rest position;
8f4cdfd9-c6a5-4abe-9c92-0d36fb7e13b7;2025-05-09 12:29:33.5058;2969;None;;;;0.2506076;0.8069787;0.1124301;extension;0;;Moving to rest position;
8f4cdfd9-c6a5-4abe-9c92-0d36fb7e13b7;2025-05-09 12:29:33.5177;2970;None;;;;0.2502979;0.8071532;0.1128621;extension;0;;Moving to rest position;
8f4cdfd9-c6a5-4abe-9c92-0d36fb7e13b7;2025-05-09 12:29:33.5287;2971;None;;;;0.2502034;0.8073047;0.1132488;extension;0;;Moving to rest position;
8f4cdfd9-c6a5-4abe-9c92-0d36fb7e13b7;2025-05-09 12:29:33.5407;2972;None;;;;0.2500606;0.8073857;0.1136229;extension;0;;Moving to rest position;
8f4cdfd9-c6a5-4abe-9c92-0d36fb7e13b7;2025-05-09 12:29:33.5506;2973;None;;;;0.2499948;0.8075392;0.1139643;extension;0;;Moving to rest position;
8f4cdfd9-c6a5-4abe-9c92-0d36fb7e13b7;2025-05-09 12:29:33.5616;2974;None;;;;0.2502071;0.8077313;0.1144047;extension;0;;Moving to rest position;
8f4cdfd9-c6a5-4abe-9c92-0d36fb7e13b7;2025-05-09 12:29:33.5726;2975;None;;;;0.2502218;0.807685;0.1148388;extension;0;;Moving to rest position;
8f4cdfd9-c6a5-4abe-9c92-0d36fb7e13b7;2025-05-09 12:29:33.5846;2976;None;;;;0.2501203;0.8078156;0.1152489;extension;0;;Moving to rest position;
8f4cdfd9-c6a5-4abe-9c92-0d36fb7e13b7;2025-05-09 12:29:33.5955;2977;None;;;;0.2501084;0.80776;0.1155822;extension;0;;Moving to rest position;
8f4cdfd9-c6a5-4abe-9c92-0d36fb7e13b7;2025-05-09 12:29:33.6065;2978;None;;;;0.2501792;0.8076488;0.1154113;extension;0;;Moving to rest position;
8f4cdfd9-c6a5-4abe-9c92-0d36fb7e13b7;2025-05-09 12:29:33.6175;2979;None;;;;0.2500805;0.8075961;0.1156766;extension;0;;Moving to rest position;
8f4cdfd9-c6a5-4abe-9c92-0d36fb7e13b7;2025-05-09 12:29:33.6284;2980;None;;;;0.2502667;0.807639;0.1160507;extension;0;;Moving to rest position;
8f4cdfd9-c6a5-4abe-9c92-0d36fb7e13b7;2025-05-09 12:29:33.6404;2981;None;;;;0.2503627;0.8074015;0.1160514;extension;0;;Moving to rest position;
8f4cdfd9-c6a5-4abe-9c92-0d36fb7e13b7;2025-05-09 12:29:33.6514;2982;None;;;;0.2505789;0.8075929;0.1161878;extension;0;;Moving to rest position;
8f4cdfd9-c6a5-4abe-9c92-0d36fb7e13b7;2025-05-09 12:29:33.6623;2983;None;;;;0.2512939;0.808025;0.1159384;extension;0;;Moving to rest position;
8f4cdfd9-c6a5-4abe-9c92-0d36fb7e13b7;2025-05-09 12:29:33.6753;2984;None;;;;0.2519764;0.8093719;0.1162906;extension;0;;Moving to rest position;
8f4cdfd9-c6a5-4abe-9c92-0d36fb7e13b7;2025-05-09 12:29:33.6853;2985;None;;;;0.2524511;0.8110675;0.1168718;extension;0;;Moving to rest position;
8f4cdfd9-c6a5-4abe-9c92-0d36fb7e13b7;2025-05-09 12:29:33.6963;2986;None;;;;0.252899;0.8148116;0.1179917;extension;0;;Moving to rest position;
8f4cdfd9-c6a5-4abe-9c92-0d36fb7e13b7;2025-05-09 12:29:33.7072;2987;None;;;;0.253207;0.8179829;0.1188939;extension;0;;Moving to rest position;
8f4cdfd9-c6a5-4abe-9c92-0d36fb7e13b7;2025-05-09 12:29:33.7182;2988;None;;;;0.2536185;0.8215783;0.1202998;extension;0;;Moving to rest position;
8f4cdfd9-c6a5-4abe-9c92-0d36fb7e13b7;2025-05-09 12:29:33.7302;2989;None;;;;0.2538296;0.8256192;0.1217623;extension;0;;Moving to rest position;
8f4cdfd9-c6a5-4abe-9c92-0d36fb7e13b7;2025-05-09 12:29:33.7401;2990;None;;;;0.2545267;0.8302456;0.1233504;extension;0;;Moving to rest position;
8f4cdfd9-c6a5-4abe-9c92-0d36fb7e13b7;2025-05-09 12:29:33.7521;2991;None;;;;0.2557678;0.835874;0.1247022;extension;0;;Moving to rest position;
8f4cdfd9-c6a5-4abe-9c92-0d36fb7e13b7;2025-05-09 12:29:33.7641;2992;None;;;;0.2572463;0.8418783;0.1257391;extension;0;;Moving to rest position;
8f4cdfd9-c6a5-4abe-9c92-0d36fb7e13b7;2025-05-09 12:29:33.7740;2993;None;;;;0.2589676;0.8473028;0.1263781;extension;0;;Moving to rest position;
8f4cdfd9-c6a5-4abe-9c92-0d36fb7e13b7;2025-05-09 12:29:33.7850;2994;None;;;;0.2608558;0.8532761;0.1266577;extension;0;;Moving to rest position;
8f4cdfd9-c6a5-4abe-9c92-0d36fb7e13b7;2025-05-09 12:29:33.7960;2995;None;;;;0.2625854;0.8588119;0.1269038;extension;0;;Moving to rest position;
8f4cdfd9-c6a5-4abe-9c92-0d36fb7e13b7;2025-05-09 12:29:33.8080;2996;None;;;;0.264176;0.8635346;0.1275158;extension;0;;Moving to rest position;
8f4cdfd9-c6a5-4abe-9c92-0d36fb7e13b7;2025-05-09 12:29:33.8189;2997;None;;;;0.2660505;0.8685423;0.1279566;extension;0;;Moving to rest position;
8f4cdfd9-c6a5-4abe-9c92-0d36fb7e13b7;2025-05-09 12:29:33.8299;2998;None;;;;0.2673289;0.8731967;0.1283901;extension;0;;Moving to rest position;
8f4cdfd9-c6a5-4abe-9c92-0d36fb7e13b7;2025-05-09 12:29:33.8409;2999;None;;;;0.2684244;0.8767618;0.1286664;extension;0;;Moving to rest position;
8f4cdfd9-c6a5-4abe-9c92-0d36fb7e13b7;2025-05-09 12:29:33.8518;3000;None;;;;0.2702969;0.8800364;0.1288981;extension;0;;Moving to rest position;
8f4cdfd9-c6a5-4abe-9c92-0d36fb7e13b7;2025-05-09 12:29:33.8628;3001;None;;;;0.2711091;0.8836865;0.1291521;extension;0;;Moving to rest position;
8f4cdfd9-c6a5-4abe-9c92-0d36fb7e13b7;2025-05-09 12:29:33.8743;3002;None;;;;0.2718324;0.8854595;0.1290419;extension;0;;Moving to rest position;
8f4cdfd9-c6a5-4abe-9c92-0d36fb7e13b7;2025-05-09 12:29:33.8862;3003;None;;;;0.2732512;0.8873239;0.1290526;extension;0;;Moving to rest position;
8f4cdfd9-c6a5-4abe-9c92-0d36fb7e13b7;2025-05-09 12:29:33.8972;3004;None;;;;0.2737758;0.8903278;0.1289015;extension;0;;Moving to rest position;
8f4cdfd9-c6a5-4abe-9c92-0d36fb7e13b7;2025-05-09 12:29:33.9082;3005;None;;;;0.2741923;0.8912587;0.1287498;extension;0;;Moving to rest position;
8f4cdfd9-c6a5-4abe-9c92-0d36fb7e13b7;2025-05-09 12:29:33.9192;3006;None;;;;0.2750723;0.8921385;0.1287138;extension;0;;Moving to rest position;
8f4cdfd9-c6a5-4abe-9c92-0d36fb7e13b7;2025-05-09 12:29:33.9301;3007;None;;;;0.2750943;0.8928475;0.1282554;extension;0;;Moving to rest position;
8f4cdfd9-c6a5-4abe-9c92-0d36fb7e13b7;2025-05-09 12:29:33.9421;3008;None;;;;0.2752469;0.8930743;0.1281502;extension;0;;Moving to rest position;
8f4cdfd9-c6a5-4abe-9c92-0d36fb7e13b7;2025-05-09 12:29:33.9531;3009;None;;;;0.2753173;0.8931497;0.1285472;extension;0;;Moving to rest position;
8f4cdfd9-c6a5-4abe-9c92-0d36fb7e13b7;2025-05-09 12:29:33.9640;3010;None;;;;0.2753385;0.8932298;0.1284354;extension;0;;Moving to rest position;
8f4cdfd9-c6a5-4abe-9c92-0d36fb7e13b7;2025-05-09 12:29:33.9745;3011;None;;;;0.2755045;0.8928958;0.1281662;extension;0;;Moving to rest position;
8f4cdfd9-c6a5-4abe-9c92-0d36fb7e13b7;2025-05-09 12:29:33.9865;3012;None;;;;0.2758673;0.8923787;0.128233;extension;0;;Moving to rest position;
8f4cdfd9-c6a5-4abe-9c92-0d36fb7e13b7;2025-05-09 12:29:33.9975;3013;None;;;;0.2762317;0.8915309;0.1276333;extension;0;;Moving to rest position;
8f4cdfd9-c6a5-4abe-9c92-0d36fb7e13b7;2025-05-09 12:29:34.0084;3014;None;;;;0.2765859;0.8903521;0.1272902;extension;0;;Moving to rest position;
8f4cdfd9-c6a5-4abe-9c92-0d36fb7e13b7;2025-05-09 12:29:34.0194;3015;None;;;;0.2771667;0.889341;0.1271355;extension;0;;Moving to rest position;
8f4cdfd9-c6a5-4abe-9c92-0d36fb7e13b7;2025-05-09 12:29:34.0304;3016;None;;;;0.2774783;0.8880634;0.1266005;extension;0;;Moving to rest position;
8f4cdfd9-c6a5-4abe-9c92-0d36fb7e13b7;2025-05-09 12:29:34.0423;3017;None;;;;0.2775894;0.8868592;0.1263309;extension;0;;Moving to rest position;
8f4cdfd9-c6a5-4abe-9c92-0d36fb7e13b7;2025-05-09 12:29:34.0543;3018;None;;;;0.2772724;0.8857138;0.1262207;extension;0;;Moving to rest position;
8f4cdfd9-c6a5-4abe-9c92-0d36fb7e13b7;2025-05-09 12:29:34.0643;3019;None;;;;0.2769923;0.884535;0.1259682;extension;0;;Moving to rest position;
8f4cdfd9-c6a5-4abe-9c92-0d36fb7e13b7;2025-05-09 12:29:34.0758;3020;None;;;;0.2764764;0.8833464;0.1258349;extension;0;;Moving to rest position;
8f4cdfd9-c6a5-4abe-9c92-0d36fb7e13b7;2025-05-09 12:29:34.0867;3021;None;;;;0.2758585;0.8820531;0.1257236;extension;0;;Moving to rest position;
8f4cdfd9-c6a5-4abe-9c92-0d36fb7e13b7;2025-05-09 12:29:34.0977;3022;None;;;;0.2748589;0.8807378;0.1262159;extension;0;;Moving to rest position;
8f4cdfd9-c6a5-4abe-9c92-0d36fb7e13b7;2025-05-09 12:29:34.1087;3023;None;;;;0.2740473;0.8792517;0.1258709;extension;0;;Moving to rest position;
8f4cdfd9-c6a5-4abe-9c92-0d36fb7e13b7;2025-05-09 12:29:34.1196;3024;None;;;;0.2730323;0.8776883;0.1255512;extension;0;;Moving to rest position;
8f4cdfd9-c6a5-4abe-9c92-0d36fb7e13b7;2025-05-09 12:29:34.1306;3025;None;;;;0.272;0.8760545;0.1258376;extension;0;;Moving to rest position;
8f4cdfd9-c6a5-4abe-9c92-0d36fb7e13b7;2025-05-09 12:29:34.1426;3026;None;;;;0.2713175;0.87435;0.12555;extension;0;;Moving to rest position;
8f4cdfd9-c6a5-4abe-9c92-0d36fb7e13b7;2025-05-09 12:29:34.1535;3027;None;;;;0.2707188;0.8720014;0.1245048;extension;0;;Moving to rest position;
8f4cdfd9-c6a5-4abe-9c92-0d36fb7e13b7;2025-05-09 12:29:34.1645;3028;None;;;;0.2705662;0.870454;0.1241775;extension;0;;Moving to rest position;
8f4cdfd9-c6a5-4abe-9c92-0d36fb7e13b7;2025-05-09 12:29:34.1760;3029;None;;;;0.2706733;0.869686;0.1240582;extension;0;;Moving to rest position;
8f4cdfd9-c6a5-4abe-9c92-0d36fb7e13b7;2025-05-09 12:29:34.1870;3030;None;;;;0.2700048;0.8687446;0.1234334;extension;0;;Moving to rest position;
8f4cdfd9-c6a5-4abe-9c92-0d36fb7e13b7;2025-05-09 12:29:34.1979;3031;None;;;;0.2703053;0.8684824;0.1235876;extension;0;;Moving to rest position;
8f4cdfd9-c6a5-4abe-9c92-0d36fb7e13b7;2025-05-09 12:29:34.2089;3032;None;;;;0.2709484;0.8691092;0.1237633;extension;0;;Moving to rest position;
8f4cdfd9-c6a5-4abe-9c92-0d36fb7e13b7;2025-05-09 12:29:34.2209;3033;None;;;;0.2707523;0.8695583;0.1226952;extension;0;;Moving to rest position;
8f4cdfd9-c6a5-4abe-9c92-0d36fb7e13b7;2025-05-09 12:29:34.2318;3034;None;;;;0.2715471;0.869882;0.1226838;extension;0;;Moving to rest position;
8f4cdfd9-c6a5-4abe-9c92-0d36fb7e13b7;2025-05-09 12:29:34.2428;3035;None;;;;0.2722931;0.8714467;0.1224811;extension;0;;Moving to rest position;
8f4cdfd9-c6a5-4abe-9c92-0d36fb7e13b7;2025-05-09 12:29:34.2538;3036;None;;;;0.2724516;0.873096;0.120502;extension;0;;Moving to rest position;
8f4cdfd9-c6a5-4abe-9c92-0d36fb7e13b7;2025-05-09 12:29:34.2648;3037;None;;;;0.2732531;0.8745362;0.1193979;extension;0;;Moving to rest position;
8f4cdfd9-c6a5-4abe-9c92-0d36fb7e13b7;2025-05-09 12:29:34.2762;3038;None;;;;0.2738743;0.8768772;0.118377;extension;0;;Moving to rest position;
8f4cdfd9-c6a5-4abe-9c92-0d36fb7e13b7;2025-05-09 12:29:34.2877;3039;None;;;;0.274021;0.8786913;0.116606;extension;0;;Moving to rest position;
8f4cdfd9-c6a5-4abe-9c92-0d36fb7e13b7;2025-05-09 12:29:34.2987;3040;None;;;;0.2750652;0.879367;0.1142313;extension;0;;Moving to rest position;
8f4cdfd9-c6a5-4abe-9c92-0d36fb7e13b7;2025-05-09 12:29:34.3096;3041;None;;;;0.2757329;0.8813313;0.1130071;extension;0;;Moving to rest position;
8f4cdfd9-c6a5-4abe-9c92-0d36fb7e13b7;2025-05-09 12:29:34.3206;3042;None;;;;0.2764245;0.8831117;0.1115975;extension;0;;Moving to rest position;
8f4cdfd9-c6a5-4abe-9c92-0d36fb7e13b7;2025-05-09 12:29:34.3326;3043;None;;;;0.2773882;0.8850572;0.1105382;extension;0;;Moving to rest position;
8f4cdfd9-c6a5-4abe-9c92-0d36fb7e13b7;2025-05-09 12:29:34.3436;3044;None;;;;0.2781551;0.8874224;0.1101627;extension;0;;Moving to rest position;
8f4cdfd9-c6a5-4abe-9c92-0d36fb7e13b7;2025-05-09 12:29:34.3545;3045;None;;;;0.2786641;0.8902242;0.1103003;extension;0;;Moving to rest position;
8f4cdfd9-c6a5-4abe-9c92-0d36fb7e13b7;2025-05-09 12:29:34.3655;3046;None;;;;0.2792123;0.8934599;0.1104238;extension;0;;Moving to rest position;
8f4cdfd9-c6a5-4abe-9c92-0d36fb7e13b7;2025-05-09 12:29:34.3765;3047;None;;;;0.2794797;0.8960862;0.1110411;extension;0;;Moving to rest position;
8f4cdfd9-c6a5-4abe-9c92-0d36fb7e13b7;2025-05-09 12:29:34.3884;3048;None;;;;0.2796631;0.8985057;0.1119587;extension;0;;Moving to rest position;
8f4cdfd9-c6a5-4abe-9c92-0d36fb7e13b7;2025-05-09 12:29:34.3994;3049;None;;;;0.2796648;0.9006701;0.1121399;extension;0;;Moving to rest position;
8f4cdfd9-c6a5-4abe-9c92-0d36fb7e13b7;2025-05-09 12:29:34.4104;3050;None;;;;0.2794592;0.9024885;0.1127746;extension;0;;Moving to rest position;
8f4cdfd9-c6a5-4abe-9c92-0d36fb7e13b7;2025-05-09 12:29:34.4223;3051;None;;;;0.2794434;0.9039509;0.1132076;extension;0;;Moving to rest position;
8f4cdfd9-c6a5-4abe-9c92-0d36fb7e13b7;2025-05-09 12:29:34.4323;3052;None;;;;0.2789377;0.9057484;0.112638;extension;0;;Moving to rest position;
8f4cdfd9-c6a5-4abe-9c92-0d36fb7e13b7;2025-05-09 12:29:34.4433;3053;None;;;;0.2781055;0.9074788;0.1129582;extension;0;;Moving to rest position;
8f4cdfd9-c6a5-4abe-9c92-0d36fb7e13b7;2025-05-09 12:29:34.4553;3054;None;;;;0.2776807;0.9095916;0.1140537;extension;0;;Moving to rest position;
8f4cdfd9-c6a5-4abe-9c92-0d36fb7e13b7;2025-05-09 12:29:34.4662;3055;None;;;;0.2771108;0.911517;0.1145332;extension;0;;Moving to rest position;
8f4cdfd9-c6a5-4abe-9c92-0d36fb7e13b7;2025-05-09 12:29:34.4767;3056;None;;;;0.2766431;0.912915;0.1155174;extension;0;;Moving to rest position;
8f4cdfd9-c6a5-4abe-9c92-0d36fb7e13b7;2025-05-09 12:29:34.4887;3057;None;;;;0.2765394;0.9145471;0.1169982;extension;0;;Moving to rest position;
8f4cdfd9-c6a5-4abe-9c92-0d36fb7e13b7;2025-05-09 12:29:34.4996;3058;None;;;;0.2764985;0.9159508;0.1175456;extension;0;;Moving to rest position;
8f4cdfd9-c6a5-4abe-9c92-0d36fb7e13b7;2025-05-09 12:29:34.5116;3059;None;;;;0.2761467;0.9172298;0.1184614;extension;0;;Moving to rest position;
8f4cdfd9-c6a5-4abe-9c92-0d36fb7e13b7;2025-05-09 12:29:34.5216;3060;None;;;;0.2760369;0.918328;0.119477;extension;0;;Moving to rest position;
8f4cdfd9-c6a5-4abe-9c92-0d36fb7e13b7;2025-05-09 12:29:34.5336;3061;None;;;;0.2756863;0.9192907;0.1202216;extension;0;;Moving to rest position;
8f4cdfd9-c6a5-4abe-9c92-0d36fb7e13b7;2025-05-09 12:29:34.5445;3062;None;;;;0.2755554;0.9196401;0.1209474;extension;0;;Moving to rest position;
8f4cdfd9-c6a5-4abe-9c92-0d36fb7e13b7;2025-05-09 12:29:34.5555;3063;None;;;;0.275786;0.9198643;0.1216865;extension;0;;Moving to rest position;
8f4cdfd9-c6a5-4abe-9c92-0d36fb7e13b7;2025-05-09 12:29:34.5665;3064;None;;;;0.2761558;0.91985;0.122087;extension;0;;Moving to rest position;
8f4cdfd9-c6a5-4abe-9c92-0d36fb7e13b7;2025-05-09 12:29:34.5779;3065;None;;;;0.2764413;0.9194713;0.1228168;extension;0;;Moving to rest position;
8f4cdfd9-c6a5-4abe-9c92-0d36fb7e13b7;2025-05-09 12:29:34.5889;3066;None;;;;0.2765821;0.9188577;0.1235032;extension;0;;Moving to rest position;
8f4cdfd9-c6a5-4abe-9c92-0d36fb7e13b7;2025-05-09 12:29:34.5999;3067;None;;;;0.2767326;0.9175308;0.1228116;extension;0;;Moving to rest position;
8f4cdfd9-c6a5-4abe-9c92-0d36fb7e13b7;2025-05-09 12:29:34.6118;3068;None;;;;0.2763932;0.9165649;0.1233191;extension;0;;Moving to rest position;
8f4cdfd9-c6a5-4abe-9c92-0d36fb7e13b7;2025-05-09 12:29:34.6228;3069;None;;;;0.2753897;0.9145327;0.1235929;extension;0;;Moving to rest position;
8f4cdfd9-c6a5-4abe-9c92-0d36fb7e13b7;2025-05-09 12:29:34.6338;3070;None;;;;0.2746856;0.912266;0.123466;extension;0;;Moving to rest position;
8f4cdfd9-c6a5-4abe-9c92-0d36fb7e13b7;2025-05-09 12:29:34.6448;3071;None;;;;0.2736436;0.9093329;0.1238031;extension;0;;Moving to rest position;
8f4cdfd9-c6a5-4abe-9c92-0d36fb7e13b7;2025-05-09 12:29:34.6557;3072;None;;;;0.2731261;0.9052284;0.1231053;extension;0;;Moving to rest position;
8f4cdfd9-c6a5-4abe-9c92-0d36fb7e13b7;2025-05-09 12:29:34.6677;3073;None;;;;0.2724493;0.9013358;0.1223032;extension;0;;Moving to rest position;
8f4cdfd9-c6a5-4abe-9c92-0d36fb7e13b7;2025-05-09 12:29:34.6782;3074;None;;;;0.2714705;0.8982462;0.1226296;extension;0;;Moving to rest position;
8f4cdfd9-c6a5-4abe-9c92-0d36fb7e13b7;2025-05-09 12:29:34.6892;3075;None;;;;0.2707348;0.8941216;0.1222119;extension;0;;Moving to rest position;
8f4cdfd9-c6a5-4abe-9c92-0d36fb7e13b7;2025-05-09 12:29:34.7011;3076;None;;;;0.2699426;0.8903106;0.122144;extension;0;;Moving to rest position;
8f4cdfd9-c6a5-4abe-9c92-0d36fb7e13b7;2025-05-09 12:29:34.7121;3077;None;;;;0.2691967;0.8869522;0.122602;extension;0;;Moving to rest position;
8f4cdfd9-c6a5-4abe-9c92-0d36fb7e13b7;2025-05-09 12:29:34.7231;3078;None;;;;0.268115;0.8839434;0.1234617;extension;0;;Moving to rest position;
8f4cdfd9-c6a5-4abe-9c92-0d36fb7e13b7;2025-05-09 12:29:34.7340;3079;None;;;;0.2678759;0.8804705;0.1238344;extension;0;;Moving to rest position;
8f4cdfd9-c6a5-4abe-9c92-0d36fb7e13b7;2025-05-09 12:29:34.7450;3080;None;;;;0.2683047;0.878044;0.1243207;extension;0;;Moving to rest position;
8f4cdfd9-c6a5-4abe-9c92-0d36fb7e13b7;2025-05-09 12:29:34.7570;3081;None;;;;0.2679224;0.8765889;0.1247559;extension;0;;Moving to rest position;
8f4cdfd9-c6a5-4abe-9c92-0d36fb7e13b7;2025-05-09 12:29:34.7680;3082;None;;;;0.2687665;0.8754165;0.1249473;extension;0;;Moving to rest position;
8f4cdfd9-c6a5-4abe-9c92-0d36fb7e13b7;2025-05-09 12:29:34.7794;3083;None;;;;0.2695304;0.8749018;0.1250854;extension;0;;Moving to rest position;
8f4cdfd9-c6a5-4abe-9c92-0d36fb7e13b7;2025-05-09 12:29:34.7904;3084;None;;;;0.269443;0.8762606;0.1251791;extension;0;;Moving to rest position;
8f4cdfd9-c6a5-4abe-9c92-0d36fb7e13b7;2025-05-09 12:29:34.8014;3085;None;;;;0.2703733;0.8776518;0.1262138;extension;0;;Moving to rest position;
8f4cdfd9-c6a5-4abe-9c92-0d36fb7e13b7;2025-05-09 12:29:34.8123;3086;None;;;;0.2715095;0.8796988;0.1264517;extension;0;;Moving to rest position;
8f4cdfd9-c6a5-4abe-9c92-0d36fb7e13b7;2025-05-09 12:29:34.8243;3087;None;;;;0.2726341;0.8834651;0.126755;extension;0;;Moving to rest position;
8f4cdfd9-c6a5-4abe-9c92-0d36fb7e13b7;2025-05-09 12:29:34.8373;3088;None;;;;0.2743003;0.8873669;0.1271706;extension;0;;Moving to rest position;
8f4cdfd9-c6a5-4abe-9c92-0d36fb7e13b7;2025-05-09 12:29:34.8463;3089;None;;;;0.2754793;0.89194;0.1278553;extension;0;;Moving to rest position;
8f4cdfd9-c6a5-4abe-9c92-0d36fb7e13b7;2025-05-09 12:29:34.8572;3090;None;;;;0.2763689;0.8976327;0.1281507;extension;0;;Moving to rest position;
8f4cdfd9-c6a5-4abe-9c92-0d36fb7e13b7;2025-05-09 12:29:34.8692;3091;None;;;;0.2779559;0.9017709;0.1278481;extension;0;;Moving to rest position;
8f4cdfd9-c6a5-4abe-9c92-0d36fb7e13b7;2025-05-09 12:29:34.8797;3092;None;;;;0.2791856;0.9078722;0.1286469;extension;0;;Moving to rest position;
8f4cdfd9-c6a5-4abe-9c92-0d36fb7e13b7;2025-05-09 12:29:34.8906;3093;None;;;;0.2804538;0.9136246;0.1289573;extension;0;;Moving to rest position;
8f4cdfd9-c6a5-4abe-9c92-0d36fb7e13b7;2025-05-09 12:29:34.9026;3094;None;;;;0.2818601;0.9197077;0.1291251;extension;0;;Moving to rest position;
8f4cdfd9-c6a5-4abe-9c92-0d36fb7e13b7;2025-05-09 12:29:34.9136;3095;None;;;;0.2830583;0.9260777;0.1297019;extension;0;;Moving to rest position;
8f4cdfd9-c6a5-4abe-9c92-0d36fb7e13b7;2025-05-09 12:29:34.9241;3096;None;;;;0.2847943;0.9321648;0.1300209;extension;0;;Moving to rest position;
8f4cdfd9-c6a5-4abe-9c92-0d36fb7e13b7;2025-05-09 12:29:34.9360;3097;None;;;;0.2862005;0.938669;0.1300797;extension;0;;Moving to rest position;
8f4cdfd9-c6a5-4abe-9c92-0d36fb7e13b7;2025-05-09 12:29:34.9470;3098;None;;;;0.2874076;0.9447099;0.130733;extension;0;;Moving to rest position;
8f4cdfd9-c6a5-4abe-9c92-0d36fb7e13b7;2025-05-09 12:29:34.9580;3099;None;;;;0.2891538;0.9504123;0.1312385;extension;0;;Moving to rest position;
8f4cdfd9-c6a5-4abe-9c92-0d36fb7e13b7;2025-05-09 12:29:34.9699;3100;None;;;;0.29031;0.9563895;0.1315382;extension;0;;Moving to rest position;
8f4cdfd9-c6a5-4abe-9c92-0d36fb7e13b7;2025-05-09 12:29:34.9799;3101;None;;;;0.2912605;0.9617975;0.132298;extension;0;;Moving to rest position;
8f4cdfd9-c6a5-4abe-9c92-0d36fb7e13b7;2025-05-09 12:29:34.9919;3102;None;;;;0.2923993;0.9664965;0.133131;extension;0;;Moving to rest position;
8f4cdfd9-c6a5-4abe-9c92-0d36fb7e13b7;2025-05-09 12:29:35.0028;3103;None;;;;0.2930926;0.9719501;0.1335676;extension;0;;Moving to rest position;
8f4cdfd9-c6a5-4abe-9c92-0d36fb7e13b7;2025-05-09 12:29:35.0138;3104;None;;;;0.2937735;0.9762471;0.1341889;extension;0;;Moving to rest position;
8f4cdfd9-c6a5-4abe-9c92-0d36fb7e13b7;2025-05-09 12:29:35.0248;3105;None;;;;0.295013;0.9801514;0.1352413;extension;0;;Moving to rest position;
8f4cdfd9-c6a5-4abe-9c92-0d36fb7e13b7;2025-05-09 12:29:35.0368;3106;None;;;;0.2955959;0.9845845;0.1357071;extension;0;;Moving to rest position;
8f4cdfd9-c6a5-4abe-9c92-0d36fb7e13b7;2025-05-09 12:29:35.0477;3107;None;;;;0.2960449;0.9869832;0.1361074;extension;0;;Moving to rest position;
8f4cdfd9-c6a5-4abe-9c92-0d36fb7e13b7;2025-05-09 12:29:35.0587;3108;None;;;;0.2968843;0.989916;0.1369545;extension;0;;Moving to rest position;
8f4cdfd9-c6a5-4abe-9c92-0d36fb7e13b7;2025-05-09 12:29:35.0697;3109;None;;;;0.2969858;0.9929962;0.1382127;extension;0;;Moving to rest position;
8f4cdfd9-c6a5-4abe-9c92-0d36fb7e13b7;2025-05-09 12:29:35.0812;3110;None;;;;0.2972296;0.9946723;0.1390822;extension;0;;Moving to rest position;
8f4cdfd9-c6a5-4abe-9c92-0d36fb7e13b7;2025-05-09 12:29:35.0921;3111;None;;;;0.2977365;0.9961903;0.1402514;extension;0;;Moving to rest position;
8f4cdfd9-c6a5-4abe-9c92-0d36fb7e13b7;2025-05-09 12:29:35.1031;3112;None;;;;0.2975153;0.9982979;0.1410339;extension;0;;Moving to rest position;
8f4cdfd9-c6a5-4abe-9c92-0d36fb7e13b7;2025-05-09 12:29:35.1141;3113;None;;;;0.2972436;0.9996364;0.1419742;extension;0;;Moving to rest position;
8f4cdfd9-c6a5-4abe-9c92-0d36fb7e13b7;2025-05-09 12:29:35.1250;3114;None;;;;0.2972795;1.000013;0.1431739;extension;0;;Moving to rest position;
8f4cdfd9-c6a5-4abe-9c92-0d36fb7e13b7;2025-05-09 12:29:35.1370;3115;None;;;;0.2969306;1.001033;0.1435561;extension;0;;Moving to rest position;
8f4cdfd9-c6a5-4abe-9c92-0d36fb7e13b7;2025-05-09 12:29:35.1475;3116;None;;;;0.296338;1.000944;0.1447983;extension;0;;Moving to rest position;
8f4cdfd9-c6a5-4abe-9c92-0d36fb7e13b7;2025-05-09 12:29:35.1590;3117;None;;;;0.2959698;1.000116;0.1460025;extension;0;;Moving to rest position;
8f4cdfd9-c6a5-4abe-9c92-0d36fb7e13b7;2025-05-09 12:29:35.1699;3118;None;;;;0.2956793;0.9993223;0.1463253;extension;0;;Moving to rest position;
8f4cdfd9-c6a5-4abe-9c92-0d36fb7e13b7;2025-05-09 12:29:35.1819;3119;None;;;;0.2952709;0.9975848;0.1475358;extension;0;;Moving to rest position;
8f4cdfd9-c6a5-4abe-9c92-0d36fb7e13b7;2025-05-09 12:29:35.1929;3120;None;;;;0.2946915;0.9954112;0.1487174;extension;0;;Moving to rest position;
8f4cdfd9-c6a5-4abe-9c92-0d36fb7e13b7;2025-05-09 12:29:35.2038;3121;None;;;;0.2950898;0.991406;0.1465662;extension;0;;Moving to rest position;
8f4cdfd9-c6a5-4abe-9c92-0d36fb7e13b7;2025-05-09 12:29:35.2148;3122;None;;;;0.2945789;0.9888116;0.147311;extension;0;;Moving to rest position;
8f4cdfd9-c6a5-4abe-9c92-0d36fb7e13b7;2025-05-09 12:29:35.2258;3123;None;;;;0.2936574;0.9854547;0.1479726;extension;0;;Moving to rest position;
8f4cdfd9-c6a5-4abe-9c92-0d36fb7e13b7;2025-05-09 12:29:35.2377;3124;None;;;;0.2928525;0.9814129;0.148798;extension;0;;Moving to rest position;
8f4cdfd9-c6a5-4abe-9c92-0d36fb7e13b7;2025-05-09 12:29:35.2487;3125;None;;;;0.2921575;0.9774377;0.1493299;extension;0;;Moving to rest position;
8f4cdfd9-c6a5-4abe-9c92-0d36fb7e13b7;2025-05-09 12:29:35.2592;3126;None;;;;0.2916042;0.9717116;0.1488466;extension;0;;Moving to rest position;
8f4cdfd9-c6a5-4abe-9c92-0d36fb7e13b7;2025-05-09 12:29:35.2702;3127;None;;;;0.2913009;0.9661204;0.1486623;extension;0;;Moving to rest position;
8f4cdfd9-c6a5-4abe-9c92-0d36fb7e13b7;2025-05-09 12:29:35.2811;3128;None;;;;0.2911404;0.9611342;0.1488826;extension;0;;Moving to rest position;
8f4cdfd9-c6a5-4abe-9c92-0d36fb7e13b7;2025-05-09 12:29:35.2931;3129;None;;;;0.2910089;0.9557871;0.1483474;extension;0;;Moving to rest position;
8f4cdfd9-c6a5-4abe-9c92-0d36fb7e13b7;2025-05-09 12:29:35.3041;3130;None;;;;0.291249;0.9501177;0.147835;extension;0;;Moving to rest position;
8f4cdfd9-c6a5-4abe-9c92-0d36fb7e13b7;2025-05-09 12:29:35.3151;3131;None;;;;0.291692;0.9456933;0.1474986;extension;0;;Moving to rest position;
8f4cdfd9-c6a5-4abe-9c92-0d36fb7e13b7;2025-05-09 12:29:35.3260;3132;None;;;;0.2915918;0.9418774;0.1463213;extension;0;;Moving to rest position;
8f4cdfd9-c6a5-4abe-9c92-0d36fb7e13b7;2025-05-09 12:29:35.3370;3133;None;;;;0.2917091;0.9374226;0.1457191;extension;0;;Moving to rest position;
8f4cdfd9-c6a5-4abe-9c92-0d36fb7e13b7;2025-05-09 12:29:35.3490;3134;None;;;;0.2914751;0.9344283;0.1446843;extension;0;;Moving to rest position;
8f4cdfd9-c6a5-4abe-9c92-0d36fb7e13b7;2025-05-09 12:29:35.3599;3135;None;;;;0.2916664;0.9324691;0.1443007;extension;0;;Moving to rest position;
8f4cdfd9-c6a5-4abe-9c92-0d36fb7e13b7;2025-05-09 12:29:35.3709;3136;None;;;;0.2920533;0.9302926;0.1439309;extension;0;;Moving to rest position;
8f4cdfd9-c6a5-4abe-9c92-0d36fb7e13b7;2025-05-09 12:29:35.3829;3137;None;;;;0.2922834;0.9296162;0.1438591;extension;0;;Moving to rest position;
8f4cdfd9-c6a5-4abe-9c92-0d36fb7e13b7;2025-05-09 12:29:35.3934;3138;None;;;;0.2919956;0.9305125;0.143486;extension;0;;Moving to rest position;
8f4cdfd9-c6a5-4abe-9c92-0d36fb7e13b7;2025-05-09 12:29:35.4043;3139;None;;;;0.2924783;0.9316523;0.1430287;extension;0;;Moving to rest position;
8f4cdfd9-c6a5-4abe-9c92-0d36fb7e13b7;2025-05-09 12:29:35.4153;3140;None;;;;0.2929175;0.9349246;0.1432998;extension;0;;Moving to rest position;
8f4cdfd9-c6a5-4abe-9c92-0d36fb7e13b7;2025-05-09 12:29:35.4273;3141;None;;;;0.2926832;0.9386947;0.1433277;extension;0;;Moving to rest position;
8f4cdfd9-c6a5-4abe-9c92-0d36fb7e13b7;2025-05-09 12:29:35.4382;3142;None;;;;0.2934343;0.9399754;0.1427383;extension;0;;Moving to rest position;
8f4cdfd9-c6a5-4abe-9c92-0d36fb7e13b7;2025-05-09 12:29:35.4492;3143;None;;;;0.2938911;0.9441921;0.1430278;extension;0;;Moving to rest position;
8f4cdfd9-c6a5-4abe-9c92-0d36fb7e13b7;2025-05-09 12:29:35.4602;3144;None;;;;0.294399;0.9483047;0.1429553;extension;0;;Moving to rest position;
8f4cdfd9-c6a5-4abe-9c92-0d36fb7e13b7;2025-05-09 12:29:35.4721;3145;None;;;;0.2951941;0.9512798;0.1422822;extension;0;;Moving to rest position;
8f4cdfd9-c6a5-4abe-9c92-0d36fb7e13b7;2025-05-09 12:29:35.4836;3146;None;;;;0.2956851;0.9561079;0.1425207;extension;0;;Moving to rest position;
8f4cdfd9-c6a5-4abe-9c92-0d36fb7e13b7;2025-05-09 12:29:35.4946;3147;None;;;;0.2965345;0.9606365;0.142627;extension;0;;Moving to rest position;
8f4cdfd9-c6a5-4abe-9c92-0d36fb7e13b7;2025-05-09 12:29:35.5056;3148;None;;;;0.2974392;0.9644377;0.1418476;extension;0;;Moving to rest position;
8f4cdfd9-c6a5-4abe-9c92-0d36fb7e13b7;2025-05-09 12:29:35.5165;3149;None;;;;0.2988446;0.9685138;0.1418715;extension;0;;Moving to rest position;
8f4cdfd9-c6a5-4abe-9c92-0d36fb7e13b7;2025-05-09 12:29:35.5275;3150;None;;;;0.2995801;0.9723405;0.1421115;extension;0;;Moving to rest position;
8f4cdfd9-c6a5-4abe-9c92-0d36fb7e13b7;2025-05-09 12:29:35.5385;3151;None;;;;0.3003752;0.9764404;0.1415582;extension;0;;Moving to rest position;
8f4cdfd9-c6a5-4abe-9c92-0d36fb7e13b7;2025-05-09 12:29:35.5494;3152;None;;;;0.3009357;0.9797368;0.1417372;extension;0;;Moving to rest position;
8f4cdfd9-c6a5-4abe-9c92-0d36fb7e13b7;2025-05-09 12:29:35.5614;3153;None;;;;0.3021663;0.9820591;0.141376;extension;0;;Moving to rest position;
8f4cdfd9-c6a5-4abe-9c92-0d36fb7e13b7;2025-05-09 12:29:35.5724;3154;None;;;;0.3028374;0.9848855;0.1403637;extension;0;;Moving to rest position;
8f4cdfd9-c6a5-4abe-9c92-0d36fb7e13b7;2025-05-09 12:29:35.5839;3155;None;;;;0.3032185;0.9870684;0.1404164;extension;0;;Moving to rest position;
8f4cdfd9-c6a5-4abe-9c92-0d36fb7e13b7;2025-05-09 12:29:35.5948;3156;None;;;;0.3043706;0.9889194;0.1389105;extension;0;;Moving to rest position;
8f4cdfd9-c6a5-4abe-9c92-0d36fb7e13b7;2025-05-09 12:29:35.6058;3157;None;;;;0.3047071;0.9907583;0.1388946;extension;0;;Moving to rest position;
8f4cdfd9-c6a5-4abe-9c92-0d36fb7e13b7;2025-05-09 12:29:35.6168;3158;None;;;;0.3054277;0.9919738;0.1388822;extension;0;;Moving to rest position;
8f4cdfd9-c6a5-4abe-9c92-0d36fb7e13b7;2025-05-09 12:29:35.6277;3159;None;;;;0.3058376;0.9930019;0.1390159;extension;0;;Moving to rest position;
8f4cdfd9-c6a5-4abe-9c92-0d36fb7e13b7;2025-05-09 12:29:35.6397;3160;None;;;;0.3062316;0.9948113;0.1386874;extension;0;;Moving to rest position;
8f4cdfd9-c6a5-4abe-9c92-0d36fb7e13b7;2025-05-09 12:29:35.6502;3161;None;;;;0.3067517;0.9956229;0.138895;extension;0;;Moving to rest position;
8f4cdfd9-c6a5-4abe-9c92-0d36fb7e13b7;2025-05-09 12:29:35.6612;3162;None;;;;0.306934;0.9961921;0.1390591;extension;0;;Moving to rest position;
8f4cdfd9-c6a5-4abe-9c92-0d36fb7e13b7;2025-05-09 12:29:35.6731;3163;None;;;;0.3069748;0.9971566;0.1394327;extension;0;;Moving to rest position;
8f4cdfd9-c6a5-4abe-9c92-0d36fb7e13b7;2025-05-09 12:29:35.6841;3164;None;;;;0.307179;0.9971722;0.1398489;extension;0;;Moving to rest position;
8f4cdfd9-c6a5-4abe-9c92-0d36fb7e13b7;2025-05-09 12:29:35.6951;3165;None;;;;0.3067903;0.996833;0.140214;extension;0;;Moving to rest position;
8f4cdfd9-c6a5-4abe-9c92-0d36fb7e13b7;2025-05-09 12:29:35.7060;3166;None;;;;0.3061935;0.9964603;0.1404667;extension;0;;Moving to rest position;
8f4cdfd9-c6a5-4abe-9c92-0d36fb7e13b7;2025-05-09 12:29:35.7170;3167;None;;;;0.3060272;0.9957327;0.1408629;extension;0;;Moving to rest position;
8f4cdfd9-c6a5-4abe-9c92-0d36fb7e13b7;2025-05-09 12:29:35.7280;3168;None;;;;0.3053902;0.994634;0.1407204;extension;0;;Moving to rest position;
8f4cdfd9-c6a5-4abe-9c92-0d36fb7e13b7;2025-05-09 12:29:35.7400;3169;None;;;;0.3046181;0.9932553;0.1410465;extension;0;;Moving to rest position;
8f4cdfd9-c6a5-4abe-9c92-0d36fb7e13b7;2025-05-09 12:29:35.7509;3170;None;;;;0.3038986;0.9919255;0.141315;extension;0;;Moving to rest position;
8f4cdfd9-c6a5-4abe-9c92-0d36fb7e13b7;2025-05-09 12:29:35.7619;3171;None;;;;0.3036159;0.9896764;0.1412704;extension;0;;Moving to rest position;
8f4cdfd9-c6a5-4abe-9c92-0d36fb7e13b7;2025-05-09 12:29:35.7729;3172;None;;;;0.3029501;0.9877301;0.1409175;extension;0;;Moving to rest position;
8f4cdfd9-c6a5-4abe-9c92-0d36fb7e13b7;2025-05-09 12:29:35.7843;3173;None;;;;0.3019881;0.985504;0.1411209;extension;0;;Moving to rest position;
8f4cdfd9-c6a5-4abe-9c92-0d36fb7e13b7;2025-05-09 12:29:35.7953;3174;None;;;;0.3020748;0.9811436;0.1382661;extension;0;;Moving to rest position;
8f4cdfd9-c6a5-4abe-9c92-0d36fb7e13b7;2025-05-09 12:29:35.8073;3175;None;;;;0.3010893;0.9787002;0.1385758;extension;0;;Moving to rest position;
8f4cdfd9-c6a5-4abe-9c92-0d36fb7e13b7;2025-05-09 12:29:35.8183;3176;None;;;;0.3001025;0.9755285;0.1385286;extension;0;;Moving to rest position;
8f4cdfd9-c6a5-4abe-9c92-0d36fb7e13b7;2025-05-09 12:29:35.8292;3177;None;;;;0.2989745;0.9728487;0.1394904;extension;0;;Moving to rest position;
8f4cdfd9-c6a5-4abe-9c92-0d36fb7e13b7;2025-05-09 12:29:35.8402;3178;None;;;;0.2980533;0.9700836;0.1399791;extension;0;;Moving to rest position;
8f4cdfd9-c6a5-4abe-9c92-0d36fb7e13b7;2025-05-09 12:29:35.8512;3179;None;;;;0.2973882;0.9664558;0.1391737;extension;0;;Moving to rest position;
8f4cdfd9-c6a5-4abe-9c92-0d36fb7e13b7;2025-05-09 12:29:35.8631;3180;None;;;;0.2965666;0.9637847;0.1394556;extension;0;;Moving to rest position;
8f4cdfd9-c6a5-4abe-9c92-0d36fb7e13b7;2025-05-09 12:29:35.8741;3181;None;;;;0.2955633;0.9611164;0.1406667;extension;0;;Moving to rest position;
8f4cdfd9-c6a5-4abe-9c92-0d36fb7e13b7;2025-05-09 12:29:35.8846;3182;None;;;;0.2944778;0.9583937;0.1408179;extension;0;;Moving to rest position;
8f4cdfd9-c6a5-4abe-9c92-0d36fb7e13b7;2025-05-09 12:29:35.8956;3183;None;;;;0.2942681;0.9546688;0.1403635;extension;0;;Moving to rest position;
8f4cdfd9-c6a5-4abe-9c92-0d36fb7e13b7;2025-05-09 12:29:35.9075;3184;None;;;;0.2937443;0.9519122;0.1405666;extension;0;;Moving to rest position;
8f4cdfd9-c6a5-4abe-9c92-0d36fb7e13b7;2025-05-09 12:29:35.9185;3185;None;;;;0.2928802;0.9489721;0.1403658;extension;0;;Moving to rest position;
8f4cdfd9-c6a5-4abe-9c92-0d36fb7e13b7;2025-05-09 12:29:35.9344;3186;None;;;;0.2924205;0.9453472;0.1406424;extension;0;;Moving to rest position;
8f4cdfd9-c6a5-4abe-9c92-0d36fb7e13b7;2025-05-09 12:29:35.9404;3187;None;;;;0.2920273;0.9422429;0.140774;extension;0;;Moving to rest position;
8f4cdfd9-c6a5-4abe-9c92-0d36fb7e13b7;2025-05-09 12:29:35.9524;3188;None;;;;0.2915019;0.9383876;0.1403036;extension;0;;Moving to rest position;
8f4cdfd9-c6a5-4abe-9c92-0d36fb7e13b7;2025-05-09 12:29:35.9634;3189;None;;;;0.2911968;0.9339703;0.1396983;extension;0;;Moving to rest position;
8f4cdfd9-c6a5-4abe-9c92-0d36fb7e13b7;2025-05-09 12:29:35.9743;3190;None;;;;0.2906803;0.9300808;0.1394558;extension;0;;Moving to rest position;
8f4cdfd9-c6a5-4abe-9c92-0d36fb7e13b7;2025-05-09 12:29:35.9858;3191;None;;;;0.289943;0.9252552;0.1383164;extension;0;;Moving to rest position;
8f4cdfd9-c6a5-4abe-9c92-0d36fb7e13b7;2025-05-09 12:29:35.9968;3192;None;;;;0.2897355;0.9199045;0.1361244;extension;0;;Moving to rest position;
8f4cdfd9-c6a5-4abe-9c92-0d36fb7e13b7;2025-05-09 12:29:36.0073;3193;None;;;;0.2891364;0.9153267;0.1347995;extension;0;;Moving to rest position;
8f4cdfd9-c6a5-4abe-9c92-0d36fb7e13b7;2025-05-09 12:29:36.0192;3194;None;;;;0.2886473;0.9103142;0.1326945;extension;0;;Moving to rest position;
8f4cdfd9-c6a5-4abe-9c92-0d36fb7e13b7;2025-05-09 12:29:36.0302;3195;None;;;;0.287958;0.9047861;0.1300616;extension;0;;Moving to rest position;
8f4cdfd9-c6a5-4abe-9c92-0d36fb7e13b7;2025-05-09 12:29:36.0412;3196;None;;;;0.287007;0.8992563;0.1279852;extension;0;;Moving to rest position;
8f4cdfd9-c6a5-4abe-9c92-0d36fb7e13b7;2025-05-09 12:29:36.0521;3197;None;;;;0.28661;0.8933684;0.1257234;extension;0;;Moving to rest position;
8f4cdfd9-c6a5-4abe-9c92-0d36fb7e13b7;2025-05-09 12:29:36.0631;3198;None;;;;0.2859342;0.8866432;0.1234369;extension;0;;Moving to rest position;
8f4cdfd9-c6a5-4abe-9c92-0d36fb7e13b7;2025-05-09 12:29:36.0841;3199;None;;;;0.2850168;0.8806988;0.1216888;extension;0;;Moving to rest position;
