ID;Timestamp;FrameNumber;ActivatedCube;ActiveCubeX;ActiveCubeY;ActiveCubeZ;TrackerX;TrackerY;TrackerZ;GoalGesture;GesturesAttempted;AttemptsInCube;State;Event
3b7c6130-54a6-491e-9b42-c1711cd33749;2025-05-12 09:59:15.6187;1;None;;;;0;0;0;extension;0;;Moving to rest position;
3b7c6130-54a6-491e-9b42-c1711cd33749;2025-05-12 09:59:20.2254;2;None;;;;0;0;0;extension;0;;Moving to rest position;
3b7c6130-54a6-491e-9b42-c1711cd33749;2025-05-12 09:59:20.2673;3;None;;;;0;0;0;extension;0;;Moving to rest position;
3b7c6130-54a6-491e-9b42-c1711cd33749;2025-05-12 09:59:20.2753;4;None;;;;0;0;0;extension;0;;Moving to rest position;
3b7c6130-54a6-491e-9b42-c1711cd33749;2025-05-12 09:59:20.2882;6;None;;;;0;0;0;extension;0;;Moving to rest position;
3b7c6130-54a6-491e-9b42-c1711cd33749;2025-05-12 09:59:20.2992;7;None;;;;0;0;0;extension;0;;Moving to rest position;
3b7c6130-54a6-491e-9b42-c1711cd33749;2025-05-12 09:59:20.3102;8;None;;;;0;0;0;extension;0;;Moving to rest position;
3b7c6130-54a6-491e-9b42-c1711cd33749;2025-05-12 09:59:20.3211;9;None;;;;0;0;0;extension;0;;Moving to rest position;
3b7c6130-54a6-491e-9b42-c1711cd33749;2025-05-12 09:59:20.3321;10;None;;;;0;0;0;extension;0;;Moving to rest position;
3b7c6130-54a6-491e-9b42-c1711cd33749;2025-05-12 09:59:20.3441;11;None;;;;0;0;0;extension;0;;Moving to rest position;
3b7c6130-54a6-491e-9b42-c1711cd33749;2025-05-12 09:59:20.3551;12;None;;;;0;0;0;extension;0;;Moving to rest position;
3b7c6130-54a6-491e-9b42-c1711cd33749;2025-05-12 09:59:20.3660;13;None;;;;0;0;0;extension;0;;Moving to rest position;
3b7c6130-54a6-491e-9b42-c1711cd33749;2025-05-12 09:59:20.3770;14;None;;;;0;0;0;extension;0;;Moving to rest position;
3b7c6130-54a6-491e-9b42-c1711cd33749;2025-05-12 09:59:20.3880;15;None;;;;0;0;0;extension;0;;Moving to rest position;
3b7c6130-54a6-491e-9b42-c1711cd33749;2025-05-12 09:59:20.3989;16;None;;;;0;0;0;extension;0;;Moving to rest position;
3b7c6130-54a6-491e-9b42-c1711cd33749;2025-05-12 09:59:20.4099;17;None;;;;0;0;0;extension;0;;Moving to rest position;
3b7c6130-54a6-491e-9b42-c1711cd33749;2025-05-12 09:59:20.4219;18;None;;;;0;0;0;extension;0;;Moving to rest position;
3b7c6130-54a6-491e-9b42-c1711cd33749;2025-05-12 09:59:20.4328;19;None;;;;0;0;0;extension;0;;Moving to rest position;
3b7c6130-54a6-491e-9b42-c1711cd33749;2025-05-12 09:59:20.4438;20;None;;;;0;0;0;extension;0;;Moving to rest position;
3b7c6130-54a6-491e-9b42-c1711cd33749;2025-05-12 09:59:20.5864;21;None;;;;0;0;0;extension;0;;Moving to rest position;
3b7c6130-54a6-491e-9b42-c1711cd33749;2025-05-12 09:59:20.5914;22;None;;;;0;0;0;extension;0;;Moving to rest position;
3b7c6130-54a6-491e-9b42-c1711cd33749;2025-05-12 09:59:20.6004;23;None;;;;0;0;0;extension;0;;Moving to rest position;
3b7c6130-54a6-491e-9b42-c1711cd33749;2025-05-12 09:59:20.6114;24;None;;;;0;0;0;extension;0;;Moving to rest position;
3b7c6130-54a6-491e-9b42-c1711cd33749;2025-05-12 09:59:20.6233;25;None;;;;0;0;0;extension;0;;Moving to rest position;
3b7c6130-54a6-491e-9b42-c1711cd33749;2025-05-12 09:59:20.6343;26;None;;;;0;0;0;extension;0;;Moving to rest position;
3b7c6130-54a6-491e-9b42-c1711cd33749;2025-05-12 09:59:20.6453;27;None;;;;0;0;0;extension;0;;Moving to rest position;
3b7c6130-54a6-491e-9b42-c1711cd33749;2025-05-12 09:59:20.6569;28;None;;;;0;0;0;extension;0;;Moving to rest position;
3b7c6130-54a6-491e-9b42-c1711cd33749;2025-05-12 09:59:20.6678;29;None;;;;0;0;0;extension;0;;Moving to rest position;
3b7c6130-54a6-491e-9b42-c1711cd33749;2025-05-12 09:59:20.6788;30;None;;;;0;0;0;extension;0;;Moving to rest position;
3b7c6130-54a6-491e-9b42-c1711cd33749;2025-05-12 09:59:20.6898;31;None;;;;0;0;0;extension;0;;Moving to rest position;
3b7c6130-54a6-491e-9b42-c1711cd33749;2025-05-12 09:59:20.7008;32;None;;;;0;0;0;extension;0;;Moving to rest position;
3b7c6130-54a6-491e-9b42-c1711cd33749;2025-05-12 09:59:20.7127;33;None;;;;0;0;0;extension;0;;Moving to rest position;
3b7c6130-54a6-491e-9b42-c1711cd33749;2025-05-12 09:59:20.7237;34;None;;;;0;0;0;extension;0;;Moving to rest position;
3b7c6130-54a6-491e-9b42-c1711cd33749;2025-05-12 09:59:20.7342;35;None;;;;0;0;0;extension;0;;Moving to rest position;
3b7c6130-54a6-491e-9b42-c1711cd33749;2025-05-12 09:59:20.7461;36;None;;;;0;0;0;extension;0;;Moving to rest position;
3b7c6130-54a6-491e-9b42-c1711cd33749;2025-05-12 09:59:20.7571;37;None;;;;0;0;0;extension;0;;Moving to rest position;
3b7c6130-54a6-491e-9b42-c1711cd33749;2025-05-12 09:59:20.7681;38;None;;;;0;0;0;extension;0;;Moving to rest position;
3b7c6130-54a6-491e-9b42-c1711cd33749;2025-05-12 09:59:20.7791;39;None;;;;0;0;0;extension;0;;Moving to rest position;
3b7c6130-54a6-491e-9b42-c1711cd33749;2025-05-12 09:59:20.7900;40;None;;;;0;0;0;extension;0;;Moving to rest position;
3b7c6130-54a6-491e-9b42-c1711cd33749;2025-05-12 09:59:20.8010;41;None;;;;0;0;0;extension;0;;Moving to rest position;
3b7c6130-54a6-491e-9b42-c1711cd33749;2025-05-12 09:59:20.8130;42;None;;;;0;0;0;extension;0;;Moving to rest position;
3b7c6130-54a6-491e-9b42-c1711cd33749;2025-05-12 09:59:20.8239;43;None;;;;0;0;0;extension;0;;Moving to rest position;
3b7c6130-54a6-491e-9b42-c1711cd33749;2025-05-12 09:59:20.8349;44;None;;;;0;0;0;extension;0;;Moving to rest position;
3b7c6130-54a6-491e-9b42-c1711cd33749;2025-05-12 09:59:20.8459;45;None;;;;0;0;0;extension;0;;Moving to rest position;
3b7c6130-54a6-491e-9b42-c1711cd33749;2025-05-12 09:59:20.8578;46;None;;;;0;0;0;extension;0;;Moving to rest position;
3b7c6130-54a6-491e-9b42-c1711cd33749;2025-05-12 09:59:20.8688;47;None;;;;0;0;0;extension;0;;Moving to rest position;
3b7c6130-54a6-491e-9b42-c1711cd33749;2025-05-12 09:59:20.8798;48;None;;;;0;0;0;extension;0;;Moving to rest position;
3b7c6130-54a6-491e-9b42-c1711cd33749;2025-05-12 09:59:20.8908;49;None;;;;0;0;0;extension;0;;Moving to rest position;
3b7c6130-54a6-491e-9b42-c1711cd33749;2025-05-12 09:59:20.9017;50;None;;;;0;0;0;extension;0;;Moving to rest position;
3b7c6130-54a6-491e-9b42-c1711cd33749;2025-05-12 09:59:20.9127;51;None;;;;0;0;0;extension;0;;Moving to rest position;
3b7c6130-54a6-491e-9b42-c1711cd33749;2025-05-12 09:59:20.9247;52;None;;;;0;0;0;extension;0;;Moving to rest position;
3b7c6130-54a6-491e-9b42-c1711cd33749;2025-05-12 09:59:20.9356;53;None;;;;0;0;0;extension;0;;Moving to rest position;
3b7c6130-54a6-491e-9b42-c1711cd33749;2025-05-12 09:59:20.9466;54;None;;;;0;0;0;extension;0;;Moving to rest position;
3b7c6130-54a6-491e-9b42-c1711cd33749;2025-05-12 09:59:20.9576;55;None;;;;0;0;0;extension;0;;Moving to rest position;
3b7c6130-54a6-491e-9b42-c1711cd33749;2025-05-12 09:59:20.9685;56;None;;;;0;0;0;extension;0;;Moving to rest position;
3b7c6130-54a6-491e-9b42-c1711cd33749;2025-05-12 09:59:20.9805;57;None;;;;0;0;0;extension;0;;Moving to rest position;
3b7c6130-54a6-491e-9b42-c1711cd33749;2025-05-12 09:59:20.9915;58;None;;;;0;0;0;extension;0;;Moving to rest position;
3b7c6130-54a6-491e-9b42-c1711cd33749;2025-05-12 09:59:21.0025;59;None;;;;0;0;0;extension;0;;Moving to rest position;
3b7c6130-54a6-491e-9b42-c1711cd33749;2025-05-12 09:59:21.0134;60;None;;;;0;0;0;extension;0;;Moving to rest position;
3b7c6130-54a6-491e-9b42-c1711cd33749;2025-05-12 09:59:21.0254;61;None;;;;0;0;0;extension;0;;Moving to rest position;
3b7c6130-54a6-491e-9b42-c1711cd33749;2025-05-12 09:59:21.0384;62;None;;;;0;0;0;extension;0;;Moving to rest position;
3b7c6130-54a6-491e-9b42-c1711cd33749;2025-05-12 09:59:21.0503;63;None;;;;0;0;0;extension;0;;Moving to rest position;
3b7c6130-54a6-491e-9b42-c1711cd33749;2025-05-12 09:59:21.0638;64;None;;;;0;0;0;extension;0;;Moving to rest position;
3b7c6130-54a6-491e-9b42-c1711cd33749;2025-05-12 09:59:21.0758;65;None;;;;0;0;0;extension;0;;Moving to rest position;
3b7c6130-54a6-491e-9b42-c1711cd33749;2025-05-12 09:59:21.0877;66;None;;;;0;0;0;extension;0;;Moving to rest position;
3b7c6130-54a6-491e-9b42-c1711cd33749;2025-05-12 09:59:21.0987;67;None;;;;0;0;0;extension;0;;Moving to rest position;
3b7c6130-54a6-491e-9b42-c1711cd33749;2025-05-12 09:59:21.1097;68;None;;;;0;0;0;extension;0;;Moving to rest position;
3b7c6130-54a6-491e-9b42-c1711cd33749;2025-05-12 09:59:21.1206;69;None;;;;0;0;0;extension;0;;Moving to rest position;
3b7c6130-54a6-491e-9b42-c1711cd33749;2025-05-12 09:59:21.1316;70;None;;;;0;0;0;extension;0;;Moving to rest position;
3b7c6130-54a6-491e-9b42-c1711cd33749;2025-05-12 09:59:21.1426;71;None;;;;0;0;0;extension;0;;Moving to rest position;
3b7c6130-54a6-491e-9b42-c1711cd33749;2025-05-12 09:59:21.1546;72;None;;;;0;0;0;extension;0;;Moving to rest position;
3b7c6130-54a6-491e-9b42-c1711cd33749;2025-05-12 09:59:21.1650;73;None;;;;0;0;0;extension;0;;Moving to rest position;
3b7c6130-54a6-491e-9b42-c1711cd33749;2025-05-12 09:59:21.1760;74;None;;;;0;0;0;extension;0;;Moving to rest position;
3b7c6130-54a6-491e-9b42-c1711cd33749;2025-05-12 09:59:21.1880;75;None;;;;0;0;0;extension;0;;Moving to rest position;
3b7c6130-54a6-491e-9b42-c1711cd33749;2025-05-12 09:59:21.1989;76;None;;;;0;0;0;extension;0;;Moving to rest position;
3b7c6130-54a6-491e-9b42-c1711cd33749;2025-05-12 09:59:21.2099;77;None;;;;0;0;0;extension;0;;Moving to rest position;
3b7c6130-54a6-491e-9b42-c1711cd33749;2025-05-12 09:59:21.2219;78;None;;;;0;0;0;extension;0;;Moving to rest position;
3b7c6130-54a6-491e-9b42-c1711cd33749;2025-05-12 09:59:21.2319;79;None;;;;0;0;0;extension;0;;Moving to rest position;
3b7c6130-54a6-491e-9b42-c1711cd33749;2025-05-12 09:59:21.2438;80;None;;;;0;0;0;extension;0;;Moving to rest position;
3b7c6130-54a6-491e-9b42-c1711cd33749;2025-05-12 09:59:21.2548;81;None;;;;0;0;0;extension;0;;Moving to rest position;
3b7c6130-54a6-491e-9b42-c1711cd33749;2025-05-12 09:59:21.2658;82;None;;;;0;0;0;extension;0;;Moving to rest position;
3b7c6130-54a6-491e-9b42-c1711cd33749;2025-05-12 09:59:21.2767;83;None;;;;0;0;0;extension;0;;Moving to rest position;
3b7c6130-54a6-491e-9b42-c1711cd33749;2025-05-12 09:59:21.2897;84;None;;;;0;0;0;extension;0;;Moving to rest position;
3b7c6130-54a6-491e-9b42-c1711cd33749;2025-05-12 09:59:21.2997;85;None;;;;0;0;0;extension;0;;Moving to rest position;
3b7c6130-54a6-491e-9b42-c1711cd33749;2025-05-12 09:59:21.3116;86;None;;;;0;0;0;extension;0;;Moving to rest position;
3b7c6130-54a6-491e-9b42-c1711cd33749;2025-05-12 09:59:21.3226;87;None;;;;0;0;0;extension;0;;Moving to rest position;
3b7c6130-54a6-491e-9b42-c1711cd33749;2025-05-12 09:59:21.3336;88;None;;;;0;0;0;extension;0;;Moving to rest position;
3b7c6130-54a6-491e-9b42-c1711cd33749;2025-05-12 09:59:21.3446;89;None;;;;0;0;0;extension;0;;Moving to rest position;
3b7c6130-54a6-491e-9b42-c1711cd33749;2025-05-12 09:59:21.3565;90;None;;;;0;0;0;extension;0;;Moving to rest position;
3b7c6130-54a6-491e-9b42-c1711cd33749;2025-05-12 09:59:21.3675;91;None;;;;0;0;0;extension;0;;Moving to rest position;
3b7c6130-54a6-491e-9b42-c1711cd33749;2025-05-12 09:59:21.3785;92;None;;;;0;0;0;extension;0;;Moving to rest position;
3b7c6130-54a6-491e-9b42-c1711cd33749;2025-05-12 09:59:21.3904;93;None;;;;0;0;0;extension;0;;Moving to rest position;
3b7c6130-54a6-491e-9b42-c1711cd33749;2025-05-12 09:59:21.4004;94;None;;;;0;0;0;extension;0;;Moving to rest position;
3b7c6130-54a6-491e-9b42-c1711cd33749;2025-05-12 09:59:21.4124;95;None;;;;0;0;0;extension;0;;Moving to rest position;
3b7c6130-54a6-491e-9b42-c1711cd33749;2025-05-12 09:59:21.4233;96;None;;;;0;0;0;extension;0;;Moving to rest position;
3b7c6130-54a6-491e-9b42-c1711cd33749;2025-05-12 09:59:21.4343;97;None;;;;0;0;0;extension;0;;Moving to rest position;
3b7c6130-54a6-491e-9b42-c1711cd33749;2025-05-12 09:59:21.4453;98;None;;;;0;0;0;extension;0;;Moving to rest position;
3b7c6130-54a6-491e-9b42-c1711cd33749;2025-05-12 09:59:21.4573;99;None;;;;0;0;0;extension;0;;Moving to rest position;
3b7c6130-54a6-491e-9b42-c1711cd33749;2025-05-12 09:59:21.4672;100;None;;;;0;0;0;extension;0;;Moving to rest position;
3b7c6130-54a6-491e-9b42-c1711cd33749;2025-05-12 09:59:21.4792;101;None;;;;0;0;0;extension;0;;Moving to rest position;
3b7c6130-54a6-491e-9b42-c1711cd33749;2025-05-12 09:59:21.4902;102;None;;;;0;0;0;extension;0;;Moving to rest position;
3b7c6130-54a6-491e-9b42-c1711cd33749;2025-05-12 09:59:21.5011;103;None;;;;0;0;0;extension;0;;Moving to rest position;
3b7c6130-54a6-491e-9b42-c1711cd33749;2025-05-12 09:59:21.5121;104;None;;;;0;0;0;extension;0;;Moving to rest position;
3b7c6130-54a6-491e-9b42-c1711cd33749;2025-05-12 09:59:21.5231;105;None;;;;0;0;0;extension;0;;Moving to rest position;
3b7c6130-54a6-491e-9b42-c1711cd33749;2025-05-12 09:59:21.5350;106;None;;;;0;0;0;extension;0;;Moving to rest position;
3b7c6130-54a6-491e-9b42-c1711cd33749;2025-05-12 09:59:21.5460;107;None;;;;0;0;0;extension;0;;Moving to rest position;
3b7c6130-54a6-491e-9b42-c1711cd33749;2025-05-12 09:59:21.5570;108;None;;;;0;0;0;extension;0;;Moving to rest position;
3b7c6130-54a6-491e-9b42-c1711cd33749;2025-05-12 09:59:21.5680;109;None;;;;0;0;0;extension;0;;Moving to rest position;
3b7c6130-54a6-491e-9b42-c1711cd33749;2025-05-12 09:59:21.5799;110;None;;;;0;0;0;extension;0;;Moving to rest position;
3b7c6130-54a6-491e-9b42-c1711cd33749;2025-05-12 09:59:21.5909;111;None;;;;0;0;0;extension;0;;Moving to rest position;
3b7c6130-54a6-491e-9b42-c1711cd33749;2025-05-12 09:59:21.6019;112;None;;;;0;0;0;extension;0;;Moving to rest position;
3b7c6130-54a6-491e-9b42-c1711cd33749;2025-05-12 09:59:21.6128;113;None;;;;0;0;0;extension;0;;Moving to rest position;
3b7c6130-54a6-491e-9b42-c1711cd33749;2025-05-12 09:59:21.6238;114;None;;;;0;0;0;extension;0;;Moving to rest position;
3b7c6130-54a6-491e-9b42-c1711cd33749;2025-05-12 09:59:21.6348;115;None;;;;0;0;0;extension;0;;Moving to rest position;
3b7c6130-54a6-491e-9b42-c1711cd33749;2025-05-12 09:59:21.6467;116;None;;;;0;0;0;extension;0;;Moving to rest position;
3b7c6130-54a6-491e-9b42-c1711cd33749;2025-05-12 09:59:21.6577;117;None;;;;0;0;0;extension;0;;Moving to rest position;
3b7c6130-54a6-491e-9b42-c1711cd33749;2025-05-12 09:59:21.6692;118;None;;;;0;0;0;extension;0;;Moving to rest position;
3b7c6130-54a6-491e-9b42-c1711cd33749;2025-05-12 09:59:21.6802;119;None;;;;0;0;0;extension;0;;Moving to rest position;
3b7c6130-54a6-491e-9b42-c1711cd33749;2025-05-12 09:59:21.6911;120;None;;;;0;0;0;extension;0;;Moving to rest position;
3b7c6130-54a6-491e-9b42-c1711cd33749;2025-05-12 09:59:21.7021;121;None;;;;0;0;0;extension;0;;Moving to rest position;
3b7c6130-54a6-491e-9b42-c1711cd33749;2025-05-12 09:59:21.7131;122;None;;;;0;0;0;extension;0;;Moving to rest position;
3b7c6130-54a6-491e-9b42-c1711cd33749;2025-05-12 09:59:21.7250;123;None;;;;0;0;0;extension;0;;Moving to rest position;
3b7c6130-54a6-491e-9b42-c1711cd33749;2025-05-12 09:59:21.7360;124;None;;;;0;0;0;extension;0;;Moving to rest position;
3b7c6130-54a6-491e-9b42-c1711cd33749;2025-05-12 09:59:21.7470;125;None;;;;0;0;0;extension;0;;Moving to rest position;
3b7c6130-54a6-491e-9b42-c1711cd33749;2025-05-12 09:59:21.7580;126;None;;;;0;0;0;extension;0;;Moving to rest position;
3b7c6130-54a6-491e-9b42-c1711cd33749;2025-05-12 09:59:21.7694;127;None;;;;0;0;0;extension;0;;Moving to rest position;
3b7c6130-54a6-491e-9b42-c1711cd33749;2025-05-12 09:59:21.7804;128;None;;;;0;0;0;extension;0;;Moving to rest position;
3b7c6130-54a6-491e-9b42-c1711cd33749;2025-05-12 09:59:21.7914;129;None;;;;0;0;0;extension;0;;Moving to rest position;
3b7c6130-54a6-491e-9b42-c1711cd33749;2025-05-12 09:59:21.8023;130;None;;;;0;0;0;extension;0;;Moving to rest position;
3b7c6130-54a6-491e-9b42-c1711cd33749;2025-05-12 09:59:21.8143;131;None;;;;0;0;0;extension;0;;Moving to rest position;
3b7c6130-54a6-491e-9b42-c1711cd33749;2025-05-12 09:59:21.8253;132;None;;;;0;0;0;extension;0;;Moving to rest position;
3b7c6130-54a6-491e-9b42-c1711cd33749;2025-05-12 09:59:21.8363;133;None;;;;0;0;0;extension;0;;Moving to rest position;
3b7c6130-54a6-491e-9b42-c1711cd33749;2025-05-12 09:59:21.8472;134;None;;;;0;0;0;extension;0;;Moving to rest position;
3b7c6130-54a6-491e-9b42-c1711cd33749;2025-05-12 09:59:21.8582;135;None;;;;0;0;0;extension;0;;Moving to rest position;
3b7c6130-54a6-491e-9b42-c1711cd33749;2025-05-12 09:59:21.8697;136;None;;;;0;0;0;extension;0;;Moving to rest position;
3b7c6130-54a6-491e-9b42-c1711cd33749;2025-05-12 09:59:21.8816;137;None;;;;0;0;0;extension;0;;Moving to rest position;
3b7c6130-54a6-491e-9b42-c1711cd33749;2025-05-12 09:59:21.8926;138;None;;;;0;0;0;extension;0;;Moving to rest position;
3b7c6130-54a6-491e-9b42-c1711cd33749;2025-05-12 09:59:21.9036;139;None;;;;0;0;0;extension;0;;Moving to rest position;
3b7c6130-54a6-491e-9b42-c1711cd33749;2025-05-12 09:59:21.9145;140;None;;;;0;0;0;extension;0;;Moving to rest position;
3b7c6130-54a6-491e-9b42-c1711cd33749;2025-05-12 09:59:21.9255;141;None;;;;0;0;0;extension;0;;Moving to rest position;
3b7c6130-54a6-491e-9b42-c1711cd33749;2025-05-12 09:59:21.9365;142;None;;;;0;0;0;extension;0;;Moving to rest position;
3b7c6130-54a6-491e-9b42-c1711cd33749;2025-05-12 09:59:21.9485;143;None;;;;0;0;0;extension;0;;Moving to rest position;
3b7c6130-54a6-491e-9b42-c1711cd33749;2025-05-12 09:59:21.9594;144;None;;;;0;0;0;extension;0;;Moving to rest position;
3b7c6130-54a6-491e-9b42-c1711cd33749;2025-05-12 09:59:21.9709;145;None;;;;0;0;0;extension;0;;Moving to rest position;
3b7c6130-54a6-491e-9b42-c1711cd33749;2025-05-12 09:59:21.9809;146;None;;;;0;0;0;extension;0;;Moving to rest position;
3b7c6130-54a6-491e-9b42-c1711cd33749;2025-05-12 09:59:21.9928;147;None;;;;0;0;0;extension;0;;Moving to rest position;
3b7c6130-54a6-491e-9b42-c1711cd33749;2025-05-12 09:59:22.0038;148;None;;;;0;0;0;extension;0;;Moving to rest position;
3b7c6130-54a6-491e-9b42-c1711cd33749;2025-05-12 09:59:22.0148;149;None;;;;0;0;0;extension;0;;Moving to rest position;
3b7c6130-54a6-491e-9b42-c1711cd33749;2025-05-12 09:59:22.0258;150;None;;;;0;0;0;extension;0;;Moving to rest position;
3b7c6130-54a6-491e-9b42-c1711cd33749;2025-05-12 09:59:22.0377;151;None;;;;0;0;0;extension;0;;Moving to rest position;
3b7c6130-54a6-491e-9b42-c1711cd33749;2025-05-12 09:59:22.0487;152;None;;;;0;0;0;extension;0;;Moving to rest position;
3b7c6130-54a6-491e-9b42-c1711cd33749;2025-05-12 09:59:22.0597;153;None;;;;0;0;0;extension;0;;Moving to rest position;
3b7c6130-54a6-491e-9b42-c1711cd33749;2025-05-12 09:59:22.0711;154;None;;;;0;0;0;extension;0;;Moving to rest position;
3b7c6130-54a6-491e-9b42-c1711cd33749;2025-05-12 09:59:22.0821;155;None;;;;0;0;0;extension;0;;Moving to rest position;
3b7c6130-54a6-491e-9b42-c1711cd33749;2025-05-12 09:59:22.0931;156;None;;;;0;0;0;extension;0;;Moving to rest position;
3b7c6130-54a6-491e-9b42-c1711cd33749;2025-05-12 09:59:22.1041;157;None;;;;0;0;0;extension;0;;Moving to rest position;
3b7c6130-54a6-491e-9b42-c1711cd33749;2025-05-12 09:59:22.1160;158;None;;;;0;0;0;extension;0;;Moving to rest position;
3b7c6130-54a6-491e-9b42-c1711cd33749;2025-05-12 09:59:22.1270;159;None;;;;0;0;0;extension;0;;Moving to rest position;
3b7c6130-54a6-491e-9b42-c1711cd33749;2025-05-12 09:59:22.1380;160;None;;;;0;0;0;extension;0;;Moving to rest position;
3b7c6130-54a6-491e-9b42-c1711cd33749;2025-05-12 09:59:22.1489;161;None;;;;0;0;0;extension;0;;Moving to rest position;
3b7c6130-54a6-491e-9b42-c1711cd33749;2025-05-12 09:59:22.1599;162;None;;;;0;0;0;extension;0;;Moving to rest position;
3b7c6130-54a6-491e-9b42-c1711cd33749;2025-05-12 09:59:22.1724;163;None;;;;0;0;0;extension;0;;Moving to rest position;
3b7c6130-54a6-491e-9b42-c1711cd33749;2025-05-12 09:59:22.1824;164;None;;;;0;0;0;extension;0;;Moving to rest position;
3b7c6130-54a6-491e-9b42-c1711cd33749;2025-05-12 09:59:22.1943;165;None;;;;0;0;0;extension;0;;Moving to rest position;
3b7c6130-54a6-491e-9b42-c1711cd33749;2025-05-12 09:59:22.2053;166;None;;;;0;0;0;extension;0;;Moving to rest position;
3b7c6130-54a6-491e-9b42-c1711cd33749;2025-05-12 09:59:22.2163;167;None;;;;0;0;0;extension;0;;Moving to rest position;
3b7c6130-54a6-491e-9b42-c1711cd33749;2025-05-12 09:59:22.2272;168;None;;;;0;0;0;extension;0;;Moving to rest position;
3b7c6130-54a6-491e-9b42-c1711cd33749;2025-05-12 09:59:22.2382;169;None;;;;0;0;0;extension;0;;Moving to rest position;
3b7c6130-54a6-491e-9b42-c1711cd33749;2025-05-12 09:59:22.2492;170;None;;;;0;0;0;extension;0;;Moving to rest position;
3b7c6130-54a6-491e-9b42-c1711cd33749;2025-05-12 09:59:22.2601;171;None;;;;0;0;0;extension;0;;Moving to rest position;
3b7c6130-54a6-491e-9b42-c1711cd33749;2025-05-12 09:59:22.2726;172;None;;;;0;0;0;extension;0;;Moving to rest position;
3b7c6130-54a6-491e-9b42-c1711cd33749;2025-05-12 09:59:22.2826;173;None;;;;0;0;0;extension;0;;Moving to rest position;
3b7c6130-54a6-491e-9b42-c1711cd33749;2025-05-12 09:59:22.2946;174;None;;;;0;0;0;extension;0;;Moving to rest position;
3b7c6130-54a6-491e-9b42-c1711cd33749;2025-05-12 09:59:22.3055;175;None;;;;0;0;0;extension;0;;Moving to rest position;
3b7c6130-54a6-491e-9b42-c1711cd33749;2025-05-12 09:59:22.3165;176;None;;;;0;0;0;extension;0;;Moving to rest position;
3b7c6130-54a6-491e-9b42-c1711cd33749;2025-05-12 09:59:22.3275;177;None;;;;0;0;0;extension;0;;Moving to rest position;
3b7c6130-54a6-491e-9b42-c1711cd33749;2025-05-12 09:59:22.3394;178;None;;;;0;0;0;extension;0;;Moving to rest position;
3b7c6130-54a6-491e-9b42-c1711cd33749;2025-05-12 09:59:22.3504;179;None;;;;0;0;0;extension;0;;Moving to rest position;
3b7c6130-54a6-491e-9b42-c1711cd33749;2025-05-12 09:59:22.3614;180;None;;;;0;0;0;extension;0;;Moving to rest position;
3b7c6130-54a6-491e-9b42-c1711cd33749;2025-05-12 09:59:22.3729;181;None;;;;0;0;0;extension;0;;Moving to rest position;
3b7c6130-54a6-491e-9b42-c1711cd33749;2025-05-12 09:59:22.3838;182;None;;;;0;0;0;extension;0;;Moving to rest position;
3b7c6130-54a6-491e-9b42-c1711cd33749;2025-05-12 09:59:22.3948;183;None;;;;0;0;0;extension;0;;Moving to rest position;
3b7c6130-54a6-491e-9b42-c1711cd33749;2025-05-12 09:59:22.4058;184;None;;;;0;0;0;extension;0;;Moving to rest position;
3b7c6130-54a6-491e-9b42-c1711cd33749;2025-05-12 09:59:22.4177;185;None;;;;0;0;0;extension;0;;Moving to rest position;
3b7c6130-54a6-491e-9b42-c1711cd33749;2025-05-12 09:59:22.4287;186;None;;;;0;0;0;extension;0;;Moving to rest position;
3b7c6130-54a6-491e-9b42-c1711cd33749;2025-05-12 09:59:22.4397;187;None;;;;0;0;0;extension;0;;Moving to rest position;
3b7c6130-54a6-491e-9b42-c1711cd33749;2025-05-12 09:59:22.4506;188;None;;;;0;0;0;extension;0;;Moving to rest position;
3b7c6130-54a6-491e-9b42-c1711cd33749;2025-05-12 09:59:22.4616;189;None;;;;0;0;0;extension;0;;Moving to rest position;
3b7c6130-54a6-491e-9b42-c1711cd33749;2025-05-12 09:59:22.4731;190;None;;;;0;0;0;extension;0;;Moving to rest position;
3b7c6130-54a6-491e-9b42-c1711cd33749;2025-05-12 09:59:22.4841;191;None;;;;0;0;0;extension;0;;Moving to rest position;
3b7c6130-54a6-491e-9b42-c1711cd33749;2025-05-12 09:59:22.4950;192;None;;;;0;0;0;extension;0;;Moving to rest position;
3b7c6130-54a6-491e-9b42-c1711cd33749;2025-05-12 09:59:22.5070;193;None;;;;0;0;0;extension;0;;Moving to rest position;
3b7c6130-54a6-491e-9b42-c1711cd33749;2025-05-12 09:59:22.5180;194;None;;;;0;0;0;extension;0;;Moving to rest position;
3b7c6130-54a6-491e-9b42-c1711cd33749;2025-05-12 09:59:22.5289;195;None;;;;0;0;0;extension;0;;Moving to rest position;
3b7c6130-54a6-491e-9b42-c1711cd33749;2025-05-12 09:59:22.5399;196;None;;;;0;0;0;extension;0;;Moving to rest position;
3b7c6130-54a6-491e-9b42-c1711cd33749;2025-05-12 09:59:22.5509;197;None;;;;0;0;0;extension;0;;Moving to rest position;
3b7c6130-54a6-491e-9b42-c1711cd33749;2025-05-12 09:59:22.5629;198;None;;;;0;0;0;extension;0;;Moving to rest position;
3b7c6130-54a6-491e-9b42-c1711cd33749;2025-05-12 09:59:22.5733;199;None;;;;0;0;0;extension;0;;Moving to rest position;
3b7c6130-54a6-491e-9b42-c1711cd33749;2025-05-12 09:59:22.5843;200;None;;;;0;0;0;extension;0;;Moving to rest position;
3b7c6130-54a6-491e-9b42-c1711cd33749;2025-05-12 09:59:22.5953;201;None;;;;0;0;0;extension;0;;Moving to rest position;
3b7c6130-54a6-491e-9b42-c1711cd33749;2025-05-12 09:59:22.6072;202;None;;;;0;0;0;extension;0;;Moving to rest position;
3b7c6130-54a6-491e-9b42-c1711cd33749;2025-05-12 09:59:22.6182;203;None;;;;0;0;0;extension;0;;Moving to rest position;
3b7c6130-54a6-491e-9b42-c1711cd33749;2025-05-12 09:59:22.6292;204;None;;;;0;0;0;extension;0;;Moving to rest position;
3b7c6130-54a6-491e-9b42-c1711cd33749;2025-05-12 09:59:22.6402;205;None;;;;0;0;0;extension;0;;Moving to rest position;
3b7c6130-54a6-491e-9b42-c1711cd33749;2025-05-12 09:59:22.6521;206;None;;;;0;0;0;extension;0;;Moving to rest position;
3b7c6130-54a6-491e-9b42-c1711cd33749;2025-05-12 09:59:22.6627;207;None;;;;0;0;0;extension;0;;Moving to rest position;
3b7c6130-54a6-491e-9b42-c1711cd33749;2025-05-12 09:59:22.6742;208;None;;;;0;0;0;extension;0;;Moving to rest position;
3b7c6130-54a6-491e-9b42-c1711cd33749;2025-05-12 09:59:22.6851;209;None;;;;0;0;0;extension;0;;Moving to rest position;
3b7c6130-54a6-491e-9b42-c1711cd33749;2025-05-12 09:59:22.6971;210;None;;;;0;0;0;extension;0;;Moving to rest position;
3b7c6130-54a6-491e-9b42-c1711cd33749;2025-05-12 09:59:22.7081;211;None;;;;0;0;0;extension;0;;Moving to rest position;
3b7c6130-54a6-491e-9b42-c1711cd33749;2025-05-12 09:59:22.7181;212;None;;;;0;0;0;extension;0;;Moving to rest position;
3b7c6130-54a6-491e-9b42-c1711cd33749;2025-05-12 09:59:22.7300;213;None;;;;0;0;0;extension;0;;Moving to rest position;
3b7c6130-54a6-491e-9b42-c1711cd33749;2025-05-12 09:59:22.7410;214;None;;;;0;0;0;extension;0;;Moving to rest position;
3b7c6130-54a6-491e-9b42-c1711cd33749;2025-05-12 09:59:22.7520;215;None;;;;0;0;0;extension;0;;Moving to rest position;
3b7c6130-54a6-491e-9b42-c1711cd33749;2025-05-12 09:59:22.7629;216;None;;;;0;0;0;extension;0;;Moving to rest position;
3b7c6130-54a6-491e-9b42-c1711cd33749;2025-05-12 09:59:22.7744;217;None;;;;0;0;0;extension;0;;Moving to rest position;
3b7c6130-54a6-491e-9b42-c1711cd33749;2025-05-12 09:59:22.7854;218;None;;;;0;0;0;extension;0;;Moving to rest position;
3b7c6130-54a6-491e-9b42-c1711cd33749;2025-05-12 09:59:22.7974;219;None;;;;0;0;0;extension;0;;Moving to rest position;
3b7c6130-54a6-491e-9b42-c1711cd33749;2025-05-12 09:59:22.8083;220;None;;;;0;0;0;extension;0;;Moving to rest position;
3b7c6130-54a6-491e-9b42-c1711cd33749;2025-05-12 09:59:22.8193;221;None;;;;0;0;0;extension;0;;Moving to rest position;
3b7c6130-54a6-491e-9b42-c1711cd33749;2025-05-12 09:59:22.8303;222;None;;;;0;0;0;extension;0;;Moving to rest position;
3b7c6130-54a6-491e-9b42-c1711cd33749;2025-05-12 09:59:22.8422;223;None;;;;0;0;0;extension;0;;Moving to rest position;
3b7c6130-54a6-491e-9b42-c1711cd33749;2025-05-12 09:59:22.8532;224;None;;;;0;0;0;extension;0;;Moving to rest position;
3b7c6130-54a6-491e-9b42-c1711cd33749;2025-05-12 09:59:22.8642;225;None;;;;0;0;0;extension;0;;Moving to rest position;
3b7c6130-54a6-491e-9b42-c1711cd33749;2025-05-12 09:59:22.8756;226;None;;;;0;0;0;extension;0;;Moving to rest position;
3b7c6130-54a6-491e-9b42-c1711cd33749;2025-05-12 09:59:22.8866;227;None;;;;0;0;0;extension;0;;Moving to rest position;
3b7c6130-54a6-491e-9b42-c1711cd33749;2025-05-12 09:59:22.8976;228;None;;;;0;0;0;extension;0;;Moving to rest position;
3b7c6130-54a6-491e-9b42-c1711cd33749;2025-05-12 09:59:22.9086;229;None;;;;0;0;0;extension;0;;Moving to rest position;
3b7c6130-54a6-491e-9b42-c1711cd33749;2025-05-12 09:59:22.9195;230;None;;;;0;0;0;extension;0;;Moving to rest position;
3b7c6130-54a6-491e-9b42-c1711cd33749;2025-05-12 09:59:22.9315;231;None;;;;0;0;0;extension;0;;Moving to rest position;
3b7c6130-54a6-491e-9b42-c1711cd33749;2025-05-12 09:59:22.9425;232;None;;;;0;0;0;extension;0;;Moving to rest position;
3b7c6130-54a6-491e-9b42-c1711cd33749;2025-05-12 09:59:22.9534;233;None;;;;0;0;0;extension;0;;Moving to rest position;
3b7c6130-54a6-491e-9b42-c1711cd33749;2025-05-12 09:59:22.9649;234;None;;;;0;0;0;extension;0;;Moving to rest position;
3b7c6130-54a6-491e-9b42-c1711cd33749;2025-05-12 09:59:22.9754;235;None;;;;0;0;0;extension;0;;Moving to rest position;
3b7c6130-54a6-491e-9b42-c1711cd33749;2025-05-12 09:59:22.9864;236;None;;;;0;0;0;extension;0;;Moving to rest position;
3b7c6130-54a6-491e-9b42-c1711cd33749;2025-05-12 09:59:22.9983;237;None;;;;0;0;0;extension;0;;Moving to rest position;
3b7c6130-54a6-491e-9b42-c1711cd33749;2025-05-12 09:59:23.0093;238;None;;;;0;0;0;extension;0;;Moving to rest position;
3b7c6130-54a6-491e-9b42-c1711cd33749;2025-05-12 09:59:23.0203;239;None;;;;0;0;0;extension;0;;Moving to rest position;
3b7c6130-54a6-491e-9b42-c1711cd33749;2025-05-12 09:59:23.0312;240;None;;;;0;0;0;extension;0;;Moving to rest position;
3b7c6130-54a6-491e-9b42-c1711cd33749;2025-05-12 09:59:23.0422;241;None;;;;0;0;0;extension;0;;Moving to rest position;
3b7c6130-54a6-491e-9b42-c1711cd33749;2025-05-12 09:59:23.0542;242;None;;;;0;0;0;extension;0;;Moving to rest position;
3b7c6130-54a6-491e-9b42-c1711cd33749;2025-05-12 09:59:23.0652;243;None;;;;0;0;0;extension;0;;Moving to rest position;
3b7c6130-54a6-491e-9b42-c1711cd33749;2025-05-12 09:59:23.0761;244;None;;;;0;0;0;extension;0;;Moving to rest position;
3b7c6130-54a6-491e-9b42-c1711cd33749;2025-05-12 09:59:23.0871;245;None;;;;0;0;0;extension;0;;Moving to rest position;
3b7c6130-54a6-491e-9b42-c1711cd33749;2025-05-12 09:59:23.0981;246;None;;;;0;0;0;extension;0;;Moving to rest position;
3b7c6130-54a6-491e-9b42-c1711cd33749;2025-05-12 09:59:23.1100;247;None;;;;0;0;0;extension;0;;Moving to rest position;
3b7c6130-54a6-491e-9b42-c1711cd33749;2025-05-12 09:59:23.1210;248;None;;;;0;0;0;extension;0;;Moving to rest position;
3b7c6130-54a6-491e-9b42-c1711cd33749;2025-05-12 09:59:23.1320;249;None;;;;0;0;0;extension;0;;Moving to rest position;
3b7c6130-54a6-491e-9b42-c1711cd33749;2025-05-12 09:59:23.1429;250;None;;;;0;0;0;extension;0;;Moving to rest position;
3b7c6130-54a6-491e-9b42-c1711cd33749;2025-05-12 09:59:23.1539;251;None;;;;0;0;0;extension;0;;Moving to rest position;
3b7c6130-54a6-491e-9b42-c1711cd33749;2025-05-12 09:59:23.1659;252;None;;;;0;0;0;extension;0;;Moving to rest position;
3b7c6130-54a6-491e-9b42-c1711cd33749;2025-05-12 09:59:23.1769;253;None;;;;0;0;0;extension;0;;Moving to rest position;
3b7c6130-54a6-491e-9b42-c1711cd33749;2025-05-12 09:59:23.1878;254;None;;;;0;0;0;extension;0;;Moving to rest position;
3b7c6130-54a6-491e-9b42-c1711cd33749;2025-05-12 09:59:23.1988;255;None;;;;0;0;0;extension;0;;Moving to rest position;
3b7c6130-54a6-491e-9b42-c1711cd33749;2025-05-12 09:59:23.2108;256;None;;;;0;0;0;extension;0;;Moving to rest position;
3b7c6130-54a6-491e-9b42-c1711cd33749;2025-05-12 09:59:23.2217;257;None;;;;0;0;0;extension;0;;Moving to rest position;
3b7c6130-54a6-491e-9b42-c1711cd33749;2025-05-12 09:59:23.2327;258;None;;;;0;0;0;extension;0;;Moving to rest position;
3b7c6130-54a6-491e-9b42-c1711cd33749;2025-05-12 09:59:23.2437;259;None;;;;0;0;0;extension;0;;Moving to rest position;
3b7c6130-54a6-491e-9b42-c1711cd33749;2025-05-12 09:59:23.2546;260;None;;;;0;0;0;extension;0;;Moving to rest position;
3b7c6130-54a6-491e-9b42-c1711cd33749;2025-05-12 09:59:23.2656;261;None;;;;0;0;0;extension;0;;Moving to rest position;
3b7c6130-54a6-491e-9b42-c1711cd33749;2025-05-12 09:59:23.2776;262;None;;;;0;0;0;extension;0;;Moving to rest position;
3b7c6130-54a6-491e-9b42-c1711cd33749;2025-05-12 09:59:23.2886;263;None;;;;0;0;0;extension;0;;Moving to rest position;
3b7c6130-54a6-491e-9b42-c1711cd33749;2025-05-12 09:59:23.2995;264;None;;;;0;0;0;extension;0;;Moving to rest position;
3b7c6130-54a6-491e-9b42-c1711cd33749;2025-05-12 09:59:23.3105;265;None;;;;0;0;0;extension;0;;Moving to rest position;
3b7c6130-54a6-491e-9b42-c1711cd33749;2025-05-12 09:59:23.3215;266;None;;;;0;0;0;extension;0;;Moving to rest position;
3b7c6130-54a6-491e-9b42-c1711cd33749;2025-05-12 09:59:23.3334;267;None;;;;0;0;0;extension;0;;Moving to rest position;
3b7c6130-54a6-491e-9b42-c1711cd33749;2025-05-12 09:59:23.3444;268;None;;;;0;0;0;extension;0;;Moving to rest position;
3b7c6130-54a6-491e-9b42-c1711cd33749;2025-05-12 09:59:23.3564;269;None;;;;0;0;0;extension;0;;Moving to rest position;
3b7c6130-54a6-491e-9b42-c1711cd33749;2025-05-12 09:59:23.3664;270;None;;;;0;0;0;extension;0;;Moving to rest position;
3b7c6130-54a6-491e-9b42-c1711cd33749;2025-05-12 09:59:23.3783;271;None;;;;0;0;0;extension;0;;Moving to rest position;
3b7c6130-54a6-491e-9b42-c1711cd33749;2025-05-12 09:59:23.3893;272;None;;;;0;0;0;extension;0;;Moving to rest position;
3b7c6130-54a6-491e-9b42-c1711cd33749;2025-05-12 09:59:23.4003;273;None;;;;0;0;0;extension;0;;Moving to rest position;
3b7c6130-54a6-491e-9b42-c1711cd33749;2025-05-12 09:59:23.4112;274;None;;;;0;0;0;extension;0;;Moving to rest position;
3b7c6130-54a6-491e-9b42-c1711cd33749;2025-05-12 09:59:23.4237;275;None;;;;0;0;0;extension;0;;Moving to rest position;
3b7c6130-54a6-491e-9b42-c1711cd33749;2025-05-12 09:59:23.4332;276;None;;;;0;0;0;extension;0;;Moving to rest position;
3b7c6130-54a6-491e-9b42-c1711cd33749;2025-05-12 09:59:23.4451;277;None;;;;0;0;0;extension;0;;Moving to rest position;
3b7c6130-54a6-491e-9b42-c1711cd33749;2025-05-12 09:59:23.4561;278;None;;;;0;0;0;extension;0;;Moving to rest position;
3b7c6130-54a6-491e-9b42-c1711cd33749;2025-05-12 09:59:23.4671;279;None;;;;0;0;0;extension;0;;Moving to rest position;
3b7c6130-54a6-491e-9b42-c1711cd33749;2025-05-12 09:59:23.4781;280;None;;;;0;0;0;extension;0;;Moving to rest position;
3b7c6130-54a6-491e-9b42-c1711cd33749;2025-05-12 09:59:23.4890;281;None;;;;0;0;0;extension;0;;Moving to rest position;
3b7c6130-54a6-491e-9b42-c1711cd33749;2025-05-12 09:59:23.5010;282;None;;;;0;0;0;extension;0;;Moving to rest position;
3b7c6130-54a6-491e-9b42-c1711cd33749;2025-05-12 09:59:23.5120;283;None;;;;0;0;0;extension;0;;Moving to rest position;
3b7c6130-54a6-491e-9b42-c1711cd33749;2025-05-12 09:59:23.5239;284;None;;;;0;0;0;extension;0;;Moving to rest position;
3b7c6130-54a6-491e-9b42-c1711cd33749;2025-05-12 09:59:23.5339;285;None;;;;0;0;0;extension;0;;Moving to rest position;
3b7c6130-54a6-491e-9b42-c1711cd33749;2025-05-12 09:59:23.5449;286;None;;;;0;0;0;extension;0;;Moving to rest position;
3b7c6130-54a6-491e-9b42-c1711cd33749;2025-05-12 09:59:23.5568;287;None;;;;0;0;0;extension;0;;Moving to rest position;
3b7c6130-54a6-491e-9b42-c1711cd33749;2025-05-12 09:59:23.5678;288;None;;;;0;0;0;extension;0;;Moving to rest position;
3b7c6130-54a6-491e-9b42-c1711cd33749;2025-05-12 09:59:23.5793;289;None;;;;0;0;0;extension;0;;Moving to rest position;
3b7c6130-54a6-491e-9b42-c1711cd33749;2025-05-12 09:59:23.5903;290;None;;;;0;0;0;extension;0;;Moving to rest position;
3b7c6130-54a6-491e-9b42-c1711cd33749;2025-05-12 09:59:23.6012;291;None;;;;0;0;0;extension;0;;Moving to rest position;
3b7c6130-54a6-491e-9b42-c1711cd33749;2025-05-12 09:59:23.6122;292;None;;;;0;0;0;extension;0;;Moving to rest position;
3b7c6130-54a6-491e-9b42-c1711cd33749;2025-05-12 09:59:23.6242;293;None;;;;0;0;0;extension;0;;Moving to rest position;
3b7c6130-54a6-491e-9b42-c1711cd33749;2025-05-12 09:59:23.6351;294;None;;;;0;0;0;extension;0;;Moving to rest position;
3b7c6130-54a6-491e-9b42-c1711cd33749;2025-05-12 09:59:23.6461;295;None;;;;0;0;0;extension;0;;Moving to rest position;
3b7c6130-54a6-491e-9b42-c1711cd33749;2025-05-12 09:59:23.6571;296;None;;;;0;0;0;extension;0;;Moving to rest position;
3b7c6130-54a6-491e-9b42-c1711cd33749;2025-05-12 09:59:23.6686;297;None;;;;0;0;0;extension;0;;Moving to rest position;
3b7c6130-54a6-491e-9b42-c1711cd33749;2025-05-12 09:59:23.6795;298;None;;;;0;0;0;extension;0;;Moving to rest position;
3b7c6130-54a6-491e-9b42-c1711cd33749;2025-05-12 09:59:23.6905;299;None;;;;0;0;0;extension;0;;Moving to rest position;
3b7c6130-54a6-491e-9b42-c1711cd33749;2025-05-12 09:59:23.7015;300;None;;;;0;0;0;extension;0;;Moving to rest position;
3b7c6130-54a6-491e-9b42-c1711cd33749;2025-05-12 09:59:23.7124;301;None;;;;0;0;0;extension;0;;Moving to rest position;
3b7c6130-54a6-491e-9b42-c1711cd33749;2025-05-12 09:59:23.7244;302;None;;;;0;0;0;extension;0;;Moving to rest position;
3b7c6130-54a6-491e-9b42-c1711cd33749;2025-05-12 09:59:23.7354;303;None;;;;0;0;0;extension;0;;Moving to rest position;
3b7c6130-54a6-491e-9b42-c1711cd33749;2025-05-12 09:59:23.7463;304;None;;;;0;0;0;extension;0;;Moving to rest position;
3b7c6130-54a6-491e-9b42-c1711cd33749;2025-05-12 09:59:23.7573;305;None;;;;0;0;0;extension;0;;Moving to rest position;
3b7c6130-54a6-491e-9b42-c1711cd33749;2025-05-12 09:59:23.7688;306;None;;;;0;0;0;extension;0;;Moving to rest position;
3b7c6130-54a6-491e-9b42-c1711cd33749;2025-05-12 09:59:23.7798;307;None;;;;0;0;0;extension;0;;Moving to rest position;
3b7c6130-54a6-491e-9b42-c1711cd33749;2025-05-12 09:59:23.7917;308;None;;;;0;0;0;extension;0;;Moving to rest position;
3b7c6130-54a6-491e-9b42-c1711cd33749;2025-05-12 09:59:23.8017;309;None;;;;0;0;0;extension;0;;Moving to rest position;
3b7c6130-54a6-491e-9b42-c1711cd33749;2025-05-12 09:59:23.8137;310;None;;;;0;0;0;extension;0;;Moving to rest position;
3b7c6130-54a6-491e-9b42-c1711cd33749;2025-05-12 09:59:23.8246;311;None;;;;0;0;0;extension;0;;Moving to rest position;
3b7c6130-54a6-491e-9b42-c1711cd33749;2025-05-12 09:59:23.8356;312;None;;;;0;0;0;extension;0;;Moving to rest position;
3b7c6130-54a6-491e-9b42-c1711cd33749;2025-05-12 09:59:23.8476;313;None;;;;0;0;0;extension;0;;Moving to rest position;
3b7c6130-54a6-491e-9b42-c1711cd33749;2025-05-12 09:59:23.8586;314;None;;;;0;0;0;extension;0;;Moving to rest position;
3b7c6130-54a6-491e-9b42-c1711cd33749;2025-05-12 09:59:23.8690;315;None;;;;0;0;0;extension;0;;Moving to rest position;
3b7c6130-54a6-491e-9b42-c1711cd33749;2025-05-12 09:59:23.8810;316;None;;;;0;0;0;extension;0;;Moving to rest position;
3b7c6130-54a6-491e-9b42-c1711cd33749;2025-05-12 09:59:23.8916;317;None;;;;0;0;0;extension;0;;Moving to rest position;
3b7c6130-54a6-491e-9b42-c1711cd33749;2025-05-12 09:59:23.9025;318;None;;;;0;0;0;extension;0;;Moving to rest position;
3b7c6130-54a6-491e-9b42-c1711cd33749;2025-05-12 09:59:23.9135;319;None;;;;0;0;0;extension;0;;Moving to rest position;
3b7c6130-54a6-491e-9b42-c1711cd33749;2025-05-12 09:59:23.9255;320;None;;;;0;0;0;extension;0;;Moving to rest position;
3b7c6130-54a6-491e-9b42-c1711cd33749;2025-05-12 09:59:23.9364;321;None;;;;0;0;0;extension;0;;Moving to rest position;
3b7c6130-54a6-491e-9b42-c1711cd33749;2025-05-12 09:59:23.9474;322;None;;;;0;0;0;extension;0;;Moving to rest position;
3b7c6130-54a6-491e-9b42-c1711cd33749;2025-05-12 09:59:23.9584;323;None;;;;0;0;0;extension;0;;Moving to rest position;
3b7c6130-54a6-491e-9b42-c1711cd33749;2025-05-12 09:59:23.9699;324;None;;;;0;0;0;extension;0;;Moving to rest position;
3b7c6130-54a6-491e-9b42-c1711cd33749;2025-05-12 09:59:23.9808;325;None;;;;0;0;0;extension;0;;Moving to rest position;
3b7c6130-54a6-491e-9b42-c1711cd33749;2025-05-12 09:59:23.9918;326;None;;;;0;0;0;extension;0;;Moving to rest position;
3b7c6130-54a6-491e-9b42-c1711cd33749;2025-05-12 09:59:24.0028;327;None;;;;0;0;0;extension;0;;Moving to rest position;
3b7c6130-54a6-491e-9b42-c1711cd33749;2025-05-12 09:59:24.0147;328;None;;;;0;0;0;extension;0;;Moving to rest position;
3b7c6130-54a6-491e-9b42-c1711cd33749;2025-05-12 09:59:24.0267;329;None;;;;0;0;0;extension;0;;Moving to rest position;
3b7c6130-54a6-491e-9b42-c1711cd33749;2025-05-12 09:59:24.0367;330;None;;;;0;0;0;extension;0;;Moving to rest position;
3b7c6130-54a6-491e-9b42-c1711cd33749;2025-05-12 09:59:24.0477;331;None;;;;0;0;0;extension;0;;Moving to rest position;
3b7c6130-54a6-491e-9b42-c1711cd33749;2025-05-12 09:59:24.0586;332;None;;;;0;0;0;extension;0;;Moving to rest position;
3b7c6130-54a6-491e-9b42-c1711cd33749;2025-05-12 09:59:24.0701;333;None;;;;0;0;0;extension;0;;Moving to rest position;
3b7c6130-54a6-491e-9b42-c1711cd33749;2025-05-12 09:59:24.0811;334;None;;;;0;0;0;extension;0;;Moving to rest position;
3b7c6130-54a6-491e-9b42-c1711cd33749;2025-05-12 09:59:24.0930;335;None;;;;0;0;0;extension;0;;Moving to rest position;
3b7c6130-54a6-491e-9b42-c1711cd33749;2025-05-12 09:59:24.1040;336;None;;;;0;0;0;extension;0;;Moving to rest position;
3b7c6130-54a6-491e-9b42-c1711cd33749;2025-05-12 09:59:24.1150;337;None;;;;0;0;0;extension;0;;Moving to rest position;
3b7c6130-54a6-491e-9b42-c1711cd33749;2025-05-12 09:59:24.1260;338;None;;;;0;0;0;extension;0;;Moving to rest position;
3b7c6130-54a6-491e-9b42-c1711cd33749;2025-05-12 09:59:24.1369;339;None;;;;0;0;0;extension;0;;Moving to rest position;
3b7c6130-54a6-491e-9b42-c1711cd33749;2025-05-12 09:59:24.1489;340;None;;;;0;0;0;extension;0;;Moving to rest position;
3b7c6130-54a6-491e-9b42-c1711cd33749;2025-05-12 09:59:24.1599;341;None;;;;0;0;0;extension;0;;Moving to rest position;
3b7c6130-54a6-491e-9b42-c1711cd33749;2025-05-12 09:59:24.1703;342;None;;;;0;0;0;extension;0;;Moving to rest position;
3b7c6130-54a6-491e-9b42-c1711cd33749;2025-05-12 09:59:24.1823;343;None;;;;0;0;0;extension;0;;Moving to rest position;
3b7c6130-54a6-491e-9b42-c1711cd33749;2025-05-12 09:59:24.1933;344;None;;;;0;0;0;extension;0;;Moving to rest position;
3b7c6130-54a6-491e-9b42-c1711cd33749;2025-05-12 09:59:24.2042;345;None;;;;0;0;0;extension;0;;Moving to rest position;
3b7c6130-54a6-491e-9b42-c1711cd33749;2025-05-12 09:59:24.2162;346;None;;;;0;0;0;extension;0;;Moving to rest position;
3b7c6130-54a6-491e-9b42-c1711cd33749;2025-05-12 09:59:24.2262;347;None;;;;0;0;0;extension;0;;Moving to rest position;
3b7c6130-54a6-491e-9b42-c1711cd33749;2025-05-12 09:59:24.2382;348;None;;;;0;0;0;extension;0;;Moving to rest position;
3b7c6130-54a6-491e-9b42-c1711cd33749;2025-05-12 09:59:24.2491;349;None;;;;0;0;0;extension;0;;Moving to rest position;
3b7c6130-54a6-491e-9b42-c1711cd33749;2025-05-12 09:59:24.2601;350;None;;;;0;0;0;extension;0;;Moving to rest position;
3b7c6130-54a6-491e-9b42-c1711cd33749;2025-05-12 09:59:24.2716;351;None;;;;0;0;0;extension;0;;Moving to rest position;
3b7c6130-54a6-491e-9b42-c1711cd33749;2025-05-12 09:59:24.2825;352;None;;;;0;0;0;extension;0;;Moving to rest position;
3b7c6130-54a6-491e-9b42-c1711cd33749;2025-05-12 09:59:24.2935;353;None;;;;0;0;0;extension;0;;Moving to rest position;
3b7c6130-54a6-491e-9b42-c1711cd33749;2025-05-12 09:59:24.3045;354;None;;;;0;0;0;extension;0;;Moving to rest position;
3b7c6130-54a6-491e-9b42-c1711cd33749;2025-05-12 09:59:24.3165;355;None;;;;0;0;0;extension;0;;Moving to rest position;
3b7c6130-54a6-491e-9b42-c1711cd33749;2025-05-12 09:59:24.3274;356;None;;;;0;0;0;extension;0;;Moving to rest position;
3b7c6130-54a6-491e-9b42-c1711cd33749;2025-05-12 09:59:24.3384;357;None;;;;0;0;0;extension;0;;Moving to rest position;
3b7c6130-54a6-491e-9b42-c1711cd33749;2025-05-12 09:59:24.3494;358;None;;;;0;0;0;extension;0;;Moving to rest position;
3b7c6130-54a6-491e-9b42-c1711cd33749;2025-05-12 09:59:24.3603;359;None;;;;0;0;0;extension;0;;Moving to rest position;
3b7c6130-54a6-491e-9b42-c1711cd33749;2025-05-12 09:59:24.3718;360;None;;;;0;0;0;extension;0;;Moving to rest position;
3b7c6130-54a6-491e-9b42-c1711cd33749;2025-05-12 09:59:24.3828;361;None;;;;0;0;0;extension;0;;Moving to rest position;
3b7c6130-54a6-491e-9b42-c1711cd33749;2025-05-12 09:59:24.3938;362;None;;;;0;0;0;extension;0;;Moving to rest position;
3b7c6130-54a6-491e-9b42-c1711cd33749;2025-05-12 09:59:24.4057;363;None;;;;0;0;0;extension;0;;Moving to rest position;
3b7c6130-54a6-491e-9b42-c1711cd33749;2025-05-12 09:59:24.4167;364;None;;;;0;0;0;extension;0;;Moving to rest position;
3b7c6130-54a6-491e-9b42-c1711cd33749;2025-05-12 09:59:24.4277;365;None;;;;0;0;0;extension;0;;Moving to rest position;
3b7c6130-54a6-491e-9b42-c1711cd33749;2025-05-12 09:59:24.4399;366;None;;;;0;0;0;extension;0;;Moving to rest position;
3b7c6130-54a6-491e-9b42-c1711cd33749;2025-05-12 09:59:24.4496;367;None;;;;0;0;0;extension;0;;Moving to rest position;
3b7c6130-54a6-491e-9b42-c1711cd33749;2025-05-12 09:59:24.4616;368;None;;;;0;0;0;extension;0;;Moving to rest position;
3b7c6130-54a6-491e-9b42-c1711cd33749;2025-05-12 09:59:24.4730;369;None;;;;0;0;0;extension;0;;Moving to rest position;
3b7c6130-54a6-491e-9b42-c1711cd33749;2025-05-12 09:59:24.4840;370;None;;;;0;0;0;extension;0;;Moving to rest position;
3b7c6130-54a6-491e-9b42-c1711cd33749;2025-05-12 09:59:24.4950;371;None;;;;0;0;0;extension;0;;Moving to rest position;
3b7c6130-54a6-491e-9b42-c1711cd33749;2025-05-12 09:59:24.5060;372;None;;;;0;0;0;extension;0;;Moving to rest position;
3b7c6130-54a6-491e-9b42-c1711cd33749;2025-05-12 09:59:24.5169;373;None;;;;0;0;0;extension;0;;Moving to rest position;
3b7c6130-54a6-491e-9b42-c1711cd33749;2025-05-12 09:59:24.5289;374;None;;;;0;0;0;extension;0;;Moving to rest position;
3b7c6130-54a6-491e-9b42-c1711cd33749;2025-05-12 09:59:24.5399;375;None;;;;0;0;0;extension;0;;Moving to rest position;
3b7c6130-54a6-491e-9b42-c1711cd33749;2025-05-12 09:59:24.5509;376;None;;;;0;0;0;extension;0;;Moving to rest position;
3b7c6130-54a6-491e-9b42-c1711cd33749;2025-05-12 09:59:24.5618;377;None;;;;0;0;0;extension;0;;Moving to rest position;
3b7c6130-54a6-491e-9b42-c1711cd33749;2025-05-12 09:59:24.5733;378;None;;;;0;0;0;extension;0;;Moving to rest position;
3b7c6130-54a6-491e-9b42-c1711cd33749;2025-05-12 09:59:24.5843;379;None;;;;0;0;0;extension;0;;Moving to rest position;
3b7c6130-54a6-491e-9b42-c1711cd33749;2025-05-12 09:59:24.5952;380;None;;;;0;0;0;extension;0;;Moving to rest position;
3b7c6130-54a6-491e-9b42-c1711cd33749;2025-05-12 09:59:24.6072;381;None;;;;0;0;0;extension;0;;Moving to rest position;
3b7c6130-54a6-491e-9b42-c1711cd33749;2025-05-12 09:59:24.6172;382;None;;;;0;0;0;extension;0;;Moving to rest position;
3b7c6130-54a6-491e-9b42-c1711cd33749;2025-05-12 09:59:24.6292;383;None;;;;0;0;0;extension;0;;Moving to rest position;
3b7c6130-54a6-491e-9b42-c1711cd33749;2025-05-12 09:59:24.6401;384;None;;;;0;0;0;extension;0;;Moving to rest position;
3b7c6130-54a6-491e-9b42-c1711cd33749;2025-05-12 09:59:24.6517;385;None;;;;0;0;0;extension;0;;Moving to rest position;
3b7c6130-54a6-491e-9b42-c1711cd33749;2025-05-12 09:59:24.6627;386;None;;;;0;0;0;extension;0;;Moving to rest position;
3b7c6130-54a6-491e-9b42-c1711cd33749;2025-05-12 09:59:24.6742;387;None;;;;0;0;0;extension;0;;Moving to rest position;
3b7c6130-54a6-491e-9b42-c1711cd33749;2025-05-12 09:59:24.6841;388;None;;;;0;0;0;extension;0;;Moving to rest position;
3b7c6130-54a6-491e-9b42-c1711cd33749;2025-05-12 09:59:24.6961;389;None;;;;0;0;0;extension;0;;Moving to rest position;
3b7c6130-54a6-491e-9b42-c1711cd33749;2025-05-12 09:59:24.7071;390;None;;;;0;0;0;extension;0;;Moving to rest position;
3b7c6130-54a6-491e-9b42-c1711cd33749;2025-05-12 09:59:24.7180;391;None;;;;0;0;0;extension;0;;Moving to rest position;
3b7c6130-54a6-491e-9b42-c1711cd33749;2025-05-12 09:59:24.7290;392;None;;;;0;0;0;extension;0;;Moving to rest position;
3b7c6130-54a6-491e-9b42-c1711cd33749;2025-05-12 09:59:24.7410;393;None;;;;0;0;0;extension;0;;Moving to rest position;
3b7c6130-54a6-491e-9b42-c1711cd33749;2025-05-12 09:59:24.7519;394;None;;;;0;0;0;extension;0;;Moving to rest position;
3b7c6130-54a6-491e-9b42-c1711cd33749;2025-05-12 09:59:24.7629;395;None;;;;0;0;0;extension;0;;Moving to rest position;
3b7c6130-54a6-491e-9b42-c1711cd33749;2025-05-12 09:59:24.7744;396;None;;;;0;0;0;extension;0;;Moving to rest position;
3b7c6130-54a6-491e-9b42-c1711cd33749;2025-05-12 09:59:24.7854;397;None;;;;0;0;0;extension;0;;Moving to rest position;
3b7c6130-54a6-491e-9b42-c1711cd33749;2025-05-12 09:59:24.7963;398;None;;;;0;0;0;extension;0;;Moving to rest position;
3b7c6130-54a6-491e-9b42-c1711cd33749;2025-05-12 09:59:24.8073;399;None;;;;0;0;0;extension;0;;Moving to rest position;
3b7c6130-54a6-491e-9b42-c1711cd33749;2025-05-12 09:59:24.8183;400;None;;;;0;0;0;extension;0;;Moving to rest position;
3b7c6130-54a6-491e-9b42-c1711cd33749;2025-05-12 09:59:24.8302;401;None;;;;0;0;0;extension;0;;Moving to rest position;
3b7c6130-54a6-491e-9b42-c1711cd33749;2025-05-12 09:59:24.8427;402;None;;;;0;0;0;extension;0;;Moving to rest position;
3b7c6130-54a6-491e-9b42-c1711cd33749;2025-05-12 09:59:24.8527;403;None;;;;0;0;0;extension;0;;Moving to rest position;
3b7c6130-54a6-491e-9b42-c1711cd33749;2025-05-12 09:59:24.8637;404;None;;;;0;0;0;extension;0;;Moving to rest position;
3b7c6130-54a6-491e-9b42-c1711cd33749;2025-05-12 09:59:24.8746;405;None;;;;0;0;0;extension;0;;Moving to rest position;
3b7c6130-54a6-491e-9b42-c1711cd33749;2025-05-12 09:59:24.8856;406;None;;;;0;0;0;extension;0;;Moving to rest position;
3b7c6130-54a6-491e-9b42-c1711cd33749;2025-05-12 09:59:24.8976;407;None;;;;0;0;0;extension;0;;Moving to rest position;
3b7c6130-54a6-491e-9b42-c1711cd33749;2025-05-12 09:59:24.9085;408;None;;;;0;0;0;extension;0;;Moving to rest position;
3b7c6130-54a6-491e-9b42-c1711cd33749;2025-05-12 09:59:24.9195;409;None;;;;0;0;0;extension;0;;Moving to rest position;
3b7c6130-54a6-491e-9b42-c1711cd33749;2025-05-12 09:59:24.9305;410;None;;;;0;0;0;extension;0;;Moving to rest position;
3b7c6130-54a6-491e-9b42-c1711cd33749;2025-05-12 09:59:24.9420;411;None;;;;0;0;0;extension;0;;Moving to rest position;
3b7c6130-54a6-491e-9b42-c1711cd33749;2025-05-12 09:59:24.9529;412;None;;;;0;0;0;extension;0;;Moving to rest position;
3b7c6130-54a6-491e-9b42-c1711cd33749;2025-05-12 09:59:24.9639;413;None;;;;0;0;0;extension;0;;Moving to rest position;
3b7c6130-54a6-491e-9b42-c1711cd33749;2025-05-12 09:59:24.9759;414;None;;;;0;0;0;extension;0;;Moving to rest position;
3b7c6130-54a6-491e-9b42-c1711cd33749;2025-05-12 09:59:24.9858;415;None;;;;0;0;0;extension;0;;Moving to rest position;
3b7c6130-54a6-491e-9b42-c1711cd33749;2025-05-12 09:59:24.9978;416;None;;;;0;0;0;extension;0;;Moving to rest position;
3b7c6130-54a6-491e-9b42-c1711cd33749;2025-05-12 09:59:25.0088;417;None;;;;0;0;0;extension;0;;Moving to rest position;
3b7c6130-54a6-491e-9b42-c1711cd33749;2025-05-12 09:59:25.0198;418;None;;;;0;0;0;extension;0;;Moving to rest position;
3b7c6130-54a6-491e-9b42-c1711cd33749;2025-05-12 09:59:25.0307;419;None;;;;0;0;0;extension;0;;Moving to rest position;
3b7c6130-54a6-491e-9b42-c1711cd33749;2025-05-12 09:59:25.0422;420;None;;;;0;0;0;extension;0;;Moving to rest position;
3b7c6130-54a6-491e-9b42-c1711cd33749;2025-05-12 09:59:25.0532;421;None;;;;0;0;0;extension;0;;Moving to rest position;
3b7c6130-54a6-491e-9b42-c1711cd33749;2025-05-12 09:59:25.0641;422;None;;;;0;0;0;extension;0;;Moving to rest position;
3b7c6130-54a6-491e-9b42-c1711cd33749;2025-05-12 09:59:25.0761;423;None;;;;0;0;0;extension;0;;Moving to rest position;
3b7c6130-54a6-491e-9b42-c1711cd33749;2025-05-12 09:59:25.0871;424;None;;;;0;0;0;extension;0;;Moving to rest position;
3b7c6130-54a6-491e-9b42-c1711cd33749;2025-05-12 09:59:25.0980;425;None;;;;0;0;0;extension;0;;Moving to rest position;
3b7c6130-54a6-491e-9b42-c1711cd33749;2025-05-12 09:59:25.1090;426;None;;;;0;0;0;extension;0;;Moving to rest position;
3b7c6130-54a6-491e-9b42-c1711cd33749;2025-05-12 09:59:25.1200;427;None;;;;0;0;0;extension;0;;Moving to rest position;
3b7c6130-54a6-491e-9b42-c1711cd33749;2025-05-12 09:59:25.1320;428;None;;;;0;0;0;extension;0;;Moving to rest position;
3b7c6130-54a6-491e-9b42-c1711cd33749;2025-05-12 09:59:25.1429;429;None;;;;0;0;0;extension;0;;Moving to rest position;
3b7c6130-54a6-491e-9b42-c1711cd33749;2025-05-12 09:59:25.1539;430;None;;;;0;0;0;extension;0;;Moving to rest position;
3b7c6130-54a6-491e-9b42-c1711cd33749;2025-05-12 09:59:25.1649;431;None;;;;0;0;0;extension;0;;Moving to rest position;
3b7c6130-54a6-491e-9b42-c1711cd33749;2025-05-12 09:59:25.1763;432;None;;;;0;0;0;extension;0;;Moving to rest position;
3b7c6130-54a6-491e-9b42-c1711cd33749;2025-05-12 09:59:25.1878;433;None;;;;0;0;0;extension;0;;Moving to rest position;
3b7c6130-54a6-491e-9b42-c1711cd33749;2025-05-12 09:59:25.1988;434;None;;;;0;0;0;extension;0;;Moving to rest position;
3b7c6130-54a6-491e-9b42-c1711cd33749;2025-05-12 09:59:25.2098;435;None;;;;0;0;0;extension;0;;Moving to rest position;
3b7c6130-54a6-491e-9b42-c1711cd33749;2025-05-12 09:59:25.2207;436;None;;;;0;0;0;extension;0;;Moving to rest position;
3b7c6130-54a6-491e-9b42-c1711cd33749;2025-05-12 09:59:25.2317;437;None;;;;0;0;0;extension;0;;Moving to rest position;
3b7c6130-54a6-491e-9b42-c1711cd33749;2025-05-12 09:59:25.2432;438;None;;;;0;0;0;extension;0;;Moving to rest position;
3b7c6130-54a6-491e-9b42-c1711cd33749;2025-05-12 09:59:25.2541;439;None;;;;0;0;0;extension;0;;Moving to rest position;
3b7c6130-54a6-491e-9b42-c1711cd33749;2025-05-12 09:59:25.2651;440;None;;;;0;0;0;extension;0;;Moving to rest position;
3b7c6130-54a6-491e-9b42-c1711cd33749;2025-05-12 09:59:25.2771;441;None;;;;0;0;0;extension;0;;Moving to rest position;
3b7c6130-54a6-491e-9b42-c1711cd33749;2025-05-12 09:59:25.2881;442;None;;;;0;0;0;extension;0;;Moving to rest position;
3b7c6130-54a6-491e-9b42-c1711cd33749;2025-05-12 09:59:25.2990;443;None;;;;0;0;0;extension;0;;Moving to rest position;
3b7c6130-54a6-491e-9b42-c1711cd33749;2025-05-12 09:59:25.3100;444;None;;;;0;0;0;extension;0;;Moving to rest position;
3b7c6130-54a6-491e-9b42-c1711cd33749;2025-05-12 09:59:25.3220;445;None;;;;0;0;0;extension;0;;Moving to rest position;
3b7c6130-54a6-491e-9b42-c1711cd33749;2025-05-12 09:59:25.3329;446;None;;;;0;0;0;extension;0;;Moving to rest position;
3b7c6130-54a6-491e-9b42-c1711cd33749;2025-05-12 09:59:25.3439;447;None;;;;0;0;0;extension;0;;Moving to rest position;
3b7c6130-54a6-491e-9b42-c1711cd33749;2025-05-12 09:59:25.3549;448;None;;;;0;0;0;extension;0;;Moving to rest position;
3b7c6130-54a6-491e-9b42-c1711cd33749;2025-05-12 09:59:25.3658;449;None;;;;0;0;0;extension;0;;Moving to rest position;
3b7c6130-54a6-491e-9b42-c1711cd33749;2025-05-12 09:59:25.3773;450;None;;;;0;0;0;extension;0;;Moving to rest position;
3b7c6130-54a6-491e-9b42-c1711cd33749;2025-05-12 09:59:25.3883;451;None;;;;0;0;0;extension;0;;Moving to rest position;
3b7c6130-54a6-491e-9b42-c1711cd33749;2025-05-12 09:59:25.3993;452;None;;;;0;0;0;extension;0;;Moving to rest position;
3b7c6130-54a6-491e-9b42-c1711cd33749;2025-05-12 09:59:25.4102;453;None;;;;0;0;0;extension;0;;Moving to rest position;
3b7c6130-54a6-491e-9b42-c1711cd33749;2025-05-12 09:59:25.4222;454;None;;;;0;0;0;extension;0;;Moving to rest position;
3b7c6130-54a6-491e-9b42-c1711cd33749;2025-05-12 09:59:25.4332;455;None;;;;0;0;0;extension;0;;Moving to rest position;
3b7c6130-54a6-491e-9b42-c1711cd33749;2025-05-12 09:59:25.4441;456;None;;;;0;0;0;extension;0;;Moving to rest position;
3b7c6130-54a6-491e-9b42-c1711cd33749;2025-05-12 09:59:25.4551;457;None;;;;0;0;0;extension;0;;Moving to rest position;
3b7c6130-54a6-491e-9b42-c1711cd33749;2025-05-12 09:59:25.4661;458;None;;;;0;0;0;extension;0;;Moving to rest position;
3b7c6130-54a6-491e-9b42-c1711cd33749;2025-05-12 09:59:25.4776;459;None;;;;0;0;0;extension;0;;Moving to rest position;
3b7c6130-54a6-491e-9b42-c1711cd33749;2025-05-12 09:59:25.4895;460;None;;;;0;0;0;extension;0;;Moving to rest position;
3b7c6130-54a6-491e-9b42-c1711cd33749;2025-05-12 09:59:25.5006;461;None;;;;0;0;0;extension;0;;Moving to rest position;
3b7c6130-54a6-491e-9b42-c1711cd33749;2025-05-12 09:59:25.5115;462;None;;;;0;0;0;extension;0;;Moving to rest position;
3b7c6130-54a6-491e-9b42-c1711cd33749;2025-05-12 09:59:25.5225;463;None;;;;0;0;0;extension;0;;Moving to rest position;
3b7c6130-54a6-491e-9b42-c1711cd33749;2025-05-12 09:59:25.5335;464;None;;;;0;0;0;extension;0;;Moving to rest position;
3b7c6130-54a6-491e-9b42-c1711cd33749;2025-05-12 09:59:25.5444;465;None;;;;0;0;0;extension;0;;Moving to rest position;
3b7c6130-54a6-491e-9b42-c1711cd33749;2025-05-12 09:59:25.5564;466;None;;;;0;0;0;extension;0;;Moving to rest position;
3b7c6130-54a6-491e-9b42-c1711cd33749;2025-05-12 09:59:25.5674;467;None;;;;0;0;0;extension;0;;Moving to rest position;
3b7c6130-54a6-491e-9b42-c1711cd33749;2025-05-12 09:59:25.5789;468;None;;;;0;0;0;extension;0;;Moving to rest position;
3b7c6130-54a6-491e-9b42-c1711cd33749;2025-05-12 09:59:25.5898;469;None;;;;0;0;0;extension;0;;Moving to rest position;
3b7c6130-54a6-491e-9b42-c1711cd33749;2025-05-12 09:59:25.6008;470;None;;;;0;0;0;extension;0;;Moving to rest position;
3b7c6130-54a6-491e-9b42-c1711cd33749;2025-05-12 09:59:25.6118;471;None;;;;0;0;0;extension;0;;Moving to rest position;
3b7c6130-54a6-491e-9b42-c1711cd33749;2025-05-12 09:59:25.6237;472;None;;;;0;0;0;extension;0;;Moving to rest position;
3b7c6130-54a6-491e-9b42-c1711cd33749;2025-05-12 09:59:25.6347;473;None;;;;0;0;0;extension;0;;Moving to rest position;
3b7c6130-54a6-491e-9b42-c1711cd33749;2025-05-12 09:59:25.6457;474;None;;;;0;0;0;extension;0;;Moving to rest position;
3b7c6130-54a6-491e-9b42-c1711cd33749;2025-05-12 09:59:25.6567;475;None;;;;0;0;0;extension;0;;Moving to rest position;
3b7c6130-54a6-491e-9b42-c1711cd33749;2025-05-12 09:59:25.6676;476;None;;;;0;0;0;extension;0;;Moving to rest position;
3b7c6130-54a6-491e-9b42-c1711cd33749;2025-05-12 09:59:25.6791;477;None;;;;0;0;0;extension;0;;Moving to rest position;
3b7c6130-54a6-491e-9b42-c1711cd33749;2025-05-12 09:59:25.6911;478;None;;;;0;0;0;extension;0;;Moving to rest position;
3b7c6130-54a6-491e-9b42-c1711cd33749;2025-05-12 09:59:25.7010;479;None;;;;0;0;0;extension;0;;Moving to rest position;
3b7c6130-54a6-491e-9b42-c1711cd33749;2025-05-12 09:59:25.7120;480;None;;;;0;0;0;extension;0;;Moving to rest position;
3b7c6130-54a6-491e-9b42-c1711cd33749;2025-05-12 09:59:25.7240;481;None;;;;0;0;0;extension;0;;Moving to rest position;
3b7c6130-54a6-491e-9b42-c1711cd33749;2025-05-12 09:59:25.7349;482;None;;;;0;0;0;extension;0;;Moving to rest position;
3b7c6130-54a6-491e-9b42-c1711cd33749;2025-05-12 09:59:25.7459;483;None;;;;0;0;0;extension;0;;Moving to rest position;
3b7c6130-54a6-491e-9b42-c1711cd33749;2025-05-12 09:59:25.7579;484;None;;;;0;0;0;extension;0;;Moving to rest position;
3b7c6130-54a6-491e-9b42-c1711cd33749;2025-05-12 09:59:25.7679;485;None;;;;0;0;0;extension;0;;Moving to rest position;
3b7c6130-54a6-491e-9b42-c1711cd33749;2025-05-12 09:59:25.7793;486;None;;;;0;0;0;extension;0;;Moving to rest position;
3b7c6130-54a6-491e-9b42-c1711cd33749;2025-05-12 09:59:25.7913;487;None;;;;0;0;0;extension;0;;Moving to rest position;
3b7c6130-54a6-491e-9b42-c1711cd33749;2025-05-12 09:59:25.8013;488;None;;;;0;0;0;extension;0;;Moving to rest position;
3b7c6130-54a6-491e-9b42-c1711cd33749;2025-05-12 09:59:25.8132;489;None;;;;0;0;0;extension;0;;Moving to rest position;
3b7c6130-54a6-491e-9b42-c1711cd33749;2025-05-12 09:59:25.8242;490;None;;;;0;0;0;extension;0;;Moving to rest position;
3b7c6130-54a6-491e-9b42-c1711cd33749;2025-05-12 09:59:25.8352;491;None;;;;0;0;0;extension;0;;Moving to rest position;
3b7c6130-54a6-491e-9b42-c1711cd33749;2025-05-12 09:59:25.8462;492;None;;;;0;0;0;extension;0;;Moving to rest position;
3b7c6130-54a6-491e-9b42-c1711cd33749;2025-05-12 09:59:25.8581;493;None;;;;0;0;0;extension;0;;Moving to rest position;
3b7c6130-54a6-491e-9b42-c1711cd33749;2025-05-12 09:59:25.8691;494;None;;;;0;0;0;extension;0;;Moving to rest position;
3b7c6130-54a6-491e-9b42-c1711cd33749;2025-05-12 09:59:25.8796;495;None;;;;0;0;0;extension;0;;Moving to rest position;
3b7c6130-54a6-491e-9b42-c1711cd33749;2025-05-12 09:59:25.8915;496;None;;;;0;0;0;extension;0;;Moving to rest position;
3b7c6130-54a6-491e-9b42-c1711cd33749;2025-05-12 09:59:25.9025;497;None;;;;0;0;0;extension;0;;Moving to rest position;
3b7c6130-54a6-491e-9b42-c1711cd33749;2025-05-12 09:59:25.9135;498;None;;;;0;0;0;extension;0;;Moving to rest position;
3b7c6130-54a6-491e-9b42-c1711cd33749;2025-05-12 09:59:25.9245;499;None;;;;0;0;0;extension;0;;Moving to rest position;
3b7c6130-54a6-491e-9b42-c1711cd33749;2025-05-12 09:59:25.9354;500;None;;;;0;0;0;extension;0;;Moving to rest position;
3b7c6130-54a6-491e-9b42-c1711cd33749;2025-05-12 09:59:25.9474;501;None;;;;0;0;0;extension;0;;Moving to rest position;
3b7c6130-54a6-491e-9b42-c1711cd33749;2025-05-12 09:59:25.9584;502;None;;;;0;0;0;extension;0;;Moving to rest position;
3b7c6130-54a6-491e-9b42-c1711cd33749;2025-05-12 09:59:25.9693;503;None;;;;0;0;0;extension;0;;Moving to rest position;
3b7c6130-54a6-491e-9b42-c1711cd33749;2025-05-12 09:59:25.9808;504;None;;;;0;0;0;extension;0;;Moving to rest position;
3b7c6130-54a6-491e-9b42-c1711cd33749;2025-05-12 09:59:25.9918;505;None;;;;0;0;0;extension;0;;Moving to rest position;
3b7c6130-54a6-491e-9b42-c1711cd33749;2025-05-12 09:59:26.0028;506;None;;;;0;0;0;extension;0;;Moving to rest position;
3b7c6130-54a6-491e-9b42-c1711cd33749;2025-05-12 09:59:26.0137;507;None;;;;0;0;0;extension;0;;Moving to rest position;
3b7c6130-54a6-491e-9b42-c1711cd33749;2025-05-12 09:59:26.0247;508;None;;;;0;0;0;extension;0;;Moving to rest position;
3b7c6130-54a6-491e-9b42-c1711cd33749;2025-05-12 09:59:26.0367;509;None;;;;0;0;0;extension;0;;Moving to rest position;
3b7c6130-54a6-491e-9b42-c1711cd33749;2025-05-12 09:59:26.0476;510;None;;;;0;0;0;extension;0;;Moving to rest position;
3b7c6130-54a6-491e-9b42-c1711cd33749;2025-05-12 09:59:26.0586;511;None;;;;0;0;0;extension;0;;Moving to rest position;
3b7c6130-54a6-491e-9b42-c1711cd33749;2025-05-12 09:59:26.0696;512;None;;;;0;0;0;extension;0;;Moving to rest position;
3b7c6130-54a6-491e-9b42-c1711cd33749;2025-05-12 09:59:26.0810;513;None;;;;0;0;0;extension;0;;Moving to rest position;
3b7c6130-54a6-491e-9b42-c1711cd33749;2025-05-12 09:59:26.0920;514;None;;;;0;0;0;extension;0;;Moving to rest position;
3b7c6130-54a6-491e-9b42-c1711cd33749;2025-05-12 09:59:26.1030;515;None;;;;0;0;0;extension;0;;Moving to rest position;
3b7c6130-54a6-491e-9b42-c1711cd33749;2025-05-12 09:59:26.1140;516;None;;;;0;0;0;extension;0;;Moving to rest position;
3b7c6130-54a6-491e-9b42-c1711cd33749;2025-05-12 09:59:26.1259;517;None;;;;0;0;0;extension;0;;Moving to rest position;
3b7c6130-54a6-491e-9b42-c1711cd33749;2025-05-12 09:59:26.1369;518;None;;;;0;0;0;extension;0;;Moving to rest position;
3b7c6130-54a6-491e-9b42-c1711cd33749;2025-05-12 09:59:26.1479;519;None;;;;0;0;0;extension;0;;Moving to rest position;
3b7c6130-54a6-491e-9b42-c1711cd33749;2025-05-12 09:59:26.1598;520;None;;;;0;0;0;extension;0;;Moving to rest position;
3b7c6130-54a6-491e-9b42-c1711cd33749;2025-05-12 09:59:26.1698;521;None;;;;0;0;0;extension;0;;Moving to rest position;
3b7c6130-54a6-491e-9b42-c1711cd33749;2025-05-12 09:59:26.1813;522;None;;;;0;0;0;extension;0;;Moving to rest position;
3b7c6130-54a6-491e-9b42-c1711cd33749;2025-05-12 09:59:26.1933;523;None;;;;0;0;0;extension;0;;Moving to rest position;
3b7c6130-54a6-491e-9b42-c1711cd33749;2025-05-12 09:59:26.2042;524;None;;;;0;0;0;extension;0;;Moving to rest position;
3b7c6130-54a6-491e-9b42-c1711cd33749;2025-05-12 09:59:26.2242;525;None;;;;0;0;0;extension;0;;Moving to rest position;
3b7c6130-54a6-491e-9b42-c1711cd33749;2025-05-12 09:59:26.2371;527;None;;;;0;0;0;extension;0;;Moving to rest position;
3b7c6130-54a6-491e-9b42-c1711cd33749;2025-05-12 09:59:26.2481;528;None;;;;0;0;0;extension;0;;Moving to rest position;
3b7c6130-54a6-491e-9b42-c1711cd33749;2025-05-12 09:59:26.2601;529;None;;;;0;0;0;extension;0;;Moving to rest position;
3b7c6130-54a6-491e-9b42-c1711cd33749;2025-05-12 09:59:26.2710;530;None;;;;0;0;0;extension;0;;Moving to rest position;
3b7c6130-54a6-491e-9b42-c1711cd33749;2025-05-12 09:59:26.2815;531;None;;;;0;0;0;extension;0;;Moving to rest position;
3b7c6130-54a6-491e-9b42-c1711cd33749;2025-05-12 09:59:26.2935;532;None;;;;0;0;0;extension;0;;Moving to rest position;
3b7c6130-54a6-491e-9b42-c1711cd33749;2025-05-12 09:59:26.3045;533;None;;;;0;0;0;extension;0;;Moving to rest position;
3b7c6130-54a6-491e-9b42-c1711cd33749;2025-05-12 09:59:26.3154;534;None;;;;0;0;0;extension;0;;Moving to rest position;
3b7c6130-54a6-491e-9b42-c1711cd33749;2025-05-12 09:59:26.3264;535;None;;;;0;0;0;extension;0;;Moving to rest position;
3b7c6130-54a6-491e-9b42-c1711cd33749;2025-05-12 09:59:26.3374;536;None;;;;0;0;0;extension;0;;Moving to rest position;
3b7c6130-54a6-491e-9b42-c1711cd33749;2025-05-12 09:59:26.3493;537;None;;;;0;0;0;extension;0;;Moving to rest position;
3b7c6130-54a6-491e-9b42-c1711cd33749;2025-05-12 09:59:26.3613;538;None;;;;0;0;0;extension;0;;Moving to rest position;
3b7c6130-54a6-491e-9b42-c1711cd33749;2025-05-12 09:59:26.3713;539;None;;;;0;0;0;extension;0;;Moving to rest position;
3b7c6130-54a6-491e-9b42-c1711cd33749;2025-05-12 09:59:26.3823;540;None;;;;0;0;0;extension;0;;Moving to rest position;
3b7c6130-54a6-491e-9b42-c1711cd33749;2025-05-12 09:59:26.3942;541;None;;;;0;0;0;extension;0;;Moving to rest position;
3b7c6130-54a6-491e-9b42-c1711cd33749;2025-05-12 09:59:26.4052;542;None;;;;0;0;0;extension;0;;Moving to rest position;
3b7c6130-54a6-491e-9b42-c1711cd33749;2025-05-12 09:59:26.4162;543;None;;;;0;0;0;extension;0;;Moving to rest position;
3b7c6130-54a6-491e-9b42-c1711cd33749;2025-05-12 09:59:26.4271;544;None;;;;0;0;0;extension;0;;Moving to rest position;
3b7c6130-54a6-491e-9b42-c1711cd33749;2025-05-12 09:59:26.4381;545;None;;;;0;0;0;extension;0;;Moving to rest position;
3b7c6130-54a6-491e-9b42-c1711cd33749;2025-05-12 09:59:26.4501;546;None;;;;0;0;0;extension;0;;Moving to rest position;
3b7c6130-54a6-491e-9b42-c1711cd33749;2025-05-12 09:59:26.4611;547;None;;;;0;0;0;extension;0;;Moving to rest position;
3b7c6130-54a6-491e-9b42-c1711cd33749;2025-05-12 09:59:26.4720;548;None;;;;0;0;0;extension;0;;Moving to rest position;
3b7c6130-54a6-491e-9b42-c1711cd33749;2025-05-12 09:59:26.4830;549;None;;;;0;0;0;extension;0;;Moving to rest position;
3b7c6130-54a6-491e-9b42-c1711cd33749;2025-05-12 09:59:26.4940;550;None;;;;0;0;0;extension;0;;Moving to rest position;
3b7c6130-54a6-491e-9b42-c1711cd33749;2025-05-12 09:59:26.5060;551;None;;;;0;0;0;extension;0;;Moving to rest position;
3b7c6130-54a6-491e-9b42-c1711cd33749;2025-05-12 09:59:26.5170;552;None;;;;0;0;0;extension;0;;Moving to rest position;
3b7c6130-54a6-491e-9b42-c1711cd33749;2025-05-12 09:59:26.5279;553;None;;;;0;0;0;extension;0;;Moving to rest position;
3b7c6130-54a6-491e-9b42-c1711cd33749;2025-05-12 09:59:26.5389;554;None;;;;0;0;0;extension;0;;Moving to rest position;
3b7c6130-54a6-491e-9b42-c1711cd33749;2025-05-12 09:59:26.5509;555;None;;;;0;0;0;extension;0;;Moving to rest position;
3b7c6130-54a6-491e-9b42-c1711cd33749;2025-05-12 09:59:26.5618;556;None;;;;0;0;0;extension;0;;Moving to rest position;
3b7c6130-54a6-491e-9b42-c1711cd33749;2025-05-12 09:59:26.5728;557;None;;;;0;0;0;extension;0;;Moving to rest position;
3b7c6130-54a6-491e-9b42-c1711cd33749;2025-05-12 09:59:26.5838;558;None;;;;0;0;0;extension;0;;Moving to rest position;
3b7c6130-54a6-491e-9b42-c1711cd33749;2025-05-12 09:59:26.5947;559;None;;;;0;0;0;extension;0;;Moving to rest position;
3b7c6130-54a6-491e-9b42-c1711cd33749;2025-05-12 09:59:26.6067;560;None;;;;0;0;0;extension;0;;Moving to rest position;
3b7c6130-54a6-491e-9b42-c1711cd33749;2025-05-12 09:59:26.6177;561;None;;;;0;0;0;extension;0;;Moving to rest position;
3b7c6130-54a6-491e-9b42-c1711cd33749;2025-05-12 09:59:26.6287;562;None;;;;0;0;0;extension;0;;Moving to rest position;
3b7c6130-54a6-491e-9b42-c1711cd33749;2025-05-12 09:59:26.6396;563;None;;;;0;0;0;extension;0;;Moving to rest position;
3b7c6130-54a6-491e-9b42-c1711cd33749;2025-05-12 09:59:26.6506;564;None;;;;0;0;0;extension;0;;Moving to rest position;
3b7c6130-54a6-491e-9b42-c1711cd33749;2025-05-12 09:59:26.6622;565;None;;;;0;0;0;extension;0;;Moving to rest position;
3b7c6130-54a6-491e-9b42-c1711cd33749;2025-05-12 09:59:26.6732;566;None;;;;0;0;0;extension;0;;Moving to rest position;
3b7c6130-54a6-491e-9b42-c1711cd33749;2025-05-12 09:59:26.6842;567;None;;;;0;0;0;extension;0;;Moving to rest position;
3b7c6130-54a6-491e-9b42-c1711cd33749;2025-05-12 09:59:26.6951;568;None;;;;0;0;0;extension;0;;Moving to rest position;
3b7c6130-54a6-491e-9b42-c1711cd33749;2025-05-12 09:59:26.7061;569;None;;;;0;0;0;extension;0;;Moving to rest position;
3b7c6130-54a6-491e-9b42-c1711cd33749;2025-05-12 09:59:26.7181;570;None;;;;0;0;0;extension;0;;Moving to rest position;
3b7c6130-54a6-491e-9b42-c1711cd33749;2025-05-12 09:59:26.7290;571;None;;;;0;0;0;extension;0;;Moving to rest position;
3b7c6130-54a6-491e-9b42-c1711cd33749;2025-05-12 09:59:26.7400;572;None;;;;0;0;0;extension;0;;Moving to rest position;
3b7c6130-54a6-491e-9b42-c1711cd33749;2025-05-12 09:59:26.7516;573;None;;;;0;0;0;extension;0;;Moving to rest position;
3b7c6130-54a6-491e-9b42-c1711cd33749;2025-05-12 09:59:26.7625;574;None;;;;0;0;0;extension;0;;Moving to rest position;
3b7c6130-54a6-491e-9b42-c1711cd33749;2025-05-12 09:59:26.7735;575;None;;;;0;0;0;extension;0;;Moving to rest position;
3b7c6130-54a6-491e-9b42-c1711cd33749;2025-05-12 09:59:26.7845;576;None;;;;0;0;0;extension;0;;Moving to rest position;
3b7c6130-54a6-491e-9b42-c1711cd33749;2025-05-12 09:59:26.7964;577;None;;;;0;0;0;extension;0;;Moving to rest position;
3b7c6130-54a6-491e-9b42-c1711cd33749;2025-05-12 09:59:26.8074;578;None;;;;0;0;0;extension;0;;Moving to rest position;
3b7c6130-54a6-491e-9b42-c1711cd33749;2025-05-12 09:59:26.8184;579;None;;;;0;0;0;extension;0;;Moving to rest position;
3b7c6130-54a6-491e-9b42-c1711cd33749;2025-05-12 09:59:26.8294;580;None;;;;0;0;0;extension;0;;Moving to rest position;
3b7c6130-54a6-491e-9b42-c1711cd33749;2025-05-12 09:59:26.8403;581;None;;;;0;0;0;extension;0;;Moving to rest position;
3b7c6130-54a6-491e-9b42-c1711cd33749;2025-05-12 09:59:26.8513;582;None;;;;0;0;0;extension;0;;Moving to rest position;
3b7c6130-54a6-491e-9b42-c1711cd33749;2025-05-12 09:59:26.8633;583;None;;;;0;0;0;extension;0;;Moving to rest position;
3b7c6130-54a6-491e-9b42-c1711cd33749;2025-05-12 09:59:26.8742;584;None;;;;0;0;0;extension;0;;Moving to rest position;
3b7c6130-54a6-491e-9b42-c1711cd33749;2025-05-12 09:59:26.8852;585;None;;;;0;0;0;extension;0;;Moving to rest position;
3b7c6130-54a6-491e-9b42-c1711cd33749;2025-05-12 09:59:26.8962;586;None;;;;0;0;0;extension;0;;Moving to rest position;
3b7c6130-54a6-491e-9b42-c1711cd33749;2025-05-12 09:59:26.9081;587;None;;;;0;0;0;extension;0;;Moving to rest position;
3b7c6130-54a6-491e-9b42-c1711cd33749;2025-05-12 09:59:26.9191;588;None;;;;0;0;0;extension;0;;Moving to rest position;
3b7c6130-54a6-491e-9b42-c1711cd33749;2025-05-12 09:59:26.9301;589;None;;;;0;0;0;extension;0;;Moving to rest position;
3b7c6130-54a6-491e-9b42-c1711cd33749;2025-05-12 09:59:26.9411;590;None;;;;0;0;0;extension;0;;Moving to rest position;
3b7c6130-54a6-491e-9b42-c1711cd33749;2025-05-12 09:59:26.9520;591;None;;;;0;0;0;extension;0;;Moving to rest position;
3b7c6130-54a6-491e-9b42-c1711cd33749;2025-05-12 09:59:26.9630;592;None;;;;0;0;0;extension;0;;Moving to rest position;
3b7c6130-54a6-491e-9b42-c1711cd33749;2025-05-12 09:59:26.9750;593;None;;;;0;0;0;extension;0;;Moving to rest position;
3b7c6130-54a6-491e-9b42-c1711cd33749;2025-05-12 09:59:26.9859;594;None;;;;0;0;0;extension;0;;Moving to rest position;
3b7c6130-54a6-491e-9b42-c1711cd33749;2025-05-12 09:59:26.9969;595;None;;;;0;0;0;extension;0;;Moving to rest position;
3b7c6130-54a6-491e-9b42-c1711cd33749;2025-05-12 09:59:27.0079;596;None;;;;0;0;0;extension;0;;Moving to rest position;
3b7c6130-54a6-491e-9b42-c1711cd33749;2025-05-12 09:59:27.0189;597;None;;;;0;0;0;extension;0;;Moving to rest position;
3b7c6130-54a6-491e-9b42-c1711cd33749;2025-05-12 09:59:27.0308;598;None;;;;0;0;0;extension;0;;Moving to rest position;
3b7c6130-54a6-491e-9b42-c1711cd33749;2025-05-12 09:59:27.0418;599;None;;;;0;0;0;extension;0;;Moving to rest position;
3b7c6130-54a6-491e-9b42-c1711cd33749;2025-05-12 09:59:27.0528;600;None;;;;0;0;0;extension;0;;Moving to rest position;
3b7c6130-54a6-491e-9b42-c1711cd33749;2025-05-12 09:59:27.0637;601;None;;;;0;0;0;extension;0;;Moving to rest position;
3b7c6130-54a6-491e-9b42-c1711cd33749;2025-05-12 09:59:27.0747;602;None;;;;0;0;0;extension;0;;Moving to rest position;
3b7c6130-54a6-491e-9b42-c1711cd33749;2025-05-12 09:59:27.0862;603;None;;;;0;0;0;extension;0;;Moving to rest position;
3b7c6130-54a6-491e-9b42-c1711cd33749;2025-05-12 09:59:27.0972;604;None;;;;0;0;0;extension;0;;Moving to rest position;
3b7c6130-54a6-491e-9b42-c1711cd33749;2025-05-12 09:59:27.1081;605;None;;;;0;0;0;extension;0;;Moving to rest position;
3b7c6130-54a6-491e-9b42-c1711cd33749;2025-05-12 09:59:27.1201;606;None;;;;0;0;0;extension;0;;Moving to rest position;
3b7c6130-54a6-491e-9b42-c1711cd33749;2025-05-12 09:59:27.1311;607;None;;;;0;0;0;extension;0;;Moving to rest position;
3b7c6130-54a6-491e-9b42-c1711cd33749;2025-05-12 09:59:27.1420;608;None;;;;0;0;0;extension;0;;Moving to rest position;
3b7c6130-54a6-491e-9b42-c1711cd33749;2025-05-12 09:59:27.1530;609;None;;;;0;0;0;extension;0;;Moving to rest position;
3b7c6130-54a6-491e-9b42-c1711cd33749;2025-05-12 09:59:27.1650;610;None;;;;0;0;0;extension;0;;Moving to rest position;
3b7c6130-54a6-491e-9b42-c1711cd33749;2025-05-12 09:59:27.1759;611;None;;;;0;0;0;extension;0;;Moving to rest position;
3b7c6130-54a6-491e-9b42-c1711cd33749;2025-05-12 09:59:27.1864;612;None;;;;0;0;0;extension;0;;Moving to rest position;
3b7c6130-54a6-491e-9b42-c1711cd33749;2025-05-12 09:59:27.1984;613;None;;;;0;0;0;extension;0;;Moving to rest position;
3b7c6130-54a6-491e-9b42-c1711cd33749;2025-05-12 09:59:27.2094;614;None;;;;0;0;0;extension;0;;Moving to rest position;
3b7c6130-54a6-491e-9b42-c1711cd33749;2025-05-12 09:59:27.2203;615;None;;;;0;0;0;extension;0;;Moving to rest position;
3b7c6130-54a6-491e-9b42-c1711cd33749;2025-05-12 09:59:27.2313;616;None;;;;0;0;0;extension;0;;Moving to rest position;
3b7c6130-54a6-491e-9b42-c1711cd33749;2025-05-12 09:59:27.2423;617;None;;;;0;0;0;extension;0;;Moving to rest position;
3b7c6130-54a6-491e-9b42-c1711cd33749;2025-05-12 09:59:27.2532;618;None;;;;0;0;0;extension;0;;Moving to rest position;
3b7c6130-54a6-491e-9b42-c1711cd33749;2025-05-12 09:59:27.2652;619;None;;;;0;0;0;extension;0;;Moving to rest position;
3b7c6130-54a6-491e-9b42-c1711cd33749;2025-05-12 09:59:27.2762;620;None;;;;0;0;0;extension;0;;Moving to rest position;
3b7c6130-54a6-491e-9b42-c1711cd33749;2025-05-12 09:59:27.2877;621;None;;;;0;0;0;extension;0;;Moving to rest position;
3b7c6130-54a6-491e-9b42-c1711cd33749;2025-05-12 09:59:27.2986;622;None;;;;0;0;0;extension;0;;Moving to rest position;
3b7c6130-54a6-491e-9b42-c1711cd33749;2025-05-12 09:59:27.3092;623;None;;;;0;0;0;extension;0;;Moving to rest position;
3b7c6130-54a6-491e-9b42-c1711cd33749;2025-05-12 09:59:27.3211;624;None;;;;0;0;0;extension;0;;Moving to rest position;
3b7c6130-54a6-491e-9b42-c1711cd33749;2025-05-12 09:59:27.3321;625;None;;;;0;0;0;extension;0;;Moving to rest position;
3b7c6130-54a6-491e-9b42-c1711cd33749;2025-05-12 09:59:27.3431;626;None;;;;0;0;0;extension;0;;Moving to rest position;
3b7c6130-54a6-491e-9b42-c1711cd33749;2025-05-12 09:59:27.3541;627;None;;;;0;0;0;extension;0;;Moving to rest position;
3b7c6130-54a6-491e-9b42-c1711cd33749;2025-05-12 09:59:27.3650;628;None;;;;0;0;0;extension;0;;Moving to rest position;
3b7c6130-54a6-491e-9b42-c1711cd33749;2025-05-12 09:59:27.3770;629;None;;;;0;0;0;extension;0;;Moving to rest position;
3b7c6130-54a6-491e-9b42-c1711cd33749;2025-05-12 09:59:27.3875;630;None;;;;0;0;0;extension;0;;Moving to rest position;
3b7c6130-54a6-491e-9b42-c1711cd33749;2025-05-12 09:59:27.3985;631;None;;;;0;0;0;extension;0;;Moving to rest position;
3b7c6130-54a6-491e-9b42-c1711cd33749;2025-05-12 09:59:27.4104;632;None;;;;0;0;0;extension;0;;Moving to rest position;
3b7c6130-54a6-491e-9b42-c1711cd33749;2025-05-12 09:59:27.4214;633;None;;;;0;0;0;extension;0;;Moving to rest position;
3b7c6130-54a6-491e-9b42-c1711cd33749;2025-05-12 09:59:27.4324;634;None;;;;0;0;0;extension;0;;Moving to rest position;
3b7c6130-54a6-491e-9b42-c1711cd33749;2025-05-12 09:59:27.4433;635;None;;;;0;0;0;extension;0;;Moving to rest position;
3b7c6130-54a6-491e-9b42-c1711cd33749;2025-05-12 09:59:27.4553;636;None;;;;0;0;0;extension;0;;Moving to rest position;
3b7c6130-54a6-491e-9b42-c1711cd33749;2025-05-12 09:59:27.4663;637;None;;;;0;0;0;extension;0;;Moving to rest position;
3b7c6130-54a6-491e-9b42-c1711cd33749;2025-05-12 09:59:27.4772;638;None;;;;0;0;0;extension;0;;Moving to rest position;
3b7c6130-54a6-491e-9b42-c1711cd33749;2025-05-12 09:59:27.4887;639;None;;;;0;0;0;extension;0;;Moving to rest position;
3b7c6130-54a6-491e-9b42-c1711cd33749;2025-05-12 09:59:27.4997;640;None;;;;0;0;0;extension;0;;Moving to rest position;
3b7c6130-54a6-491e-9b42-c1711cd33749;2025-05-12 09:59:27.5107;641;None;;;;0;0;0;extension;0;;Moving to rest position;
3b7c6130-54a6-491e-9b42-c1711cd33749;2025-05-12 09:59:27.5216;642;None;;;;0;0;0;extension;0;;Moving to rest position;
3b7c6130-54a6-491e-9b42-c1711cd33749;2025-05-12 09:59:27.5326;643;None;;;;0;0;0;extension;0;;Moving to rest position;
3b7c6130-54a6-491e-9b42-c1711cd33749;2025-05-12 09:59:27.5446;644;None;;;;0;0;0;extension;0;;Moving to rest position;
3b7c6130-54a6-491e-9b42-c1711cd33749;2025-05-12 09:59:27.5555;645;None;;;;0;0;0;extension;0;;Moving to rest position;
3b7c6130-54a6-491e-9b42-c1711cd33749;2025-05-12 09:59:27.5665;646;None;;;;0;0;0;extension;0;;Moving to rest position;
3b7c6130-54a6-491e-9b42-c1711cd33749;2025-05-12 09:59:27.5775;647;None;;;;0;0;0;extension;0;;Moving to rest position;
3b7c6130-54a6-491e-9b42-c1711cd33749;2025-05-12 09:59:27.5890;648;None;;;;0;0;0;extension;0;;Moving to rest position;
3b7c6130-54a6-491e-9b42-c1711cd33749;2025-05-12 09:59:27.6009;649;None;;;;0;0;0;extension;0;;Moving to rest position;
3b7c6130-54a6-491e-9b42-c1711cd33749;2025-05-12 09:59:27.6109;650;None;;;;0;0;0;extension;0;;Moving to rest position;
3b7c6130-54a6-491e-9b42-c1711cd33749;2025-05-12 09:59:27.6229;651;None;;;;0;0;0;extension;0;;Moving to rest position;
3b7c6130-54a6-491e-9b42-c1711cd33749;2025-05-12 09:59:27.6338;652;None;;;;0;0;0;extension;0;;Moving to rest position;
3b7c6130-54a6-491e-9b42-c1711cd33749;2025-05-12 09:59:27.6453;653;None;;;;0;0;0;extension;0;;Moving to rest position;
3b7c6130-54a6-491e-9b42-c1711cd33749;2025-05-12 09:59:27.6563;654;None;;;;0;0;0;extension;0;;Moving to rest position;
3b7c6130-54a6-491e-9b42-c1711cd33749;2025-05-12 09:59:27.6673;655;None;;;;0;0;0;extension;0;;Moving to rest position;
3b7c6130-54a6-491e-9b42-c1711cd33749;2025-05-12 09:59:27.6782;656;None;;;;0;0;0;extension;0;;Moving to rest position;
3b7c6130-54a6-491e-9b42-c1711cd33749;2025-05-12 09:59:27.6892;657;None;;;;0;0;0;extension;0;;Moving to rest position;
3b7c6130-54a6-491e-9b42-c1711cd33749;2025-05-12 09:59:27.7002;658;None;;;;0;0;0;extension;0;;Moving to rest position;
3b7c6130-54a6-491e-9b42-c1711cd33749;2025-05-12 09:59:27.7111;659;None;;;;0;0;0;extension;0;;Moving to rest position;
3b7c6130-54a6-491e-9b42-c1711cd33749;2025-05-12 09:59:27.7231;660;None;;;;0;0;0;extension;0;;Moving to rest position;
3b7c6130-54a6-491e-9b42-c1711cd33749;2025-05-12 09:59:27.7341;661;None;;;;0;0;0;extension;0;;Moving to rest position;
3b7c6130-54a6-491e-9b42-c1711cd33749;2025-05-12 09:59:27.7450;662;None;;;;0;0;0;extension;0;;Moving to rest position;
3b7c6130-54a6-491e-9b42-c1711cd33749;2025-05-12 09:59:27.7570;663;None;;;;0;0;0;extension;0;;Moving to rest position;
3b7c6130-54a6-491e-9b42-c1711cd33749;2025-05-12 09:59:27.7680;664;None;;;;0;0;0;extension;0;;Moving to rest position;
3b7c6130-54a6-491e-9b42-c1711cd33749;2025-05-12 09:59:27.7800;665;None;;;;0;0;0;extension;0;;Moving to rest position;
3b7c6130-54a6-491e-9b42-c1711cd33749;2025-05-12 09:59:27.7909;666;None;;;;0;0;0;extension;0;;Moving to rest position;
3b7c6130-54a6-491e-9b42-c1711cd33749;2025-05-12 09:59:27.8009;667;None;;;;0;0;0;extension;0;;Moving to rest position;
3b7c6130-54a6-491e-9b42-c1711cd33749;2025-05-12 09:59:27.8119;668;None;;;;0;0;0;extension;0;;Moving to rest position;
3b7c6130-54a6-491e-9b42-c1711cd33749;2025-05-12 09:59:27.8238;669;None;;;;0;0;0;extension;0;;Moving to rest position;
3b7c6130-54a6-491e-9b42-c1711cd33749;2025-05-12 09:59:27.8348;670;None;;;;0;0;0;extension;0;;Moving to rest position;
3b7c6130-54a6-491e-9b42-c1711cd33749;2025-05-12 09:59:27.8458;671;None;;;;0;0;0;extension;0;;Moving to rest position;
3b7c6130-54a6-491e-9b42-c1711cd33749;2025-05-12 09:59:27.8567;672;None;;;;0;0;0;extension;0;;Moving to rest position;
3b7c6130-54a6-491e-9b42-c1711cd33749;2025-05-12 09:59:27.8677;673;None;;;;0;0;0;extension;0;;Moving to rest position;
3b7c6130-54a6-491e-9b42-c1711cd33749;2025-05-12 09:59:27.8797;674;None;;;;0;0;0;extension;0;;Moving to rest position;
3b7c6130-54a6-491e-9b42-c1711cd33749;2025-05-12 09:59:27.8907;675;None;;;;0;0;0;extension;0;;Moving to rest position;
3b7c6130-54a6-491e-9b42-c1711cd33749;2025-05-12 09:59:27.9016;676;None;;;;0;0;0;extension;0;;Moving to rest position;
3b7c6130-54a6-491e-9b42-c1711cd33749;2025-05-12 09:59:27.9126;677;None;;;;0;0;0;extension;0;;Moving to rest position;
3b7c6130-54a6-491e-9b42-c1711cd33749;2025-05-12 09:59:27.9246;678;None;;;;0;0;0;extension;0;;Moving to rest position;
3b7c6130-54a6-491e-9b42-c1711cd33749;2025-05-12 09:59:27.9355;679;None;;;;0;0;0;extension;0;;Moving to rest position;
3b7c6130-54a6-491e-9b42-c1711cd33749;2025-05-12 09:59:27.9465;680;None;;;;0;0;0;extension;0;;Moving to rest position;
3b7c6130-54a6-491e-9b42-c1711cd33749;2025-05-12 09:59:27.9575;681;None;;;;0;0;0;extension;0;;Moving to rest position;
3b7c6130-54a6-491e-9b42-c1711cd33749;2025-05-12 09:59:27.9684;682;None;;;;0;0;0;extension;0;;Moving to rest position;
3b7c6130-54a6-491e-9b42-c1711cd33749;2025-05-12 09:59:27.9794;683;None;;;;0;0;0;extension;0;;Moving to rest position;
3b7c6130-54a6-491e-9b42-c1711cd33749;2025-05-12 09:59:27.9914;684;None;;;;0;0;0;extension;0;;Moving to rest position;
3b7c6130-54a6-491e-9b42-c1711cd33749;2025-05-12 09:59:28.0024;685;None;;;;0;0;0;extension;0;;Moving to rest position;
3b7c6130-54a6-491e-9b42-c1711cd33749;2025-05-12 09:59:28.0133;686;None;;;;0;0;0;extension;0;;Moving to rest position;
3b7c6130-54a6-491e-9b42-c1711cd33749;2025-05-12 09:59:28.0243;687;None;;;;0;0;0;extension;0;;Moving to rest position;
3b7c6130-54a6-491e-9b42-c1711cd33749;2025-05-12 09:59:28.0353;688;None;;;;0;0;0;extension;0;;Moving to rest position;
3b7c6130-54a6-491e-9b42-c1711cd33749;2025-05-12 09:59:28.0472;689;None;;;;0;0;0;extension;0;;Moving to rest position;
3b7c6130-54a6-491e-9b42-c1711cd33749;2025-05-12 09:59:28.0582;690;None;;;;0;0;0;extension;0;;Moving to rest position;
3b7c6130-54a6-491e-9b42-c1711cd33749;2025-05-12 09:59:28.0732;691;None;;;;0;0;0;extension;0;;Moving to rest position;
3b7c6130-54a6-491e-9b42-c1711cd33749;2025-05-12 09:59:28.0801;692;None;;;;0;0;0;extension;0;;Moving to rest position;
3b7c6130-54a6-491e-9b42-c1711cd33749;2025-05-12 09:59:28.0911;693;None;;;;0;0;0;extension;0;;Moving to rest position;
3b7c6130-54a6-491e-9b42-c1711cd33749;2025-05-12 09:59:28.1031;694;None;;;;0;0;0;extension;0;;Moving to rest position;
3b7c6130-54a6-491e-9b42-c1711cd33749;2025-05-12 09:59:28.1141;695;None;;;;0;0;0;extension;0;;Moving to rest position;
3b7c6130-54a6-491e-9b42-c1711cd33749;2025-05-12 09:59:28.1250;696;None;;;;0;0;0;extension;0;;Moving to rest position;
3b7c6130-54a6-491e-9b42-c1711cd33749;2025-05-12 09:59:28.1360;697;None;;;;0;0;0;extension;0;;Moving to rest position;
3b7c6130-54a6-491e-9b42-c1711cd33749;2025-05-12 09:59:28.1470;698;None;;;;0;0;0;extension;0;;Moving to rest position;
3b7c6130-54a6-491e-9b42-c1711cd33749;2025-05-12 09:59:28.1589;699;None;;;;0;0;0;extension;0;;Moving to rest position;
3b7c6130-54a6-491e-9b42-c1711cd33749;2025-05-12 09:59:28.1699;700;None;;;;0;0;0;extension;0;;Moving to rest position;
3b7c6130-54a6-491e-9b42-c1711cd33749;2025-05-12 09:59:28.1809;701;None;;;;0;0;0;extension;0;;Moving to rest position;
3b7c6130-54a6-491e-9b42-c1711cd33749;2025-05-12 09:59:28.1924;702;None;;;;0;0;0;extension;0;;Moving to rest position;
3b7c6130-54a6-491e-9b42-c1711cd33749;2025-05-12 09:59:28.2033;703;None;;;;0;0;0;extension;0;;Moving to rest position;
3b7c6130-54a6-491e-9b42-c1711cd33749;2025-05-12 09:59:28.2143;704;None;;;;0;0;0;extension;0;;Moving to rest position;
3b7c6130-54a6-491e-9b42-c1711cd33749;2025-05-12 09:59:28.2253;705;None;;;;0;0;0;extension;0;;Moving to rest position;
3b7c6130-54a6-491e-9b42-c1711cd33749;2025-05-12 09:59:28.2362;706;None;;;;0;0;0;extension;0;;Moving to rest position;
3b7c6130-54a6-491e-9b42-c1711cd33749;2025-05-12 09:59:28.2482;707;None;;;;0;0;0;extension;0;;Moving to rest position;
3b7c6130-54a6-491e-9b42-c1711cd33749;2025-05-12 09:59:28.2592;708;None;;;;0;0;0;extension;0;;Moving to rest position;
3b7c6130-54a6-491e-9b42-c1711cd33749;2025-05-12 09:59:28.2702;709;None;;;;0;0;0;extension;0;;Moving to rest position;
3b7c6130-54a6-491e-9b42-c1711cd33749;2025-05-12 09:59:28.2811;710;None;;;;0;0;0;extension;0;;Moving to rest position;
3b7c6130-54a6-491e-9b42-c1711cd33749;2025-05-12 09:59:28.2926;711;None;;;;0;0;0;extension;0;;Moving to rest position;
3b7c6130-54a6-491e-9b42-c1711cd33749;2025-05-12 09:59:28.3036;712;None;;;;0;0;0;extension;0;;Moving to rest position;
3b7c6130-54a6-491e-9b42-c1711cd33749;2025-05-12 09:59:28.3155;713;None;;;;0;0;0;extension;0;;Moving to rest position;
3b7c6130-54a6-491e-9b42-c1711cd33749;2025-05-12 09:59:28.3265;714;None;;;;0;0;0;extension;0;;Moving to rest position;
3b7c6130-54a6-491e-9b42-c1711cd33749;2025-05-12 09:59:28.3375;715;None;;;;0;0;0;extension;0;;Moving to rest position;
3b7c6130-54a6-491e-9b42-c1711cd33749;2025-05-12 09:59:28.3485;716;None;;;;0;0;0;extension;0;;Moving to rest position;
3b7c6130-54a6-491e-9b42-c1711cd33749;2025-05-12 09:59:28.3594;717;None;;;;0;0;0;extension;0;;Moving to rest position;
3b7c6130-54a6-491e-9b42-c1711cd33749;2025-05-12 09:59:28.3714;718;None;;;;0;0;0;extension;0;;Moving to rest position;
3b7c6130-54a6-491e-9b42-c1711cd33749;2025-05-12 09:59:28.3824;719;None;;;;0;0;0;extension;0;;Moving to rest position;
3b7c6130-54a6-491e-9b42-c1711cd33749;2025-05-12 09:59:28.3928;720;None;;;;0;0;0;extension;0;;Moving to rest position;
3b7c6130-54a6-491e-9b42-c1711cd33749;2025-05-12 09:59:28.4038;721;None;;;;0;0;0;extension;0;;Moving to rest position;
3b7c6130-54a6-491e-9b42-c1711cd33749;2025-05-12 09:59:28.4158;722;None;;;;0;0;0;extension;0;;Moving to rest position;
3b7c6130-54a6-491e-9b42-c1711cd33749;2025-05-12 09:59:28.4268;723;None;;;;0;0;0;extension;0;;Moving to rest position;
3b7c6130-54a6-491e-9b42-c1711cd33749;2025-05-12 09:59:28.4377;724;None;;;;0;0;0;extension;0;;Moving to rest position;
3b7c6130-54a6-491e-9b42-c1711cd33749;2025-05-12 09:59:28.4497;725;None;;;;0;0;0;extension;0;;Moving to rest position;
3b7c6130-54a6-491e-9b42-c1711cd33749;2025-05-12 09:59:28.4607;726;None;;;;0;0;0;extension;0;;Moving to rest position;
3b7c6130-54a6-491e-9b42-c1711cd33749;2025-05-12 09:59:28.4716;727;None;;;;0;0;0;extension;0;;Moving to rest position;
3b7c6130-54a6-491e-9b42-c1711cd33749;2025-05-12 09:59:28.4826;728;None;;;;0;0;0;extension;0;;Moving to rest position;
3b7c6130-54a6-491e-9b42-c1711cd33749;2025-05-12 09:59:28.4941;729;None;;;;0;0;0;extension;0;;Moving to rest position;
3b7c6130-54a6-491e-9b42-c1711cd33749;2025-05-12 09:59:28.5051;730;None;;;;0;0;0;extension;0;;Moving to rest position;
3b7c6130-54a6-491e-9b42-c1711cd33749;2025-05-12 09:59:28.5160;731;None;;;;0;0;0;extension;0;;Moving to rest position;
3b7c6130-54a6-491e-9b42-c1711cd33749;2025-05-12 09:59:28.5270;732;None;;;;0;0;0;extension;0;;Moving to rest position;
3b7c6130-54a6-491e-9b42-c1711cd33749;2025-05-12 09:59:28.5380;733;None;;;;0;0;0;extension;0;;Moving to rest position;
3b7c6130-54a6-491e-9b42-c1711cd33749;2025-05-12 09:59:28.5499;734;None;;;;0;0;0;extension;0;;Moving to rest position;
3b7c6130-54a6-491e-9b42-c1711cd33749;2025-05-12 09:59:28.5609;735;None;;;;0;0;0;extension;0;;Moving to rest position;
3b7c6130-54a6-491e-9b42-c1711cd33749;2025-05-12 09:59:28.5814;736;None;;;;0;0;0;extension;0;;Moving to rest position;
3b7c6130-54a6-491e-9b42-c1711cd33749;2025-05-12 09:59:28.5853;737;None;;;;0;0;0;extension;0;;Moving to rest position;
3b7c6130-54a6-491e-9b42-c1711cd33749;2025-05-12 09:59:28.5943;738;None;;;;0;0;0;extension;0;;Moving to rest position;
3b7c6130-54a6-491e-9b42-c1711cd33749;2025-05-12 09:59:28.6053;739;None;;;;0;0;0;extension;0;;Moving to rest position;
3b7c6130-54a6-491e-9b42-c1711cd33749;2025-05-12 09:59:28.6163;740;None;;;;0;0;0;extension;0;;Moving to rest position;
3b7c6130-54a6-491e-9b42-c1711cd33749;2025-05-12 09:59:28.6282;741;None;;;;0;0;0;extension;0;;Moving to rest position;
3b7c6130-54a6-491e-9b42-c1711cd33749;2025-05-12 09:59:28.6382;742;None;;;;0;0;0;extension;0;;Moving to rest position;
3b7c6130-54a6-491e-9b42-c1711cd33749;2025-05-12 09:59:28.6502;743;None;;;;0;0;0;extension;0;;Moving to rest position;
3b7c6130-54a6-491e-9b42-c1711cd33749;2025-05-12 09:59:28.6611;744;None;;;;0;0;0;extension;0;;Moving to rest position;
3b7c6130-54a6-491e-9b42-c1711cd33749;2025-05-12 09:59:28.6717;745;None;;;;0;0;0;extension;0;;Moving to rest position;
3b7c6130-54a6-491e-9b42-c1711cd33749;2025-05-12 09:59:28.6832;746;None;;;;0;0;0;extension;0;;Moving to rest position;
3b7c6130-54a6-491e-9b42-c1711cd33749;2025-05-12 09:59:28.6942;747;None;;;;0;0;0;extension;0;;Moving to rest position;
3b7c6130-54a6-491e-9b42-c1711cd33749;2025-05-12 09:59:28.7051;748;None;;;;0;0;0;extension;0;;Moving to rest position;
3b7c6130-54a6-491e-9b42-c1711cd33749;2025-05-12 09:59:28.7171;749;None;;;;0;0;0;extension;0;;Moving to rest position;
3b7c6130-54a6-491e-9b42-c1711cd33749;2025-05-12 09:59:28.7281;750;None;;;;0;0;0;extension;0;;Moving to rest position;
3b7c6130-54a6-491e-9b42-c1711cd33749;2025-05-12 09:59:28.7390;751;None;;;;0;0;0;extension;0;;Moving to rest position;
3b7c6130-54a6-491e-9b42-c1711cd33749;2025-05-12 09:59:28.7500;752;None;;;;0;0;0;extension;0;;Moving to rest position;
3b7c6130-54a6-491e-9b42-c1711cd33749;2025-05-12 09:59:28.7610;753;None;;;;0;0;0;extension;0;;Moving to rest position;
3b7c6130-54a6-491e-9b42-c1711cd33749;2025-05-12 09:59:28.7729;754;None;;;;0;0;0;extension;0;;Moving to rest position;
3b7c6130-54a6-491e-9b42-c1711cd33749;2025-05-12 09:59:28.7844;755;None;;;;0;0;0;extension;0;;Moving to rest position;
3b7c6130-54a6-491e-9b42-c1711cd33749;2025-05-12 09:59:28.7954;756;None;;;;0;0;0;extension;0;;Moving to rest position;
3b7c6130-54a6-491e-9b42-c1711cd33749;2025-05-12 09:59:28.8064;757;None;;;;0;0;0;extension;0;;Moving to rest position;
3b7c6130-54a6-491e-9b42-c1711cd33749;2025-05-12 09:59:28.8173;758;None;;;;0;0;0;extension;0;;Moving to rest position;
3b7c6130-54a6-491e-9b42-c1711cd33749;2025-05-12 09:59:28.8283;759;None;;;;0;0;0;extension;0;;Moving to rest position;
3b7c6130-54a6-491e-9b42-c1711cd33749;2025-05-12 09:59:28.8403;760;None;;;;0;0;0;extension;0;;Moving to rest position;
3b7c6130-54a6-491e-9b42-c1711cd33749;2025-05-12 09:59:28.8512;761;None;;;;0;0;0;extension;0;;Moving to rest position;
3b7c6130-54a6-491e-9b42-c1711cd33749;2025-05-12 09:59:28.8622;762;None;;;;0;0;0;extension;0;;Moving to rest position;
3b7c6130-54a6-491e-9b42-c1711cd33749;2025-05-12 09:59:28.8732;763;None;;;;0;0;0;extension;0;;Moving to rest position;
3b7c6130-54a6-491e-9b42-c1711cd33749;2025-05-12 09:59:28.8847;764;None;;;;0;0;0;extension;0;;Moving to rest position;
3b7c6130-54a6-491e-9b42-c1711cd33749;2025-05-12 09:59:28.8956;765;None;;;;0;0;0;extension;0;;Moving to rest position;
3b7c6130-54a6-491e-9b42-c1711cd33749;2025-05-12 09:59:28.9066;766;None;;;;0;0;0;extension;0;;Moving to rest position;
3b7c6130-54a6-491e-9b42-c1711cd33749;2025-05-12 09:59:28.9176;767;None;;;;0;0;0;extension;0;;Moving to rest position;
3b7c6130-54a6-491e-9b42-c1711cd33749;2025-05-12 09:59:28.9290;768;None;;;;0;0;0;extension;0;;Moving to rest position;
3b7c6130-54a6-491e-9b42-c1711cd33749;2025-05-12 09:59:28.9400;769;None;;;;0;0;0;extension;0;;Moving to rest position;
3b7c6130-54a6-491e-9b42-c1711cd33749;2025-05-12 09:59:28.9510;770;None;;;;0;0;0;extension;0;;Moving to rest position;
3b7c6130-54a6-491e-9b42-c1711cd33749;2025-05-12 09:59:28.9630;771;None;;;;0;0;0;extension;0;;Moving to rest position;
3b7c6130-54a6-491e-9b42-c1711cd33749;2025-05-12 09:59:28.9739;772;None;;;;0;0;0;extension;0;;Moving to rest position;
3b7c6130-54a6-491e-9b42-c1711cd33749;2025-05-12 09:59:28.9849;773;None;;;;0;0;0;extension;0;;Moving to rest position;
3b7c6130-54a6-491e-9b42-c1711cd33749;2025-05-12 09:59:28.9959;774;None;;;;0;0;0;extension;0;;Moving to rest position;
3b7c6130-54a6-491e-9b42-c1711cd33749;2025-05-12 09:59:29.0078;775;None;;;;0;0;0;extension;0;;Moving to rest position;
3b7c6130-54a6-491e-9b42-c1711cd33749;2025-05-12 09:59:29.0188;776;None;;;;0;0;0;extension;0;;Moving to rest position;
3b7c6130-54a6-491e-9b42-c1711cd33749;2025-05-12 09:59:29.0298;777;None;;;;0;0;0;extension;0;;Moving to rest position;
3b7c6130-54a6-491e-9b42-c1711cd33749;2025-05-12 09:59:29.0417;778;None;;;;0;0;0;extension;0;;Moving to rest position;
3b7c6130-54a6-491e-9b42-c1711cd33749;2025-05-12 09:59:29.0517;779;None;;;;0;0;0;extension;0;;Moving to rest position;
3b7c6130-54a6-491e-9b42-c1711cd33749;2025-05-12 09:59:29.0637;780;None;;;;0;0;0;extension;0;;Moving to rest position;
3b7c6130-54a6-491e-9b42-c1711cd33749;2025-05-12 09:59:29.0747;781;None;;;;0;0;0;extension;0;;Moving to rest position;
3b7c6130-54a6-491e-9b42-c1711cd33749;2025-05-12 09:59:29.0851;782;None;;;;0;0;0;extension;0;;Moving to rest position;
3b7c6130-54a6-491e-9b42-c1711cd33749;2025-05-12 09:59:29.0971;783;None;;;;0;0;0;extension;0;;Moving to rest position;
3b7c6130-54a6-491e-9b42-c1711cd33749;2025-05-12 09:59:29.1081;784;None;;;;0;0;0;extension;0;;Moving to rest position;
3b7c6130-54a6-491e-9b42-c1711cd33749;2025-05-12 09:59:29.1190;785;None;;;;0;0;0;extension;0;;Moving to rest position;
3b7c6130-54a6-491e-9b42-c1711cd33749;2025-05-12 09:59:29.1310;786;None;;;;0;0;0;extension;0;;Moving to rest position;
3b7c6130-54a6-491e-9b42-c1711cd33749;2025-05-12 09:59:29.1420;787;None;;;;0;0;0;extension;0;;Moving to rest position;
3b7c6130-54a6-491e-9b42-c1711cd33749;2025-05-12 09:59:29.1529;788;None;;;;0;0;0;extension;0;;Moving to rest position;
3b7c6130-54a6-491e-9b42-c1711cd33749;2025-05-12 09:59:29.1639;789;None;;;;0;0;0;extension;0;;Moving to rest position;
3b7c6130-54a6-491e-9b42-c1711cd33749;2025-05-12 09:59:29.1749;790;None;;;;0;0;0;extension;0;;Moving to rest position;
3b7c6130-54a6-491e-9b42-c1711cd33749;2025-05-12 09:59:29.1864;791;None;;;;0;0;0;extension;0;;Moving to rest position;
3b7c6130-54a6-491e-9b42-c1711cd33749;2025-05-12 09:59:29.1973;792;None;;;;0;0;0;extension;0;;Moving to rest position;
3b7c6130-54a6-491e-9b42-c1711cd33749;2025-05-12 09:59:29.2083;793;None;;;;0;0;0;extension;0;;Moving to rest position;
3b7c6130-54a6-491e-9b42-c1711cd33749;2025-05-12 09:59:29.2203;794;None;;;;0;0;0;extension;0;;Moving to rest position;
3b7c6130-54a6-491e-9b42-c1711cd33749;2025-05-12 09:59:29.2312;795;None;;;;0;0;0;extension;0;;Moving to rest position;
3b7c6130-54a6-491e-9b42-c1711cd33749;2025-05-12 09:59:29.2422;796;None;;;;0;0;0;extension;0;;Moving to rest position;
3b7c6130-54a6-491e-9b42-c1711cd33749;2025-05-12 09:59:29.2532;797;None;;;;0;0;0;extension;0;;Moving to rest position;
3b7c6130-54a6-491e-9b42-c1711cd33749;2025-05-12 09:59:29.2642;798;None;;;;0;0;0;extension;0;;Moving to rest position;
3b7c6130-54a6-491e-9b42-c1711cd33749;2025-05-12 09:59:29.2761;799;None;;;;0;0;0;extension;0;;Moving to rest position;
3b7c6130-54a6-491e-9b42-c1711cd33749;2025-05-12 09:59:29.2866;800;None;;;;0;0;0;extension;0;;Moving to rest position;
3b7c6130-54a6-491e-9b42-c1711cd33749;2025-05-12 09:59:29.2976;801;None;;;;0;0;0;extension;0;;Moving to rest position;
3b7c6130-54a6-491e-9b42-c1711cd33749;2025-05-12 09:59:29.3095;802;None;;;;0;0;0;extension;0;;Moving to rest position;
3b7c6130-54a6-491e-9b42-c1711cd33749;2025-05-12 09:59:29.3205;803;None;;;;0;0;0;extension;0;;Moving to rest position;
3b7c6130-54a6-491e-9b42-c1711cd33749;2025-05-12 09:59:29.3315;804;None;;;;0;0;0;extension;0;;Moving to rest position;
3b7c6130-54a6-491e-9b42-c1711cd33749;2025-05-12 09:59:29.3425;805;None;;;;0;0;0;extension;0;;Moving to rest position;
3b7c6130-54a6-491e-9b42-c1711cd33749;2025-05-12 09:59:29.3534;806;None;;;;0;0;0;extension;0;;Moving to rest position;
3b7c6130-54a6-491e-9b42-c1711cd33749;2025-05-12 09:59:29.3654;807;None;;;;0;0;0;extension;0;;Moving to rest position;
3b7c6130-54a6-491e-9b42-c1711cd33749;2025-05-12 09:59:29.3764;808;None;;;;0;0;0;extension;0;;Moving to rest position;
3b7c6130-54a6-491e-9b42-c1711cd33749;2025-05-12 09:59:29.3868;809;None;;;;0;0;0;extension;0;;Moving to rest position;
3b7c6130-54a6-491e-9b42-c1711cd33749;2025-05-12 09:59:29.3983;810;None;;;;0;0;0;extension;0;;Moving to rest position;
3b7c6130-54a6-491e-9b42-c1711cd33749;2025-05-12 09:59:29.4093;811;None;;;;0;0;0;extension;0;;Moving to rest position;
3b7c6130-54a6-491e-9b42-c1711cd33749;2025-05-12 09:59:29.4213;812;None;;;;0;0;0;extension;0;;Moving to rest position;
3b7c6130-54a6-491e-9b42-c1711cd33749;2025-05-12 09:59:29.4322;813;None;;;;0;0;0;extension;0;;Moving to rest position;
3b7c6130-54a6-491e-9b42-c1711cd33749;2025-05-12 09:59:29.4432;814;None;;;;0;0;0;extension;0;;Moving to rest position;
3b7c6130-54a6-491e-9b42-c1711cd33749;2025-05-12 09:59:29.4542;815;None;;;;0;0;0;extension;0;;Moving to rest position;
3b7c6130-54a6-491e-9b42-c1711cd33749;2025-05-12 09:59:29.4651;816;None;;;;0;0;0;extension;0;;Moving to rest position;
3b7c6130-54a6-491e-9b42-c1711cd33749;2025-05-12 09:59:29.4771;817;None;;;;0;0;0;extension;0;;Moving to rest position;
3b7c6130-54a6-491e-9b42-c1711cd33749;2025-05-12 09:59:29.4881;818;None;;;;0;0;0;extension;0;;Moving to rest position;
3b7c6130-54a6-491e-9b42-c1711cd33749;2025-05-12 09:59:29.4990;819;None;;;;0;0;0;extension;0;;Moving to rest position;
3b7c6130-54a6-491e-9b42-c1711cd33749;2025-05-12 09:59:29.5100;820;None;;;;0;0;0;extension;0;;Moving to rest position;
3b7c6130-54a6-491e-9b42-c1711cd33749;2025-05-12 09:59:29.5210;821;None;;;;0;0;0;extension;0;;Moving to rest position;
3b7c6130-54a6-491e-9b42-c1711cd33749;2025-05-12 09:59:29.5325;822;None;;;;0;0;0;extension;0;;Moving to rest position;
3b7c6130-54a6-491e-9b42-c1711cd33749;2025-05-12 09:59:29.5434;823;None;;;;0;0;0;extension;0;;Moving to rest position;
3b7c6130-54a6-491e-9b42-c1711cd33749;2025-05-12 09:59:29.5544;824;None;;;;0;0;0;extension;0;;Moving to rest position;
3b7c6130-54a6-491e-9b42-c1711cd33749;2025-05-12 09:59:29.5664;825;None;;;;0;0;0;extension;0;;Moving to rest position;
3b7c6130-54a6-491e-9b42-c1711cd33749;2025-05-12 09:59:29.5773;826;None;;;;0;0;0;extension;0;;Moving to rest position;
3b7c6130-54a6-491e-9b42-c1711cd33749;2025-05-12 09:59:29.5888;827;None;;;;0;0;0;extension;0;;Moving to rest position;
3b7c6130-54a6-491e-9b42-c1711cd33749;2025-05-12 09:59:29.5998;828;None;;;;0;0;0;extension;0;;Moving to rest position;
3b7c6130-54a6-491e-9b42-c1711cd33749;2025-05-12 09:59:29.6108;829;None;;;;0;0;0;extension;0;;Moving to rest position;
3b7c6130-54a6-491e-9b42-c1711cd33749;2025-05-12 09:59:29.6227;830;None;;;;0;0;0;extension;0;;Moving to rest position;
3b7c6130-54a6-491e-9b42-c1711cd33749;2025-05-12 09:59:29.6327;831;None;;;;0;0;0;extension;0;;Moving to rest position;
3b7c6130-54a6-491e-9b42-c1711cd33749;2025-05-12 09:59:29.6447;832;None;;;;0;0;0;extension;0;;Moving to rest position;
3b7c6130-54a6-491e-9b42-c1711cd33749;2025-05-12 09:59:29.6556;833;None;;;;0;0;0;extension;0;;Moving to rest position;
3b7c6130-54a6-491e-9b42-c1711cd33749;2025-05-12 09:59:29.6666;834;None;;;;0;0;0;extension;0;;Moving to rest position;
3b7c6130-54a6-491e-9b42-c1711cd33749;2025-05-12 09:59:29.6776;835;None;;;;0;0;0;extension;0;;Moving to rest position;
3b7c6130-54a6-491e-9b42-c1711cd33749;2025-05-12 09:59:29.6891;836;None;;;;0;0;0;extension;0;;Moving to rest position;
3b7c6130-54a6-491e-9b42-c1711cd33749;2025-05-12 09:59:29.7010;837;None;;;;0;0;0;extension;0;;Moving to rest position;
3b7c6130-54a6-491e-9b42-c1711cd33749;2025-05-12 09:59:29.7110;838;None;;;;0;0;0;extension;0;;Moving to rest position;
3b7c6130-54a6-491e-9b42-c1711cd33749;2025-05-12 09:59:29.7230;839;None;;;;0;0;0;extension;0;;Moving to rest position;
3b7c6130-54a6-491e-9b42-c1711cd33749;2025-05-12 09:59:29.7339;840;None;;;;0;0;0;extension;0;;Moving to rest position;
3b7c6130-54a6-491e-9b42-c1711cd33749;2025-05-12 09:59:29.7449;841;None;;;;0;0;0;extension;0;;Moving to rest position;
3b7c6130-54a6-491e-9b42-c1711cd33749;2025-05-12 09:59:29.7559;842;None;;;;0;0;0;extension;0;;Moving to rest position;
3b7c6130-54a6-491e-9b42-c1711cd33749;2025-05-12 09:59:29.7669;843;None;;;;0;0;0;extension;0;;Moving to rest position;
3b7c6130-54a6-491e-9b42-c1711cd33749;2025-05-12 09:59:29.7788;844;None;;;;0;0;0;extension;0;;Moving to rest position;
3b7c6130-54a6-491e-9b42-c1711cd33749;2025-05-12 09:59:29.7898;845;None;;;;0;0;0;extension;0;;Moving to rest position;
3b7c6130-54a6-491e-9b42-c1711cd33749;2025-05-12 09:59:29.8008;846;None;;;;0;0;0;extension;0;;Moving to rest position;
3b7c6130-54a6-491e-9b42-c1711cd33749;2025-05-12 09:59:29.8117;847;None;;;;0;0;0;extension;0;;Moving to rest position;
3b7c6130-54a6-491e-9b42-c1711cd33749;2025-05-12 09:59:29.8237;848;None;;;;0;0;0;extension;0;;Moving to rest position;
3b7c6130-54a6-491e-9b42-c1711cd33749;2025-05-12 09:59:29.8337;849;None;;;;0;0;0;extension;0;;Moving to rest position;
3b7c6130-54a6-491e-9b42-c1711cd33749;2025-05-12 09:59:29.8457;850;None;;;;0;0;0;extension;0;;Moving to rest position;
3b7c6130-54a6-491e-9b42-c1711cd33749;2025-05-12 09:59:29.8566;851;None;;;;0;0;0;extension;0;;Moving to rest position;
3b7c6130-54a6-491e-9b42-c1711cd33749;2025-05-12 09:59:29.8676;852;None;;;;0;0;0;extension;0;;Moving to rest position;
3b7c6130-54a6-491e-9b42-c1711cd33749;2025-05-12 09:59:29.8786;853;None;;;;0;0;0;extension;0;;Moving to rest position;
3b7c6130-54a6-491e-9b42-c1711cd33749;2025-05-12 09:59:29.8905;854;None;;;;0;0;0;extension;0;;Moving to rest position;
3b7c6130-54a6-491e-9b42-c1711cd33749;2025-05-12 09:59:29.9015;855;None;;;;0;0;0;extension;0;;Moving to rest position;
3b7c6130-54a6-491e-9b42-c1711cd33749;2025-05-12 09:59:29.9125;856;None;;;;0;0;0;extension;0;;Moving to rest position;
3b7c6130-54a6-491e-9b42-c1711cd33749;2025-05-12 09:59:29.9234;857;None;;;;0;0;0;extension;0;;Moving to rest position;
3b7c6130-54a6-491e-9b42-c1711cd33749;2025-05-12 09:59:29.9344;858;None;;;;0;0;0;extension;0;;Moving to rest position;
3b7c6130-54a6-491e-9b42-c1711cd33749;2025-05-12 09:59:29.9454;859;None;;;;0;0;0;extension;0;;Moving to rest position;
3b7c6130-54a6-491e-9b42-c1711cd33749;2025-05-12 09:59:29.9574;860;None;;;;0;0;0;extension;0;;Moving to rest position;
3b7c6130-54a6-491e-9b42-c1711cd33749;2025-05-12 09:59:29.9683;861;None;;;;0;0;0;extension;0;;Moving to rest position;
3b7c6130-54a6-491e-9b42-c1711cd33749;2025-05-12 09:59:29.9793;862;None;;;;0;0;0;extension;0;;Moving to rest position;
3b7c6130-54a6-491e-9b42-c1711cd33749;2025-05-12 09:59:29.9903;863;None;;;;0;0;0;extension;0;;Moving to rest position;
3b7c6130-54a6-491e-9b42-c1711cd33749;2025-05-12 09:59:30.0012;864;None;;;;0;0;0;extension;0;;Moving to rest position;
3b7c6130-54a6-491e-9b42-c1711cd33749;2025-05-12 09:59:30.0132;865;None;;;;0;0;0;extension;0;;Moving to rest position;
3b7c6130-54a6-491e-9b42-c1711cd33749;2025-05-12 09:59:30.0242;866;None;;;;0;0;0;extension;0;;Moving to rest position;
3b7c6130-54a6-491e-9b42-c1711cd33749;2025-05-12 09:59:30.0351;867;None;;;;0;0;0;extension;0;;Moving to rest position;
3b7c6130-54a6-491e-9b42-c1711cd33749;2025-05-12 09:59:30.0461;868;None;;;;0;0;0;extension;0;;Moving to rest position;
3b7c6130-54a6-491e-9b42-c1711cd33749;2025-05-12 09:59:30.0581;869;None;;;;0;0;0;extension;0;;Moving to rest position;
3b7c6130-54a6-491e-9b42-c1711cd33749;2025-05-12 09:59:30.0691;870;None;;;;0;0;0;extension;0;;Moving to rest position;
3b7c6130-54a6-491e-9b42-c1711cd33749;2025-05-12 09:59:30.0800;871;None;;;;0;0;0;extension;0;;Moving to rest position;
3b7c6130-54a6-491e-9b42-c1711cd33749;2025-05-12 09:59:30.0910;872;None;;;;0;0;0;extension;0;;Moving to rest position;
3b7c6130-54a6-491e-9b42-c1711cd33749;2025-05-12 09:59:30.1020;873;None;;;;0;0;0;extension;0;;Moving to rest position;
3b7c6130-54a6-491e-9b42-c1711cd33749;2025-05-12 09:59:30.1129;874;None;;;;0;0;0;extension;0;;Moving to rest position;
3b7c6130-54a6-491e-9b42-c1711cd33749;2025-05-12 09:59:30.1249;875;None;;;;0;0;0;extension;0;;Moving to rest position;
3b7c6130-54a6-491e-9b42-c1711cd33749;2025-05-12 09:59:30.1359;876;None;;;;0;0;0;extension;0;;Moving to rest position;
3b7c6130-54a6-491e-9b42-c1711cd33749;2025-05-12 09:59:30.1468;877;None;;;;0;0;0;extension;0;;Moving to rest position;
3b7c6130-54a6-491e-9b42-c1711cd33749;2025-05-12 09:59:30.1578;878;None;;;;0;0;0;extension;0;;Moving to rest position;
3b7c6130-54a6-491e-9b42-c1711cd33749;2025-05-12 09:59:30.1688;879;None;;;;0;0;0;extension;0;;Moving to rest position;
3b7c6130-54a6-491e-9b42-c1711cd33749;2025-05-12 09:59:30.1808;880;None;;;;0;0;0;extension;0;;Moving to rest position;
3b7c6130-54a6-491e-9b42-c1711cd33749;2025-05-12 09:59:30.1917;881;None;;;;0;0;0;extension;0;;Moving to rest position;
3b7c6130-54a6-491e-9b42-c1711cd33749;2025-05-12 09:59:30.2027;882;None;;;;0;0;0;extension;0;;Moving to rest position;
3b7c6130-54a6-491e-9b42-c1711cd33749;2025-05-12 09:59:30.2137;883;None;;;;0;0;0;extension;0;;Moving to rest position;
3b7c6130-54a6-491e-9b42-c1711cd33749;2025-05-12 09:59:30.2246;884;None;;;;0;0;0;extension;0;;Moving to rest position;
3b7c6130-54a6-491e-9b42-c1711cd33749;2025-05-12 09:59:30.2366;885;None;;;;0;0;0;extension;0;;Moving to rest position;
3b7c6130-54a6-491e-9b42-c1711cd33749;2025-05-12 09:59:30.2476;886;None;;;;0;0;0;extension;0;;Moving to rest position;
3b7c6130-54a6-491e-9b42-c1711cd33749;2025-05-12 09:59:30.2585;887;None;;;;0;0;0;extension;0;;Moving to rest position;
3b7c6130-54a6-491e-9b42-c1711cd33749;2025-05-12 09:59:30.2695;888;None;;;;0;0;0;extension;0;;Moving to rest position;
3b7c6130-54a6-491e-9b42-c1711cd33749;2025-05-12 09:59:30.2805;889;None;;;;0;0;0;extension;0;;Moving to rest position;
3b7c6130-54a6-491e-9b42-c1711cd33749;2025-05-12 09:59:30.2920;890;None;;;;0;0;0;extension;0;;Moving to rest position;
3b7c6130-54a6-491e-9b42-c1711cd33749;2025-05-12 09:59:30.3029;891;None;;;;0;0;0;extension;0;;Moving to rest position;
3b7c6130-54a6-491e-9b42-c1711cd33749;2025-05-12 09:59:30.3149;892;None;;;;0;0;0;extension;0;;Moving to rest position;
3b7c6130-54a6-491e-9b42-c1711cd33749;2025-05-12 09:59:30.3259;893;None;;;;0;0;0;extension;0;;Moving to rest position;
3b7c6130-54a6-491e-9b42-c1711cd33749;2025-05-12 09:59:30.3368;894;None;;;;0;0;0;extension;0;;Moving to rest position;
3b7c6130-54a6-491e-9b42-c1711cd33749;2025-05-12 09:59:30.3478;895;None;;;;0;0;0;extension;0;;Moving to rest position;
3b7c6130-54a6-491e-9b42-c1711cd33749;2025-05-12 09:59:30.3588;896;None;;;;0;0;0;extension;0;;Moving to rest position;
3b7c6130-54a6-491e-9b42-c1711cd33749;2025-05-12 09:59:30.3698;897;None;;;;0;0;0;extension;0;;Moving to rest position;
3b7c6130-54a6-491e-9b42-c1711cd33749;2025-05-12 09:59:30.3817;898;None;;;;0;0;0;extension;0;;Moving to rest position;
3b7c6130-54a6-491e-9b42-c1711cd33749;2025-05-12 09:59:30.3922;899;None;;;;0;0;0;extension;0;;Moving to rest position;
3b7c6130-54a6-491e-9b42-c1711cd33749;2025-05-12 09:59:30.4042;900;None;;;;0;0;0;extension;0;;Moving to rest position;
3b7c6130-54a6-491e-9b42-c1711cd33749;2025-05-12 09:59:30.4151;901;None;;;;0;0;0;extension;0;;Moving to rest position;
3b7c6130-54a6-491e-9b42-c1711cd33749;2025-05-12 09:59:30.4261;902;None;;;;0;0;0;extension;0;;Moving to rest position;
3b7c6130-54a6-491e-9b42-c1711cd33749;2025-05-12 09:59:30.4371;903;None;;;;0;0;0;extension;0;;Moving to rest position;
3b7c6130-54a6-491e-9b42-c1711cd33749;2025-05-12 09:59:30.4491;904;None;;;;0;0;0;extension;0;;Moving to rest position;
3b7c6130-54a6-491e-9b42-c1711cd33749;2025-05-12 09:59:30.4600;905;None;;;;0;0;0;extension;0;;Moving to rest position;
3b7c6130-54a6-491e-9b42-c1711cd33749;2025-05-12 09:59:30.4710;906;None;;;;0;0;0;extension;0;;Moving to rest position;
3b7c6130-54a6-491e-9b42-c1711cd33749;2025-05-12 09:59:30.4820;907;None;;;;0;0;0;extension;0;;Moving to rest position;
3b7c6130-54a6-491e-9b42-c1711cd33749;2025-05-12 09:59:30.4934;908;None;;;;0;0;0;extension;0;;Moving to rest position;
3b7c6130-54a6-491e-9b42-c1711cd33749;2025-05-12 09:59:30.5044;909;None;;;;0;0;0;extension;0;;Moving to rest position;
3b7c6130-54a6-491e-9b42-c1711cd33749;2025-05-12 09:59:30.5154;910;None;;;;0;0;0;extension;0;;Moving to rest position;
3b7c6130-54a6-491e-9b42-c1711cd33749;2025-05-12 09:59:30.5264;911;None;;;;0;0;0;extension;0;;Moving to rest position;
3b7c6130-54a6-491e-9b42-c1711cd33749;2025-05-12 09:59:30.5383;912;None;;;;0;0;0;extension;0;;Moving to rest position;
3b7c6130-54a6-491e-9b42-c1711cd33749;2025-05-12 09:59:30.5493;913;None;;;;0;0;0;extension;0;;Moving to rest position;
3b7c6130-54a6-491e-9b42-c1711cd33749;2025-05-12 09:59:30.5603;914;None;;;;0;0;0;extension;0;;Moving to rest position;
3b7c6130-54a6-491e-9b42-c1711cd33749;2025-05-12 09:59:30.5712;915;None;;;;0;0;0;extension;0;;Moving to rest position;
3b7c6130-54a6-491e-9b42-c1711cd33749;2025-05-12 09:59:30.5822;916;None;;;;0;0;0;extension;0;;Moving to rest position;
3b7c6130-54a6-491e-9b42-c1711cd33749;2025-05-12 09:59:30.5937;917;None;;;;0;0;0;extension;0;;Moving to rest position;
3b7c6130-54a6-491e-9b42-c1711cd33749;2025-05-12 09:59:30.6046;918;None;;;;0;0;0;extension;0;;Moving to rest position;
3b7c6130-54a6-491e-9b42-c1711cd33749;2025-05-12 09:59:30.6156;919;None;;;;0;0;0;extension;0;;Moving to rest position;
3b7c6130-54a6-491e-9b42-c1711cd33749;2025-05-12 09:59:30.6276;920;None;;;;0;0;0;extension;0;;Moving to rest position;
3b7c6130-54a6-491e-9b42-c1711cd33749;2025-05-12 09:59:30.6386;921;None;;;;0;0;0;extension;0;;Moving to rest position;
3b7c6130-54a6-491e-9b42-c1711cd33749;2025-05-12 09:59:30.6495;922;None;;;;0;0;0;extension;0;;Moving to rest position;
3b7c6130-54a6-491e-9b42-c1711cd33749;2025-05-12 09:59:30.6611;923;None;;;;0;0;0;extension;0;;Moving to rest position;
3b7c6130-54a6-491e-9b42-c1711cd33749;2025-05-12 09:59:30.6721;924;None;;;;0;0;0;extension;0;;Moving to rest position;
3b7c6130-54a6-491e-9b42-c1711cd33749;2025-05-12 09:59:30.6830;925;None;;;;0;0;0;extension;0;;Moving to rest position;
3b7c6130-54a6-491e-9b42-c1711cd33749;2025-05-12 09:59:30.6940;926;None;;;;0;0;0;extension;0;;Moving to rest position;
3b7c6130-54a6-491e-9b42-c1711cd33749;2025-05-12 09:59:30.7050;927;None;;;;0;0;0;extension;0;;Moving to rest position;
3b7c6130-54a6-491e-9b42-c1711cd33749;2025-05-12 09:59:30.7169;928;None;;;;0;0;0;extension;0;;Moving to rest position;
3b7c6130-54a6-491e-9b42-c1711cd33749;2025-05-12 09:59:30.7279;929;None;;;;0;0;0;extension;0;;Moving to rest position;
3b7c6130-54a6-491e-9b42-c1711cd33749;2025-05-12 09:59:30.7389;930;None;;;;0;0;0;extension;0;;Moving to rest position;
3b7c6130-54a6-491e-9b42-c1711cd33749;2025-05-12 09:59:30.7499;931;None;;;;0;0;0;extension;0;;Moving to rest position;
3b7c6130-54a6-491e-9b42-c1711cd33749;2025-05-12 09:59:30.7608;932;None;;;;0;0;0;extension;0;;Moving to rest position;
3b7c6130-54a6-491e-9b42-c1711cd33749;2025-05-12 09:59:30.7728;933;None;;;;0;0;0;extension;0;;Moving to rest position;
3b7c6130-54a6-491e-9b42-c1711cd33749;2025-05-12 09:59:30.7838;934;None;;;;0;0;0;extension;0;;Moving to rest position;
3b7c6130-54a6-491e-9b42-c1711cd33749;2025-05-12 09:59:30.7947;935;None;;;;0;0;0;extension;0;;Moving to rest position;
3b7c6130-54a6-491e-9b42-c1711cd33749;2025-05-12 09:59:30.8057;936;None;;;;0;0;0;extension;0;;Moving to rest position;
3b7c6130-54a6-491e-9b42-c1711cd33749;2025-05-12 09:59:30.8177;937;None;;;;0;0;0;extension;0;;Moving to rest position;
3b7c6130-54a6-491e-9b42-c1711cd33749;2025-05-12 09:59:30.8286;938;None;;;;0;0;0;extension;0;;Moving to rest position;
3b7c6130-54a6-491e-9b42-c1711cd33749;2025-05-12 09:59:30.8396;939;None;;;;0;0;0;extension;0;;Moving to rest position;
3b7c6130-54a6-491e-9b42-c1711cd33749;2025-05-12 09:59:30.8506;940;None;;;;0;0;0;extension;0;;Moving to rest position;
3b7c6130-54a6-491e-9b42-c1711cd33749;2025-05-12 09:59:30.8626;941;None;;;;0;0;0;extension;0;;Moving to rest position;
3b7c6130-54a6-491e-9b42-c1711cd33749;2025-05-12 09:59:30.8738;942;None;;;;0;0;0;extension;0;;Moving to rest position;
3b7c6130-54a6-491e-9b42-c1711cd33749;2025-05-12 09:59:30.8845;943;None;;;;0;0;0;extension;0;;Moving to rest position;
3b7c6130-54a6-491e-9b42-c1711cd33749;2025-05-12 09:59:30.8955;944;None;;;;0;0;0;extension;0;;Moving to rest position;
3b7c6130-54a6-491e-9b42-c1711cd33749;2025-05-12 09:59:30.9074;945;None;;;;0;0;0;extension;0;;Moving to rest position;
3b7c6130-54a6-491e-9b42-c1711cd33749;2025-05-12 09:59:30.9184;946;None;;;;0;0;0;extension;0;;Moving to rest position;
3b7c6130-54a6-491e-9b42-c1711cd33749;2025-05-12 09:59:30.9294;947;None;;;;0;0;0;extension;0;;Moving to rest position;
3b7c6130-54a6-491e-9b42-c1711cd33749;2025-05-12 09:59:30.9403;948;None;;;;0;0;0;extension;0;;Moving to rest position;
3b7c6130-54a6-491e-9b42-c1711cd33749;2025-05-12 09:59:30.9513;949;None;;;;0;0;0;extension;0;;Moving to rest position;
3b7c6130-54a6-491e-9b42-c1711cd33749;2025-05-12 09:59:30.9633;950;None;;;;0;0;0;extension;0;;Moving to rest position;
3b7c6130-54a6-491e-9b42-c1711cd33749;2025-05-12 09:59:30.9743;951;None;;;;0;0;0;extension;0;;Moving to rest position;
3b7c6130-54a6-491e-9b42-c1711cd33749;2025-05-12 09:59:30.9852;952;None;;;;0;0;0;extension;0;;Moving to rest position;
3b7c6130-54a6-491e-9b42-c1711cd33749;2025-05-12 09:59:30.9962;953;None;;;;0;0;0;extension;0;;Moving to rest position;
3b7c6130-54a6-491e-9b42-c1711cd33749;2025-05-12 09:59:31.0072;954;None;;;;0;0;0;extension;0;;Moving to rest position;
3b7c6130-54a6-491e-9b42-c1711cd33749;2025-05-12 09:59:31.0181;955;None;;;;0;0;0;extension;0;;Moving to rest position;
3b7c6130-54a6-491e-9b42-c1711cd33749;2025-05-12 09:59:31.0301;956;None;;;;0;0;0;extension;0;;Moving to rest position;
3b7c6130-54a6-491e-9b42-c1711cd33749;2025-05-12 09:59:31.0421;957;None;;;;0;0;0;extension;0;;Moving to rest position;
3b7c6130-54a6-491e-9b42-c1711cd33749;2025-05-12 09:59:31.0520;958;None;;;;0;0;0;extension;0;;Moving to rest position;
3b7c6130-54a6-491e-9b42-c1711cd33749;2025-05-12 09:59:31.0630;959;None;;;;0;0;0;extension;0;;Moving to rest position;
3b7c6130-54a6-491e-9b42-c1711cd33749;2025-05-12 09:59:31.0750;960;None;;;;0;0;0;extension;0;;Moving to rest position;
3b7c6130-54a6-491e-9b42-c1711cd33749;2025-05-12 09:59:31.0850;961;None;;;;0;0;0;extension;0;;Moving to rest position;
3b7c6130-54a6-491e-9b42-c1711cd33749;2025-05-12 09:59:31.0969;962;None;;;;0;0;0;extension;0;;Moving to rest position;
3b7c6130-54a6-491e-9b42-c1711cd33749;2025-05-12 09:59:31.1119;963;None;;;;0;0;0;extension;0;;Moving to rest position;
3b7c6130-54a6-491e-9b42-c1711cd33749;2025-05-12 09:59:31.1189;964;None;;;;0;0;0;extension;0;;Moving to rest position;
3b7c6130-54a6-491e-9b42-c1711cd33749;2025-05-12 09:59:31.1308;965;None;;;;0;0;0;extension;0;;Moving to rest position;
3b7c6130-54a6-491e-9b42-c1711cd33749;2025-05-12 09:59:31.1418;966;None;;;;0;0;0;extension;0;;Moving to rest position;
3b7c6130-54a6-491e-9b42-c1711cd33749;2025-05-12 09:59:31.1518;967;None;;;;0;0;0;extension;0;;Moving to rest position;
3b7c6130-54a6-491e-9b42-c1711cd33749;2025-05-12 09:59:31.1637;968;None;;;;0;0;0;extension;0;;Moving to rest position;
3b7c6130-54a6-491e-9b42-c1711cd33749;2025-05-12 09:59:31.1747;969;None;;;;0;0;0;extension;0;;Moving to rest position;
3b7c6130-54a6-491e-9b42-c1711cd33749;2025-05-12 09:59:31.1857;970;None;;;;0;0;0;extension;0;;Moving to rest position;
3b7c6130-54a6-491e-9b42-c1711cd33749;2025-05-12 09:59:31.1972;971;None;;;;0;0;0;extension;0;;Moving to rest position;
3b7c6130-54a6-491e-9b42-c1711cd33749;2025-05-12 09:59:31.2081;972;None;;;;0;0;0;extension;0;;Moving to rest position;
3b7c6130-54a6-491e-9b42-c1711cd33749;2025-05-12 09:59:31.2191;973;None;;;;0;0;0;extension;0;;Moving to rest position;
3b7c6130-54a6-491e-9b42-c1711cd33749;2025-05-12 09:59:31.2301;974;None;;;;0;0;0;extension;0;;Moving to rest position;
3b7c6130-54a6-491e-9b42-c1711cd33749;2025-05-12 09:59:31.2420;975;None;;;;0;0;0;extension;0;;Moving to rest position;
3b7c6130-54a6-491e-9b42-c1711cd33749;2025-05-12 09:59:31.2530;976;None;;;;0;0;0;extension;0;;Moving to rest position;
3b7c6130-54a6-491e-9b42-c1711cd33749;2025-05-12 09:59:31.2640;977;None;;;;0;0;0;extension;0;;Moving to rest position;
3b7c6130-54a6-491e-9b42-c1711cd33749;2025-05-12 09:59:31.2750;978;None;;;;0;0;0;extension;0;;Moving to rest position;
3b7c6130-54a6-491e-9b42-c1711cd33749;2025-05-12 09:59:31.2859;979;None;;;;0;0;0;extension;0;;Moving to rest position;
3b7c6130-54a6-491e-9b42-c1711cd33749;2025-05-12 09:59:31.2984;980;None;;;;0;0;0;extension;0;;Moving to rest position;
3b7c6130-54a6-491e-9b42-c1711cd33749;2025-05-12 09:59:31.3084;981;None;;;;0;0;0;extension;0;;Moving to rest position;
3b7c6130-54a6-491e-9b42-c1711cd33749;2025-05-12 09:59:31.3203;982;None;;;;0;0;0;extension;0;;Moving to rest position;
3b7c6130-54a6-491e-9b42-c1711cd33749;2025-05-12 09:59:31.3313;983;None;;;;0;0;0;extension;0;;Moving to rest position;
3b7c6130-54a6-491e-9b42-c1711cd33749;2025-05-12 09:59:31.3423;984;None;;;;0;0;0;extension;0;;Moving to rest position;
3b7c6130-54a6-491e-9b42-c1711cd33749;2025-05-12 09:59:31.3533;985;None;;;;0;0;0;extension;0;;Moving to rest position;
3b7c6130-54a6-491e-9b42-c1711cd33749;2025-05-12 09:59:31.3652;986;None;;;;0;0;0;extension;0;;Moving to rest position;
3b7c6130-54a6-491e-9b42-c1711cd33749;2025-05-12 09:59:31.3762;987;None;;;;0;0;0;extension;0;;Moving to rest position;
3b7c6130-54a6-491e-9b42-c1711cd33749;2025-05-12 09:59:31.3872;988;None;;;;0;0;0;extension;0;;Moving to rest position;
3b7c6130-54a6-491e-9b42-c1711cd33749;2025-05-12 09:59:31.3986;989;None;;;;0;0;0;extension;0;;Moving to rest position;
3b7c6130-54a6-491e-9b42-c1711cd33749;2025-05-12 09:59:31.4096;990;None;;;;0;0;0;extension;0;;Moving to rest position;
3b7c6130-54a6-491e-9b42-c1711cd33749;2025-05-12 09:59:31.4206;991;None;;;;0;0;0;extension;0;;Moving to rest position;
3b7c6130-54a6-491e-9b42-c1711cd33749;2025-05-12 09:59:31.4315;992;None;;;;0;0;0;extension;0;;Moving to rest position;
3b7c6130-54a6-491e-9b42-c1711cd33749;2025-05-12 09:59:31.4425;993;None;;;;0;0;0;extension;0;;Moving to rest position;
3b7c6130-54a6-491e-9b42-c1711cd33749;2025-05-12 09:59:31.4545;994;None;;;;0;0;0;extension;0;;Moving to rest position;
3b7c6130-54a6-491e-9b42-c1711cd33749;2025-05-12 09:59:31.4655;995;None;;;;0;0;0;extension;0;;Moving to rest position;
3b7c6130-54a6-491e-9b42-c1711cd33749;2025-05-12 09:59:31.4764;996;None;;;;0;0;0;extension;0;;Moving to rest position;
3b7c6130-54a6-491e-9b42-c1711cd33749;2025-05-12 09:59:31.4874;997;None;;;;0;0;0;extension;0;;Moving to rest position;
3b7c6130-54a6-491e-9b42-c1711cd33749;2025-05-12 09:59:31.4989;998;None;;;;0;0;0;extension;0;;Moving to rest position;
3b7c6130-54a6-491e-9b42-c1711cd33749;2025-05-12 09:59:31.5098;999;None;;;;0;0;0;extension;0;;Moving to rest position;
3b7c6130-54a6-491e-9b42-c1711cd33749;2025-05-12 09:59:31.5208;1000;None;;;;0;0;0;extension;0;;Moving to rest position;
3b7c6130-54a6-491e-9b42-c1711cd33749;2025-05-12 09:59:31.5318;1001;None;;;;0;0;0;extension;0;;Moving to rest position;
3b7c6130-54a6-491e-9b42-c1711cd33749;2025-05-12 09:59:31.5438;1002;None;;;;0;0;0;extension;0;;Moving to rest position;
3b7c6130-54a6-491e-9b42-c1711cd33749;2025-05-12 09:59:31.5547;1003;None;;;;0;0;0;extension;0;;Moving to rest position;
3b7c6130-54a6-491e-9b42-c1711cd33749;2025-05-12 09:59:31.5657;1004;None;;;;0;0;0;extension;0;;Moving to rest position;
3b7c6130-54a6-491e-9b42-c1711cd33749;2025-05-12 09:59:31.5767;1005;None;;;;0;0;0;extension;0;;Moving to rest position;
3b7c6130-54a6-491e-9b42-c1711cd33749;2025-05-12 09:59:31.5876;1006;None;;;;0;0;0;extension;0;;Moving to rest position;
3b7c6130-54a6-491e-9b42-c1711cd33749;2025-05-12 09:59:31.5991;1007;None;;;;0;0;0;extension;0;;Moving to rest position;
3b7c6130-54a6-491e-9b42-c1711cd33749;2025-05-12 09:59:31.6101;1008;None;;;;0;0;0;extension;0;;Moving to rest position;
3b7c6130-54a6-491e-9b42-c1711cd33749;2025-05-12 09:59:31.6211;1009;None;;;;0;0;0;extension;0;;Moving to rest position;
3b7c6130-54a6-491e-9b42-c1711cd33749;2025-05-12 09:59:31.6320;1010;None;;;;0;0;0;extension;0;;Moving to rest position;
3b7c6130-54a6-491e-9b42-c1711cd33749;2025-05-12 09:59:31.6440;1011;None;;;;0;0;0;extension;0;;Moving to rest position;
3b7c6130-54a6-491e-9b42-c1711cd33749;2025-05-12 09:59:31.6550;1012;None;;;;0;0;0;extension;0;;Moving to rest position;
3b7c6130-54a6-491e-9b42-c1711cd33749;2025-05-12 09:59:31.6659;1013;None;;;;0;0;0;extension;0;;Moving to rest position;
3b7c6130-54a6-491e-9b42-c1711cd33749;2025-05-12 09:59:31.6779;1014;None;;;;0;0;0;extension;0;;Moving to rest position;
3b7c6130-54a6-491e-9b42-c1711cd33749;2025-05-12 09:59:31.6889;1015;None;;;;0;0;0;extension;0;;Moving to rest position;
3b7c6130-54a6-491e-9b42-c1711cd33749;2025-05-12 09:59:31.6993;1016;None;;;;0;0;0;extension;0;;Moving to rest position;
3b7c6130-54a6-491e-9b42-c1711cd33749;2025-05-12 09:59:31.7103;1017;None;;;;0;0;0;extension;0;;Moving to rest position;
3b7c6130-54a6-491e-9b42-c1711cd33749;2025-05-12 09:59:31.7223;1018;None;;;;0;0;0;extension;0;;Moving to rest position;
3b7c6130-54a6-491e-9b42-c1711cd33749;2025-05-12 09:59:31.7333;1019;None;;;;0;0;0;extension;0;;Moving to rest position;
3b7c6130-54a6-491e-9b42-c1711cd33749;2025-05-12 09:59:31.7442;1020;None;;;;0;0;0;extension;0;;Moving to rest position;
3b7c6130-54a6-491e-9b42-c1711cd33749;2025-05-12 09:59:31.7552;1021;None;;;;0;0;0;extension;0;;Moving to rest position;
3b7c6130-54a6-491e-9b42-c1711cd33749;2025-05-12 09:59:31.7672;1022;None;;;;0;0;0;extension;0;;Moving to rest position;
3b7c6130-54a6-491e-9b42-c1711cd33749;2025-05-12 09:59:31.7777;1023;None;;;;0;0;0;extension;0;;Moving to rest position;
3b7c6130-54a6-491e-9b42-c1711cd33749;2025-05-12 09:59:31.7890;1024;None;;;;0;0;0;extension;0;;Moving to rest position;
3b7c6130-54a6-491e-9b42-c1711cd33749;2025-05-12 09:59:31.8000;1025;None;;;;0;0;0;extension;0;;Moving to rest position;
3b7c6130-54a6-491e-9b42-c1711cd33749;2025-05-12 09:59:31.8110;1026;None;;;;0;0;0;extension;0;;Moving to rest position;
3b7c6130-54a6-491e-9b42-c1711cd33749;2025-05-12 09:59:31.8219;1027;None;;;;0;0;0;extension;0;;Moving to rest position;
3b7c6130-54a6-491e-9b42-c1711cd33749;2025-05-12 09:59:31.8339;1028;None;;;;0;0;0;extension;0;;Moving to rest position;
3b7c6130-54a6-491e-9b42-c1711cd33749;2025-05-12 09:59:31.8449;1029;None;;;;0;0;0;extension;0;;Moving to rest position;
3b7c6130-54a6-491e-9b42-c1711cd33749;2025-05-12 09:59:31.8558;1030;None;;;;0;0;0;extension;0;;Moving to rest position;
3b7c6130-54a6-491e-9b42-c1711cd33749;2025-05-12 09:59:31.8678;1031;None;;;;0;0;0;extension;0;;Moving to rest position;
3b7c6130-54a6-491e-9b42-c1711cd33749;2025-05-12 09:59:31.8788;1032;None;;;;0;0;0;extension;0;;Moving to rest position;
3b7c6130-54a6-491e-9b42-c1711cd33749;2025-05-12 09:59:31.8897;1033;None;;;;0;0;0;extension;0;;Moving to rest position;
3b7c6130-54a6-491e-9b42-c1711cd33749;2025-05-12 09:59:31.9007;1034;None;;;;0;0;0;extension;0;;Moving to rest position;
3b7c6130-54a6-491e-9b42-c1711cd33749;2025-05-12 09:59:31.9117;1035;None;;;;0;0;0;extension;0;;Moving to rest position;
3b7c6130-54a6-491e-9b42-c1711cd33749;2025-05-12 09:59:31.9227;1036;None;;;;0;0;0;extension;0;;Moving to rest position;
3b7c6130-54a6-491e-9b42-c1711cd33749;2025-05-12 09:59:31.9336;1037;None;;;;0;0;0;extension;0;;Moving to rest position;
3b7c6130-54a6-491e-9b42-c1711cd33749;2025-05-12 09:59:31.9456;1038;None;;;;0;0;0;extension;0;;Moving to rest position;
3b7c6130-54a6-491e-9b42-c1711cd33749;2025-05-12 09:59:31.9566;1039;None;;;;0;0;0;extension;0;;Moving to rest position;
3b7c6130-54a6-491e-9b42-c1711cd33749;2025-05-12 09:59:31.9676;1040;None;;;;0;0;0;extension;0;;Moving to rest position;
3b7c6130-54a6-491e-9b42-c1711cd33749;2025-05-12 09:59:31.9785;1041;None;;;;0;0;0;extension;0;;Moving to rest position;
3b7c6130-54a6-491e-9b42-c1711cd33749;2025-05-12 09:59:31.9905;1042;None;;;;0;0;0;extension;0;;Moving to rest position;
3b7c6130-54a6-491e-9b42-c1711cd33749;2025-05-12 09:59:32.0010;1043;None;;;;0;0;0;extension;0;;Moving to rest position;
3b7c6130-54a6-491e-9b42-c1711cd33749;2025-05-12 09:59:32.0119;1044;None;;;;0;0;0;extension;0;;Moving to rest position;
3b7c6130-54a6-491e-9b42-c1711cd33749;2025-05-12 09:59:32.0239;1045;None;;;;0;0;0;extension;0;;Moving to rest position;
3b7c6130-54a6-491e-9b42-c1711cd33749;2025-05-12 09:59:32.0349;1046;None;;;;0;0;0;extension;0;;Moving to rest position;
3b7c6130-54a6-491e-9b42-c1711cd33749;2025-05-12 09:59:32.0459;1047;None;;;;0;0;0;extension;0;;Moving to rest position;
3b7c6130-54a6-491e-9b42-c1711cd33749;2025-05-12 09:59:32.0578;1048;None;;;;0;0;0;extension;0;;Moving to rest position;
3b7c6130-54a6-491e-9b42-c1711cd33749;2025-05-12 09:59:32.0688;1049;None;;;;0;0;0;extension;0;;Moving to rest position;
3b7c6130-54a6-491e-9b42-c1711cd33749;2025-05-12 09:59:32.0798;1050;None;;;;0;0;0;extension;0;;Moving to rest position;
3b7c6130-54a6-491e-9b42-c1711cd33749;2025-05-12 09:59:32.0907;1051;None;;;;0;0;0;extension;0;;Moving to rest position;
3b7c6130-54a6-491e-9b42-c1711cd33749;2025-05-12 09:59:32.1017;1052;None;;;;0;0;0;extension;0;;Moving to rest position;
3b7c6130-54a6-491e-9b42-c1711cd33749;2025-05-12 09:59:32.1127;1053;None;;;;0;0;0;extension;0;;Moving to rest position;
3b7c6130-54a6-491e-9b42-c1711cd33749;2025-05-12 09:59:32.1237;1054;None;;;;0;0;0;extension;0;;Moving to rest position;
3b7c6130-54a6-491e-9b42-c1711cd33749;2025-05-12 09:59:32.1346;1055;None;;;;0;0;0;extension;0;;Moving to rest position;
3b7c6130-54a6-491e-9b42-c1711cd33749;2025-05-12 09:59:32.1466;1056;None;;;;0;0;0;extension;0;;Moving to rest position;
3b7c6130-54a6-491e-9b42-c1711cd33749;2025-05-12 09:59:32.1645;1057;None;;;;0;0;0;extension;0;;Moving to rest position;
3b7c6130-54a6-491e-9b42-c1711cd33749;2025-05-12 09:59:32.1795;1059;None;;;;0;0;0;extension;0;;Moving to rest position;
3b7c6130-54a6-491e-9b42-c1711cd33749;2025-05-12 09:59:32.1915;1060;None;;;;0;0;0;extension;0;;Moving to rest position;
3b7c6130-54a6-491e-9b42-c1711cd33749;2025-05-12 09:59:32.2024;1061;None;;;;0;0;0;extension;0;;Moving to rest position;
3b7c6130-54a6-491e-9b42-c1711cd33749;2025-05-12 09:59:32.2134;1062;None;;;;0;0;0;extension;0;;Moving to rest position;
3b7c6130-54a6-491e-9b42-c1711cd33749;2025-05-12 09:59:32.2244;1063;None;;;;0;0;0;extension;0;;Moving to rest position;
3b7c6130-54a6-491e-9b42-c1711cd33749;2025-05-12 09:59:32.2354;1064;None;;;;0;0;0;extension;0;;Moving to rest position;
3b7c6130-54a6-491e-9b42-c1711cd33749;2025-05-12 09:59:32.2473;1065;None;;;;0;0;0;extension;0;;Moving to rest position;
3b7c6130-54a6-491e-9b42-c1711cd33749;2025-05-12 09:59:32.2583;1066;None;;;;0;0;0;extension;0;;Moving to rest position;
3b7c6130-54a6-491e-9b42-c1711cd33749;2025-05-12 09:59:32.2693;1067;None;;;;0;0;0;extension;0;;Moving to rest position;
3b7c6130-54a6-491e-9b42-c1711cd33749;2025-05-12 09:59:32.2802;1068;None;;;;0;0;0;extension;0;;Moving to rest position;
3b7c6130-54a6-491e-9b42-c1711cd33749;2025-05-12 09:59:32.3012;1069;None;;;;0;0;0;extension;0;;Moving to rest position;
