EMG1MAV,EMG2MAV,EMG3MAV,EMG4MAV,EMG5MAV,EMG6MAV,EMG7MAV,EMG8MAV,EMG1Slope,EMG2Slope,EMG3Slope,EMG4Slope,EMG5Slope,EMG6Slope,EMG7Slope,EMG8Slope,EMG1ZC,EMG2ZC,EMG3ZC,EMG4ZC,EMG5ZC,EMG6ZC,EMG7ZC,EMG8ZC,EMG1SSC,EMG2SSC,EMG3SSC,EMG4SSC,EMG5SSC,EMG6SSC,EMG7SSC,EMG8SSC,EMG1WFL,EMG2WFL,EMG3WFL,EMG4WFL,EMG5WFL,EMG6WFL,EMG7WFL,EMG8WFL,activeCube,activeCubeX,activeCubeY,trackerX,trackerY,trackerZ,GoalGesture
1.275,2.1,1.35,1.1,1.025,0.85,1.2,0.85,0.0,-0.025,0.1,0.0,0.0,0.15,-0.225,-0.1,8,17,7,7,2,1,8,9,18,27,25,17,13,13,13,13,65,131,74,57,33,33,43,46,0.0,-0.3833333,0.6166667,0.233,0.684,0.025,0
1.275,2.075,1.45,1.1,1.025,1.0,0.975,0.75,-0.025,-0.175,-0.025,0.125,0.075,0.175,-0.025,0.15,11,14,9,5,0,0,4,4,19,23,16,18,10,13,8,15,69,130,59,55,26,39,34,37,0.0,-0.3833333,0.6166667,0.233,0.684,0.026,0
1.25,1.9,1.425,1.225,1.1,1.175,0.95,0.9,0.1,-0.475,0.025,2.425,3.925,1.95,1.525,0.175,13,15,8,5,4,4,4,5,22,23,12,18,11,11,16,16,74,120,53,60,50,45,43,44,0.0,-0.3833333,0.6166667,0.232,0.685,0.026,0
1.35,1.425,1.45,3.65,5.025,3.125,2.475,1.075,-0.125,-0.5,-0.1,0.85,1.7,1.275,0.575,0.175,11,11,4,7,9,9,8,5,20,22,14,17,19,17,20,14,68,80,61,133,202,159,135,52,0.0,-0.3833333,0.6166667,0.232,0.688,0.027,0
1.225,0.925,1.35,4.5,6.725,4.4,3.05,1.25,-0.25,-0.025,0.075,-2.325,-3.425,-1.8,-1.325,-0.25,5,7,4,14,14,15,15,5,20,14,14,17,23,25,22,12,60,44,55,181,344,254,177,54,0.0,-0.3833333,0.6166667,0.229,0.696,0.035,0
0.975,0.9,1.425,2.175,3.3,2.6,1.725,1.0,-0.025,0.225,-0.025,-0.775,-1.75,-1.375,-0.525,-0.175,2,5,7,14,15,13,11,4,16,12,14,21,25,22,18,12,40,40,62,119,181,156,99,42,0.0,-0.3833333,0.6166667,0.221,0.712,0.056,0
0.95,1.125,1.4,1.4,1.55,1.225,1.2,0.825,-0.025,0.3,0.85,0.075,-0.15,0.1,0.15,0.1,3,6,8,10,10,7,7,3,13,12,11,17,23,23,16,14,36,44,63,57,80,59,63,39,0.0,-0.3833333,0.6166667,0.198,0.734,0.095,0
0.925,1.425,2.25,1.475,1.4,1.325,1.35,0.925,0.15,0.225,1.625,0.1,0.275,0.075,-0.225,0.025,6,7,11,7,10,11,7,3,16,16,16,13,24,26,16,10,44,59,124,49,79,68,58,35,0.0,-0.3833333,0.6166667,0.154,0.76,0.15,0
1.075,1.65,3.875,1.575,1.675,1.4,1.125,0.95,2.85,7.8,22.15,4.05,1.375,0.55,0.2,0.775,5,9,16,4,10,8,3,7,14,19,20,12,22,16,14,13,46,79,225,64,85,68,43,42,0.0,-0.3833333,0.6166667,0.054,0.793,0.233,0
3.925,9.45,26.025,5.625,3.05,1.95,1.325,1.725,6.325,15.575,27.675,12.775,2.775,1.375,1.2,1.65,10,21,15,11,13,8,6,12,19,24,22,20,21,18,13,26,221,572,1322,249,148,96,60,105,0.0,-0.3833333,0.6166667,-0.061,0.819,0.307,0
10.25,25.025,53.7,18.4,5.825,3.325,2.525,3.375,7.05,20.4,1.75,8.95,0.775,0.0,0.3,1.4,22,26,14,25,20,13,15,16,28,28,27,32,24,26,23,26,654,1648,2749,1194,348,199,150,220,0.0,-0.3833333,0.6166667,-0.126,0.816,0.338,0
17.3,45.425,55.45,27.35,6.6,3.325,2.825,4.775,2.825,11.95,-8.1,-2.525,0.575,0.0,-0.35,0.45,21,22,17,29,24,17,16,18,24,31,27,30,26,26,25,24,1113,2969,3001,1859,438,205,170,293,0.0,-0.3833333,0.6166667,-0.163,0.799,0.355,0
20.125,57.375,47.35,24.825,7.175,3.325,2.475,5.225,-0.075,-2.25,-1.325,-6.2,0.9,0.55,0.525,0.35,20,24,18,20,22,20,13,19,24,31,26,24,26,23,22,23,1188,3816,2936,1463,454,196,141,278,0.0,-0.3833333,0.6166667,-0.184,0.789,0.368,0
20.05,55.125,46.025,18.625,8.075,3.875,3.0,5.575,-0.65,-5.275,7.125,-1.675,-0.425,0.05,0.275,0.0,22,21,19,20,21,22,19,20,25,27,28,23,25,22,26,21,1130,3581,2807,1089,504,251,188,312,0.0,-0.3833333,0.6166667,-0.194,0.785,0.375,0
19.4,49.85,53.15,16.95,7.65,3.925,3.275,5.575,-2.725,-4.625,0.2,0.575,-1.35,-0.425,-0.525,-0.95,21,21,22,23,25,22,21,21,24,24,29,27,27,25,27,23,1107,2989,3004,1057,506,263,205,336,0.0,-0.3833333,0.6166667,-0.202,0.783,0.379,0
16.675,45.225,53.35,17.525,6.3,3.5,2.75,4.625,-2.45,-4.15,-4.425,-3.025,-1.25,-0.575,-0.45,-0.55,25,24,23,25,27,19,19,21,25,25,30,31,30,27,25,24,1096,2674,3065,1161,458,259,177,312,0.0,-0.3833333,0.6166667,-0.206,0.783,0.38,0
14.225,41.075,48.925,14.5,5.05,2.925,2.3,4.075,-2.75,-3.05,7.075,3.3,-0.05,-0.325,-0.075,-0.625,24,26,23,28,23,12,14,17,24,27,27,29,27,22,19,24,906,2424,2826,958,337,168,118,243,0.0,-0.3833333,0.6166667,-0.207,0.784,0.379,0
11.475,38.025,56.0,17.8,5.0,2.6,2.225,3.45,-0.525,1.05,3.7,1.8,0.3,-0.3,0.025,-0.625,23,25,24,27,17,12,11,18,22,27,28,26,25,23,19,23,708,2232,3269,1118,326,140,103,199,0.0,-0.3833333,0.6166667,-0.207,0.785,0.378,0
10.95,39.075,59.7,19.6,5.3,2.3,2.25,2.825,0.45,3.25,0.4,-5.35,-0.025,-0.225,0.05,0.525,21,19,19,21,20,19,18,14,28,25,28,24,27,25,22,20,657,1970,3404,1175,358,147,121,158,0.0,-0.3833333,0.6166667,-0.208,0.787,0.379,0
11.4,42.325,60.1,14.25,5.275,2.075,2.3,3.35,-0.225,-1.075,1.775,-0.475,-0.05,0.575,0.175,0.45,19,21,18,20,20,17,20,15,30,24,21,27,29,23,20,23,660,2329,3111,889,341,125,122,195,0.0,-0.3833333,0.6166667,-0.209,0.787,0.379,0
11.175,41.25,61.875,13.775,5.225,2.65,2.475,3.8,-0.675,2.45,-13.1,-0.575,0.775,0.575,0.075,-0.5,21,20,21,26,19,17,18,23,25,22,22,28,28,25,20,25,750,2307,3536,928,352,174,139,249,0.0,-0.3833333,0.6166667,-0.21,0.787,0.38,0
10.5,43.7,48.775,13.2,6.0,3.225,2.55,3.3,0.175,-0.85,-4.65,-0.825,-0.05,-0.4,-0.1,-0.05,22,22,23,26,19,21,19,24,25,22,28,29,27,27,28,30,756,2645,2995,871,388,212,170,233,0.0,-0.3833333,0.6166667,-0.21,0.786,0.381,0
10.675,42.85,44.125,12.375,5.95,2.825,2.45,3.25,0.625,-8.45,8.775,-1.8,-2.0,-0.85,-0.55,0.1,21,19,23,22,22,21,17,20,26,24,27,28,25,25,28,27,652,2523,2501,813,360,170,153,189,0.0,-0.3833333,0.6166667,-0.21,0.786,0.382,0
11.3,34.4,52.9,10.575,3.95,1.975,1.9,3.35,-1.5,-4.775,-0.4,-1.2,-1.075,-0.325,-0.475,-0.725,20,18,21,23,20,16,17,19,26,26,22,24,23,23,22,23,657,2134,2899,683,249,127,119,190,0.0,-0.3833333,0.6166667,-0.21,0.785,0.383,0
9.8,29.625,52.5,9.375,2.875,1.65,1.425,2.625,1.675,4.35,-1.3,2.175,1.6,0.425,0.15,0.1,21,16,19,22,16,10,17,15,26,20,26,23,24,23,23,27,612,1735,3206,556,177,96,98,167,0.0,-0.3833333,0.6166667,-0.21,0.785,0.384,0
11.475,33.975,51.2,11.55,4.475,2.075,1.575,2.725,0.6,11.7,-1.95,-1.025,0.025,-0.075,0.05,0.25,28,21,18,23,16,16,17,18,31,24,27,25,20,21,24,28,845,2121,2861,676,252,116,103,183,0.0,-0.3833333,0.6166667,-0.211,0.785,0.384,0
12.075,45.675,49.25,10.525,4.5,2.0,1.625,2.975,-1.525,-4.6,-0.925,-0.675,-0.575,-0.125,0.05,0.2,22,26,26,22,17,17,17,22,29,28,28,24,19,20,19,23,769,3036,2889,604,248,118,96,187,0.0,-0.3833333,0.6166667,-0.211,0.784,0.383,0
10.55,41.075,48.325,9.85,3.925,1.875,1.675,3.175,0.5,-5.2,0.375,0.2,0.775,0.325,0.075,0.325,21,22,27,23,17,13,15,24,27,25,27,26,23,21,22,26,647,2476,3059,635,234,120,109,203,0.0,-0.3833333,0.6166667,-0.212,0.784,0.384,0
11.05,35.875,48.7,10.05,4.7,2.2,1.75,3.5,-0.25,5.85,-0.55,0.125,-0.125,-0.125,-0.275,-0.575,21,18,24,22,17,17,13,25,25,24,28,25,27,26,21,27,723,1985,2996,659,280,134,110,232,0.0,-0.3833333,0.6166667,-0.213,0.784,0.384,0
10.8,41.725,48.15,10.175,4.575,2.075,1.475,2.925,-0.275,3.05,4.975,1.275,0.05,0.075,0.175,-0.15,18,20,26,19,16,20,10,21,23,25,29,24,26,29,15,22,640,2322,2757,613,261,132,80,169,0.0,-0.3833333,0.6166667,-0.214,0.784,0.383,0
10.525,44.775,53.125,11.45,4.625,2.15,1.65,2.775,-0.675,2.075,-4.65,0.225,0.2,0.15,0.025,0.1,26,26,29,23,19,20,14,18,28,28,28,27,24,27,20,26,678,3044,3547,753,293,146,107,161,0.0,-0.3833333,0.6166667,-0.214,0.782,0.382,0
9.85,46.85,48.475,11.675,4.825,2.3,1.675,2.875,0.825,-7.7,-1.95,0.225,-0.475,0.05,0.225,0.55,23,26,25,26,25,18,13,14,30,29,26,27,27,23,19,23,732,3271,3244,788,333,148,106,165,0.0,-0.3833333,0.6166667,-0.214,0.781,0.381,0
10.675,39.15,46.525,11.9,4.35,2.35,1.9,3.425,-0.1,-4.5,0.9,0.275,-0.425,-0.1,0.35,-0.25,21,25,23,24,22,18,13,15,28,28,27,24,28,23,18,19,741,2481,2863,774,265,148,106,199,0.0,-0.3833333,0.6166667,-0.214,0.779,0.38,0
10.575,34.65,47.425,12.175,3.925,2.25,2.25,3.175,-1.375,5.025,-3.825,-1.05,-0.1,-0.275,-0.25,-0.325,24,20,19,22,22,18,18,20,30,25,25,23,25,26,22,25,694,1943,2837,783,237,144,132,210,0.0,-0.3833333,0.6166667,-0.215,0.779,0.38,0
9.2,39.675,43.6,11.125,3.825,1.975,2.0,2.85,0.175,0.5,5.45,-0.975,0.35,0.25,-0.075,0.325,22,16,19,21,17,16,14,17,26,23,26,24,23,22,18,22,565,2213,2712,701,232,118,114,174,0.0,-0.3833333,0.6166667,-0.215,0.781,0.381,0
9.375,40.175,49.05,10.15,4.175,2.225,1.925,3.175,-1.6,-1.05,-7.45,0.125,0.125,-0.2,-0.075,-0.65,25,17,23,23,14,17,15,17,26,27,29,26,29,21,18,27,599,2264,3025,644,260,131,107,199,0.0,-0.3833333,0.6166667,-0.215,0.782,0.382,0
7.775,39.125,41.6,10.275,4.3,2.025,1.85,2.525,-1.525,-6.975,-3.85,-0.8,0.675,0.425,-0.1,-0.3,21,18,23,23,21,15,16,15,23,27,27,27,32,25,24,29,490,2127,2276,670,292,122,112,163,0.0,-0.3833333,0.6166667,-0.215,0.783,0.383,0
6.25,32.15,37.75,9.475,4.975,2.45,1.75,2.225,0.9,-0.175,0.275,0.325,0.825,0.55,0.275,0.5,18,24,23,20,23,16,14,11,19,27,23,23,27,25,21,19,350,1831,2268,585,311,138,97,116,0.0,-0.3833333,0.6166667,-0.215,0.783,0.383,0
7.15,31.975,38.025,9.8,5.8,3.0,2.025,2.725,2.975,6.0,1.15,0.125,-0.225,-0.325,-0.025,0.175,13,28,21,20,22,19,15,12,20,29,22,22,24,23,15,16,357,2105,2283,561,335,160,97,126,0.0,-0.3833333,0.6166667,-0.216,0.784,0.383,0
10.125,37.975,39.175,9.925,5.575,2.675,2.0,2.9,3.775,-4.725,9.175,0.05,-0.025,-0.15,-0.1,-0.275,15,22,20,24,22,17,19,18,22,27,24,27,24,24,20,24,497,2401,2180,641,357,160,116,160,0.0,-0.3833333,0.6166667,-0.216,0.784,0.383,0
13.9,33.25,48.35,9.975,5.55,2.525,1.9,2.625,0.625,-1.775,-2.1,1.375,-1.1,-0.325,-0.2,-0.15,22,20,22,21,23,15,21,17,25,23,29,26,24,24,24,22,696,1972,2892,641,366,155,118,144,0.0,-0.3833333,0.6166667,-0.217,0.785,0.383,0
14.525,31.475,46.25,11.35,4.45,2.2,1.7,2.475,-2.85,5.025,1.7,-1.05,-1.4,-0.275,-0.525,0.075,24,25,27,22,23,15,16,15,28,24,33,26,25,22,17,19,784,2022,3061,737,275,133,86,120,0.0,-0.3833333,0.6166667,-0.217,0.786,0.384,0
11.675,36.5,47.95,10.3,3.05,1.925,1.175,2.55,-1.35,-0.225,-1.45,1.6,0.45,0.075,0.325,0.525,20,23,28,19,23,15,9,19,29,25,28,25,27,23,19,22,735,2164,3030,641,198,114,65,142,0.0,-0.3833333,0.6166667,-0.217,0.787,0.384,0
10.325,36.275,46.5,11.9,3.5,2.0,1.5,3.075,-0.675,-4.075,-1.525,0.65,1.55,0.175,0.475,0.075,16,21,24,19,23,17,9,19,26,24,23,22,25,24,20,23,564,2010,2887,773,221,120,89,165,0.0,-0.3833333,0.6166667,-0.217,0.787,0.385,0
9.65,32.2,44.975,12.55,5.05,2.175,1.975,3.15,-2.275,-2.25,1.6,-2.25,-0.125,0.225,0.225,-0.65,21,19,24,25,26,19,18,22,26,26,25,23,26,26,22,25,571,1806,3045,848,339,149,122,189,0.0,-0.3833333,0.6166667,-0.216,0.787,0.385,0
7.375,29.95,46.575,10.3,4.925,2.4,2.2,2.5,1.175,0.55,-6.95,-1.425,-0.875,0.025,-0.125,-0.175,24,18,26,25,21,17,22,18,28,26,30,24,25,25,28,24,533,1717,3345,684,318,140,137,152,0.0,-0.3833333,0.6166667,-0.216,0.786,0.384,0
8.55,30.5,39.625,8.875,4.05,2.425,2.075,2.325,1.025,4.8,2.175,0.45,0.125,-0.275,-0.525,0.0,26,19,23,26,20,14,18,13,27,28,27,27,26,20,27,25,589,1843,2652,564,254,112,123,145,0.0,-0.3833333,0.6166667,-0.215,0.786,0.384,0
9.575,35.3,41.8,9.325,4.175,2.15,1.55,2.325,-1.475,-0.175,-1.125,0.025,-0.225,-0.275,-0.15,-0.25,23,27,20,28,25,14,12,11,28,29,25,31,27,19,18,23,611,2351,2651,660,263,103,80,142,0.0,-0.3833333,0.6166667,-0.215,0.785,0.384,0
8.1,35.125,40.675,9.35,3.95,1.875,1.4,2.075,1.775,-2.075,-3.775,-0.675,1.125,0.425,0.55,1.0,18,26,20,26,23,14,9,13,26,27,27,30,28,23,18,20,480,2141,2468,632,252,101,68,114,0.0,-0.3833333,0.6166667,-0.215,0.786,0.384,0
9.875,33.05,36.9,8.675,5.075,2.3,1.95,3.075,-0.35,2.1,9.575,1.0,0.2,0.225,0.35,0.175,18,22,21,25,22,15,18,22,24,25,27,24,27,24,21,22,590,1912,2082,539,302,140,110,186,0.0,-0.3833333,0.6166667,-0.216,0.786,0.384,0
9.525,35.15,46.475,9.675,5.275,2.525,2.3,3.25,-2.275,1.575,0.125,0.75,-1.05,-0.375,-0.1,-0.875,19,22,21,20,16,14,19,20,30,24,29,20,22,19,22,24,588,2106,2609,546,294,142,126,188,0.0,-0.3833333,0.6166667,-0.216,0.785,0.384,0
7.25,36.725,46.6,10.425,4.225,2.15,2.2,2.375,-3.075,-16.875,-25.625,-4.4,-1.675,-0.525,-0.625,-0.725,20,21,18,18,17,14,15,14,30,23,23,22,25,17,24,22,469,2225,2608,593,221,106,122,118,0.0,-0.3833333,0.6166667,-0.195,0.78,0.367,0
4.175,19.85,20.975,6.025,2.55,1.625,1.575,1.65,-3.0,-18.375,-19.825,-4.975,-1.55,-0.45,-0.625,-0.675,15,18,13,10,12,15,11,10,21,25,18,18,16,16,25,22,238,1230,1241,337,117,82,91,84,0.0,-0.3833333,0.6166667,0.026,0.73,0.198,0
1.175,1.475,1.15,1.05,1.0,1.175,0.95,0.975,-0.1,-0.05,0.0,0.45,0.5,0.425,0.175,0.1,9,13,9,5,5,10,4,6,15,24,22,14,9,20,25,16,51,89,65,41,36,60,52,36,0.0,-0.3833333,0.6166667,0.226,0.686,0.046,0
1.075,1.425,1.15,1.5,1.5,1.6,1.125,1.075,0.0,-0.075,0.55,0.45,0.5,0.85,0.625,0.0,5,11,9,8,6,10,3,6,18,20,20,22,14,21,20,19,49,82,65,69,64,96,57,43,0.0,-0.3833333,0.6166667,0.226,0.686,0.045,0
1.075,1.35,1.7,1.95,2.0,2.45,1.75,1.075,0.0,0.125,0.825,0.225,0.525,1.15,0.7,-0.125,7,9,12,9,9,14,10,6,20,14,19,26,14,23,18,23,56,63,91,92,85,147,93,50,0.0,-0.3833333,0.6166667,0.226,0.686,0.045,0
1.075,1.475,2.525,2.175,2.525,3.6,2.45,0.95,0.0,-0.15,-0.25,-0.2,-0.1,-0.175,-0.175,-0.05,9,8,13,9,12,14,13,7,16,17,22,18,12,23,19,20,51,75,150,100,111,187,129,49,0.0,-0.3833333,0.6166667,0.225,0.689,0.047,0
1.075,1.325,2.275,1.975,2.425,3.425,2.275,0.9,0.075,0.45,0.25,-0.45,-0.7,-1.45,-0.675,0.075,7,12,8,11,11,12,8,5,16,22,18,17,19,16,22,17,45,79,127,100,121,163,115,52,0.0,-0.3833333,0.6166667,0.223,0.698,0.055,0
1.15,1.775,2.525,1.525,1.725,1.975,1.6,0.975,0.125,0.875,1.575,0.625,-0.05,-0.65,-0.375,0.1,6,17,9,12,14,9,8,4,15,20,19,23,21,18,21,16,45,105,144,88,91,103,80,46,0.0,-0.3833333,0.6166667,0.211,0.713,0.079,0
1.275,2.65,4.1,2.15,1.675,1.325,1.225,1.075,-0.2,-0.325,1.4,-0.2,-0.225,-0.025,-0.2,0.075,7,14,14,13,10,6,7,5,19,16,22,21,20,17,12,13,62,147,249,113,83,67,54,43,0.0,-0.3833333,0.6166667,0.178,0.736,0.122,0
1.075,2.325,5.5,1.95,1.45,1.3,1.025,1.15,1.025,1.25,6.6,-0.125,-0.15,0.1,0.075,-0.05,7,11,14,12,4,6,6,4,20,15,25,20,19,11,14,15,62,126,308,106,77,50,50,47,0.0,-0.3833333,0.6166667,0.12,0.764,0.175,0
2.1,3.575,12.1,1.825,1.3,1.4,1.1,1.1,4.2,12.975,14.475,5.6,1.8,0.55,0.375,0.6,16,16,17,15,10,8,7,8,21,19,24,19,17,16,17,20,122,193,618,103,74,63,55,53,0.0,-0.3833333,0.6166667,0.017,0.8,0.24,0
6.3,16.55,26.575,7.425,3.1,1.95,1.475,1.7,8.8,19.65,19.925,9.975,2.35,1.025,0.5,1.925,21,19,25,16,16,9,7,10,27,22,26,21,21,22,17,20,402,962,1743,329,168,107,69,76,0.0,-0.3833333,0.6166667,-0.1,0.826,0.291,0
15.1,36.2,46.5,17.4,5.45,2.975,1.975,3.625,11.675,4.1,8.95,4.625,0.825,0.15,0.25,1.5,19,19,29,15,19,14,15,14,26,24,27,22,25,23,18,21,863,2100,3336,912,330,167,111,215,0.0,-0.3833333,0.6166667,-0.164,0.825,0.306,0
26.775,40.3,55.45,22.025,6.275,3.125,2.225,5.125,3.225,-4.725,1.475,0.425,1.3,0.375,0.45,0.35,23,22,27,18,24,13,19,20,29,27,27,23,30,22,25,25,1658,2497,3715,1386,417,189,151,331,0.0,-0.3833333,0.6166667,-0.193,0.818,0.311,0
30.0,35.575,56.925,22.45,7.575,3.5,2.675,5.475,-5.175,6.675,6.8,-2.1,0.05,0.225,0.1,-0.3,24,23,23,24,24,15,20,24,29,29,26,28,26,26,24,28,1970,2162,3401,1559,456,220,170,352,0.0,-0.3833333,0.6166667,-0.21,0.813,0.317,0
24.825,42.25,63.725,20.35,7.625,3.725,2.775,5.175,0.075,2.65,3.575,-1.9,-0.475,-0.5,-0.375,-0.6,19,26,23,29,21,20,17,22,29,30,27,29,24,28,21,24,1556,2730,3639,1340,472,228,163,339,0.0,-0.3833333,0.6166667,-0.221,0.811,0.321,0
24.9,44.9,67.3,18.45,7.15,3.225,2.4,4.575,0.225,-8.275,-6.075,-3.4,0.275,0.15,-0.05,-0.4,22,25,24,28,23,20,15,16,32,26,27,29,28,25,21,22,1658,2756,4136,1268,455,193,143,296,0.0,-0.3833333,0.6166667,-0.231,0.809,0.324,0
25.125,36.625,61.225,15.05,7.425,3.375,2.35,4.175,-4.65,-3.625,-8.3,-4.0,-2.025,-0.325,-0.05,-0.175,19,21,22,22,26,21,15,19,28,22,25,25,30,27,22,24,1548,2175,3476,964,459,213,130,267,0.0,-0.3833333,0.6166667,-0.239,0.809,0.325,0
20.475,33.0,52.925,11.05,5.4,3.05,2.3,4.0,0.4,2.6,-2.25,-0.45,-0.925,-0.425,-0.175,-0.45,19,20,24,22,24,18,12,17,25,25,28,22,27,27,23,22,1117,1995,3296,700,321,187,124,243,0.0,-0.3833333,0.6166667,-0.243,0.811,0.324,0
20.875,35.6,50.675,10.6,4.475,2.625,2.125,3.55,-2.775,-0.475,-4.45,-0.2,1.125,0.025,0.2,-0.05,22,23,26,25,20,19,14,18,24,30,29,25,24,26,21,20,1200,2230,3329,720,261,138,112,210,0.0,-0.3833333,0.6166667,-0.245,0.813,0.323,0
18.1,35.125,46.225,10.4,5.6,2.65,2.325,3.5,-0.15,-3.475,5.05,1.725,0.3,0.5,0.75,1.425,18,27,25,21,18,14,17,18,26,30,28,24,25,24,20,21,1076,2304,2650,619,335,144,114,203,0.0,-0.3833333,0.6166667,-0.244,0.814,0.323,0
17.95,31.65,51.275,12.125,5.9,3.15,3.075,4.925,0.0,-0.55,1.05,0.925,0.8,0.875,0.475,0.925,14,28,21,22,20,13,21,18,25,27,24,26,29,22,19,22,974,2176,2804,719,379,192,166,289,0.0,-0.3833333,0.6166667,-0.244,0.814,0.322,0
17.95,31.1,52.325,13.05,6.7,4.025,3.55,5.85,-2.675,2.4,-8.15,-1.2,0.225,-0.375,-0.425,-0.8,16,23,20,21,26,22,26,23,19,25,23,29,32,25,23,27,848,1940,3061,817,458,255,222,361,0.0,-0.3833333,0.6166667,-0.244,0.813,0.322,0
15.275,33.5,44.175,11.85,6.925,3.65,3.125,5.05,0.375,0.825,6.3,-0.975,-1.425,-0.875,-0.825,-1.425,20,22,21,23,28,21,23,24,20,24,23,30,30,25,25,26,819,1876,2532,770,471,239,204,319,0.0,-0.3833333,0.6166667,-0.244,0.812,0.322,0
15.65,34.325,50.475,10.875,5.5,2.775,2.3,3.625,-3.275,-6.425,1.85,-0.425,-0.45,-0.5,-0.525,-0.675,19,23,18,27,25,14,16,19,25,23,27,28,27,25,20,23,894,2009,2637,774,379,199,137,225,0.0,-0.3833333,0.6166667,-0.244,0.811,0.323,0
12.375,27.9,52.325,10.45,5.05,2.275,1.775,2.95,0.65,-0.975,-6.95,0.55,0.45,0.175,0.175,0.475,14,22,20,22,18,14,15,18,25,22,29,26,23,25,16,23,709,1525,2881,629,299,146,91,173,0.0,-0.3833333,0.6166667,-0.243,0.81,0.323,0
13.025,26.925,45.375,11.0,5.5,2.45,1.95,3.425,1.15,0.15,-2.875,-0.1,0.1,0.4,0.275,0.1,19,21,21,19,16,12,15,21,27,26,30,25,23,27,24,30,792,1585,2537,612,311,153,113,224,0.0,-0.3833333,0.6166667,-0.243,0.809,0.322,0
14.175,27.075,42.5,10.9,5.6,2.85,2.225,3.525,-0.55,-4.9,6.875,0.5,-0.525,-0.325,-0.2,-0.15,23,18,21,21,19,17,12,17,26,25,32,25,22,25,26,32,864,1607,2636,660,322,173,129,237,0.0,-0.3833333,0.6166667,-0.243,0.809,0.322,0
13.625,22.175,49.375,11.4,5.075,2.525,2.025,3.375,-1.6,6.5,9.3,-0.375,-0.6,0.1,0.25,0.35,20,15,20,22,19,17,11,15,23,22,27,26,21,25,26,27,804,1244,2811,721,288,153,117,195,0.0,-0.3833333,0.6166667,-0.243,0.809,0.322,0
12.025,28.675,58.675,11.025,4.475,2.625,2.275,3.725,-2.4,4.45,-3.475,-2.6,-0.425,0.3,0.15,-0.075,20,17,22,20,15,10,12,24,22,25,23,27,20,20,24,24,706,1788,3484,728,244,144,134,235,0.0,-0.3833333,0.6166667,-0.243,0.809,0.322,0
9.625,33.125,55.2,8.425,4.05,2.925,2.425,3.65,1.0,1.35,-7.075,1.55,0.2,-0.25,-0.25,-0.35,21,22,25,22,16,14,17,24,24,28,26,27,25,19,23,22,578,2277,3402,563,261,170,147,243,0.0,-0.3833333,0.6166667,-0.242,0.809,0.322,0
10.625,34.475,48.125,9.975,4.25,2.675,2.175,3.3,0.125,2.025,3.2,0.575,0.725,0.0,0.0,-0.05,18,22,20,24,17,17,19,21,19,27,21,24,28,22,22,20,603,2022,2868,638,269,145,124,202,0.0,-0.3833333,0.6166667,-0.243,0.809,0.323,0
10.75,36.5,51.325,10.55,4.975,2.675,2.175,3.25,2.125,-7.675,3.55,-0.225,0.475,-0.075,-0.2,0.025,19,22,26,21,18,18,16,20,21,26,25,25,23,19,20,22,596,1995,3356,646,291,130,116,189,0.0,-0.3833333,0.6166667,-0.243,0.81,0.322,0
12.875,28.825,54.875,10.325,5.45,2.6,1.975,3.275,5.475,0.3,-0.175,1.2,0.425,-0.075,0.0,-0.075,20,27,28,19,19,17,12,19,27,26,31,25,22,15,18,24,810,1660,3712,614,319,130,111,210,0.0,-0.3833333,0.6166667,-0.242,0.81,0.322,0
18.35,29.125,54.7,11.525,5.875,2.525,1.975,3.2,-0.6,4.425,-1.425,0.375,0.05,0.55,0.475,0.225,24,27,24,19,21,10,9,15,27,27,31,25,26,11,16,20,1158,1773,3634,653,286,95,82,163,0.0,-0.3833333,0.6166667,-0.242,0.81,0.323,0
17.75,33.55,53.275,11.9,5.925,3.075,2.45,3.425,-2.35,-1.6,-2.2,-0.45,-0.2,0.125,0.0,0.125,20,25,25,22,26,19,15,17,24,25,26,23,29,20,24,25,1058,2066,3334,697,329,167,134,196,0.0,-0.3833333,0.6166667,-0.243,0.812,0.323,0
15.4,31.95,51.075,11.45,5.725,3.2,2.45,3.55,-2.05,-4.525,-2.975,-1.9,-1.025,-0.45,-0.575,-0.75,17,25,25,23,23,24,19,21,24,29,25,24,23,23,24,30,851,2216,3295,690,315,191,156,230,0.0,-0.3833333,0.6166667,-0.243,0.813,0.323,0
13.35,27.425,48.1,9.55,4.7,2.75,1.875,2.8,-3.075,-2.275,-5.425,-1.7,-0.775,-0.275,-0.325,-0.65,19,23,24,22,18,15,13,18,27,31,28,25,18,18,18,25,838,1908,3143,592,216,132,97,176,0.0,-0.3833333,0.6166667,-0.244,0.813,0.323,0
10.275,25.15,42.675,7.85,3.925,2.475,1.55,2.15,-2.55,1.825,-5.35,0.5,0.875,-0.025,0.175,0.525,18,22,23,21,17,12,9,13,26,29,27,24,23,20,23,22,613,1478,2579,491,239,143,83,119,0.0,-0.3833333,0.6166667,-0.244,0.813,0.323,0
7.725,26.975,37.325,8.35,4.8,2.45,1.725,2.675,5.075,8.975,7.175,1.85,2.2,1.05,3.375,1.775,19,19,26,21,18,13,13,17,28,27,29,27,27,22,21,21,444,1573,2228,558,308,148,101,154,0.0,-0.3833333,0.6166667,-0.243,0.813,0.323,0
12.8,35.95,44.5,10.2,7.0,3.5,5.1,4.45,4.9,-1.5,6.25,1.1,-0.55,0.15,0.775,0.275,20,19,22,18,25,20,21,23,30,27,26,26,28,26,20,26,886,2183,2457,633,462,225,290,313,0.0,-0.3833333,0.6166667,-0.242,0.813,0.323,0
17.7,34.45,50.75,11.3,6.45,3.65,5.875,4.725,-1.5,-11.375,-2.625,-0.575,-2.325,-1.225,-3.3,-1.225,24,21,21,19,22,20,19,22,30,28,22,26,25,27,21,27,1173,2290,2724,664,390,225,314,319,0.0,-0.3833333,0.6166667,-0.242,0.812,0.323,0
16.2,23.075,48.125,10.725,4.125,2.425,2.575,3.5,-2.275,-1.45,2.525,-0.35,-0.525,-0.375,-0.9,-0.325,19,15,22,26,17,16,13,22,21,25,26,28,23,24,23,26,835,1492,2823,701,230,142,144,225,0.0,-0.3833333,0.6166667,-0.242,0.811,0.323,0
13.925,21.625,50.65,10.375,3.6,2.05,1.675,3.175,-3.25,4.15,-4.175,-1.6,0.7,0.25,-0.025,-0.325,21,20,19,27,22,16,9,23,23,27,24,26,26,20,20,26,806,1455,2854,719,210,107,95,203,0.0,-0.3833333,0.6166667,-0.242,0.811,0.323,0
10.675,25.775,46.475,8.775,4.3,2.3,1.65,2.85,0.925,4.575,-6.45,-0.5,0.825,0.1,0.55,0.4,21,23,25,21,24,16,7,17,24,27,28,23,29,18,18,22,674,1593,3155,547,267,101,88,176,0.0,-0.3833333,0.6166667,-0.242,0.81,0.322,0
11.6,30.35,40.025,8.275,5.125,2.4,2.2,3.25,-0.3,-3.425,-1.6,1.9,0.275,0.175,0.45,0.4,16,23,23,21,21,12,13,15,23,26,28,25,26,23,23,24,693,1912,2305,484,317,135,130,206,0.0,-0.3833333,0.6166667,-0.241,0.81,0.322,0
11.3,26.925,38.425,10.175,5.4,2.575,2.65,3.65,-0.075,-2.125,6.975,-0.425,-0.225,-0.025,-0.6,-0.275,17,20,18,18,12,8,20,17,20,26,22,23,22,19,24,28,657,1612,1891,591,276,137,151,237,0.0,-0.3833333,0.6166667,-0.241,0.809,0.322,0
11.225,24.8,45.4,9.75,5.175,2.55,2.05,3.375,1.175,-2.925,-3.75,0.45,0.325,-0.1,-0.275,-0.225,21,18,19,16,13,13,14,20,23,28,23,25,24,21,22,26,663,1423,2650,552,275,130,114,213,0.0,-0.3833333,0.6166667,-0.24,0.81,0.323,0
0.95,1.95,1.45,0.95,0.95,0.875,0.8,0.775,0.075,-0.15,0.0,0.1,0.1,0.1,-0.05,0.125,7,17,14,7,3,1,0,3,14,26,21,17,11,14,14,7,40,122,79,55,40,30,33,24,1.0,-0.3833333,1.0,0.226,0.682,0.045,0
1.025,1.8,1.45,1.05,1.05,0.975,0.75,0.9,0.0,-0.05,-0.05,1.7,0.575,0.475,0.25,0.025,6,15,9,4,5,2,2,7,21,23,23,15,16,16,11,8,52,106,79,42,46,33,32,32,1.0,-0.3833333,1.0,0.226,0.683,0.045,0
1.025,1.75,1.4,2.75,1.625,1.45,1.0,0.925,0.1,-0.475,0.05,2.625,2.825,2.5,0.6,0.125,4,9,7,7,4,3,7,5,14,16,17,17,19,14,11,9,42,78,65,124,66,63,42,33,1.0,-0.3833333,1.0,0.226,0.685,0.047,0
1.125,1.275,1.45,5.375,4.45,3.95,1.6,1.05,0.0,0.475,1.525,-1.075,0.425,0.5,-0.1,-0.175,6,6,8,16,10,15,16,4,10,15,14,22,23,19,20,12,40,45,56,312,264,261,89,41,1.0,-0.3833333,1.0,0.224,0.694,0.057,0
1.125,1.75,2.975,4.3,4.875,4.45,1.5,0.875,-0.15,0.625,3.05,-2.45,-2.575,-2.2,-0.375,-0.025,8,10,11,19,15,20,14,4,16,23,20,23,24,24,21,14,51,93,182,250,281,295,90,40,1.0,-0.3833333,1.0,0.217,0.715,0.079,0
0.975,2.375,6.025,1.85,2.3,2.25,1.125,0.85,-0.125,-0.2,0.875,-0.45,-0.625,-0.75,-0.05,0.425,4,14,17,14,13,18,4,0,15,23,28,17,15,23,15,13,46,141,389,105,94,140,50,30,1.0,-0.3833333,1.0,0.199,0.75,0.114,0
0.85,2.175,6.9,1.4,1.675,1.5,1.075,1.275,0.325,1.525,1.475,0.125,0.1,-0.175,-0.025,-0.1,2,9,17,9,11,13,3,2,15,20,24,18,14,20,12,12,45,135,431,73,68,73,44,36,1.0,-0.3833333,1.0,0.166,0.799,0.161,0
1.175,3.7,8.375,1.525,1.775,1.325,1.05,1.175,2.8,9.525,25.975,4.425,1.175,0.4,0.575,0.575,4,7,18,12,11,8,7,4,20,22,23,23,17,17,15,13,65,221,520,85,96,67,51,46,1.0,-0.3833333,1.0,0.078,0.893,0.23,0
3.975,13.225,34.35,5.95,2.95,1.725,1.625,1.75,14.275,15.575,27.3,11.325,2.05,1.15,0.975,2.45,10,19,19,18,12,8,11,9,22,23,30,24,21,18,21,21,179,858,2161,315,160,89,95,109,1.0,-0.3833333,1.0,-0.046,0.988,0.288,0
18.25,28.8,61.65,17.275,5.0,2.875,2.6,4.2,7.925,12.075,-1.3,6.725,1.875,0.7,0.575,1.275,18,23,20,23,20,10,14,14,23,25,31,27,23,22,21,26,1137,1709,4094,1093,302,165,157,252,1.0,-0.3833333,1.0,-0.131,1.018,0.306,0
26.175,40.875,60.35,24.0,6.875,3.575,3.175,5.475,-6.125,-3.85,1.7,-0.675,1.275,0.45,0.1,-0.725,24,19,27,23,25,15,19,18,27,25,30,28,26,21,23,25,1724,2370,4255,1475,437,208,183,325,1.0,-0.3833333,1.0,-0.181,1.019,0.315,0
20.05,37.025,62.05,23.325,8.15,4.025,3.275,4.75,-1.275,-0.2,5.6,-3.8,-0.05,0.25,0.05,0.1,23,23,28,22,22,21,17,20,28,24,28,27,23,21,22,27,1239,2301,3716,1462,477,230,176,275,1.0,-0.3833333,1.0,-0.213,1.015,0.325,0
18.775,36.825,67.65,19.525,8.1,4.275,3.325,4.85,1.625,3.925,-0.325,-2.9,0.075,0.25,0.175,1.025,19,21,24,27,22,21,20,19,23,24,25,29,24,21,21,25,989,2147,3818,1306,509,260,192,252,1.0,-0.3833333,1.0,-0.224,1.012,0.332,0
20.4,40.75,67.325,16.625,8.175,4.525,3.5,5.875,-1.2,-0.775,-5.675,-1.975,-1.125,-0.625,-0.475,-0.375,16,20,22,24,21,19,22,21,20,27,24,29,24,21,22,23,1011,2228,3863,1120,509,271,216,339,1.0,-0.3833333,1.0,-0.227,1.012,0.337,0
19.2,39.975,61.65,14.65,7.05,3.9,3.025,5.5,-3.175,3.15,-10.1,-2.1,-2.35,-1.475,-0.675,-0.775,20,24,22,20,22,20,16,22,24,30,24,27,21,26,24,22,1034,2570,3520,866,433,243,191,335,1.0,-0.3833333,1.0,-0.227,1.013,0.34,0
16.025,43.125,51.55,12.55,4.7,2.425,2.35,4.725,-3.7,-4.825,-5.0,-0.6,-0.5,-0.25,-0.425,-0.85,20,26,18,20,19,17,15,18,26,28,24,27,23,22,25,23,958,2995,2819,768,313,153,144,268,1.0,-0.3833333,1.0,-0.225,1.014,0.34,0
12.325,38.3,46.55,11.95,4.2,2.175,1.925,3.875,-0.5,-7.05,5.1,-2.675,-0.35,0.05,-0.25,-0.85,13,23,18,21,19,17,15,16,27,28,25,26,28,22,25,24,644,2324,2575,786,278,131,115,224,1.0,-0.3833333,1.0,-0.221,1.014,0.339,0
11.825,31.25,51.65,9.275,3.85,2.225,1.675,3.025,1.675,2.275,-1.525,1.725,-0.35,0.0,0.275,0.375,15,23,25,23,22,18,12,19,28,28,27,25,30,23,21,22,710,1735,3301,589,249,130,97,179,1.0,-0.3833333,1.0,-0.218,1.014,0.339,0
13.5,33.525,50.125,11.0,3.5,2.225,1.95,3.4,-0.9,5.8,-5.275,2.975,1.275,0.475,0.0,0.05,20,21,27,27,20,19,14,22,29,24,26,30,30,24,25,25,814,1787,3187,744,226,139,117,216,1.0,-0.3833333,1.0,-0.218,1.013,0.34,0
12.6,39.325,44.85,13.975,4.775,2.7,1.95,3.45,0.45,-1.75,2.775,-3.225,0.15,0.225,0.1,0.45,20,25,25,25,22,24,20,23,26,26,27,30,31,28,31,27,707,2369,2593,917,320,178,133,234,1.0,-0.3833333,1.0,-0.218,1.012,0.341,0
13.05,37.575,47.625,10.75,4.925,2.925,2.05,3.9,-0.6,-1.6,-5.65,-0.575,-0.275,-0.025,0.325,0.575,16,28,25,20,19,20,16,22,25,26,26,23,22,19,24,25,752,2314,2881,629,312,164,137,251,1.0,-0.3833333,1.0,-0.22,1.011,0.342,0
12.45,35.975,41.975,10.175,4.65,2.9,2.375,4.475,0.25,0.275,3.7,2.65,0.225,-0.025,-0.3,-0.65,20,23,28,20,18,17,14,27,29,25,27,22,23,22,26,27,740,1990,2793,631,301,174,150,288,1.0,-0.3833333,1.0,-0.221,1.01,0.343,0
12.7,36.25,45.675,12.825,4.875,2.875,2.075,3.825,0.225,0.475,10.8,-1.975,-0.35,-0.2,-0.375,-0.9,23,20,24,24,20,17,13,24,29,25,25,28,25,26,25,25,760,2197,2818,856,314,176,135,228,1.0,-0.3833333,1.0,-0.221,1.009,0.344,0
12.925,36.725,56.475,10.85,4.525,2.675,1.7,2.925,-1.075,-1.25,-5.85,-1.25,-0.175,-0.175,-0.05,-0.125,20,21,18,21,19,16,12,14,27,23,24,26,22,21,19,19,717,2236,3172,698,272,151,97,146,1.0,-0.3833333,1.0,-0.221,1.009,0.344,0
11.85,35.475,50.625,9.6,4.35,2.5,1.65,2.8,-1.5,-3.475,-5.8,-0.075,-0.25,-0.125,0.1,0.025,24,21,21,22,24,16,13,15,26,25,29,29,26,19,21,24,714,2164,2744,666,278,135,98,162,1.0,-0.3833333,1.0,-0.22,1.01,0.344,0
10.35,32.0,44.825,9.525,4.1,2.375,1.75,2.825,-1.525,-0.25,-2.475,1.375,-0.35,-0.25,-0.05,-0.3,24,21,22,26,26,19,12,14,27,28,28,27,28,20,20,24,636,1986,2486,650,260,133,113,159,1.0,-0.3833333,1.0,-0.219,1.011,0.345,0
8.825,31.75,42.35,10.9,3.75,2.125,1.7,2.525,3.65,0.125,1.5,3.9,1.325,0.1,0.15,0.125,24,22,20,23,24,19,15,13,28,24,27,23,26,21,17,21,590,1829,2511,650,253,127,103,152,1.0,-0.3833333,1.0,-0.219,1.012,0.346,0
12.475,31.875,43.85,14.8,5.075,2.225,1.85,2.65,1.675,-0.375,13.05,-0.675,1.675,0.3,0.175,0.525,28,21,23,26,23,17,15,16,29,25,30,28,26,22,16,19,796,1903,2854,971,337,131,93,155,1.0,-0.3833333,1.0,-0.218,1.012,0.346,0
14.15,31.5,56.9,14.125,6.75,2.525,2.025,3.175,0.65,5.675,4.7,-3.475,-0.275,0.4,0.05,0.675,25,21,22,22,25,15,14,17,27,29,27,26,26,25,22,23,953,2008,3197,924,437,156,102,179,1.0,-0.3833333,1.0,-0.218,1.012,0.346,0
14.8,37.175,61.6,10.65,6.475,2.925,2.075,3.85,0.45,5.0,-14.175,-1.575,-1.75,-0.45,-0.2,-0.75,25,25,20,18,26,17,14,22,27,30,25,25,29,29,22,29,1002,2398,3214,630,420,184,108,237,1.0,-0.3833333,1.0,-0.218,1.012,0.346,0
15.25,42.175,47.425,9.075,4.725,2.475,1.875,3.1,-3.225,-6.2,-15.75,0.475,0.05,-0.275,-0.075,-0.775,27,22,25,18,24,16,11,19,25,25,29,24,29,24,18,19,1005,2553,3076,525,288,145,102,180,1.0,-0.3833333,1.0,-0.218,1.012,0.347,0
12.025,35.975,31.675,9.55,4.775,2.2,1.8,2.325,-1.375,-2.175,-3.725,-0.6,0.125,0.15,0.25,0.75,20,24,25,19,26,15,14,16,23,26,26,23,29,25,25,22,692,2208,2099,542,314,136,111,150,1.0,-0.3833333,1.0,-0.217,1.012,0.348,0
10.65,33.8,27.95,8.95,4.9,2.35,2.05,3.075,0.275,0.25,6.875,-1.6,-0.775,-0.175,-0.075,0.425,18,25,21,19,23,13,16,21,23,29,24,24,28,26,24,28,519,2250,1791,509,315,130,115,205,1.0,-0.3833333,1.0,-0.217,1.011,0.348,0
10.925,34.05,34.825,7.35,4.125,2.175,1.975,3.5,-0.025,-3.275,1.025,0.875,0.425,0.125,-0.4,-0.075,20,24,21,15,27,12,15,24,24,30,28,23,29,27,23,29,619,2351,2367,390,278,128,111,232,1.0,-0.3833333,1.0,-0.216,1.01,0.348,0
10.9,30.775,35.85,8.225,4.55,2.3,1.575,3.425,-1.925,2.6,-5.0,4.075,0.1,0.175,0.1,-0.575,16,23,20,17,29,16,11,21,24,28,27,26,30,24,22,27,607,1921,2203,464,315,151,92,212,1.0,-0.3833333,1.0,-0.216,1.009,0.349,0
8.975,33.375,30.85,12.3,4.65,2.475,1.675,2.85,0.15,-2.525,6.975,0.85,-0.55,-0.425,0.25,0.175,15,21,19,24,19,17,12,16,20,24,24,32,25,17,21,22,477,2015,1759,812,297,136,97,172,1.0,-0.3833333,1.0,-0.215,1.009,0.35,0
9.125,30.85,37.825,13.15,4.1,2.05,1.925,3.025,0.425,-9.825,4.825,-2.675,-0.65,-0.55,-0.45,-0.1,18,21,21,20,14,12,15,18,22,24,26,28,22,22,23,25,531,1911,2229,791,248,112,113,191,1.0,-0.3833333,1.0,-0.215,1.009,0.349,0
9.55,21.025,42.65,10.475,3.45,1.5,1.475,2.925,-0.775,2.775,-7.05,-1.525,-0.35,0.25,-0.05,-0.525,22,20,23,20,18,12,13,17,28,26,28,27,24,28,20,25,604,1191,2560,660,212,98,87,176,1.0,-0.3833333,1.0,-0.216,1.008,0.349,0
8.775,23.8,35.6,8.95,3.1,1.75,1.425,2.4,0.4,11.75,-4.85,0.6,0.525,0.075,0.3,-0.05,24,19,20,23,16,14,11,19,28,25,26,28,23,24,18,23,511,1258,2059,620,192,102,83,144,1.0,-0.3833333,1.0,-0.218,1.008,0.347,0
9.175,35.55,30.75,9.55,3.625,1.825,1.725,2.35,2.6,2.375,6.9,2.25,1.15,0.275,0.125,0.4,25,16,18,21,14,14,15,19,27,23,21,25,20,21,22,23,533,1906,1496,687,219,106,105,142,1.0,-0.3833333,1.0,-0.22,1.008,0.346,0
11.775,37.925,37.65,11.8,4.775,2.1,1.85,2.75,2.55,-4.25,13.625,-0.575,0.1,-0.05,0.125,0.775,22,13,21,23,16,16,16,17,27,20,24,25,24,23,18,23,758,1755,1955,783,281,124,96,164,1.0,-0.3833333,1.0,-0.22,1.007,0.345,0
14.325,33.675,51.275,11.225,4.875,2.05,1.975,3.525,-0.35,2.925,7.275,-1.175,-0.7,0.025,0.025,0.025,23,17,27,22,20,19,13,21,28,23,30,29,25,29,20,25,961,1476,3207,662,296,130,99,223,1.0,-0.3833333,1.0,-0.221,1.007,0.344,0
13.975,36.6,58.55,10.05,4.175,2.075,2.0,3.55,-0.975,-0.05,-10.05,-0.8,-0.3,0.225,0.125,0.25,21,20,24,26,20,15,12,20,30,28,29,33,18,27,24,25,918,2019,3444,674,234,115,114,240,1.0,-0.3833333,1.0,-0.22,1.007,0.344,0
13.0,36.55,48.5,9.25,3.875,2.3,2.125,3.8,0.675,-0.35,-9.6,0.875,0.4,0.0,0.025,0.55,20,21,16,26,17,13,13,20,29,25,25,29,20,25,26,25,787,2164,2624,581,206,119,126,243,1.0,-0.3833333,1.0,-0.22,1.007,0.344,0
13.675,36.2,38.9,10.125,4.275,2.3,2.15,4.35,-3.525,-8.175,-9.15,-1.825,-0.875,0.0,-0.525,-1.05,22,21,18,25,13,14,17,24,27,24,24,26,23,27,31,26,880,2278,2226,617,251,140,143,293,1.0,-0.3833333,1.0,-0.22,1.008,0.345,0
10.15,28.025,29.75,8.3,3.4,2.3,1.625,3.3,-7.25,-19.7,-19.275,-5.425,-1.625,-0.75,-0.5,-1.7,17,23,16,20,7,11,11,16,21,26,24,24,18,24,21,19,646,1847,1659,530,205,126,97,206,1.0,-0.3833333,1.0,-0.083,0.913,0.254,0
2.9,8.325,10.475,2.875,1.775,1.55,1.125,1.6,-1.875,-6.575,-9.25,-1.75,-0.65,-0.525,-0.275,-0.525,8,20,15,7,3,8,4,13,15,22,25,20,20,20,16,17,108,493,502,182,98,69,55,68,1.0,-0.3833333,1.0,0.146,0.756,0.104,0
1.025,1.75,1.225,1.125,1.125,1.025,0.85,1.075,0.225,0.15,0.025,-0.05,-0.075,-0.15,-0.1,-0.05,5,17,12,3,1,6,5,11,16,23,20,16,15,16,18,20,51,107,77,53,38,46,45,49,1.0,-0.3833333,1.0,0.237,0.693,0.043,0
1.25,1.9,1.25,1.075,1.05,0.875,0.75,1.025,-0.025,0.05,0.225,0.025,0.025,0.025,0.1,-0.075,10,17,4,3,4,3,4,4,17,26,12,16,14,13,13,15,67,121,58,53,42,35,37,38,1.0,-0.3833333,1.0,0.237,0.692,0.043,0
1.225,1.95,1.475,1.1,1.075,0.9,0.85,0.95,-0.2,-0.025,-0.05,0.725,1.25,1.5,0.65,0.3,14,17,8,6,6,2,5,3,18,21,20,19,23,14,12,14,66,107,64,59,53,35,39,41,1.0,-0.3833333,1.0,0.238,0.692,0.043,0
1.025,1.925,1.425,1.825,2.325,2.4,1.5,1.25,0.0,-0.375,-0.1,0.5,1.275,2.775,1.775,0.225,7,14,9,8,8,8,9,9,17,19,25,21,24,22,14,15,46,92,81,86,120,124,68,55,1.0,-0.3833333,1.0,0.238,0.692,0.043,0
1.025,1.55,1.325,2.325,3.6,5.175,3.275,1.475,0.0,-0.4,-0.125,-0.525,-1.1,-1.0,-0.575,-0.375,3,12,6,8,11,12,13,14,14,25,21,18,22,27,21,18,44,85,71,110,185,284,168,65,1.0,-0.3833333,1.0,0.235,0.705,0.055,0
1.025,1.15,1.2,1.8,2.5,4.175,2.7,1.1,0.0,0.7,1.125,-0.45,-1.175,-2.75,-1.575,-0.175,6,11,10,15,11,14,14,11,19,25,18,20,19,26,23,20,51,73,59,100,132,246,146,55,1.0,-0.3833333,1.0,0.196,0.757,0.117,0
1.025,1.85,2.325,1.35,1.325,1.425,1.125,0.925,5.95,7.45,18.1,4.05,1.15,0.475,0.5,0.775,6,15,16,17,6,11,12,7,24,24,23,25,20,24,23,17,59,114,153,79,68,97,64,43,1.0,-0.3833333,1.0,0.118,0.839,0.204,0
6.975,9.3,20.425,5.4,2.475,1.9,1.625,1.7,8.7,20.45,25.2,10.375,2.675,1.025,0.525,2.325,13,17,23,17,11,13,19,12,21,28,27,23,23,28,27,19,402,355,1313,315,157,129,108,108,1.0,-0.3833333,1.0,-0.026,0.943,0.274,0
15.675,29.75,45.625,15.775,5.15,2.925,2.15,4.025,-0.95,6.425,-5.25,0.325,0.35,-0.225,0.225,0.375,24,19,21,22,22,22,21,21,27,29,25,25,27,33,28,29,1018,1836,2825,967,352,207,154,294,1.0,-0.3833333,1.0,-0.165,1.012,0.314,0
14.725,36.175,40.375,16.1,5.5,2.7,2.375,4.4,-3.475,-10.675,-6.9,-7.85,-1.975,-0.525,-0.25,-1.325,27,22,23,28,19,20,17,24,28,27,25,31,26,27,27,31,918,2451,2420,971,348,173,144,314,1.0,-0.3833333,1.0,-0.217,1.022,0.325,0
11.25,25.5,33.475,8.25,3.525,2.175,2.125,3.075,4.0,0.325,9.825,-0.75,-0.425,0.175,-0.5,0.125,26,20,22,25,18,17,22,20,26,28,24,27,26,22,27,28,760,1497,1957,549,216,131,127,209,1.0,-0.3833333,1.0,-0.233,1.027,0.328,0
15.25,25.825,43.3,7.5,3.1,2.35,1.625,3.2,1.2,9.675,1.1,2.225,0.825,0.2,0.025,-0.025,25,20,18,23,20,19,16,21,29,30,19,24,25,24,26,26,1088,1515,2456,480,187,145,101,195,1.0,-0.3833333,1.0,-0.236,1.028,0.325,0
16.45,35.5,44.4,9.725,3.925,2.55,1.65,3.175,-3.5,-2.825,-6.025,-0.225,0.175,-0.325,0.1,-0.125,26,22,24,25,20,19,10,19,29,31,23,26,24,22,23,26,1137,2234,2692,637,240,145,92,199,1.0,-0.3833333,1.0,-0.236,1.028,0.324,0
12.95,32.675,38.375,9.5,4.1,2.225,1.75,3.05,0.3,-7.575,8.625,0.05,-0.2,0.0,0.2,0.525,21,24,29,22,15,14,10,15,24,29,30,25,22,18,21,23,764,2124,2405,600,258,124,97,177,1.0,-0.3833333,1.0,-0.236,1.029,0.323,0
13.25,25.1,47.0,9.55,3.9,2.225,1.95,3.575,0.725,4.125,12.925,1.4,0.475,0.5,0.45,0.625,22,18,25,19,17,14,12,20,27,25,28,28,23,20,23,24,827,1379,2714,570,243,129,117,214,1.0,-0.3833333,1.0,-0.236,1.028,0.323,0
13.975,29.225,59.925,10.95,4.375,2.725,2.4,4.2,2.35,2.0,-4.475,0.85,0.85,0.35,0.5,0.825,20,17,24,19,16,12,18,19,22,24,27,26,24,20,25,23,792,1555,3700,662,251,157,146,258,1.0,-0.3833333,1.0,-0.236,1.025,0.324,0
16.325,31.225,55.45,11.8,5.225,3.075,2.9,5.025,-0.425,-3.625,-8.95,-0.85,0.125,-0.075,-0.2,-0.45,20,26,21,25,19,16,21,22,25,27,26,24,26,24,25,24,950,2094,3409,765,336,198,185,327,1.0,-0.3833333,1.0,-0.237,1.025,0.324,0
15.9,27.6,46.5,10.95,5.35,3.0,2.7,4.575,-3.675,-3.875,-2.725,-2.7,-0.7,-0.575,-0.6,-1.35,20,24,19,23,23,19,19,21,25,29,28,26,27,25,25,24,952,1925,2710,730,375,215,176,303,1.0,-0.3833333,1.0,-0.237,1.026,0.324,0
12.225,23.725,43.775,8.25,4.65,2.425,2.1,3.225,0.0,-0.825,0.3,2.475,-0.725,-0.45,-0.2,-0.2,18,21,18,15,17,13,11,11,23,27,27,23,28,21,20,17,706,1490,2220,482,303,145,123,170,1.0,-0.3833333,1.0,-0.237,1.027,0.324,0
12.225,22.9,44.075,10.725,3.925,1.975,1.9,3.025,-2.4,-1.75,-1.9,-0.825,-0.6,-0.2,-0.375,-0.575,19,18,22,19,15,12,11,18,27,25,28,25,27,22,22,20,773,1358,2478,612,234,102,109,174,1.0,-0.3833333,1.0,-0.237,1.026,0.324,0
9.825,21.15,42.175,9.9,3.325,1.775,1.525,2.45,-2.375,3.175,2.025,-4.1,-0.175,0.15,0.025,-0.2,21,17,24,21,18,12,11,19,28,24,28,28,24,21,20,22,671,1155,2516,627,205,95,81,151,1.0,-0.3833333,1.0,-0.238,1.026,0.325,0
7.45,24.325,44.2,5.8,3.15,1.925,1.55,2.25,0.45,0.55,-4.5,1.15,0.325,0.3,0.35,0.275,20,18,26,18,15,16,12,17,28,24,27,26,26,22,18,21,473,1331,2915,377,192,110,82,139,1.0,-0.3833333,1.0,-0.238,1.026,0.326,0
7.9,24.875,39.7,6.95,3.475,2.225,1.9,2.525,2.45,-0.4,0.3,2.8,0.35,0.05,0.05,0.125,15,21,26,22,16,20,16,17,28,23,27,25,31,28,24,28,509,1527,2739,476,237,150,116,174,1.0,-0.3833333,1.0,-0.237,1.026,0.327,0
10.35,24.475,40.0,9.75,3.825,2.275,1.95,2.65,1.55,5.975,8.45,4.05,1.1,0.275,0.1,0.85,16,21,25,23,14,18,14,12,23,27,27,27,27,25,20,25,636,1637,2537,659,253,142,109,169,1.0,-0.3833333,1.0,-0.236,1.025,0.327,0
11.9,30.45,48.45,13.8,4.925,2.55,2.05,3.5,0.575,0.85,3.7,-0.075,0.225,0.0,-0.075,0.25,23,20,26,24,14,17,12,15,23,27,27,26,22,24,16,24,722,1715,3119,883,282,144,90,193,1.0,-0.3833333,1.0,-0.236,1.024,0.327,0
12.475,31.3,52.15,13.725,5.15,2.55,1.975,3.75,0.1,-4.35,-0.5,-2.375,-0.375,-0.275,0.025,-0.2,26,20,22,27,17,16,16,18,27,24,26,26,21,22,19,27,810,1744,3114,926,293,140,99,239,1.0,-0.3833333,1.0,-0.236,1.024,0.327,0
12.575,26.95,51.65,11.35,4.775,2.275,2.0,3.55,-2.325,-2.7,-4.25,-1.55,0.1,0.175,-0.075,-0.25,23,24,18,19,13,12,15,15,26,27,26,22,20,18,20,21,780,1756,2878,572,244,104,104,216,1.0,-0.3833333,1.0,-0.237,1.024,0.327,0
10.25,24.25,47.4,9.8,4.875,2.45,1.925,3.3,-1.925,0.8,-5.2,-1.075,-0.9,0.1,-0.225,-0.9,23,24,17,17,16,14,13,18,26,29,25,21,22,19,17,22,609,1477,2739,448,265,131,101,187,1.0,-0.3833333,1.0,-0.239,1.025,0.327,0
8.325,25.05,42.2,8.725,3.975,2.55,1.7,2.4,-0.625,0.2,0.95,0.975,-0.275,-0.225,0.175,-0.2,21,20,18,22,14,14,10,14,24,27,21,26,22,21,14,23,427,1470,2341,541,254,149,87,142,1.0,-0.3833333,1.0,-0.24,1.026,0.327,0
7.7,25.25,43.15,9.7,3.7,2.325,1.875,2.2,-0.075,-3.6,-1.975,-1.275,0.025,-0.425,-0.275,0.225,20,20,19,26,12,11,9,8,22,27,21,28,19,22,15,23,408,1529,2295,609,202,123,80,116,1.0,-0.3833333,1.0,-0.24,1.028,0.327,0
7.625,21.65,41.175,8.425,3.725,1.9,1.6,2.425,0.525,1.325,-8.6,-1.125,0.25,0.0,-0.075,0.25,22,19,24,23,19,14,8,13,26,28,26,23,24,23,19,25,453,1273,2490,479,210,102,69,130,1.0,-0.3833333,1.0,-0.24,1.03,0.327,0
8.15,22.975,32.575,7.3,3.975,1.9,1.525,2.675,0.725,3.05,4.25,1.65,0.15,0.1,0.35,0.575,22,20,25,19,19,16,14,19,30,29,24,20,28,25,22,25,532,1450,2137,421,234,116,82,175,1.0,-0.3833333,1.0,-0.24,1.031,0.325,0
0.975,2.1,1.25,1.375,1.0,0.95,0.875,0.95,0.25,0.1,0.025,-0.175,0.125,0.0,0.05,-0.025,4,12,8,5,4,4,5,8,16,20,21,14,14,19,17,16,52,119,61,50,43,43,46,45,2.0,-0.3833333,1.383333,0.232,0.68,0.044,0
1.225,2.2,1.275,1.2,1.125,0.95,0.925,0.925,0.025,-0.325,0.05,-0.225,-0.1,-0.05,0.125,0.025,7,16,9,5,2,2,2,0,18,21,21,19,17,18,16,16,65,124,64,58,53,38,40,39,2.0,-0.3833333,1.383333,0.232,0.68,0.044,0
1.25,1.875,1.325,0.975,1.025,0.9,1.05,0.95,-0.05,-0.2,0.05,0.025,-0.025,-0.05,-0.075,-0.125,14,14,8,3,2,2,3,0,19,25,24,17,14,15,12,11,66,109,74,53,45,34,33,33,2.0,-0.3833333,1.383333,0.232,0.68,0.044,0
1.2,1.675,1.375,1.0,1.0,0.85,0.975,0.825,-0.2,-0.575,0.0,0.3,0.7,0.8,0.175,0.075,12,7,6,0,5,2,6,3,18,21,24,16,16,15,12,12,56,84,61,45,48,32,38,36,2.0,-0.3833333,1.383333,0.232,0.68,0.045,0
1.0,1.1,1.375,1.3,1.7,1.65,1.15,0.9,-0.1,0.025,0.075,2.925,3.55,3.15,3.925,0.45,4,6,6,5,15,7,9,8,12,15,16,17,25,15,14,18,40,47,43,58,98,78,53,49,2.0,-0.3833333,1.383333,0.232,0.681,0.046,0
0.9,1.125,1.45,4.225,5.25,4.8,5.075,1.35,0.15,0.15,0.15,1.35,1.225,1.175,0.825,0.05,6,7,8,13,18,19,17,9,16,16,15,19,21,23,21,17,49,52,68,208,229,269,276,59,2.0,-0.3833333,1.383333,0.231,0.688,0.051,0
1.05,1.275,1.6,5.575,6.475,5.975,5.9,1.4,0.1,0.025,-0.1,-2.325,-3.15,-2.55,-3.8,-0.325,6,4,10,14,14,21,18,6,18,17,19,22,18,25,21,16,52,49,82,263,288,347,323,55,2.0,-0.3833333,1.383333,0.225,0.717,0.074,0
1.15,1.3,1.5,3.25,3.325,3.425,2.1,1.075,-0.05,0.7,1.325,-1.575,-1.75,-1.725,-1.075,-0.075,5,6,10,11,15,15,9,3,18,16,19,24,26,25,15,17,53,53,65,160,175,211,90,38,2.0,-0.3833333,1.383333,0.208,0.777,0.122,0
1.1,2.0,2.825,1.675,1.575,1.7,1.025,1.0,0.775,1.85,3.275,0.4,-0.3,-0.625,0.025,0.15,8,11,13,4,11,10,6,7,19,22,21,20,22,18,17,14,58,107,162,84,79,80,46,38,2.0,-0.3833333,1.383333,0.173,0.866,0.18,0
1.875,3.85,6.1,2.075,1.275,1.075,1.05,1.15,1.7,0.35,2.525,0.8,-0.05,-0.025,0.05,0.175,8,17,14,8,5,9,7,9,20,26,22,18,21,20,21,12,100,233,337,104,70,50,57,52,2.0,-0.3833333,1.383333,0.117,0.972,0.228,0
3.575,4.2,8.625,2.875,1.225,1.05,1.1,1.325,1.0,0.15,3.7,-0.375,0.1,0.025,-0.025,0.475,15,18,20,17,5,7,4,13,26,26,25,21,20,20,19,21,233,240,553,154,65,52,58,74,2.0,-0.3833333,1.383333,0.039,1.077,0.257,0
4.575,4.35,12.325,2.5,1.325,1.075,1.075,1.8,2.4,6.325,11.05,1.3,1.075,0.325,0.225,0.7,21,18,26,18,8,6,3,17,27,27,30,23,19,21,17,27,268,259,904,148,71,53,49,123,2.0,-0.3833333,1.383333,-0.042,1.154,0.269,0
6.975,10.675,23.375,3.8,2.4,1.4,1.3,2.5,5.575,20.25,14.6,9.05,3.5,1.85,1.175,1.575,21,23,22,20,13,7,6,13,26,29,26,23,22,27,20,22,412,657,1562,201,117,78,68,155,2.0,-0.3833333,1.383333,-0.1,1.194,0.273,0
12.55,30.925,37.975,12.85,5.9,3.25,2.475,4.075,7.4,8.575,16.75,6.275,1.65,1.325,0.925,1.225,22,25,20,26,21,16,14,19,30,30,26,25,24,27,22,22,800,2161,2307,817,348,202,156,259,2.0,-0.3833333,1.383333,-0.148,1.214,0.277,0
19.95,39.5,54.725,19.125,7.55,4.575,3.4,5.3,4.075,-3.725,15.775,-1.8,-1.325,-0.75,-0.225,0.225,25,23,20,28,25,23,18,25,29,27,28,28,24,27,24,30,1389,2393,3139,1240,435,288,211,350,2.0,-0.3833333,1.383333,-0.188,1.215,0.282,0
24.025,35.775,70.5,17.325,6.225,3.825,3.175,5.525,-4.0,1.75,-4.7,-2.525,-1.45,-1.15,-0.55,-0.85,21,14,24,25,20,20,18,23,25,26,29,29,22,22,23,26,1586,1672,3919,1069,324,209,176,337,2.0,-0.3833333,1.383333,-0.218,1.209,0.291,0
20.025,37.525,65.8,14.8,4.775,2.675,2.625,4.675,-5.175,-5.225,-10.325,-1.475,-0.575,-0.3,-0.475,-0.95,18,17,25,24,22,17,18,22,30,30,26,29,26,23,23,22,1251,2226,3676,965,293,168,157,276,2.0,-0.3833333,1.383333,-0.238,1.21,0.297,0
14.85,32.3,55.475,13.325,4.2,2.375,2.15,3.725,0.375,-4.525,-4.275,-0.975,-0.2,-0.025,-0.225,-0.175,18,24,26,21,18,15,14,17,31,32,26,25,27,24,22,23,975,2287,3392,827,248,157,135,217,2.0,-0.3833333,1.383333,-0.247,1.213,0.296,0
15.225,27.775,51.2,12.35,4.0,2.35,1.925,3.55,1.1,-3.4,-4.25,-2.55,-0.225,-0.25,0.175,-0.25,18,24,30,20,13,13,11,18,28,29,29,22,24,21,20,25,1003,1888,3369,699,225,133,107,221,2.0,-0.3833333,1.383333,-0.248,1.216,0.292,0
16.325,24.375,46.95,9.8,3.775,2.1,2.1,3.3,-4.0,-4.925,-7.625,-0.1,-0.275,-0.3,-0.25,-0.7,21,19,28,19,14,12,15,20,28,30,31,22,24,22,20,25,1045,1507,3106,550,195,110,110,195,2.0,-0.3833333,1.383333,-0.245,1.218,0.288,0
12.325,19.45,39.325,9.7,3.5,1.8,1.85,2.6,-0.8,0.575,-6.0,-0.925,-0.75,-0.225,-0.4,0.05,21,20,21,20,19,10,13,15,26,28,27,24,22,19,20,22,760,1202,2258,582,197,92,103,152,2.0,-0.3833333,1.383333,-0.242,1.219,0.283,0
11.525,20.025,33.325,8.775,2.75,1.575,1.45,2.65,0.275,-0.325,1.8,-0.9,-0.125,0.225,0.325,0.325,19,25,20,21,21,16,10,16,24,27,22,23,21,20,19,23,706,1168,1739,587,160,87,88,174,2.0,-0.3833333,1.383333,-0.24,1.22,0.28,0
11.8,19.7,35.125,7.875,2.625,1.8,1.775,2.975,-2.85,-1.975,3.325,2.025,0.45,0.55,0.05,-0.675,21,23,21,18,21,18,12,12,28,28,24,23,23,23,21,19,721,1076,1885,464,145,96,89,164,2.0,-0.3833333,1.383333,-0.237,1.22,0.277,0
8.95,17.725,38.45,9.9,3.075,2.35,1.825,2.3,0.675,0.15,3.8,-0.75,-0.225,-0.375,-0.4,-0.275,21,22,25,26,23,22,13,9,30,23,28,29,26,29,29,21,518,1053,2432,637,179,143,103,132,2.0,-0.3833333,1.383333,-0.236,1.22,0.277,0
9.625,17.875,42.25,9.15,2.85,1.975,1.425,2.025,1.625,-0.15,-5.075,-0.95,-0.5,-0.675,-0.225,0.225,18,23,25,25,20,21,10,12,25,21,28,30,28,29,24,18,616,1073,2809,601,187,127,87,130,2.0,-0.3833333,1.383333,-0.235,1.219,0.277,0
11.25,17.725,37.175,8.2,2.35,1.3,1.2,2.25,-0.2,3.75,1.35,-0.325,0.5,0.35,0.075,0.175,18,20,22,18,16,11,10,15,24,21,27,25,24,21,20,20,778,1106,2306,450,127,73,65,141,2.0,-0.3833333,1.383333,-0.234,1.218,0.276,0
11.05,21.475,38.525,7.875,2.85,1.65,1.275,2.425,-1.675,2.725,0.2,0.125,-0.125,0.175,0.025,-0.275,23,21,24,19,20,12,11,16,27,23,29,22,25,19,20,22,731,1368,2581,440,160,90,69,151,2.0,-0.3833333,1.383333,-0.233,1.218,0.275,0
9.375,24.2,38.725,8.0,2.725,1.825,1.3,2.15,-0.35,-0.175,-0.525,0.5,-0.45,0.075,-0.125,0.2,18,20,25,15,14,15,13,12,24,22,28,22,28,21,22,21,617,1366,2636,447,171,110,79,138,2.0,-0.3833333,1.383333,-0.233,1.218,0.276,0
9.025,24.025,38.2,8.5,2.275,1.9,1.175,2.35,2.6,-0.375,10.425,0.05,0.4,0.325,0.325,0.675,20,16,22,16,8,13,11,16,24,19,30,21,25,19,23,25,576,1158,2454,466,132,108,70,152,2.0,-0.3833333,1.383333,-0.232,1.219,0.277,0
11.625,23.65,48.625,8.55,2.675,2.225,1.5,3.025,2.35,1.875,-0.775,-0.525,0.85,-0.15,0.375,0.6,22,23,22,24,14,16,11,20,25,24,29,25,24,23,20,24,706,1301,3154,531,155,128,87,191,2.0,-0.3833333,1.383333,-0.232,1.219,0.277,0
13.975,25.525,47.85,8.025,3.525,2.075,1.875,3.625,-1.125,0.175,-5.4,1.4,-0.075,-0.4,-0.1,-0.225,19,27,26,21,19,16,12,18,20,26,25,21,26,22,18,17,754,1575,3012,467,222,120,99,192,2.0,-0.3833333,1.383333,-0.231,1.218,0.278,0
12.85,25.7,42.45,9.425,3.45,1.675,1.775,3.4,-2.4,-3.325,0.625,1.0,0.175,0.45,0.2,-0.6,21,26,26,19,12,12,10,16,23,24,24,19,26,23,21,20,817,1563,2499,531,211,98,94,197,2.0,-0.3833333,1.383333,-0.23,1.217,0.278,0
10.45,22.375,43.075,10.425,3.625,2.125,1.975,2.8,-0.125,0.0,-4.925,-1.15,0.325,0.425,0.05,-0.425,23,22,28,21,15,12,11,16,26,27,28,20,24,23,24,25,675,1394,2836,608,200,124,109,180,2.0,-0.3833333,1.383333,-0.229,1.213,0.279,0
10.325,22.375,38.15,9.275,3.95,2.55,2.025,2.375,1.275,0.375,-1.475,-0.45,-0.5,-0.3,-0.3,-0.125,23,22,25,21,17,17,13,17,28,26,28,23,24,28,21,25,604,1381,2643,567,190,148,112,151,2.0,-0.3833333,1.383333,-0.229,1.21,0.28,0
11.6,22.75,36.675,8.825,3.45,2.25,1.725,2.25,2.975,0.375,-1.325,-0.2,-0.275,-0.175,0.2,0.7,21,23,23,24,13,17,14,19,24,28,24,29,27,30,25,28,733,1458,2577,587,175,122,101,161,2.0,-0.3833333,1.383333,-0.23,1.209,0.282,0
14.575,23.125,35.35,8.625,3.175,2.075,1.925,2.95,0.8,-0.3,-2.95,0.575,0.325,-0.075,0.175,0.35,25,17,25,23,16,15,17,22,25,23,26,24,27,23,29,29,1045,1252,2391,528,192,109,120,205,2.0,-0.3833333,1.383333,-0.232,1.208,0.283,0
15.375,22.825,32.4,9.2,3.5,2.0,2.1,3.3,-2.3,2.4,8.575,1.15,0.05,0.025,-0.4,-0.325,23,19,26,23,20,13,19,19,24,23,27,28,23,15,22,26,1024,1366,2054,609,202,104,123,204,2.0,-0.3833333,1.383333,-0.234,1.207,0.284,0
13.075,25.225,40.975,10.35,3.55,2.025,1.7,2.975,0.375,0.4,-2.8,-1.325,0.0,0.05,0.025,0.075,18,20,25,25,25,16,15,19,21,24,25,33,27,23,18,26,793,1677,2384,730,221,115,94,173,2.0,-0.3833333,1.383333,-0.237,1.208,0.285,0
13.45,25.625,38.175,9.025,3.55,2.075,1.725,3.05,0.7,-1.575,-2.025,-0.425,-0.3,-0.075,-0.175,0.3,18,21,24,25,23,16,12,17,24,27,24,31,24,22,16,25,772,1678,2331,632,212,115,91,190,2.0,-0.3833333,1.383333,-0.239,1.208,0.284,0
14.15,24.05,36.15,8.6,3.25,2.0,1.55,3.35,-1.725,0.2,3.425,0.7,0.025,0.05,-0.275,-0.3,18,24,21,20,16,10,9,17,28,29,23,24,19,18,13,23,774,1546,2253,508,167,98,80,203,2.0,-0.3833333,1.383333,-0.24,1.208,0.282,0
12.425,24.25,39.575,9.3,3.275,2.05,1.275,3.05,-1.25,-0.625,0.225,-1.225,0.35,-0.075,0.225,-0.475,19,25,20,22,17,12,8,19,27,30,24,26,21,23,17,25,714,1589,2315,588,168,98,70,182,2.0,-0.3833333,1.383333,-0.241,1.208,0.282,0
11.175,23.625,39.8,8.075,3.625,1.975,1.5,2.575,2.8,-1.325,1.35,2.4,-0.325,-0.125,0.075,0.425,24,21,21,25,18,14,11,15,27,24,28,28,23,20,20,25,681,1449,2345,542,210,101,78,159,2.0,-0.3833333,1.383333,-0.242,1.209,0.282,0
13.975,22.3,41.15,10.475,3.3,1.85,1.575,3.0,2.125,-0.8,-7.475,-0.875,-0.35,0.025,0.0,0.325,25,22,20,20,14,16,14,18,28,22,27,25,24,19,18,26,926,1395,2296,587,196,100,81,187,2.0,-0.3833333,1.383333,-0.243,1.21,0.282,0
16.1,21.5,33.675,9.6,2.95,1.875,1.575,3.325,-0.3,-1.675,0.5,-2.05,0.05,0.15,-0.1,-0.475,23,24,19,21,16,14,16,21,27,27,27,23,24,20,23,27,1045,1370,1837,510,184,109,89,218,2.0,-0.3833333,1.383333,-0.243,1.211,0.283,0
15.8,19.825,34.175,7.55,3.0,2.025,1.475,2.85,1.675,-0.075,9.3,2.925,0.45,0.4,0.3,0.425,19,24,21,23,17,13,15,18,24,30,27,24,23,21,24,24,905,1274,1913,470,193,115,87,184,2.0,-0.3833333,1.383333,-0.243,1.212,0.284,0
17.475,19.75,43.475,10.475,3.45,2.425,1.775,3.275,-0.175,1.75,-1.45,0.225,-0.15,-0.375,-0.075,0.35,19,24,24,24,19,18,14,19,26,28,26,27,24,21,18,22,1100,1212,2806,659,201,127,99,182,2.0,-0.3833333,1.383333,-0.244,1.211,0.284,0
17.3,21.5,42.025,10.7,3.3,2.05,1.7,3.625,0.25,-2.0,-5.45,-2.025,0.4,0.025,-0.15,-0.45,21,18,23,27,18,16,9,18,28,27,26,30,24,22,14,18,1033,1291,2768,677,198,118,95,188,2.0,-0.3833333,1.383333,-0.245,1.21,0.285,0
17.55,19.5,36.575,8.675,3.7,2.075,1.55,3.175,0.75,0.725,10.35,0.125,0.15,0.075,0.225,0.425,22,13,18,24,20,15,6,19,27,28,29,27,26,25,14,21,1079,1144,2293,555,255,140,83,187,2.0,-0.3833333,1.383333,-0.245,1.21,0.285,0
18.3,20.225,46.925,8.8,3.85,2.15,1.775,3.6,-2.325,5.625,-1.55,-0.325,-0.925,-0.475,-0.325,-0.025,25,18,16,18,23,15,9,21,28,25,30,24,27,24,19,26,1179,1163,2878,520,245,132,93,242,2.0,-0.3833333,1.383333,-0.245,1.21,0.284,0
15.975,25.85,45.375,8.475,2.925,1.675,1.45,3.575,1.975,-0.875,-14.025,-0.7,-0.25,-0.15,-0.05,-0.5,24,23,21,19,20,12,7,21,23,24,32,25,25,24,19,23,974,1609,2816,529,182,95,82,226,2.0,-0.3833333,1.383333,-0.245,1.21,0.283,0
17.95,24.975,31.35,7.775,2.675,1.525,1.4,3.075,-1.95,-2.625,-0.9,0.2,0.55,0.25,0.525,0.05,20,21,26,23,18,14,5,22,23,30,37,26,19,21,19,19,1106,1605,2056,514,151,91,83,176,2.0,-0.3833333,1.383333,-0.245,1.21,0.282,0
16.0,22.35,30.45,7.975,3.225,1.775,1.925,3.125,-2.625,-0.5,-3.125,0.625,0.4,0.25,0.0,-0.175,19,22,28,23,22,11,12,19,26,29,33,25,17,20,23,22,1003,1433,2104,516,176,98,116,197,2.0,-0.3833333,1.383333,-0.245,1.211,0.28,0
13.375,21.85,27.325,8.6,3.625,2.025,1.925,2.95,0.475,-0.8,0.975,0.075,-0.025,-0.225,-0.3,-0.125,23,26,27,21,25,10,18,18,26,27,28,22,25,21,26,28,931,1441,1997,527,236,117,119,203,2.0,-0.3833333,1.383333,-0.244,1.212,0.278,0
13.85,21.05,28.3,8.675,3.6,1.8,1.625,2.825,-0.025,1.325,0.525,0.075,-0.325,-0.075,-0.175,0.2,27,26,22,18,26,16,17,18,28,27,27,19,25,23,23,28,916,1308,1848,516,236,115,105,195,2.0,-0.3833333,1.383333,-0.243,1.213,0.277,0
13.825,22.375,28.825,8.75,3.275,1.725,1.45,3.025,-5.275,-10.65,-15.5,-3.65,-1.3,-0.475,-0.425,-0.725,20,25,19,19,20,15,12,17,24,26,29,20,25,20,23,22,740,1364,1910,551,216,98,88,177,2.0,-0.3833333,1.383333,-0.193,1.161,0.253,0
8.55,11.725,13.325,5.1,1.975,1.25,1.025,2.3,-7.325,-10.025,-11.7,-3.925,-0.75,-0.25,-0.225,-1.175,11,16,15,11,12,6,6,10,18,24,24,17,23,11,21,17,409,688,915,314,118,52,54,108,2.0,-0.3833333,1.383333,0.048,0.899,0.138,0
1.225,1.7,1.625,1.175,1.225,1.0,0.8,1.125,-0.2,-0.1,-0.075,-0.05,-0.075,0.05,0.15,-0.225,7,10,6,4,9,0,3,4,16,24,16,15,16,11,15,17,56,105,70,50,48,27,31,45,2.0,-0.3833333,1.383333,0.24,0.689,0.046,0
1.025,1.6,1.55,1.125,1.15,1.05,0.95,0.9,-0.2,-0.325,-0.25,-0.1,-0.25,-0.2,0.0,0.15,5,11,5,5,4,2,2,6,19,20,18,19,14,20,10,13,58,84,68,53,41,39,25,37,2.0,-0.3833333,1.383333,0.24,0.689,0.046,0
0.825,1.275,1.3,1.025,0.9,0.85,0.95,1.05,-0.05,0.05,-0.225,0.075,0.025,-0.05,-0.15,0.025,3,8,7,5,2,3,3,5,22,11,14,14,14,17,16,9,52,59,55,46,36,37,31,37,2.0,-0.3833333,1.383333,0.241,0.688,0.045,0
0.775,1.325,1.075,1.1,0.925,0.8,0.8,1.075,0.225,-0.025,0.05,-0.15,0.075,0.1,0.0,-0.125,2,8,4,6,5,3,3,5,18,15,12,13,13,14,21,13,44,68,39,47,36,38,40,43,2.0,-0.3833333,1.383333,0.241,0.687,0.046,0
1.0,1.3,1.125,0.95,1.0,0.9,0.8,0.95,0.1,-0.2,0.075,0.05,0.075,0.125,-0.025,0.025,5,7,3,6,5,2,1,7,20,17,15,14,17,17,20,11,55,61,47,45,39,39,41,41,2.0,-0.3833333,1.383333,0.241,0.688,0.046,0
1.1,1.1,1.2,1.0,1.075,1.025,0.775,0.975,-0.05,0.3,-0.05,0.15,0.0,-0.05,0.15,0.025,8,6,7,7,4,3,3,9,21,13,15,16,16,16,20,12,51,42,49,44,39,42,40,43,2.0,-0.3833333,1.383333,0.241,0.69,0.047,0
1.05,1.4,1.15,1.15,1.075,0.975,0.925,1.0,-0.025,0.25,-0.05,-0.025,0.0,0.0,0.125,-0.025,9,11,8,7,3,2,3,7,18,18,13,17,17,13,15,16,47,60,53,53,43,38,36,47,2.0,-0.3833333,1.383333,0.239,0.693,0.047,0
1.025,1.65,1.1,1.125,1.075,0.975,1.05,0.975,-0.15,-0.175,0.075,0.225,0.15,0.15,0.15,-0.025,9,15,8,9,2,2,3,3,22,20,17,15,16,17,13,16,52,80,54,51,39,39,34,43,2.0,-0.3833333,1.383333,0.236,0.696,0.047,0
0.875,1.475,1.175,1.35,1.225,1.125,1.2,0.95,0.05,-0.05,0.275,1.175,1.5,2.825,1.375,-0.1,4,14,6,9,5,3,4,4,17,19,19,11,15,19,12,20,41,68,51,46,47,45,46,45,2.0,-0.3833333,1.383333,0.234,0.697,0.047,0
0.925,1.425,1.45,2.525,2.725,3.95,2.575,0.85,0.25,0.025,0.325,2.525,2.225,2.275,1.2,0.2,3,10,7,10,11,12,8,5,15,21,18,17,17,18,16,21,51,72,72,122,137,221,136,50,2.0,-0.3833333,1.383333,0.235,0.7,0.05,0
1.175,1.45,1.775,5.05,4.95,6.225,3.775,1.05,-0.025,-0.3,-0.125,-0.95,-1.45,-2.65,-1.225,0.0,9,7,9,16,13,21,18,7,13,19,25,23,19,21,22,16,59,71,93,258,254,394,218,54,2.0,-0.3833333,1.383333,0.236,0.712,0.064,0
1.15,1.15,1.65,4.1,3.5,3.575,2.55,1.05,-0.15,0.475,2.475,-2.375,-2.0,-2.5,-1.4,-0.2,10,5,12,15,8,19,16,5,14,16,29,16,16,21,25,15,52,52,82,187,163,223,143,49,2.0,-0.3833333,1.383333,0.228,0.74,0.091,0
1.0,1.625,4.125,1.725,1.5,1.075,1.15,0.85,0.1,0.9,4.4,0.025,0.1,-0.1,-0.2,0.075,6,7,16,14,11,7,9,4,13,15,24,13,17,17,23,15,43,87,244,79,68,71,59,40,2.0,-0.3833333,1.383333,0.203,0.788,0.129,0
1.1,2.525,8.525,1.75,1.6,0.975,0.95,0.925,3.575,2.225,0.55,0.05,-0.25,0.25,-0.05,0.125,7,10,18,15,14,5,6,7,14,14,23,19,21,14,17,21,50,125,537,94,81,48,45,46,2.0,-0.3833333,1.383333,0.163,0.854,0.176,0
4.675,4.75,9.075,1.8,1.35,1.225,0.9,1.05,7.45,7.15,7.2,1.575,0.525,0.475,0.35,0.875,12,14,22,13,9,9,4,9,18,18,23,19,17,20,15,23,286,237,568,108,63,65,42,61,2.0,-0.3833333,1.383333,0.053,1.005,0.232,0
12.125,11.9,16.275,3.375,1.875,1.7,1.25,1.925,5.375,9.4,15.65,2.6,0.8,0.175,0.65,1.55,16,21,21,12,11,9,9,12,22,23,26,18,17,17,16,19,637,735,990,203,82,84,64,112,2.0,-0.3833333,1.383333,-0.064,1.145,0.267,0
17.5,21.3,31.925,5.975,2.675,1.875,1.9,3.475,7.875,19.0,29.675,7.225,2.325,1.125,1.3,1.95,17,24,20,17,18,9,14,16,26,24,28,23,18,15,17,22,1005,1419,1793,367,149,89,96,208,2.0,-0.3833333,1.383333,-0.114,1.186,0.268,0
25.375,40.3,61.6,13.2,5.0,3.0,3.2,5.425,6.625,9.25,4.35,6.5,3.125,1.55,0.75,0.75,19,22,22,23,19,16,21,23,25,27,25,27,25,27,23,25,1379,2483,3349,794,317,186,188,353,2.0,-0.3833333,1.383333,-0.154,1.204,0.267,0
32.0,49.55,65.95,19.7,8.125,4.55,3.95,6.175,2.6,-9.075,-22.5,-2.775,-0.25,-0.475,-0.6,-1.4,23,21,24,23,21,21,22,23,27,30,23,26,26,28,23,28,1847,2862,3936,1243,507,289,237,390,2.0,-0.3833333,1.383333,-0.185,1.207,0.266,0
34.6,40.475,43.45,16.925,7.875,4.075,3.35,4.775,-1.0,1.15,6.075,-1.85,-2.0,-0.85,-0.475,-0.6,24,21,20,25,23,23,20,16,28,25,23,26,26,23,22,24,2087,2160,2533,1067,486,236,208,293,2.0,-0.3833333,1.383333,-0.205,1.208,0.266,0
33.6,41.625,49.525,15.075,5.875,3.225,2.875,4.175,-6.55,-5.8,3.95,0.3,-1.75,-0.575,-0.4,0.35,21,18,20,27,21,23,21,17,24,21,23,30,27,22,25,26,1890,2214,2707,1039,364,177,177,269,2.0,-0.3833333,1.383333,-0.217,1.213,0.266,0
27.05,35.825,53.475,15.375,4.125,2.65,2.475,4.525,0.975,-11.575,-10.2,-2.875,-0.925,-0.5,-0.3,0.8,23,19,23,24,21,16,16,21,26,23,27,28,30,26,18,25,1637,2092,3357,987,259,165,143,287,2.0,-0.3833333,1.383333,-0.225,1.215,0.265,0
28.025,24.25,43.275,12.5,3.2,2.15,2.175,5.325,-1.375,5.775,-5.375,-0.5,-0.075,-0.325,-0.15,0.025,20,27,27,25,20,10,14,19,23,27,28,25,29,24,20,24,1676,1676,3024,806,200,149,132,311,2.0,-0.3833333,1.383333,-0.233,1.215,0.261,0
26.65,30.025,37.9,12.0,3.125,1.825,2.025,5.35,-2.05,9.675,3.45,1.025,0.425,0.15,-0.05,-1.375,17,29,26,25,21,11,18,21,22,29,29,26,26,21,24,25,1458,2124,2380,790,204,125,134,330,2.0,-0.3833333,1.383333,-0.238,1.213,0.259,0
24.6,39.7,41.35,13.025,3.55,1.975,1.975,3.975,-0.625,-4.7,3.175,-0.4,0.7,0.225,0.075,-0.425,20,23,25,27,17,12,15,25,27,27,28,29,20,19,18,27,1500,2335,2563,884,202,114,115,271,2.0,-0.3833333,1.383333,-0.241,1.213,0.26,0
23.975,35.0,44.525,12.625,4.25,2.2,2.05,3.55,-7.1,-8.225,-3.45,-2.25,-0.25,0.075,0.075,-0.05,21,20,26,23,18,16,14,23,24,25,29,28,23,22,20,28,1472,1953,3029,792,244,129,108,248,2.0,-0.3833333,1.383333,-0.241,1.214,0.261,0
16.875,26.775,41.075,10.375,4.0,2.275,2.125,3.5,-1.25,3.6,-7.825,-1.225,-0.7,-0.25,-0.225,-0.425,23,25,22,20,21,16,19,19,21,25,26,26,21,19,26,28,1018,1657,2447,619,242,125,116,236,2.0,-0.3833333,1.383333,-0.24,1.215,0.262,0
15.625,30.375,33.25,9.15,3.3,2.025,1.9,3.075,-1.75,-5.0,-1.925,-0.8,-0.425,-0.425,-0.55,-0.625,17,23,24,22,14,13,15,15,22,26,23,26,17,15,22,25,880,1805,2076,577,183,100,105,193,2.0,-0.3833333,1.383333,-0.238,1.216,0.263,0
13.875,25.375,31.325,8.35,2.875,1.6,1.35,2.45,-2.775,-7.4,6.1,-2.55,0.6,0.325,0.075,0.025,17,23,24,20,17,15,12,15,25,26,27,23,20,18,22,22,853,1600,2008,495,150,77,77,142,2.0,-0.3833333,1.383333,-0.236,1.217,0.264,0
11.1,17.975,37.425,5.8,3.475,1.925,1.425,2.475,0.15,6.45,-1.775,2.425,0.65,0.3,0.325,0.35,25,22,19,18,22,16,12,15,27,25,22,21,24,23,27,22,763,1002,2057,338,203,108,85,148,2.0,-0.3833333,1.383333,-0.233,1.218,0.264,0
11.25,24.425,35.65,8.225,4.125,2.225,1.75,2.825,-0.4,-1.6,-6.2,2.825,-0.25,0.075,0.1,-0.2,28,20,20,23,22,14,15,17,27,26,21,27,26,25,24,23,731,1369,2000,566,264,133,103,180,2.0,-0.3833333,1.383333,-0.229,1.219,0.264,0
10.85,22.825,29.45,11.05,3.875,2.3,1.85,2.625,-1.45,-4.7,5.075,0.575,-0.625,-0.075,-0.025,-0.15,26,22,20,25,19,17,21,16,25,28,22,32,28,25,26,27,663,1417,1764,797,259,134,110,173,2.0,-0.3833333,1.383333,-0.228,1.22,0.264,0
9.4,18.125,34.525,11.625,3.25,2.225,1.825,2.475,-0.625,4.55,11.0,-1.55,-0.125,-0.1,-0.125,-0.05,18,18,18,23,13,14,19,11,24,25,19,28,21,23,21,20,540,1070,1961,771,199,117,95,124,2.0,-0.3833333,1.383333,-0.227,1.219,0.265,0
8.775,22.675,45.525,10.075,3.125,2.125,1.7,2.425,0.2,1.45,-4.35,-3.125,0.5,0.225,0.15,0.425,18,16,21,23,12,11,13,12,24,21,24,26,17,18,14,20,537,1288,2738,634,171,108,85,134,2.0,-0.3833333,1.383333,-0.228,1.219,0.265,0
8.975,24.125,41.175,6.95,3.625,2.35,1.85,2.85,1.9,-1.7,-6.625,0.575,0.4,0.125,0.025,0.15,20,21,19,18,16,14,13,14,23,26,28,25,20,22,16,22,557,1497,2648,385,202,127,106,180,2.0,-0.3833333,1.383333,-0.229,1.218,0.265,0
10.875,22.425,34.55,7.525,4.025,2.475,1.875,3.0,0.425,-0.1,-1.825,2.15,-0.175,-0.3,-0.15,-0.425,15,24,21,16,19,14,14,12,17,29,26,24,24,25,22,19,641,1371,2195,387,231,137,98,174,2.0,-0.3833333,1.383333,-0.231,1.217,0.266,0
11.3,22.325,32.725,9.675,3.85,2.175,1.725,2.575,-2.125,1.05,-3.55,-1.2,-0.35,0.0,0.4,0.275,17,27,23,22,17,11,16,15,21,30,28,25,25,25,26,22,714,1407,2125,543,233,129,97,159,2.0,-0.3833333,1.383333,-0.233,1.216,0.266,0
9.175,23.375,29.175,8.475,3.5,2.175,2.125,2.85,3.2,-1.275,-3.2,-0.65,-0.025,-0.15,-0.1,0.325,16,24,16,20,15,14,18,17,22,25,27,24,25,23,22,21,523,1463,1780,471,189,111,119,163,2.0,-0.3833333,1.383333,-0.235,1.214,0.265,0
12.375,22.1,25.975,7.825,3.475,2.025,2.025,3.175,1.4,-0.325,-3.65,0.3,-0.575,-0.5,-0.6,-0.475,16,16,17,22,14,12,12,15,21,22,28,25,28,22,21,22,718,1131,1577,478,187,93,106,173,2.0,-0.3833333,1.383333,-0.236,1.213,0.263,0
13.775,21.775,22.325,8.125,2.9,1.525,1.425,2.7,-1.625,2.95,3.85,0.175,0.6,0.35,0.125,0.05,20,21,21,28,16,16,14,20,22,25,30,27,31,25,23,24,883,1235,1446,498,167,85,83,173,2.0,-0.3833333,1.383333,-0.237,1.213,0.263,0
12.15,24.725,26.175,8.3,3.5,1.875,1.55,2.75,-1.9,0.575,3.975,1.675,0.0,0.05,0.1,0.05,22,25,20,26,20,22,19,20,25,28,25,24,27,28,25,21,736,1524,1567,490,225,125,99,168,2.0,-0.3833333,1.383333,-0.237,1.213,0.263,0
10.25,25.3,30.15,9.975,3.5,1.925,1.65,2.8,-0.175,-3.55,-4.55,-1.05,-0.75,-0.375,-0.3,-0.575,19,24,23,22,14,15,13,18,25,27,27,24,25,27,20,21,607,1650,1863,604,208,115,96,156,2.0,-0.3833333,1.383333,-0.236,1.213,0.264,0
10.075,21.75,25.6,8.925,2.75,1.55,1.35,2.225,0.05,-2.1,-2.9,-1.2,0.825,0.2,0.075,-0.05,19,21,21,18,12,13,10,14,23,26,27,23,25,25,21,21,622,1437,1513,535,160,88,76,127,2.0,-0.3833333,1.383333,-0.236,1.213,0.265,0
10.125,19.65,22.7,7.725,3.575,1.75,1.425,2.175,0.95,5.225,-0.3,1.5,-0.025,0.125,0.15,0.35,23,23,15,17,18,20,10,14,24,26,23,21,26,24,20,22,659,1361,1132,455,213,108,77,117,2.0,-0.3833333,1.383333,-0.236,1.213,0.266,0
11.075,24.875,22.4,9.225,3.55,1.875,1.575,2.525,1.825,3.8,6.475,-0.075,-0.925,-0.3,-0.175,0.225,21,23,16,24,18,20,14,16,25,28,28,28,22,21,17,21,668,1529,1247,598,195,104,76,129,2.0,-0.3833333,1.383333,-0.237,1.212,0.267,0
12.9,28.675,28.875,9.15,2.625,1.575,1.4,2.75,1.7,-6.05,5.225,-1.825,0.625,0.125,-0.05,-0.05,18,21,25,24,15,11,14,21,24,29,30,28,19,19,23,25,683,1651,1975,555,142,83,79,167,2.0,-0.3833333,1.383333,-0.24,1.211,0.268,0
14.6,22.625,34.1,7.325,3.25,1.7,1.35,2.7,-0.35,-3.45,-7.55,-0.45,0.7,0.25,0.05,0.15,18,20,29,18,20,8,13,24,23,27,29,25,24,16,24,29,792,1334,2362,424,202,91,82,182,2.0,-0.3833333,1.383333,-0.241,1.211,0.269,0
14.25,19.175,26.55,6.875,3.95,1.95,1.4,2.85,-1.45,2.875,-0.725,1.025,-0.55,-0.05,0.175,-0.125,16,21,23,20,24,13,16,21,22,28,28,23,26,18,22,28,784,1166,1802,404,248,113,84,180,2.0,-0.3833333,1.383333,-0.241,1.212,0.27,0
12.8,22.05,25.825,7.9,3.4,1.9,1.575,2.725,0.925,-2.525,8.575,1.0,-0.3,-0.05,0.0,-0.3,17,24,18,25,20,18,15,19,23,29,26,26,24,23,23,25,736,1342,1568,478,199,120,95,163,2.0,-0.3833333,1.383333,-0.241,1.211,0.27,0
13.725,19.525,34.4,8.9,3.1,1.85,1.575,2.425,-1.7,-0.225,-0.85,0.575,-0.675,-0.25,0.0,-0.025,20,23,19,24,20,20,10,19,27,31,26,26,24,24,22,24,786,1258,2189,545,185,109,91,145,2.0,-0.3833333,1.383333,-0.241,1.211,0.27,0
12.025,19.3,33.55,9.475,2.425,1.6,1.575,2.4,-2.9,2.975,-2.1,0.525,0.1,0.025,0.425,0.225,24,25,21,21,21,14,9,22,26,28,26,24,26,20,21,25,758,1285,2227,577,154,88,82,150,2.0,-0.3833333,1.383333,-0.241,1.21,0.27,0
9.125,22.275,31.45,10.0,2.525,1.625,2.0,2.625,0.55,1.875,7.225,-0.45,1.1,0.525,0.1,0.35,19,25,23,19,16,12,13,19,26,25,29,25,23,18,22,22,565,1422,1990,602,151,84,109,148,2.0,-0.3833333,1.383333,-0.24,1.21,0.27,0
9.675,24.15,38.675,9.55,3.625,2.15,2.1,2.975,1.95,1.35,0.625,-0.5,0.025,0.0,-0.125,0.25,13,24,23,20,13,13,14,16,28,24,25,24,22,22,21,22,518,1534,2207,580,206,121,116,170,2.0,-0.3833333,1.383333,-0.24,1.21,0.269,0
11.625,25.5,39.3,9.05,3.65,2.15,1.975,3.225,0.05,-1.825,3.525,1.05,0.475,0.0,0.15,0.475,14,26,24,16,16,14,17,13,23,28,24,22,22,22,24,26,639,1795,2315,484,202,122,115,188,2.0,-0.3833333,1.383333,-0.24,1.211,0.269,0
1.175,2.2,2.625,1.3,1.05,1.1,0.975,1.0,0.075,-0.575,-0.35,1.15,1.775,2.15,1.475,0.25,7,16,16,8,1,6,4,7,20,21,18,20,14,19,18,18,56,145,128,63,39,58,43,43,3.0,7.450581e-09,0.6166667,0.23,0.687,0.034,0
1.25,1.625,2.275,2.45,2.825,3.25,2.45,1.25,-0.2,-0.25,-0.3,0.075,0.075,0.8,0.15,-0.075,8,8,12,12,6,9,6,6,18,16,23,16,19,17,20,18,56,76,119,99,95,183,94,45,3.0,7.450581e-09,0.6166667,0.23,0.69,0.036,0
1.05,1.375,1.975,2.525,2.9,4.05,2.6,1.175,0.075,0.975,3.125,-0.7,-1.05,-1.875,-1.175,-0.175,5,5,10,16,11,12,9,5,13,16,22,20,18,18,15,13,39,55,100,113,118,230,100,41,3.0,7.450581e-09,0.6166667,0.228,0.705,0.06,0
1.125,2.35,5.1,1.825,1.85,2.175,1.425,1.0,2.55,8.0,23.675,3.85,1.4,0.175,0.35,1.075,5,12,13,17,13,6,8,5,16,18,23,23,22,21,14,11,54,147,278,108,103,120,60,41,3.0,7.450581e-09,0.6166667,0.217,0.731,0.109,0
3.675,10.35,28.775,5.675,3.25,2.35,1.775,2.075,6.2,19.825,25.775,9.525,3.05,1.35,1.025,1.95,12,21,19,19,18,12,12,15,19,25,23,24,26,24,22,21,223,652,1892,338,193,135,99,120,3.0,7.450581e-09,0.6166667,0.191,0.759,0.169,0
9.875,30.175,54.55,15.2,6.3,3.7,2.8,4.025,2.425,12.275,9.7,1.25,0.525,-0.15,0.075,0.35,23,21,20,21,19,22,17,23,26,28,23,29,27,23,24,31,649,2035,3355,984,408,235,176,258,3.0,7.450581e-09,0.6166667,0.132,0.785,0.241,0
12.3,42.45,64.25,16.45,6.825,3.55,2.875,4.375,-1.4,-1.025,-3.75,-3.55,-1.75,-0.6,-0.275,-0.525,24,22,20,20,19,16,21,20,32,29,22,27,26,23,22,28,793,2844,3507,988,440,227,186,293,3.0,7.450581e-09,0.6166667,0.06,0.801,0.302,0
10.9,41.425,60.5,12.9,5.075,2.95,2.6,3.85,0.575,1.95,-2.775,1.925,1.2,0.625,0.275,0.05,22,20,24,18,22,14,22,20,27,26,24,21,23,23,26,25,643,2420,3572,636,325,174,170,229,3.0,7.450581e-09,0.6166667,0.026,0.806,0.33,0
11.475,43.375,57.725,14.825,6.275,3.575,2.875,3.9,1.175,2.7,-0.725,-1.45,-0.3,-0.125,0.0,0.425,25,18,25,21,23,20,22,23,24,24,27,21,25,28,28,27,704,2388,3808,863,378,210,182,240,3.0,7.450581e-09,0.6166667,0.02,0.805,0.335,0
12.65,46.075,57.0,13.375,5.975,3.45,2.875,4.325,0.6,-2.7,-6.8,-2.25,-0.45,-0.425,0.075,0.625,21,19,25,21,22,25,21,21,24,26,28,26,24,30,26,25,735,2767,3681,835,355,209,165,244,3.0,7.450581e-09,0.6166667,0.02,0.805,0.336,0
13.25,43.375,50.2,11.125,5.525,3.025,2.95,4.95,1.525,-6.475,4.75,2.575,1.575,0.6,0.475,0.75,19,20,22,18,19,25,23,19,27,29,26,25,27,33,29,27,809,2653,2963,648,339,209,185,284,3.0,7.450581e-09,0.6166667,0.02,0.806,0.336,0
14.775,36.9,54.95,13.7,7.1,3.625,3.425,5.7,-1.875,-2.9,2.125,-0.675,-1.05,-0.4,-0.625,-0.975,21,19,20,22,21,20,19,20,24,26,23,24,28,29,28,28,947,2119,3259,846,448,225,218,354,3.0,7.450581e-09,0.6166667,0.021,0.808,0.335,0
12.9,34.0,57.075,13.025,6.05,3.225,2.8,4.725,-1.725,-1.325,-5.125,-3.0,-1.425,-0.95,-1.0,-1.25,24,23,18,27,17,12,7,14,25,26,26,28,23,20,23,20,799,2019,3250,883,370,162,149,272,3.0,7.450581e-09,0.6166667,0.022,0.809,0.334,0
11.175,32.675,51.95,10.025,4.625,2.275,1.8,3.475,1.85,0.75,-5.85,0.3,0.125,0.075,0.35,0.6,23,22,22,23,18,12,11,14,27,27,29,27,24,21,20,17,770,1958,3039,681,294,128,96,214,3.0,7.450581e-09,0.6166667,0.023,0.81,0.334,0
13.025,33.425,46.1,10.325,4.75,2.35,2.15,4.075,-2.15,-0.525,2.7,0.9,-0.75,-0.325,-0.025,-0.75,20,21,27,23,23,19,18,18,25,28,27,29,27,26,22,23,840,2043,3003,715,306,149,139,269,3.0,7.450581e-09,0.6166667,0.023,0.81,0.335,0
10.875,32.9,48.8,11.225,4.0,2.025,2.125,3.325,-0.8,-5.425,4.0,0.1,-0.25,-0.125,-0.425,-0.625,17,26,24,24,19,16,13,17,24,28,27,26,25,26,24,27,640,2176,2806,752,239,127,120,210,3.0,7.450581e-09,0.6166667,0.023,0.809,0.335,0
10.075,27.475,52.8,11.325,3.75,1.9,1.7,2.7,-0.55,2.0,-7.45,-0.8,0.25,0.425,0.175,0.225,17,26,22,24,16,14,11,19,25,27,28,27,25,24,25,27,543,1832,3004,747,208,113,95,158,3.0,7.450581e-09,0.6166667,0.024,0.808,0.336,0
9.525,29.475,45.35,10.525,4.0,2.325,1.875,2.925,-1.025,6.475,-2.675,0.45,-0.375,-0.2,0.15,-0.3,22,23,20,22,18,21,19,23,27,27,25,26,26,24,25,26,515,1888,2631,684,244,142,118,175,3.0,7.450581e-09,0.6166667,0.024,0.807,0.335,0
8.5,35.95,42.675,10.975,3.625,2.125,2.025,2.625,-0.15,-3.775,0.925,-1.35,0.325,-0.1,-0.125,0.025,22,20,18,22,17,18,21,19,28,25,28,25,26,20,25,23,540,2316,2458,705,239,128,133,160,3.0,7.450581e-09,0.6166667,0.024,0.806,0.335,0
8.35,32.175,43.6,9.625,3.95,2.025,1.9,2.65,-1.3,-7.6,-3.05,-0.975,0.05,0.225,0.0,0.075,20,18,22,22,15,11,18,17,26,23,29,30,24,18,23,24,513,1964,2645,641,259,111,123,163,3.0,7.450581e-09,0.6166667,0.025,0.806,0.334,0
7.05,24.575,40.55,8.65,4.0,2.25,1.9,2.725,2.025,2.4,-2.675,-0.625,-0.625,-0.275,-0.375,0.0,16,19,25,19,17,12,14,19,24,23,26,29,22,18,20,22,387,1514,2530,544,232,109,96,157,3.0,7.450581e-09,0.6166667,0.026,0.806,0.334,0
9.075,26.975,37.875,8.025,3.375,1.975,1.525,2.725,0.875,5.8,-1.425,-0.3,0.025,-0.075,-0.05,-0.05,19,22,25,22,18,16,14,17,25,27,27,29,25,22,21,22,550,1695,2486,519,190,105,77,158,3.0,7.450581e-09,0.6166667,0.027,0.806,0.333,0
9.95,32.775,36.45,7.725,3.4,1.9,1.475,2.675,-2.3,-3.5,2.375,1.9,0.3,0.35,0.3,0.0,23,24,25,22,16,17,15,18,24,28,26,26,25,21,21,22,588,2008,2358,457,204,114,87,157,3.0,7.450581e-09,0.6166667,0.027,0.806,0.333,0
7.65,29.275,38.825,9.625,3.7,2.25,1.775,2.675,-1.325,-0.4,-0.3,0.475,-0.275,-0.25,-0.15,-0.35,18,27,24,22,17,19,19,16,24,31,26,24,27,22,24,18,403,1905,2517,556,231,135,105,142,3.0,7.450581e-09,0.6166667,0.028,0.805,0.333,0
6.325,28.875,38.525,10.1,3.425,2.0,1.625,2.325,0.95,1.375,-6.65,-1.775,0.125,0.0,0.025,0.275,17,25,22,20,17,16,13,14,23,26,24,25,26,22,22,18,320,1718,2431,614,202,116,88,116,3.0,7.450581e-09,0.6166667,0.028,0.805,0.333,0
7.275,30.25,31.875,8.325,3.55,2.0,1.65,2.6,2.05,-6.225,3.725,-0.175,0.6,0.175,0.125,0.55,24,18,18,18,15,8,10,20,26,23,28,22,25,22,20,22,429,1835,2091,493,211,109,92,149,3.0,7.450581e-09,0.6166667,0.028,0.805,0.333,0
9.325,24.025,35.6,8.15,4.15,2.175,1.775,3.15,-1.325,-1.15,9.8,1.025,0.675,-0.075,-0.075,-0.675,30,21,19,28,21,16,17,23,31,25,28,28,26,29,23,23,615,1561,2338,570,286,148,108,207,3.0,7.450581e-09,0.6166667,0.028,0.806,0.333,0
8.0,22.875,45.4,9.175,4.825,2.1,1.7,2.475,-0.4,2.325,-0.325,0.0,0.2,0.075,0.075,0.175,25,24,22,26,19,17,17,15,28,25,27,31,27,25,19,22,518,1416,2967,620,311,129,94,161,3.0,7.450581e-09,0.6166667,0.028,0.806,0.333,0
7.6,25.2,45.075,9.175,5.025,2.175,1.775,2.65,0.225,-3.775,-2.575,-0.675,-0.675,-0.1,-0.2,0.1,24,19,27,22,18,17,13,19,26,21,32,25,26,24,16,22,508,1426,3204,558,321,126,109,168,3.0,7.450581e-09,0.6166667,0.028,0.806,0.333,0
7.825,21.425,42.5,8.5,4.35,2.075,1.575,2.75,-1.1,0.525,-2.775,-1.4,-0.3,0.225,0.075,-0.2,27,20,26,23,20,22,14,25,28,22,30,28,26,24,20,26,525,1310,2925,553,296,140,114,189,3.0,7.450581e-09,0.6166667,0.028,0.806,0.334,0
6.725,21.95,39.725,7.1,4.05,2.3,1.65,2.55,1.675,9.2,-4.225,0.075,-0.35,0.0,0.25,0.35,21,22,23,18,17,21,11,21,22,23,27,31,27,24,20,27,385,1344,2473,439,253,144,98,172,3.0,7.450581e-09,0.6166667,0.028,0.806,0.333,0
8.4,31.15,35.5,7.175,3.7,2.3,1.9,2.9,-0.175,1.925,3.0,-0.325,0.175,-0.2,-0.225,-0.3,19,22,23,22,16,15,10,17,20,26,27,31,26,25,20,22,489,1812,2175,481,227,129,97,177,3.0,7.450581e-09,0.6166667,0.028,0.806,0.333,0
8.225,33.075,38.5,6.85,3.875,2.1,1.675,2.6,-1.925,-5.85,0.275,-1.825,-0.05,-0.35,-0.2,-0.375,24,23,24,22,18,13,14,17,27,26,24,30,27,21,20,20,532,2026,2464,451,250,122,91,154,3.0,7.450581e-09,0.6166667,0.028,0.806,0.333,0
6.3,27.225,38.775,5.025,3.825,1.75,1.475,2.225,-0.25,-5.55,2.4,1.825,-0.55,-0.2,-0.05,-0.05,26,25,28,20,18,11,13,18,26,24,30,23,26,24,19,24,430,1589,2724,303,223,110,76,135,3.0,7.450581e-09,0.6166667,0.028,0.805,0.333,0
6.05,21.675,41.175,6.85,3.275,1.55,1.425,2.175,0.85,0.675,10.925,1.55,0.5,0.325,0.325,0.65,22,21,29,27,18,13,11,16,24,23,30,24,24,25,20,24,389,1259,2719,462,181,97,72,135,3.0,7.450581e-09,0.6166667,0.028,0.805,0.334,0
6.9,22.35,52.1,8.4,3.775,1.875,1.75,2.825,1.725,3.425,0.575,-0.5,0.625,0.225,0.175,0.425,23,19,29,26,18,17,12,20,27,26,28,26,24,20,21,27,438,1398,3413,590,213,113,91,191,3.0,7.450581e-09,0.6166667,0.028,0.805,0.334,0
8.625,25.775,52.675,7.9,4.4,2.1,1.925,3.25,0.2,-3.85,-5.35,2.1,0.125,0.325,0.025,-0.3,18,19,21,16,20,13,11,17,22,29,24,20,21,16,16,22,481,1534,3249,490,250,121,108,200,3.0,7.450581e-09,0.6166667,0.028,0.806,0.335,0
8.825,21.925,47.325,10.0,4.525,2.425,1.95,2.95,2.25,-1.575,0.075,0.275,-0.225,-0.025,-0.15,0.5,11,18,18,23,17,9,10,12,23,25,23,24,23,18,24,25,450,1236,2678,657,266,135,120,172,3.0,7.450581e-09,0.6166667,0.028,0.806,0.334,0
11.075,20.35,47.4,10.275,4.3,2.4,1.8,3.45,-3.375,-7.525,-22.425,-5.1,-1.625,-0.825,-0.55,-0.95,19,17,22,24,17,9,9,16,28,25,25,26,22,20,23,28,746,1166,2635,645,262,128,97,212,3.0,7.450581e-09,0.6166667,0.028,0.807,0.334,0
7.7,12.825,24.975,5.175,2.675,1.575,1.25,2.5,-6.45,-10.425,-23.425,-3.9,-1.55,-0.525,-0.25,-1.675,19,13,16,14,16,6,9,13,26,22,22,19,21,18,20,23,548,707,1278,262,161,80,70,156,3.0,7.450581e-09,0.6166667,0.131,0.751,0.189,0
1.25,2.4,1.55,1.275,1.125,1.05,1.0,0.825,0.075,-0.275,-0.125,-0.125,0.075,0.0,0.15,-0.025,10,13,10,7,7,3,10,5,18,19,16,14,14,16,17,16,62,125,76,50,49,43,52,45,3.0,7.450581e-09,0.6166667,0.233,0.694,0.043,0
1.325,2.125,1.425,1.15,1.2,1.05,1.15,0.8,-0.275,-0.5,-0.2,-0.075,0.125,0.1,-0.15,0.1,9,17,11,5,10,4,9,5,18,23,18,17,19,17,14,17,63,121,66,55,57,48,47,41,3.0,7.450581e-09,0.6166667,0.233,0.694,0.043,0
1.05,1.625,1.225,1.075,1.325,1.15,1.0,0.9,0.075,-0.35,0.05,0.5,0.825,0.8,0.65,0.075,8,15,10,7,10,6,4,5,15,22,23,18,20,16,15,21,49,85,64,59,68,59,41,45,3.0,7.450581e-09,0.6166667,0.233,0.694,0.043,0
1.125,1.275,1.275,1.575,2.15,1.95,1.65,0.975,0.15,-0.25,0.125,0.325,0.225,0.125,0.125,0.025,9,8,12,10,15,10,8,6,18,17,24,16,20,16,13,12,48,62,76,83,111,101,79,41,3.0,7.450581e-09,0.6166667,0.232,0.697,0.045,0
1.275,1.025,1.4,1.9,2.375,2.075,1.775,1.0,-0.075,0.95,1.25,-0.5,-0.75,-0.45,-0.85,-0.05,7,5,9,8,15,12,12,5,21,17,18,16,21,18,20,19,56,46,66,87,115,105,95,54,3.0,7.450581e-09,0.6166667,0.229,0.706,0.059,0
1.2,1.975,2.65,1.4,1.625,1.625,0.925,0.95,0.9,5.95,17.025,1.925,0.475,0.275,0.2,0.5,4,7,9,5,7,13,4,5,17,18,14,15,18,20,22,24,50,100,129,59,69,70,52,60,3.0,7.450581e-09,0.6166667,0.221,0.723,0.092,0
2.1,7.925,19.675,3.325,2.1,1.9,1.125,1.45,2.05,7.6,20.375,4.1,1.15,0.45,0.475,0.65,9,19,18,13,9,11,6,8,18,25,23,17,18,20,21,18,103,502,1102,178,105,79,56,74,3.0,7.450581e-09,0.6166667,0.203,0.746,0.146,0
4.15,15.525,40.05,7.425,3.25,2.35,1.6,2.1,1.35,4.05,12.35,1.325,0.075,0.075,0.225,0.225,17,27,22,23,21,19,16,16,25,30,26,25,25,25,24,23,249,1078,2286,443,202,132,93,123,3.0,7.450581e-09,0.6166667,0.174,0.769,0.204,0
5.5,19.575,52.4,8.75,3.325,2.425,1.825,2.325,6.375,16.875,1.25,6.45,1.85,0.95,0.85,1.275,22,24,21,19,21,21,17,20,28,24,24,27,27,28,25,28,354,1213,2978,510,219,148,111,157,3.0,7.450581e-09,0.6166667,0.135,0.785,0.256,0
11.875,36.45,53.65,15.2,5.175,3.375,2.675,3.6,6.525,6.75,3.875,10.675,2.0,0.55,0.475,1.425,24,20,18,15,16,20,19,18,29,23,26,25,25,27,25,29,772,1919,3240,915,301,207,164,238,3.0,7.450581e-09,0.6166667,0.094,0.791,0.298,0
18.4,43.2,57.525,25.875,7.175,3.925,3.15,5.025,-2.325,-1.5,6.9,-3.325,-0.825,-1.025,-0.95,-0.45,24,20,18,22,17,21,21,22,28,26,25,26,21,28,29,30,1170,2372,3234,1574,394,244,203,330,3.0,7.450581e-09,0.6166667,0.071,0.791,0.319,0
16.075,41.7,64.425,22.55,6.35,2.9,2.2,4.575,-2.9,1.4,-1.875,-8.475,-0.7,-0.025,-0.125,-0.375,22,20,19,24,16,14,14,24,24,25,24,27,23,25,29,27,1017,2283,3177,1395,366,173,150,295,3.0,7.450581e-09,0.6166667,0.063,0.792,0.328,0
13.175,43.1,62.55,14.075,5.65,2.875,2.075,4.2,-0.25,-6.175,1.525,-0.85,-0.425,0.325,0.525,0.475,21,19,20,22,19,17,14,19,27,28,25,26,27,26,29,28,805,2436,3400,864,355,181,142,252,3.0,7.450581e-09,0.6166667,0.057,0.791,0.335,0
12.925,36.925,64.075,13.225,5.225,3.2,2.6,4.675,0.05,-2.925,-1.2,0.15,0.975,0.075,0.05,-0.375,16,18,18,20,21,23,21,16,25,29,22,22,24,29,26,27,736,2383,3181,743,333,209,159,295,3.0,7.450581e-09,0.6166667,0.052,0.79,0.342,0
12.975,34.0,62.875,13.375,6.2,3.275,2.65,4.3,0.8,8.025,-3.45,0.15,0.375,0.1,0.0,-0.125,20,23,18,18,21,18,23,17,21,28,25,24,27,27,27,25,748,2127,3127,795,419,198,173,294,3.0,7.450581e-09,0.6166667,0.049,0.789,0.346,0
13.775,42.025,59.425,13.525,6.575,3.375,2.65,4.175,1.325,1.525,-3.725,3.7,-1.225,0.1,-0.075,0.575,25,26,18,19,22,16,17,19,23,27,23,26,24,23,22,23,778,2542,2986,752,425,195,159,249,3.0,7.450581e-09,0.6166667,0.047,0.788,0.347,0
15.1,43.55,55.7,17.225,5.35,3.475,2.575,4.75,-1.425,-0.95,8.9,-0.4,0.725,0.125,0.125,-0.05,27,23,23,20,22,18,16,22,26,27,23,23,21,20,21,25,987,2768,3106,1002,323,204,149,297,3.0,7.450581e-09,0.6166667,0.045,0.787,0.347,0
13.675,42.6,64.6,16.825,6.075,3.6,2.7,4.7,-1.875,2.55,-1.725,-4.2,0.675,-0.3,-0.05,-0.525,23,27,28,25,21,19,20,22,26,30,29,25,25,25,25,24,905,2885,4068,1123,402,230,164,287,3.0,7.450581e-09,0.6166667,0.045,0.788,0.347,0
11.8,45.15,62.875,12.625,6.75,3.3,2.65,4.175,2.075,-4.675,-10.25,-1.1,0.15,0.125,-0.25,-0.225,18,28,23,22,19,21,19,18,22,32,26,24,24,24,21,22,725,2860,3952,715,425,205,151,245,3.0,7.450581e-09,0.6166667,0.045,0.789,0.346,0
13.875,40.475,52.625,11.525,6.9,3.425,2.4,3.95,0.675,-7.725,2.625,-1.35,-0.225,0.125,0.0,-0.225,20,23,20,23,22,21,16,15,23,28,23,26,22,24,18,24,868,2256,3134,666,426,213,147,250,3.0,7.450581e-09,0.6166667,0.046,0.789,0.345,0
14.55,32.75,55.25,10.175,6.675,3.55,2.4,3.725,-2.0,2.25,3.975,0.3,-1.375,-0.6,-0.025,-0.1,21,24,24,22,21,18,14,15,26,26,25,25,26,26,23,27,850,1850,3540,591,416,221,148,224,3.0,7.450581e-09,0.6166667,0.046,0.79,0.346,0
12.55,35.0,59.225,10.475,5.3,2.95,2.375,3.625,-0.625,4.925,-4.5,0.35,-0.6,-0.2,-0.025,0.4,18,18,27,18,18,17,14,17,24,24,26,20,30,28,22,29,686,1658,3748,581,328,179,136,211,3.0,7.450581e-09,0.6166667,0.046,0.79,0.347,0
11.925,39.925,54.725,10.825,4.7,2.75,2.35,4.025,-0.15,-3.575,-4.55,0.225,0.2,0.05,-0.025,0.3,15,18,21,22,17,17,20,17,21,23,27,23,24,25,20,21,679,2143,3028,682,268,162,134,223,3.0,7.450581e-09,0.6166667,0.046,0.79,0.347,0
11.775,36.35,50.175,11.05,4.9,2.8,2.325,4.325,-1.325,-0.525,3.425,0.1,0.425,0.075,-0.225,-0.325,17,21,18,22,17,15,19,20,25,30,26,27,21,21,25,21,741,2472,2690,701,289,164,146,256,3.0,7.450581e-09,0.6166667,0.045,0.789,0.347,0
10.45,35.825,53.6,11.15,5.325,2.875,2.1,4.0,-0.9,-2.825,-2.4,-0.65,-0.275,-0.15,-0.05,-0.925,17,19,20,18,17,14,15,18,26,28,24,27,23,22,26,25,669,2028,2904,627,292,156,131,250,3.0,7.450581e-09,0.6166667,0.045,0.789,0.348,0
9.55,33.0,51.2,10.5,5.05,2.725,2.05,3.075,0.175,0.85,0.625,1.825,0.975,0.025,0.25,-0.125,17,19,25,17,17,11,16,15,26,27,29,24,26,20,23,23,521,1757,2846,496,269,126,119,173,3.0,7.450581e-09,0.6166667,0.046,0.789,0.348,0
9.725,33.85,51.825,12.325,6.025,2.75,2.3,2.95,-1.55,-1.75,-7.425,-0.725,0.025,-0.05,-0.075,-0.1,18,18,25,20,23,17,17,19,23,27,26,23,29,22,23,21,515,1849,3023,710,375,150,139,173,3.0,7.450581e-09,0.6166667,0.046,0.789,0.348,0
8.175,32.1,44.4,11.6,6.05,2.7,2.225,2.85,-1.725,0.75,3.375,-2.1,-0.775,-0.3,-0.125,-0.15,16,20,20,20,21,16,15,14,23,27,24,24,24,23,20,19,422,1939,2501,739,369,150,125,164,3.0,7.450581e-09,0.6166667,0.047,0.789,0.348,0
6.45,32.85,47.775,9.5,5.275,2.4,2.1,2.7,2.725,8.575,8.55,1.85,0.35,0.55,0.4,1.075,13,22,21,24,20,13,14,14,23,24,26,25,24,22,18,22,348,2017,2768,629,346,145,115,156,3.0,7.450581e-09,0.6166667,0.046,0.79,0.348,0
9.175,41.425,56.325,11.35,5.625,2.95,2.5,3.775,1.425,-4.6,-9.975,0.125,-1.325,-0.225,-0.175,-0.225,20,22,23,27,20,21,21,25,25,24,24,25,27,26,23,27,626,2358,3164,785,365,193,153,251,3.0,7.450581e-09,0.6166667,0.046,0.79,0.348,0
10.6,36.825,46.35,11.475,4.3,2.725,2.325,3.55,-2.65,-9.0,3.675,-1.0,-0.725,-0.8,-0.75,-1.0,25,22,22,25,15,18,23,23,27,26,28,27,26,26,23,26,727,2247,2906,782,264,175,146,245,3.0,7.450581e-09,0.6166667,0.046,0.79,0.348,0
7.95,27.825,50.025,10.475,3.575,1.925,1.575,2.55,-0.475,3.275,2.3,4.075,1.2,0.45,0.575,0.55,18,18,25,26,17,12,14,18,24,24,30,29,25,25,19,22,469,1603,3236,724,222,114,89,156,3.0,7.450581e-09,0.6166667,0.045,0.789,0.348,0
7.475,31.1,52.325,14.55,4.775,2.375,2.15,3.1,3.925,4.325,2.925,6.45,1.675,1.175,1.075,1.725,20,21,25,25,21,17,14,22,22,24,28,28,23,22,22,22,434,1825,3173,960,298,136,126,177,3.0,7.450581e-09,0.6166667,0.045,0.789,0.348,0
11.4,35.425,55.25,21.0,6.45,3.55,3.225,4.825,1.7,-2.225,4.425,-4.0,-0.375,0.0,-0.3,0.275,24,21,21,20,22,19,19,22,21,26,26,24,23,20,21,22,717,2184,3433,1336,400,212,193,291,3.0,7.450581e-09,0.6166667,0.044,0.789,0.348,0
13.1,33.2,59.675,17.0,6.075,3.55,2.925,5.1,-1.675,-5.45,-5.625,-5.175,-0.45,-0.65,-0.375,-0.775,20,19,24,18,20,16,16,21,23,26,27,24,24,24,18,22,756,1972,3729,1033,380,216,167,301,3.0,7.450581e-09,0.6166667,0.044,0.788,0.347,0
11.425,27.75,54.05,11.825,5.625,2.9,2.55,4.325,-0.3,7.15,-1.825,1.05,0.7,0.375,0.075,-0.075,21,20,29,18,20,13,17,22,28,27,28,23,28,27,25,25,740,1730,3436,726,369,188,171,285,3.0,7.450581e-09,0.6166667,0.044,0.788,0.347,0
11.125,34.9,52.225,12.875,6.325,3.275,2.625,4.25,-1.7,3.775,0.825,-2.725,-0.6,-0.025,-0.55,-0.85,22,20,26,22,22,15,19,21,29,29,28,26,31,29,27,27,720,2101,3196,763,398,205,174,280,3.0,7.450581e-09,0.6166667,0.044,0.787,0.347,0
9.425,38.675,53.05,10.15,5.725,3.25,2.075,3.4,-0.25,-2.925,4.325,-0.2,-0.05,-0.1,-0.025,0.075,24,20,23,22,20,19,11,16,25,24,23,27,29,28,20,23,568,2270,2755,607,351,206,130,213,3.0,7.450581e-09,0.6166667,0.045,0.787,0.346,0
9.175,35.75,57.375,9.95,5.675,3.15,2.05,3.475,1.625,4.275,-0.9,1.45,0.8,0.475,0.7,1.125,21,22,22,21,21,18,7,14,26,25,21,25,30,22,20,22,550,2154,2795,613,350,184,133,201,3.0,7.450581e-09,0.6166667,0.045,0.786,0.346,0
10.8,40.025,56.475,11.4,6.475,3.625,2.75,4.6,0.15,2.6,-2.8,-0.3,-0.575,-0.6,-0.325,-0.3,18,26,22,21,25,24,16,20,28,27,23,26,30,22,23,24,683,2361,2920,702,434,219,183,276,3.0,7.450581e-09,0.6166667,0.045,0.784,0.345,0
10.95,42.625,53.675,11.1,5.9,3.025,2.425,4.3,-1.225,-6.625,-2.75,1.075,-0.95,-0.65,-0.7,-1.025,21,23,24,21,26,18,13,21,26,27,27,25,28,24,26,28,675,2471,3297,666,410,204,149,272,3.0,7.450581e-09,0.6166667,0.045,0.784,0.344,0
9.725,36.0,50.925,12.175,4.95,2.375,1.725,3.275,-0.45,-4.55,-1.5,1.875,0.4,0.425,0.475,-0.1,22,20,27,25,23,15,11,21,25,24,29,28,23,21,19,27,601,2011,3367,800,290,151,96,208,3.0,7.450581e-09,0.6166667,0.045,0.784,0.344,0
9.275,31.45,49.425,14.05,5.35,2.8,2.2,3.175,-0.25,3.3,2.625,-0.825,0.425,0.1,0.2,0.05,22,22,25,26,20,17,15,19,26,28,26,30,24,25,18,27,573,1778,2887,967,316,175,124,199,3.0,7.450581e-09,0.6166667,0.045,0.785,0.345,0
9.025,34.75,52.05,13.225,5.775,2.9,2.4,3.225,0.325,2.375,-0.1,-0.475,-0.3,-0.075,-0.2,0.45,21,23,25,25,24,17,17,18,23,29,26,30,29,26,22,26,598,2021,3066,899,395,192,146,212,3.0,7.450581e-09,0.6166667,0.045,0.786,0.346,0
9.35,37.125,51.95,12.75,5.475,2.825,2.2,3.675,0.925,1.75,-3.675,1.125,0.05,0.15,0.1,0.65,16,25,25,25,20,15,16,17,20,28,25,29,25,23,20,20,560,2334,3260,823,328,165,120,213,3.0,7.450581e-09,0.6166667,0.045,0.788,0.347,0
10.275,38.875,48.275,13.875,5.525,2.975,2.3,4.325,-1.35,-0.65,5.325,0.15,-0.325,-0.35,-0.275,-0.875,21,23,19,24,18,13,16,18,22,32,24,27,24,25,19,20,573,2348,2790,851,317,167,118,221,3.0,7.450581e-09,0.6166667,0.045,0.789,0.348,0
8.925,38.225,53.6,14.025,5.2,2.625,2.025,3.45,-1.175,-1.025,5.425,-1.7,-0.575,-0.425,0.075,-0.9,26,23,18,25,21,14,14,15,26,34,26,28,24,27,22,23,557,2314,3022,944,334,159,119,200,3.0,7.450581e-09,0.6166667,0.045,0.791,0.349,0
7.75,37.2,59.025,12.325,4.625,2.2,2.1,2.55,1.225,-4.025,-9.825,-1.975,0.625,0.1,0.45,0.575,26,21,24,23,22,19,14,16,29,30,27,25,30,24,20,27,501,2070,3521,790,306,133,135,183,3.0,7.450581e-09,0.6166667,0.044,0.791,0.349,0
8.975,33.175,49.2,10.35,5.25,2.3,2.55,3.125,1.325,-4.125,-6.075,1.05,0.675,0.2,-0.325,-0.1,21,19,22,26,23,19,17,19,26,26,23,29,30,20,17,25,551,1911,2898,684,342,138,159,205,3.0,7.450581e-09,0.6166667,0.044,0.79,0.348,0
10.3,29.05,43.125,11.4,5.925,2.5,2.225,3.025,-0.375,-1.475,1.075,0.8,-1.125,-0.1,-0.25,-0.05,22,21,19,25,22,20,17,17,25,26,25,28,26,23,19,19,635,1785,2375,724,388,151,135,179,3.0,7.450581e-09,0.6166667,0.044,0.79,0.348,0
9.925,27.575,44.2,12.2,4.8,2.4,1.975,2.975,1.0,6.7,-2.475,0.425,0.075,0.075,0.075,0.475,26,20,21,21,17,21,18,21,25,23,27,23,26,25,22,23,658,1618,2569,716,305,151,128,194,3.0,7.450581e-09,0.6166667,0.044,0.79,0.348,0
1.075,1.65,1.3,1.2,0.9,0.875,1.1,0.9,-0.05,0.125,0.05,0.05,-0.1,0.1,-0.175,-0.075,4,11,12,9,1,2,4,2,17,20,25,19,16,10,13,15,47,87,66,62,36,34,42,47,4.0,7.450581e-09,1.0,0.222,0.685,0.041,0
1.025,1.775,1.35,1.25,0.8,0.975,0.925,0.825,-0.15,-0.525,-0.125,0.125,0.225,0.175,0.025,0.1,3,10,9,9,3,1,4,0,18,20,24,17,11,11,11,11,53,91,72,51,36,29,35,31,4.0,7.450581e-09,1.0,0.222,0.685,0.041,0
0.875,1.25,1.225,1.375,1.025,1.15,0.95,0.925,0.075,0.025,0.125,1.775,1.4,0.875,0.475,0.175,3,6,8,11,6,3,4,2,12,19,18,14,16,18,12,15,37,56,61,53,47,44,37,32,4.0,7.450581e-09,1.0,0.222,0.686,0.041,0
0.95,1.275,1.35,3.15,2.425,2.025,1.425,1.1,0.175,0.05,-0.175,0.225,1.35,0.475,0.475,0.025,6,5,9,16,13,7,11,7,14,16,12,18,19,16,22,15,38,46,56,135,117,117,70,43,4.0,7.450581e-09,1.0,0.222,0.688,0.041,0
1.125,1.325,1.175,3.375,3.775,2.5,1.9,1.125,0.125,-0.225,0.125,-1.3,-0.775,-0.55,-0.175,-0.175,6,6,9,21,15,13,17,7,16,9,17,25,22,23,24,20,48,44,62,177,185,155,105,53,4.0,7.450581e-09,1.0,0.225,0.699,0.046,0
1.25,1.1,1.3,2.075,3.0,1.95,1.725,0.95,-0.275,0.5,2.525,0.275,-1.425,-0.625,-0.45,0.025,6,4,11,18,10,13,15,3,20,11,24,25,20,27,18,19,58,41,86,135,142,118,89,47,4.0,7.450581e-09,1.0,0.229,0.725,0.056,0
0.975,1.6,3.825,2.35,1.575,1.325,1.275,0.975,0.1,0.85,4.275,-0.05,-0.35,-0.15,-0.125,-0.075,4,10,17,13,9,8,13,3,21,19,25,21,17,19,15,13,50,88,269,119,76,67,57,38,4.0,7.450581e-09,1.0,0.232,0.764,0.075,0
1.075,2.45,8.1,2.3,1.225,1.175,1.15,0.9,0.65,2.425,5.75,-0.25,0.25,0.25,-0.1,0.125,7,15,24,14,7,8,7,2,16,26,27,21,18,18,13,8,60,146,565,119,71,58,48,28,4.0,7.450581e-09,1.0,0.229,0.817,0.107,0
1.725,4.875,13.85,2.05,1.475,1.425,1.05,1.025,1.925,8.15,15.1,2.95,1.05,0.575,0.575,1.275,9,18,27,12,8,8,5,2,22,25,29,22,18,18,17,15,99,309,834,109,77,71,52,46,4.0,7.450581e-09,1.0,0.214,0.881,0.155,0
3.65,13.025,28.95,5.0,2.525,2.0,1.625,2.3,4.025,15.775,20.6,5.45,1.5,0.7,0.575,1.05,10,20,23,12,10,7,5,11,23,23,27,18,12,11,23,28,193,803,2021,237,104,81,83,131,4.0,7.450581e-09,1.0,0.191,0.935,0.198,0
7.675,28.8,49.55,10.45,4.025,2.7,2.2,3.35,2.15,7.475,7.975,7.075,2.075,0.725,0.375,0.425,20,25,25,19,14,14,17,17,24,27,29,25,20,18,27,27,478,1943,3239,627,224,143,135,208,4.0,7.450581e-09,1.0,0.166,0.968,0.226,0
9.825,36.275,57.525,17.525,6.1,3.425,2.575,3.775,0.55,-0.9,8.775,8.775,1.775,0.625,0.425,0.35,26,26,23,24,24,22,25,17,29,27,26,31,31,28,30,25,683,2523,3480,1270,432,242,186,260,4.0,7.450581e-09,1.0,0.135,0.989,0.25,0
10.375,35.375,66.3,26.3,7.875,4.05,3.0,4.125,13.0,7.25,5.125,0.7,-0.125,-0.225,0.3,1.775,21,20,19,21,24,19,19,18,24,23,20,27,28,27,26,24,654,2142,3734,1776,523,263,183,257,4.0,7.450581e-09,1.0,0.108,1.0,0.269,0
23.375,42.625,71.425,27.0,7.75,3.825,3.3,5.9,3.5,10.825,-6.55,-6.475,-0.375,-0.125,0.2,0.725,22,18,23,20,20,16,15,19,22,22,27,25,23,22,22,22,1541,2266,4158,1652,490,244,200,372,4.0,7.450581e-09,1.0,0.093,1.005,0.279,0
26.875,53.45,64.875,20.525,7.375,3.7,3.5,6.625,-10.925,-4.575,-3.35,-5.075,-0.125,0.25,-0.2,-1.725,23,21,23,17,18,20,16,17,25,24,29,23,21,27,25,25,1769,3400,3877,1044,414,241,223,412,4.0,7.450581e-09,1.0,0.087,1.008,0.282,0
15.95,48.875,61.525,15.45,7.25,3.95,3.3,4.9,-1.25,-5.5,-7.625,-1.2,0.1,0.4,0.25,0.325,22,25,21,16,14,17,17,13,26,28,24,23,21,24,28,23,951,3324,3672,693,368,213,185,276,4.0,7.450581e-09,1.0,0.084,1.01,0.283,0
14.7,43.375,53.9,14.25,7.35,4.35,3.55,5.225,0.85,-5.675,7.825,-0.175,0.275,-0.1,-0.125,-0.175,18,25,20,21,21,21,22,17,27,26,24,28,26,24,29,28,780,2767,3025,879,453,258,222,328,4.0,7.450581e-09,1.0,0.082,1.013,0.286,0
15.55,37.7,61.725,14.075,7.625,4.25,3.425,5.05,-1.65,-1.85,7.85,-0.925,-0.4,-0.5,-0.425,-0.775,19,23,21,21,26,24,24,23,27,26,26,28,29,25,30,29,858,2422,3416,890,516,282,226,319,4.0,7.450581e-09,1.0,0.08,1.016,0.288,0
13.9,35.85,69.575,13.15,7.225,3.75,3.0,4.275,2.8,8.975,-12.15,1.45,-1.25,-0.325,0.275,1.0,22,20,23,21,23,18,20,26,24,25,24,29,26,21,24,25,823,1986,3814,814,485,247,188,260,4.0,7.450581e-09,1.0,0.079,1.016,0.291,0
16.7,44.825,57.425,14.6,5.975,3.425,3.275,5.275,1.825,0.9,-1.0,1.55,-0.625,-0.425,-0.3,-0.175,21,21,24,20,20,16,19,24,26,26,27,25,21,24,26,26,1043,2694,3555,892,370,214,196,317,4.0,7.450581e-09,1.0,0.079,1.016,0.292,0
18.525,45.725,56.425,16.15,5.35,3.0,2.975,5.1,-5.075,-0.175,7.4,1.35,0.775,0.075,-0.575,-1.2,20,25,21,24,17,17,21,22,29,25,27,26,18,23,27,28,1164,2781,3435,1009,308,179,185,302,4.0,7.450581e-09,1.0,0.079,1.015,0.292,0
13.45,45.55,63.825,17.5,6.125,3.075,2.4,3.9,1.825,6.075,-0.025,1.05,1.15,0.65,0.375,0.725,16,21,17,26,21,21,22,22,25,26,22,25,22,22,22,26,851,2702,3166,1126,396,198,158,264,4.0,7.450581e-09,1.0,0.079,1.014,0.293,0
15.275,51.625,63.8,18.55,7.275,3.725,2.775,4.625,1.8,1.125,-8.85,2.9,0.85,0.425,0.5,0.95,18,19,20,23,27,23,19,21,22,27,23,23,25,23,26,24,1006,3138,3220,1115,469,242,186,310,4.0,7.450581e-09,1.0,0.079,1.013,0.293,0
17.075,52.75,54.95,21.45,8.125,4.15,3.275,5.575,-4.775,-9.95,-6.775,-1.65,-1.05,-0.525,-0.4,-1.3,17,21,23,23,26,23,15,19,28,22,25,26,26,26,24,24,1084,3004,3379,1337,496,257,196,320,4.0,7.450581e-09,1.0,0.079,1.012,0.293,0
12.3,42.8,48.175,19.8,7.075,3.625,2.875,4.275,-1.125,-1.35,-1.95,-2.65,-0.875,-0.275,-0.325,-0.275,18,24,22,20,20,20,14,15,31,24,25,25,23,24,21,21,758,2469,2974,1178,405,215,171,249,4.0,7.450581e-09,1.0,0.08,1.011,0.294,0
11.175,41.45,46.225,17.15,6.2,3.35,2.55,4.0,3.925,8.425,5.75,3.75,0.575,0.525,0.625,1.35,21,21,21,21,21,18,16,14,26,24,25,23,23,23,21,18,667,2266,2756,990,346,180,140,226,4.0,7.450581e-09,1.0,0.081,1.01,0.294,0
15.1,49.875,51.975,20.9,6.775,3.875,3.175,5.35,3.9,1.15,9.475,2.225,0.275,0.35,0.55,0.675,21,19,20,22,21,18,21,19,28,28,27,24,26,26,25,24,983,3143,3112,1281,436,252,206,340,4.0,7.450581e-09,1.0,0.082,1.01,0.294,0
19.0,51.025,61.45,23.125,7.05,4.225,3.725,6.025,-0.775,0.05,2.825,-1.225,1.3,0.425,0.375,0.2,19,22,24,24,21,17,18,16,28,31,31,27,26,23,22,25,1182,3372,3776,1408,445,278,251,388,4.0,7.450581e-09,1.0,0.083,1.011,0.294,0
18.225,51.075,64.275,21.9,8.35,4.65,4.1,6.225,-0.5,-1.6,-1.275,-2.225,0.6,0.25,-0.05,0.075,22,23,27,24,23,20,20,16,26,28,30,28,28,23,22,25,1169,3140,4121,1315,573,315,279,407,4.0,7.450581e-09,1.0,0.083,1.011,0.293,0
17.725,49.475,63.0,19.675,8.95,4.9,4.05,6.3,1.625,-6.375,-2.975,1.975,-1.0,-0.5,-0.35,0.0,25,24,28,21,20,21,21,20,29,29,31,28,26,24,24,24,1221,3183,4422,1304,610,331,264,411,4.0,7.450581e-09,1.0,0.084,1.012,0.293,0
19.35,43.1,60.025,21.65,7.95,4.4,3.7,6.3,-2.2,-1.45,1.7,-2.775,-0.325,-0.5,-0.25,-0.85,25,21,26,23,18,22,17,22,29,28,29,25,24,23,23,24,1375,2721,4127,1496,492,274,234,399,4.0,7.450581e-09,1.0,0.083,1.012,0.293,0
17.15,41.65,61.725,18.875,7.625,3.9,3.45,5.45,-2.15,3.95,-2.425,-2.525,-0.325,-0.575,-0.75,-1.275,25,15,22,26,19,18,19,21,27,25,24,27,23,24,25,25,1138,2269,3357,1171,462,235,204,339,4.0,7.450581e-09,1.0,0.083,1.011,0.294,0
15.0,45.6,59.3,16.35,7.3,3.325,2.7,4.175,0.55,1.275,-10.425,1.175,-0.3,0.025,0.025,0.4,24,17,15,26,25,19,19,24,23,27,24,28,26,28,26,24,904,2590,2453,1031,502,226,170,275,4.0,7.450581e-09,1.0,0.082,1.011,0.294,0
15.55,46.875,48.875,17.525,7.0,3.35,2.725,4.575,-1.05,2.875,-0.975,-2.475,-0.625,-0.225,-0.225,-0.3,24,18,12,24,30,27,24,25,27,27,25,26,29,29,27,28,984,2571,2108,1124,481,230,185,315,4.0,7.450581e-09,1.0,0.082,1.012,0.294,0
14.5,49.75,47.9,15.05,6.375,3.125,2.5,4.275,-0.6,1.325,3.7,1.4,-0.325,-0.125,-0.25,-0.25,21,22,17,28,28,24,22,18,35,27,24,26,27,29,28,31,846,2932,2729,1002,410,208,172,307,4.0,7.450581e-09,1.0,0.081,1.012,0.295,0
13.9,51.075,51.6,16.45,6.05,3.0,2.25,4.025,-1.175,-13.825,0.6,2.775,-0.35,0.375,0.425,0.65,19,24,21,26,22,15,11,15,31,29,25,26,24,21,23,26,758,3081,3115,1059,370,169,139,250,4.0,7.450581e-09,1.0,0.08,1.013,0.295,0
12.725,37.25,52.2,19.225,5.7,3.375,2.675,4.675,-3.125,3.225,-4.5,-2.65,0.45,-0.4,-0.375,-0.8,21,19,24,22,16,14,11,18,24,28,25,23,20,17,19,21,752,2240,3051,1090,341,192,161,275,4.0,7.450581e-09,1.0,0.08,1.013,0.296,0
9.6,40.475,47.7,16.575,6.15,2.975,2.3,3.875,-0.2,4.1,-3.8,-3.3,-0.625,-0.625,-0.825,-1.0,17,22,22,22,16,14,12,18,20,27,26,25,21,20,16,19,500,2382,2819,999,359,175,129,216,4.0,7.450581e-09,1.0,0.079,1.013,0.297,0
9.4,44.575,43.9,13.275,5.525,2.35,1.475,2.875,0.225,-10.85,10.4,3.475,-0.4,0.125,0.35,0.225,16,25,22,23,17,14,12,15,26,26,29,29,24,25,17,21,553,2659,2622,885,334,141,88,170,4.0,7.450581e-09,1.0,0.078,1.013,0.297,0
9.625,33.725,54.3,16.75,5.125,2.475,1.825,3.1,-0.25,0.975,2.25,-1.9,1.25,0.425,0.625,0.775,22,22,23,25,23,15,11,15,29,27,29,28,27,25,19,23,582,1877,3332,1058,315,129,89,170,4.0,7.450581e-09,1.0,0.077,1.014,0.298,0
9.375,34.7,56.55,14.85,6.375,2.9,2.45,3.875,-1.15,8.3,-4.75,-3.575,-1.3,-0.55,-0.475,-0.525,19,18,21,25,27,21,12,14,26,29,24,29,28,24,21,23,512,1923,3323,931,417,165,120,190,4.0,7.450581e-09,1.0,0.077,1.014,0.298,0
8.225,43.0,51.8,11.275,5.075,2.35,1.975,3.35,-1.85,0.7,8.2,1.775,-1.2,-0.175,-0.25,-0.6,18,17,24,22,16,22,8,19,28,30,26,26,24,23,20,24,468,2513,3421,661,337,137,102,184,4.0,7.450581e-09,1.0,0.077,1.014,0.298,0
6.375,43.7,60.0,13.05,3.875,2.175,1.725,2.75,3.5,-5.175,-1.675,1.675,1.35,0.7,0.475,0.7,24,17,25,23,14,18,14,26,28,26,27,27,24,21,22,30,420,2429,4046,855,244,121,107,192,4.0,7.450581e-09,1.0,0.078,1.013,0.298,0
9.875,38.525,58.325,14.725,5.225,2.875,2.2,3.45,1.575,-1.15,-3.725,1.1,0.85,0.35,0.35,0.35,24,19,26,23,22,17,19,21,25,26,29,25,23,20,20,26,597,2161,3687,913,314,164,132,221,4.0,7.450581e-09,1.0,0.079,1.012,0.298,0
11.45,37.375,54.6,15.825,6.075,3.225,2.55,3.8,-2.525,2.725,2.55,-0.525,-0.775,-0.125,-0.4,-0.625,23,20,24,26,19,17,17,17,23,25,25,24,24,20,16,24,668,1960,3097,996,357,185,135,226,4.0,7.450581e-09,1.0,0.079,1.012,0.298,0
8.925,40.1,57.15,15.3,5.3,3.1,2.15,3.175,1.4,3.025,-5.4,-2.275,0.225,0.225,0.05,0.475,21,23,26,26,20,15,14,14,22,24,25,31,30,22,20,26,502,2225,3525,1049,348,184,114,186,4.0,7.450581e-09,1.0,0.079,1.01,0.299,0
10.325,43.125,51.75,13.025,5.525,3.325,2.2,3.65,1.175,-1.025,2.15,-0.35,0.8,-0.15,0.275,0.225,24,24,24,18,24,23,16,20,25,25,28,26,31,27,30,27,688,2599,3350,805,371,208,144,236,4.0,7.450581e-09,1.0,0.079,1.009,0.299,0
11.5,42.1,53.9,12.675,6.325,3.175,2.475,3.875,-2.425,1.625,-0.475,0.25,-0.45,-0.3,-0.05,-0.425,23,21,21,23,18,22,16,22,27,28,26,25,32,29,28,25,744,2371,3239,860,398,211,154,250,4.0,7.450581e-09,1.0,0.079,1.009,0.299,0
9.075,43.725,53.425,12.925,5.875,2.875,2.425,3.45,0.25,-2.8,-5.425,0.0,-1.175,-0.425,-0.025,0.5,19,21,22,23,18,19,14,15,23,27,23,25,29,24,23,22,515,2389,3288,881,343,164,126,196,4.0,7.450581e-09,1.0,0.079,1.009,0.3,0
9.325,40.925,48.0,12.925,4.7,2.45,2.4,3.95,0.95,-6.775,-0.05,4.925,0.25,0.125,-0.025,0.025,23,16,20,20,23,19,19,19,26,25,23,27,26,21,24,23,597,1937,2704,833,284,136,135,237,4.0,7.450581e-09,1.0,0.079,1.009,0.299,0
10.275,34.15,47.95,17.85,4.95,2.575,2.375,3.975,0.275,-0.1,-6.675,0.3,0.5,0.65,0.2,-0.075,24,14,21,23,22,15,20,24,28,25,23,30,28,24,23,21,687,1725,2758,1281,332,171,153,259,4.0,7.450581e-09,1.0,0.079,1.009,0.299,0
10.55,34.05,41.275,18.15,5.45,3.225,2.575,3.9,-2.575,-4.8,-8.55,-5.975,-1.25,-0.7,-0.425,-1.05,23,18,22,22,20,16,19,23,25,26,23,30,23,23,24,21,634,1829,2589,1273,345,199,164,239,4.0,7.450581e-09,1.0,0.079,1.008,0.299,0
7.975,29.25,32.725,12.175,4.2,2.525,2.15,2.85,-5.4,-16.65,-16.625,-7.075,-2.15,-1.1,-0.85,-1.65,22,24,22,19,19,15,14,15,26,28,26,30,24,21,24,18,483,1750,2138,805,293,148,123,166,4.0,7.450581e-09,1.0,0.108,0.945,0.25,0
2.575,12.6,16.1,5.1,2.05,1.425,1.3,1.2,-1.625,-10.9,-14.65,-3.875,-1.05,-0.375,-0.45,-0.325,9,17,16,10,7,7,2,4,23,21,27,23,19,19,18,12,147,752,1101,311,127,65,56,53,4.0,7.450581e-09,1.0,0.182,0.787,0.128,0
0.95,1.7,1.45,1.225,1.0,1.05,0.85,0.875,-0.075,-0.275,-0.2,-0.175,-0.15,-0.05,-0.025,0.025,4,10,9,9,2,3,1,3,17,18,22,17,10,17,13,16,52,87,88,62,42,39,37,46,4.0,7.450581e-09,1.0,0.226,0.692,0.054,0
0.875,1.425,1.25,1.05,0.85,1.0,0.825,0.9,0.025,-0.225,0.05,0.05,0.35,0.075,0.3,0.075,6,12,6,5,6,6,4,4,15,16,20,15,16,20,14,15,40,73,68,48,48,47,42,51,4.0,7.450581e-09,1.0,0.226,0.691,0.054,0
0.9,1.2,1.3,1.1,1.2,1.075,1.125,0.975,0.2,0.0,0.025,1.225,1.875,1.15,0.5,0.1,5,10,9,2,10,8,12,6,17,16,26,14,19,20,21,15,39,60,65,42,60,54,62,46,4.0,7.450581e-09,1.0,0.226,0.691,0.054,0
1.1,1.2,1.325,2.325,3.075,2.225,1.625,1.075,0.1,0.3,0.875,0.275,0.325,0.175,0.0,-0.025,6,9,10,6,12,6,17,6,15,16,25,15,17,14,22,18,49,51,76,108,135,95,94,46,4.0,7.450581e-09,1.0,0.225,0.694,0.056,0
1.2,1.5,2.2,2.6,3.4,2.4,1.625,1.05,0.05,1.325,5.9,-0.825,-1.575,-1.15,-0.45,-0.1,5,10,11,10,12,9,10,6,13,16,21,17,19,15,20,17,48,69,125,126,151,110,85,46,4.0,7.450581e-09,1.0,0.224,0.706,0.067,0
1.25,2.825,8.1,1.775,1.825,1.25,1.175,0.95,0.125,2.55,7.625,0.175,-0.25,0.275,0.125,0.175,7,11,17,11,12,8,4,3,15,22,23,18,21,14,24,17,53,165,524,85,88,72,53,38,4.0,7.450581e-09,1.0,0.223,0.734,0.095,0
1.375,5.375,15.725,1.95,1.575,1.525,1.3,1.125,0.95,4.5,11.375,1.175,0.525,0.225,-0.075,0.175,8,15,19,10,12,9,6,1,22,22,23,15,20,18,22,16,76,284,923,97,77,82,58,45,4.0,7.450581e-09,1.0,0.214,0.782,0.143,0
2.325,9.875,27.1,3.125,2.1,1.75,1.225,1.3,4.875,14.875,17.675,6.85,1.2,0.325,0.45,1.35,13,19,25,14,13,10,7,6,24,23,28,14,21,25,15,13,152,582,1816,174,97,97,61,69,4.0,7.450581e-09,1.0,0.195,0.841,0.196,0
7.2,24.75,44.775,9.975,3.3,2.075,1.675,2.65,3.9,9.925,17.475,9.95,2.85,1.25,0.5,1.05,19,19,27,18,16,10,7,12,22,22,29,17,19,25,18,18,426,1460,2974,531,157,123,93,150,4.0,7.450581e-09,1.0,0.167,0.897,0.238,0
11.1,34.675,62.25,19.925,6.15,3.325,2.175,3.7,1.7,2.625,2.075,1.1,0.875,0.375,0.05,-0.225,26,17,23,25,20,19,12,17,28,25,27,24,23,27,24,24,773,2070,3874,1327,383,213,132,229,4.0,7.450581e-09,1.0,0.13,0.94,0.266,0
12.8,37.3,64.325,21.025,7.025,3.7,2.225,3.475,0.35,7.4,-8.3,-3.825,-0.8,-0.075,0.2,0.3,26,16,19,24,24,20,13,18,27,27,22,25,30,29,26,23,891,2076,3608,1226,472,246,135,214,4.0,7.450581e-09,1.0,0.094,0.967,0.284,0
13.15,44.7,56.025,17.2,6.225,3.625,2.425,3.775,-1.425,-4.225,3.675,-2.825,-0.55,-0.35,-0.2,0.0,20,19,21,21,24,20,15,17,24,27,23,24,31,29,29,23,801,2646,3033,876,421,240,159,229,4.0,7.450581e-09,1.0,0.07,0.984,0.292,0
11.725,40.475,59.7,14.375,5.675,3.275,2.225,3.775,-0.875,-4.225,-6.6,-1.35,-0.275,-0.45,0.15,-0.05,19,20,23,22,23,24,14,18,28,26,26,25,25,24,22,25,652,2398,3170,901,351,192,129,206,4.0,7.450581e-09,1.0,0.06,0.991,0.296,0
10.85,36.25,53.1,13.025,5.4,2.825,2.375,3.725,-0.275,2.5,-8.65,0.825,-0.375,0.325,0.35,0.325,19,17,19,24,23,20,13,18,32,22,22,27,24,22,22,27,685,1881,2817,867,346,175,131,229,4.0,7.450581e-09,1.0,0.057,0.994,0.298,0
10.575,38.75,44.45,13.85,5.025,3.15,2.725,4.05,0.55,-0.7,4.8,0.9,-0.725,0.0,-0.1,-0.15,19,19,20,22,20,17,17,17,26,25,20,23,23,22,22,23,677,2196,2681,820,306,196,150,249,4.0,7.450581e-09,1.0,0.056,0.996,0.3,0
11.125,38.05,49.25,14.75,4.3,3.15,2.625,3.9,-0.775,-0.925,7.225,0.675,-0.5,-0.875,-0.7,-0.475,22,27,23,16,21,18,19,19,24,29,24,21,23,25,21,21,707,2555,2921,839,265,195,156,235,4.0,7.450581e-09,1.0,0.056,0.998,0.301,0
10.35,37.125,56.475,15.425,3.8,2.275,1.925,3.425,0.525,6.725,4.925,0.775,0.8,0.575,-0.2,-0.025,17,27,19,21,23,18,16,20,24,29,23,28,27,21,19,21,574,2430,2826,964,243,138,119,199,4.0,7.450581e-09,1.0,0.056,0.999,0.303,0
10.875,43.85,61.4,16.2,4.6,2.85,1.725,3.4,-1.45,-5.125,-6.35,-2.175,0.75,0.1,0.225,-0.3,13,24,18,25,24,20,15,21,22,29,19,32,29,23,21,21,587,2624,2998,1021,330,192,99,214,4.0,7.450581e-09,1.0,0.055,0.999,0.304,0
9.425,38.725,55.05,14.025,5.35,2.95,1.95,3.1,-2.525,-8.825,-3.775,-2.825,-1.75,-1.0,-0.425,-0.8,19,25,19,23,19,17,18,21,27,27,26,28,23,22,26,25,628,2333,3125,835,329,189,120,228,4.0,7.450581e-09,1.0,0.055,0.999,0.304,0
6.9,29.9,51.275,11.2,3.6,1.95,1.525,2.3,0.05,-0.15,-7.625,-0.575,-0.575,0.725,-0.2,-0.15,16,23,21,19,17,12,16,10,21,24,30,20,19,15,20,24,381,1701,3156,634,173,107,92,151,4.0,7.450581e-09,1.0,0.054,0.999,0.305,0
6.95,29.75,43.65,10.625,3.025,2.675,1.325,2.15,0.275,-1.375,-6.625,-0.475,0.55,0.225,0.35,0.375,15,23,18,16,18,17,11,11,20,25,25,20,20,18,17,25,376,1804,2412,606,158,150,73,135,4.0,7.450581e-09,1.0,0.053,1.0,0.306,0
7.225,28.375,37.025,10.15,3.575,2.9,1.675,2.525,-0.35,4.45,14.175,0.3,1.55,0.15,0.3,0.175,18,23,15,20,17,21,15,15,24,25,23,27,25,25,23,23,432,1808,1876,627,231,185,105,164,4.0,7.450581e-09,1.0,0.054,0.999,0.305,0
6.875,32.825,51.2,10.45,5.125,3.05,1.975,2.7,-0.7,1.25,5.775,-1.225,-0.075,-0.075,0.125,0.0,19,17,17,29,22,22,15,15,25,26,29,30,24,29,23,20,422,1847,3194,744,342,200,120,168,4.0,7.450581e-09,1.0,0.055,0.999,0.304,0
6.175,34.075,56.975,9.225,5.05,2.975,2.1,2.7,0.925,-1.65,-2.15,-0.725,-1.35,-0.875,-0.3,-0.05,15,16,17,28,26,22,15,13,25,26,28,27,26,26,22,17,347,1890,3594,608,327,178,120,147,4.0,7.450581e-09,1.0,0.056,0.998,0.303,0
7.1,32.425,54.825,8.5,3.7,2.1,1.8,2.65,0.05,-2.625,-3.925,0.425,0.15,-0.15,-0.25,-0.275,18,18,19,23,24,17,18,14,30,28,26,22,27,24,24,18,401,1925,3196,515,248,135,109,158,4.0,7.450581e-09,1.0,0.057,0.998,0.302,0
7.15,29.8,50.9,8.925,3.85,1.95,1.55,2.375,-0.5,0.15,-3.85,1.2,0.35,0.125,0.175,0.05,16,17,24,28,25,13,15,15,25,27,27,25,28,22,22,24,409,1686,3256,599,272,125,95,157,4.0,7.450581e-09,1.0,0.057,1.0,0.302,0
6.65,29.95,47.05,10.125,4.2,2.075,1.725,2.425,1.05,3.425,-0.825,-0.15,0.325,0.025,0.1,0.15,13,19,20,22,19,9,16,14,27,25,26,24,24,18,20,22,390,1765,2882,603,265,106,101,151,4.0,7.450581e-09,1.0,0.056,1.002,0.302,0
7.7,33.375,46.225,9.975,4.525,2.1,1.825,2.575,1.725,4.675,0.6,1.125,0.525,0.475,0.475,0.6,19,17,21,20,19,14,17,17,29,22,30,23,24,20,22,25,498,1845,2758,595,281,123,120,173,4.0,7.450581e-09,1.0,0.055,1.003,0.303,0
9.425,38.05,46.825,11.1,5.05,2.575,2.3,3.175,3.1,0.575,6.575,1.7,1.075,0.475,0.275,0.425,20,19,24,25,20,16,16,16,25,24,29,27,24,22,22,27,574,2236,3041,733,327,163,147,223,4.0,7.450581e-09,1.0,0.054,1.004,0.305,0
12.525,38.625,53.4,12.8,6.125,3.05,2.575,3.6,-0.875,-3.5,1.15,-0.125,-0.3,-0.45,-0.375,-0.225,17,21,25,23,17,13,15,15,27,26,28,28,23,23,20,23,782,2315,3500,823,380,178,144,245,4.0,7.450581e-09,1.0,0.053,1.005,0.305,0
11.65,35.125,54.55,12.675,5.825,2.6,2.2,3.375,-2.475,-1.075,-6.075,0.0,-0.725,-0.375,-0.3,-0.275,22,24,24,23,18,14,15,23,27,32,27,23,25,22,21,24,761,2317,3545,752,364,151,117,225,4.0,7.450581e-09,1.0,0.053,1.006,0.306,0
9.175,34.05,48.475,12.675,5.1,2.225,1.9,3.1,0.8,1.625,0.55,-1.25,-0.025,0.025,0.05,-0.075,20,23,20,24,24,14,14,19,21,30,23,23,29,23,18,22,538,2157,2830,774,350,153,110,194,4.0,7.450581e-09,1.0,0.053,1.007,0.306,0
9.975,35.675,49.025,11.425,5.075,2.25,1.95,3.025,0.9,0.675,8.125,1.05,1.05,0.65,0.35,0.575,19,22,24,27,23,18,14,14,24,27,25,27,26,24,17,22,594,2107,2942,748,326,139,108,188,4.0,7.450581e-09,1.0,0.054,1.007,0.306,0
10.875,36.35,57.15,12.475,6.125,2.9,2.3,3.6,-1.35,-2.725,-3.1,2.125,-0.575,-0.325,-0.225,-0.275,22,23,29,26,22,22,16,20,25,29,27,26,22,23,20,25,680,2401,3757,895,389,177,144,247,4.0,7.450581e-09,1.0,0.054,1.007,0.307,0
9.525,33.625,54.05,14.6,5.55,2.575,2.075,3.325,-1.4,-2.6,-8.425,-0.525,-2.05,-1.0,-0.425,-0.475,21,21,21,19,14,14,11,17,22,28,26,23,21,19,17,21,579,1998,3275,940,299,143,115,206,4.0,7.450581e-09,1.0,0.054,1.007,0.307,0
8.125,31.025,45.625,14.075,3.5,1.575,1.65,2.85,-0.225,0.775,1.825,-1.925,-0.05,-0.025,0.075,-0.3,22,22,19,23,10,11,10,18,22,29,26,26,24,24,18,25,552,1604,2492,909,187,94,77,175,4.0,7.450581e-09,1.0,0.053,1.008,0.307,0
7.9,31.8,47.45,12.15,3.45,1.55,1.725,2.55,-0.3,1.1,3.075,-1.425,0.5,0.275,0.0,-0.075,19,21,22,25,15,13,14,19,27,28,25,29,27,24,19,28,524,1642,2446,854,216,96,79,156,4.0,7.450581e-09,1.0,0.053,1.008,0.307,0
7.6,32.9,50.525,10.725,3.95,1.825,1.725,2.475,1.575,-1.625,-3.075,-0.275,0.25,0.3,0.125,0.4,17,19,20,24,19,14,13,18,31,25,23,25,26,24,19,29,500,1932,2493,680,263,113,83,164,4.0,7.450581e-09,1.0,0.053,1.009,0.307,0
9.175,31.275,47.45,10.45,4.2,2.125,1.85,2.875,-0.075,3.15,-0.4,-0.7,0.175,-0.025,-0.05,-0.2,23,18,21,21,20,14,14,14,29,21,22,22,28,24,23,27,598,1654,2551,639,286,127,100,181,4.0,7.450581e-09,1.0,0.052,1.009,0.307,0
9.1,34.425,47.05,9.75,4.375,2.1,1.8,2.675,-1.2,3.225,0.15,-0.6,-0.25,0.0,-0.025,0.175,22,21,26,19,24,16,19,14,28,26,27,26,28,23,22,26,579,1857,2717,639,274,121,98,160,4.0,7.450581e-09,1.0,0.051,1.009,0.307,0
7.9,37.65,47.2,9.15,4.125,2.1,1.775,2.85,-0.925,-2.75,-1.05,1.225,-0.075,-0.075,0.125,-0.05,16,22,24,20,25,15,20,20,23,33,26,26,27,22,20,28,439,2343,2836,591,255,112,106,181,4.0,7.450581e-09,1.0,0.05,1.009,0.308,0
6.975,34.9,46.15,10.375,4.05,2.025,1.9,2.8,3.25,-3.85,-3.45,1.175,1.175,0.4,-0.1,0.075,17,19,17,21,23,14,21,20,18,27,24,22,28,20,24,22,374,2050,2507,636,253,115,117,171,4.0,7.450581e-09,1.0,0.05,1.009,0.308,0
10.225,31.05,42.7,11.55,5.225,2.425,1.8,2.875,1.575,1.25,0.125,-1.15,0.125,-0.1,-0.225,0.075,23,21,16,22,23,18,24,21,25,24,26,22,25,19,26,23,662,1778,2188,697,300,135,114,187,4.0,7.450581e-09,1.0,0.05,1.009,0.308,0
11.8,32.3,42.825,10.4,5.35,2.325,1.575,2.95,-2.025,-2.125,7.775,-1.25,-0.3,-0.125,0.025,-0.3,22,23,17,21,22,16,16,22,26,28,29,23,24,21,23,24,846,2100,2311,611,311,127,93,194,4.0,7.450581e-09,1.0,0.051,1.009,0.308,0
9.775,30.175,50.6,9.15,5.05,2.2,1.6,2.65,-0.1,0.825,0.525,0.5,-0.975,-0.075,0.075,0.325,22,23,21,19,21,16,11,19,23,29,28,23,26,22,20,25,628,1955,3085,534,335,137,89,159,4.0,7.450581e-09,1.0,0.051,1.009,0.308,0
9.675,31.0,51.125,9.65,4.075,2.125,1.675,2.975,-0.075,1.625,-5.375,1.825,-1.1,-0.5,-0.275,-0.2,23,19,21,21,19,17,12,17,25,29,28,23,25,24,17,26,581,1856,3061,597,273,129,86,183,4.0,7.450581e-09,1.0,0.051,1.009,0.308,0
1.325,2.15,1.35,1.3,0.8,0.825,0.95,0.9,-0.125,0.05,-0.075,0.025,-0.1,0.0,0.025,0.2,8,12,12,10,0,2,1,4,19,17,19,20,7,13,13,16,60,117,84,61,28,37,34,43,5.0,7.450581e-09,1.383333,0.236,0.691,0.037,0
1.2,2.2,1.275,1.325,0.7,0.825,0.975,1.1,0.025,-0.525,0.125,0.225,0.9,1.175,0.725,0.15,5,16,11,12,0,3,1,6,18,19,20,22,10,16,14,19,57,114,83,74,29,46,36,54,5.0,7.450581e-09,1.383333,0.235,0.692,0.037,0
1.225,1.675,1.4,1.55,1.6,2.0,1.7,1.25,-0.075,0.325,2.55,0.575,1.325,1.4,0.4,0.125,6,14,9,7,5,6,8,8,19,24,22,21,13,16,20,18,72,99,75,74,79,119,90,62,5.0,7.450581e-09,1.383333,0.236,0.702,0.045,0
1.15,2.0,3.95,2.125,2.925,3.4,2.1,1.375,3.65,3.8,3.15,1.275,-0.475,-0.925,-0.525,-0.15,6,10,14,8,10,10,15,11,16,24,22,20,15,21,20,18,64,113,240,122,160,223,132,70,5.0,7.450581e-09,1.383333,0.24,0.759,0.087,0
4.8,5.8,7.1,3.4,2.45,2.475,1.575,1.225,1.75,1.125,5.325,0.325,-0.95,-1.175,-0.35,-0.175,9,18,20,14,7,10,11,9,15,26,26,21,17,22,19,17,281,379,473,205,128,150,90,62,5.0,7.450581e-09,1.383333,0.235,0.855,0.147,0
6.55,6.925,12.425,3.725,1.5,1.3,1.225,1.05,-3.125,-0.775,2.075,-0.9,0.075,-0.125,-0.025,0.05,14,22,21,16,8,11,12,12,26,27,25,21,21,19,16,21,388,475,742,211,81,77,63,63,5.0,7.450581e-09,1.383333,0.21,0.956,0.196,0
3.425,6.15,14.5,2.825,1.575,1.175,1.2,1.1,0.575,5.05,1.575,0.65,0.55,0.25,0.275,0.7,15,20,18,14,9,9,14,11,23,26,23,20,20,21,17,20,193,409,805,154,93,76,57,64,5.0,7.450581e-09,1.383333,0.165,1.056,0.236,0
4.0,11.2,16.075,3.475,2.125,1.425,1.475,1.8,8.625,21.075,29.45,8.15,1.75,1.15,0.525,2.0,19,19,18,14,15,9,9,10,21,23,24,21,18,20,17,19,246,641,1034,190,115,81,71,92,5.0,7.450581e-09,1.383333,0.107,1.14,0.263,0
12.625,32.275,45.525,11.625,3.875,2.575,2.0,3.8,10.4,14.3,23.45,5.95,2.125,0.8,0.65,1.925,24,22,19,22,18,14,10,16,28,24,25,26,21,20,18,25,861,1971,2710,853,236,162,131,253,5.0,7.450581e-09,1.383333,0.042,1.196,0.28,0
23.025,46.575,68.975,17.575,6.0,3.375,2.65,5.725,-0.775,-3.45,-10.95,-3.225,-0.1,-0.275,0.125,-0.65,22,18,23,24,19,17,17,19,28,26,25,24,24,23,23,28,1464,2740,3970,1154,362,211,173,376,5.0,7.450581e-09,1.383333,0.003,1.216,0.288,0
22.25,43.125,58.025,14.35,5.9,3.1,2.775,5.075,-3.275,-5.45,-5.325,-2.1,-0.575,-0.05,-0.225,-0.425,24,17,22,20,21,19,20,18,25,24,28,25,25,23,24,27,1437,2458,3427,830,347,190,167,317,5.0,7.450581e-09,1.383333,-0.001,1.218,0.291,0
18.975,37.675,52.7,12.25,5.325,3.05,2.55,4.65,-2.875,-7.3,1.95,0.825,0.325,0.275,-0.15,-0.075,27,19,18,23,21,21,17,20,28,29,27,27,25,23,26,28,1291,2205,3136,766,345,202,167,301,5.0,7.450581e-09,1.383333,-0.003,1.22,0.293,0
16.1,30.375,54.65,13.075,5.65,3.325,2.4,4.575,-2.65,1.55,0.8,-0.3,-0.8,-0.5,-0.2,-0.9,22,19,19,23,22,22,13,21,27,27,23,24,23,24,22,25,1130,1535,3189,755,350,207,153,273,5.0,7.450581e-09,1.383333,-0.004,1.221,0.294,0
13.45,31.925,55.45,12.775,4.85,2.825,2.2,3.675,3.825,2.6,-6.775,0.625,-0.05,-0.35,-0.1,-0.05,17,23,20,26,18,15,11,16,25,24,23,27,23,18,19,25,897,1764,3102,782,297,156,133,209,5.0,7.450581e-09,1.383333,-0.003,1.222,0.294,0
17.275,34.525,48.675,13.4,4.8,2.475,2.1,3.625,0.875,-9.925,-5.5,-1.525,-0.3,-0.275,-0.325,0.35,18,25,27,28,20,18,14,18,26,26,27,27,26,17,23,26,1027,2221,3186,883,340,143,140,230,5.0,7.450581e-09,1.383333,-0.001,1.223,0.295,0
18.15,24.6,43.175,11.875,4.5,2.2,1.775,3.975,1.175,3.575,3.2,-1.875,-0.475,-0.25,0.175,0.025,22,23,29,18,20,19,13,20,27,27,33,21,23,20,22,23,1045,1413,2872,689,297,121,114,246,5.0,7.450581e-09,1.383333,0.0,1.225,0.295,0
19.325,28.175,46.375,10.0,4.025,1.95,1.95,4.0,6.475,11.6,-3.65,0.675,0.175,0.25,0.375,0.075,24,23,23,16,22,11,18,21,29,29,31,20,25,18,21,24,1179,1707,2713,560,250,103,118,269,5.0,7.450581e-09,1.383333,0.001,1.225,0.296,0
25.8,39.775,42.725,10.675,4.2,2.2,2.325,4.075,2.35,-6.175,-5.5,-0.975,-0.775,-0.225,-0.45,0.2,21,21,26,20,22,14,21,20,26,26,29,19,26,18,24,27,1671,2463,2572,597,248,127,147,281,5.0,7.450581e-09,1.383333,0.002,1.225,0.296,0
28.15,33.6,37.225,9.7,3.425,1.975,1.875,4.275,-1.475,3.325,0.675,0.075,-0.35,-0.2,-0.3,-0.6,25,22,25,18,14,14,18,21,28,27,30,23,21,22,23,28,1885,2029,2403,574,188,134,120,261,5.0,7.450581e-09,1.383333,0.002,1.224,0.296,0
26.675,36.925,37.9,9.775,3.075,1.775,1.575,3.675,0.025,0.225,3.275,3.0,0.25,0.25,0.0,-0.35,27,25,22,21,16,10,13,21,26,24,26,28,21,20,17,27,1796,2091,2414,614,161,99,81,205,5.0,7.450581e-09,1.383333,0.003,1.225,0.296,0
26.7,37.15,41.175,12.775,3.325,2.025,1.575,3.325,3.6,-8.575,-7.875,0.35,0.175,0.25,0.15,0.875,19,21,27,24,20,18,10,18,25,24,29,26,24,21,17,25,1515,2078,2754,849,198,101,76,183,5.0,7.450581e-09,1.383333,0.003,1.226,0.295,0
30.3,28.575,33.3,13.125,3.5,2.275,1.725,4.2,-4.325,2.35,-7.5,-1.5,0.6,0.275,0.325,-0.05,16,16,24,20,18,19,12,18,27,21,28,22,24,25,17,20,1646,1513,2187,790,196,135,92,216,5.0,7.450581e-09,1.383333,0.003,1.226,0.293,0
25.975,30.925,25.8,11.625,4.1,2.55,2.05,4.15,-8.075,-0.975,5.6,-1.9,-0.25,-0.1,-0.175,-1.225,24,16,21,18,21,13,15,18,30,19,24,21,26,24,19,21,1618,1624,1625,673,229,149,117,236,5.0,7.450581e-09,1.383333,0.005,1.227,0.291,0
17.9,29.95,31.4,9.725,3.85,2.45,1.875,2.925,-1.35,-1.175,3.725,-2.55,-0.7,-0.15,-0.225,-0.325,27,19,22,24,22,15,15,18,29,22,25,26,27,23,20,27,1188,1507,1978,583,246,139,104,193,5.0,7.450581e-09,1.383333,0.008,1.229,0.287,0
16.55,28.775,35.125,7.175,3.15,2.3,1.65,2.6,1.55,1.6,-6.4,1.45,0.15,-0.15,0.075,0.15,19,22,23,25,17,18,13,16,25,27,31,28,22,24,23,29,1023,1720,2377,469,204,138,92,160,5.0,7.450581e-09,1.383333,0.009,1.23,0.285,0
18.1,30.375,28.725,8.625,3.3,2.15,1.725,2.75,2.025,-0.775,0.125,0.375,0.525,0.05,0.0,0.1,17,22,20,20,19,17,16,18,20,29,25,28,22,24,26,26,1097,2137,1778,570,220,143,111,168,5.0,7.450581e-09,1.383333,0.01,1.23,0.284,0
20.125,29.6,28.85,9.0,3.825,2.2,1.725,2.85,-2.525,-6.075,5.475,-2.325,0.0,-0.05,-0.225,0.05,25,24,20,22,21,14,15,18,22,30,22,30,24,26,19,23,1267,2040,1708,607,238,129,96,161,5.0,7.450581e-09,1.383333,0.01,1.23,0.284,0
17.6,23.525,34.325,6.675,3.825,2.15,1.5,2.9,-2.225,-0.85,-1.075,0.05,-0.25,-0.225,0.1,0.0,25,20,21,20,19,13,13,19,24,27,25,29,25,24,19,24,1090,1437,2136,415,213,106,76,163,5.0,7.450581e-09,1.383333,0.009,1.229,0.285,0
15.375,22.675,33.25,6.725,3.575,1.925,1.6,2.9,-2.1,8.275,1.55,2.075,0.05,0.175,0.2,-0.15,22,20,22,20,21,7,11,17,26,24,24,27,25,19,24,25,914,1281,1958,407,194,86,81,163,5.0,7.450581e-09,1.383333,0.009,1.228,0.286,0
13.275,30.95,34.8,8.8,3.625,2.1,1.8,2.75,-3.9,2.35,1.05,-0.15,0.375,0.025,-0.075,0.0,19,24,25,21,24,12,9,15,28,26,27,27,27,24,24,25,840,1920,2232,533,225,118,97,155,5.0,7.450581e-09,1.383333,0.008,1.227,0.287,0
9.375,33.3,35.85,8.65,4.0,2.125,1.725,2.75,-0.2,-5.35,-0.05,0.375,-0.025,-0.35,-0.05,-0.425,18,23,25,20,23,16,12,15,23,25,24,27,25,21,19,21,613,2121,2445,536,234,124,97,160,5.0,7.450581e-09,1.383333,0.008,1.226,0.287,0
9.175,27.95,35.8,9.025,3.975,1.775,1.675,2.325,1.025,4.0,0.0,-0.575,-0.95,-0.3,-0.25,-0.2,17,26,22,19,22,19,16,12,26,27,25,24,23,19,20,22,532,1802,2376,515,238,98,94,129,5.0,7.450581e-09,1.383333,0.008,1.227,0.287,0
10.2,31.95,35.8,8.45,3.025,1.475,1.425,2.125,-1.3,3.85,2.675,1.3,-0.25,0.3,0.15,0.625,20,22,18,22,20,19,17,17,30,22,24,26,26,27,21,22,682,1921,2122,507,207,103,83,130,5.0,7.450581e-09,1.383333,0.008,1.227,0.287,0
8.9,35.8,38.475,9.75,2.775,1.775,1.575,2.75,-0.25,-4.7,8.725,2.275,0.625,0.325,0.275,-0.075,19,24,19,23,20,15,15,21,29,22,23,26,28,28,23,21,607,2130,2287,652,185,112,88,156,5.0,7.450581e-09,1.383333,0.009,1.227,0.287,0
8.65,31.1,47.2,12.025,3.4,2.1,1.85,2.675,1.85,-7.125,0.45,-1.75,0.775,0.35,-0.275,-0.35,20,24,24,20,18,18,12,16,30,24,25,22,26,26,24,27,557,1892,2875,744,206,112,105,164,5.0,7.450581e-09,1.383333,0.009,1.228,0.287,0
10.5,23.975,47.65,10.275,4.175,2.45,1.575,2.325,0.675,-2.925,-5.1,-0.725,-0.875,-0.175,-0.075,0.35,23,24,25,20,18,17,10,14,26,26,28,18,24,25,25,23,672,1511,2846,592,243,132,89,148,5.0,7.450581e-09,1.383333,0.009,1.227,0.287,0
11.175,21.05,42.55,9.55,3.3,2.275,1.5,2.675,-1.0,6.475,-3.825,-0.6,-0.35,-0.4,0.3,0.25,19,23,26,19,16,12,12,12,21,28,31,16,24,24,24,17,666,1482,2741,520,187,128,95,160,5.0,7.450581e-09,1.383333,0.008,1.227,0.286,0
10.175,27.525,38.725,8.95,2.95,1.875,1.8,2.925,1.2,1.775,-0.3,-1.65,0.75,0.125,0.25,0.15,16,19,25,17,12,10,13,15,20,27,29,20,19,18,21,24,510,1764,2576,444,160,101,109,189,5.0,7.450581e-09,1.383333,0.008,1.227,0.286,0
11.375,29.3,38.425,7.3,3.7,2.0,2.05,3.075,1.55,1.375,-2.9,0.325,-0.15,0.125,-0.175,0.1,21,23,23,16,17,16,16,21,23,24,30,22,20,21,19,29,636,1802,2497,371,212,121,111,196,5.0,7.450581e-09,1.383333,0.007,1.227,0.287,0
12.925,30.675,35.525,7.625,3.55,2.125,1.875,3.175,0.425,1.875,-7.15,1.95,-0.05,-0.075,-0.225,0.0,20,25,29,22,16,21,18,24,26,26,32,30,24,24,24,26,825,2045,2412,494,213,136,111,201,5.0,7.450581e-09,1.383333,0.008,1.226,0.287,0
13.35,32.55,28.375,9.575,3.5,2.05,1.65,3.175,-0.875,-5.95,-0.35,-0.45,0.075,-0.125,-0.1,0.075,22,23,27,26,16,16,19,26,27,27,30,31,25,19,29,27,876,2020,2009,687,214,119,109,211,5.0,7.450581e-09,1.383333,0.008,1.227,0.287,0
12.475,26.6,28.025,9.125,3.575,1.925,1.55,3.25,0.775,-0.175,-0.15,-1.475,-0.275,-0.15,0.025,0.075,28,24,21,21,20,14,20,26,28,27,27,24,27,25,27,26,863,1710,1819,647,243,114,104,212,5.0,7.450581e-09,1.383333,0.009,1.227,0.287,0
13.25,26.425,27.875,7.65,3.3,1.775,1.575,3.325,-1.1,-2.2,-0.675,-0.5,-0.025,0.025,0.225,-0.4,22,22,26,22,18,16,22,23,25,26,28,24,27,28,25,24,870,1808,1827,511,219,113,107,211,5.0,7.450581e-09,1.383333,0.01,1.226,0.287,0
12.15,24.225,27.2,7.15,3.275,1.8,1.8,2.925,-2.75,-1.5,0.725,0.15,-0.15,-0.125,-0.4,-0.6,17,21,25,23,18,15,21,19,25,22,26,25,24,23,24,22,726,1460,1607,478,194,120,114,183,5.0,7.450581e-09,1.383333,0.01,1.226,0.287,0
9.4,22.725,27.925,7.3,3.125,1.675,1.4,2.325,2.425,3.35,-2.175,0.675,0.9,0.15,0.325,0.55,18,18,21,20,27,14,11,15,25,23,26,22,27,21,19,22,575,1114,1597,431,210,112,86,149,5.0,7.450581e-09,1.383333,0.011,1.226,0.287,0
11.825,26.075,25.75,7.975,4.025,1.825,1.725,2.875,3.25,-6.075,2.9,1.7,0.125,0.25,0.175,0.3,20,17,19,17,23,12,9,16,22,25,25,20,22,18,18,22,711,1353,1557,474,239,113,110,172,5.0,7.450581e-09,1.383333,0.011,1.225,0.287,0
15.075,20.0,28.65,9.675,4.15,2.075,1.9,3.175,0.125,1.85,6.3,-0.45,-0.725,0.125,-0.45,-0.55,23,16,21,20,15,12,11,20,23,22,24,22,20,21,23,24,920,1017,1841,640,234,114,117,184,5.0,7.450581e-09,1.383333,0.011,1.225,0.287,0
15.2,21.85,34.95,9.225,3.425,2.2,1.45,2.625,-3.025,3.875,8.2,-0.875,-0.075,0.1,0.175,-0.325,22,13,26,26,19,18,11,18,25,21,29,24,21,22,24,26,936,1181,2378,622,194,111,79,151,5.0,7.450581e-09,1.383333,0.011,1.225,0.286,0
12.175,25.725,43.15,8.35,3.35,2.3,1.625,2.3,-6.175,-10.925,-16.95,-2.425,-1.2,-0.775,-0.2,-0.725,21,11,29,27,20,16,14,19,24,19,31,28,20,18,24,25,753,1333,3080,603,175,116,88,141,5.0,7.450581e-09,1.383333,0.011,1.225,0.286,0
6.0,14.8,26.2,5.925,2.15,1.525,1.425,1.575,-4.225,-10.55,-23.925,-3.95,-0.95,-0.6,-0.45,-0.65,12,15,22,15,11,6,9,13,22,24,25,26,18,13,17,15,349,882,1887,425,110,74,67,89,5.0,7.450581e-09,1.383333,0.109,0.982,0.178,0
1.775,4.25,2.275,1.975,1.2,0.925,0.975,0.925,-0.5,-1.7,-0.775,-0.7,-0.1,0.125,-0.175,0.15,4,18,11,6,6,3,5,2,18,25,22,19,18,12,12,9,90,253,141,101,62,39,39,32,5.0,7.450581e-09,1.383333,0.219,0.713,0.058,0
1.275,2.55,1.5,1.275,1.1,1.05,0.8,1.075,-0.175,-0.85,-0.225,-0.175,-0.05,0.0,-0.05,-0.15,9,23,11,6,4,4,5,6,19,25,26,17,18,10,20,17,72,165,93,54,49,33,41,49,5.0,7.450581e-09,1.383333,0.23,0.686,0.046,0
1.1,1.7,1.275,1.1,1.05,1.05,0.75,0.925,0.05,0.025,0.1,-0.1,0.0,-0.175,-0.05,-0.075,11,16,10,2,4,4,3,6,21,27,23,16,20,14,16,17,68,98,72,45,54,36,35,43,5.0,7.450581e-09,1.383333,0.23,0.686,0.046,0
1.15,1.725,1.375,1.0,1.05,0.875,0.7,0.85,-0.175,-0.15,-0.05,-0.075,-0.05,0.075,0.325,0.1,8,10,11,1,5,4,3,5,16,26,16,17,16,15,11,16,61,98,61,42,51,36,34,38,5.0,7.450581e-09,1.383333,0.23,0.686,0.047,0
0.975,1.575,1.325,0.925,1.0,0.95,1.025,0.95,0.05,-0.25,-0.275,0.0,-0.275,0.075,0.1,-0.075,5,14,9,5,4,1,4,4,15,21,16,18,16,13,12,17,49,102,58,40,43,35,42,45,5.0,7.450581e-09,1.383333,0.229,0.687,0.047,0
1.025,1.325,1.05,0.925,0.725,1.025,1.125,0.875,0.225,0.075,0.2,-0.025,0.125,-0.15,-0.2,0.075,6,10,4,6,1,2,2,4,16,18,18,20,19,14,13,13,47,71,47,45,36,37,43,38,5.0,7.450581e-09,1.383333,0.229,0.687,0.047,0
1.25,1.4,1.25,0.9,0.85,0.875,0.925,0.95,-0.2,0.075,0.05,0.075,0.3,0.125,0.05,0.0,11,9,8,1,3,4,3,7,19,21,15,16,17,14,18,14,52,68,52,40,41,35,46,35,5.0,7.450581e-09,1.383333,0.229,0.689,0.047,0
1.05,1.475,1.3,0.975,1.15,1.0,0.975,0.95,0.3,0.325,0.475,3.375,5.325,5.675,3.55,0.55,7,8,7,4,6,3,5,4,16,18,19,22,19,17,17,16,43,70,66,43,54,44,44,40,5.0,7.450581e-09,1.383333,0.227,0.69,0.047,0
1.35,1.8,1.775,4.35,6.475,6.675,4.525,1.5,0.35,-0.075,0.55,2.1,3.275,2.55,1.275,0.35,6,8,6,7,8,9,7,4,17,15,16,25,23,26,17,15,60,79,78,194,266,390,228,72,5.0,7.450581e-09,1.383333,0.226,0.694,0.049,0
1.7,1.725,2.325,6.45,9.75,9.225,5.8,1.85,-0.3,-0.125,2.6,-2.9,-4.65,-4.7,-2.675,-0.525,7,9,14,14,12,21,13,11,21,19,21,19,24,26,22,20,87,81,106,324,449,569,324,98,5.0,7.450581e-09,1.383333,0.23,0.713,0.063,0
1.4,1.6,4.925,3.55,5.1,4.525,3.125,1.325,0.0,1.2,4.575,-1.9,-3.4,-2.5,-1.25,-0.325,8,6,17,19,16,19,15,12,21,23,19,18,27,22,20,20,79,85,232,172,276,289,169,75,5.0,7.450581e-09,1.383333,0.236,0.761,0.093,0
1.4,2.8,9.5,1.65,1.7,2.025,1.875,1.0,0.625,2.35,0.525,0.45,-0.425,-0.7,-0.875,0.075,8,11,19,14,11,12,10,5,23,21,21,20,19,20,21,20,75,149,618,92,77,140,93,54,5.0,7.450581e-09,1.383333,0.238,0.837,0.135,0
2.025,5.15,10.025,2.1,1.275,1.325,1.0,1.075,0.3,1.175,-0.325,0.75,0.575,-0.1,0.075,-0.05,13,17,16,11,9,12,7,3,22,20,24,20,14,20,19,19,112,293,541,129,56,78,50,48,5.0,7.450581e-09,1.383333,0.225,0.933,0.179,0
2.325,6.325,9.7,2.85,1.85,1.225,1.075,1.025,1.05,2.825,8.15,1.875,0.25,0.0,0.05,0.4,15,20,13,14,7,9,10,3,17,24,16,20,19,21,20,13,121,402,463,167,81,67,58,39,5.0,7.450581e-09,1.383333,0.192,1.034,0.216,0
3.375,9.15,17.85,4.725,2.1,1.225,1.125,1.425,8.375,16.225,16.225,6.175,1.95,1.1,0.6,1.725,13,19,20,16,12,7,10,8,21,26,21,21,23,20,20,18,202,525,1147,244,105,57,65,73,5.0,7.450581e-09,1.383333,0.144,1.117,0.24,0
11.75,25.375,34.075,10.9,4.05,2.325,1.725,3.15,13.1,17.5,16.625,7.375,2.825,1.4,1.525,2.625,15,15,16,19,18,11,9,16,22,24,23,20,24,22,19,20,604,1215,1753,567,220,140,95,149,5.0,7.450581e-09,1.383333,0.092,1.173,0.251,0
24.85,42.875,50.7,18.275,6.875,3.725,3.25,5.775,2.45,1.125,6.075,3.975,0.45,0.15,-0.025,-0.075,22,20,16,20,19,15,15,19,25,29,24,24,26,26,22,22,1428,2470,2624,1098,390,236,174,310,5.0,7.450581e-09,1.383333,0.05,1.2,0.253,0
27.3,44.0,56.775,22.25,7.325,3.875,3.225,5.7,-4.525,-9.35,1.125,-5.225,-0.775,-0.6,-0.9,-2.225,26,23,23,19,17,12,14,23,27,25,26,24,24,22,23,24,1594,2508,3246,1424,418,222,184,341,5.0,7.450581e-09,1.383333,0.025,1.212,0.254,0
22.775,34.65,57.9,17.025,6.55,3.275,2.325,3.475,0.625,2.75,-4.925,-4.0,-0.825,0.15,-0.025,0.4,25,22,21,23,21,16,13,17,26,22,26,23,25,24,23,25,1346,1831,3114,1105,373,181,142,219,5.0,7.450581e-09,1.383333,0.012,1.218,0.254,0
23.4,37.4,52.975,13.025,5.725,3.425,2.3,3.875,0.225,0.4,-0.025,2.475,0.15,0.45,0.4,0.775,27,22,23,24,24,20,16,17,25,29,30,25,28,31,26,26,1315,2253,3124,749,347,204,121,247,5.0,7.450581e-09,1.383333,0.008,1.222,0.254,0
23.625,37.8,52.95,15.5,5.875,3.875,2.7,4.65,-1.225,-4.925,3.85,0.125,0.05,-0.625,0.05,-0.35,23,23,23,21,18,16,16,20,24,30,30,25,22,26,24,27,1389,2384,3272,953,331,236,152,310,5.0,7.450581e-09,1.383333,0.008,1.224,0.255,0
22.4,32.875,56.8,15.625,5.925,3.25,2.75,4.3,-0.75,5.125,-6.225,-0.3,-1.1,-0.75,-0.5,0.05,17,23,20,23,15,16,18,15,25,28,23,27,19,25,24,26,1325,2122,3190,989,315,194,163,283,5.0,7.450581e-09,1.383333,0.009,1.225,0.256,0
21.65,38.0,50.575,15.325,4.825,2.5,2.25,4.35,-1.275,-2.075,-6.3,-1.025,0.6,0.675,0.15,0.325,16,29,21,23,19,18,21,15,25,32,25,28,19,24,27,28,1204,2595,2925,965,276,145,145,287,5.0,7.450581e-09,1.383333,0.011,1.224,0.257,0
20.375,35.925,44.275,14.3,5.425,3.175,2.4,4.675,-1.425,-2.925,0.625,0.6,0.275,0.15,-0.1,-0.725,19,28,21,22,21,20,21,18,23,27,25,29,20,18,25,26,1166,2335,2536,856,333,188,159,303,5.0,7.450581e-09,1.383333,0.012,1.224,0.258,0
18.95,33.0,44.9,14.9,5.7,3.325,2.3,3.95,-1.5,0.3,6.85,0.8,-1.2,-1.0,-0.55,-1.075,24,24,19,21,18,18,18,19,26,25,24,28,21,19,23,25,1253,2101,2657,891,347,203,156,267,5.0,7.450581e-09,1.383333,0.012,1.224,0.258,0
17.45,33.3,51.75,15.7,4.5,2.325,1.75,2.875,-1.0,0.525,-1.425,-3.05,0.375,0.05,0.125,0.525,27,22,16,21,17,13,14,17,30,30,26,27,23,20,19,25,1169,2247,3055,946,254,126,101,188,5.0,7.450581e-09,1.383333,0.013,1.224,0.258,0
16.45,33.825,50.325,12.65,4.875,2.375,1.875,3.4,-2.25,-5.1,-7.175,-3.65,-0.075,0.325,0.275,-0.1,24,20,17,20,18,13,11,15,29,29,24,26,23,22,22,24,1039,2134,2587,783,271,135,104,209,5.0,7.450581e-09,1.383333,0.013,1.223,0.259,0
14.2,28.725,43.15,9.0,4.8,2.7,2.15,3.3,2.675,-3.75,-1.0,-0.2,-0.95,-0.375,-0.025,-0.35,22,20,19,20,17,19,16,17,23,26,25,25,20,23,26,23,876,1741,2270,548,290,164,134,207,5.0,7.450581e-09,1.383333,0.012,1.224,0.259,0
16.875,24.975,42.15,8.8,3.85,2.325,2.125,2.95,4.35,2.425,6.375,0.175,-0.7,-0.325,-0.05,0.7,22,20,23,19,16,16,19,18,23,26,28,25,26,22,27,26,944,1532,2575,494,244,141,135,186,5.0,7.450581e-09,1.383333,0.011,1.224,0.259,0
21.225,27.4,48.525,8.975,3.15,2.0,2.075,3.65,-2.6,0.8,-3.7,-1.325,0.3,0.375,-0.15,0.175,22,23,21,16,16,14,20,21,25,25,24,25,26,21,28,26,1267,1620,2605,524,179,117,131,241,5.0,7.450581e-09,1.383333,0.011,1.224,0.258,0
18.625,28.2,44.825,7.65,3.45,2.375,1.925,3.825,-5.7,0.375,-7.225,-0.275,0.5,-0.125,-0.275,-0.75,25,23,18,20,20,16,16,22,28,24,23,29,25,26,24,23,1240,1725,2304,516,186,140,105,240,5.0,7.450581e-09,1.383333,0.011,1.224,0.258,0
12.925,28.575,37.6,7.375,3.95,2.25,1.65,3.075,-0.925,3.825,2.025,1.35,0.0,0.025,0.325,-0.075,24,22,19,22,24,12,10,17,29,25,27,29,25,26,21,23,909,1809,2113,458,232,142,89,191,5.0,7.450581e-09,1.383333,0.01,1.224,0.258,0
12.0,32.4,39.625,8.725,3.95,2.275,1.975,3.0,0.575,-0.725,7.175,1.125,0.8,0.55,0.575,0.85,22,23,19,20,20,16,12,14,27,24,25,28,28,25,25,26,759,1908,2178,534,250,153,130,190,5.0,7.450581e-09,1.383333,0.01,1.223,0.258,0
12.575,31.675,46.8,9.85,4.75,2.825,2.55,3.85,-1.075,-5.075,1.45,-0.7,-0.325,-0.275,-0.475,-0.275,21,26,24,20,16,18,14,16,22,25,27,31,27,24,26,25,721,1915,2845,607,297,172,150,208,5.0,7.450581e-09,1.383333,0.011,1.222,0.258,0
11.5,26.6,48.25,9.15,4.425,2.55,2.075,3.575,0.625,-2.7,-0.8,0.125,-0.35,0.175,-0.125,-0.425,17,26,24,23,15,17,15,19,22,27,27,31,21,26,21,24,576,1624,2951,583,274,148,118,193,5.0,7.450581e-09,1.383333,0.012,1.222,0.258,0
12.125,23.9,47.45,9.275,4.075,2.725,1.95,3.15,6.075,1.675,-2.15,-0.3,-0.05,-0.1,0.2,0.2,16,23,26,25,15,17,14,15,26,27,26,30,22,27,15,26,617,1576,3066,595,236,145,91,173,5.0,7.450581e-09,1.383333,0.012,1.222,0.259,0
18.2,25.575,45.3,8.975,4.025,2.625,2.15,3.35,3.9,1.6,-3.925,-0.975,0.125,-0.15,-0.125,0.025,22,21,30,24,16,14,11,12,28,26,31,31,24,24,16,24,1154,1637,3143,593,248,150,97,181,5.0,7.450581e-09,1.383333,0.013,1.222,0.26,0
22.1,27.175,41.375,8.0,4.15,2.475,2.025,3.375,-1.875,-3.275,7.425,0.725,-0.35,-0.175,-0.225,-0.175,23,23,24,19,17,13,11,12,24,28,28,23,24,22,24,23,1331,1741,2678,535,277,154,119,195,5.0,7.450581e-09,1.383333,0.014,1.222,0.261,0
20.225,23.9,48.8,8.725,3.8,2.3,1.8,3.2,-2.175,-4.0,-0.275,-0.6,-0.375,-0.4,-0.25,-0.35,19,21,20,18,18,15,13,17,27,26,24,23,25,23,24,32,1266,1501,2909,549,242,139,104,200,5.0,7.450581e-09,1.383333,0.014,1.223,0.261,0
18.05,19.9,48.525,8.125,3.425,1.9,1.55,2.85,-3.675,-0.775,-13.15,-2.175,0.225,0.4,0.325,-0.275,21,20,17,21,18,14,13,20,28,25,22,25,22,19,17,28,1243,1113,2581,491,205,113,79,190,5.0,7.450581e-09,1.383333,0.014,1.223,0.261,0
14.375,19.125,35.375,5.95,3.65,2.3,1.875,2.575,1.075,3.725,-6.0,1.775,-0.075,-0.125,-0.025,-0.2,23,15,18,25,19,15,12,16,27,27,25,27,20,15,15,20,864,1026,1875,382,212,124,88,149,5.0,7.450581e-09,1.383333,0.013,1.224,0.261,0
15.45,22.85,29.375,7.725,3.575,2.175,1.85,2.375,-2.35,2.775,5.15,1.625,0.125,-0.1,0.075,0.4,22,16,23,28,22,11,17,10,27,27,29,29,27,20,24,24,977,1354,1915,519,213,120,107,129,5.0,7.450581e-09,1.383333,0.013,1.224,0.26,0
13.1,25.625,34.525,9.35,3.7,2.075,1.925,2.775,-3.0,6.625,2.275,-1.45,-0.4,-0.05,-0.175,0.425,20,22,26,23,25,11,22,11,24,25,29,24,29,24,27,27,875,1654,2197,617,258,137,129,171,5.0,7.450581e-09,1.383333,0.012,1.223,0.259,0
10.1,32.25,36.8,7.9,3.3,2.025,1.75,3.2,3.275,-4.075,2.3,-0.45,-0.375,-0.075,-0.325,-0.775,21,23,22,20,22,16,18,20,25,27,29,24,26,25,26,25,641,2196,2274,493,227,132,111,194,5.0,7.450581e-09,1.383333,0.012,1.223,0.259,0
13.375,28.175,39.1,7.45,2.925,1.95,1.425,2.425,1.5,-10.9,-3.1,2.0,0.0,-0.025,0.125,-0.4,21,24,16,18,14,14,13,15,24,28,29,27,23,21,23,20,770,1881,2237,453,173,110,87,133,5.0,7.450581e-09,1.383333,0.012,1.224,0.258,0
14.875,17.275,36.0,9.45,2.925,1.925,1.55,2.025,0.75,1.6,-4.925,0.6,0.425,0.025,0.2,0.85,20,17,19,23,12,11,14,10,25,25,26,29,22,20,24,18,880,1094,2219,659,158,98,91,118,5.0,7.450581e-09,1.383333,0.012,1.224,0.257,0
15.625,18.875,31.075,10.05,3.35,1.95,1.75,2.875,-3.35,3.325,3.325,-2.425,0.25,0.125,0.1,0.05,22,16,21,27,16,14,16,15,27,24,26,26,20,23,23,24,1036,1161,2067,705,194,115,100,185,5.0,7.450581e-09,1.383333,0.013,1.224,0.257,0
12.275,22.2,34.4,7.625,3.6,2.075,1.85,2.925,-4.1,-2.05,-2.625,0.2,-0.125,-0.15,-0.075,-0.45,20,20,19,24,15,16,12,14,25,24,28,28,21,21,17,20,800,1267,2068,498,209,119,91,174,5.0,7.450581e-09,1.383333,0.013,1.224,0.257,0
8.175,20.15,31.775,7.825,3.475,1.925,1.775,2.475,4.625,-2.775,5.9,2.575,0.0,0.05,0.075,0.3,19,23,20,22,17,17,8,14,26,22,29,26,22,21,18,20,548,1146,1818,481,200,101,82,152,5.0,7.450581e-09,1.383333,0.013,1.224,0.257,0
12.8,17.375,37.675,10.4,3.475,1.975,1.85,2.775,0.925,3.775,0.475,-1.275,-0.125,0.0,-0.225,-0.1,23,20,26,27,20,19,11,21,26,27,32,30,25,21,24,23,917,1028,2526,718,222,118,108,181,5.0,7.450581e-09,1.383333,0.014,1.224,0.258,0
13.725,21.15,38.15,9.125,3.35,1.975,1.625,2.675,-2.5,3.975,-8.6,-2.625,-0.175,-0.15,-0.225,-0.325,21,21,31,21,17,15,10,23,27,26,31,29,22,27,21,23,848,1262,2706,594,195,127,97,166,5.0,7.450581e-09,1.383333,0.014,1.222,0.258,0
11.225,25.125,29.55,6.5,3.175,1.825,1.4,2.35,1.525,0.175,-0.625,1.1,0.6,0.125,0.125,0.35,18,24,25,19,14,8,9,20,28,28,27,26,18,28,20,22,661,1615,1919,403,175,116,83,146,5.0,7.450581e-09,1.383333,0.014,1.221,0.259,0
12.75,25.3,28.925,7.6,3.775,1.95,1.525,2.7,1.225,-1.575,3.0,1.675,0.1,0.4,0.525,0.2,25,21,19,23,19,13,14,21,26,31,23,25,21,29,27,27,798,1707,1601,497,235,126,100,195,5.0,7.450581e-09,1.383333,0.014,1.221,0.259,0
13.975,23.725,31.925,9.275,3.875,2.35,2.05,2.9,-1.15,1.9,4.9,1.375,-0.025,0.05,0.075,0.05,22,21,22,24,19,13,12,21,26,30,25,23,24,26,24,28,835,1495,2068,610,229,124,125,202,5.0,7.450581e-09,1.383333,0.014,1.222,0.26,0
12.825,25.625,36.825,10.65,3.85,2.4,2.125,2.95,-0.625,4.3,0.05,0.725,0.8,0.375,-0.225,0.675,20,17,22,28,19,16,11,23,26,26,24,27,23,20,24,26,757,1325,2391,732,222,123,138,183,5.0,7.450581e-09,1.383333,0.014,1.222,0.26,0
12.2,29.925,36.875,11.375,4.65,2.775,1.9,3.625,1.7,-2.125,0.375,-1.3,-0.05,0.275,0.125,0.0,21,17,24,23,19,20,13,19,23,26,24,26,27,26,21,23,736,1675,2244,749,276,167,124,199,5.0,7.450581e-09,1.383333,0.013,1.221,0.261,0
13.9,27.8,37.25,10.075,4.6,3.05,2.025,3.625,-0.475,-4.625,0.625,-0.425,-1.175,-0.575,0.075,-0.825,23,18,26,21,18,17,12,19,23,24,24,24,28,28,17,21,852,1677,2379,601,272,174,108,194,5.0,7.450581e-09,1.383333,0.013,1.221,0.261,0
13.425,23.175,37.875,9.65,3.425,2.475,2.1,2.8,0.275,-1.55,4.6,0.95,0.025,-0.125,-0.125,0.1,24,18,21,25,18,15,13,16,25,25,21,27,28,24,20,24,805,1347,2261,600,218,147,103,165,5.0,7.450581e-09,1.383333,0.013,1.22,0.261,0
13.7,21.625,42.475,10.6,3.45,2.35,1.975,2.9,0.075,7.125,2.175,0.75,0.8,0.275,0.025,0.6,23,24,23,27,19,17,15,16,26,24,25,28,27,22,21,24,849,1351,2568,710,238,147,111,188,5.0,7.450581e-09,1.383333,0.013,1.219,0.261,0
0.975,2.275,1.325,1.275,1.0,0.95,0.9,1.125,0.225,-0.175,-0.1,0.1,0.075,0.125,-0.05,-0.125,4,13,4,8,4,2,9,8,19,20,12,20,23,14,18,23,50,127,61,66,51,36,53,60,6.0,0.3833334,0.6166667,0.231,0.689,0.042,0
1.2,2.1,1.225,1.375,1.075,1.075,0.85,1.0,0.05,-0.225,0.225,0.025,-0.05,0.1,0.05,0.025,5,11,4,9,7,1,2,9,24,21,13,19,27,16,18,23,58,108,51,58,64,39,46,54,6.0,0.3833334,0.6166667,0.231,0.689,0.042,0
1.25,1.875,1.45,1.4,1.025,1.175,0.9,1.025,-0.225,-0.2,-0.2,-0.2,0.0,-0.1,-0.05,0.025,5,11,8,9,4,3,0,7,22,21,19,16,21,13,23,20,58,98,60,55,45,35,50,48,6.0,0.3833334,0.6166667,0.23,0.689,0.043,0
1.025,1.675,1.25,1.2,1.025,1.075,0.85,1.05,-0.025,0.4,-0.05,-0.275,0.0,-0.075,0.05,-0.025,6,15,8,9,5,7,4,4,25,22,16,13,20,11,21,21,56,103,52,55,40,40,52,52,6.0,0.3833334,0.6166667,0.23,0.689,0.043,0
1.0,2.075,1.2,0.925,1.025,1.0,0.9,1.025,-0.025,-0.225,0.075,-0.05,-0.075,-0.075,-0.05,-0.15,6,18,9,6,11,8,6,8,20,25,19,15,23,12,14,20,58,139,66,46,56,40,37,50,6.0,0.3833334,0.6166667,0.23,0.69,0.043,0
0.975,1.85,1.275,0.875,0.95,0.925,0.85,0.875,0.2,0.175,0.1,0.125,-0.075,-0.05,0.0,0.0,6,14,8,3,9,6,2,4,12,21,20,15,19,20,13,13,50,116,69,43,52,46,30,32,6.0,0.3833334,0.6166667,0.23,0.69,0.043,0
1.175,2.025,1.375,1.0,0.875,0.875,0.85,0.875,0.175,0.475,0.175,0.15,0.075,0.05,0.175,0.175,9,12,11,3,3,3,2,3,16,18,17,14,12,23,15,16,61,104,71,45,40,43,34,33,6.0,0.3833334,0.6166667,0.23,0.69,0.043,0
1.35,2.5,1.55,1.15,0.95,0.925,1.025,1.05,-0.275,-0.45,0.05,0.175,0.15,0.125,-0.1,0.0,9,16,10,4,0,2,4,9,17,19,15,22,12,17,11,16,66,131,78,60,38,35,34,39,6.0,0.3833334,0.6166667,0.229,0.691,0.044,0
1.075,2.05,1.6,1.325,1.1,1.05,0.925,1.05,-0.1,-0.225,0.0,0.425,0.675,1.325,0.6,-0.075,7,21,10,9,1,5,3,6,16,21,19,24,15,13,14,10,53,122,82,67,44,43,38,32,6.0,0.3833334,0.6166667,0.228,0.692,0.044,0
0.975,1.825,1.6,1.75,1.775,2.375,1.525,0.975,-0.025,-0.175,-0.15,0.25,0.5,1.5,0.725,-0.075,7,15,12,11,3,14,4,3,15,21,26,16,13,16,18,11,49,97,94,81,73,122,80,30,6.0,0.3833334,0.6166667,0.228,0.693,0.044,0
0.95,1.65,1.45,2.0,2.275,3.875,2.25,0.9,-0.075,-0.525,-0.25,-0.35,-0.5,-0.825,-0.525,-0.025,8,11,12,10,4,23,14,4,17,19,23,17,14,26,26,10,50,75,73,98,98,247,136,33,6.0,0.3833334,0.6166667,0.23,0.697,0.046,0
0.875,1.125,1.2,1.65,1.775,3.05,1.725,0.875,-0.025,0.3,0.275,-0.475,-0.575,-1.625,-0.5,0.0,6,10,8,10,4,18,16,3,17,18,13,15,19,20,21,14,50,55,46,79,82,190,103,36,6.0,0.3833334,0.6166667,0.238,0.708,0.059,0
0.85,1.425,1.475,1.175,1.2,1.425,1.225,0.875,0.525,2.1,6.025,0.575,0.5,-0.175,0.0,0.1,2,14,8,9,4,9,12,7,16,24,17,10,21,14,16,14,45,88,79,55,61,71,57,39,6.0,0.3833334,0.6166667,0.254,0.726,0.085,0
1.375,3.525,7.5,1.75,1.7,1.25,1.225,0.975,1.675,7.25,15.15,1.375,0.4,0.1,0.1,2.55,9,19,16,10,7,6,11,8,21,24,25,14,19,12,24,18,79,223,432,76,78,51,63,53,6.0,0.3833334,0.6166667,0.272,0.751,0.126,0
3.05,10.775,22.65,3.125,2.1,1.35,1.325,3.525,4.725,16.725,23.975,6.425,2.825,1.25,0.725,2.025,20,20,21,14,13,7,9,12,25,20,26,19,21,23,24,20,196,668,1346,171,116,73,80,221,6.0,0.3833334,0.6166667,0.288,0.781,0.183,0
7.775,27.5,46.625,9.55,4.925,2.6,2.05,5.55,8.35,13.15,16.0,14.75,3.775,1.95,1.175,-0.2,18,26,21,19,17,14,15,19,21,26,24,19,24,30,21,20,415,1692,2596,569,280,172,131,361,6.0,0.3833334,0.6166667,0.292,0.808,0.239,0
16.125,40.65,62.625,24.3,8.7,4.55,3.225,5.35,0.35,3.45,-4.425,4.925,-0.7,-0.25,0.15,0.275,20,22,21,22,23,24,20,17,24,28,21,25,26,30,26,23,907,2517,3428,1537,534,294,197,347,6.0,0.3833334,0.6166667,0.282,0.819,0.279,0
16.475,44.1,58.2,29.225,8.0,4.3,3.375,5.625,-3.45,0.0,-7.725,-7.925,-1.85,-1.275,-0.725,-0.9,18,20,18,25,20,22,17,16,26,24,23,31,27,27,23,22,973,2749,3266,1949,469,256,187,337,6.0,0.3833334,0.6166667,0.272,0.822,0.303,0
13.025,44.1,50.475,21.3,6.15,3.025,2.65,4.725,-0.625,-3.55,4.525,-5.55,-0.5,-0.2,-0.3,-0.975,20,24,22,29,17,18,17,19,27,27,27,31,27,25,21,23,801,2793,2833,1487,350,174,159,289,6.0,0.3833334,0.6166667,0.269,0.823,0.314,0
12.4,40.55,55.0,15.75,5.65,2.825,2.35,3.75,-1.9,-0.925,0.85,-0.625,1.55,0.875,0.125,0.275,22,21,29,22,20,16,15,20,26,26,28,28,28,23,25,23,793,2480,3374,1024,362,159,155,237,6.0,0.3833334,0.6166667,0.267,0.824,0.321,0
10.5,39.625,55.85,15.125,7.2,3.7,2.475,4.025,-0.725,2.5,-1.525,-1.45,-0.8,-0.45,-0.2,0.025,19,19,23,19,20,18,12,19,24,22,24,26,27,23,24,20,663,2246,3122,917,433,203,150,237,6.0,0.3833334,0.6166667,0.267,0.824,0.326,0
9.775,42.125,54.325,13.675,6.4,3.25,2.275,4.05,-0.65,-2.8,-2.925,0.225,-1.85,-0.675,-0.05,0.2,19,18,19,24,19,21,17,20,24,22,24,26,25,26,19,18,611,2361,2938,827,379,193,134,236,6.0,0.3833334,0.6166667,0.266,0.823,0.328,0
9.125,39.325,51.4,13.9,4.55,2.575,2.225,4.25,1.55,-3.25,-2.85,1.575,0.85,0.375,0.175,0.2,17,21,18,24,18,15,17,21,25,25,25,25,22,25,20,21,580,2157,2846,863,262,150,123,253,6.0,0.3833334,0.6166667,0.265,0.821,0.33,0
10.675,36.075,48.55,15.475,5.4,2.95,2.4,4.45,2.35,0.575,-2.525,-1.475,0.175,0.125,0.25,0.0,16,21,23,20,20,16,13,23,26,25,26,23,23,25,22,22,618,2001,3058,909,299,161,130,255,6.0,0.3833334,0.6166667,0.263,0.82,0.332,0
13.025,36.65,46.025,14.0,5.575,3.075,2.65,4.45,-2.4,-2.3,9.15,-0.25,-0.75,-0.225,-0.025,-0.475,23,19,22,19,26,22,13,23,27,22,26,25,30,28,26,26,763,2094,2675,836,356,187,158,259,6.0,0.3833334,0.6166667,0.262,0.819,0.334,0
10.625,34.35,55.175,13.75,4.825,2.85,2.625,3.975,-1.2,-3.65,-0.775,-2.025,-0.95,-0.475,-0.625,-0.525,23,23,25,23,24,20,16,21,26,24,29,29,29,24,25,30,703,2082,3370,903,311,175,150,243,6.0,0.3833334,0.6166667,0.262,0.82,0.334,0
9.425,30.7,54.4,11.725,3.875,2.375,2.0,3.45,-0.25,1.4,-9.95,-1.375,0.675,-0.075,0.075,-0.4,22,24,23,23,21,22,18,27,25,27,26,25,27,23,21,31,610,1951,3437,719,239,145,114,235,6.0,0.3833334,0.6166667,0.262,0.821,0.334,0
9.175,32.1,44.45,10.35,4.55,2.3,2.075,3.05,-1.975,3.65,9.15,-0.1,0.725,0.15,0.2,-0.7,17,19,22,21,22,24,16,19,23,23,27,25,27,25,26,25,508,1832,2725,609,299,155,130,193,6.0,0.3833334,0.6166667,0.261,0.821,0.334,0
7.2,35.75,53.6,10.25,5.275,2.45,2.275,2.35,-0.05,-5.9,-4.45,0.35,0.15,0.025,-0.275,0.025,13,18,25,21,21,20,17,11,23,21,26,26,22,21,24,21,395,1964,3411,619,324,143,131,138,6.0,0.3833334,0.6166667,0.261,0.823,0.334,0
7.15,29.85,49.15,10.6,5.425,2.475,2.0,2.375,-0.875,-4.35,6.7,1.45,0.325,0.15,0.0,0.175,20,17,24,20,17,18,16,16,26,24,27,25,20,20,20,23,455,1826,3097,634,317,130,106,153,6.0,0.3833334,0.6166667,0.261,0.823,0.335,0
6.275,25.5,55.85,12.05,5.75,2.625,2.0,2.55,0.3,6.925,0.95,-1.2,0.1,-0.025,-0.125,-0.175,17,19,23,22,19,14,16,16,22,24,30,30,24,20,21,24,362,1640,3207,800,356,140,106,154,6.0,0.3833334,0.6166667,0.261,0.823,0.335,0
6.575,32.425,56.8,10.85,5.85,2.6,1.875,2.375,0.525,-0.775,-13.775,-1.0,-0.325,-0.05,0.025,0.125,19,28,24,24,24,16,11,15,23,27,28,31,28,24,20,23,410,2309,3453,782,375,152,96,132,6.0,0.3833334,0.6166667,0.261,0.823,0.335,0
7.1,31.65,43.025,9.85,5.525,2.55,1.9,2.5,-0.125,-6.525,-2.25,-0.175,-1.05,-0.125,0.1,0.225,25,26,24,21,25,21,11,16,27,27,27,28,27,24,21,23,482,2141,2805,636,362,161,108,152,6.0,0.3833334,0.6166667,0.261,0.822,0.335,0
6.975,25.125,40.775,9.675,4.475,2.425,2.0,2.725,-0.025,4.475,7.875,-0.25,-0.25,-0.15,-0.075,-0.025,20,18,20,22,21,17,15,16,29,25,25,26,24,18,21,22,452,1429,2464,598,293,145,114,182,6.0,0.3833334,0.6166667,0.261,0.822,0.335,0
6.95,29.6,48.65,9.425,4.225,2.275,1.925,2.7,0.0,0.775,1.3,-1.45,-0.45,-0.2,-0.15,-0.05,16,18,21,25,17,11,13,13,25,29,25,27,26,16,19,20,435,1757,3008,636,255,124,107,166,6.0,0.3833334,0.6166667,0.261,0.822,0.335,0
6.95,30.375,49.95,7.975,3.775,2.075,1.775,2.65,1.125,2.9,-4.225,0.5,0.2,0.1,-0.3,-0.3,20,19,21,23,15,13,10,15,20,30,24,30,25,19,17,23,412,1758,2983,546,208,97,96,154,6.0,0.3833334,0.6166667,0.262,0.822,0.334,0
8.075,33.275,45.725,8.475,3.975,2.175,1.475,2.35,-0.3,-0.575,0.125,1.625,1.6,0.425,0.025,0.2,20,18,23,22,19,16,9,14,20,27,24,28,22,21,17,22,460,1885,2714,535,242,119,85,143,6.0,0.3833334,0.6166667,0.262,0.822,0.334,0
7.775,32.7,45.85,10.1,5.575,2.6,1.5,2.55,-0.4,-6.7,9.725,-0.05,0.45,-0.225,0.375,0.625,20,20,24,21,24,20,10,17,22,26,25,24,25,23,18,23,459,1973,2952,602,381,174,98,168,6.0,0.3833334,0.6166667,0.261,0.822,0.334,0
7.375,26.0,55.575,10.05,6.025,2.375,1.875,3.175,1.55,8.725,-4.7,-0.25,-1.125,-0.325,0.1,0.2,23,21,23,18,25,18,10,20,23,29,23,25,27,27,19,24,429,1766,3391,585,398,162,118,205,6.0,0.3833334,0.6166667,0.261,0.823,0.334,0
8.925,34.725,50.875,9.8,4.9,2.05,1.975,3.375,-0.725,2.125,-14.975,-1.25,-0.775,-0.15,-0.075,-0.325,24,21,20,22,25,13,12,21,27,29,22,28,29,25,25,26,610,2370,2939,618,303,125,124,219,6.0,0.3833334,0.6166667,0.26,0.824,0.334,0
8.2,36.85,35.9,8.55,4.125,1.9,1.9,3.05,0.675,-9.675,4.35,0.6,0.95,0.55,0.25,0.175,25,24,23,26,27,18,16,22,31,31,26,30,27,26,31,28,625,2444,2420,568,267,121,116,208,6.0,0.3833334,0.6166667,0.26,0.824,0.334,0
8.875,27.175,40.25,9.15,5.075,2.45,2.15,3.225,0.275,3.575,4.125,0.05,-0.075,0.05,-0.025,-0.05,22,26,28,21,26,22,16,17,26,30,28,28,27,26,25,26,582,1765,2680,562,323,155,114,204,6.0,0.3833334,0.6166667,0.26,0.825,0.334,0
9.15,30.75,44.375,9.2,5.0,2.5,2.125,3.175,-0.75,0.775,5.35,0.95,-0.7,-0.3,-0.075,-0.025,19,26,24,17,20,16,15,15,23,27,27,26,24,25,22,24,510,1949,2502,555,329,153,116,194,6.0,0.3833334,0.6166667,0.26,0.825,0.334,0
8.4,31.525,49.725,10.15,4.3,2.2,2.05,3.15,2.425,-1.05,9.2,3.625,1.95,0.825,0.575,0.875,24,20,19,19,18,15,17,20,31,22,27,27,22,24,24,24,588,1750,2768,693,246,132,123,208,6.0,0.3833334,0.6166667,0.26,0.824,0.333,0
10.825,30.475,58.925,13.775,6.25,3.025,2.625,4.025,0.725,7.225,-3.725,3.0,2.25,0.725,0.475,0.4,24,22,17,21,19,17,18,21,27,25,25,26,23,20,22,21,713,1888,3210,885,349,170,158,240,6.0,0.3833334,0.6166667,0.26,0.824,0.333,0
11.55,37.7,55.2,16.775,8.5,3.75,3.1,4.425,2.5,10.05,4.825,4.95,0.05,-0.05,0.15,0.775,20,25,16,18,22,20,20,19,23,28,25,18,21,18,19,18,676,2372,2969,864,516,215,180,258,6.0,0.3833334,0.6166667,0.26,0.824,0.334,0
14.05,47.75,60.025,21.725,8.55,3.7,3.25,5.2,-2.15,-5.75,1.125,-1.6,-1.525,-0.65,-0.725,-0.925,23,25,18,18,23,23,21,21,26,30,25,22,25,24,23,21,930,2946,3387,1254,540,234,196,335,6.0,0.3833334,0.6166667,0.259,0.823,0.334,0
11.9,42.0,61.15,20.125,7.025,3.05,2.525,4.275,3.6,-2.1,-14.2,-1.575,1.4,1.3,0.95,1.55,21,22,23,21,18,20,15,19,24,27,26,26,22,27,23,20,816,2697,3825,1270,402,193,158,264,6.0,0.3833334,0.6166667,0.259,0.823,0.334,0
15.5,39.9,46.95,18.55,8.425,4.35,3.475,5.825,5.375,10.125,12.075,1.6,1.8,1.5,1.55,2.85,17,19,24,23,22,20,16,19,20,28,27,24,24,26,23,18,955,2291,2943,1236,524,276,215,343,6.0,0.3833334,0.6166667,0.259,0.823,0.334,0
20.875,50.025,59.025,20.15,10.225,5.85,5.025,8.675,1.0,1.3,1.775,3.025,0.225,0.325,0.275,0.375,19,22,29,22,23,21,20,20,22,31,30,24,23,23,20,21,1210,2957,3925,1288,606,361,295,517,6.0,0.3833334,0.6166667,0.259,0.824,0.334,0
21.875,51.325,60.8,23.175,10.45,6.175,5.3,9.05,0.875,-6.875,-11.55,-1.125,-1.35,-0.825,-0.675,-1.175,21,21,23,22,17,19,20,18,24,27,29,27,19,20,17,21,1265,3029,3698,1515,603,346,290,537,6.0,0.3833334,0.6166667,0.259,0.824,0.335,0
22.75,44.45,49.25,22.05,9.1,5.35,4.625,7.875,-6.45,-4.375,-1.575,-8.5,-3.125,-1.925,-1.7,-2.7,24,22,22,24,17,22,22,19,24,26,27,30,20,21,20,22,1400,2666,3030,1420,566,316,272,485,6.0,0.3833334,0.6166667,0.258,0.825,0.335,0
16.3,40.075,47.675,13.55,5.975,3.425,2.925,5.175,-3.875,-0.725,2.95,-3.825,-1.05,-0.575,-0.55,-0.85,23,23,23,21,15,19,19,20,24,27,26,27,24,24,22,24,1056,2583,3153,864,361,227,190,341,6.0,0.3833334,0.6166667,0.258,0.825,0.335,0
12.425,39.35,50.625,9.725,4.925,2.85,2.375,4.325,0.15,-8.925,-0.15,-0.8,0.95,0.275,0.125,0.1,20,23,20,18,17,11,13,20,29,25,21,25,26,21,20,28,746,2453,2996,565,297,165,142,265,6.0,0.3833334,0.6166667,0.259,0.825,0.335,0
12.575,30.425,50.475,8.925,5.875,3.125,2.5,4.425,1.425,1.475,-1.15,1.975,0.975,0.7,0.5,0.75,20,21,18,19,22,11,13,18,30,22,22,26,28,20,24,30,813,1836,2672,564,395,193,173,300,6.0,0.3833334,0.6166667,0.259,0.825,0.335,0
14.0,31.9,49.325,10.9,6.85,3.825,3.0,5.175,-0.75,2.125,-1.675,0.85,-0.7,-0.25,0.925,-0.375,20,19,19,18,23,16,16,17,27,22,25,23,29,24,26,29,863,1898,2807,620,434,231,198,340,6.0,0.3833334,0.6166667,0.259,0.825,0.335,0
13.25,34.025,47.65,11.75,6.15,3.575,3.925,4.8,-2.65,-3.125,-1.45,0.3,-1.5,-0.825,1.375,-1.35,19,17,20,20,20,19,20,19,26,25,25,21,26,29,26,26,776,1896,2926,632,381,220,263,311,6.0,0.3833334,0.6166667,0.259,0.824,0.335,0
10.6,30.9,46.2,12.05,4.65,2.75,5.3,3.45,-0.175,-0.8,3.975,-0.5,0.2,0.25,-1.0,0.175,22,19,23,25,16,15,21,18,26,24,28,25,28,21,26,25,661,1566,2947,772,293,166,313,209,6.0,0.3833334,0.6166667,0.259,0.824,0.335,0
10.425,30.1,50.175,11.55,4.85,3.0,4.3,3.625,-0.275,5.675,6.35,-0.775,0.825,0.0,-2.05,0.05,22,25,22,27,21,17,22,19,22,27,28,28,26,20,29,27,655,1793,2865,789,328,184,246,224,6.0,0.3833334,0.6166667,0.259,0.824,0.334,0
10.15,35.775,56.525,10.775,5.675,3.0,2.25,3.675,2.45,-3.425,4.8,-0.175,-1.125,-0.675,-0.525,-0.25,21,29,21,23,25,24,17,20,23,29,29,30,25,24,25,25,650,2588,3309,696,381,200,144,246,6.0,0.3833334,0.6166667,0.259,0.824,0.334,0
12.6,32.35,61.325,10.6,4.55,2.325,1.725,3.425,4.15,-0.9,0.325,2.025,-0.575,0.0,0.2,0.375,21,22,26,19,24,16,11,19,23,23,29,29,23,24,20,21,771,1955,4003,667,286,149,95,213,6.0,0.3833334,0.6166667,0.259,0.825,0.335,0
16.75,31.45,61.65,12.625,3.975,2.325,1.925,3.8,-1.95,1.95,-4.4,-0.775,1.175,0.55,0.35,-0.3,22,17,27,21,20,13,11,19,25,21,29,26,20,23,21,22,1022,1775,3845,772,246,144,115,227,6.0,0.3833334,0.6166667,0.259,0.825,0.335,0
14.8,33.4,57.25,11.85,5.15,2.875,2.275,3.5,-2.5,-1.275,-1.025,-0.025,0.525,0.175,-0.125,-0.3,25,20,22,19,22,20,12,20,27,23,28,20,25,25,23,25,961,2010,3247,656,331,181,140,218,6.0,0.3833334,0.6166667,0.26,0.825,0.335,0
12.3,32.125,56.225,11.825,5.675,3.05,2.15,3.2,-3.575,-8.925,-15.35,-2.25,-1.5,-0.8,-0.525,-0.825,26,24,21,22,20,23,14,16,28,25,24,22,29,23,20,23,802,2039,3193,714,378,200,129,198,6.0,0.3833334,0.6166667,0.26,0.825,0.335,0
8.725,23.2,40.875,9.575,4.175,2.25,1.625,2.375,-5.475,-17.125,-29.525,-6.95,-2.1,-1.025,-0.6,-1.125,22,21,13,19,16,15,17,10,29,23,23,26,26,17,21,17,599,1397,2253,647,272,139,98,137,6.0,0.3833334,0.6166667,0.252,0.785,0.25,0
3.25,6.075,11.35,2.625,2.075,1.225,1.025,1.25,-2.125,-4.625,-10.25,-1.5,-1.075,-0.35,-0.1,-0.425,11,14,7,6,12,9,10,5,21,20,22,18,26,16,20,16,183,323,601,151,133,70,53,67,6.0,0.3833334,0.6166667,0.24,0.719,0.11,0
1.125,1.45,1.1,1.125,1.0,0.875,0.925,0.825,0.125,-0.225,0.25,0.275,0.325,0.225,0.1,-0.075,7,8,5,5,5,5,5,1,19,20,17,14,18,22,11,15,62,68,59,58,48,50,32,38,6.0,0.3833334,0.6166667,0.235,0.693,0.054,0
1.25,1.225,1.35,1.4,1.325,1.1,1.025,0.75,-0.175,0.225,0.4,0.45,0.725,0.425,0.375,0.075,8,4,8,9,6,1,6,1,19,20,18,17,14,16,13,16,55,55,66,74,57,45,43,39,6.0,0.3833334,0.6166667,0.235,0.695,0.056,0
1.075,1.45,1.75,1.85,2.05,1.525,1.4,0.825,0.4,1.8,2.275,0.05,-0.425,-0.275,0.0,0.125,5,10,14,11,10,6,12,1,12,17,19,22,18,13,22,17,38,80,106,95,90,63,74,44,6.0,0.3833334,0.6166667,0.239,0.699,0.063,0
1.475,3.25,4.025,1.9,1.625,1.25,1.4,0.95,1.25,5.1,16.0,1.375,-0.125,0.05,-0.05,0.275,5,18,19,10,7,8,15,4,16,22,22,17,19,16,20,16,69,192,266,91,77,61,75,45,6.0,0.3833334,0.6166667,0.248,0.712,0.084,0
2.725,8.35,20.025,3.275,1.5,1.3,1.35,1.225,2.275,9.45,20.35,3.0,1.4,0.675,0.525,0.825,15,24,24,19,8,10,14,11,25,29,27,22,21,18,18,21,167,523,1345,209,93,70,75,71,6.0,0.3833334,0.6166667,0.262,0.74,0.128,0
5.0,17.8,40.375,6.275,2.9,1.975,1.875,2.05,4.2,8.45,12.65,6.2,1.725,0.6,0.325,1.275,19,24,20,25,18,16,18,15,26,28,26,27,27,22,25,26,343,1121,2421,423,197,124,116,147,6.0,0.3833334,0.6166667,0.271,0.788,0.204,0
9.2,26.25,53.025,12.475,4.625,2.575,2.2,3.325,1.775,6.8,5.325,7.375,1.25,0.575,0.1,0.725,18,24,24,21,23,16,17,16,21,27,27,26,24,20,22,23,592,1685,3271,787,276,154,129,219,6.0,0.3833334,0.6166667,0.27,0.825,0.267,0
10.975,33.05,58.35,19.85,5.875,3.15,2.3,4.05,-1.4,-2.2,-1.575,-0.35,-0.1,-0.275,0.05,-0.05,20,25,26,17,23,18,13,21,22,29,28,21,26,20,23,25,657,2297,3571,1144,361,178,145,252,6.0,0.3833334,0.6166667,0.269,0.833,0.283,0
9.575,30.85,56.775,19.5,5.775,2.875,2.35,4.0,-1.075,-6.325,-3.0,-5.45,-0.325,-0.275,-0.3,-0.4,22,22,21,21,22,18,12,24,25,25,24,23,27,20,24,26,585,1965,3221,1169,382,175,161,259,6.0,0.3833334,0.6166667,0.27,0.833,0.284,0
8.5,24.525,53.775,14.05,5.45,2.6,2.05,3.6,-0.25,-1.25,-9.125,-2.275,0.075,0.15,-0.175,-0.275,21,24,25,23,19,16,13,19,25,29,27,26,24,21,21,19,517,1550,3440,893,345,163,135,205,6.0,0.3833334,0.6166667,0.27,0.833,0.285,0
8.25,23.275,44.65,11.775,5.525,2.75,1.875,3.325,0.7,2.95,-0.9,2.325,0.475,0.2,0.325,-0.125,22,27,24,21,21,15,11,15,26,29,29,24,25,20,19,17,523,1469,2850,747,367,168,112,168,6.0,0.3833334,0.6166667,0.271,0.834,0.286,0
8.95,26.225,43.75,14.1,6.0,2.95,2.2,3.2,2.325,6.9,11.075,1.15,-0.3,0.175,0.25,0.375,19,25,16,22,23,12,10,16,23,29,25,28,27,20,17,18,547,1690,2330,940,385,170,117,184,6.0,0.3833334,0.6166667,0.271,0.835,0.286,0
11.275,33.125,54.825,15.25,5.7,3.125,2.45,3.575,0.1,0.525,1.625,-2.6,0.0,-0.075,-0.05,-0.05,20,24,17,18,19,14,15,17,24,30,22,28,25,24,23,24,637,2153,2869,949,350,188,156,227,6.0,0.3833334,0.6166667,0.272,0.835,0.287,0
11.375,33.65,56.45,12.65,5.7,3.05,2.4,3.525,-2.8,-0.125,-3.8,-0.2,0.65,-0.175,0.05,-0.175,21,25,23,21,15,17,17,20,22,27,26,31,24,25,25,24,609,2098,3218,798,318,171,150,214,6.0,0.3833334,0.6166667,0.27,0.833,0.287,0
8.575,33.525,52.65,12.45,6.35,2.875,2.45,3.35,0.525,1.175,6.025,0.3,0.1,-0.05,-0.025,0.275,20,26,26,24,18,17,17,20,23,28,27,29,30,22,26,21,495,2192,3304,762,408,157,136,202,6.0,0.3833334,0.6166667,0.268,0.832,0.288,0
9.1,34.7,58.675,12.75,6.45,2.825,2.425,3.625,0.675,-2.05,-0.2,-1.975,0.325,-0.2,-0.475,-0.275,21,25,25,24,24,20,20,18,23,30,27,24,28,23,21,18,578,2328,3577,811,425,176,136,216,6.0,0.3833334,0.6166667,0.268,0.832,0.289,0
9.775,32.65,58.475,10.775,6.775,2.625,1.95,3.35,-1.225,2.1,-9.375,0.075,-1.4,-0.225,0.025,-0.25,22,25,24,22,23,22,19,20,23,28,26,22,22,22,25,19,616,2119,3423,637,420,158,116,194,6.0,0.3833334,0.6166667,0.267,0.833,0.289,0
8.55,34.75,49.1,10.85,5.375,2.4,1.975,3.1,-0.9,0.4,5.85,-0.25,-1.45,-0.125,0.125,-0.35,19,23,20,23,19,18,17,18,21,25,22,25,21,21,24,20,523,2210,2699,632,334,128,114,171,6.0,0.3833334,0.6166667,0.267,0.834,0.289,0
7.65,35.15,54.95,10.6,3.925,2.275,2.1,2.75,0.525,5.825,5.7,-1.125,0.35,0.05,-0.05,-0.05,17,19,25,22,17,11,14,14,17,25,26,28,23,20,21,19,393,1979,3586,693,216,110,115,148,6.0,0.3833334,0.6166667,0.267,0.835,0.289,0
8.175,40.975,60.65,9.475,4.275,2.325,2.05,2.7,0.425,1.8,-9.225,0.8,0.15,0.1,-0.1,0.075,18,24,27,19,18,15,18,19,23,27,28,28,26,23,26,22,394,2374,3988,609,261,127,124,161,6.0,0.3833334,0.6166667,0.267,0.835,0.288,0
8.6,42.775,51.425,10.275,4.425,2.425,1.95,2.775,0.05,-9.65,-3.275,-0.425,-0.025,-0.225,-0.225,-0.35,21,29,18,23,18,21,19,20,26,30,24,29,26,27,21,23,485,2767,2948,672,299,152,118,168,6.0,0.3833334,0.6166667,0.267,0.834,0.288,0
8.65,33.125,48.15,9.85,4.4,2.2,1.725,2.425,-1.075,-6.25,-0.8,-0.425,0.0,-0.025,-0.25,-0.5,19,23,18,22,12,13,10,10,24,28,23,27,21,22,17,21,470,1923,2556,558,236,116,94,129,6.0,0.3833334,0.6166667,0.267,0.833,0.287,0
7.575,26.875,47.35,9.425,4.4,2.175,1.475,1.925,-1.275,-1.55,-5.7,1.3,0.55,0.325,0.05,0.125,18,16,23,20,14,14,6,11,20,21,25,26,25,25,23,24,392,1414,2886,499,221,119,88,109,6.0,0.3833334,0.6166667,0.268,0.833,0.287,0
6.3,25.325,41.65,10.725,4.95,2.5,1.525,2.05,-0.2,-0.4,-3.125,0.225,0.475,0.1,0.075,0.25,19,20,19,24,23,21,11,19,23,25,24,29,30,29,28,25,397,1493,2477,658,313,157,106,133,6.0,0.3833334,0.6166667,0.268,0.833,0.287,0
6.1,24.925,38.525,10.95,5.425,2.6,1.6,2.3,0.375,1.25,-3.05,-1.75,-0.725,-0.25,0.0,0.2,22,27,19,25,29,22,16,23,28,30,27,27,30,29,27,28,402,1635,2003,645,371,168,103,151,6.0,0.3833334,0.6166667,0.268,0.834,0.287,0
6.475,26.175,35.475,9.2,4.7,2.35,1.6,2.5,1.7,4.425,3.8,-0.875,-0.475,-0.25,0.275,0.375,26,28,19,20,22,18,15,24,27,27,23,23,26,24,25,25,427,1741,1714,551,305,144,97,165,6.0,0.3833334,0.6166667,0.268,0.834,0.287,0
8.175,30.6,39.275,8.325,4.225,2.1,1.875,2.875,0.05,0.05,4.0,1.3,-0.225,-0.025,0.025,-0.1,21,25,20,17,19,17,18,21,24,26,25,24,24,23,30,24,494,1937,2185,553,257,134,117,172,6.0,0.3833334,0.6166667,0.268,0.834,0.287,0
8.225,30.65,43.275,9.625,4.0,2.075,1.9,2.775,-0.775,-4.075,-0.825,-0.3,-0.8,-0.125,-0.325,-0.125,15,18,29,20,23,15,17,18,26,25,30,26,25,22,27,22,489,1894,2829,588,250,122,104,143,6.0,0.3833334,0.6166667,0.267,0.834,0.288,0
7.45,26.575,42.45,9.325,3.2,1.95,1.575,2.65,-1.6,-4.325,-3.225,-2.7,-0.225,-0.225,-0.175,-0.575,19,18,28,20,21,12,10,15,26,25,27,25,24,22,20,22,459,1540,2817,552,191,111,87,151,6.0,0.3833334,0.6166667,0.267,0.834,0.289,0
5.85,22.25,39.225,6.625,2.975,1.725,1.4,2.075,-0.925,-2.1,1.7,-0.225,0.275,-0.025,0.0,-0.35,22,19,24,18,18,10,8,9,24,23,23,25,22,17,17,27,352,1175,2362,414,182,105,77,135,6.0,0.3833334,0.6166667,0.266,0.835,0.29,0
4.925,20.15,40.925,6.4,3.25,1.7,1.4,1.725,3.0,1.525,2.35,1.425,0.525,0.325,0.1,0.375,19,17,22,17,17,11,6,9,23,25,25,23,22,19,21,29,281,1053,2291,380,206,100,75,102,6.0,0.3833334,0.6166667,0.266,0.835,0.29,0
7.925,21.675,43.275,7.825,3.775,2.025,1.5,2.1,2.25,2.0,-4.0,0.975,1.425,0.5,0.3,0.5,22,21,22,19,13,13,8,16,22,27,26,23,18,19,21,25,425,1353,2515,495,199,101,83,118,6.0,0.3833334,0.6166667,0.266,0.835,0.29,0
10.175,23.675,39.275,8.8,5.2,2.525,1.8,2.6,-1.65,7.35,3.65,0.25,0.3,-0.125,0.0,0.075,23,25,23,27,15,15,15,16,22,32,27,29,22,21,22,22,549,1659,2456,586,309,148,103,150,6.0,0.3833334,0.6166667,0.266,0.835,0.29,0
8.525,31.025,42.925,9.05,5.5,2.4,1.8,2.675,0.075,3.9,0.95,2.625,-0.125,0.325,0.325,0.575,21,25,15,22,18,14,14,12,22,30,24,27,26,21,23,21,495,1988,2174,581,332,150,102,133,6.0,0.3833334,0.6166667,0.266,0.836,0.29,0
8.6,34.925,43.875,11.675,5.375,2.725,2.125,3.25,0.175,-7.85,2.075,2.875,0.025,0.225,0.15,0.475,21,23,20,17,17,14,17,17,23,25,24,23,24,20,22,21,479,1941,2417,726,304,142,118,178,6.0,0.3833334,0.6166667,0.267,0.835,0.291,0
8.775,27.075,45.95,14.55,5.4,2.95,2.275,3.725,-1.2,-2.8,0.9,-2.15,-0.475,-0.4,-0.2,-0.225,22,22,22,25,20,19,20,21,22,25,25,25,25,24,23,23,507,1513,2781,963,333,173,144,231,6.0,0.3833334,0.6166667,0.267,0.835,0.291,0
7.575,24.275,46.85,12.4,4.925,2.55,2.075,3.5,0.65,4.2,-0.1,-1.2,-0.475,-0.225,-0.25,-0.075,19,21,24,24,21,15,16,16,25,25,27,25,23,21,22,19,459,1341,2823,768,284,145,128,196,6.0,0.3833334,0.6166667,0.266,0.835,0.291,0
8.225,28.475,46.75,11.2,4.45,2.325,1.825,3.425,0.4,4.425,-2.575,-1.175,-0.75,-0.475,-0.275,-0.575,18,20,25,20,23,15,13,15,27,24,27,22,20,21,20,25,502,1520,2856,628,250,126,109,196,6.0,0.3833334,0.6166667,0.266,0.835,0.291,0
8.625,32.9,44.175,10.025,3.7,1.85,1.55,2.85,-0.5,-3.7,-1.375,-0.85,0.375,0.225,0.425,0.15,19,23,19,21,24,18,10,14,24,25,22,21,23,24,20,25,483,2005,2438,606,224,115,91,169,6.0,0.3833334,0.6166667,0.265,0.835,0.291,0
8.125,29.2,42.8,9.175,4.075,2.075,1.975,3.0,0.625,0.55,-2.625,0.1,0.575,0.425,0.175,0.075,15,27,21,20,20,15,13,18,23,29,29,24,23,21,23,23,484,1910,2849,592,249,123,117,189,6.0,0.3833334,0.6166667,0.265,0.836,0.292,0
8.75,29.75,40.175,9.275,4.65,2.5,2.15,3.075,0.225,4.625,-2.25,2.825,0.75,-0.025,0.0,-0.075,21,24,21,18,18,13,12,23,25,29,28,21,22,20,22,24,582,1941,2498,576,261,143,123,196,6.0,0.3833334,0.6166667,0.266,0.836,0.292,0
8.975,34.375,37.925,12.1,5.4,2.475,2.15,3.0,-1.8,-4.775,6.575,-0.175,-0.025,0.025,0.025,-0.075,26,24,18,22,19,16,15,23,26,27,21,22,22,19,20,23,581,2237,1965,806,317,146,117,178,6.0,0.3833334,0.6166667,0.266,0.837,0.293,0
1.4,1.45,1.175,1.025,0.925,1.125,0.875,0.875,-0.025,0.075,0.1,0.05,0.1,-0.175,-0.075,-0.1,11,10,8,7,2,7,6,3,19,19,17,20,12,12,17,13,67,76,60,57,30,41,48,33,7.0,0.3833334,1.0,0.233,0.69,0.06,0
1.375,1.525,1.275,1.075,1.025,0.95,0.8,0.775,-0.3,0.15,0.025,0.05,0.2,-0.175,-0.075,0.075,7,14,7,6,7,6,3,1,15,20,13,21,15,10,16,13,56,77,55,51,43,36,41,29,7.0,0.3833334,1.0,0.233,0.69,0.06,0
1.075,1.675,1.3,1.125,1.225,0.775,0.725,0.85,-0.175,-0.225,-0.125,0.075,-0.025,0.075,0.0,0.275,5,14,6,7,5,4,2,6,16,19,15,20,23,16,18,19,52,85,66,51,58,37,36,40,7.0,0.3833334,1.0,0.233,0.69,0.061,0
0.9,1.45,1.175,1.2,1.2,0.85,0.725,1.125,0.0,0.0,0.275,1.325,1.975,0.975,0.925,-0.15,9,11,8,7,1,2,5,8,19,18,15,18,19,18,15,21,54,72,61,48,51,37,36,50,7.0,0.3833334,1.0,0.233,0.691,0.061,0
0.9,1.45,1.45,2.525,3.175,1.825,1.65,0.975,0.175,1.025,2.725,0.125,0.45,0.5,0.175,0.025,7,12,10,7,6,5,9,3,13,18,16,17,16,18,14,19,38,71,65,108,137,88,68,44,7.0,0.3833334,1.0,0.234,0.695,0.064,0
1.075,2.475,4.175,2.65,3.625,2.325,1.825,1.0,0.175,2.375,8.375,-1.15,-2.175,-0.775,-0.525,0.2,5,13,13,7,10,9,10,3,12,18,17,19,21,25,15,15,44,157,265,131,167,128,78,40,7.0,0.3833334,1.0,0.242,0.709,0.077,0
1.25,4.85,12.55,1.5,1.45,1.55,1.3,1.2,0.2,0.45,1.9,0.425,-0.425,-0.3,-0.025,-0.075,8,17,21,7,4,10,11,6,16,22,24,20,21,19,23,14,61,307,845,84,74,76,68,42,7.0,0.3833334,1.0,0.261,0.743,0.104,0
1.45,5.3,14.45,1.925,1.025,1.25,1.275,1.125,2.175,5.95,10.675,5.4,1.875,0.975,0.1,0.65,11,18,23,14,1,12,14,8,19,22,23,23,16,14,26,14,80,325,924,110,54,59,71,47,7.0,0.3833334,1.0,0.286,0.799,0.142,0
3.625,11.25,25.125,7.325,2.9,2.225,1.375,1.775,4.375,17.175,19.775,7.775,2.0,0.5,0.45,1.0,15,16,23,15,9,17,11,15,22,17,24,21,19,19,20,17,213,664,1451,435,175,125,76,100,7.0,0.3833334,1.0,0.303,0.878,0.191,0
8.0,28.425,44.9,15.1,4.9,2.725,1.825,2.775,3.75,11.15,-1.45,3.175,-0.5,-0.425,0.375,0.85,18,26,27,19,22,20,16,21,19,23,31,20,29,27,26,22,445,1799,2904,900,327,180,125,169,7.0,0.3833334,1.0,0.294,0.959,0.24,0
11.75,39.575,43.45,18.275,4.4,2.3,2.2,3.625,-0.725,-2.375,4.325,-3.25,-1.125,-0.125,-0.225,0.025,19,29,27,22,24,15,18,17,23,28,28,24,27,26,26,22,716,2637,2893,1175,278,170,140,228,7.0,0.3833334,1.0,0.275,1.005,0.267,0
11.025,37.2,47.775,15.025,3.275,2.175,1.975,3.65,1.125,-4.775,10.875,-1.5,0.425,0.25,0.225,0.2,18,28,21,25,17,13,14,16,26,30,25,25,20,21,24,20,689,2469,2806,1010,190,146,116,217,7.0,0.3833334,1.0,0.267,1.017,0.273,0
12.15,32.425,58.65,13.525,3.7,2.425,2.2,3.85,1.3,-5.85,-6.2,-0.875,0.4,-0.35,0.025,-0.425,23,28,22,23,15,16,21,21,28,32,25,22,23,20,30,25,898,2195,3474,826,224,145,144,241,7.0,0.3833334,1.0,0.263,1.018,0.274,0
13.45,26.575,52.45,12.65,4.1,2.075,2.225,3.425,-2.4,1.85,-9.5,-1.95,-0.175,0.025,-0.35,-0.375,26,25,25,21,21,15,19,19,27,28,24,22,27,23,23,26,940,1785,3112,750,257,119,134,223,7.0,0.3833334,1.0,0.261,1.018,0.276,0
11.05,28.425,42.95,10.7,3.925,2.1,1.875,3.05,1.075,15.0,6.675,5.15,2.175,1.45,0.6,0.9,21,23,22,25,16,15,12,16,26,28,23,26,21,22,15,23,671,1894,2467,691,241,112,100,171,7.0,0.3833334,1.0,0.261,1.019,0.277,0
12.125,43.425,49.625,15.85,6.1,3.55,2.475,3.95,1.925,1.275,9.8,2.075,1.6,0.45,0.6,0.8,18,24,21,25,11,17,14,15,24,29,23,26,19,20,11,16,696,2520,2717,1065,371,195,135,208,7.0,0.3833334,1.0,0.261,1.019,0.278,0
14.05,44.7,59.425,17.925,7.7,4.0,3.075,4.75,-2.225,-10.9,-2.525,-4.5,-1.85,-0.925,-0.475,-0.675,19,24,25,23,18,19,18,17,24,28,24,26,23,27,20,21,880,2783,3362,1189,519,259,189,274,7.0,0.3833334,1.0,0.262,1.019,0.278,0
11.825,33.8,56.9,13.425,5.85,3.075,2.6,4.075,-1.775,-2.1,-2.625,-1.875,-0.85,-0.225,-0.35,-0.65,17,23,28,24,18,20,16,18,26,25,27,28,29,26,25,28,707,2095,3719,891,385,199,157,243,7.0,0.3833334,1.0,0.263,1.018,0.277,0
10.05,31.7,54.275,11.55,5.0,2.85,2.25,3.425,1.9,4.775,6.825,1.375,1.2,0.65,0.525,0.9,18,27,22,22,22,19,16,21,26,28,27,24,32,25,22,24,557,1962,3318,718,317,176,135,217,7.0,0.3833334,1.0,0.264,1.018,0.277,0
11.95,36.475,61.1,12.925,6.2,3.5,2.775,4.325,-0.125,-2.525,-0.525,2.475,-0.425,-0.275,-0.05,-0.2,17,30,21,17,22,15,14,16,23,31,24,19,25,22,22,22,691,2519,3553,682,369,194,159,258,7.0,0.3833334,1.0,0.264,1.019,0.277,0
11.825,33.95,60.575,15.4,5.775,3.225,2.725,4.125,2.05,-1.65,-8.025,0.15,0.025,0.1,0.1,0.625,17,24,26,23,21,16,12,15,25,25,28,24,22,19,25,27,650,2142,3746,865,325,174,150,238,7.0,0.3833334,1.0,0.264,1.019,0.276,0
13.875,32.3,52.55,15.55,5.8,3.325,2.825,4.75,-0.5,4.75,1.85,-1.225,0.3,-0.025,-0.375,-0.3,24,22,20,27,21,20,18,21,30,28,27,28,25,23,27,31,850,2091,2925,927,346,209,169,287,7.0,0.3833334,1.0,0.264,1.019,0.276,0
13.375,37.05,54.4,14.325,6.1,3.3,2.45,4.45,-3.7,-7.225,-5.225,-2.425,-1.0,-0.275,-0.225,-0.85,27,26,17,23,18,25,20,24,27,30,25,27,23,26,28,28,846,2493,3124,879,357,213,159,274,7.0,0.3833334,1.0,0.263,1.018,0.277,0
9.675,29.825,49.175,11.9,5.1,3.025,2.225,3.6,-0.4,-6.1,-3.15,-3.25,-1.225,-0.45,0.0,-0.05,24,23,22,25,18,26,18,23,25,24,24,27,26,26,28,27,627,1871,2900,817,335,197,151,236,7.0,0.3833334,1.0,0.262,1.018,0.277,0
9.275,23.725,46.025,8.65,3.875,2.575,2.225,3.55,-0.425,4.25,1.525,1.25,0.425,-0.45,-0.275,-0.35,24,21,24,25,21,19,19,23,28,26,27,31,27,24,26,30,623,1439,2824,604,266,163,147,241,7.0,0.3833334,1.0,0.262,1.018,0.277,0
8.85,27.975,47.55,9.9,4.3,2.125,1.95,3.2,-1.25,-1.375,0.05,2.875,1.225,0.225,0.2,-0.2,22,24,22,22,24,16,16,21,27,27,25,27,24,24,25,29,500,1634,2774,586,278,139,129,208,7.0,0.3833334,1.0,0.262,1.019,0.278,0
7.6,26.6,47.6,12.775,5.525,2.35,2.15,3.0,-1.575,-6.15,0.3,-0.675,-0.85,-0.3,-0.475,-0.55,19,23,21,22,21,18,13,17,24,24,22,24,21,22,20,23,445,1617,2742,760,340,150,133,182,7.0,0.3833334,1.0,0.262,1.02,0.277,0
6.025,20.45,47.9,12.1,4.675,2.05,1.675,2.45,-0.325,0.225,-4.0,-2.675,-0.625,0.0,-0.275,-0.075,19,24,26,20,18,14,11,18,22,24,29,26,21,21,22,21,350,1300,3069,741,254,115,98,144,7.0,0.3833334,1.0,0.262,1.02,0.277,0
5.7,20.675,43.9,9.425,4.05,2.05,1.4,2.375,1.85,-0.05,-3.95,0.775,-0.05,0.1,0.375,0.25,19,27,31,23,21,13,12,20,25,28,32,28,21,23,26,23,315,1349,3095,607,218,113,86,140,7.0,0.3833334,1.0,0.262,1.02,0.277,0
7.55,20.625,39.95,10.2,4.0,2.15,1.775,2.625,1.7,2.75,0.525,1.125,0.4,0.0,-0.05,-0.125,17,23,29,22,20,13,9,12,21,25,28,26,23,20,20,20,431,1221,2821,551,213,117,84,129,7.0,0.3833334,1.0,0.262,1.02,0.277,0
9.25,23.375,40.475,11.325,4.4,2.15,1.725,2.5,-1.775,1.65,5.825,-1.625,0.225,0.075,-0.125,-0.3,17,23,26,21,16,15,10,13,23,23,27,28,23,20,17,22,489,1475,2513,621,253,127,86,138,7.0,0.3833334,1.0,0.261,1.021,0.277,0
7.475,25.025,46.3,9.7,4.625,2.225,1.6,2.2,-1.525,-3.575,7.475,-1.275,-1.05,-0.375,-0.175,0.075,20,22,25,25,18,19,13,18,27,23,28,28,25,26,19,22,398,1527,2822,613,287,139,96,136,7.0,0.3833334,1.0,0.261,1.022,0.278,0
5.95,21.45,53.775,8.425,3.575,1.85,1.425,2.275,1.2,1.1,-2.175,3.55,-0.425,-0.125,0.05,0.125,25,21,23,24,16,18,11,21,29,22,24,28,22,24,20,24,387,1105,3120,593,205,108,77,144,7.0,0.3833334,1.0,0.26,1.022,0.277,0
7.15,22.55,51.6,11.975,3.15,1.725,1.475,2.4,-0.35,-2.425,-12.15,0.225,0.375,0.175,0.25,0.025,24,22,22,22,14,15,13,20,26,21,21,27,22,20,20,26,472,1283,2980,739,168,92,77,160,7.0,0.3833334,1.0,0.26,1.022,0.278,0
6.8,20.125,39.45,12.2,3.525,1.9,1.725,2.425,-1.525,-2.675,-2.925,-2.5,0.925,0.2,-0.125,-0.3,21,23,18,16,19,14,16,15,25,24,21,25,25,21,21,23,452,1220,2277,725,219,102,99,152,7.0,0.3833334,1.0,0.26,1.022,0.279,0
5.275,17.45,36.525,9.7,4.45,2.1,1.6,2.125,0.8,5.325,6.5,-0.4,0.25,0.125,-0.125,-0.05,17,23,21,20,19,11,12,10,24,28,28,26,18,18,21,16,313,1103,2184,610,232,105,91,117,7.0,0.3833334,1.0,0.261,1.022,0.279,0
6.075,22.775,43.025,9.3,4.7,2.225,1.475,2.075,1.25,-0.25,-1.4,-1.7,-1.25,-0.5,-0.075,0.125,15,24,25,25,22,10,8,7,22,27,26,24,22,17,19,20,348,1376,2842,576,258,97,69,127,7.0,0.3833334,1.0,0.261,1.022,0.279,0
7.325,22.525,41.625,7.6,3.45,1.725,1.4,2.2,0.0,-3.6,-5.5,0.6,-0.975,-0.3,0.0,-0.2,19,23,23,24,22,13,10,10,23,22,25,26,24,16,15,23,439,1318,2738,471,208,78,64,141,7.0,0.3833334,1.0,0.261,1.023,0.28,0
7.325,18.925,36.125,8.2,2.475,1.425,1.4,2.0,-0.975,0.525,2.425,0.825,-0.15,-0.075,-0.175,-0.2,16,25,20,23,17,12,14,10,22,24,30,28,18,18,20,22,443,1193,2254,508,126,72,76,128,7.0,0.3833334,1.0,0.261,1.023,0.28,0
6.35,19.45,38.55,9.025,2.325,1.35,1.225,1.8,0.325,3.45,-4.425,0.35,1.075,0.575,0.025,0.175,12,23,18,23,13,10,9,10,21,24,27,28,16,17,20,18,328,1148,2159,610,126,68,67,112,7.0,0.3833334,1.0,0.261,1.023,0.281,0
6.675,22.9,34.125,9.375,3.4,1.925,1.25,1.975,0.775,-0.1,1.325,1.65,0.575,0.275,0.3,0.225,19,20,20,24,15,16,6,20,22,23,25,27,22,23,18,23,392,1430,1836,628,204,107,69,123,7.0,0.3833334,1.0,0.261,1.023,0.281,0
7.45,22.8,35.45,11.025,3.975,2.2,1.55,2.2,-1.75,-3.85,11.025,-0.675,-0.125,-0.45,0.05,-0.075,18,22,21,26,22,19,10,21,21,24,26,27,29,28,22,28,412,1511,2042,749,273,136,90,142,7.0,0.3833334,1.0,0.26,1.023,0.282,0
5.7,18.95,46.475,10.35,3.85,1.75,1.6,2.125,-0.25,1.7,1.775,-1.725,0.05,0.4,0.0,0.1,15,22,21,23,23,14,12,19,20,25,28,24,24,24,17,26,284,1138,2849,693,253,109,76,129,7.0,0.3833334,1.0,0.26,1.022,0.282,0
5.45,20.65,48.25,8.625,3.9,2.15,1.6,2.225,1.875,6.7,0.775,0.35,-0.025,0.225,0.05,0.475,20,22,21,18,16,11,14,17,21,25,24,26,22,19,20,29,307,1208,2790,522,218,106,81,135,7.0,0.3833334,1.0,0.26,1.021,0.283,0
7.325,27.35,49.025,8.975,3.875,2.375,1.65,2.7,1.1,6.825,6.225,3.575,0.275,-0.35,0.375,0.4,22,23,22,17,10,14,12,16,20,27,25,26,22,19,21,25,426,1835,2757,533,203,116,94,155,7.0,0.3833334,1.0,0.26,1.02,0.282,0
8.425,34.175,55.25,12.55,4.15,2.025,2.025,3.1,-1.425,-4.325,-3.35,0.4,0.0,-0.125,-0.2,-0.45,23,23,25,24,19,16,16,22,22,29,28,27,23,19,21,25,551,2389,3313,868,256,125,128,201,7.0,0.3833334,1.0,0.26,1.02,0.282,0
7.0,29.85,51.9,12.95,4.15,1.9,1.825,2.65,-1.05,-7.65,-4.5,-2.275,0.35,0.225,-0.4,-0.325,22,20,27,24,24,13,16,25,24,25,29,27,25,20,23,24,473,1791,3412,864,258,116,117,183,7.0,0.3833334,1.0,0.26,1.019,0.282,0
5.95,22.2,47.4,10.675,4.5,2.125,1.425,2.325,1.525,0.0,3.775,0.225,0.725,0.55,0.5,0.6,18,18,26,17,23,20,11,22,25,23,29,22,25,24,27,24,365,1175,3301,593,289,132,95,149,7.0,0.3833334,1.0,0.259,1.018,0.282,0
7.475,22.2,51.175,10.9,5.225,2.675,1.925,2.925,0.325,3.525,-0.975,0.775,-0.425,-0.1,0.175,0.35,19,18,24,17,20,24,12,19,23,27,27,19,25,25,26,26,429,1346,3369,568,323,162,114,180,7.0,0.3833334,1.0,0.259,1.017,0.282,0
7.8,25.725,50.2,11.675,4.8,2.575,2.1,3.275,-0.975,-1.075,-8.725,-1.45,-1.2,-0.6,-0.2,-0.475,18,20,25,20,17,19,14,20,21,26,26,25,27,27,21,23,434,1572,3096,689,309,152,119,197,7.0,0.3833334,1.0,0.259,1.016,0.282,0
6.825,24.65,41.475,10.225,3.6,1.975,1.9,2.8,-3.15,-13.05,-23.6,-5.9,-1.525,-0.625,-0.475,-1.225,13,20,23,19,17,15,15,16,21,22,25,27,24,27,20,21,394,1355,2386,652,236,113,105,161,7.0,0.3833334,1.0,0.256,0.967,0.247,0
3.675,11.6,17.875,4.325,2.075,1.35,1.425,1.575,-2.675,-10.025,-16.675,-3.275,-1.075,-0.525,-0.6,-0.75,8,14,14,8,8,8,10,6,18,24,22,22,15,19,18,16,219,581,919,252,102,68,67,86,7.0,0.3833334,1.0,0.243,0.804,0.129,0
1.0,1.575,1.2,1.05,1.0,0.825,0.825,0.825,-0.175,-0.075,0.475,0.6,0.85,0.45,0.125,0.075,5,12,7,0,6,4,4,1,18,25,20,21,18,20,15,14,46,95,72,49,47,45,38,39,7.0,0.3833334,1.0,0.235,0.69,0.047,0
0.825,1.5,1.675,1.65,1.85,1.275,0.95,0.9,0.6,0.875,7.35,0.575,0.9,0.375,0.45,0.125,3,11,8,8,10,8,8,3,18,22,18,17,18,24,19,16,40,76,93,91,91,78,54,41,7.0,0.3833334,1.0,0.236,0.694,0.05,0
1.425,2.375,9.025,2.225,2.75,1.65,1.4,1.025,0.425,1.65,12.15,0.275,-0.875,-0.35,-0.05,0.35,11,14,16,14,12,9,15,12,21,21,18,17,16,24,21,24,78,126,544,129,138,102,81,66,7.0,0.3833334,1.0,0.244,0.713,0.065,0
1.85,4.025,21.175,2.5,1.875,1.3,1.35,1.375,-0.075,1.2,2.95,0.55,-0.5,-0.15,-0.3,-0.15,14,18,21,20,10,2,12,12,23,28,22,22,17,16,22,26,109,274,1286,152,103,63,72,85,7.0,0.3833334,1.0,0.259,0.752,0.094,0
1.775,5.225,24.125,3.05,1.375,1.15,1.05,1.225,0.525,1.1,-2.35,0.25,0.375,0.125,-0.05,-0.125,10,21,25,26,15,7,6,7,24,32,26,27,22,19,20,27,117,405,1477,204,88,50,53,73,7.0,0.3833334,1.0,0.277,0.809,0.134,0
2.3,6.325,21.775,3.3,1.75,1.275,1.0,1.1,7.775,13.45,23.25,2.525,1.55,1.025,0.8,1.45,12,24,26,22,15,9,4,3,22,31,27,24,23,21,13,16,121,413,1427,211,97,61,41,55,7.0,0.3833334,1.0,0.285,0.89,0.191,0
10.075,19.775,45.025,5.825,3.3,2.3,1.8,2.55,11.4,15.4,22.3,7.9,2.5,1.025,0.975,1.65,15,24,22,22,9,7,7,6,22,27,24,22,17,16,17,14,568,1137,2405,346,157,114,83,124,7.0,0.3833334,1.0,0.273,0.969,0.247,0
21.475,35.175,67.325,13.725,5.8,3.325,2.775,4.2,1.5,7.525,-10.275,7.425,0.95,-0.15,-0.075,0.25,15,23,20,23,12,12,14,17,24,24,26,24,20,21,21,22,1210,1991,3592,847,313,180,154,222,7.0,0.3833334,1.0,0.256,1.012,0.273,0
22.975,42.7,57.05,21.15,6.75,3.175,2.7,4.45,-5.775,-2.675,-9.95,-1.65,-0.825,-0.4,-0.375,-0.35,17,24,21,18,17,14,12,20,27,26,29,23,23,18,21,23,1068,2299,3410,1191,389,171,159,231,7.0,0.3833334,1.0,0.25,1.025,0.275,0
17.2,40.025,47.1,19.5,5.925,2.775,2.325,4.1,-1.025,-7.0,4.175,-4.225,0.15,0.3,0.075,-0.25,21,23,20,14,22,12,13,14,26,27,25,23,25,18,18,20,801,2277,2678,1055,355,152,122,209,7.0,0.3833334,1.0,0.246,1.025,0.275,0
16.175,33.025,51.275,15.275,6.075,3.075,2.4,3.85,1.725,-0.35,5.475,-1.075,0.825,0.15,0.0,0.125,20,21,17,16,27,17,16,17,26,25,24,26,27,26,21,24,969,1972,2743,867,413,187,134,248,7.0,0.3833334,1.0,0.245,1.024,0.276,0
17.9,32.675,56.75,14.2,6.9,3.225,2.4,3.975,-1.1,-4.625,-3.15,-0.475,-0.475,-0.125,-0.225,-0.15,21,18,16,18,21,19,20,22,25,27,24,26,25,30,26,25,1110,1809,2893,760,483,211,158,265,7.0,0.3833334,1.0,0.246,1.023,0.277,0
16.8,28.05,53.6,13.725,6.425,3.1,2.175,3.825,-2.225,4.65,1.6,2.925,-0.925,-0.1,-0.1,-0.625,27,16,21,23,20,20,19,18,29,25,24,28,27,27,24,23,1062,1394,3164,843,428,201,143,240,7.0,0.3833334,1.0,0.249,1.023,0.278,0
14.575,32.7,55.2,16.65,5.5,3.0,2.075,3.2,2.3,4.45,1.95,2.2,0.35,0.175,0.3,0.325,25,17,25,27,24,18,15,18,28,23,24,31,25,21,22,22,921,1641,3350,1132,333,174,131,203,7.0,0.3833334,1.0,0.251,1.022,0.279,0
16.875,37.15,57.15,18.85,5.85,3.175,2.375,3.525,5.725,3.525,-3.825,0.325,-0.175,1.175,0.5,1.075,16,23,24,21,25,18,15,14,27,23,28,28,23,23,26,24,949,1959,3376,1197,364,189,156,210,7.0,0.3833334,1.0,0.251,1.021,0.279,0
22.6,40.675,53.325,19.175,5.675,4.35,2.875,4.6,-2.275,5.15,-1.8,-1.325,0.225,0.35,0.075,-0.075,15,28,23,24,23,23,18,17,25,26,26,26,23,30,24,23,1238,2409,3049,1220,373,277,191,263,7.0,0.3833334,1.0,0.249,1.022,0.28,0
20.325,45.825,51.525,17.85,5.9,4.7,2.95,4.525,-3.725,-6.05,-3.3,1.1,0.625,-0.575,0.1,0.0,20,25,26,23,21,22,19,19,23,28,27,28,26,24,22,20,1155,2847,3014,1188,385,279,181,238,7.0,0.3833334,1.0,0.248,1.022,0.28,0
16.6,39.775,48.225,18.95,6.525,4.125,3.05,4.525,-0.6,-7.3,1.875,1.175,-0.15,-0.375,-0.075,0.2,23,21,22,19,19,23,20,20,24,28,26,24,28,23,26,22,1004,2528,2946,1166,418,245,191,248,7.0,0.3833334,1.0,0.247,1.022,0.28,0
16.0,32.475,50.1,20.125,6.375,3.75,2.975,4.725,-0.575,-5.1,1.1,-0.1,0.95,0.1,-0.475,-0.175,22,21,17,24,19,19,23,22,24,26,25,25,25,25,26,25,1013,1979,2855,1310,416,246,198,307,7.0,0.3833334,1.0,0.246,1.022,0.281,0
15.425,27.375,51.2,20.025,7.325,3.85,2.5,4.55,5.6,5.125,-4.25,4.225,0.2,0.55,0.6,1.05,21,20,20,22,22,20,17,20,24,23,26,28,25,29,17,26,969,1557,3020,1250,447,265,144,292,7.0,0.3833334,1.0,0.247,1.022,0.281,0
21.025,32.5,46.95,24.25,7.525,4.4,3.1,5.6,7.425,10.3,2.05,3.225,0.425,0.8,0.6,0.75,22,22,19,23,23,22,13,19,27,24,26,27,27,28,18,23,1375,1962,2776,1623,484,298,192,342,7.0,0.3833334,1.0,0.248,1.02,0.28,0
28.45,42.8,49.0,27.475,7.95,5.2,3.7,6.35,-3.75,1.775,3.675,-3.325,0.125,-0.125,-0.45,-1.025,24,23,18,22,23,17,11,19,29,22,25,24,28,23,18,24,2074,2364,2961,1633,495,339,221,403,7.0,0.3833334,1.0,0.249,1.02,0.279,0
24.7,44.575,52.675,24.15,8.075,5.075,3.25,5.325,-3.475,-8.575,3.75,-5.0,-1.75,-1.425,-0.575,-0.675,24,20,19,22,19,19,16,21,25,23,19,25,27,25,20,26,1745,2317,3007,1492,493,344,196,353,7.0,0.3833334,1.0,0.249,1.02,0.279,0
21.225,36.0,56.425,19.15,6.325,3.65,2.675,4.65,-1.95,-0.275,5.15,-0.925,0.075,-0.025,-0.525,-0.85,22,19,19,21,19,15,21,25,24,25,22,23,26,22,24,25,1364,2080,2834,1271,416,247,169,301,7.0,0.3833334,1.0,0.249,1.02,0.28,0
19.275,35.725,61.575,18.225,6.4,3.625,2.15,3.8,-3.1,6.525,-0.225,-0.25,0.65,0.325,-0.2,-0.725,19,23,23,22,18,15,16,21,23,25,26,27,22,21,19,21,1152,2393,3534,1213,376,227,119,217,7.0,0.3833334,1.0,0.248,1.02,0.28,0
16.175,42.25,61.35,17.975,7.05,3.95,1.95,3.075,2.375,-0.275,-0.125,0.35,-0.65,-0.4,-0.025,0.1,23,24,21,26,19,20,14,19,29,28,26,28,26,25,18,21,1107,2771,3503,1196,426,236,106,179,7.0,0.3833334,1.0,0.247,1.021,0.28,0
18.55,41.975,61.225,18.325,6.4,3.55,1.925,3.175,-0.625,-5.825,-1.2,-0.175,-0.975,-0.375,-0.05,0.275,27,23,20,27,23,21,16,23,32,27,26,26,29,26,23,25,1333,2659,3575,1066,431,225,120,205,7.0,0.3833334,1.0,0.247,1.022,0.281,0
17.925,36.15,60.025,18.15,5.425,3.175,1.875,3.45,-0.25,-4.05,-12.825,-1.275,-0.775,0.25,0.4,0.95,25,24,27,26,20,18,17,19,26,25,28,26,27,26,21,21,1212,2425,3944,1166,334,201,120,211,7.0,0.3833334,1.0,0.246,1.023,0.282,0
17.675,32.1,47.2,16.875,4.65,3.425,2.275,4.4,-3.6,-1.15,-0.7,-1.3,0.65,0.15,0.025,-0.75,19,24,25,24,20,17,17,16,27,25,30,25,27,24,24,19,1015,2110,2961,1109,290,204,144,257,7.0,0.3833334,1.0,0.245,1.024,0.283,0
14.075,30.95,46.5,15.575,5.3,3.575,2.3,3.65,-2.25,1.15,4.175,-1.075,0.8,-0.5,-0.075,-0.875,18,24,21,24,20,17,16,13,26,26,26,25,26,25,23,20,770,1854,2590,1035,347,226,135,212,7.0,0.3833334,1.0,0.245,1.025,0.283,0
11.825,32.1,50.675,14.5,6.1,3.075,2.225,2.775,-0.2,-1.95,0.275,0.85,-0.6,-0.125,0.3,0.25,18,24,21,20,24,17,15,12,24,30,25,21,25,30,23,23,723,2129,2960,888,406,210,132,183,7.0,0.3833334,1.0,0.246,1.025,0.283,0
11.625,30.15,50.95,15.35,5.5,2.95,2.525,3.025,-0.25,-3.075,-1.125,-2.175,-0.45,-0.05,-0.4,0.0,15,26,19,19,21,21,17,14,23,28,26,21,25,31,24,24,672,2155,2864,930,355,192,164,206,7.0,0.3833334,1.0,0.246,1.025,0.283,0
11.375,27.075,49.825,13.175,5.05,2.9,2.125,3.025,0.85,5.05,-0.675,-1.025,0.175,0.075,-0.225,0.425,20,20,14,19,18,18,18,17,23,27,26,27,24,23,22,21,642,1653,2516,769,313,156,140,189,7.0,0.3833334,1.0,0.246,1.024,0.283,0
12.225,32.125,49.15,12.15,5.225,2.975,1.9,3.45,-1.275,-2.15,9.0,4.9,0.775,0.275,0.475,0.375,20,16,16,18,19,17,18,17,26,24,23,27,24,17,22,22,694,1749,2417,734,303,155,112,190,7.0,0.3833334,1.0,0.246,1.024,0.283,0
10.95,29.975,58.15,17.05,6.0,3.25,2.375,3.825,0.175,-1.85,1.45,-0.625,1.475,0.325,0.5,0.05,20,16,19,18,16,14,16,19,27,23,24,23,23,22,21,22,650,1592,3227,995,332,178,133,230,7.0,0.3833334,1.0,0.245,1.024,0.284,0
11.125,28.125,59.6,16.425,7.475,3.575,2.875,3.875,1.425,0.825,-5.375,-3.225,-1.5,-0.625,-0.375,-0.125,21,18,16,23,19,15,18,19,25,26,23,22,20,21,19,22,688,1586,3197,950,418,204,161,245,7.0,0.3833334,1.0,0.245,1.024,0.284,0
12.55,28.95,54.225,13.2,5.975,2.95,2.5,3.75,-0.4,-2.925,-3.925,-1.325,-2.125,-0.8,-0.625,-0.55,20,20,17,27,24,17,19,18,24,26,24,28,24,20,26,24,785,1702,2890,846,367,181,167,241,7.0,0.3833334,1.0,0.245,1.024,0.284,0
12.15,26.025,50.3,11.875,3.85,2.15,1.875,3.2,-0.925,0.95,-3.575,0.325,0.675,0.3,0.025,-0.025,20,23,19,21,22,14,13,15,28,26,24,27,28,19,28,25,743,1591,2861,686,240,120,126,205,7.0,0.3833334,1.0,0.245,1.023,0.284,0
11.225,26.975,46.725,12.2,4.525,2.45,1.9,3.175,-1.325,4.0,0.925,1.35,0.55,0.025,-0.025,-0.125,21,26,23,19,18,14,13,15,26,28,26,25,27,21,23,25,691,1822,2450,704,274,143,115,205,7.0,0.3833334,1.0,0.245,1.023,0.283,0
9.9,30.975,47.65,13.55,5.075,2.475,1.875,3.05,-1.1,-1.175,-1.8,0.25,0.575,0.125,0.225,-0.175,21,24,26,19,18,14,13,15,22,28,30,25,23,24,23,25,584,1987,2720,753,288,140,109,181,7.0,0.3833334,1.0,0.245,1.022,0.283,0
1.15,2.075,1.55,1.025,0.875,1.05,0.925,0.875,0.05,0.15,0.05,0.175,0.2,-0.125,-0.05,0.05,6,13,11,2,4,5,7,7,15,20,18,13,12,22,20,16,59,111,86,40,33,54,47,39,8.0,0.3833334,1.383333,0.231,0.686,0.047,0
1.2,2.225,1.6,1.2,1.075,0.925,0.875,0.925,-0.125,-0.35,-0.175,-0.1,0.0,-0.025,0.1,0.1,3,15,10,1,3,3,6,2,12,26,26,10,18,18,14,16,48,130,96,36,49,42,38,33,8.0,0.3833334,1.383333,0.231,0.686,0.047,0
1.075,1.875,1.425,1.1,1.075,0.9,0.975,1.025,0.125,-0.225,-0.175,0.0,-0.1,-0.075,0.1,0.025,5,12,8,2,5,5,1,1,9,22,22,14,15,18,10,15,38,106,76,48,46,42,33,38,8.0,0.3833334,1.383333,0.231,0.685,0.047,0
1.2,1.65,1.25,1.1,0.975,0.825,1.075,1.05,-0.025,-0.15,-0.225,0.0,0.025,-0.075,0.0,-0.125,8,8,5,4,4,4,1,5,12,19,12,19,15,16,5,20,51,88,51,56,38,41,29,50,8.0,0.3833334,1.383333,0.232,0.685,0.047,0
1.175,1.5,1.025,1.1,1.0,0.75,1.075,0.925,-0.1,0.025,0.2,0.025,0.15,0.375,-0.075,0.275,9,10,7,6,4,0,1,9,21,21,20,15,17,15,9,19,68,91,52,51,46,38,30,48,8.0,0.3833334,1.383333,0.232,0.686,0.048,0
1.075,1.525,1.225,1.125,1.15,1.125,1.0,1.2,-0.125,0.05,0.125,-0.075,0.275,1.1,0.275,0.0,5,10,9,9,5,4,5,11,24,22,22,15,15,13,12,17,57,90,66,50,46,41,36,54,8.0,0.3833334,1.383333,0.232,0.687,0.048,0
0.95,1.575,1.35,1.05,1.425,2.225,1.275,1.2,0.075,-0.175,0.0,5.125,5.225,5.475,3.45,0.075,3,7,9,9,7,7,11,8,22,15,14,17,15,12,18,17,46,62,56,48,59,98,64,55,8.0,0.3833334,1.383333,0.231,0.689,0.048,0
1.025,1.4,1.35,6.175,6.65,7.7,4.725,1.275,0.25,0.3,0.25,2.4,1.775,0.85,0.425,0.05,7,8,9,16,16,15,13,13,24,15,17,21,21,18,21,24,58,52,63,323,363,471,310,81,8.0,0.3833334,1.383333,0.233,0.694,0.051,0
1.275,1.7,1.6,8.575,8.425,8.55,5.15,1.325,0.2,3.575,8.25,-3.0,-4.325,-5.45,-3.275,-0.175,5,13,8,19,23,21,15,11,15,19,17,22,23,23,20,25,48,80,84,455,494,544,339,78,8.0,0.3833334,1.383333,0.243,0.716,0.059,0
1.475,5.275,9.85,5.575,4.1,3.1,1.875,1.15,0.25,2.325,6.975,-1.275,-1.9,-1.85,-0.775,-0.15,5,16,21,17,19,17,14,4,11,21,24,19,18,22,20,16,64,314,673,284,222,206,117,48,8.0,0.3833334,1.383333,0.26,0.769,0.081,0
1.725,7.6,16.825,4.3,2.2,1.25,1.1,1.0,0.625,-0.425,-0.575,-0.9,-0.5,-0.15,-0.275,0.025,9,21,32,15,11,8,6,5,20,23,30,19,16,17,12,14,100,473,1178,225,96,66,55,46,8.0,0.3833334,1.383333,0.28,0.859,0.121,0
2.35,7.175,16.25,3.4,1.7,1.1,0.825,1.025,2.675,1.2,8.425,1.375,0.425,0.075,0.025,0.35,11,22,29,12,14,5,2,5,23,22,26,21,21,17,11,15,122,439,1108,186,97,49,37,56,8.0,0.3833334,1.383333,0.291,0.971,0.168,0
5.025,8.375,24.675,4.775,2.125,1.175,0.85,1.375,4.55,7.225,21.0,3.025,1.15,0.45,0.575,1.025,19,22,25,18,19,6,4,11,23,24,23,20,23,17,15,20,300,484,1564,270,129,54,47,86,8.0,0.3833334,1.383333,0.282,1.081,0.211,0
9.575,15.6,45.675,7.8,3.275,1.625,1.425,2.4,8.7,21.025,10.025,6.375,3.7,2.25,1.6,2.675,19,23,21,21,18,9,8,15,23,26,24,20,21,19,20,20,582,999,2586,455,191,86,86,149,8.0,0.3833334,1.383333,0.256,1.161,0.238,0
18.275,36.625,55.7,14.175,6.975,3.875,3.025,5.075,3.7,6.625,-2.45,1.3,0.4,0.3,0.175,0.525,20,25,27,23,21,19,17,21,26,30,31,24,25,26,22,20,1144,2620,3607,915,464,266,202,345,8.0,0.3833334,1.383333,0.233,1.2,0.248,0
21.975,43.25,53.25,15.475,7.375,4.175,3.2,5.6,-5.925,-13.95,-0.475,-4.55,-2.925,-1.775,-1.125,-1.6,21,22,27,21,20,21,17,23,24,26,26,24,22,25,18,23,1399,2975,3391,962,450,264,189,356,8.0,0.3833334,1.383333,0.221,1.215,0.25,0
16.05,29.3,52.775,10.925,4.45,2.4,2.075,4.0,-2.025,-5.75,-8.625,-1.1,-0.225,0.05,-0.35,-0.05,19,18,22,24,19,12,15,24,20,20,26,30,21,19,17,24,996,1677,3138,749,229,126,101,246,8.0,0.3833334,1.383333,0.218,1.221,0.253,0
14.025,23.55,44.15,9.825,4.225,2.45,1.725,3.95,2.125,-2.35,-11.7,-2.425,-0.4,0.0,0.025,-0.225,19,18,22,21,16,12,16,22,21,21,28,28,20,18,20,27,845,1358,2536,635,211,134,90,254,8.0,0.3833334,1.383333,0.218,1.221,0.257,0
16.15,21.2,32.45,7.4,3.825,2.45,1.75,3.725,0.9,-1.05,-0.075,0.725,-0.275,-0.225,0.15,0.05,21,17,20,20,18,19,19,21,24,24,25,24,24,19,23,25,1023,1275,1833,428,211,132,110,244,8.0,0.3833334,1.383333,0.22,1.221,0.259,0
17.05,20.15,32.375,8.125,3.55,2.225,1.9,3.775,2.725,3.15,4.525,1.375,-0.05,0.025,-0.15,0.375,22,18,20,21,26,20,21,20,28,23,24,22,30,22,26,22,1113,1127,2106,483,251,131,124,219,8.0,0.3833334,1.383333,0.223,1.221,0.261,0
19.775,23.3,36.9,9.5,3.5,2.25,1.75,4.15,-1.375,-0.875,-0.175,-1.825,-0.325,-0.025,-0.2,-0.5,22,25,20,25,23,17,16,19,27,25,28,26,32,27,25,22,1244,1553,2238,562,259,135,109,255,8.0,0.3833334,1.383333,0.224,1.221,0.263,0
18.4,22.425,36.725,7.675,3.175,2.225,1.55,3.65,-0.6,-3.2,10.125,-0.15,0.1,-0.1,-0.075,-0.35,22,31,20,26,22,20,12,20,25,31,28,31,32,26,17,19,1187,1607,2161,476,224,137,84,210,8.0,0.3833334,1.383333,0.225,1.222,0.263,0
17.8,19.225,46.85,7.525,3.275,2.125,1.475,3.3,0.925,5.05,6.95,1.375,1.2,0.3,0.4,0.1,21,23,20,24,22,20,13,18,24,26,26,24,28,23,20,17,1010,1161,2715,485,206,125,80,155,8.0,0.3833334,1.383333,0.226,1.222,0.264,0
18.725,24.275,53.8,8.9,4.475,2.425,1.875,3.4,-3.475,3.35,-4.2,1.075,0.325,0.1,-0.025,-0.4,22,19,21,23,21,17,17,17,24,26,27,24,25,23,28,22,1084,1472,2972,598,286,141,110,176,8.0,0.3833334,1.383333,0.226,1.222,0.265,0
15.25,27.625,49.6,9.975,4.8,2.525,1.85,3.0,-0.25,-4.5,-6.875,-0.925,-1.7,-0.65,-0.4,-0.4,20,20,22,18,16,17,13,15,23,23,25,25,24,26,19,24,903,1625,2942,577,302,151,99,180,8.0,0.3833334,1.383333,0.225,1.221,0.265,0
15.0,23.125,42.725,9.05,3.1,1.875,1.45,2.6,2.725,1.425,9.025,1.775,0.3,0.275,0.325,0.3,20,21,21,20,11,13,9,19,23,23,26,23,21,25,19,25,907,1373,2524,528,155,101,73,165,8.0,0.3833334,1.383333,0.223,1.221,0.266,0
17.725,24.55,51.75,10.825,3.4,2.15,1.775,2.9,-1.65,3.0,-0.65,0.9,1.025,0.65,0.4,0.4,23,22,23,24,15,15,16,21,23,26,26,26,23,25,23,24,1067,1578,3279,682,189,138,109,178,8.0,0.3833334,1.383333,0.222,1.222,0.266,0
16.075,27.55,51.1,11.725,4.425,2.8,2.175,3.3,-1.7,-0.875,-10.625,-0.525,-0.35,-0.25,-0.225,0.075,20,18,19,24,23,18,22,21,25,25,27,26,29,28,26,26,938,1611,3188,740,291,196,142,204,8.0,0.3833334,1.383333,0.222,1.222,0.267,0
14.375,26.675,40.475,11.2,4.075,2.55,1.95,3.375,1.375,-1.3,0.45,-1.075,-0.775,-0.375,-0.325,-0.25,20,21,14,28,23,13,17,23,26,27,25,27,29,28,23,30,864,1591,2031,723,258,162,117,232,8.0,0.3833334,1.383333,0.222,1.222,0.267,0
15.75,25.375,40.925,10.125,3.3,2.175,1.625,3.125,-1.325,0.525,-4.85,-1.675,-0.125,-0.125,0.05,-0.325,24,24,23,27,22,12,11,22,28,28,28,30,26,21,18,29,1077,1557,2517,723,223,132,91,214,8.0,0.3833334,1.383333,0.221,1.221,0.267,0
14.425,25.9,36.075,8.45,3.175,2.05,1.675,2.8,-3.075,3.0,0.65,1.825,0.525,0.35,0.125,-0.15,20,22,25,19,20,15,14,17,27,26,29,25,25,20,22,26,986,1339,2484,536,215,132,103,175,8.0,0.3833334,1.383333,0.221,1.221,0.267,0
11.35,28.9,36.725,10.275,3.7,2.4,1.8,2.65,0.125,0.125,0.35,0.825,0.675,0.35,0.25,0.325,22,20,18,16,21,18,15,15,27,24,27,22,23,27,24,25,738,1531,2203,619,239,151,115,162,8.0,0.3833334,1.383333,0.221,1.221,0.266,0
11.475,29.025,37.075,11.1,4.375,2.75,2.05,2.975,2.4,-5.975,1.725,-0.95,0.275,-0.2,0.375,0.475,27,15,18,23,21,20,13,20,28,25,26,26,21,26,24,25,785,1462,2170,748,255,165,113,177,8.0,0.3833334,1.383333,0.222,1.221,0.266,0
13.875,23.05,38.8,10.15,4.65,2.55,2.425,3.45,-0.175,-5.9,1.85,-0.05,-0.425,-0.5,-0.275,0.175,19,18,17,27,20,20,19,23,25,25,22,30,28,27,27,24,893,1278,1860,683,289,171,143,224,8.0,0.3833334,1.383333,0.222,1.22,0.266,0
13.7,17.15,40.65,10.1,4.225,2.05,2.15,3.625,1.075,5.15,4.725,2.2,0.275,0.1,-0.35,-0.2,15,20,20,23,22,16,19,26,27,24,24,27,25,25,24,29,825,1148,2331,643,264,136,138,262,8.0,0.3833334,1.383333,0.223,1.219,0.266,0
14.775,22.3,45.375,12.3,4.5,2.15,1.8,3.425,2.025,4.35,1.525,0.9,0.6,0.825,0.425,0.2,18,19,25,21,19,12,14,21,26,20,27,27,20,20,18,25,865,1455,2921,759,239,110,95,218,8.0,0.3833334,1.383333,0.222,1.218,0.267,0
16.8,26.65,46.9,13.2,5.1,2.975,2.225,3.625,0.175,-2.175,2.65,1.025,0.4,0.45,0.0,0.225,25,19,22,25,15,14,14,17,26,24,22,30,18,21,22,20,1012,1650,2995,867,281,159,126,225,8.0,0.3833334,1.383333,0.222,1.218,0.268,0
16.975,24.475,49.55,14.225,5.5,3.425,2.225,3.85,-1.2,2.9,-4.3,2.275,-0.575,-0.35,-0.325,-0.5,25,23,22,26,21,20,16,21,27,27,23,28,24,26,26,21,1110,1628,3048,951,361,219,143,239,8.0,0.3833334,1.383333,0.222,1.217,0.269,0
15.775,27.375,45.25,16.5,4.925,3.075,1.9,3.35,-0.75,1.375,-3.25,-3.6,-0.725,-0.425,0.175,-0.225,18,25,23,22,23,19,14,21,26,25,24,23,29,28,26,25,979,1785,2876,962,361,215,129,216,8.0,0.3833334,1.383333,0.223,1.217,0.27,0
15.025,28.75,42.0,12.9,4.2,2.65,2.075,3.125,0.075,-1.6,5.475,-3.125,0.625,-0.025,0.45,0.75,17,27,25,18,15,17,16,20,25,26,24,24,26,25,25,25,869,1879,2832,710,259,165,131,200,8.0,0.3833334,1.383333,0.223,1.216,0.27,0
15.1,27.15,47.475,9.775,4.825,2.625,2.525,3.875,0.975,2.825,-5.075,3.5,0.65,0.175,-0.025,0.275,20,24,27,14,21,14,20,22,30,27,26,23,27,24,24,25,1008,1758,3181,561,316,157,158,259,8.0,0.3833334,1.383333,0.223,1.216,0.271,0
16.075,29.975,42.4,13.275,5.475,2.8,2.5,4.15,-0.3,-2.4,0.325,0.7,-0.85,-0.325,-0.45,-0.65,25,22,26,19,26,11,21,22,28,30,25,25,29,24,22,27,1144,1988,2664,852,381,174,165,282,8.0,0.3833334,1.383333,0.223,1.216,0.271,0
15.775,27.575,42.725,13.975,4.625,2.475,2.05,3.5,-0.05,-1.1,5.475,-2.0,-0.725,-0.375,0.075,0.2,21,22,24,21,17,11,14,21,21,30,25,28,24,21,20,28,1022,1768,2534,911,285,148,119,227,8.0,0.3833334,1.383333,0.223,1.217,0.271,0
15.725,26.475,48.2,11.975,3.9,2.1,2.125,3.7,2.6,8.65,1.575,3.375,1.475,0.45,0.275,0.875,16,24,20,22,17,12,14,18,24,27,25,26,20,19,18,27,1000,1599,2980,809,217,121,118,247,8.0,0.3833334,1.383333,0.223,1.217,0.271,0
18.325,35.125,49.775,15.35,5.375,2.55,2.4,4.575,-0.525,2.8,1.275,3.775,0.975,0.7,0.45,0.275,16,22,23,21,22,18,17,20,30,23,26,25,25,20,20,26,1154,2028,3202,1032,304,140,133,304,8.0,0.3833334,1.383333,0.223,1.216,0.272,0
17.8,37.925,51.05,19.125,6.35,3.25,2.85,4.85,-3.0,-2.325,4.625,-0.275,-0.3,0.175,-0.25,-1.075,20,20,24,24,25,22,20,22,28,23,23,29,30,27,29,24,1025,2133,2957,1331,410,208,180,308,8.0,0.3833334,1.383333,0.223,1.216,0.271,0
14.8,35.6,55.675,18.85,6.05,3.425,2.6,3.775,-0.3,-0.85,-4.8,1.525,0.325,0.075,-0.225,-0.5,19,23,21,26,24,21,21,21,25,25,25,27,29,27,30,23,813,2126,3219,1277,405,223,175,247,8.0,0.3833334,1.383333,0.223,1.215,0.271,0
14.5,34.75,50.875,20.375,6.375,3.5,2.375,3.275,1.825,1.975,-5.975,0.75,0.3,0.075,0.275,0.85,17,25,21,22,21,18,15,19,25,28,26,22,30,27,26,24,809,2320,3034,1100,388,206,145,189,8.0,0.3833334,1.383333,0.223,1.215,0.271,0
16.325,36.725,44.9,21.125,6.675,3.575,2.65,4.125,-0.075,2.625,5.35,-4.925,-0.625,-0.275,-0.375,0.3,20,21,21,24,19,16,15,20,25,27,25,24,26,27,25,23,986,2156,2766,1201,380,210,153,232,8.0,0.3833334,1.383333,0.223,1.215,0.272,0
16.25,39.35,50.25,16.2,6.05,3.3,2.275,4.425,-0.375,0.875,2.05,-4.275,-1.275,-0.35,-0.125,0.025,21,22,21,26,18,14,18,28,26,30,26,28,22,23,26,28,1020,2389,3089,1057,322,185,139,304,8.0,0.3833334,1.383333,0.223,1.214,0.272,0
15.875,40.225,52.3,11.925,4.775,2.95,2.15,4.45,-0.575,-0.5,-5.4,0.625,0.35,0.05,0.625,0.7,17,25,18,22,17,10,16,23,24,28,28,24,22,20,25,26,891,2468,3030,721,257,156,126,294,8.0,0.3833334,1.383333,0.222,1.215,0.273,0
15.3,39.725,46.9,12.55,5.125,3.0,2.775,5.15,-1.45,-3.025,2.3,1.675,0.025,-0.325,-0.425,-0.15,22,24,21,22,19,14,17,20,23,26,29,23,27,23,20,22,946,2367,2825,801,326,186,151,320,8.0,0.3833334,1.383333,0.222,1.214,0.274,0
13.85,36.7,49.2,14.225,5.15,2.675,2.35,5.0,-1.175,-6.1,1.1,-1.825,-0.3,-0.325,-0.625,-1.35,30,25,26,24,21,15,19,27,30,27,29,25,29,27,26,28,974,2303,3143,929,334,174,144,336,8.0,0.3833334,1.383333,0.221,1.213,0.274,0
12.675,30.6,50.3,12.4,4.85,2.35,1.725,3.65,2.325,-1.05,-0.6,-1.125,0.475,0.375,0.3,0.2,28,26,24,27,21,12,16,23,29,31,29,30,24,23,23,26,883,1866,3091,843,299,133,97,232,8.0,0.3833334,1.383333,0.221,1.212,0.275,0
15.0,29.55,49.7,11.275,5.325,2.725,2.025,3.85,1.375,0.675,-0.5,-0.925,-0.025,0.15,0.25,0.1,22,25,25,28,21,16,13,18,26,28,29,31,19,22,21,25,971,1882,3137,761,305,157,113,233,8.0,0.3833334,1.383333,0.221,1.212,0.276,0
16.375,30.225,49.2,10.35,5.3,2.875,2.275,3.95,-2.425,-1.775,3.05,-1.85,-0.375,-0.375,-0.075,-0.625,23,21,24,26,23,21,16,18,27,22,31,27,23,26,23,27,1061,1733,3074,679,334,184,144,245,8.0,0.3833334,1.383333,0.222,1.211,0.276,0
13.95,28.45,52.25,8.5,4.925,2.5,2.2,3.325,1.5,3.25,-3.675,3.05,-0.575,-0.275,-0.25,0.3,24,21,25,22,22,19,18,21,27,24,30,27,22,22,21,25,924,1531,3344,545,312,158,132,217,8.0,0.3833334,1.383333,0.222,1.211,0.276,0
15.45,31.7,48.575,11.55,4.35,2.225,1.95,3.625,0.1,-1.45,-9.55,2.8,0.15,0.075,-0.025,-0.125,24,21,25,21,19,16,20,23,26,24,30,27,23,25,23,23,1024,1794,3156,752,272,147,110,235,8.0,0.3833334,1.383333,0.222,1.21,0.276,0
15.55,30.25,39.025,14.35,4.5,2.3,1.925,3.5,-6.25,-13.3,-11.925,-5.55,-1.325,-0.35,-0.475,-1.125,24,21,24,22,21,19,19,18,26,23,30,26,26,29,25,28,1007,1764,2514,932,308,161,130,244,8.0,0.3833334,1.383333,0.221,1.21,0.276,0
9.3,16.95,27.1,8.8,3.175,1.95,1.45,2.375,-6.425,-11.95,-20.025,-6.325,-1.625,-0.75,-0.375,-1.05,16,21,21,15,15,15,9,10,25,26,26,23,21,23,23,26,558,1089,1837,599,187,102,96,164,8.0,0.3833334,1.383333,0.227,1.029,0.196,0
2.875,5.0,7.075,2.475,1.55,1.2,1.075,1.325,-1.825,-3.1,-5.7,-1.375,-0.425,-0.35,0.025,-0.375,5,19,11,6,6,4,6,6,14,26,20,15,16,16,19,15,163,352,425,152,66,44,52,67,8.0,0.3833334,1.383333,0.236,0.77,0.083,0
1.05,1.9,1.375,1.1,1.125,0.85,1.1,0.95,0.075,-0.3,0.025,-0.175,0.0,0.1,-0.175,0.025,5,13,11,5,4,2,6,5,12,22,21,16,20,13,18,7,46,105,81,49,56,35,45,33,8.0,0.3833334,1.383333,0.238,0.693,0.049,0
1.125,1.6,1.4,0.925,1.125,0.95,0.925,0.975,0.05,-0.275,0.05,-0.075,0.1,-0.05,-0.025,0.05,10,10,13,5,4,4,4,5,20,22,23,20,19,14,16,10,74,89,83,48,50,40,43,41,8.0,0.3833334,1.383333,0.238,0.693,0.049,0
1.175,1.325,1.45,0.85,1.225,0.9,0.9,1.025,-0.075,-0.2,-0.05,1.175,1.15,0.975,0.45,0.15,7,8,11,4,3,3,3,3,20,20,21,23,15,16,23,17,59,75,75,40,43,40,48,49,8.0,0.3833334,1.383333,0.238,0.693,0.049,0
1.1,1.125,1.4,2.025,2.375,1.875,1.35,1.175,-0.075,0.1,0.775,1.85,1.225,0.975,0.125,0.125,5,7,9,9,5,5,4,7,19,18,18,24,17,13,18,17,42,66,61,89,103,83,57,49,8.0,0.3833334,1.383333,0.238,0.695,0.05,0
1.025,1.225,2.175,3.875,3.6,2.85,1.475,1.3,0.075,1.0,3.975,-0.375,-0.85,-0.325,0.0,-0.2,5,5,11,16,12,10,7,8,17,17,18,19,16,20,13,18,44,56,113,182,178,150,70,56,8.0,0.3833334,1.383333,0.241,0.704,0.056,0
1.1,2.225,6.15,3.5,2.75,2.525,1.475,1.1,0.05,1.15,5.925,-1.4,-0.95,-0.85,-0.25,-0.05,8,8,19,14,13,12,11,3,18,21,24,17,17,24,23,18,60,115,381,175,143,152,79,55,8.0,0.3833334,1.383333,0.249,0.73,0.073,0
1.15,3.375,12.075,2.1,1.8,1.675,1.225,1.05,0.225,0.75,0.0,-0.175,-0.175,-0.55,-0.35,0.0,10,15,26,16,15,7,8,3,16,24,29,23,20,22,23,17,63,208,839,121,94,91,66,48,8.0,0.3833334,1.383333,0.264,0.783,0.102,0
1.375,4.125,12.075,1.925,1.625,1.125,0.875,1.05,0.3,0.4,-5.075,-0.25,-0.35,-0.075,0.05,-0.175,10,19,26,17,13,6,4,4,19,21,26,23,17,21,15,16,71,254,818,112,73,49,40,44,8.0,0.3833334,1.383333,0.28,0.867,0.141,0
1.675,4.525,7.0,1.675,1.275,1.05,0.925,0.875,0.3,1.525,-1.375,0.125,0.125,-0.025,0.125,0.3,15,18,23,11,9,9,4,4,26,21,26,18,15,19,13,12,101,285,453,93,56,51,34,36,8.0,0.3833334,1.383333,0.285,0.989,0.187,0
1.975,6.05,5.625,1.8,1.4,1.025,1.05,1.175,2.025,6.775,14.225,2.95,0.825,0.7,0.55,1.175,15,19,19,15,12,9,8,7,24,22,24,24,21,18,14,17,130,400,336,113,76,55,42,64,8.0,0.3833334,1.383333,0.269,1.106,0.224,0
4.0,12.825,19.85,4.75,2.225,1.725,1.6,2.35,5.1,16.6,30.45,8.325,3.025,1.725,0.7,1.725,15,20,20,19,12,14,12,12,18,21,23,25,19,20,16,23,233,705,1338,271,118,102,79,147,8.0,0.3833334,1.383333,0.247,1.174,0.244,0
9.1,29.425,50.3,13.075,5.25,3.45,2.3,4.075,6.9,14.575,23.075,10.825,2.275,0.625,0.225,0.5,20,22,22,23,17,23,13,14,19,25,25,25,25,26,23,28,532,1758,2885,886,347,232,147,280,8.0,0.3833334,1.383333,0.23,1.206,0.254,0
16.0,44.0,73.375,23.9,7.525,4.075,2.525,4.575,1.55,7.875,-10.475,0.675,-1.15,-0.65,0.15,0.3,18,21,18,25,23,17,12,17,22,29,22,27,29,25,26,23,958,2768,3465,1601,512,282,166,280,8.0,0.3833334,1.383333,0.218,1.214,0.265,0
17.55,51.875,62.9,24.575,6.375,3.425,2.675,4.875,-3.25,-4.175,-10.8,-8.8,-0.65,-0.35,0.05,-0.3,19,22,20,21,27,16,19,23,28,27,25,23,27,25,25,25,1091,3303,3342,1513,416,220,170,299,8.0,0.3833334,1.383333,0.212,1.211,0.274,0
14.3,47.7,52.1,15.775,5.725,3.075,2.725,4.575,-1.55,-12.775,14.475,-2.2,-0.4,0.0,-0.425,-0.925,21,24,24,20,25,20,22,23,26,27,27,23,27,28,25,27,911,3061,3349,1019,390,208,181,306,8.0,0.3833334,1.383333,0.211,1.21,0.278,0
12.75,34.925,66.575,13.575,5.325,3.075,2.3,3.65,1.925,-3.75,1.275,2.025,-1.0,-0.35,-0.25,0.1,18,22,24,20,18,16,14,20,24,27,27,27,26,27,22,23,776,2033,3957,928,318,186,134,222,8.0,0.3833334,1.383333,0.21,1.21,0.282,0
14.675,31.175,67.85,15.6,4.325,2.725,2.05,3.75,1.025,7.375,-11.175,0.25,0.675,0.4,0.825,0.85,23,22,23,18,20,19,11,22,24,27,26,30,25,25,22,24,903,1868,4004,1106,249,159,109,215,8.0,0.3833334,1.383333,0.211,1.211,0.284,0
15.7,38.55,56.675,15.85,5.0,3.125,2.875,4.6,-0.775,-2.95,-7.55,-2.1,1.425,0.675,0.475,0.475,24,27,27,16,23,21,16,21,25,28,28,29,23,21,19,23,1006,2697,3630,1101,305,182,159,277,8.0,0.3833334,1.383333,0.211,1.212,0.286,0
14.925,35.6,49.125,13.75,6.425,3.8,3.35,5.075,1.4,0.275,0.15,-2.45,-0.625,-0.4,-0.4,-0.35,20,20,23,21,20,18,18,18,24,27,26,30,22,20,23,24,862,2136,3080,916,389,218,194,290,8.0,0.3833334,1.383333,0.21,1.212,0.287,0
16.325,35.875,49.275,11.3,5.8,3.4,2.95,4.725,0.625,2.525,7.275,2.125,-0.375,-0.075,-0.075,0.225,21,13,26,23,18,12,15,19,25,24,28,27,21,24,23,25,953,1810,3305,736,363,236,179,266,8.0,0.3833334,1.383333,0.21,1.213,0.286,0
16.95,38.4,56.55,13.425,5.425,3.325,2.875,4.95,1.6,-9.975,-2.45,-0.775,-0.1,-0.125,-0.275,-0.075,25,18,30,22,19,18,19,23,26,23,29,28,22,28,23,24,1082,2192,3737,891,324,237,180,300,8.0,0.3833334,1.383333,0.21,1.215,0.284,0
18.55,28.425,54.1,12.65,5.325,3.2,2.6,4.875,1.25,-1.2,-7.025,-2.2,-0.1,-0.075,-0.35,-0.725,23,20,22,24,18,20,19,27,28,23,25,29,22,26,25,28,1118,1777,3173,866,320,202,168,323,8.0,0.3833334,1.383333,0.21,1.218,0.282,0
19.8,27.225,47.075,10.45,5.225,3.125,2.25,4.15,-5.675,5.025,0.575,1.775,-0.675,-0.425,-0.4,-0.575,23,22,17,23,15,16,13,22,29,25,23,25,22,23,21,30,1264,1673,2371,638,303,174,127,284,8.0,0.3833334,1.383333,0.209,1.22,0.28,0
14.125,32.25,47.65,12.225,4.55,2.7,1.85,3.575,-1.2,6.975,0.275,-0.375,-0.45,-0.3,0.2,0.525,23,18,19,23,15,14,12,19,26,23,22,26,25,24,25,28,914,1835,2604,788,265,159,107,246,8.0,0.3833334,1.383333,0.209,1.221,0.279,0
12.925,39.225,47.925,11.85,4.1,2.4,2.05,4.1,3.025,-0.95,-8.725,0.2,1.25,0.575,0.3,-0.15,23,18,19,20,18,13,17,21,25,25,22,23,23,22,26,24,844,2199,2725,728,242,143,121,265,8.0,0.3833334,1.383333,0.208,1.222,0.278,0
15.95,38.275,39.2,12.05,5.35,2.975,2.35,3.95,-0.825,2.0,-1.025,1.25,0.425,0.325,-0.025,-0.6,26,21,17,17,22,17,15,19,26,26,24,21,25,26,18,24,1022,2189,2207,676,329,191,133,234,8.0,0.3833334,1.383333,0.208,1.222,0.278,0
15.125,40.275,38.175,13.3,5.775,3.3,2.325,3.35,1.2,-2.375,6.275,-1.95,-0.5,-0.225,-0.025,0.05,25,22,16,22,22,18,15,21,26,25,23,23,23,23,21,24,1007,2352,2160,873,359,216,137,209,8.0,0.3833334,1.383333,0.208,1.221,0.278,0
16.325,37.9,44.45,11.35,5.275,3.075,2.3,3.4,0.425,-5.275,-1.6,-0.2,0.0,-0.175,-0.075,0.275,24,23,23,24,22,18,18,16,25,31,25,27,23,23,22,25,1109,2424,2936,710,317,178,135,212,8.0,0.3833334,1.383333,0.208,1.22,0.277,0
16.75,32.625,42.85,11.15,5.275,2.9,2.225,3.675,-4.35,-0.4,-5.475,0.625,-0.65,-0.25,-0.375,-0.65,19,22,25,27,21,15,14,16,25,29,28,30,22,23,19,26,964,2189,2591,700,281,157,128,236,8.0,0.3833334,1.383333,0.208,1.219,0.277,0
12.4,32.225,37.375,11.775,4.625,2.65,1.85,3.025,-0.7,-1.225,1.8,-0.65,-0.725,-0.425,-0.325,-0.6,16,17,24,21,18,14,10,18,23,26,27,25,20,18,19,22,690,1912,2064,761,237,143,115,197,8.0,0.3833334,1.383333,0.208,1.218,0.278,0
11.7,31.0,39.175,11.125,3.9,2.225,1.525,2.425,0.825,-3.175,1.45,-1.675,0.3,-0.1,0.325,1.0,21,20,27,16,24,17,19,20,24,30,28,26,26,23,24,21,810,1835,2514,649,236,134,100,159,8.0,0.3833334,1.383333,0.208,1.218,0.278,0
12.525,27.825,40.625,9.45,4.2,2.125,1.85,3.425,1.425,-2.25,0.875,1.375,0.575,0.7,0.45,0.275,24,25,31,22,26,19,23,26,25,25,30,29,30,27,24,28,898,1691,2734,576,276,128,103,221,8.0,0.3833334,1.383333,0.208,1.218,0.279,0
13.95,25.575,41.5,10.825,4.775,2.825,2.3,3.7,-0.2,2.575,0.55,1.375,0.075,0.45,0.05,-0.425,21,23,27,23,21,20,18,23,24,20,26,25,24,21,18,26,850,1484,2448,731,290,151,118,226,8.0,0.3833334,1.383333,0.208,1.218,0.28,0
13.75,28.15,42.05,12.2,4.85,3.275,2.35,3.275,0.175,3.075,-3.225,-1.375,0.15,0.05,0.125,0.65,17,21,22,22,20,21,17,15,22,20,24,24,26,23,21,25,748,1755,2303,783,297,189,133,191,8.0,0.3833334,1.383333,0.208,1.219,0.28,0
13.925,31.225,38.825,10.825,5.0,3.325,2.475,3.925,3.775,4.65,12.35,3.225,1.15,0.7,0.4,0.75,18,25,19,22,23,24,20,16,21,26,23,25,32,29,26,25,801,1996,2203,680,351,221,160,260,8.0,0.3833334,1.383333,0.208,1.218,0.28,0
17.7,35.875,51.175,14.05,6.15,4.025,2.875,4.675,-1.05,5.15,7.125,0.775,-0.4,-0.55,-0.2,0.0,25,23,18,23,26,25,23,22,29,27,24,26,28,29,25,22,1162,2324,2941,933,431,271,200,314,8.0,0.3833334,1.383333,0.207,1.218,0.279,0
16.65,41.025,58.3,14.825,5.75,3.475,2.675,4.675,-0.1,0.025,-2.775,-1.725,0.7,0.025,0.475,1.0,27,19,20,20,20,19,18,18,28,25,28,24,21,21,21,21,1088,2647,3487,912,344,211,158,281,8.0,0.3833334,1.383333,0.207,1.217,0.279,0
16.55,41.05,55.525,13.1,6.45,3.5,3.15,5.675,-0.825,-6.075,-3.6,0.25,-1.025,-0.05,-0.375,-0.725,28,23,25,21,21,20,22,23,28,26,30,29,23,23,25,26,1124,2713,3549,857,399,219,203,382,8.0,0.3833334,1.383333,0.207,1.217,0.278,0
15.725,34.975,51.925,13.35,5.425,3.45,2.775,4.95,-2.075,-4.7,-12.775,-1.65,-1.5,-0.725,-0.725,-1.4,24,20,24,22,21,21,20,23,24,22,30,27,24,22,27,25,994,2145,3165,823,339,204,185,317,8.0,0.3833334,1.383333,0.207,1.217,0.278,0
13.65,30.275,39.15,11.7,3.925,2.725,2.05,3.55,0.425,-2.55,2.1,-1.175,0.7,-0.15,0.15,0.425,19,21,23,25,16,15,15,16,19,24,29,26,23,19,27,22,786,1757,2461,745,230,148,124,194,8.0,0.3833334,1.383333,0.206,1.216,0.278,0
14.075,27.725,41.25,10.525,4.625,2.575,2.2,3.975,-0.6,6.225,8.675,0.1,0.65,0.125,0.1,-0.025,21,19,26,31,16,16,18,20,20,27,30,30,23,21,25,24,738,1482,2839,758,274,149,139,223,8.0,0.3833334,1.383333,0.206,1.215,0.278,0
13.475,33.95,49.925,10.625,5.275,2.7,2.3,3.95,0.275,0.025,-2.725,2.925,0.525,0.65,-0.075,-0.175,21,14,25,27,23,22,19,22,23,26,28,30,24,24,26,28,707,1780,3168,714,329,184,162,258,8.0,0.3833334,1.383333,0.207,1.215,0.278,0
13.75,33.975,47.2,13.55,5.8,3.35,2.225,3.775,1.5,-0.875,1.475,2.3,-0.425,0.225,-0.15,0.1,19,16,27,23,25,22,17,22,26,23,28,30,28,29,26,27,764,1766,3053,955,380,239,149,266,8.0,0.3833334,1.383333,0.207,1.215,0.278,0
15.25,33.1,48.675,15.85,5.375,3.575,2.075,3.875,-1.525,8.025,3.45,-1.1,-0.275,-0.35,0.175,0.025,19,23,31,23,21,18,15,25,27,23,30,29,26,24,25,24,875,1980,3463,1135,314,221,124,239,8.0,0.3833334,1.383333,0.207,1.214,0.278,0
13.725,41.125,52.125,14.75,5.1,3.225,2.25,3.9,1.5,-4.45,-2.575,-3.175,-0.65,-0.225,0.275,0.25,25,25,25,22,19,19,16,24,28,28,26,26,26,23,20,23,846,2861,3490,1023,313,200,134,231,8.0,0.3833334,1.383333,0.207,1.214,0.279,0
15.225,36.675,49.55,11.575,4.45,3.0,2.525,4.15,2.5,-9.375,-7.55,-0.825,0.3,0.4,0.325,0.5,29,25,22,24,15,14,15,23,28,28,25,23,25,23,21,26,981,2464,3146,762,292,173,141,277,8.0,0.3833334,1.383333,0.207,1.213,0.279,0
17.725,27.3,42.0,10.75,4.75,3.4,2.85,4.65,-1.0,4.15,7.05,3.0,0.925,0.325,0.05,0.65,21,21,19,23,17,17,16,19,25,26,22,24,21,23,24,22,965,1659,2312,682,292,192,157,271,8.0,0.3833334,1.383333,0.206,1.212,0.28,0
16.725,31.45,49.05,13.75,5.675,3.725,2.9,5.3,-0.85,5.9,4.775,-1.125,-0.075,-0.2,-0.1,-0.175,18,18,23,22,20,21,17,17,26,28,25,25,20,19,21,19,918,1878,3130,858,340,203,150,271,8.0,0.3833334,1.383333,0.206,1.211,0.281,0
15.875,37.35,53.825,12.625,5.6,3.525,2.8,5.125,0.375,-3.775,-13.0,-1.775,-0.2,-0.525,-0.45,-1.25,17,18,26,19,18,16,16,19,23,26,30,25,22,17,20,20,916,2359,3754,815,336,181,150,262,8.0,0.3833334,1.383333,0.206,1.211,0.281,0
16.25,33.575,40.825,10.85,5.4,3.0,2.35,3.875,0.825,-4.2,-5.75,-0.525,-0.7,-0.375,-0.35,-0.65,24,18,23,19,20,12,15,19,25,23,30,26,28,21,17,23,1066,2140,2419,677,340,153,124,224,8.0,0.3833334,1.383333,0.205,1.211,0.282,0
17.075,29.375,35.075,10.325,4.7,2.625,2.0,3.225,-0.95,-0.4,0.225,0.725,-0.5,-0.15,-0.025,0.225,23,22,18,24,20,12,15,14,24,26,24,27,23,20,21,24,1100,1820,1994,615,283,141,105,196,8.0,0.3833334,1.383333,0.205,1.211,0.282,0
16.125,28.975,35.3,11.05,4.2,2.475,1.975,3.45,-2.8,1.3,-1.275,-1.975,-0.15,-0.025,0.025,-0.225,20,22,16,26,17,14,17,14,23,24,26,28,22,23,26,25,998,1600,2020,742,265,145,119,220,8.0,0.3833334,1.383333,0.206,1.212,0.282,0
13.325,30.275,34.025,9.075,4.05,2.45,2.0,3.225,-1.025,2.125,9.0,-1.675,-0.35,0.125,0.025,-0.075,20,19,18,23,20,13,19,12,24,26,28,25,29,23,23,24,833,1701,2019,598,270,154,120,216,8.0,0.3833334,1.383333,0.207,1.212,0.281,0
12.3,32.4,43.025,7.4,3.7,2.575,2.025,3.15,-0.375,-1.8,3.7,0.85,-0.225,-0.125,0.05,0.25,24,22,20,21,18,14,18,13,25,29,25,23,23,21,25,29,844,2104,2602,481,218,159,122,214,8.0,0.3833334,1.383333,0.207,1.212,0.281,0
11.925,30.6,46.725,8.25,3.475,2.45,2.075,3.4,0.675,2.375,-7.575,0.075,0.25,-0.25,-0.075,-0.15,24,22,24,23,18,17,15,17,24,25,27,25,22,25,25,26,798,1909,2912,546,206,152,124,201,8.0,0.3833334,1.383333,0.208,1.212,0.281,0
12.6,32.975,39.15,8.325,3.725,2.2,2.0,3.25,0.025,2.4,-6.275,1.275,0.825,-0.075,-0.075,-0.3,16,24,28,19,20,16,13,14,23,26,27,23,26,25,24,20,644,2103,2674,515,246,135,113,173,8.0,0.3833334,1.383333,0.208,1.212,0.28,0
12.625,35.375,32.875,9.6,4.55,2.125,1.925,2.95,-2.225,-7.55,-2.525,-0.125,-0.2,-0.25,-0.175,-0.225,16,24,24,22,20,14,11,14,28,27,25,24,27,24,26,19,702,2195,1969,638,287,130,103,182,8.0,0.3833334,1.383333,0.208,1.212,0.281,0
1.025,1.35,1.425,1.125,1.075,1.05,0.825,0.925,0.075,0.0,-0.125,-0.15,0.1,-0.1,0.075,0.0,4,7,8,5,4,3,2,3,16,22,22,17,15,12,15,17,45,65,87,54,37,33,40,40,0.0,-0.3833333,0.6166667,0.241,0.698,0.038,1
1.1,1.35,1.3,0.975,1.175,0.95,0.9,0.925,0.075,0.225,0.275,-0.025,-0.125,-0.15,0.05,-0.1,6,7,4,2,2,3,2,3,19,23,18,17,15,12,20,18,56,70,62,48,36,30,42,45,0.0,-0.3833333,0.6166667,0.241,0.698,0.038,1
1.175,1.575,1.575,0.95,1.05,0.8,0.95,0.825,-0.1,-0.1,-0.2,-0.025,0.0,0.075,-0.125,0.025,10,9,6,4,0,5,6,3,23,19,22,18,16,11,19,15,67,83,80,47,37,30,47,39,0.0,-0.3833333,0.6166667,0.241,0.698,0.039,1
1.075,1.475,1.375,0.925,1.05,0.875,0.825,0.85,-0.125,-0.1,-0.025,0.225,0.325,0.05,0.1,0.025,7,9,11,6,2,4,6,2,22,18,25,19,16,14,18,12,63,83,76,46,41,41,47,37,0.0,-0.3833333,0.6166667,0.241,0.698,0.038,1
0.95,1.375,1.35,1.15,1.375,0.925,0.925,0.875,0.35,0.35,1.575,0.8,0.525,2.125,0.925,0.05,5,8,15,7,8,4,6,1,18,20,27,18,18,16,19,17,52,63,70,54,66,48,54,43,0.0,-0.3833333,0.6166667,0.242,0.698,0.039,1
1.3,1.725,2.925,1.95,1.9,3.05,1.85,0.925,0.35,0.875,3.85,0.65,0.6,2.525,0.9,0.0,8,12,17,10,9,15,13,2,14,20,25,22,22,24,18,20,64,88,150,97,105,191,107,44,0.0,-0.3833333,0.6166667,0.242,0.699,0.039,1
1.65,2.6,6.775,2.6,2.5,5.575,2.75,0.925,-0.25,0.95,3.7,-0.375,-0.025,-0.05,-0.225,0.175,10,15,16,13,11,26,21,2,13,22,21,20,26,29,24,14,72,154,369,127,150,366,182,42,0.0,-0.3833333,0.6166667,0.24,0.704,0.046,1
1.4,3.55,10.475,2.225,2.475,5.525,2.525,1.1,-0.225,1.4,2.425,-0.275,-0.7,-2.05,-0.75,0.075,12,18,17,12,13,23,18,4,17,24,24,15,25,25,21,16,67,218,560,113,148,368,141,55,0.0,-0.3833333,0.6166667,0.232,0.714,0.063,1
1.175,4.95,12.9,1.95,1.775,3.475,1.775,1.175,0.15,0.95,6.85,0.25,-0.35,-1.9,-0.5,-0.1,8,22,19,14,8,18,14,9,19,24,26,25,21,25,20,20,68,321,766,114,98,216,85,61,0.0,-0.3833333,0.6166667,0.203,0.731,0.103,1
1.325,5.9,19.75,2.2,1.425,1.575,1.275,1.075,0.3,0.025,-0.425,0.85,0.2,-0.125,-0.175,-0.225,8,19,25,20,9,12,10,10,18,30,30,29,17,17,18,20,75,347,1316,141,72,84,61,53,0.0,-0.3833333,0.6166667,0.158,0.751,0.155,1
1.625,5.925,19.325,3.05,1.625,1.45,1.1,0.85,-0.05,0.0,-7.55,1.25,0.275,-0.025,0.1,0.15,11,17,29,16,12,7,6,5,19,27,31,24,20,14,19,14,89,293,1353,180,91,77,54,42,0.0,-0.3833333,0.6166667,0.103,0.768,0.206,1
1.575,5.925,11.775,4.3,1.9,1.425,1.2,1.0,10.725,0.55,-4.075,0.35,0.175,0.175,4.5,5.75,10,17,24,18,12,5,4,3,18,27,30,24,19,18,23,12,82,321,800,251,101,78,62,42,0.0,-0.3833333,0.6166667,0.011,0.787,0.277,1
12.3,6.475,7.7,4.65,2.075,1.6,5.7,6.75,7.55,0.25,-2.0,-0.05,0.025,0.6,4.525,7.75,12,19,23,23,17,6,12,16,21,25,27,27,23,19,29,21,780,406,481,308,108,80,375,417,0.0,-0.3833333,0.6166667,-0.108,0.792,0.363,1
19.85,6.725,5.7,4.6,2.1,2.2,10.225,14.5,-5.0,-1.0,0.05,0.325,-0.45,-0.175,-0.775,0.075,22,24,21,21,21,12,22,25,29,26,23,26,27,20,32,25,1229,435,319,308,121,115,695,981,0.0,-0.3833333,0.6166667,-0.182,0.78,0.416,1
14.85,5.725,5.75,4.925,1.65,2.025,9.45,14.575,0.45,1.8,-0.325,-0.5,-0.2,-0.025,-1.675,-2.775,24,22,17,17,13,15,21,22,29,27,22,24,19,19,26,26,968,359,313,282,89,116,621,988,0.0,-0.3833333,0.6166667,-0.196,0.773,0.427,1
15.3,7.525,5.425,4.425,1.45,2.0,7.775,11.8,0.05,-0.3,1.025,-0.4,-0.1,-0.1,0.15,-3.0,21,19,20,15,8,13,20,20,28,25,25,21,16,19,23,23,1001,503,336,246,67,115,466,674,0.0,-0.3833333,0.6166667,-0.197,0.771,0.426,1
15.35,7.225,6.45,4.025,1.35,1.9,7.925,8.8,-3.275,-2.025,1.05,0.175,-0.325,-0.275,2.25,-1.325,22,15,21,20,6,13,22,22,28,22,23,20,16,19,22,24,968,455,399,251,60,104,478,519,0.0,-0.3833333,0.6166667,-0.197,0.771,0.427,1
12.075,5.2,7.5,4.2,1.025,1.625,10.175,7.475,-2.225,0.6,-0.675,0.05,0.15,0.225,-0.875,2.55,22,12,17,18,8,15,21,24,23,19,19,23,15,16,22,26,679,268,430,233,53,86,665,498,0.0,-0.3833333,0.6166667,-0.195,0.772,0.427,1
9.85,5.8,6.825,4.25,1.175,1.85,9.3,10.025,-0.15,-0.575,-0.3,0.475,0.3,0.0,-0.35,1.325,18,17,15,17,6,11,19,22,22,26,24,23,15,22,26,26,515,310,389,221,61,102,642,650,0.0,-0.3833333,0.6166667,-0.195,0.771,0.427,1
9.7,5.225,6.525,4.725,1.475,1.85,8.95,11.35,3.35,-0.05,-0.25,-0.3,0.35,0.075,1.25,0.5,19,19,16,20,7,11,20,22,25,28,27,24,19,20,25,26,558,303,372,285,72,102,585,713,0.0,-0.3833333,0.6166667,-0.193,0.771,0.427,1
13.05,5.175,6.275,4.425,1.825,1.925,10.2,11.85,1.675,0.8,0.45,0.225,-0.175,0.075,-1.1,-0.375,22,20,20,20,18,17,22,20,23,27,23,25,22,15,26,22,759,354,355,278,94,99,653,738,0.0,-0.3833333,0.6166667,-0.192,0.77,0.426,1
14.725,5.975,6.725,4.65,1.65,2.0,9.1,11.475,-1.0,0.575,1.4,0.125,-0.05,0.15,-0.875,0.85,23,20,20,18,14,17,22,17,25,25,24,20,21,22,23,26,876,405,384,257,89,116,541,756,0.0,-0.3833333,0.6166667,-0.192,0.767,0.425,1
13.725,6.55,8.125,4.775,1.6,2.15,8.225,12.325,-1.075,0.35,-1.15,-1.075,-0.05,0.05,0.875,1.525,27,17,15,13,10,15,26,20,27,24,22,16,20,24,29,28,929,389,452,265,85,126,541,845,0.0,-0.3833333,0.6166667,-0.192,0.766,0.425,1
12.65,6.9,6.975,3.7,1.55,2.2,9.1,13.85,-2.4,-0.475,-0.675,0.1,-0.175,0.025,-1.175,-0.675,23,19,14,10,14,17,29,22,26,23,20,19,23,26,32,27,814,365,360,203,89,140,636,942,0.0,-0.3833333,0.6166667,-0.192,0.767,0.426,1
10.25,6.425,6.3,3.8,1.375,2.225,7.925,13.175,0.8,-1.3,-0.675,-0.075,-0.075,-0.1,-2.6,-0.35,20,20,15,14,13,15,24,24,28,27,22,25,21,25,27,31,569,374,335,238,72,137,467,859,0.0,-0.3833333,0.6166667,-0.19,0.767,0.426,1
11.05,5.125,5.625,3.725,1.3,2.125,5.325,12.825,-3.925,-2.025,-2.7,-1.675,-0.25,-0.625,-2.275,-5.95,14,10,15,11,12,11,18,21,25,26,25,21,19,22,27,30,609,315,290,216,74,131,323,869,0.0,-0.3833333,0.6166667,-0.103,0.753,0.35,1
7.125,3.1,2.925,2.05,1.05,1.5,3.05,6.875,-6.05,-1.4,-1.35,-0.925,-0.025,-0.5,-2.2,-5.825,7,7,12,9,6,5,7,11,22,23,23,16,18,14,19,21,384,182,148,88,56,80,192,456,0.0,-0.3833333,0.6166667,0.112,0.719,0.162,1
1.075,1.7,1.575,1.125,1.025,1.0,0.85,1.05,0.1,-0.025,0.45,0.15,-0.025,-0.05,-0.05,0.05,7,6,10,6,4,0,3,5,16,22,23,17,22,9,16,20,51,78,81,45,46,30,41,41,0.0,-0.3833333,0.6166667,0.241,0.699,0.049,1
1.175,1.675,2.025,1.275,1.0,0.95,0.8,1.1,0.425,2.125,10.75,1.175,0.8,3.125,0.95,0.425,7,5,13,3,7,4,4,3,10,18,22,22,21,15,17,18,44,70,89,57,54,47,40,43,0.0,-0.3833333,0.6166667,0.241,0.699,0.05,1
1.6,3.8,12.775,2.45,1.8,4.075,1.75,1.525,1.65,9.425,25.525,3.8,1.225,1.85,2.325,3.775,10,14,17,6,8,16,10,8,17,21,23,18,22,23,16,15,73,215,881,117,105,279,103,75,0.0,-0.3833333,0.6166667,0.242,0.701,0.052,1
3.25,13.225,38.3,6.25,3.025,5.925,4.075,5.3,0.1,1.75,6.075,0.375,-0.3,-2.475,-0.775,0.875,14,20,24,14,9,17,19,17,22,23,25,19,22,23,18,16,199,772,2532,384,180,372,233,313,0.0,-0.3833333,0.6166667,0.242,0.709,0.061,1
3.35,14.975,44.375,6.625,2.725,3.45,3.3,6.175,-1.075,-6.7,-16.45,-2.55,-0.775,-1.575,-2.025,-2.95,16,22,22,24,15,11,13,22,21,22,25,27,25,21,20,22,210,907,2845,465,177,176,168,390,0.0,-0.3833333,0.6166667,0.233,0.723,0.085,1
2.275,8.275,27.925,4.075,1.95,1.875,1.275,3.225,-0.35,-1.175,-6.1,-0.85,-0.05,-0.275,-0.075,-1.075,16,22,19,27,19,13,7,20,21,22,22,31,25,24,21,26,133,557,1806,294,130,106,64,219,0.0,-0.3833333,0.6166667,0.209,0.741,0.123,1
1.925,7.1,21.825,3.225,1.9,1.6,1.2,2.15,-0.475,-1.275,0.8,0.775,-0.175,-0.025,-0.1,-0.725,14,18,16,21,17,12,5,19,21,23,16,26,24,15,21,25,113,454,1200,206,115,81,66,131,0.0,-0.3833333,0.6166667,0.168,0.76,0.172,1
1.45,5.825,22.625,4.0,1.725,1.575,1.1,1.425,11.05,0.525,-9.375,0.65,-0.075,0.0,2.325,7.225,7,16,22,13,11,10,4,13,16,23,21,19,18,12,17,24,66,338,1453,209,87,61,58,89,0.0,-0.3833333,0.6166667,0.07,0.783,0.251,1
12.5,6.35,13.25,4.65,1.65,1.575,3.425,8.65,12.575,1.55,-7.7,-0.175,0.5,0.425,2.6,6.2,10,17,22,14,11,12,13,15,16,23,26,19,23,18,25,23,587,346,928,257,92,74,226,454,0.0,-0.3833333,0.6166667,-0.061,0.799,0.341,1
25.075,7.9,5.55,4.475,2.15,2.0,6.025,14.85,-5.75,-2.45,0.25,-0.15,-0.075,0.15,-0.05,-4.375,20,19,22,20,17,12,18,26,24,22,29,26,26,23,20,27,1427,439,371,278,130,98,323,822,0.0,-0.3833333,0.6166667,-0.135,0.792,0.391,1
19.325,5.45,5.8,4.325,2.075,2.15,5.975,10.475,-9.6,-2.4,-1.525,-1.3,-0.95,-0.55,-0.6,-4.425,25,22,25,20,15,11,13,23,26,28,28,27,22,25,18,27,1110,326,397,274,110,112,295,593,0.0,-0.3833333,0.6166667,-0.155,0.78,0.407,1
9.725,3.05,4.275,3.025,1.125,1.6,5.375,6.05,-3.3,0.425,0.725,0.5,-0.025,-0.15,-0.3,-0.925,25,16,19,18,5,9,17,19,24,24,25,24,19,25,26,24,619,183,254,198,57,93,321,363,0.0,-0.3833333,0.6166667,-0.159,0.783,0.409,1
6.425,3.475,5.0,3.525,1.1,1.45,5.075,5.125,-1.225,0.925,0.4,0.7,0.375,0.15,-0.975,0.75,25,14,13,13,5,6,21,20,29,18,25,24,17,18,28,26,434,191,308,220,53,70,325,338,0.0,-0.3833333,0.6166667,-0.158,0.786,0.407,1
5.2,4.4,5.4,4.225,1.475,1.6,4.1,5.875,0.05,-0.975,-0.15,-0.475,-0.175,-0.125,-0.45,0.375,20,22,13,15,13,9,21,21,28,25,26,23,22,16,26,24,346,270,337,257,80,76,257,361,0.0,-0.3833333,0.6166667,-0.158,0.782,0.406,1
5.25,3.425,5.25,3.75,1.3,1.475,3.65,6.25,-0.475,-0.65,-0.275,-0.4,-0.175,-0.225,-0.1,-1.325,17,16,15,19,13,11,22,23,22,27,24,25,26,20,25,23,315,225,310,227,82,82,220,404,0.0,-0.3833333,0.6166667,-0.157,0.78,0.405,1
4.775,2.775,4.975,3.35,1.125,1.25,3.55,4.925,-0.2,0.625,-0.175,-0.05,0.05,-0.15,-1.0,-1.1,18,14,17,14,10,12,20,20,22,24,25,26,22,20,27,24,282,153,280,200,71,79,231,330,0.0,-0.3833333,0.6166667,-0.156,0.779,0.405,1
4.575,3.4,4.8,3.3,1.175,1.1,2.55,3.825,0.55,0.325,0.8,-0.075,0.1,-0.05,-0.65,1.1,20,17,18,13,6,10,14,16,24,23,26,22,21,16,29,25,274,174,260,181,54,63,172,238,0.0,-0.3833333,0.6166667,-0.153,0.779,0.406,1
5.125,3.725,5.6,3.225,1.275,1.05,1.9,4.925,-0.125,0.375,0.925,0.325,0.175,0.125,0.0,1.75,19,16,17,16,2,8,15,17,23,26,24,21,19,17,23,28,305,227,314,183,52,52,108,277,0.0,-0.3833333,0.6166667,-0.152,0.779,0.406,1
5.0,4.1,6.525,3.55,1.45,1.175,1.9,6.675,0.275,-0.6,0.6,1.2,0.25,0.125,0.425,0.35,19,23,19,20,8,6,20,18,25,27,22,24,21,17,23,26,304,274,398,218,72,59,110,384,0.0,-0.3833333,0.6166667,-0.152,0.778,0.406,1
5.275,3.5,7.125,4.75,1.7,1.3,2.325,7.025,0.8,-0.875,-1.175,0.2,-0.25,0.0,-0.075,-1.45,22,21,23,27,11,10,15,19,25,23,26,28,22,17,25,23,344,220,447,313,82,75,125,445,0.0,-0.3833333,0.6166667,-0.152,0.777,0.407,1
1.05,1.6,2.075,1.25,1.15,1.05,1.125,0.875,0.0,-0.1,0.325,0.175,0.125,-0.125,-0.15,0.025,5,9,16,8,4,3,8,8,16,22,25,17,16,12,20,14,54,76,141,51,48,37,48,43,1.0,-0.3833333,1.0,0.241,0.7,0.049,1
1.05,1.5,2.4,1.425,1.275,0.925,0.975,0.9,0.025,-0.125,-0.375,-0.125,-0.25,0.05,-0.025,0.1,3,12,15,5,3,3,5,5,15,18,24,20,19,11,13,14,50,72,146,65,58,36,43,41,1.0,-0.3833333,1.0,0.241,0.7,0.048,1
1.075,1.375,2.025,1.3,1.025,0.975,0.95,1.0,0.075,0.175,0.45,-0.15,-0.05,-0.225,0.025,0.125,3,10,11,6,1,4,4,6,13,22,24,17,23,13,11,14,45,82,105,64,47,41,35,38,1.0,-0.3833333,1.0,0.241,0.699,0.048,1
1.15,1.55,2.475,1.15,0.975,0.75,0.975,1.125,-0.1,0.025,0.25,0.125,0.05,0.225,0.175,-0.15,6,8,16,8,0,2,9,10,12,23,27,15,18,9,16,15,50,91,143,50,38,30,40,45,1.0,-0.3833333,1.0,0.241,0.699,0.048,1
1.05,1.575,2.725,1.275,1.025,0.975,1.15,0.975,-0.175,-0.325,-0.025,-0.075,0.075,0.225,-0.05,-0.075,4,9,18,9,2,3,8,8,18,18,27,17,15,15,17,16,49,93,171,59,49,39,47,42,1.0,-0.3833333,1.0,0.241,0.699,0.049,1
0.875,1.25,2.7,1.2,1.1,1.2,1.1,0.9,0.15,0.175,0.1,-0.125,0.15,-0.125,-0.25,0.125,3,9,16,12,10,6,5,5,23,16,23,20,14,19,12,12,45,77,174,60,54,50,36,40,1.0,-0.3833333,1.0,0.242,0.7,0.048,1
1.025,1.425,2.8,1.075,1.25,1.075,0.85,1.025,0.2,0.15,-0.375,0.65,1.05,2.525,2.35,0.175,6,8,17,11,7,4,2,4,17,21,19,22,15,11,13,15,48,80,173,60,48,37,32,49,1.0,-0.3833333,1.0,0.242,0.7,0.049,1
1.225,1.575,2.425,1.725,2.3,3.6,3.2,1.2,0.25,0.55,3.175,2.35,3.375,4.45,2.275,0.175,6,15,19,9,10,11,11,9,14,23,19,24,18,15,23,20,50,85,147,90,129,194,186,63,1.0,-0.3833333,1.0,0.242,0.702,0.05,1
1.475,2.125,5.6,4.075,5.675,8.05,5.475,1.375,0.0,1.175,4.95,1.125,1.275,-0.175,-1.25,0.05,10,17,18,14,20,18,20,11,17,21,21,25,22,24,28,21,70,108,299,222,361,488,343,72,1.0,-0.3833333,1.0,0.243,0.709,0.056,1
1.475,3.3,10.55,5.2,6.95,7.875,4.225,1.425,-0.1,1.425,6.725,-1.025,-2.5,-3.375,-1.875,-0.025,15,18,22,23,21,19,19,13,19,27,27,24,24,25,25,22,82,201,708,316,415,479,279,82,1.0,-0.3833333,1.0,0.24,0.727,0.071,1
1.375,4.725,17.275,4.175,4.45,4.5,2.35,1.4,0.65,1.6,8.475,-0.3,-1.95,-2.15,-0.775,0.3,12,19,21,20,19,17,16,13,19,29,24,24,24,25,19,25,80,301,1000,245,251,256,142,76,1.0,-0.3833333,1.0,0.215,0.775,0.11,1
2.025,6.325,25.75,3.875,2.5,2.35,1.575,1.7,0.425,1.05,-5.775,-0.075,-0.575,-1.075,0.05,0.125,19,18,19,19,14,14,16,11,26,24,22,24,19,20,22,19,117,353,1407,231,130,113,93,71,1.0,-0.3833333,1.0,0.16,0.858,0.173,1
2.45,7.375,19.975,3.8,1.925,1.275,1.625,1.825,15.325,-0.175,-9.9,2.375,0.825,1.325,3.15,8.8,18,17,20,19,10,11,11,13,24,22,25,21,14,21,25,18,140,394,1142,229,95,66,82,94,1.0,-0.3833333,1.0,0.074,0.942,0.245,1
17.775,7.2,10.075,6.175,2.75,2.6,4.775,10.625,9.4,-0.05,-1.55,0.25,0.0,0.525,4.35,8.225,13,20,20,18,14,15,14,17,23,24,27,19,21,25,23,26,785,427,590,356,149,159,268,671,1.0,-0.3833333,1.0,-0.043,1.004,0.316,1
27.175,7.15,8.525,6.425,2.75,3.125,9.125,18.85,-5.975,1.0,0.1,-1.175,-0.9,-1.075,-0.025,0.85,23,22,22,16,14,16,22,19,30,27,28,22,24,24,25,24,1452,455,551,377,146,192,583,1170,1.0,-0.3833333,1.0,-0.133,1.03,0.36,1
21.2,8.15,8.625,5.25,1.85,2.05,9.1,19.7,2.775,0.5,-0.75,-0.2,0.025,0.325,-0.6,-3.1,26,16,25,23,12,11,22,22,29,25,27,27,23,24,25,27,1364,488,583,347,98,136,551,1341,1.0,-0.3833333,1.0,-0.157,1.032,0.37,1
23.975,8.65,7.875,5.05,1.875,2.375,8.5,16.6,-2.325,0.5,0.025,0.35,0.075,0.4,2.15,-0.025,21,12,23,26,14,13,17,25,28,25,24,27,22,24,21,28,1569,477,477,341,105,158,413,1113,1.0,-0.3833333,1.0,-0.157,1.034,0.369,1
21.65,9.15,7.9,5.4,1.95,2.775,10.65,16.575,-1.2,0.85,2.35,1.7,0.075,-0.475,2.3,6.225,20,21,19,21,15,17,15,26,23,28,23,22,22,21,23,28,1394,579,450,306,118,162,606,1085,1.0,-0.3833333,1.0,-0.156,1.037,0.368,1
20.45,10.0,10.25,7.1,2.025,2.3,12.95,22.8,1.8,-0.425,0.975,0.625,-0.075,0.225,1.15,-1.475,19,25,24,22,12,18,22,26,22,29,25,24,24,20,26,29,1222,626,686,439,116,125,852,1478,1.0,-0.3833333,1.0,-0.156,1.038,0.366,1
22.25,9.575,11.225,7.725,1.95,2.525,14.1,21.325,1.35,-0.15,0.15,-0.65,0.0,0.075,-1.475,-3.575,22,19,25,21,12,17,22,23,28,24,25,26,21,23,28,23,1435,507,740,514,104,140,853,1368,1.0,-0.3833333,1.0,-0.157,1.039,0.366,1
23.6,9.425,11.375,7.075,1.95,2.6,12.625,17.75,0.55,0.625,-1.0,-1.1,0.475,0.075,-1.9,1.65,21,18,23,21,13,19,20,19,28,22,26,23,21,22,26,21,1491,491,707,449,109,142,746,1183,1.0,-0.3833333,1.0,-0.159,1.038,0.366,1
24.15,10.05,10.375,5.975,2.425,2.675,10.725,19.4,-0.95,-0.65,-1.6,-0.225,-0.25,0.425,2.575,-0.15,19,24,23,18,14,17,20,23,28,26,28,24,24,20,26,25,1575,621,627,360,148,141,630,1253,1.0,-0.3833333,1.0,-0.163,1.037,0.364,1
23.2,9.4,8.775,5.75,2.175,3.1,13.3,19.25,3.175,2.525,-0.85,-0.25,-0.025,-0.325,1.275,-0.425,19,29,25,15,12,15,21,25,28,29,26,25,20,19,25,25,1522,620,516,353,130,156,813,1186,1.0,-0.3833333,1.0,-0.165,1.037,0.364,1
26.375,11.925,7.925,5.5,2.15,2.775,14.575,18.825,-1.575,0.15,2.8,0.65,0.05,0.525,-0.825,-1.8,17,28,25,20,17,14,17,24,25,30,29,24,23,19,23,25,1596,785,526,341,126,138,823,1202,1.0,-0.3833333,1.0,-0.166,1.037,0.364,1
24.8,12.075,10.725,6.15,2.2,3.3,13.75,17.025,-3.925,-3.65,1.4,0.3,-0.4,0.275,0.575,-1.125,19,20,27,21,19,15,21,21,25,28,31,26,26,16,27,25,1487,756,685,365,137,145,901,1077,1.0,-0.3833333,1.0,-0.167,1.036,0.365,1
20.875,8.425,12.125,6.45,1.8,3.575,14.325,15.9,-0.3,1.55,-0.775,-0.175,0.275,-0.775,-2.0,-0.8,25,19,22,14,11,15,27,20,26,25,26,23,21,16,27,21,1318,527,663,353,96,178,959,999,1.0,-0.3833333,1.0,-0.167,1.037,0.365,1
20.575,9.975,11.35,6.275,2.075,2.8,12.325,15.1,1.075,1.025,1.2,0.175,0.125,-0.2,-0.075,-5.7,27,19,17,15,14,11,19,17,29,24,21,25,23,17,24,20,1331,643,615,381,119,165,686,944,1.0,-0.3833333,1.0,-0.167,1.037,0.365,1
21.65,11.0,12.55,6.45,2.2,2.6,12.25,9.4,-0.375,-1.725,0.35,0.175,-0.075,0.45,-0.275,-1.15,23,21,19,16,17,15,18,15,25,26,23,24,27,16,27,24,1242,704,772,402,142,152,717,503,1.0,-0.3833333,1.0,-0.167,1.037,0.364,1
21.275,9.275,12.9,6.625,2.125,3.05,11.975,8.25,-0.85,-0.35,-2.45,-0.625,-0.15,0.075,-0.375,1.225,18,26,20,16,18,22,19,22,23,31,24,23,23,23,26,27,1167,561,829,397,126,179,768,525,1.0,-0.3833333,1.0,-0.167,1.036,0.364,1
20.425,8.925,10.45,6.0,1.975,3.125,11.6,9.475,-2.6,-0.475,-2.575,-1.2,-0.15,-0.55,1.8,1.1,19,25,19,19,14,17,15,25,24,30,27,26,21,24,18,31,1202,564,663,350,118,191,665,655,1.0,-0.3833333,1.0,-0.167,1.036,0.364,1
17.825,8.45,7.875,4.8,1.825,2.575,13.4,10.575,1.925,0.975,-0.025,0.2,0.225,-0.125,-2.65,1.725,18,23,15,21,10,15,17,22,23,25,30,25,18,18,18,29,992,524,500,272,103,141,793,652,1.0,-0.3833333,1.0,-0.166,1.036,0.365,1
19.75,9.425,7.85,5.0,2.05,2.45,10.75,12.3,1.55,1.25,1.15,0.8,0.0,0.675,0.4,-2.175,19,24,19,19,15,15,17,22,23,24,26,27,19,17,21,30,1157,621,488,297,108,133,619,737,1.0,-0.3833333,1.0,-0.166,1.037,0.366,1
21.3,10.675,9.0,5.8,2.05,3.125,11.15,10.125,-4.075,-1.4,0.6,-0.5,-0.3,-0.2,0.85,-1.35,23,25,19,19,11,17,15,21,26,26,24,27,19,19,26,26,1255,715,525,368,104,172,585,600,1.0,-0.3833333,1.0,-0.166,1.037,0.367,1
17.225,9.275,9.6,5.3,1.75,2.925,12.0,8.775,0.1,-1.1,0.7,-0.05,-0.2,-0.975,-3.225,1.2,23,25,22,24,6,18,19,20,28,27,24,27,22,25,28,28,1095,609,606,349,91,165,735,525,1.0,-0.3833333,1.0,-0.167,1.036,0.367,1
17.325,8.175,10.3,5.25,1.55,1.95,8.775,9.975,2.625,0.2,1.05,1.075,0.325,0.475,0.425,-1.925,22,24,23,22,7,11,20,21,25,25,22,23,21,20,25,26,1085,528,650,335,74,85,571,635,1.0,-0.3833333,1.0,-0.167,1.036,0.367,1
19.95,8.375,11.35,6.325,1.875,2.425,9.2,8.05,3.025,0.8,-0.475,0.2,-0.05,0.525,0.575,-0.025,24,25,24,22,12,15,21,21,23,27,25,22,18,19,24,21,1242,576,723,408,102,143,518,517,1.0,-0.3833333,1.0,-0.167,1.036,0.367,1
22.975,9.175,10.875,6.525,1.825,2.95,9.775,8.025,-0.525,0.825,-1.65,-0.6,-0.025,-0.4,-1.15,2.575,27,25,23,21,11,19,23,20,27,29,24,23,20,22,24,23,1485,554,648,374,99,191,562,472,1.0,-0.3833333,1.0,-0.167,1.036,0.367,1
22.45,10.0,9.225,5.925,1.8,2.55,8.625,10.6,-0.725,-0.25,-1.275,-0.75,0.25,-0.15,0.575,-1.7,25,20,21,19,8,15,21,20,27,25,23,24,17,19,25,24,1474,546,572,341,98,150,540,644,1.0,-0.3833333,1.0,-0.167,1.036,0.368,1
21.725,9.75,7.95,5.175,2.05,2.4,9.2,8.9,0.65,-0.2,-0.525,-0.6,-0.275,0.6,2.825,-0.6,24,19,19,21,13,10,21,22,28,23,24,31,21,18,27,21,1425,544,536,354,124,156,637,570,1.0,-0.3833333,1.0,-0.166,1.035,0.368,1
22.375,9.55,7.425,4.575,1.775,3.0,12.025,8.3,0.325,0.2,0.275,-0.05,0.025,0.175,0.55,4.5,25,17,17,18,18,14,22,22,30,25,20,25,23,22,24,20,1459,539,456,269,108,200,755,481,1.0,-0.3833333,1.0,-0.166,1.034,0.368,1
22.7,9.75,7.7,4.525,1.8,3.175,12.575,12.8,-0.95,1.25,1.1,0.675,0.4,-0.55,-2.95,0.875,20,18,19,13,16,17,27,21,26,26,20,22,20,21,25,20,1331,564,445,277,92,187,790,713,1.0,-0.3833333,1.0,-0.166,1.034,0.368,1
21.75,11.0,8.8,5.2,2.2,2.625,9.625,13.675,-0.575,1.65,0.05,0.425,-0.05,0.1,-0.225,-2.75,17,16,21,18,17,15,26,21,25,21,22,25,19,22,28,23,1247,660,490,340,106,146,683,793,1.0,-0.3833333,1.0,-0.166,1.034,0.368,1
21.175,12.65,8.85,5.625,2.15,2.725,9.4,10.925,-2.425,-0.25,-0.975,-0.775,-0.25,-0.175,1.3,-0.6,17,19,22,23,17,16,22,24,28,23,26,24,23,26,29,26,1277,806,582,377,126,172,659,658,1.0,-0.3833333,1.0,-0.167,1.035,0.369,1
18.75,12.4,7.875,4.85,1.9,2.55,10.7,10.325,-0.05,-1.85,0.65,0.05,0.275,0.425,1.85,2.4,19,26,21,21,17,15,21,27,30,27,24,24,27,24,26,28,1131,807,478,318,122,160,678,635,1.0,-0.3833333,1.0,-0.167,1.035,0.368,1
18.7,10.55,8.525,4.9,2.175,2.975,12.55,12.725,5.025,0.425,2.075,0.175,0.175,0.275,0.45,2.975,19,25,22,22,15,13,20,23,27,26,25,24,25,19,25,26,1046,658,544,313,126,152,752,819,1.0,-0.3833333,1.0,-0.167,1.034,0.367,1
23.725,10.975,10.6,5.075,2.35,3.25,13.0,15.7,-5.75,-1.175,-0.475,-1.05,-0.25,-0.6,-1.65,-0.225,21,21,24,20,17,11,22,21,23,26,27,25,26,21,31,23,1401,647,703,322,137,166,862,1040,1.0,-0.3833333,1.0,-0.167,1.033,0.366,1
17.975,9.8,10.125,4.025,2.1,2.65,11.35,15.475,-11.825,-5.8,-4.275,-1.525,-0.55,-0.875,-5.175,-8.025,19,18,21,15,22,13,19,18,24,27,25,25,24,22,25,20,1140,607,636,245,129,156,715,946,1.0,-0.3833333,1.0,-0.128,0.999,0.335,1
6.15,4.0,5.85,2.5,1.55,1.775,6.175,7.45,-4.95,-2.4,-2.5,-0.975,-0.45,-0.825,-5.225,-6.625,10,9,19,14,9,9,7,8,22,21,26,28,19,18,17,12,372,239,342,145,76,92,316,406,1.0,-0.3833333,1.0,0.073,0.833,0.178,1
1.2,1.6,3.35,1.525,1.1,0.95,0.95,0.825,0.0,0.05,0.125,-0.125,-0.125,0.0,-0.1,0.075,10,6,20,9,3,3,5,0,21,18,24,28,20,15,21,10,73,96,190,80,48,41,47,29,1.0,-0.3833333,1.0,0.234,0.701,0.053,1
1.2,1.65,3.475,1.4,0.975,0.95,0.85,0.9,-0.075,-0.15,-0.1,-0.025,0.1,-0.025,0.075,0.125,9,12,23,8,3,1,5,2,19,18,24,22,19,16,23,14,63,98,219,71,45,41,47,36,1.0,-0.3833333,1.0,0.234,0.701,0.053,1
1.125,1.5,3.375,1.375,1.075,0.925,0.925,1.025,0.025,-0.2,-0.025,0.175,0.35,0.175,0.35,0.025,6,15,23,7,4,3,4,6,12,20,26,16,16,19,22,15,43,81,226,63,46,46,47,48,1.0,-0.3833333,1.0,0.234,0.7,0.052,1
1.15,1.3,3.35,1.55,1.425,1.1,1.275,1.05,-0.025,-0.05,0.775,0.925,1.15,1.875,1.3,0.0,9,10,26,8,12,6,8,4,14,22,30,19,17,17,22,11,47,73,225,71,73,52,74,41,1.0,-0.3833333,1.0,0.234,0.7,0.053,1
1.125,1.25,4.125,2.475,2.575,2.975,2.575,1.05,0.05,1.35,6.625,0.4,0.45,1.475,1.55,0.05,6,6,24,16,15,13,11,2,13,21,30,21,17,20,20,9,51,78,291,124,143,162,143,34,1.0,-0.3833333,1.0,0.233,0.702,0.054,1
1.175,2.6,10.75,2.875,3.025,4.45,4.125,1.1,0.275,1.6,6.7,-0.35,-0.325,0.875,0.15,0.1,8,11,21,17,17,15,16,5,14,21,27,20,22,19,20,15,61,147,707,150,189,231,233,49,1.0,-0.3833333,1.0,0.232,0.708,0.06,1
1.45,4.2,17.45,2.525,2.7,5.325,4.275,1.2,0.6,1.475,0.325,0.35,-0.175,-0.55,-1.2,0.1,10,19,23,15,16,17,13,9,20,22,26,20,25,21,19,21,80,245,1151,143,167,305,258,66,1.0,-0.3833333,1.0,0.226,0.723,0.073,1
2.05,5.675,17.775,2.875,2.525,4.775,3.075,1.3,-0.15,0.225,-0.125,0.225,-0.5,-2.6,-1.4,-0.2,17,22,22,16,11,19,13,10,22,23,27,18,23,20,21,21,116,338,1101,168,133,295,180,70,1.0,-0.3833333,1.0,0.213,0.747,0.096,1
1.9,5.9,17.65,3.1,2.025,2.175,1.675,1.1,-0.225,-0.575,1.125,0.2,0.025,-0.575,-0.475,-0.15,20,21,23,16,10,11,12,5,22,23,27,20,21,19,18,13,109,364,1073,184,106,122,91,46,1.0,-0.3833333,1.0,0.189,0.781,0.132,1
1.675,5.325,18.775,3.3,2.05,1.6,1.2,0.95,0.45,1.2,4.0,0.275,0.075,0.65,0.375,0.125,15,18,24,15,15,12,8,4,21,21,28,16,25,23,19,14,86,323,1133,175,124,97,63,36,1.0,-0.3833333,1.0,0.156,0.823,0.176,1
2.125,6.525,22.775,3.575,2.125,2.25,1.575,1.075,-0.425,-0.725,-1.775,-0.025,-0.275,-0.225,0.075,-0.05,19,21,24,16,14,15,13,9,22,22,28,18,23,20,21,20,113,399,1358,213,122,119,87,56,1.0,-0.3833333,1.0,0.111,0.869,0.223,1
1.7,5.8,21.0,3.55,1.85,2.025,1.65,1.025,10.225,0.5,-8.025,1.55,-0.025,-0.05,1.075,2.925,15,20,21,16,10,9,16,8,21,24,25,22,17,17,22,20,101,348,1157,222,94,106,88,58,1.0,-0.3833333,1.0,0.047,0.924,0.277,1
11.925,6.3,12.975,5.1,1.825,1.975,2.725,3.95,13.575,2.325,-2.375,1.7,0.125,0.675,1.225,7.55,8,21,22,15,13,9,19,7,20,25,23,23,21,19,23,22,635,346,707,295,103,119,152,191,1.0,-0.3833333,1.0,-0.069,0.992,0.336,1
25.5,8.625,10.6,6.8,1.95,2.65,3.95,11.5,1.225,0.5,-1.85,-1.45,0.0,-0.05,-0.725,4.325,16,29,20,17,16,18,23,15,25,27,24,26,24,21,27,22,1682,534,629,405,119,159,244,647,1.0,-0.3833333,1.0,-0.154,1.03,0.368,1
26.725,9.125,8.75,5.35,1.95,2.6,3.225,15.825,-6.05,-0.15,-2.3,-0.4,-0.3,-0.575,2.225,2.15,22,32,17,18,19,21,21,23,26,31,24,26,22,25,29,25,1606,622,536,328,114,154,197,913,1.0,-0.3833333,1.0,-0.165,1.029,0.371,1
20.675,8.975,6.45,4.95,1.65,2.025,5.45,17.975,-3.325,-1.7,0.85,1.05,-0.175,-0.125,1.925,2.325,24,27,19,16,10,18,21,25,28,30,24,29,15,22,28,26,1261,596,384,282,84,114,355,1087,1.0,-0.3833333,1.0,-0.167,1.028,0.374,1
17.35,7.275,7.3,6.0,1.475,1.9,7.375,20.3,1.125,-0.75,1.125,-0.8,0.0,0.2,-0.275,-5.625,25,17,18,18,6,16,23,26,30,21,26,28,14,21,27,27,1201,388,444,345,74,103,465,1283,1.0,-0.3833333,1.0,-0.168,1.026,0.376,1
18.475,6.525,8.425,5.2,1.475,2.1,7.1,14.675,1.325,1.675,-0.35,-0.525,0.125,0.2,0.7,-2.2,22,16,18,21,9,13,17,23,26,21,29,25,16,22,23,26,1299,358,512,301,73,131,407,963,1.0,-0.3833333,1.0,-0.168,1.024,0.378,1
19.8,8.2,8.075,4.675,1.6,2.3,7.8,12.475,0.0,2.6,-0.95,0.675,0.325,0.175,0.3,3.425,25,17,17,21,7,14,19,19,27,19,28,27,18,21,25,23,1389,458,470,303,89,141,492,730,1.0,-0.3833333,1.0,-0.169,1.025,0.378,1
19.8,10.8,7.125,5.35,1.925,2.475,8.1,15.9,-2.8,-0.7,1.1,-0.125,-0.275,-0.3,-0.275,0.425,25,23,16,17,11,19,24,17,29,23,23,29,20,21,26,24,1257,642,378,304,115,148,494,935,1.0,-0.3833333,1.0,-0.171,1.027,0.376,1
17.0,10.1,8.225,5.225,1.65,2.175,7.825,16.325,-2.925,-0.125,0.975,0.325,-0.1,-0.325,0.55,-1.0,23,25,19,15,11,19,23,16,26,32,23,27,19,20,28,25,1061,649,459,274,98,130,469,1012,1.0,-0.3833333,1.0,-0.174,1.029,0.374,1
14.075,9.975,9.2,5.55,1.55,1.85,8.375,15.325,-1.45,1.0,-1.65,-0.575,0.35,0.1,-0.375,-3.0,24,17,18,14,11,13,21,23,28,28,24,20,23,16,25,25,909,537,531,299,83,96,487,1025,1.0,-0.3833333,1.0,-0.176,1.031,0.373,1
12.625,10.975,7.55,4.975,1.9,1.95,8.0,12.325,3.15,-2.2,-0.95,-1.525,-0.175,-0.275,-0.775,-1.575,24,15,15,14,16,17,22,25,30,24,25,18,22,21,25,27,832,584,390,264,101,111,509,830,1.0,-0.3833333,1.0,-0.176,1.032,0.372,1
15.775,8.775,6.6,3.45,1.725,1.675,7.225,10.75,0.65,-0.025,2.475,0.4,-0.35,-0.225,2.15,1.4,25,18,20,16,13,15,22,28,30,24,25,18,23,24,30,28,1030,505,373,181,100,104,507,681,1.0,-0.3833333,1.0,-0.177,1.031,0.371,1
16.425,8.75,9.075,3.85,1.375,1.45,9.375,12.15,-3.45,1.825,1.425,0.5,0.3,0.425,-0.125,-1.6,21,19,24,20,10,10,24,23,26,23,25,22,21,20,32,25,1000,511,611,228,77,77,675,663,1.0,-0.3833333,1.0,-0.177,1.031,0.371,1
12.975,10.575,10.5,4.35,1.675,1.875,9.25,10.55,-0.25,-0.75,-2.625,-0.575,0.125,0.175,-2.25,-2.1,18,17,21,23,12,12,24,19,22,25,27,27,16,23,29,25,800,623,704,297,87,101,617,595,1.0,-0.3833333,1.0,-0.176,1.03,0.37,1
12.725,9.825,7.875,3.775,1.8,2.05,7.0,8.45,0.725,-1.05,1.1,0.95,-0.25,-0.175,-0.725,1.325,21,20,14,15,12,12,20,24,23,25,25,26,19,22,26,27,892,568,486,246,99,119,397,538,1.0,-0.3833333,1.0,-0.175,1.03,0.37,1
13.45,8.775,8.975,4.725,1.55,1.875,6.275,9.775,-1.45,-0.025,1.25,0.625,0.075,-0.325,2.05,-0.125,20,24,18,13,9,10,20,24,25,23,23,25,16,13,21,29,818,570,576,291,82,97,361,605,1.0,-0.3833333,1.0,-0.174,1.029,0.37,1
12.0,8.75,10.225,5.35,1.625,1.55,8.325,9.65,0.0,1.0,-1.3,-0.975,0.025,0.125,1.4,-2.175,20,18,27,17,7,7,23,20,24,22,26,26,20,13,22,24,710,522,679,315,86,73,514,568,1.0,-0.3833333,1.0,-0.173,1.029,0.371,1
12.0,9.75,8.925,4.375,1.65,1.675,9.725,7.475,3.925,-0.4,-0.5,-0.375,-0.025,0.275,-1.125,1.2,27,18,31,15,8,9,23,21,26,24,30,22,24,17,25,22,808,572,629,244,89,97,619,461,1.0,-0.3833333,1.0,-0.173,1.029,0.372,1
15.925,9.35,8.425,4.0,1.625,1.95,8.6,8.675,-1.025,-1.075,-0.425,0.45,0.0,-0.1,-0.6,1.325,27,24,24,22,11,17,24,24,28,27,28,27,29,21,29,26,1078,602,577,269,100,124,570,562,1.0,-0.3833333,1.0,-0.174,1.03,0.372,1
14.9,8.275,8.0,4.45,1.625,1.85,8.0,10.0,-4.325,0.925,-0.175,0.65,0.225,0.05,1.425,-2.35,25,26,21,25,12,17,26,25,27,27,24,28,27,21,28,25,986,536,512,278,102,109,541,661,1.0,-0.3833333,1.0,-0.175,1.031,0.372,1
10.575,9.2,7.825,5.1,1.85,1.9,9.425,7.65,1.725,0.625,0.125,-0.05,-0.025,-0.075,0.85,0.8,26,25,25,22,15,12,21,22,27,28,26,26,25,19,19,22,723,570,502,297,106,101,538,487,1.0,-0.3833333,1.0,-0.176,1.032,0.371,1
12.3,9.825,7.95,5.05,1.825,1.825,10.275,8.45,3.55,0.175,0.05,0.175,-0.325,0.0,-0.15,1.0,22,24,20,18,14,17,18,20,27,27,25,22,26,20,20,18,767,601,463,267,106,103,586,515,1.0,-0.3833333,1.0,-0.176,1.033,0.369,1
15.85,10.0,8.0,5.225,1.5,1.825,10.125,9.45,-3.4,-1.575,-1.55,-0.65,0.025,0.125,0.475,-0.05,21,21,20,21,10,18,17,18,24,25,24,22,22,20,25,24,1002,618,456,293,85,103,667,612,1.0,-0.3833333,1.0,-0.176,1.034,0.368,1
12.45,8.425,6.45,4.575,1.525,1.95,10.6,9.4,-2.625,-0.85,0.125,-0.325,0.125,0.375,0.475,1.375,22,17,17,20,9,13,20,17,23,24,21,23,18,23,26,25,820,520,368,259,79,115,695,550,1.0,-0.3833333,1.0,-0.175,1.033,0.367,1
9.825,7.575,6.575,4.25,1.65,2.325,11.075,10.775,2.125,0.25,2.2,0.475,-0.275,-0.175,0.425,-0.45,20,20,15,14,8,17,23,20,24,28,19,21,21,21,26,23,592,476,320,246,79,145,738,642,1.0,-0.3833333,1.0,-0.175,1.032,0.367,1
11.95,7.825,8.775,4.725,1.375,2.15,11.5,10.325,1.2,-0.525,1.075,-0.1,-0.075,-0.375,-1.375,1.2,18,22,22,15,7,15,22,23,25,25,23,22,21,21,28,26,731,457,525,305,74,125,810,676,1.0,-0.3833333,1.0,-0.176,1.031,0.367,1
13.15,7.3,9.85,4.625,1.3,1.775,10.125,11.525,0.675,1.0,0.45,0.025,0.2,-0.025,-1.4,-0.375,19,21,27,16,7,16,22,23,22,23,30,25,18,27,29,29,837,417,660,278,74,110,656,761,1.0,-0.3833333,1.0,-0.176,1.03,0.367,1
13.825,8.3,10.3,4.65,1.5,1.75,8.725,11.15,-0.475,-0.15,-0.975,0.15,0.0,-0.2,0.0,-1.175,16,20,21,15,14,14,20,24,20,22,26,22,19,24,25,27,786,488,664,286,85,112,486,780,1.0,-0.3833333,1.0,-0.176,1.029,0.368,1
13.35,8.15,9.325,4.8,1.5,1.55,8.725,9.975,-0.125,-1.35,0.575,0.35,-0.025,0.175,1.325,-0.4,19,20,21,20,16,10,19,27,22,23,23,23,17,20,25,29,759,472,602,298,82,100,576,687,1.0,-0.3833333,1.0,-0.175,1.03,0.368,1
13.225,6.8,9.9,5.15,1.475,1.725,10.05,9.575,-0.875,0.075,1.25,0.625,-0.025,0.3,0.15,-2.0,21,16,20,22,8,9,21,27,20,24,21,25,16,22,23,30,815,417,561,307,67,105,672,651,1.0,-0.3833333,1.0,-0.174,1.03,0.368,1
12.35,6.875,11.15,5.775,1.45,2.025,10.2,7.575,2.075,0.075,-2.75,-0.925,0.075,0.175,-0.7,0.425,23,15,20,21,5,14,25,20,23,25,23,25,19,25,24,23,807,430,604,331,59,121,639,455,1.0,-0.3833333,1.0,-0.173,1.03,0.368,1
14.425,6.95,8.4,4.85,1.525,2.2,9.5,8.0,3.575,0.0,-1.475,-1.025,0.2,-0.25,0.4,1.85,24,21,23,24,8,17,21,20,27,25,27,25,19,21,27,23,1010,423,556,301,78,117,586,499,1.0,-0.3833333,1.0,-0.173,1.031,0.367,1
18.0,6.95,6.925,3.825,1.725,1.95,9.9,9.85,-1.2,1.925,1.0,0.65,0.025,0.0,-0.675,0.85,24,19,21,24,9,12,21,21,26,25,26,25,17,15,29,28,1175,396,467,246,79,101,667,596,1.0,-0.3833333,1.0,-0.173,1.032,0.367,1
16.8,8.875,7.925,4.475,1.75,1.95,9.225,10.7,-2.5,1.625,0.8,0.3,-0.075,0.15,-0.55,-0.35,20,18,16,17,13,17,23,16,24,24,21,20,18,22,27,25,978,509,462,238,77,126,641,597,1.0,-0.3833333,1.0,-0.173,1.033,0.368,1
14.3,10.5,8.725,4.775,1.675,2.1,8.675,10.35,-2.8,-1.825,-0.25,-0.05,-0.05,0.15,-0.375,-1.15,22,25,20,17,16,19,20,16,26,26,22,18,20,21,24,27,881,670,497,242,90,127,521,599,1.0,-0.3833333,1.0,-0.173,1.033,0.369,1
11.5,8.675,8.475,4.725,1.625,2.25,8.3,9.2,-0.125,-0.425,-0.175,-0.65,-0.1,-0.075,-0.775,-1.1,24,23,25,22,16,17,22,21,26,28,28,25,19,16,28,26,743,535,552,295,91,119,544,548,1.0,-0.3833333,1.0,-0.173,1.032,0.37,1
11.375,8.25,8.3,4.075,1.525,2.175,7.525,8.1,1.8,1.875,-0.525,-0.8,0.0,-0.425,-0.6,2.15,18,20,21,19,11,16,20,21,24,29,25,27,23,18,25,23,658,473,494,248,89,119,483,488,1.0,-0.3833333,1.0,-0.174,1.032,0.37,1
13.175,10.125,7.775,3.275,1.525,1.75,6.925,10.25,0.675,-1.15,1.175,0.75,-0.025,0.3,0.55,0.225,19,21,21,15,8,13,18,21,23,26,26,24,17,17,22,26,735,594,437,177,79,92,405,644,1.0,-0.3833333,1.0,-0.174,1.031,0.37,1
13.85,8.975,8.95,4.025,1.5,2.05,7.475,10.475,-1.75,-1.2,2.075,1.15,0.25,0.3,-0.25,-2.775,23,21,22,18,6,18,19,17,23,22,24,22,12,23,22,24,837,582,527,232,77,126,424,668,1.0,-0.3833333,1.0,-0.173,1.031,0.37,1
12.1,7.775,11.025,5.175,1.75,2.35,7.225,7.7,-4.725,-1.55,-2.9,-1.325,0.05,-0.35,0.125,-1.975,22,21,20,22,5,18,19,14,23,25,24,25,18,24,27,23,752,468,653,313,85,158,450,475,1.0,-0.3833333,1.0,-0.173,1.031,0.371,1
7.375,6.225,8.125,3.85,1.8,2.0,7.35,5.725,-4.2,-3.65,-4.825,-2.225,-0.425,-0.8,-2.625,-2.8,18,14,17,16,7,10,21,15,24,26,24,24,18,19,28,25,458,327,446,241,87,112,465,367,1.0,-0.3833333,1.0,-0.09,0.965,0.307,1
3.175,2.575,3.3,1.625,1.375,1.2,4.725,2.925,-2.05,-1.45,-1.6,-0.5,-0.325,-0.375,-3.875,-1.925,12,6,13,7,6,3,14,7,20,22,26,17,11,19,23,17,189,116,156,84,55,60,306,173,1.0,-0.3833333,1.0,0.118,0.8,0.146,1
1.125,1.125,1.7,1.125,1.05,0.825,0.85,1.0,-0.1,0.175,0.075,0.05,0.0,0.075,0.25,-0.025,6,10,13,4,4,1,6,2,17,19,25,13,15,15,19,12,54,59,90,39,36,36,40,35,1.0,-0.3833333,1.0,0.242,0.702,0.049,1
1.025,1.3,1.775,1.175,1.05,0.9,1.1,0.975,-0.175,0.1,-0.375,-0.175,0.05,0.1,-0.05,0.05,2,12,13,5,4,1,3,5,22,24,18,13,14,16,15,13,53,75,92,41,39,38,35,36,1.0,-0.3833333,1.0,0.242,0.702,0.049,1
0.85,1.4,1.4,1.0,1.1,1.0,1.05,1.025,-0.025,-0.025,-0.1,0.0,-0.275,0.025,-0.25,-0.1,3,13,7,6,3,1,3,3,17,19,14,13,14,19,16,11,44,74,68,42,38,47,37,41,1.0,-0.3833333,1.0,0.242,0.701,0.049,1
0.825,1.375,1.3,1.0,0.825,1.025,0.8,0.925,0.2,-0.15,0.15,0.025,0.0,0.075,-0.025,-0.1,4,12,7,4,0,2,3,1,11,17,16,13,14,16,17,11,35,64,63,34,35,40,37,40,1.0,-0.3833333,1.0,0.242,0.701,0.049,1
1.025,1.225,1.45,1.025,0.825,1.1,0.775,0.825,0.05,-0.225,0.175,-0.1,0.15,0.075,0.05,0.0,5,6,7,5,0,2,1,3,17,19,18,15,11,12,8,18,44,62,60,38,32,37,23,43,1.0,-0.3833333,1.0,0.243,0.699,0.049,1
1.075,1.0,1.625,0.925,0.975,1.175,0.825,0.825,-0.075,-0.125,0.25,0.125,0.225,0.175,0.175,0.05,3,4,8,3,0,6,3,4,11,19,18,15,8,19,11,17,36,57,80,41,29,47,31,40,1.0,-0.3833333,1.0,0.244,0.698,0.049,1
1.0,0.875,1.875,1.05,1.2,1.35,1.0,0.875,-0.1,0.1,0.5,0.8,1.325,3.175,1.875,0.2,3,2,12,1,6,10,8,3,11,18,20,18,17,24,20,13,33,42,106,47,45,66,53,36,1.0,-0.3833333,1.0,0.245,0.697,0.05,1
0.9,0.975,2.375,1.85,2.525,4.525,2.875,1.075,0.2,1.125,2.15,1.125,1.1,1.575,1.95,0.35,5,3,17,7,11,16,12,3,13,17,27,23,24,22,26,20,38,41,150,95,122,251,167,44,1.0,-0.3833333,1.0,0.245,0.699,0.053,1
1.1,2.1,4.525,2.975,3.625,6.1,4.825,1.425,0.45,1.975,9.625,0.675,1.3,0.525,0.55,0.1,7,12,16,17,15,17,20,14,21,20,26,25,21,22,29,26,63,118,269,173,212,325,298,78,1.0,-0.3833333,1.0,0.245,0.703,0.057,1
1.55,4.075,14.15,3.65,4.925,6.625,5.375,1.525,0.475,3.05,4.3,0.0,-0.8,0.35,-0.6,-0.075,14,20,21,21,22,18,20,22,26,25,29,26,25,23,26,26,107,260,950,240,320,374,327,99,1.0,-0.3833333,1.0,0.243,0.713,0.067,1
2.025,7.125,18.45,3.65,4.125,6.975,4.775,1.45,0.225,1.95,1.0,-0.55,-2.475,-3.25,-1.9,-0.1,15,21,25,15,21,25,18,16,21,26,27,21,21,25,28,21,117,418,1196,216,268,437,289,81,1.0,-0.3833333,1.0,0.231,0.734,0.09,1
2.25,9.075,19.45,3.1,1.65,3.725,2.875,1.35,-0.225,-1.625,1.175,0.275,-0.25,-2.25,-1.225,-0.1,18,23,19,15,9,20,18,11,19,25,25,20,14,23,28,20,117,521,1061,171,80,236,194,71,1.0,-0.3833333,1.0,0.203,0.77,0.129,1
2.025,7.45,20.625,3.375,1.4,1.475,1.65,1.25,4.65,-0.025,-8.075,0.375,0.425,0.075,2.25,4.725,14,20,19,20,4,7,12,9,21,25,25,21,16,15,19,16,103,440,1143,194,63,73,79,59,1.0,-0.3833333,1.0,0.163,0.816,0.175,1
6.675,7.425,12.55,3.75,1.825,1.55,3.9,5.975,7.8,1.075,-3.05,1.575,0.375,0.875,4.65,4.8,10,16,20,15,10,8,7,10,22,23,26,21,18,18,18,16,324,434,705,204,91,88,172,334,1.0,-0.3833333,1.0,0.005,0.931,0.268,1
14.475,8.5,9.5,5.325,2.2,2.425,8.55,10.775,0.425,0.675,-1.55,0.65,-0.175,0.075,1.625,1.125,20,18,19,14,14,16,13,17,26,23,26,22,20,25,22,22,822,451,574,309,119,157,469,676,1.0,-0.3833333,1.0,-0.142,1.026,0.342,1
14.9,9.175,7.95,5.975,2.025,2.5,10.175,11.9,2.1,-0.65,-1.6,-0.075,-0.5,0.025,-0.4,2.975,23,21,20,18,10,19,18,21,24,23,23,25,24,23,24,22,861,518,498,332,111,152,605,667,1.0,-0.3833333,1.0,-0.157,1.028,0.345,1
17.0,8.525,6.35,5.9,1.525,2.525,9.775,14.875,4.1,-1.175,-0.05,-1.15,-0.1,0.15,-0.075,0.475,19,21,20,23,9,18,22,20,26,26,27,27,20,19,27,23,1035,521,438,357,87,130,636,868,1.0,-0.3833333,1.0,-0.164,1.028,0.348,1
21.1,7.35,6.3,4.75,1.425,2.675,9.7,15.35,-0.9,3.025,1.4,-0.55,0.225,-0.375,0.4,1.575,15,18,18,20,10,18,19,21,23,24,28,22,18,20,26,23,1115,432,413,286,77,143,616,934,1.0,-0.3833333,1.0,-0.168,1.027,0.351,1
20.2,10.375,7.7,4.2,1.65,2.3,10.1,16.925,-2.425,1.5,1.25,0.925,0.125,-0.175,-1.05,-0.95,18,21,22,17,11,14,15,19,23,24,27,20,23,22,24,27,1163,698,524,246,85,128,526,977,1.0,-0.3833333,1.0,-0.17,1.027,0.355,1
17.775,11.875,8.95,5.125,1.775,2.125,9.05,15.975,-4.225,-1.475,-0.7,-0.475,-0.275,-0.05,-1.025,-6.675,22,25,27,20,12,16,22,15,28,25,26,26,26,25,26,25,1173,777,565,313,91,131,532,847,1.0,-0.3833333,1.0,-0.172,1.027,0.357,1
13.55,10.4,8.25,4.65,1.5,2.075,8.025,9.3,-1.625,-0.2,0.45,0.125,0.075,0.05,0.3,-2.0,23,22,25,23,9,19,25,14,29,23,25,27,18,25,29,15,948,578,510,300,79,131,502,467,1.0,-0.3833333,1.0,-0.175,1.029,0.358,1
11.925,10.2,8.7,4.775,1.575,2.125,8.325,7.3,1.225,0.575,-0.425,0.325,0.35,-0.175,-1.675,3.4,24,22,29,22,10,14,23,21,27,22,29,25,17,20,28,20,765,565,608,330,87,118,489,396,1.0,-0.3833333,1.0,-0.177,1.03,0.356,1
13.15,10.775,8.275,5.1,1.925,1.95,6.65,10.7,-0.625,-1.5,-0.875,-0.475,0.025,0.0,-0.825,-0.8,22,23,27,22,15,17,23,23,23,24,29,23,23,23,26,29,752,635,566,328,110,116,394,729,1.0,-0.3833333,1.0,-0.179,1.031,0.353,1
12.525,9.275,7.4,4.625,1.95,1.95,5.825,9.9,-1.1,-0.55,-0.625,-0.875,-0.225,-0.075,0.525,-2.675,20,25,24,20,14,21,21,24,23,27,28,18,24,25,24,30,709,567,479,274,111,119,363,680,1.0,-0.3833333,1.0,-0.179,1.032,0.352,1
11.425,8.725,6.775,3.75,1.725,1.875,6.35,7.225,-0.125,-0.1,1.175,0.025,-0.075,-0.2,0.275,0.975,20,24,20,16,14,14,15,21,23,28,27,18,21,22,19,27,666,521,384,198,97,107,347,406,1.0,-0.3833333,1.0,-0.179,1.033,0.351,1
11.3,8.625,7.95,3.775,1.65,1.675,6.625,8.2,-0.6,-0.85,1.075,0.525,0.225,0.275,0.675,-0.375,22,20,15,16,11,6,15,18,25,30,25,23,15,15,20,22,725,508,415,211,74,81,362,434,1.0,-0.3833333,1.0,-0.179,1.033,0.352,1
10.7,7.775,9.025,4.3,1.875,1.95,7.3,7.825,-1.25,0.25,-0.775,0.375,0.05,0.225,1.65,0.225,23,18,21,19,9,11,20,22,26,29,26,25,19,15,24,25,678,422,580,284,84,98,448,493,1.0,-0.3833333,1.0,-0.178,1.032,0.353,1
9.45,8.025,8.25,4.675,1.925,2.175,8.95,8.05,-0.85,-0.475,-0.75,-0.275,-0.05,-0.025,0.35,-0.175,25,17,25,18,13,15,22,22,26,26,26,25,29,14,28,26,637,472,552,299,112,108,586,528,1.0,-0.3833333,1.0,-0.177,1.03,0.354,1
8.6,7.55,7.5,4.4,1.875,2.15,9.3,7.875,1.025,-0.375,-0.325,-0.3,-0.475,-0.2,-0.75,0.7,22,22,24,17,15,15,24,20,26,27,26,26,25,20,26,23,540,519,467,263,112,113,593,469,1.0,-0.3833333,1.0,-0.177,1.028,0.353,1
9.625,7.175,7.175,4.1,1.4,1.95,8.55,8.575,0.3,2.225,-1.3,-0.3,0.0,0.025,2.275,1.225,24,27,21,15,13,14,22,23,29,27,30,25,28,21,26,26,644,502,454,224,84,110,513,544,1.0,-0.3833333,1.0,-0.177,1.027,0.352,1
9.925,9.4,5.875,3.8,1.4,1.975,10.825,9.8,-2.825,0.675,0.675,0.375,0.375,-0.025,0.85,-2.025,27,25,17,18,12,13,22,23,31,28,25,17,25,18,28,26,699,594,337,192,74,107,683,654,1.0,-0.3833333,1.0,-0.177,1.027,0.352,1
7.1,10.075,6.55,4.175,1.775,1.95,11.675,7.775,-0.375,-1.9,1.125,0.1,-0.15,-0.025,-0.6,-1.2,25,19,18,20,14,13,22,19,28,25,22,20,20,24,26,23,491,613,370,248,92,123,734,505,1.0,-0.3833333,1.0,-0.176,1.027,0.352,1
6.725,8.175,7.675,4.275,1.625,1.925,11.075,6.575,0.975,0.775,1.55,0.2,-0.325,-0.1,-1.025,2.775,22,16,22,19,13,18,18,19,26,22,25,21,21,27,22,21,436,502,473,262,87,130,586,397,1.0,-0.3833333,1.0,-0.176,1.026,0.353,1
7.7,8.95,9.225,4.475,1.3,1.825,10.05,9.35,0.325,-0.575,0.9,0.825,0.3,-0.15,-1.65,1.5,23,21,24,20,6,17,19,23,27,28,28,21,20,25,24,23,496,588,593,268,69,113,541,558,1.0,-0.3833333,1.0,-0.176,1.025,0.354,1
8.025,8.375,10.125,5.3,1.6,1.675,8.4,10.85,-0.2,-0.95,-3.525,-1.05,0.2,0.075,0.2,-0.625,23,22,23,19,6,8,20,24,26,25,30,24,21,16,26,26,520,517,648,315,85,88,540,709,1.0,-0.3833333,1.0,-0.176,1.023,0.354,1
7.825,7.425,6.6,4.25,1.8,1.75,8.6,10.225,-1.075,1.175,1.375,0.425,0.0,0.05,0.0,-2.0,20,21,18,19,8,8,15,22,23,25,27,25,19,16,27,25,455,454,401,255,83,88,505,655,1.0,-0.3833333,1.0,-0.176,1.023,0.354,1
6.75,8.6,7.975,4.675,1.8,1.8,8.6,8.225,-0.025,-0.825,0.9,0.225,-0.2,-0.025,-1.175,-2.175,19,20,17,21,10,12,16,21,28,26,24,25,21,24,27,27,366,522,462,279,82,97,504,498,1.0,-0.3833333,1.0,-0.176,1.023,0.354,1
6.725,7.775,8.875,4.9,1.6,1.775,7.425,6.05,0.35,-1.15,-2.85,-1.325,-0.425,-0.15,-0.25,1.525,20,20,22,19,10,13,19,20,27,24,27,23,20,24,22,23,430,478,540,280,80,103,458,372,1.0,-0.3833333,1.0,-0.177,1.022,0.354,1
7.075,6.625,6.025,3.575,1.175,1.625,7.175,7.575,-0.05,0.35,0.425,0.175,0.075,0.15,0.925,2.025,21,18,23,20,7,9,19,16,23,19,30,27,17,18,25,20,420,395,422,235,62,93,421,454,1.0,-0.3833333,1.0,-0.178,1.022,0.354,1
7.025,6.975,6.45,3.75,1.25,1.775,8.1,9.6,-0.4,0.9,0.525,0.15,0.05,0.125,-1.3,-1.45,22,16,18,21,9,11,20,21,24,18,26,26,21,22,29,24,423,407,422,242,69,117,517,599,1.0,-0.3833333,1.0,-0.179,1.023,0.355,1
6.625,7.875,6.975,3.9,1.3,1.9,6.8,8.15,0.225,1.5,0.8,0.45,0.25,-0.075,0.675,0.775,23,17,19,17,11,16,23,24,26,20,22,20,20,25,28,29,408,498,457,192,72,126,450,565,1.0,-0.3833333,1.0,-0.181,1.024,0.356,1
6.85,9.375,7.775,4.35,1.55,1.825,7.475,8.925,-0.075,-0.05,0.975,0.65,0.025,0.225,0.925,1.275,23,19,21,15,12,13,22,17,29,22,23,19,18,25,26,26,403,580,494,232,89,116,405,545,1.0,-0.3833333,1.0,-0.182,1.023,0.355,1
6.775,9.325,8.75,5.0,1.575,2.05,8.4,10.2,0.325,-1.1,1.05,0.3,-0.05,-0.075,-1.475,-2.6,23,21,18,19,12,13,20,17,28,21,18,21,21,24,27,25,419,532,502,290,88,114,490,562,1.0,-0.3833333,1.0,-0.182,1.023,0.356,1
7.1,8.225,9.8,5.3,1.525,1.975,6.925,7.6,3.925,-0.675,1.325,0.025,0.0,0.125,1.95,0.95,19,24,16,19,12,13,22,18,26,24,23,24,22,20,25,25,427,532,527,293,80,100,454,432,1.0,-0.3833333,1.0,-0.182,1.022,0.357,1
11.025,7.55,11.125,5.325,1.525,2.1,8.875,8.55,2.65,-0.3,-0.9,0.15,0.275,0.5,2.95,1.8,16,25,17,20,10,12,25,15,22,26,27,25,20,19,27,22,660,487,637,287,80,107,595,415,1.0,-0.3833333,1.0,-0.181,1.021,0.358,1
1.075,1.825,1.275,1.075,0.9,0.95,1.175,1.1,-0.1,-0.3,-0.125,-0.125,0.125,0.25,-0.075,-0.1,4,11,4,4,3,2,3,8,17,20,17,11,15,9,19,21,51,88,49,42,39,31,44,56,2.0,-0.3833333,1.383333,0.24,0.704,0.021,1
0.975,1.525,1.15,0.95,1.025,1.2,1.1,1.0,0.175,0.325,0.125,0.25,-0.075,-0.075,-0.15,0.125,4,5,4,7,5,6,5,5,18,17,18,13,13,7,21,14,50,82,62,40,46,36,48,41,2.0,-0.3833333,1.383333,0.24,0.704,0.021,1
1.15,1.85,1.275,1.2,0.95,1.125,0.95,1.125,0.125,0.25,-0.05,0.075,0.0,-0.15,0.125,-0.025,11,10,12,10,1,8,5,8,26,17,24,21,11,14,21,19,72,110,78,65,39,48,45,42,2.0,-0.3833333,1.383333,0.24,0.704,0.021,1
1.275,2.1,1.225,1.275,0.95,0.975,1.075,1.1,-0.225,-0.75,-0.15,-0.225,0.175,-0.025,0.05,-0.15,16,18,14,9,3,4,4,7,25,22,21,17,14,22,14,20,79,138,71,63,35,48,41,49,2.0,-0.3833333,1.383333,0.24,0.705,0.021,1
1.05,1.35,1.075,1.05,1.125,0.95,1.125,0.95,-0.1,-0.25,0.05,0.05,-0.15,0.1,-0.125,0.1,7,14,8,4,8,3,8,4,20,26,18,15,15,22,15,16,58,99,61,47,40,49,49,48,2.0,-0.3833333,1.383333,0.241,0.704,0.021,1
0.95,1.1,1.125,1.1,0.975,1.05,1.0,1.05,0.025,0.15,0.0,0.025,0.025,0.0,-0.05,0.025,4,9,5,4,6,3,8,5,15,20,18,20,13,15,17,14,38,68,62,50,36,38,49,46,2.0,-0.3833333,1.383333,0.241,0.704,0.021,1
0.975,1.25,1.125,1.125,1.0,1.05,0.95,1.075,-0.025,0.0,0.25,-0.025,0.125,-0.025,0.1,-0.175,4,10,8,10,3,4,4,6,12,21,19,15,14,16,17,17,39,74,63,50,34,38,44,49,2.0,-0.3833333,1.383333,0.241,0.703,0.021,1
0.95,1.25,1.375,1.1,1.125,1.025,1.05,0.9,-0.025,0.075,0.5,0.075,0.1,-0.025,-0.125,-0.1,3,9,10,8,3,2,3,2,16,22,15,10,22,20,16,15,49,76,63,45,46,44,43,39,2.0,-0.3833333,1.383333,0.241,0.703,0.021,1
0.925,1.325,1.875,1.175,1.225,1.0,0.925,0.8,0.1,0.175,0.125,-0.05,0.15,0.15,0.175,0.175,2,10,10,8,6,0,3,2,14,25,17,15,21,23,17,12,45,86,86,48,49,48,43,33,2.0,-0.3833333,1.383333,0.241,0.703,0.022,1
1.025,1.5,2.0,1.125,1.375,1.15,1.1,0.975,-0.05,0.0,0.225,-0.1,0.0,0.05,-0.025,0.05,0,12,11,11,9,4,7,3,15,26,20,22,17,18,17,16,47,94,99,55,56,57,55,39,2.0,-0.3833333,1.383333,0.241,0.703,0.021,1
0.975,1.5,2.225,1.025,1.375,1.2,1.075,1.025,0.1,-0.175,0.9,1.025,1.1,1.025,0.525,-0.1,5,8,13,6,10,6,6,4,21,23,21,20,18,16,23,19,53,90,118,51,70,59,54,42,2.0,-0.3833333,1.383333,0.241,0.704,0.021,1
1.075,1.325,3.125,2.05,2.475,2.225,1.6,0.925,0.4,0.75,2.0,1.525,2.525,2.375,2.15,0.1,9,5,13,10,12,10,7,4,18,24,21,17,22,21,20,20,51,84,175,93,123,144,93,46,2.0,-0.3833333,1.383333,0.241,0.705,0.022,1
1.475,2.075,5.125,3.575,5.0,4.6,3.75,1.025,0.5,1.8,4.05,1.2,0.075,0.525,0.7,0.35,13,8,11,19,20,16,21,4,16,23,21,20,26,29,22,19,69,125,293,187,328,313,234,53,2.0,-0.3833333,1.383333,0.241,0.71,0.023,1
1.975,3.875,9.175,4.775,5.075,5.125,4.45,1.375,0.425,1.825,8.825,0.65,-1.275,-0.225,-1.4,0.125,14,16,14,24,19,22,20,8,23,23,24,25,24,31,27,16,103,229,584,271,315,354,266,63,2.0,-0.3833333,1.383333,0.242,0.726,0.031,1
2.4,5.7,18.0,5.425,3.8,4.9,3.05,1.5,0.35,1.65,4.175,-0.45,-0.775,-1.45,-1.15,-0.25,13,18,18,20,15,23,14,13,24,21,25,24,18,29,22,16,137,309,1114,309,194,318,188,80,2.0,-0.3833333,1.383333,0.239,0.76,0.049,1
2.75,7.35,22.175,4.975,3.025,3.45,1.9,1.25,-0.275,0.8,-0.4,-0.8,-0.75,-1.925,-0.45,0.0,16,22,22,20,15,14,11,11,22,24,27,25,18,21,19,14,164,448,1293,305,169,188,102,63,2.0,-0.3833333,1.383333,0.23,0.812,0.079,1
2.475,8.15,21.775,4.175,2.275,1.525,1.45,1.25,1.125,0.325,5.175,-0.825,-0.225,0.075,-0.25,0.0,18,26,24,20,14,10,7,10,26,26,27,25,21,13,18,19,150,518,1222,272,114,73,64,64,2.0,-0.3833333,1.383333,0.202,0.894,0.125,1
3.6,8.475,26.95,3.35,2.05,1.6,1.2,1.25,2.4,1.875,6.95,1.075,-0.05,-0.05,-0.075,0.3,14,24,22,13,15,17,5,13,26,25,25,22,23,16,16,24,244,535,1546,209,112,86,59,75,2.0,-0.3833333,1.383333,0.146,1.001,0.175,1
6.0,10.35,33.9,4.425,2.0,1.55,1.125,1.55,3.175,3.375,5.425,1.575,0.225,-0.15,0.225,0.8,15,25,26,16,14,16,7,16,23,28,29,27,21,16,18,21,379,651,2176,285,112,84,69,87,2.0,-0.3833333,1.383333,0.08,1.087,0.21,1
9.175,13.725,39.325,6.0,2.225,1.4,1.35,2.35,1.925,-2.45,-4.425,-1.55,-0.175,0.175,0.05,0.35,17,26,28,19,18,11,10,15,26,27,29,28,19,14,16,19,600,889,2552,386,123,73,71,116,2.0,-0.3833333,1.383333,0.028,1.14,0.232,1
11.1,11.275,34.9,4.45,2.05,1.575,1.4,2.7,1.425,-2.625,-12.1,-1.3,0.025,-0.025,-0.05,-0.25,22,19,25,22,21,15,7,13,30,21,26,27,22,23,13,21,768,702,2246,293,117,96,61,146,2.0,-0.3833333,1.383333,-0.021,1.182,0.252,1
12.525,8.65,22.8,3.15,2.075,1.55,1.35,2.45,-0.1,1.25,-8.55,1.55,-0.075,-0.025,1.75,0.025,26,21,19,24,20,18,11,15,31,24,26,27,28,24,17,29,892,553,1417,223,136,91,64,156,2.0,-0.3833333,1.383333,-0.069,1.217,0.272,1
12.425,9.9,14.25,4.7,2.0,1.525,3.1,2.475,4.55,2.925,-3.875,2.775,0.6,1.75,6.25,3.775,23,25,19,23,15,14,17,13,31,29,28,28,25,17,23,21,840,676,863,301,116,72,121,133,2.0,-0.3833333,1.383333,-0.108,1.242,0.29,1
16.975,12.825,10.375,7.475,2.6,3.275,9.35,6.25,9.375,-0.425,0.225,-0.075,-0.175,0.675,2.85,7.425,21,24,23,22,11,11,22,15,28,28,29,30,24,20,28,19,1016,885,723,503,129,167,504,353,2.0,-0.3833333,1.383333,-0.141,1.257,0.306,1
26.35,12.4,10.6,7.4,2.425,3.95,12.2,13.675,4.25,-2.9,0.275,-1.4,-0.3,-0.8,-2.175,5.725,22,21,20,19,15,19,22,19,26,23,27,25,23,25,27,26,1522,774,648,498,135,231,738,727,2.0,-0.3833333,1.383333,-0.167,1.264,0.319,1
30.6,9.5,10.875,6.0,2.125,3.15,10.025,19.4,2.975,3.825,-0.775,0.125,0.6,-0.1,-0.825,1.5,22,17,20,20,14,22,22,17,24,21,23,23,21,24,25,25,1813,471,625,375,129,205,589,1087,2.0,-0.3833333,1.383333,-0.183,1.265,0.331,1
33.575,13.325,10.1,6.125,2.725,3.05,9.2,20.9,0.45,4.75,-0.4,-1.075,-0.15,-0.6,-1.225,-1.325,22,17,18,23,13,16,21,20,24,21,22,28,20,21,22,23,2036,608,630,378,151,161,543,1368,2.0,-0.3833333,1.383333,-0.192,1.263,0.341,1
34.025,18.075,9.7,5.05,2.575,2.45,7.975,19.575,-3.75,-2.55,-1.625,-0.175,-0.375,-0.275,0.0,3.775,18,20,24,21,18,13,19,22,22,28,28,28,28,21,24,25,1930,1023,661,319,159,117,509,1361,2.0,-0.3833333,1.383333,-0.197,1.261,0.348,1
30.275,15.525,8.075,4.875,2.2,2.175,7.975,23.35,-3.2,-3.975,3.325,2.15,-0.175,0.225,2.45,3.6,22,25,23,19,19,16,19,23,23,29,26,23,26,26,27,27,1736,1015,547,303,147,138,506,1610,2.0,-0.3833333,1.383333,-0.201,1.259,0.351,1
27.075,11.55,11.4,7.025,2.025,2.4,10.425,26.95,0.9,-0.1,1.1,-1.0,0.125,0.35,2.125,-2.475,22,21,13,21,14,18,16,27,26,25,22,25,23,25,23,28,1499,692,644,438,115,163,621,1854,2.0,-0.3833333,1.383333,-0.205,1.257,0.353,1
27.975,11.45,12.5,6.025,2.15,2.75,12.55,24.475,-1.2,-0.5,-1.35,-0.575,-0.05,0.35,0.775,-2.15,20,20,18,20,17,16,15,26,24,24,24,23,26,22,24,31,1596,623,701,360,132,158,747,1695,2.0,-0.3833333,1.383333,-0.208,1.255,0.357,1
26.775,10.95,11.15,5.45,2.1,3.1,13.325,22.325,-4.325,3.2,0.725,1.65,0.2,-0.075,0.1,0.2,21,19,22,20,16,16,18,22,24,23,26,24,26,20,25,27,1568,603,675,278,122,175,809,1388,2.0,-0.3833333,1.383333,-0.21,1.254,0.361,1
22.45,14.15,11.875,7.1,2.3,3.025,13.425,22.525,1.375,1.575,-2.75,-0.525,-0.025,-0.325,1.025,2.95,23,22,16,17,13,18,20,21,23,26,28,23,22,24,23,26,1330,924,715,371,115,179,835,1334,2.0,-0.3833333,1.383333,-0.209,1.253,0.362,1
23.825,15.725,9.125,6.575,2.275,2.7,14.45,25.475,-1.675,-2.85,0.525,0.125,0.125,0.75,-0.975,-5.675,22,26,18,19,15,20,20,20,26,29,27,22,23,25,26,29,1492,1071,541,408,132,161,959,1538,2.0,-0.3833333,1.383333,-0.207,1.253,0.362,1
22.15,12.875,9.65,6.7,2.4,3.45,13.475,19.8,-4.125,-3.15,1.9,-0.675,0.175,0.5,-3.175,-5.025,19,21,27,25,16,22,18,19,28,27,28,24,26,24,26,24,1350,822,637,416,162,211,819,1119,2.0,-0.3833333,1.383333,-0.205,1.254,0.362,1
18.025,9.725,11.55,6.025,2.575,3.95,10.3,14.775,1.35,1.85,0.1,-0.6,-0.15,-0.4,1.25,6.0,24,20,25,24,15,22,22,18,30,25,26,23,25,24,26,25,1204,623,754,372,172,226,629,874,2.0,-0.3833333,1.383333,-0.203,1.255,0.361,1
19.375,11.575,11.65,5.425,2.425,3.55,11.55,20.775,4.625,1.0,-2.325,-0.65,-0.2,-0.65,2.15,-0.7,25,19,19,22,13,20,26,18,26,24,26,26,22,22,27,26,1202,621,779,348,144,200,754,1171,2.0,-0.3833333,1.383333,-0.202,1.255,0.36,1
24.0,12.575,9.325,4.775,2.225,2.9,13.7,20.075,3.075,-0.3,0.85,1.075,-0.475,-0.65,-1.8,-2.25,21,15,17,23,14,15,21,20,22,22,28,30,20,22,26,25,1364,645,598,317,124,168,868,1179,2.0,-0.3833333,1.383333,-0.202,1.255,0.359,1
27.075,12.275,10.175,5.85,1.75,2.25,11.9,17.825,3.95,4.1,5.4,2.575,0.175,0.55,0.1,4.6,26,20,18,20,13,11,24,22,29,26,29,28,18,23,28,26,1815,779,597,343,92,131,798,1077,2.0,-0.3833333,1.383333,-0.203,1.254,0.359,1
31.025,16.375,15.575,8.425,1.925,2.8,12.0,22.425,-0.975,-2.1,-0.775,-1.275,0.075,0.3,1.3,0.7,25,25,22,17,13,11,25,24,30,27,24,22,18,22,27,23,1902,987,958,467,91,140,771,1268,2.0,-0.3833333,1.383333,-0.205,1.254,0.358,1
30.05,14.275,14.8,7.15,2.0,3.1,13.3,23.125,-0.025,-2.875,-1.775,-1.175,-0.1,-0.125,-0.7,-0.8,24,24,23,16,10,15,22,23,28,23,23,19,20,23,26,20,1814,834,944,409,102,158,786,1255,2.0,-0.3833333,1.383333,-0.207,1.254,0.358,1
30.025,11.4,13.025,5.975,1.9,2.975,12.6,22.325,0.175,1.1,1.225,0.7,0.7,0.25,-1.55,3.475,22,19,20,14,12,19,23,21,26,22,24,20,22,28,27,23,1645,657,809,318,112,185,786,1169,2.0,-0.3833333,1.383333,-0.208,1.254,0.358,1
30.2,12.5,14.25,6.675,2.6,3.225,11.05,25.8,-3.45,-1.15,-2.225,-0.775,-0.075,0.3,1.1,-1.1,23,15,26,18,15,20,20,15,26,20,29,23,24,29,25,25,1759,665,982,394,163,226,669,1305,2.0,-0.3833333,1.383333,-0.208,1.253,0.358,1
26.75,11.35,12.025,5.9,2.525,3.525,12.15,24.7,-0.5,0.85,0.925,0.875,-0.5,-0.1,1.025,-4.575,26,20,25,19,16,17,19,17,31,23,29,19,24,25,24,24,1872,661,806,356,158,220,743,1320,2.0,-0.3833333,1.383333,-0.207,1.253,0.358,1
26.25,12.2,12.95,6.775,2.025,3.425,13.175,20.125,-1.625,2.275,0.7,0.4,0.1,-0.75,-2.85,-1.95,24,26,22,20,15,15,28,25,28,29,27,20,19,26,30,26,1774,852,783,410,104,183,899,1311,2.0,-0.3833333,1.383333,-0.207,1.253,0.358,1
24.625,14.475,13.65,7.175,2.125,2.675,10.325,18.175,-1.15,-2.7,-4.45,-1.975,-0.4,-0.65,-3.15,-3.025,24,26,20,26,17,16,29,22,25,25,27,25,15,27,30,27,1514,932,814,453,104,142,731,1173,2.0,-0.3833333,1.383333,-0.206,1.253,0.358,1
23.475,11.775,9.2,5.2,1.725,2.025,7.175,15.15,-3.275,-2.7,-1.725,-0.375,-0.225,0.075,-1.55,-1.525,27,25,16,23,15,14,23,21,30,25,26,25,16,23,25,25,1475,777,519,314,98,109,440,891,2.0,-0.3833333,1.383333,-0.206,1.253,0.359,1
20.2,9.075,7.475,4.825,1.5,2.1,5.625,13.625,3.125,4.2,1.3,0.725,0.275,0.425,3.175,1.975,28,22,20,20,12,11,21,23,28,24,22,25,20,23,22,26,1278,569,434,287,102,127,333,793,2.0,-0.3833333,1.383333,-0.205,1.252,0.358,1
23.325,13.275,8.775,5.55,1.775,2.525,8.8,15.6,2.3,0.525,1.5,0.775,0.2,0.1,1.0,4.45,21,23,23,17,14,17,26,21,24,24,26,23,21,23,25,24,1364,849,592,330,119,168,570,950,2.0,-0.3833333,1.383333,-0.204,1.252,0.358,1
25.625,13.8,10.275,6.325,1.975,2.625,9.8,20.05,-4.05,-2.025,1.3,0.425,-0.05,-0.15,-1.15,-0.075,22,22,18,17,14,21,23,24,26,23,28,19,21,26,27,23,1559,866,623,359,115,158,643,1134,2.0,-0.3833333,1.383333,-0.204,1.251,0.358,1
21.575,11.775,11.575,6.75,1.925,2.475,8.65,19.975,3.8,0.6,2.4,-0.475,-0.275,-0.075,1.85,-0.725,26,23,16,21,12,16,19,25,26,25,27,22,21,20,26,29,1488,772,604,394,107,131,511,1187,2.0,-0.3833333,1.383333,-0.205,1.251,0.358,1
25.375,12.375,13.975,6.275,1.65,2.4,10.5,19.25,2.4,-0.575,-0.175,-0.125,0.075,0.075,1.9,4.225,26,27,22,20,11,16,19,26,26,32,27,22,18,21,23,32,1585,842,879,374,85,131,558,1333,2.0,-0.3833333,1.383333,-0.205,1.251,0.359,1
27.775,11.8,13.8,6.15,1.725,2.475,12.4,23.475,0.7,1.125,-2.3,0.125,-0.1,0.2,-1.15,-1.075,26,23,25,21,12,18,21,24,28,28,27,24,21,22,23,29,1709,739,953,386,92,139,742,1484,2.0,-0.3833333,1.383333,-0.204,1.25,0.359,1
28.475,12.925,11.5,6.275,1.625,2.675,11.25,22.4,-4.3,-1.85,-1.925,-1.45,-0.05,-0.2,-1.325,0.3,21,21,23,19,14,18,24,26,28,25,24,24,22,19,27,27,1884,781,746,395,95,158,759,1349,2.0,-0.3833333,1.383333,-0.204,1.25,0.359,1
24.175,11.075,9.575,4.825,1.575,2.475,9.925,22.7,-3.2,-1.15,-0.075,-0.075,0.225,0.75,4.075,-0.65,16,20,20,13,13,14,24,27,22,24,24,21,23,20,26,26,1451,687,599,280,91,153,651,1520,2.0,-0.3833333,1.383333,-0.204,1.25,0.359,1
20.975,9.925,9.5,4.75,1.8,3.225,14.0,22.05,10.3,1.65,1.075,1.225,0.5,0.65,-1.075,-1.05,17,21,24,23,13,14,24,22,25,27,27,26,21,21,26,24,1163,605,596,303,106,180,863,1489,2.0,-0.3833333,1.383333,-0.204,1.249,0.359,1
31.275,11.575,10.575,5.975,2.3,3.875,12.925,21.0,0.7,1.525,1.3,0.35,0.05,-0.95,-4.35,-2.3,20,19,23,23,14,16,22,23,29,28,30,24,21,24,28,28,1971,650,620,360,130,226,826,1438,2.0,-0.3833333,1.383333,-0.204,1.249,0.36,1
31.975,13.1,11.875,6.325,2.35,2.925,8.575,18.7,-7.525,-1.85,0.625,0.15,-0.45,-0.725,-0.075,-3.525,19,21,19,15,15,13,22,21,28,27,25,19,23,26,26,30,1985,824,686,330,121,178,549,1258,2.0,-0.3833333,1.383333,-0.203,1.249,0.361,1
24.45,11.25,12.5,6.475,1.9,2.2,8.5,15.175,-1.025,-2.75,-0.75,-0.125,-0.2,-0.025,0.275,0.6,20,19,21,19,15,10,22,16,24,25,25,23,19,24,25,24,1362,698,787,387,105,137,518,954,2.0,-0.3833333,1.383333,-0.203,1.248,0.361,1
23.425,8.5,11.75,6.35,1.7,2.175,8.775,15.775,3.3,1.2,-1.5,-0.775,-0.125,-0.45,0.3,-0.55,18,14,21,21,14,12,23,18,21,23,25,24,24,20,26,20,1278,468,687,392,104,130,514,950,2.0,-0.3833333,1.383333,-0.203,1.248,0.36,1
26.725,9.7,10.25,5.575,1.575,1.725,9.075,15.225,-1.25,1.35,-1.225,-0.125,0.15,-0.3,1.1,0.225,23,18,22,24,15,11,24,18,28,24,24,27,28,21,26,23,1609,590,604,345,103,119,529,850,2.0,-0.3833333,1.383333,-0.202,1.247,0.36,1
25.475,11.05,9.025,5.45,1.725,1.425,10.175,15.45,-3.9,-0.1,-0.025,-0.225,0.3,0.7,-0.675,-2.825,23,20,24,28,15,12,24,19,30,24,29,27,23,24,24,24,1517,632,558,360,94,101,646,901,2.0,-0.3833333,1.383333,-0.202,1.246,0.36,1
21.575,10.95,9.0,5.225,2.025,2.125,9.5,12.625,-1.75,0.175,-0.475,-0.55,0.025,0.1,-1.35,-2.225,20,22,23,19,14,16,22,14,27,23,26,21,22,21,22,23,1222,630,559,327,104,118,573,746,2.0,-0.3833333,1.383333,-0.202,1.245,0.36,1
19.825,11.125,8.525,4.675,2.05,2.225,8.15,10.4,2.8,-0.95,-0.5,-0.35,-0.175,-0.1,1.475,3.45,22,19,21,15,10,10,20,14,26,25,23,18,18,15,22,23,1228,642,502,275,99,102,449,635,2.0,-0.3833333,1.383333,-0.202,1.245,0.36,1
22.625,10.175,8.025,4.325,1.875,2.125,9.625,13.85,1.275,-2.925,0.1,0.05,-0.075,0.125,1.2,1.575,22,16,23,16,11,10,17,17,30,25,26,21,19,21,22,22,1573,545,500,251,95,106,537,782,2.0,-0.3833333,1.383333,-0.203,1.245,0.36,1
23.9,7.25,8.125,4.375,1.8,2.25,10.825,15.425,-5.775,1.25,1.1,0.8,0.1,-0.025,0.875,-1.8,26,19,21,17,14,13,22,21,29,26,26,23,24,24,27,22,1692,469,509,252,108,124,708,930,2.0,-0.3833333,1.383333,-0.202,1.245,0.36,1
18.125,8.5,9.225,5.175,1.9,2.225,11.7,13.625,-3.05,0.175,-1.075,-0.6,-0.1,-0.3,-2.5,-3.6,25,19,22,22,16,14,26,21,29,25,27,25,24,18,27,20,1231,527,633,346,115,124,783,844,2.0,-0.3833333,1.383333,-0.202,1.245,0.36,1
15.075,8.675,8.15,4.575,1.8,1.925,9.2,10.025,-6.575,-4.75,-4.275,-2.275,-0.55,-0.75,-5.6,-6.1,22,15,21,20,15,13,16,15,27,24,25,25,20,14,21,19,984,534,566,324,91,95,583,623,2.0,-0.3833333,1.383333,-0.092,1.109,0.283,1
8.5,3.925,3.875,2.3,1.25,1.175,3.6,3.925,-7.4,-2.375,-2.575,-1.325,-0.4,-0.35,-2.525,-2.975,15,7,16,10,7,5,6,7,20,18,25,18,18,11,17,18,554,234,275,157,57,45,221,263,2.0,-0.3833333,1.383333,0.126,0.837,0.129,1
1.1,1.55,1.3,0.975,0.85,0.825,1.075,0.95,-0.025,-0.225,-0.075,-0.05,0.15,0.15,-0.1,0.1,8,8,8,2,2,2,3,2,14,16,21,15,19,12,15,14,53,71,78,47,41,32,37,36,2.0,-0.3833333,1.383333,0.235,0.701,0.053,1
1.075,1.325,1.225,0.925,1.0,0.975,0.975,1.05,-0.175,-0.1,0.025,0.125,0.125,-0.025,0.0,0.025,7,10,6,2,3,4,1,2,17,17,19,18,17,17,10,14,58,67,62,48,38,41,32,39,2.0,-0.3833333,1.383333,0.235,0.701,0.053,1
0.9,1.225,1.25,1.05,1.125,0.95,0.975,1.075,0.0,0.15,-0.175,0.125,-0.1,0.0,0.15,-0.125,6,6,9,4,3,3,3,4,17,18,21,14,18,11,13,18,46,68,61,44,47,32,42,45,2.0,-0.3833333,1.383333,0.236,0.701,0.053,1
0.9,1.375,1.075,1.175,1.025,0.95,1.125,0.95,0.05,-0.175,0.275,-0.125,0.15,0.0,0.075,-0.025,4,7,6,5,7,5,6,6,13,20,17,12,17,9,18,16,39,67,58,38,55,29,55,41,2.0,-0.3833333,1.383333,0.236,0.701,0.054,1
0.95,1.2,1.35,1.05,1.175,0.95,1.2,0.925,0.175,0.175,1.275,0.1,0.6,0.475,0.5,0.05,5,8,8,5,5,5,4,2,18,21,19,15,17,15,16,13,42,57,73,45,52,37,47,31,2.0,-0.3833333,1.383333,0.235,0.702,0.054,1
1.125,1.375,2.625,1.15,1.775,1.425,1.7,0.975,0.375,0.8,5.9,1.475,1.25,2.7,0.825,0.25,9,7,12,10,5,1,5,4,23,20,19,18,21,14,16,21,57,75,151,68,96,58,89,47,2.0,-0.3833333,1.383333,0.235,0.707,0.058,1
1.5,2.175,8.525,2.625,3.025,4.125,2.525,1.225,0.425,1.05,3.825,1.175,0.575,1.05,-0.2,0.05,14,13,18,21,14,15,16,10,24,22,25,27,25,23,22,26,82,135,572,182,204,280,157,69,2.0,-0.3833333,1.383333,0.236,0.722,0.069,1
1.925,3.225,12.35,3.8,3.6,5.175,2.325,1.275,-0.075,0.65,2.075,-0.05,-0.55,-0.55,0.125,-0.075,20,18,21,17,13,26,18,11,23,25,28,22,23,27,20,24,114,208,830,239,209,357,137,69,2.0,-0.3833333,1.383333,0.238,0.748,0.083,1
1.85,3.875,14.425,3.75,3.05,4.625,2.45,1.2,0.025,1.1,1.6,-0.2,0.225,-0.4,-0.175,0.0,15,15,22,13,8,24,17,7,18,21,27,18,19,25,17,14,102,221,898,211,143,306,128,55,2.0,-0.3833333,1.383333,0.239,0.786,0.099,1
1.875,4.975,16.025,3.55,3.275,4.225,2.275,1.2,-0.1,1.475,4.65,-0.05,-0.75,-2.075,-0.975,-0.325,12,17,25,14,11,26,12,5,15,22,28,20,24,25,14,10,89,291,1084,183,160,270,116,45,2.0,-0.3833333,1.383333,0.24,0.834,0.116,1
1.775,6.45,20.675,3.5,2.525,2.15,1.3,0.875,0.3,1.95,1.925,1.25,-0.825,-1.05,-0.2,0.175,10,17,27,16,14,14,4,5,19,20,28,23,21,17,8,14,90,368,1378,187,144,126,59,40,2.0,-0.3833333,1.383333,0.206,0.927,0.153,1
2.075,8.4,22.6,4.75,1.7,1.1,1.1,1.05,8.75,-0.3,-10.55,0.8,0.65,1.025,3.075,8.725,12,20,28,21,9,6,7,6,21,25,31,25,13,19,16,17,116,481,1521,271,83,56,54,63,2.0,-0.3833333,1.383333,0.068,1.091,0.22,1
10.825,8.1,12.05,5.55,2.35,2.125,4.175,9.775,13.925,-0.15,-4.55,0.25,-0.3,0.625,3.075,6.325,17,19,22,23,11,13,12,14,22,24,27,27,16,24,22,23,496,452,814,329,99,101,226,533,2.0,-0.3833333,1.383333,-0.085,1.213,0.269,1
24.75,7.95,7.5,5.8,2.05,2.75,7.25,16.1,0.975,0.425,0.575,-0.85,-0.575,-0.425,-1.05,-2.7,21,19,19,20,14,12,20,23,28,22,25,23,19,22,27,25,1510,476,501,341,107,148,450,1019,2.0,-0.3833333,1.383333,-0.152,1.243,0.283,1
25.725,8.375,8.075,4.95,1.475,2.325,6.2,13.4,-8.85,0.125,0.9,-0.6,0.35,-0.2,-0.85,-0.675,21,18,21,18,14,15,25,18,31,26,28,23,24,25,28,24,1646,514,533,314,90,149,426,855,2.0,-0.3833333,1.383333,-0.181,1.246,0.289,1
16.875,8.5,8.975,4.35,1.825,2.125,5.35,12.725,-5.5,-0.6,1.925,0.575,0.65,0.3,2.275,-1.5,19,18,19,21,18,16,22,13,31,24,25,25,29,27,26,22,1084,526,583,294,109,129,345,753,2.0,-0.3833333,1.383333,-0.202,1.243,0.295,1
11.375,7.9,10.9,4.925,2.475,2.425,7.625,11.225,3.25,-0.675,-2.15,-0.65,0.0,0.55,3.025,0.9,21,21,11,18,20,12,17,14,27,26,19,22,27,27,28,25,740,496,572,285,155,147,478,593,2.0,-0.3833333,1.383333,-0.215,1.242,0.296,1
14.625,7.225,8.75,4.275,2.475,2.975,10.65,12.125,4.225,0.475,-0.225,-0.325,-0.3,-0.325,-0.475,-0.975,22,21,16,22,19,20,16,20,24,28,19,23,23,26,26,29,885,460,494,249,155,179,628,685,2.0,-0.3833333,1.383333,-0.222,1.242,0.295,1
18.85,7.7,8.525,3.95,2.175,2.65,10.175,11.15,-1.55,-1.0,2.7,0.275,-0.225,-0.675,-2.65,-1.875,24,20,22,22,18,18,17,22,30,26,21,23,23,26,25,25,1241,478,509,240,127,142,571,674,2.0,-0.3833333,1.383333,-0.223,1.241,0.296,1
17.3,6.7,11.225,4.225,1.95,1.975,7.525,9.275,-3.15,0.375,0.2,-0.05,-0.075,-0.05,-0.475,2.075,20,15,18,13,12,14,19,21,26,22,23,19,22,23,23,24,1076,400,628,236,96,107,391,581,2.0,-0.3833333,1.383333,-0.223,1.242,0.297,1
14.15,7.075,11.425,4.175,1.875,1.925,7.05,11.35,-2.425,1.45,0.025,0.2,0.075,-0.3,0.075,-1.475,20,14,18,14,14,17,20,23,22,21,23,20,24,17,23,24,784,376,650,231,100,99,385,693,2.0,-0.3833333,1.383333,-0.221,1.243,0.296,1
11.725,8.525,11.45,4.375,1.95,1.625,7.125,9.875,-0.325,0.075,-0.425,-0.15,0.0,-0.05,1.0,-0.55,19,17,20,16,14,12,16,22,26,21,22,24,25,15,25,22,671,434,657,267,113,76,373,620,2.0,-0.3833333,1.383333,-0.22,1.242,0.297,1
11.4,8.6,11.025,4.225,1.95,1.575,8.125,9.325,1.175,1.375,0.6,0.775,-0.125,0.275,0.175,-0.125,19,21,19,18,14,9,20,24,25,26,23,25,24,15,28,24,647,495,634,283,113,78,471,615,2.0,-0.3833333,1.383333,-0.219,1.239,0.3,1
12.575,9.975,11.625,5.0,1.825,1.85,8.3,9.2,2.325,1.75,0.0,0.625,-0.225,0.075,-1.7,-0.275,19,23,22,22,17,12,17,21,24,28,26,24,25,17,26,25,770,691,743,336,116,110,488,569,2.0,-0.3833333,1.383333,-0.219,1.236,0.303,1
14.9,11.725,11.625,5.625,1.6,1.925,6.6,8.925,-0.85,-0.725,-1.775,-0.9,0.0,0.05,0.275,0.875,20,22,23,21,13,12,12,19,26,25,26,24,24,22,20,22,962,768,729,362,94,105,343,514,2.0,-0.3833333,1.383333,-0.219,1.234,0.306,1
14.05,11.0,9.85,4.725,1.6,1.975,6.875,9.8,-1.725,-1.3,0.95,0.025,0.025,0.1,1.275,-0.25,21,21,23,17,7,12,19,20,27,23,23,22,22,23,23,18,895,626,557,282,81,102,383,550,2.0,-0.3833333,1.383333,-0.219,1.234,0.306,1
12.325,9.7,10.8,4.75,1.625,2.075,8.15,9.55,-0.95,0.75,0.525,-0.175,0.15,0.4,-0.7,-0.3,16,22,22,17,7,14,18,20,24,22,27,20,22,23,24,21,700,604,632,272,87,130,462,578,2.0,-0.3833333,1.383333,-0.219,1.234,0.305,1
11.375,10.45,11.325,4.575,1.775,2.475,7.45,9.25,-0.35,1.05,-1.325,-0.525,-0.025,-0.125,-0.025,-2.85,17,24,19,17,14,17,19,21,23,26,27,19,19,20,24,23,656,688,658,227,101,155,426,561,2.0,-0.3833333,1.383333,-0.219,1.233,0.304,1
11.025,11.5,10.0,4.05,1.75,2.35,7.425,6.4,-0.5,-1.725,1.875,0.35,-0.2,-0.325,-0.025,-0.25,22,19,22,17,12,15,20,20,24,22,25,22,17,17,24,21,658,651,661,215,96,117,451,387,2.0,-0.3833333,1.383333,-0.219,1.233,0.304,1
10.525,9.775,11.875,4.4,1.55,2.025,7.4,6.15,0.425,-1.525,0.35,0.45,0.175,-0.2,-1.675,3.525,22,16,23,16,15,15,15,21,23,24,26,23,24,20,23,24,618,542,735,270,97,101,448,400,2.0,-0.3833333,1.383333,-0.219,1.232,0.305,1
10.95,8.25,12.225,4.85,1.725,1.825,5.725,9.675,0.175,0.675,-2.7,-0.35,0.15,0.225,1.55,0.525,19,19,21,20,16,14,16,19,23,28,25,26,26,19,22,29,676,520,771,315,112,96,360,607,2.0,-0.3833333,1.383333,-0.219,1.232,0.305,1
11.125,8.925,9.525,4.5,1.875,2.05,7.275,10.2,0.025,0.6,-0.675,-0.375,0.075,0.125,1.325,-0.65,19,20,25,25,14,16,20,19,20,24,29,25,19,21,23,29,624,560,644,283,103,122,482,615,2.0,-0.3833333,1.383333,-0.219,1.232,0.305,1
11.15,9.525,8.85,4.125,1.95,2.175,8.6,9.55,-0.1,0.0,-1.15,-0.1,0.125,0.05,-1.9,-1.175,22,18,27,23,15,22,23,24,25,21,28,24,18,24,28,28,598,528,564,242,100,139,577,639,2.0,-0.3833333,1.383333,-0.219,1.233,0.305,1
11.05,9.525,7.7,4.025,2.075,2.225,6.7,8.375,-1.675,-0.5,0.2,-0.2,0.225,0.15,0.125,-1.025,24,18,21,18,16,19,22,23,28,19,23,28,25,20,27,28,685,531,426,239,128,127,421,536,2.0,-0.3833333,1.383333,-0.218,1.232,0.306,1
9.375,9.025,7.9,3.825,2.3,2.375,6.825,7.35,3.125,-0.3,1.875,-0.35,-0.125,0.025,2.725,0.975,25,24,20,16,17,15,21,21,25,24,24,27,29,21,25,26,606,574,541,241,149,120,416,442,2.0,-0.3833333,1.383333,-0.218,1.23,0.308,1
12.5,8.725,9.775,3.475,2.175,2.4,9.55,8.325,0.7,0.475,0.975,0.375,-0.5,-0.025,0.4,-0.725,28,24,21,16,16,17,24,20,28,27,27,23,27,26,24,23,857,582,672,241,142,141,629,485,2.0,-0.3833333,1.383333,-0.218,1.229,0.309,1
13.2,9.2,10.75,3.85,1.675,2.375,9.95,7.6,-1.675,-0.675,-0.5,0.8,0.05,0.025,-1.45,0.425,24,21,25,17,8,18,24,19,27,28,33,26,21,27,29,24,844,530,758,249,94,142,672,448,2.0,-0.3833333,1.383333,-0.219,1.228,0.31,1
11.525,8.525,10.25,4.65,1.725,2.4,8.5,8.025,-0.25,-1.275,-2.35,-0.8,0.3,-0.175,-0.925,0.075,24,20,23,20,10,20,22,21,28,27,33,26,22,26,28,25,714,477,714,298,107,140,581,530,2.0,-0.3833333,1.383333,-0.221,1.228,0.311,1
11.275,7.25,7.9,3.85,2.025,2.225,7.575,8.1,-5.55,-3.375,-4.3,-2.025,-0.625,-0.85,-3.35,-4.525,23,18,18,16,15,16,23,18,26,26,28,23,23,21,24,23,735,463,463,255,120,128,526,503,2.0,-0.3833333,1.383333,-0.175,1.175,0.285,1
5.725,3.875,3.6,1.825,1.4,1.375,4.225,3.575,-4.65,-2.725,-2.475,-0.825,-0.55,-0.325,-3.275,-2.675,13,11,9,10,10,6,14,8,20,22,22,16,15,16,23,17,348,245,153,103,72,67,287,179,2.0,-0.3833333,1.383333,0.059,0.911,0.153,1
1.075,1.15,1.125,1.0,0.85,1.05,0.95,0.9,0.025,-0.125,0.175,-0.025,0.2,-0.05,0.0,0.075,7,2,5,4,8,1,4,5,18,15,16,14,17,16,17,16,49,39,49,35,44,32,42,43,2.0,-0.3833333,1.383333,0.245,0.7,0.048,1
1.1,1.025,1.3,0.975,1.05,1.0,0.95,0.975,0.025,0.0,-0.125,-0.1,0.1,-0.25,-0.025,-0.05,8,1,5,2,7,2,3,4,17,14,14,13,17,10,14,17,51,38,47,36,46,24,38,44,2.0,-0.3833333,1.383333,0.245,0.7,0.048,1
1.125,1.025,1.175,0.875,1.15,0.75,0.925,0.925,-0.05,0.025,-0.2,0.15,-0.15,0.0,-0.025,0.1,6,3,3,2,11,5,3,1,16,11,12,14,17,8,15,16,47,38,35,37,54,28,37,40,2.0,-0.3833333,1.383333,0.245,0.7,0.048,1
1.075,1.05,0.975,1.025,1.0,0.75,0.9,1.025,0.05,-0.05,0.15,0.125,-0.125,0.125,0.15,0.025,4,7,4,3,12,4,4,3,17,15,11,21,15,17,19,16,46,51,37,48,52,36,43,39,2.0,-0.3833333,1.383333,0.245,0.7,0.048,1
1.125,1.0,1.125,1.15,0.875,0.875,1.05,1.05,-0.05,-0.175,0.025,-0.175,-0.025,0.0,-0.1,0.0,5,7,4,6,5,2,5,4,16,16,17,22,18,15,17,19,46,51,50,59,46,31,46,39,2.0,-0.3833333,1.383333,0.245,0.701,0.049,1
1.075,0.825,1.15,0.975,0.85,0.875,0.95,1.05,-0.175,0.15,-0.15,-0.075,0.125,0.1,-0.025,0.075,3,1,3,5,4,4,2,2,16,14,16,22,13,17,17,11,41,30,42,51,39,36,39,29,2.0,-0.3833333,1.383333,0.245,0.702,0.049,1
0.9,0.975,1.0,0.9,0.975,0.975,0.925,1.125,0.175,0.1,0.175,0.45,0.65,0.4,0.25,0.025,1,3,5,3,3,3,2,7,11,13,18,20,9,20,15,14,31,36,46,39,38,44,38,46,2.0,-0.3833333,1.383333,0.245,0.703,0.05,1
1.075,1.075,1.175,1.35,1.625,1.375,1.175,1.15,0.65,1.625,7.575,1.9,1.95,3.2,1.2,0.4,2,4,5,4,2,3,5,8,10,19,21,15,13,17,14,24,31,43,65,61,70,56,49,61,2.0,-0.3833333,1.383333,0.245,0.704,0.05,1
1.725,2.7,8.75,3.25,3.575,4.575,2.375,1.55,0.3,2.45,11.925,1.7,0.8,1.45,1.125,0.1,7,9,10,10,8,14,10,8,15,20,21,16,17,21,16,21,66,157,511,180,160,275,121,70,2.0,-0.3833333,1.383333,0.246,0.706,0.052,1
2.025,5.15,20.675,4.95,4.375,6.025,3.5,1.65,-0.25,1.1,7.575,-0.625,-1.375,-2.35,-1.0,-0.35,15,19,18,14,15,19,16,12,18,23,25,18,20,24,15,21,116,303,1179,284,226,382,189,82,2.0,-0.3833333,1.383333,0.248,0.719,0.063,1
1.775,6.25,28.25,4.325,3.0,3.675,2.5,1.3,-0.275,-0.175,0.05,-0.85,-1.075,-1.625,-1.075,-0.225,11,18,23,12,14,15,12,8,23,22,26,19,24,19,16,19,111,337,1749,244,180,217,136,64,2.0,-0.3833333,1.383333,0.243,0.753,0.091,1
1.5,6.075,28.3,3.475,1.925,2.05,1.425,1.075,0.075,-0.125,-3.45,0.025,-0.375,-0.9,-0.3,-0.025,10,21,26,17,8,11,6,6,23,24,28,23,23,22,18,16,99,378,1976,214,100,120,82,49,2.0,-0.3833333,1.383333,0.223,0.811,0.134,1
1.575,5.95,24.85,3.5,1.55,1.15,1.125,1.05,0.825,0.95,-2.925,1.4,0.325,0.025,-0.1,0.3,13,21,26,24,14,6,3,7,20,22,27,23,21,25,16,16,100,364,1712,227,79,66,56,40,2.0,-0.3833333,1.383333,0.184,0.891,0.189,1
2.4,6.9,21.925,4.9,1.875,1.175,1.025,1.35,1.825,3.825,-0.075,1.6,0.3,0.225,0.025,0.075,16,21,22,24,16,8,6,10,19,21,26,19,25,25,18,19,141,403,1369,296,106,67,57,63,2.0,-0.3833333,1.383333,0.13,0.979,0.238,1
4.225,10.725,21.85,6.5,2.175,1.4,1.05,1.425,1.2,1.475,2.775,0.55,-0.325,0.075,-0.025,-0.075,24,21,19,25,15,10,6,13,26,28,27,22,19,25,18,21,268,669,1327,392,114,79,60,84,2.0,-0.3833333,1.383333,0.064,1.062,0.271,1
5.425,12.2,24.625,7.05,1.85,1.475,1.025,1.35,0.05,-2.4,-4.875,-0.525,-0.075,-0.15,0.025,0.1,23,19,19,20,15,11,6,12,26,27,30,22,17,22,17,17,351,771,1489,382,96,77,54,76,2.0,-0.3833333,1.383333,-0.0,1.128,0.293,1
5.475,9.8,19.75,6.525,1.775,1.325,1.05,1.45,1.225,-1.475,-9.15,-1.15,0.175,0.675,2.275,2.6,22,18,27,16,14,12,7,12,25,25,31,19,21,22,19,18,373,608,1238,335,99,69,59,74,2.0,-0.3833333,1.383333,-0.054,1.175,0.305,1
6.7,8.325,10.6,5.375,1.95,2.0,3.325,4.05,9.025,-0.65,-3.45,-1.425,0.225,0.65,4.375,10.825,20,17,24,16,12,10,7,14,20,25,27,18,22,20,20,22,431,524,694,298,118,113,184,233,2.0,-0.3833333,1.383333,-0.101,1.21,0.313,1
15.725,7.675,7.15,3.95,2.175,2.65,7.7,14.875,11.675,2.575,0.4,0.2,0.025,0.0,0.2,7.325,17,15,19,16,10,14,16,22,24,25,25,15,23,24,24,29,925,449,462,214,138,171,470,1026,2.0,-0.3833333,1.383333,-0.138,1.234,0.316,1
27.4,10.25,7.55,4.15,2.2,2.65,7.9,22.2,1.0,0.7,1.1,1.05,-0.175,0.225,-0.325,0.025,19,20,20,17,12,17,22,27,27,21,24,17,20,23,26,30,1605,633,410,201,130,162,514,1491,2.0,-0.3833333,1.383333,-0.165,1.244,0.316,1
28.4,10.95,8.65,5.2,2.025,2.875,7.575,22.225,-2.625,-0.925,0.225,-0.75,-0.075,-0.25,0.55,2.3,20,22,21,13,11,18,23,23,24,24,22,20,18,21,27,26,1703,660,474,256,98,151,470,1434,2.0,-0.3833333,1.383333,-0.184,1.245,0.315,1
25.775,10.025,8.875,4.45,1.95,2.625,8.125,24.525,0.075,-1.175,0.6,0.0,0.125,-0.025,-1.075,-0.925,22,21,21,11,13,20,19,22,25,24,22,21,20,23,23,24,1676,604,470,217,99,152,502,1434,2.0,-0.3833333,1.383333,-0.201,1.24,0.315,1
25.85,8.85,9.475,4.45,2.075,2.6,7.05,23.6,-1.125,-0.575,1.25,0.75,0.275,0.45,-0.175,-6.075,23,18,25,17,16,17,16,22,27,20,24,25,19,17,21,25,1681,500,570,279,112,140,435,1368,2.0,-0.3833333,1.383333,-0.213,1.235,0.317,1
24.725,8.275,10.725,5.2,2.35,3.05,6.875,17.525,-1.925,1.05,-0.95,-0.1,-0.175,-0.15,-0.15,2.025,19,16,23,23,17,14,19,18,26,23,28,27,20,18,20,25,1403,467,712,337,134,147,442,1098,2.0,-0.3833333,1.383333,-0.218,1.233,0.317,1
22.8,9.325,9.775,5.1,2.175,2.9,6.725,19.55,-0.575,-0.825,-1.0,-0.3,-0.325,-0.55,0.825,1.05,23,15,19,20,15,18,18,18,27,25,21,23,21,23,20,23,1367,558,557,298,119,153,394,1039,2.0,-0.3833333,1.383333,-0.222,1.231,0.315,1
22.225,8.5,8.775,4.8,1.85,2.35,7.55,20.6,0.875,1.225,-0.1,0.35,0.1,-0.225,0.825,-3.325,26,18,19,19,14,15,20,22,27,26,21,22,22,20,24,23,1537,546,486,287,102,119,423,1115,2.0,-0.3833333,1.383333,-0.224,1.231,0.312,1
23.1,9.725,8.675,5.15,1.95,2.125,8.375,17.275,-1.5,0.5,1.625,0.6,-0.125,0.025,-0.375,1.825,23,19,18,17,14,12,21,22,25,29,22,21,22,16,25,28,1414,598,491,308,113,107,479,1132,2.0,-0.3833333,1.383333,-0.224,1.233,0.308,1
21.6,10.225,10.3,5.75,1.825,2.15,8.0,19.1,-1.85,-1.625,-0.575,-0.525,-0.35,-0.25,0.275,-1.225,23,21,24,18,12,16,18,21,25,27,24,20,22,20,25,29,1237,613,678,341,103,110,500,1258,2.0,-0.3833333,1.383333,-0.221,1.235,0.305,1
19.75,8.6,9.725,5.225,1.475,1.9,8.275,17.875,0.75,0.3,-0.175,-0.125,0.25,-0.225,-0.325,0.425,21,23,28,23,10,15,16,21,24,25,29,23,18,22,22,27,1109,556,650,312,78,106,509,1120,2.0,-0.3833333,1.383333,-0.219,1.236,0.304,1
20.5,8.9,9.55,5.1,1.725,1.675,7.95,18.3,-1.25,0.875,1.1,0.625,0.25,0.25,0.925,1.825,21,18,21,24,11,12,17,19,22,23,28,26,21,24,18,23,1183,543,528,307,99,107,460,1020,2.0,-0.3833333,1.383333,-0.217,1.236,0.304,1
19.25,9.775,10.65,5.725,1.975,1.925,8.875,20.125,1.7,0.975,-1.8,-1.075,0.375,0.45,1.725,-1.3,22,20,24,25,17,16,18,20,25,23,29,28,25,26,21,23,1066,574,625,350,127,128,471,1095,2.0,-0.3833333,1.383333,-0.216,1.235,0.304,1
20.95,10.75,8.85,4.65,2.35,2.375,10.6,18.825,1.3,-0.35,1.15,0.95,-0.375,-0.025,-0.725,-4.65,19,20,28,25,21,18,20,19,23,21,32,25,25,21,23,27,1108,673,597,301,164,134,542,1056,2.0,-0.3833333,1.383333,-0.217,1.232,0.305,1
22.25,10.4,10.0,5.6,1.975,2.35,9.875,14.175,2.1,-1.925,1.05,0.25,-0.375,-0.325,-0.875,-0.975,20,19,21,22,14,14,22,18,23,25,29,23,19,17,24,22,1297,669,645,351,127,130,579,807,2.0,-0.3833333,1.383333,-0.218,1.23,0.307,1
24.35,8.475,11.05,5.85,1.6,2.025,9.0,13.2,4.85,-0.775,-1.675,-1.65,0.25,-0.025,-0.65,-0.025,28,14,22,23,11,15,23,20,31,25,25,26,19,24,27,24,1714,482,689,376,91,132,602,896,2.0,-0.3833333,1.383333,-0.219,1.228,0.309,1
29.2,7.7,9.375,4.2,1.85,2.0,8.35,13.175,-7.125,0.7,0.65,0.3,0.025,0.125,-1.8,-1.75,25,17,23,22,12,13,19,20,28,25,23,25,21,20,26,26,1867,457,575,281,101,106,555,914,2.0,-0.3833333,1.383333,-0.22,1.226,0.31,1
22.075,8.4,10.025,4.5,1.875,2.125,6.55,11.425,-6.7,1.6,0.525,0.825,0.3,-0.125,1.875,1.875,18,25,22,17,17,18,17,19,26,28,24,21,25,19,26,21,1297,543,652,279,109,106,395,718,2.0,-0.3833333,1.383333,-0.221,1.225,0.311,1
15.375,10.0,10.55,5.325,2.175,2.0,8.425,13.3,-2.25,-1.025,0.25,0.025,-0.4,-0.275,1.45,-1.225,20,26,20,13,16,17,21,22,26,30,23,18,28,26,28,22,960,644,642,284,116,117,562,858,2.0,-0.3833333,1.383333,-0.221,1.222,0.313,1
13.125,8.975,10.8,5.35,1.775,1.725,9.875,12.075,-0.875,-0.525,1.15,-0.6,-0.075,0.0,-1.825,-1.45,22,23,18,17,11,15,24,21,28,27,24,26,25,29,27,24,927,556,589,286,100,113,636,721,2.0,-0.3833333,1.383333,-0.221,1.221,0.316,1
12.25,8.45,11.95,4.75,1.7,1.725,8.05,10.625,2.225,1.2,-0.325,0.5,0.475,0.2,1.525,1.75,17,18,22,21,12,19,24,17,22,23,27,29,24,26,25,21,694,528,692,294,106,110,495,608,2.0,-0.3833333,1.383333,-0.221,1.221,0.317,1
14.475,9.65,11.625,5.25,2.175,1.925,9.575,12.375,-1.1,0.15,-2.05,-0.5,-0.45,-0.15,-1.025,-1.075,19,17,23,20,13,14,25,20,21,24,24,26,20,17,26,20,789,590,680,325,117,103,620,742,2.0,-0.3833333,1.383333,-0.22,1.221,0.317,1
13.375,9.8,9.575,4.75,1.725,1.775,8.55,11.3,2.225,1.1,-0.9,-0.85,-0.2,-0.05,-0.65,-1.3,25,18,19,17,12,12,22,18,26,25,22,23,20,16,23,25,826,583,569,284,92,95,514,618,2.0,-0.3833333,1.383333,-0.22,1.221,0.316,1
15.6,10.9,8.675,3.9,1.525,1.725,7.9,10.0,2.15,0.7,-0.6,-0.225,0.225,-0.075,0.5,-0.1,25,22,22,20,14,12,19,22,28,30,25,25,21,18,22,29,1052,680,556,251,86,91,392,591,2.0,-0.3833333,1.383333,-0.22,1.221,0.316,1
17.75,11.6,8.075,3.675,1.75,1.65,8.4,9.9,-2.625,-1.75,-0.175,-0.625,-0.15,0.5,1.0,-0.975,21,24,25,22,17,11,23,21,28,29,27,25,23,20,26,23,1121,751,517,242,97,89,460,554,2.0,-0.3833333,1.383333,-0.221,1.221,0.315,1
15.125,9.85,7.9,3.05,1.6,2.15,9.4,8.925,-1.375,-2.725,1.65,0.675,0.025,0.275,1.85,2.575,23,20,21,16,11,11,27,21,29,25,23,20,22,19,28,22,1008,671,493,189,92,106,576,504,2.0,-0.3833333,1.383333,-0.22,1.221,0.315,1
13.75,7.125,9.55,3.725,1.625,2.425,11.25,11.5,2.1,1.5,1.075,0.525,0.125,-0.6,-0.425,1.15,25,22,17,17,7,16,24,26,27,28,20,23,21,21,27,27,931,500,574,214,91,122,733,750,2.0,-0.3833333,1.383333,-0.22,1.221,0.316,1
15.85,8.625,10.625,4.25,1.75,1.825,10.825,12.65,0.675,0.675,1.6,0.5,-0.275,0.175,-0.3,-2.5,27,20,20,20,8,17,26,19,26,28,26,27,26,23,29,28,1064,548,649,250,98,98,708,900,2.0,-0.3833333,1.383333,-0.221,1.221,0.316,1
16.525,9.3,12.225,4.75,1.475,2.0,10.525,10.15,2.25,-0.55,-0.075,0.225,0.2,0.15,0.525,0.5,23,16,24,17,6,16,26,19,29,24,29,27,22,25,27,28,1070,514,806,290,76,109,681,703,2.0,-0.3833333,1.383333,-0.221,1.222,0.316,1
18.775,8.75,12.15,4.975,1.675,2.15,11.05,10.65,1.675,0.05,-0.125,-0.425,0.575,0.1,-0.825,2.725,18,18,26,17,14,14,22,21,24,21,27,26,21,27,24,28,1168,450,783,308,97,126,682,741,2.0,-0.3833333,1.383333,-0.221,1.223,0.317,1
20.45,8.8,12.025,4.55,2.25,2.25,10.225,13.375,-0.9,-0.525,0.825,0.275,-0.125,0.025,-3.05,0.3,21,21,26,21,19,17,16,20,23,23,26,27,25,29,20,24,1209,502,746,262,145,146,496,847,2.0,-0.3833333,1.383333,-0.221,1.223,0.317,1
19.55,8.275,12.85,4.825,2.125,2.275,7.175,13.675,0.775,2.625,1.15,1.325,0.225,-0.1,1.05,-1.2,25,24,20,20,15,16,18,23,27,26,25,25,24,26,25,26,1225,578,728,256,132,148,398,872,2.0,-0.3833333,1.383333,-0.221,1.223,0.317,1
20.325,10.9,14.0,6.15,2.35,2.175,8.225,12.475,-0.25,1.675,1.375,1.075,0.0,-0.175,0.65,0.75,28,26,20,20,16,11,22,26,27,25,27,25,21,20,26,29,1404,703,846,371,128,118,542,820,2.0,-0.3833333,1.383333,-0.221,1.223,0.317,1
20.075,12.575,15.375,7.225,2.35,2.0,8.875,13.225,-5.475,-2.375,-0.325,-1.0,-0.625,-0.25,-1.875,-0.925,25,24,21,21,18,12,22,25,24,22,24,26,24,17,24,27,1286,721,903,444,131,112,606,873,2.0,-0.3833333,1.383333,-0.221,1.223,0.317,1
14.6,10.2,15.05,6.225,1.725,1.75,7.0,12.3,-1.825,-0.4,-1.875,-0.825,-0.1,0.05,1.325,-1.8,24,22,18,19,14,9,20,26,27,23,22,23,25,19,24,27,888,546,847,369,113,110,444,802,2.0,-0.3833333,1.383333,-0.221,1.222,0.317,1
12.775,9.8,13.175,5.4,1.625,1.8,8.325,10.5,4.175,0.575,-0.25,0.225,0.225,0.5,3.05,2.025,26,20,23,23,8,6,23,21,32,23,23,26,19,17,25,23,913,573,915,380,88,98,541,631,2.0,-0.3833333,1.383333,-0.221,1.222,0.317,1
16.95,10.375,12.925,5.625,1.85,2.3,11.375,12.525,3.6,0.6,0.175,-0.275,0.0,-0.05,-1.175,2.85,23,23,24,26,10,14,24,19,26,25,23,27,15,22,24,25,1153,665,836,384,91,135,732,809,2.0,-0.3833333,1.383333,-0.22,1.222,0.318,1
20.55,10.975,13.1,5.35,1.85,2.25,10.2,15.375,0.2,1.225,-2.2,-0.45,0.25,0.075,-3.05,-1.7,21,23,23,21,17,16,20,22,22,25,24,24,22,25,25,27,1269,705,752,334,119,144,622,1001,2.0,-0.3833333,1.383333,-0.22,1.223,0.318,1
20.75,12.2,10.9,4.9,2.1,2.325,7.15,13.675,-1.3,-0.225,0.6,0.45,0.1,0.175,1.35,0.025,21,16,22,16,23,12,18,16,26,20,23,23,24,22,24,24,1225,647,618,295,131,137,430,764,2.0,-0.3833333,1.383333,-0.22,1.223,0.318,1
19.45,11.975,11.5,5.35,2.2,2.5,8.5,13.7,2.475,0.7,1.65,0.075,-0.5,-0.55,1.625,1.375,21,20,20,22,18,16,18,16,26,25,24,27,22,24,24,18,1075,705,738,364,117,148,528,783,2.0,-0.3833333,1.383333,-0.219,1.223,0.318,1
21.925,12.675,13.15,5.425,1.7,1.95,10.125,15.075,-0.525,-0.825,-0.75,-0.225,-0.15,0.0,-0.8,-0.4,20,22,21,23,14,16,20,19,24,32,26,28,23,27,25,23,1320,811,870,355,103,120,602,975,2.0,-0.3833333,1.383333,-0.219,1.222,0.319,1
21.4,11.85,12.4,5.2,1.55,1.95,9.325,14.675,1.95,-0.425,-1.85,-0.4,0.4,0.375,-0.1,-0.25,20,20,21,19,11,11,20,19,23,28,27,24,22,23,21,26,1465,733,803,319,91,107,545,921,2.0,-0.3833333,1.383333,-0.219,1.222,0.319,1
0.975,1.85,1.55,1.125,1.025,1.075,0.775,0.75,-0.1,-0.2,-0.175,-0.125,0.075,0.15,0.1,0.175,9,15,10,6,8,8,6,3,15,22,18,22,14,17,18,20,54,110,89,66,40,48,45,40,3.0,7.450581e-09,0.6166667,0.242,0.695,0.049,1
0.875,1.65,1.375,1.0,1.1,1.225,0.875,0.925,0.3,-0.125,-0.175,0.55,0.9,1.275,0.975,0.125,4,16,11,6,8,6,4,4,13,23,24,22,14,15,15,20,44,96,73,54,40,46,43,51,3.0,7.450581e-09,0.6166667,0.242,0.695,0.05,1
1.175,1.525,1.2,1.55,2.0,2.5,1.85,1.05,0.0,-0.3,1.475,1.35,1.475,1.55,0.775,0.1,6,12,8,9,10,13,8,3,13,21,25,20,20,19,15,17,44,77,67,65,84,130,85,44,3.0,7.450581e-09,0.6166667,0.242,0.696,0.05,1
1.175,1.225,2.675,2.9,3.475,4.05,2.625,1.15,0.3,3.725,8.775,0.425,-0.525,-1.075,-0.75,0.025,7,8,9,12,14,19,16,5,19,17,25,17,22,28,22,17,55,54,150,123,173,245,153,51,3.0,7.450581e-09,0.6166667,0.243,0.698,0.055,1
1.475,4.95,11.45,3.325,2.95,2.975,1.875,1.175,0.475,4.325,11.775,-0.175,-0.65,-1.175,-0.3,0.175,13,14,14,11,11,15,13,4,26,21,26,21,22,22,21,19,95,321,762,166,153,163,119,57,3.0,7.450581e-09,0.6166667,0.244,0.704,0.066,1
1.95,9.275,23.225,3.15,2.3,1.8,1.575,1.35,0.0,0.475,3.775,-0.475,-0.425,0.125,-0.05,0.325,19,21,17,13,8,13,12,9,28,23,23,24,24,21,19,19,131,593,1373,178,113,92,85,75,3.0,7.450581e-09,0.6166667,0.241,0.717,0.088,1
1.95,9.75,27.0,2.675,1.875,1.925,1.525,1.675,-0.225,-2.9,-7.8,0.1,-0.55,-0.15,-0.5,-0.275,18,25,23,14,7,10,12,14,26,27,25,23,19,23,21,22,127,636,1677,157,92,108,75,95,3.0,7.450581e-09,0.6166667,0.234,0.735,0.123,1
1.725,6.85,19.2,2.775,1.325,1.775,1.025,1.4,-0.425,-4.225,-10.75,0.75,0.1,-0.275,0.125,-0.325,16,25,26,18,8,10,4,12,22,26,29,23,21,21,14,17,107,460,1380,173,68,98,47,72,3.0,7.450581e-09,0.6166667,0.221,0.755,0.167,1
1.3,2.625,8.45,3.525,1.425,1.5,1.15,1.075,1.625,-0.2,-3.35,0.975,0.025,0.05,1.875,1.975,12,20,19,19,7,10,5,11,19,24,23,21,17,16,11,14,80,192,551,187,63,65,53,58,3.0,7.450581e-09,0.6166667,0.202,0.772,0.216,1
2.925,2.425,5.1,4.5,1.45,1.55,3.025,3.05,4.475,1.1,-0.8,0.05,-0.025,0.15,2.35,3.925,10,11,17,20,7,10,14,10,15,22,19,18,13,17,19,20,145,135,307,235,61,71,167,193,3.0,7.450581e-09,0.6166667,0.18,0.783,0.261,1
7.4,3.525,4.3,4.55,1.425,1.7,5.375,6.975,6.975,0.75,-1.075,-0.95,0.175,0.525,0.225,4.5,12,12,14,20,7,9,14,15,16,21,22,19,15,18,19,23,402,184,248,244,66,85,296,437,3.0,7.450581e-09,0.6166667,0.158,0.787,0.296,1
14.375,4.275,3.225,3.6,1.6,2.225,5.6,11.475,4.75,0.075,0.175,-0.575,0.2,-0.025,-1.2,2.1,16,18,17,19,9,10,13,18,19,21,24,18,14,22,15,22,861,256,203,195,77,123,301,641,3.0,7.450581e-09,0.6166667,0.143,0.786,0.319,1
19.125,4.35,3.4,3.025,1.8,2.2,4.4,13.575,-2.075,-0.3,1.525,0.45,-0.125,-0.3,1.575,-2.175,22,18,18,14,12,15,19,21,22,23,22,20,17,28,22,23,1119,275,211,170,92,135,259,811,3.0,7.450581e-09,0.6166667,0.135,0.782,0.333,1
17.05,4.05,4.925,3.475,1.675,1.9,5.975,11.4,-4.4,0.175,0.525,0.425,0.025,0.2,2.525,-1.175,23,19,18,19,11,14,18,24,25,23,25,28,20,23,25,26,949,250,296,210,101,121,361,768,3.0,7.450581e-09,0.6166667,0.133,0.779,0.343,1
12.65,4.225,5.45,3.9,1.7,2.1,8.5,10.225,-0.325,-0.075,0.725,0.3,-0.225,-0.175,1.325,0.275,19,19,22,22,13,12,22,24,25,24,29,25,22,18,24,26,768,265,365,231,93,128,505,695,3.0,7.450581e-09,0.6166667,0.132,0.775,0.35,1
12.325,4.15,6.175,4.2,1.475,1.925,9.825,10.5,-0.375,0.225,0.225,0.475,-0.1,-0.25,-1.525,-1.1,20,15,22,19,10,17,25,26,26,29,25,22,23,22,26,28,791,267,372,234,88,117,620,644,3.0,7.450581e-09,0.6166667,0.131,0.771,0.355,1
11.95,4.375,6.4,4.675,1.375,1.675,8.3,9.4,1.05,-0.375,-0.85,-0.7,0.3,0.3,0.825,0.475,21,19,23,20,8,17,21,17,24,29,23,23,24,25,26,27,756,288,371,280,88,102,552,533,3.0,7.450581e-09,0.6166667,0.13,0.768,0.359,1
13.0,4.0,5.55,3.975,1.675,1.975,9.125,9.875,4.35,-0.225,0.65,-0.1,0.1,0.325,0.675,3.775,17,25,24,20,8,16,22,16,21,27,25,22,23,25,27,23,723,281,314,246,94,128,583,550,3.0,7.450581e-09,0.6166667,0.129,0.767,0.36,1
17.35,3.775,6.2,3.875,1.775,2.3,9.8,13.65,-3.175,0.65,-0.65,-0.175,-0.25,-0.35,-1.675,0.825,21,17,21,19,9,16,25,17,21,24,23,21,21,24,29,19,991,231,331,212,94,129,663,733,3.0,7.450581e-09,0.6166667,0.128,0.768,0.361,1
14.175,4.425,5.55,3.7,1.525,1.95,8.125,14.475,-4.075,0.225,-0.7,-0.3,-0.025,-0.1,2.4,-1.925,20,18,19,17,11,16,23,18,22,28,21,21,15,22,28,19,847,263,315,208,79,102,540,836,3.0,7.450581e-09,0.6166667,0.128,0.769,0.362,1
10.1,4.65,4.85,3.4,1.5,1.85,10.525,12.55,1.375,-0.225,-0.125,-0.55,0.1,-0.025,-0.025,0.575,26,20,18,19,9,15,22,21,29,32,22,21,14,22,25,23,701,301,249,194,66,110,636,882,3.0,7.450581e-09,0.6166667,0.128,0.769,0.362,1
11.475,4.425,4.725,2.85,1.6,1.825,10.5,13.125,-0.375,-0.15,0.95,0.6,0.025,0.125,-0.725,-0.7,26,18,22,19,14,16,22,25,29,27,24,22,18,25,27,28,838,287,270,184,78,121,638,923,3.0,7.450581e-09,0.6166667,0.128,0.77,0.362,1
11.1,4.275,5.675,3.45,1.625,1.95,9.775,12.425,-0.375,-0.025,1.7,1.3,-0.05,0.125,-1.1,-1.225,16,18,27,19,13,19,24,21,24,22,28,24,17,25,30,27,783,234,372,225,81,123,698,843,3.0,7.450581e-09,0.6166667,0.128,0.77,0.362,1
10.725,4.25,7.375,4.75,1.575,2.075,8.675,11.2,4.025,0.875,-0.45,-0.425,-0.15,-0.2,-0.65,-0.2,19,16,23,15,13,21,23,17,26,22,27,23,23,27,29,27,749,231,431,254,77,125,580,670,3.0,7.450581e-09,0.6166667,0.128,0.77,0.362,1
14.75,5.125,6.925,4.325,1.425,1.875,8.025,11.0,0.625,0.125,-0.525,-0.35,-0.325,-0.35,1.825,-1.6,23,21,21,12,11,17,23,18,27,26,24,19,21,24,27,21,939,301,405,220,77,114,536,631,3.0,7.450581e-09,0.6166667,0.128,0.769,0.361,1
15.375,5.25,6.4,3.975,1.1,1.525,9.85,9.4,-3.925,-0.725,1.0,-0.025,0.025,0.25,-1.375,1.525,24,21,21,14,7,10,25,17,25,26,26,19,19,23,25,23,891,297,373,196,64,93,635,568,3.0,7.450581e-09,0.6166667,0.129,0.769,0.361,1
11.45,4.525,7.4,3.95,1.125,1.775,8.475,10.925,-0.65,-0.2,-0.4,-0.375,0.45,0.2,0.125,0.175,22,16,20,16,9,11,20,22,21,23,22,21,23,27,23,29,643,221,451,207,74,110,543,731,3.0,7.450581e-09,0.6166667,0.128,0.768,0.361,1
10.8,4.325,7.0,3.575,1.575,1.975,8.6,11.1,-1.675,0.35,-0.925,0.3,-0.025,-0.1,1.3,-2.275,19,15,22,14,15,11,20,22,21,19,23,19,23,24,24,29,611,238,449,190,96,119,577,715,3.0,7.450581e-09,0.6166667,0.128,0.768,0.361,1
9.125,4.675,6.075,3.875,1.55,1.875,9.9,8.825,-0.3,0.225,0.15,0.325,-0.225,-0.275,-1.3,-0.65,14,21,19,14,15,12,22,18,28,24,28,23,23,22,24,28,519,309,395,207,90,115,645,560,3.0,7.450581e-09,0.6166667,0.127,0.768,0.361,1
8.825,4.9,6.225,4.2,1.325,1.6,8.6,8.175,3.45,0.175,-0.6,-1.15,0.05,0.05,1.075,-0.675,14,22,19,20,12,10,20,17,31,28,26,26,24,26,28,27,564,325,375,241,74,99,545,525,3.0,7.450581e-09,0.6166667,0.127,0.768,0.361,1
12.275,5.075,5.625,3.05,1.375,1.65,9.675,7.5,-1.475,0.475,-0.2,0.1,0.175,0.575,1.65,1.775,20,19,22,19,11,11,19,21,24,24,28,23,19,28,26,23,777,297,318,164,69,101,556,459,3.0,7.450581e-09,0.6166667,0.127,0.768,0.361,1
10.8,5.55,5.425,3.15,1.55,2.225,11.325,9.275,0.0,-0.7,0.025,0.125,0.075,-0.15,0.025,1.425,20,19,19,17,11,15,20,23,23,24,24,20,15,25,25,23,682,329,299,151,71,120,638,580,3.0,7.450581e-09,0.6166667,0.127,0.768,0.361,1
10.8,4.85,5.45,3.275,1.625,2.075,11.35,10.7,2.05,-0.45,-0.275,-0.025,-0.075,0.0,-1.55,-2.125,22,17,18,14,12,18,25,23,25,22,21,22,19,20,30,25,700,284,281,169,72,108,745,626,3.0,7.450581e-09,0.6166667,0.127,0.768,0.362,1
12.85,4.4,5.175,3.25,1.55,2.075,9.8,8.575,-0.425,0.075,0.1,0.75,0.025,0.225,-1.45,0.075,28,18,19,19,11,18,21,20,30,20,25,27,22,20,27,21,864,264,310,208,77,111,653,480,3.0,7.450581e-09,0.6166667,0.127,0.768,0.362,1
12.425,4.475,5.275,4.0,1.575,2.3,8.35,8.65,-1.25,0.625,1.425,0.7,0.1,0.15,1.025,1.425,29,19,20,19,11,16,19,19,30,20,28,23,19,24,28,19,853,266,332,235,87,130,542,490,3.0,7.450581e-09,0.6166667,0.127,0.768,0.363,1
11.175,5.1,6.7,4.7,1.675,2.45,9.375,10.075,1.225,0.35,2.05,0.7,0.15,0.025,0.025,-0.725,23,17,19,15,15,17,23,23,24,21,23,21,18,23,25,24,735,301,390,255,88,151,579,587,3.0,7.450581e-09,0.6166667,0.127,0.768,0.362,1
12.4,5.45,8.75,5.4,1.825,2.475,9.4,9.35,1.925,-0.825,-1.175,-0.55,-0.2,-0.325,-2.05,1.825,19,19,19,13,15,20,26,25,23,23,23,19,17,21,27,27,832,339,512,268,93,147,601,649,3.0,7.450581e-09,0.6166667,0.127,0.767,0.362,1
14.325,4.625,7.575,4.85,1.625,2.15,7.35,11.175,-1.525,-0.3,-0.25,-0.15,-0.45,-0.325,-0.6,0.0,21,19,21,15,9,16,23,22,26,28,23,19,16,19,26,24,933,289,447,246,88,124,459,717,3.0,7.450581e-09,0.6166667,0.128,0.767,0.362,1
12.8,4.325,7.325,4.7,1.175,1.825,6.75,11.175,-3.225,0.225,-0.45,-0.375,0.1,0.125,2.875,-1.075,23,19,22,21,7,10,21,21,26,27,21,23,16,20,24,25,758,287,467,283,63,111,398,717,3.0,7.450581e-09,0.6166667,0.128,0.767,0.362,1
9.575,4.55,6.875,4.325,1.275,1.95,9.625,10.1,-1.775,0.7,-1.75,-0.675,0.05,0.0,2.55,-0.5,20,18,23,22,8,9,21,22,23,22,25,30,21,16,26,27,539,287,479,289,65,95,638,682,3.0,7.450581e-09,0.6166667,0.128,0.767,0.362,1
7.8,5.25,5.125,3.65,1.325,1.95,12.175,9.6,3.1,0.675,0.45,-0.05,0.1,-0.05,-0.275,-1.725,18,21,22,17,8,10,22,20,22,25,23,26,15,17,28,24,459,318,322,217,56,90,782,605,3.0,7.450581e-09,0.6166667,0.129,0.766,0.361,1
10.9,5.925,5.575,3.6,1.425,1.9,11.9,7.875,0.475,-1.25,0.825,-0.025,0.05,-0.15,-0.3,-0.025,21,22,21,16,12,9,21,19,27,25,25,18,19,19,27,23,711,356,328,190,72,105,759,478,3.0,7.450581e-09,0.6166667,0.129,0.767,0.361,1
11.375,4.675,6.4,3.575,1.475,1.75,11.6,7.85,-0.825,-0.675,-0.1,0.025,-0.25,-0.225,-2.15,0.15,21,17,21,14,17,12,22,20,26,21,25,17,26,20,27,24,728,271,362,184,94,99,750,466,3.0,7.450581e-09,0.6166667,0.129,0.767,0.361,1
10.55,4.0,6.3,3.6,1.225,1.525,9.45,8.0,0.175,0.925,0.0,0.125,-0.2,-0.025,-1.475,-1.025,22,16,22,16,13,16,22,20,25,22,22,20,26,26,26,26,660,245,385,212,74,101,622,501,3.0,7.450581e-09,0.6166667,0.129,0.768,0.362,1
10.725,4.925,6.3,3.725,1.025,1.5,7.975,6.975,-0.175,-0.375,0.05,-0.35,0.175,-0.075,0.775,1.25,25,19,17,14,6,16,18,22,26,27,22,22,23,26,22,25,698,304,356,215,50,99,447,463,3.0,7.450581e-09,0.6166667,0.129,0.768,0.362,1
10.55,4.55,6.35,3.375,1.2,1.425,8.75,8.225,0.725,-0.15,-0.125,-0.4,0.375,0.375,1.4,0.6,25,14,15,15,8,12,19,28,26,21,23,24,19,17,22,31,631,244,346,195,57,79,531,577,3.0,7.450581e-09,0.6166667,0.129,0.768,0.362,1
11.275,4.4,6.225,2.975,1.575,1.8,10.15,8.825,-1.575,0.475,-0.825,-0.175,0.075,0.0,-0.8,-1.05,20,13,21,16,13,17,19,27,24,20,25,22,15,17,26,30,712,231,357,178,68,105,656,622,3.0,7.450581e-09,0.6166667,0.129,0.768,0.362,1
9.7,4.875,5.4,2.8,1.65,1.8,9.35,7.775,0.25,0.15,0.45,1.0,-0.05,-0.1,1.65,-0.825,20,17,22,15,12,16,18,24,27,26,25,20,16,19,26,28,644,288,339,161,69,112,572,516,3.0,7.450581e-09,0.6166667,0.128,0.768,0.362,1
9.95,5.025,5.85,3.8,1.6,1.7,11.0,6.95,-1.075,0.375,-0.075,0.25,-0.025,0.175,3.25,-1.25,22,17,20,18,9,10,20,18,28,25,23,20,16,19,24,24,662,288,377,220,75,102,680,423,3.0,7.450581e-09,0.6166667,0.128,0.767,0.362,1
8.875,5.4,5.775,4.05,1.575,1.875,14.25,5.7,-5.3,-1.825,-3.1,-1.875,-0.2,-0.425,-6.825,-2.2,19,14,18,18,11,11,24,16,24,24,22,23,20,16,28,23,526,302,367,239,85,108,946,336,3.0,7.450581e-09,0.6166667,0.127,0.767,0.362,1
3.575,3.575,2.675,2.175,1.375,1.45,7.425,3.5,-2.275,-2.2,-1.25,-0.85,-0.325,-0.45,-6.475,-2.375,14,12,12,15,8,9,16,13,18,25,25,22,19,13,28,25,197,205,165,139,62,74,519,210,3.0,7.450581e-09,0.6166667,0.18,0.735,0.212,1
1.3,1.375,1.425,1.325,1.05,1.0,0.95,1.125,0.025,0.15,0.05,0.075,-0.05,-0.15,-0.125,-0.1,10,10,9,12,3,4,3,11,18,23,24,22,18,14,19,24,66,87,74,65,42,39,45,57,3.0,7.450581e-09,0.6166667,0.233,0.702,0.061,1
1.325,1.525,1.475,1.4,1.0,0.85,0.825,1.025,-0.125,1.075,2.95,0.575,0.775,0.975,0.25,0.225,9,8,9,12,5,3,3,6,17,18,22,22,15,15,12,20,68,79,82,73,41,35,35,48,3.0,7.450581e-09,0.6166667,0.233,0.703,0.062,1
1.2,2.6,4.425,1.975,1.775,1.825,1.075,1.25,2.95,0.9,1.875,2.875,0.575,0.575,1.0,1.6,8,14,12,17,12,7,3,6,21,20,22,19,19,19,15,20,71,174,305,113,89,97,44,51,3.0,7.450581e-09,0.6166667,0.224,0.721,0.103,1
4.15,3.5,6.3,4.85,2.35,2.4,2.075,2.85,10.1,1.55,-1.975,0.725,-0.275,-0.275,2.425,5.375,14,20,18,20,12,14,10,12,26,23,23,22,18,18,18,21,238,237,405,283,127,128,100,183,3.0,7.450581e-09,0.6166667,0.205,0.749,0.171,1
14.25,5.05,4.325,5.575,2.075,2.125,4.5,8.225,11.7,1.375,0.225,-1.025,-0.275,0.0,2.95,6.1,19,20,14,19,7,12,18,13,22,22,18,24,16,17,22,21,908,318,221,336,94,99,246,443,3.0,7.450581e-09,0.6166667,0.182,0.767,0.226,1
25.95,6.425,4.55,4.55,1.8,2.125,7.45,14.325,-3.85,-1.15,1.95,1.7,-0.225,0.15,0.375,-1.125,17,20,12,20,12,15,20,19,24,20,20,26,20,21,24,22,1437,386,249,289,95,120,458,794,3.0,7.450581e-09,0.6166667,0.154,0.78,0.271,1
22.1,5.275,6.5,6.25,1.575,2.275,7.825,13.2,-10.05,-1.975,-0.7,-1.15,0.0,0.25,0.55,-3.7,22,24,21,23,14,17,13,22,29,21,27,25,19,20,27,22,1229,316,420,408,92,142,517,791,3.0,7.450581e-09,0.6166667,0.133,0.787,0.3,1
12.05,3.3,5.8,5.1,1.575,2.525,8.375,9.5,-2.85,-0.45,-0.9,-1.45,-0.025,-0.45,-0.4,-0.5,21,23,22,20,13,19,14,21,24,25,26,21,15,22,26,25,714,202,382,314,72,152,511,576,3.0,7.450581e-09,0.6166667,0.119,0.79,0.318,1
9.2,2.85,4.9,3.65,1.55,2.075,7.975,9.0,0.225,0.8,0.575,0.9,0.15,-0.3,-0.2,0.85,21,13,16,14,14,19,18,25,24,24,24,22,19,26,24,27,533,147,265,214,87,127,460,581,3.0,7.450581e-09,0.6166667,0.11,0.789,0.33,1
9.425,3.65,5.475,4.55,1.7,1.775,7.775,9.85,3.025,0.0,0.7,0.1,-0.125,-0.075,1.675,1.1,24,16,14,12,16,19,19,23,25,27,18,21,22,26,23,27,580,205,261,243,103,111,446,678,3.0,7.450581e-09,0.6166667,0.103,0.788,0.338,1
12.45,3.65,6.175,4.65,1.575,1.7,9.45,10.95,2.225,0.05,1.4,0.325,-0.225,-0.175,-0.725,0.05,23,19,21,15,14,18,26,21,24,23,23,23,25,25,28,29,801,204,399,268,90,99,613,795,3.0,7.450581e-09,0.6166667,0.099,0.788,0.34,1
14.675,3.7,7.575,4.975,1.35,1.525,8.725,11.0,-2.975,0.3,0.55,0.35,0.1,0.125,0.45,-1.8,25,23,22,15,12,14,25,28,26,25,25,23,25,23,28,30,931,240,490,284,83,88,549,826,3.0,7.450581e-09,0.6166667,0.097,0.788,0.342,1
11.7,4.0,8.125,5.325,1.45,1.65,9.175,9.2,-4.725,0.075,-1.5,-0.85,0.075,0.55,0.0,-1.4,22,22,17,13,12,14,20,23,26,27,20,19,20,20,24,28,740,260,455,285,79,93,552,636,3.0,7.450581e-09,0.6166667,0.096,0.788,0.342,1
6.975,4.075,6.625,4.475,1.525,2.2,9.175,7.8,-0.6,0.6,-0.025,-0.325,0.25,0.25,-1.875,0.0,22,18,18,16,12,18,17,22,28,26,20,19,16,20,20,31,449,232,380,250,76,132,550,495,3.0,7.450581e-09,0.6166667,0.095,0.786,0.342,1
6.375,4.675,6.6,4.15,1.775,2.45,7.3,7.8,1.3,0.3,0.9,0.475,-0.15,-0.55,1.2,0.05,19,20,21,21,12,19,16,26,28,27,24,22,19,24,21,29,421,292,439,277,91,147,428,492,3.0,7.450581e-09,0.6166667,0.096,0.783,0.342,1
7.675,4.975,7.5,4.625,1.625,1.9,8.5,7.85,0.15,-0.825,-0.25,-0.25,-0.325,-0.25,0.275,0.125,20,21,18,20,10,13,18,18,23,26,24,22,24,22,21,26,437,323,484,291,86,107,455,480,3.0,7.450581e-09,0.6166667,0.097,0.78,0.342,1
7.825,4.15,7.25,4.375,1.3,1.65,8.775,7.975,-0.925,-0.35,-0.075,-0.225,0.275,0.625,-1.05,0.275,23,20,20,25,10,7,21,16,26,23,27,28,22,18,26,25,468,267,471,287,64,91,530,492,3.0,7.450581e-09,0.6166667,0.098,0.78,0.342,1
6.9,3.8,7.175,4.15,1.575,2.275,7.725,8.25,-0.95,0.8,-0.775,-0.15,0.4,0.05,0.4,-1.0,22,23,22,21,10,17,19,21,25,28,27,25,17,23,24,22,435,237,448,261,81,130,463,481,3.0,7.450581e-09,0.6166667,0.098,0.781,0.343,1
5.95,4.6,6.4,4.0,1.975,2.325,8.125,7.25,0.4,-0.8,-0.575,-0.3,-0.3,-0.75,-0.85,-0.45,26,24,20,17,10,19,22,18,28,26,27,21,19,26,25,20,385,263,396,232,105,133,509,414,3.0,7.450581e-09,0.6166667,0.097,0.781,0.343,1
6.35,3.8,5.825,3.7,1.675,1.575,7.275,6.8,-0.075,-0.75,-0.3,-0.375,-0.1,0.0,2.275,0.125,26,19,21,15,16,9,23,14,28,27,28,20,21,21,28,21,405,222,356,200,89,90,415,347,3.0,7.450581e-09,0.6166667,0.095,0.781,0.344,1
6.275,3.05,5.525,3.325,1.575,1.575,9.55,6.925,0.2,1.075,1.075,0.9,0.175,0.125,1.325,-0.425,22,19,17,18,15,8,21,19,27,28,28,22,18,15,25,25,398,201,323,187,75,89,561,365,3.0,7.450581e-09,0.6166667,0.095,0.78,0.345,1
6.475,4.125,6.6,4.225,1.75,1.7,10.875,6.5,1.5,0.225,0.5,0.075,-0.15,-0.2,-2.725,0.125,18,25,16,19,13,10,24,26,25,29,28,26,22,20,25,29,402,256,404,236,85,99,720,390,3.0,7.450581e-09,0.6166667,0.095,0.779,0.345,1
7.975,4.35,7.1,4.3,1.6,1.5,8.15,6.625,-1.025,0.175,-0.35,-0.25,-0.025,0.225,1.275,-0.7,17,21,18,13,14,10,23,22,26,29,26,25,23,25,24,28,469,271,416,224,90,92,503,395,3.0,7.450581e-09,0.6166667,0.095,0.778,0.345,1
6.95,4.525,6.75,4.05,1.575,1.725,9.425,5.925,0.125,0.0,0.475,0.425,-0.075,0.075,0.2,-0.075,15,18,20,11,13,15,23,18,24,26,21,22,22,25,23,24,409,290,344,192,92,102,614,362,3.0,7.450581e-09,0.6166667,0.095,0.779,0.345,1
7.075,4.525,7.225,4.475,1.5,1.8,9.625,5.85,0.9,-0.025,-0.8,-0.525,0.125,0.15,-2.3,0.95,20,21,20,13,12,16,21,16,23,24,18,18,15,22,22,24,415,288,350,225,72,102,609,383,3.0,7.450581e-09,0.6166667,0.095,0.778,0.346,1
7.975,4.5,6.425,3.95,1.625,1.95,7.325,6.8,-0.85,-0.275,-1.15,-0.25,0.15,0.075,0.55,-0.825,23,17,20,17,12,16,19,19,28,18,20,17,13,24,19,26,492,244,332,212,69,108,372,453,3.0,7.450581e-09,0.6166667,0.094,0.777,0.346,1
7.125,4.225,5.275,3.7,1.775,2.025,7.875,5.975,-1.4,-0.625,0.475,-0.225,-0.2,-0.3,-0.05,0.05,17,15,25,21,15,16,19,20,24,22,25,23,21,23,18,24,417,223,350,216,95,116,436,382,3.0,7.450581e-09,0.6166667,0.094,0.777,0.347,1
5.725,3.6,5.75,3.475,1.575,1.725,7.825,6.025,-0.175,-0.35,0.5,-0.475,-0.05,0.4,-0.75,0.55,16,15,22,19,13,16,16,19,22,21,27,21,22,23,25,23,331,197,360,199,91,101,457,393,3.0,7.450581e-09,0.6166667,0.094,0.776,0.347,1
5.55,3.25,6.25,3.0,1.525,2.125,7.075,6.575,0.675,-0.35,-0.375,0.025,0.075,0.025,-0.225,-0.6,16,13,20,17,9,16,17,15,21,19,25,22,21,23,26,23,317,180,397,193,74,106,413,403,3.0,7.450581e-09,0.6166667,0.094,0.776,0.347,1
1.175,2.2,1.45,1.325,1.125,0.9,0.85,1.025,0.0,0.0,0.2,0.0,0.05,0.1,0.125,-0.1,7,15,8,7,6,4,2,4,24,25,24,12,18,12,17,12,73,149,82,44,47,34,43,38,4.0,7.450581e-09,1.0,0.238,0.696,0.047,1
1.175,2.2,1.65,1.325,1.175,1.0,0.975,0.925,-0.15,-0.3,-0.2,-0.175,-0.2,-0.05,0.0,-0.025,6,14,11,5,5,8,3,2,21,23,22,13,17,17,13,11,77,135,94,46,46,41,37,34,4.0,7.450581e-09,1.0,0.238,0.696,0.047,1
1.025,1.9,1.45,1.15,0.975,0.95,0.975,0.9,0.0,-0.25,-0.15,-0.1,-0.05,-0.025,-0.05,0.025,5,16,10,3,3,7,4,3,19,27,19,16,23,22,15,14,59,120,84,45,53,47,40,38,4.0,7.450581e-09,1.0,0.238,0.696,0.047,1
1.025,1.65,1.3,1.05,0.925,0.925,0.925,0.925,0.0,-0.1,-0.075,0.0,0.025,0.1,0.05,-0.075,5,14,8,3,5,3,3,4,19,24,22,14,24,19,15,18,54,101,73,41,58,49,39,44,4.0,7.450581e-09,1.0,0.238,0.696,0.048,1
1.025,1.55,1.225,1.05,0.95,1.025,0.975,0.85,-0.1,-0.075,0.075,-0.025,0.15,-0.025,0.025,0.05,4,9,7,3,6,5,6,2,17,15,23,14,18,23,11,16,50,80,56,43,50,59,35,34,4.0,7.450581e-09,1.0,0.238,0.696,0.048,1
0.925,1.475,1.3,1.025,1.1,1.0,1.0,0.9,0.125,0.1,0.1,0.1,0.025,-0.225,-0.025,-0.025,1,5,4,4,2,4,8,4,14,16,18,19,16,27,15,16,42,73,57,48,43,55,43,34,4.0,7.450581e-09,1.0,0.238,0.697,0.048,1
1.05,1.575,1.4,1.125,1.125,0.775,0.975,0.875,0.1,-0.025,-0.05,-0.05,0.075,0.15,-0.05,0.0,6,7,4,6,4,1,6,6,14,23,19,21,20,18,16,20,45,85,70,52,49,37,47,42,4.0,7.450581e-09,1.0,0.238,0.697,0.049,1
1.15,1.55,1.35,1.075,1.2,0.925,0.925,0.875,-0.125,-0.05,-0.2,-0.05,0.1,0.2,-0.05,0.0,8,10,8,8,7,3,5,2,21,21,22,20,21,12,11,19,61,85,74,55,55,33,31,41,4.0,7.450581e-09,1.0,0.237,0.697,0.049,1
1.025,1.5,1.15,1.025,1.3,1.125,0.875,0.875,-0.1,0.0,-0.075,0.0,-0.1,0.05,0.275,-0.025,8,12,9,11,10,6,3,0,22,21,17,22,24,13,16,19,60,83,60,61,73,40,34,41,4.0,7.450581e-09,1.0,0.237,0.698,0.049,1
0.925,1.5,1.075,1.025,1.2,1.175,1.15,0.85,0.05,-0.075,0.075,0.375,0.475,0.2,0.375,0.0,5,9,9,6,6,9,5,2,13,16,17,22,22,12,17,17,38,65,57,55,63,48,51,41,4.0,7.450581e-09,1.0,0.237,0.698,0.048,1
0.975,1.425,1.15,1.4,1.675,1.375,1.525,0.85,0.075,-0.3,-0.05,0.275,0.225,0.325,-0.075,0.175,3,8,11,2,3,9,10,7,14,20,19,20,15,18,14,17,39,66,63,62,59,64,66,45,4.0,7.450581e-09,1.0,0.236,0.699,0.048,1
1.05,1.125,1.1,1.675,1.9,1.7,1.45,1.025,-0.1,0.275,-0.15,0.125,-0.175,0.025,-0.05,0.1,3,7,7,5,5,12,8,6,15,24,18,23,16,19,15,17,41,60,57,83,75,85,63,49,4.0,7.450581e-09,1.0,0.236,0.7,0.048,1
0.95,1.4,0.95,1.8,1.725,1.725,1.4,1.125,0.225,0.2,0.25,0.575,0.675,1.35,0.825,-0.05,1,7,1,9,8,9,8,4,14,23,19,23,15,18,15,16,41,80,50,94,70,99,70,51,4.0,7.450581e-09,1.0,0.235,0.702,0.049,1
1.175,1.6,1.2,2.375,2.4,3.075,2.225,1.075,0.125,-0.35,0.4,0.7,2.05,1.85,0.975,0.125,7,6,3,13,11,11,12,4,17,21,22,22,16,20,19,22,55,82,62,107,101,182,118,52,4.0,7.450581e-09,1.0,0.235,0.703,0.05,1
1.3,1.25,1.6,3.075,4.45,4.925,3.2,1.2,-0.05,0.275,1.05,0.625,0.725,-0.125,0.3,0.15,10,2,9,13,15,19,12,6,18,16,18,17,23,22,19,17,60,46,79,134,222,261,156,51,4.0,7.450581e-09,1.0,0.236,0.705,0.051,1
1.25,1.525,2.65,3.7,5.175,4.8,3.5,1.35,0.0,2.35,6.275,-0.225,-1.1,0.15,-0.7,0.0,12,9,14,17,22,17,12,7,25,18,16,18,23,22,21,18,69,77,131,192,297,253,184,68,4.0,7.450581e-09,1.0,0.237,0.707,0.048,1
1.25,3.875,8.925,3.475,4.075,4.95,2.8,1.35,0.125,2.075,6.4,0.125,0.35,-0.225,-0.425,-0.05,10,18,19,18,20,18,14,9,26,25,23,18,21,24,27,21,72,245,518,188,220,291,177,70,4.0,7.450581e-09,1.0,0.24,0.715,0.044,1
1.375,5.95,15.325,3.6,4.425,4.725,2.375,1.3,0.275,-1.125,-0.175,0.4,-0.125,-1.075,0.05,0.125,11,21,20,13,16,17,11,10,21,29,24,17,18,23,23,17,76,394,917,199,232,268,131,62,4.0,7.450581e-09,1.0,0.242,0.73,0.038,1
1.65,4.825,15.15,4.0,4.3,3.65,2.425,1.425,0.2,-0.125,0.75,-0.125,-0.85,-0.3,0.125,-0.125,20,22,19,14,16,18,14,5,24,24,28,20,21,21,23,14,97,304,948,267,256,216,137,61,4.0,7.450581e-09,1.0,0.245,0.752,0.033,1
1.85,4.7,15.9,3.875,3.45,3.35,2.55,1.3,0.1,0.55,-0.2,-0.2,0.125,-0.15,-0.175,-0.075,16,23,21,15,14,19,16,6,23,24,27,24,22,22,18,16,105,273,975,238,201,219,143,62,4.0,7.450581e-09,1.0,0.248,0.775,0.029,1
1.95,5.25,15.7,3.675,3.575,3.2,2.375,1.225,0.0,-0.05,-2.65,0.2,0.925,-0.125,-0.525,0.025,10,20,26,15,13,19,14,7,19,23,24,20,22,25,15,14,105,298,999,195,193,208,115,53,4.0,7.450581e-09,1.0,0.25,0.796,0.025,1
1.95,5.2,13.05,3.875,4.5,3.075,1.85,1.25,0.425,2.0,3.325,0.675,0.4,0.05,-0.025,0.15,12,21,22,19,18,20,13,5,23,20,23,22,24,28,19,18,122,297,789,235,285,193,98,61,4.0,7.450581e-09,1.0,0.251,0.815,0.025,1
2.375,7.2,16.375,4.55,4.9,3.125,1.825,1.4,0.0,3.425,3.05,-0.725,-0.825,-0.4,-0.225,0.025,12,24,20,18,18,18,8,4,19,24,22,24,23,28,22,21,125,429,947,259,292,189,106,78,4.0,7.450581e-09,1.0,0.25,0.833,0.027,1
2.375,10.625,19.425,3.825,4.075,2.725,1.6,1.425,-0.25,2.7,-5.55,-0.9,-1.15,-0.975,-0.375,-0.175,12,22,22,13,11,14,8,12,18,27,24,18,18,23,19,23,120,619,1250,184,199,149,90,81,4.0,7.450581e-09,1.0,0.247,0.854,0.03,1
2.125,13.325,13.875,2.925,2.925,1.75,1.225,1.25,0.025,-0.6,-4.6,-0.45,-0.55,-0.275,-0.125,-0.175,20,21,25,14,14,10,8,17,27,28,26,19,17,18,17,19,152,871,955,155,143,87,70,70,4.0,7.450581e-09,1.0,0.246,0.881,0.034,1
2.15,12.725,9.275,2.475,2.375,1.475,1.1,1.075,0.6,0.45,-0.825,0.425,-0.3,-0.025,0.05,0.525,19,22,23,13,16,7,11,11,23,28,26,19,18,13,20,14,134,784,574,126,121,58,67,56,4.0,7.450581e-09,1.0,0.242,0.917,0.048,1
2.75,13.175,8.45,2.9,2.075,1.45,1.15,1.6,3.2,1.425,-0.9,1.075,-0.25,-0.1,0.05,2.725,17,21,18,13,10,12,10,7,17,29,22,19,18,14,20,17,138,814,495,159,91,56,55,89,4.0,7.450581e-09,1.0,0.234,0.954,0.068,1
5.95,14.6,7.55,3.975,1.825,1.35,1.2,4.325,5.475,-1.125,2.275,-0.575,0.075,0.275,0.8,3.275,19,19,16,14,10,17,12,11,24,28,20,24,21,16,19,22,369,918,422,257,92,68,63,255,4.0,7.450581e-09,1.0,0.22,0.982,0.089,1
11.425,13.475,9.825,3.4,1.9,1.625,2.0,7.6,6.1,-4.125,1.8,0.5,0.0,0.075,1.6,5.95,17,18,16,11,13,15,15,19,28,27,23,24,19,18,20,21,695,769,567,210,99,86,113,450,4.0,7.450581e-09,1.0,0.199,1.005,0.115,1
17.525,9.35,11.625,3.9,1.9,1.7,3.6,13.55,8.25,-1.35,-0.5,1.7,0.1,0.375,0.875,3.875,18,17,17,13,16,13,19,25,27,25,19,25,20,22,22,27,1033,507,728,242,107,87,213,832,4.0,7.450581e-09,1.0,0.172,1.023,0.147,1
25.775,8.0,11.125,5.6,2.0,2.075,4.475,17.425,-3.35,1.45,-2.525,0.625,0.475,0.8,1.625,-1.475,21,22,20,18,15,14,20,28,25,23,22,25,19,21,25,30,1513,507,743,343,106,102,289,1161,4.0,7.450581e-09,1.0,0.145,1.037,0.181,1
22.425,9.45,8.6,6.225,2.475,2.875,6.1,15.95,-4.5,1.075,-2.775,-0.125,0.425,0.525,0.5,7.525,22,23,21,19,19,16,18,27,30,24,23,20,24,26,23,28,1404,603,538,327,148,167,354,1049,4.0,7.450581e-09,1.0,0.119,1.049,0.215,1
17.925,10.525,5.825,6.1,2.9,3.4,6.6,23.475,5.575,0.675,0.125,-0.875,-0.15,-0.2,0.025,4.25,19,19,21,20,20,16,15,22,24,21,24,23,27,27,22,22,966,590,352,345,183,210,350,1446,4.0,7.450581e-09,1.0,0.098,1.058,0.243,1
23.5,11.2,5.95,5.225,2.75,3.2,6.625,27.725,-2.4,-0.5,-0.425,-1.125,-0.15,-0.275,2.475,-5.2,24,21,23,19,20,15,16,21,25,24,30,26,24,23,27,24,1359,687,388,336,174,190,427,1710,4.0,7.450581e-09,1.0,0.082,1.065,0.269,1
21.1,10.7,5.525,4.1,2.6,2.925,9.1,22.525,-4.35,-0.275,-0.8,-0.15,-0.375,-0.05,0.9,-2.7,24,21,19,16,21,17,20,20,31,25,27,26,24,22,26,29,1417,641,340,246,157,165,624,1381,4.0,7.450581e-09,1.0,0.073,1.069,0.289,1
16.75,10.425,4.725,3.95,2.225,2.875,10.0,19.825,-0.1,1.225,1.275,0.9,-0.55,-0.125,-1.9,-1.225,18,17,18,16,13,16,19,24,26,21,21,22,18,23,25,31,1038,600,264,216,120,161,610,1319,4.0,7.450581e-09,1.0,0.068,1.069,0.299,1
16.65,11.65,6.0,4.85,1.675,2.75,8.1,18.6,-0.1,0.525,-0.575,0.175,-0.15,-0.25,-0.05,1.8,20,16,22,15,10,18,19,21,23,20,26,22,17,27,25,26,948,609,384,269,78,157,451,1114,4.0,7.450581e-09,1.0,0.065,1.068,0.305,1
16.55,12.175,5.425,5.025,1.525,2.5,8.05,20.4,1.25,-2.625,1.35,0.375,0.225,0.575,3.45,0.65,26,22,20,16,14,19,20,23,26,23,26,26,22,26,25,27,1089,718,328,308,86,145,481,1244,4.0,7.450581e-09,1.0,0.064,1.067,0.308,1
17.8,9.55,6.775,5.4,1.75,3.075,11.5,21.05,3.625,0.875,1.45,-0.35,0.15,0.425,0.575,-2.55,26,20,22,20,11,17,20,29,25,25,26,26,22,22,24,28,1159,557,443,359,103,168,674,1428,4.0,7.450581e-09,1.0,0.063,1.067,0.309,1
21.425,10.425,8.225,5.05,1.9,3.5,12.075,18.5,-0.975,0.9,-2.05,-1.0,-0.225,-0.7,-1.625,-1.225,27,20,23,20,16,19,18,25,26,28,24,23,24,21,25,29,1458,575,523,309,122,197,723,1295,4.0,7.450581e-09,1.0,0.063,1.066,0.31,1
20.45,11.325,6.175,4.05,1.675,2.8,10.45,17.275,-5.45,1.25,1.075,1.025,-0.1,0.075,-0.55,-2.65,27,23,18,18,15,18,16,19,30,30,21,22,27,22,24,26,1384,671,340,239,109,174,606,1135,4.0,7.450581e-09,1.0,0.063,1.066,0.31,1
15.0,12.575,7.25,5.075,1.575,2.875,9.9,14.625,0.9,-1.35,0.15,-0.15,0.35,0.0,-0.725,1.375,23,20,20,21,9,19,20,17,31,26,22,22,25,21,29,26,1058,786,467,308,85,166,644,875,4.0,7.450581e-09,1.0,0.063,1.064,0.31,1
15.9,11.225,7.4,4.925,1.925,2.875,9.175,16.0,1.575,-2.875,-1.625,-1.075,0.2,-0.3,-0.025,1.6,23,14,22,19,14,17,21,18,26,22,29,19,21,20,27,27,1023,653,459,273,111,151,568,891,4.0,7.450581e-09,1.0,0.064,1.062,0.31,1
17.475,8.35,5.775,3.85,2.125,2.575,9.15,17.6,-2.125,0.975,1.175,0.925,-0.1,0.25,0.5,-4.55,27,20,22,18,20,18,23,20,29,25,28,21,22,22,26,23,1125,517,321,221,130,142,574,945,4.0,7.450581e-09,1.0,0.066,1.061,0.31,1
15.35,9.325,6.95,4.775,2.025,2.825,9.65,13.05,2.05,0.975,0.775,-0.2,-0.275,-0.3,0.275,2.1,28,27,21,20,21,25,26,19,31,28,19,22,27,25,27,23,969,636,417,282,129,175,662,765,4.0,7.450581e-09,1.0,0.067,1.06,0.309,1
17.4,10.3,7.725,4.575,1.75,2.525,9.925,15.15,0.75,1.575,-1.1,-0.5,-0.125,-0.025,0.775,0.625,22,26,20,22,12,19,26,22,23,27,21,26,22,24,28,25,1077,708,446,281,98,162,685,1010,4.0,7.450581e-09,1.0,0.068,1.06,0.309,1
18.15,11.875,6.625,4.075,1.625,2.5,10.7,15.775,-3.625,0.025,-0.075,0.825,-0.075,0.375,2.2,-2.975,21,23,16,19,4,16,24,27,22,27,23,27,17,24,28,27,1106,786,368,254,81,154,739,1016,4.0,7.450581e-09,1.0,0.069,1.061,0.309,1
14.525,11.9,6.55,4.9,1.55,2.875,12.9,12.8,-0.725,-1.975,1.175,0.5,0.3,0.5,4.45,4.25,26,18,19,22,6,22,23,26,26,25,24,24,14,23,28,27,935,721,393,290,70,175,858,841,4.0,7.450581e-09,1.0,0.069,1.061,0.308,1
13.8,9.925,7.725,5.4,1.85,3.375,17.35,17.05,1.525,0.225,-0.775,-0.5,0.275,0.475,-1.0,3.075,26,16,22,22,13,20,22,20,26,23,24,24,18,24,26,24,865,555,476,323,99,193,1157,1145,4.0,7.450581e-09,1.0,0.068,1.06,0.307,1
15.325,10.15,6.95,4.9,2.125,3.85,16.35,20.125,1.2,2.875,0.325,0.475,0.075,-0.75,-4.525,-1.975,21,19,18,18,17,18,20,19,25,26,22,21,23,24,24,21,990,597,408,278,121,218,1100,1247,4.0,7.450581e-09,1.0,0.067,1.059,0.306,1
16.525,13.025,7.275,5.375,2.2,3.1,11.825,18.15,3.05,-1.075,1.7,0.3,-0.125,-0.425,-0.8,1.4,15,21,18,19,17,20,18,21,23,25,21,22,22,28,27,23,939,836,388,298,134,190,754,1115,4.0,7.450581e-09,1.0,0.066,1.06,0.306,1
19.575,11.95,8.975,5.675,2.075,2.675,11.025,19.55,0.075,-1.3,-1.025,-0.9,-0.35,0.15,0.825,-0.45,16,21,22,21,19,19,15,22,23,28,25,26,26,28,21,30,1135,803,566,344,140,154,679,1170,4.0,7.450581e-09,1.0,0.067,1.06,0.306,1
19.65,10.65,7.95,4.775,1.725,2.825,11.85,19.1,-2.925,-0.075,-0.8,0.175,0.0,0.175,1.425,-4.525,22,19,16,15,16,13,16,23,23,24,20,20,22,26,22,28,1134,559,455,253,108,164,694,1139,4.0,7.450581e-09,1.0,0.068,1.059,0.307,1
16.725,10.575,7.15,4.95,1.725,3.0,13.275,14.575,-2.1,-3.775,-1.0,-0.7,-0.1,-0.25,-1.175,-3.975,26,22,11,13,11,12,20,26,27,25,16,17,19,22,26,29,1018,616,349,245,91,176,835,1031,4.0,7.450581e-09,1.0,0.069,1.057,0.308,1
14.625,6.8,6.15,4.25,1.625,2.75,12.1,10.6,-1.2,0.85,1.375,0.55,0.1,-0.275,0.025,-1.85,26,17,17,18,9,15,20,21,25,24,23,22,23,26,24,29,860,414,334,237,80,174,763,715,4.0,7.450581e-09,1.0,0.07,1.056,0.308,1
13.425,7.65,7.525,4.8,1.725,2.475,12.125,8.75,-0.85,2.975,1.95,0.95,0.025,0.1,2.575,1.25,25,16,20,20,14,15,20,17,26,24,27,23,24,25,24,27,819,467,436,295,96,150,767,540,4.0,7.450581e-09,1.0,0.07,1.055,0.308,1
12.575,10.625,9.475,5.75,1.75,2.575,14.7,10.0,0.25,2.5,-0.225,-0.6,-0.1,-0.225,0.125,4.275,22,24,23,24,16,12,21,22,24,29,28,25,20,16,25,26,764,697,601,393,98,136,942,640,4.0,7.450581e-09,1.0,0.07,1.055,0.308,1
12.825,13.125,9.25,5.15,1.65,2.35,14.825,14.275,3.625,-0.425,0.525,0.6,-0.15,0.05,-0.675,6.525,20,23,22,24,14,11,22,24,26,25,25,28,25,19,25,26,788,811,608,351,92,134,960,924,4.0,7.450581e-09,1.0,0.07,1.055,0.309,1
16.45,12.7,9.775,5.75,1.5,2.4,14.15,20.8,1.425,-3.225,-1.3,-0.025,0.175,0.175,-0.15,3.4,21,20,22,22,11,22,20,23,30,25,24,24,23,27,23,24,1068,787,608,360,80,166,864,1318,4.0,7.450581e-09,1.0,0.07,1.056,0.308,1
17.875,9.475,8.475,5.725,1.675,2.575,14.0,24.2,-3.625,-0.45,-1.025,-0.55,0.125,-0.175,0.25,-4.2,20,20,24,24,9,23,19,26,30,26,25,23,19,27,22,26,1095,614,499,348,92,173,816,1696,4.0,7.450581e-09,1.0,0.07,1.056,0.308,1
14.25,9.025,7.45,5.175,1.8,2.4,14.25,20.0,-0.675,0.35,0.525,-0.3,0.025,-0.15,-0.25,-4.6,21,19,17,18,9,15,21,23,29,23,24,22,19,21,25,26,885,556,409,286,99,137,889,1313,4.0,7.450581e-09,1.0,0.069,1.055,0.308,1
13.575,9.375,7.975,4.875,1.825,2.25,14.0,15.4,0.775,0.9,-0.575,-0.525,-0.175,0.0,-2.65,0.425,21,20,20,18,13,16,23,19,26,21,30,22,21,23,26,27,869,516,528,292,99,137,933,872,4.0,7.450581e-09,1.0,0.069,1.055,0.309,1
14.35,10.275,7.4,4.35,1.65,2.25,11.35,15.825,0.225,1.85,0.075,0.725,-0.125,0.075,-0.975,-0.825,17,22,20,16,12,19,21,23,20,27,28,21,24,29,25,28,754,645,492,276,89,151,733,981,4.0,7.450581e-09,1.0,0.068,1.054,0.309,1
14.575,12.125,7.475,5.075,1.525,2.325,10.375,15.0,4.3,0.0,-0.375,0.05,0.475,0.95,-0.35,-1.6,16,24,19,20,13,20,23,25,23,29,21,24,23,29,23,26,765,828,490,318,87,155,683,933,4.0,7.450581e-09,1.0,0.068,1.054,0.31,1
18.875,12.125,7.1,5.125,2.0,3.275,10.025,13.4,-0.075,-0.775,-0.9,-1.325,-0.25,-0.375,1.05,-2.725,21,20,17,20,16,20,19,22,30,23,23,21,20,23,24,27,1159,741,441,281,107,190,561,880,4.0,7.450581e-09,1.0,0.068,1.054,0.31,1
18.8,11.35,6.2,3.8,1.75,2.9,11.075,10.675,-2.95,-0.875,1.225,0.95,-0.275,-0.65,0.55,0.375,21,18,21,16,11,19,19,24,28,21,26,21,18,21,26,30,1196,647,362,215,93,168,683,763,4.0,7.450581e-09,1.0,0.069,1.054,0.311,1
15.85,10.475,7.425,4.75,1.475,2.25,11.625,11.05,0.675,-0.725,0.925,0.95,0.25,0.525,-1.575,1.0,21,19,21,18,13,17,22,27,24,20,28,25,22,20,28,30,980,656,441,288,95,128,826,696,4.0,7.450581e-09,1.0,0.069,1.054,0.311,1
16.525,9.75,8.35,5.7,1.725,2.775,10.05,12.05,2.25,1.175,1.15,-0.325,0.15,-0.125,2.45,0.45,22,17,20,18,15,16,27,25,23,24,27,20,24,23,29,26,899,629,485,314,110,167,719,780,4.0,7.450581e-09,1.0,0.07,1.054,0.31,1
18.775,10.925,9.5,5.375,1.875,2.65,12.5,12.5,1.125,-0.075,0.1,-0.075,-0.1,0.15,1.75,4.45,23,19,24,18,17,15,27,23,26,26,26,21,19,23,26,29,1036,685,565,304,107,163,702,833,4.0,7.450581e-09,1.0,0.071,1.053,0.31,1
19.9,10.85,9.6,5.3,1.775,2.8,14.25,16.95,0.225,-0.3,-0.9,0.4,0.0,0.3,-1.725,3.075,24,23,22,18,17,20,21,25,28,26,22,26,19,21,25,31,1185,694,555,303,92,151,852,1151,4.0,7.450581e-09,1.0,0.071,1.052,0.31,1
20.125,10.55,8.7,5.7,1.775,3.1,12.525,20.025,1.975,-0.7,-0.65,0.275,0.025,-0.175,0.425,-2.15,23,23,21,20,10,20,19,24,27,24,24,26,22,23,26,26,1268,648,488,342,90,183,811,1353,4.0,7.450581e-09,1.0,0.071,1.052,0.31,1
22.1,9.85,8.05,5.975,1.8,2.925,12.95,17.875,0.775,1.15,-0.175,-1.0,0.125,-0.175,1.8,-3.0,22,21,18,19,8,20,20,22,26,25,21,23,23,25,23,25,1435,563,429,331,92,173,771,1177,4.0,7.450581e-09,1.0,0.07,1.051,0.311,1
22.875,11.0,7.875,4.975,1.925,2.75,14.75,14.875,-4.375,0.025,-0.25,-0.95,-0.075,0.1,1.425,1.3,21,23,21,16,19,22,23,20,29,29,21,23,24,26,26,25,1573,713,452,296,114,171,885,935,4.0,7.450581e-09,1.0,0.07,1.049,0.311,1
18.5,11.025,7.625,4.025,1.85,2.85,16.175,16.175,-4.2,-2.5,-1.75,-0.325,-0.225,0.375,-1.375,-2.625,24,25,21,16,20,17,23,19,29,29,25,23,22,26,28,25,1274,768,440,254,113,192,1019,1018,4.0,7.450581e-09,1.0,0.07,1.048,0.311,1
14.3,8.525,5.875,3.7,1.625,3.225,14.8,13.55,-4.725,-2.775,-1.675,-0.9,0.05,-0.65,-6.725,-6.175,23,19,16,19,14,18,23,24,26,20,23,23,22,27,28,26,995,502,312,229,109,217,931,902,4.0,7.450581e-09,1.0,0.07,1.048,0.311,1
9.575,5.75,4.2,2.8,1.675,2.575,8.075,7.375,-6.5,-3.1,-2.05,-1.3,-0.3,-1.35,-5.55,-4.325,18,19,15,16,8,14,18,17,21,21,20,21,20,23,21,21,655,319,251,169,94,156,504,454,4.0,7.450581e-09,1.0,0.121,0.943,0.229,1
3.075,2.65,2.15,1.5,1.375,1.225,2.525,3.05,-1.9,-0.9,-0.925,-0.35,-0.325,-0.375,-1.475,-2.1,13,23,11,7,9,4,9,3,19,30,22,16,20,14,12,21,186,166,142,72,63,51,134,185,4.0,7.450581e-09,1.0,0.206,0.77,0.091,1
1.175,1.75,1.225,1.15,1.05,0.85,1.05,0.95,0.0,-0.075,0.025,-0.275,0.05,0.125,-0.075,0.075,8,18,9,2,6,2,5,0,16,24,23,13,15,14,14,21,59,101,77,49,43,37,38,45,4.0,7.450581e-09,1.0,0.24,0.7,0.036,1
1.175,1.675,1.25,0.875,1.1,0.975,0.975,1.025,-0.225,-0.375,-0.1,0.45,0.65,1.075,0.4,-0.1,6,9,6,5,4,6,6,4,19,18,21,11,14,22,21,15,66,84,64,39,36,51,49,38,4.0,7.450581e-09,1.0,0.24,0.7,0.036,1
0.95,1.3,1.15,1.325,1.75,2.05,1.375,0.925,-0.05,0.075,1.325,3.925,4.95,3.125,2.775,0.075,6,6,2,6,8,11,5,5,17,17,12,11,14,18,17,12,55,62,49,59,75,105,73,39,4.0,7.450581e-09,1.0,0.24,0.7,0.036,1
0.9,1.375,2.475,5.25,6.7,5.175,4.15,1.0,0.025,0.725,3.525,2.25,3.125,0.525,0.85,0.4,3,10,8,11,12,14,10,6,15,19,16,20,15,15,18,14,48,75,119,261,330,250,255,52,4.0,7.450581e-09,1.0,0.241,0.702,0.038,1
0.925,2.1,6.0,7.5,9.825,5.7,5.0,1.4,0.975,2.875,8.35,-1.25,-2.6,-1.575,-1.625,0.25,2,15,17,18,16,15,16,11,15,23,28,25,23,17,17,23,49,134,399,404,565,274,281,74,4.0,7.450581e-09,1.0,0.242,0.714,0.044,1
1.9,4.975,14.35,6.25,7.225,4.125,3.375,1.65,0.9,4.725,12.75,-0.575,-2.6,-0.8,-0.45,0.425,8,15,27,14,15,16,14,13,17,23,33,20,21,23,19,24,109,295,1011,330,377,196,162,87,4.0,7.450581e-09,1.0,0.243,0.739,0.051,1
2.8,9.7,27.1,5.675,4.625,3.325,2.925,2.075,0.525,4.675,12.625,-0.5,-1.55,-1.175,-0.575,0.85,16,18,27,15,19,18,14,10,23,24,26,23,20,25,26,20,178,605,1737,303,215,173,165,112,4.0,7.450581e-09,1.0,0.245,0.77,0.059,1
3.325,14.375,39.725,5.175,3.075,2.15,2.35,2.925,-0.35,-0.725,-5.2,-0.225,-0.65,-0.6,-0.675,-0.5,18,24,24,18,17,19,15,9,24,27,25,22,25,23,25,16,194,844,2605,294,163,117,148,162,4.0,7.450581e-09,1.0,0.246,0.806,0.071,1
2.975,13.65,34.525,4.95,2.425,1.55,1.675,2.425,1.85,-5.25,-15.5,0.2,0.075,0.1,0.35,1.25,19,26,25,19,10,12,10,9,22,26,28,24,19,21,25,17,169,835,2374,311,108,77,95,138,4.0,7.450581e-09,1.0,0.243,0.847,0.096,1
4.825,8.4,19.025,5.15,2.5,1.65,2.025,3.675,19.9,1.675,-4.575,1.45,0.6,2.075,5.6,11.4,17,22,25,21,12,10,10,5,20,25,27,25,16,22,24,16,242,454,1117,305,110,93,111,136,4.0,7.450581e-09,1.0,0.233,0.89,0.141,1
24.725,10.075,14.45,6.6,3.1,3.725,7.625,15.075,23.6,4.5,-1.3,2.575,0.375,1.5,7.0,8.05,17,19,26,24,17,17,15,11,21,27,26,24,22,25,25,16,1393,580,886,380,156,213,462,684,4.0,7.450581e-09,1.0,0.212,0.93,0.195,1
48.325,14.575,13.15,9.175,3.475,5.225,14.625,23.125,-10.1,-3.775,-3.675,-0.8,-0.725,-1.275,0.5,-5.625,19,16,20,20,17,18,20,18,25,24,20,24,20,21,23,20,2972,792,719,534,177,288,834,1200,4.0,7.450581e-09,1.0,0.183,0.963,0.242,1
38.225,10.8,9.475,8.375,2.75,3.95,15.125,17.5,-19.65,-3.825,-3.35,-3.075,-1.05,-1.275,-4.9,-4.925,16,18,17,16,17,15,24,21,23,19,20,22,22,23,29,23,2261,582,490,459,155,237,880,1076,4.0,7.450581e-09,1.0,0.158,0.983,0.27,1
18.575,6.975,6.125,5.3,1.7,2.675,10.225,12.575,0.225,0.05,-0.625,-0.95,0.025,-0.05,0.35,-0.725,15,19,14,18,17,21,20,20,21,20,20,21,25,27,27,27,950,426,354,323,99,174,627,860,4.0,7.450581e-09,1.0,0.144,0.993,0.283,1
18.8,7.025,5.5,4.35,1.725,2.625,10.575,11.85,-1.5,-1.45,0.4,0.15,-0.125,-0.175,2.975,-1.775,20,19,16,22,16,21,19,17,25,16,19,22,25,26,24,26,1089,388,314,278,104,159,669,752,4.0,7.450581e-09,1.0,0.134,0.999,0.289,1
17.3,5.575,5.9,4.5,1.6,2.45,13.55,10.075,-0.05,-0.45,0.725,0.3,-0.125,-0.25,-1.4,1.95,22,23,15,18,13,16,23,16,28,23,22,18,24,22,25,25,1068,335,325,225,91,144,852,593,4.0,7.450581e-09,1.0,0.126,1.001,0.294,1
17.25,5.125,6.625,4.8,1.475,2.2,12.15,12.025,-0.25,1.725,0.275,0.1,0.25,0.25,-0.8,1.95,21,26,15,15,9,17,25,20,27,30,25,20,18,20,22,28,1068,349,361,252,74,132,710,784,4.0,7.450581e-09,1.0,0.122,1.002,0.298,1
17.0,6.85,6.9,4.9,1.725,2.45,11.35,13.975,-4.35,0.175,1.85,0.825,-0.175,0.125,-1.75,-1.95,24,25,20,16,8,15,28,23,27,25,25,22,19,18,28,27,1084,440,388,289,95,126,711,900,4.0,7.450581e-09,1.0,0.12,1.001,0.301,1
12.65,7.025,8.75,5.725,1.55,2.575,9.6,12.025,0.65,-0.975,-0.15,-0.775,-0.15,-0.05,-0.95,0.35,26,17,22,17,9,17,24,27,28,18,23,26,16,23,26,29,837,420,537,370,83,144,582,803,4.0,7.450581e-09,1.0,0.118,1.001,0.303,1
13.3,6.05,8.6,4.95,1.4,2.525,8.65,12.375,-0.375,0.2,-2.1,-1.025,0.375,-0.125,0.225,0.25,23,14,20,17,11,18,19,30,29,16,22,26,22,27,25,31,847,320,515,334,78,155,537,882,4.0,7.450581e-09,1.0,0.117,1.001,0.304,1
12.925,6.25,6.5,3.925,1.775,2.4,8.875,12.625,1.55,1.2,0.625,0.7,0.025,-0.15,0.75,3.025,15,20,18,19,10,19,25,27,25,25,22,22,27,23,29,25,753,369,406,252,99,140,591,817,4.0,7.450581e-09,1.0,0.116,1.0,0.304,1
14.475,7.45,7.125,4.625,1.8,2.25,9.625,15.65,1.45,-1.2,-0.3,0.175,-0.075,-0.275,0.175,-0.475,18,21,18,19,11,16,28,25,26,24,25,19,20,24,29,24,926,458,429,251,87,146,675,1038,4.0,7.450581e-09,1.0,0.116,1.0,0.304,1
15.925,6.25,6.825,4.8,1.725,1.975,9.8,15.175,-2.95,-0.625,0.225,0.15,0.1,-0.05,0.875,-5.475,22,20,19,18,12,12,21,21,31,24,25,20,15,23,27,27,995,384,389,271,84,129,661,1021,4.0,7.450581e-09,1.0,0.116,1.0,0.305,1
12.975,5.625,7.05,4.95,1.825,1.925,10.675,9.7,-1.3,0.675,-0.15,-0.05,0.025,0.175,-0.15,1.375,20,22,23,22,13,14,20,21,31,26,27,23,21,20,26,27,801,383,441,311,106,106,704,644,4.0,7.450581e-09,1.0,0.117,0.999,0.305,1
11.675,6.3,6.9,4.9,1.85,2.1,10.525,11.075,0.5,-0.45,-1.475,-0.95,-0.25,-0.1,0.1,0.5,22,18,18,21,13,13,20,20,28,22,23,21,25,22,24,24,753,367,390,266,105,124,670,734,4.0,7.450581e-09,1.0,0.117,0.998,0.305,1
12.175,5.85,5.425,3.95,1.6,2.0,10.625,11.575,-2.375,-0.475,1.15,0.075,-0.15,-0.175,0.225,-2.375,21,15,17,20,14,13,19,20,24,21,25,22,19,23,20,20,695,350,309,238,83,124,604,664,4.0,7.450581e-09,1.0,0.116,0.998,0.305,1
9.8,5.375,6.575,4.025,1.45,1.825,10.85,9.2,0.375,-0.075,0.9,0.45,0.075,0.025,-2.55,-0.775,16,17,25,18,17,11,16,25,21,23,28,24,22,19,16,25,542,376,434,242,78,106,599,601,4.0,7.450581e-09,1.0,0.115,0.998,0.305,1
10.175,5.3,7.475,4.475,1.525,1.85,8.3,8.425,3.375,1.0,-0.05,0.625,0.0,-0.15,1.775,-0.8,19,19,26,18,14,9,23,25,23,24,26,25,25,18,24,31,611,348,519,275,85,100,525,583,4.0,7.450581e-09,1.0,0.114,0.998,0.305,1
13.55,6.3,7.425,5.1,1.525,1.7,10.075,7.625,0.475,-0.025,0.55,0.85,0.075,-0.05,0.725,-1.275,24,18,27,23,12,9,29,20,29,30,26,25,19,16,30,30,955,377,509,340,66,97,687,471,4.0,7.450581e-09,1.0,0.113,0.998,0.305,1
14.025,6.275,7.975,5.95,1.6,1.65,10.8,6.35,-1.45,1.075,-1.125,-1.075,0.05,0.425,-0.775,0.15,24,20,24,21,8,8,26,14,28,30,24,21,18,22,30,26,978,366,506,348,61,103,750,351,4.0,7.450581e-09,1.0,0.113,0.999,0.305,1
12.575,7.35,6.85,4.875,1.65,2.075,10.025,6.5,-1.65,-0.4,-0.15,-0.1,-0.1,-0.075,-1.075,0.575,21,23,20,20,11,9,23,18,23,27,25,22,17,22,27,23,699,447,423,301,74,118,680,401,4.0,7.450581e-09,1.0,0.113,1.0,0.305,1
10.925,6.95,6.7,4.775,1.55,2.0,8.95,7.075,-2.1,-1.8,2.4,0.975,0.025,-0.25,-0.95,-0.2,17,21,21,22,11,9,22,21,19,25,29,24,19,18,31,21,555,413,427,301,89,113,585,431,4.0,7.450581e-09,1.0,0.113,1.001,0.304,1
8.825,5.15,9.1,5.75,1.575,1.75,8.0,6.875,-0.6,0.45,-0.6,-0.35,0.2,0.35,1.4,-0.375,14,17,21,20,7,13,21,21,19,24,28,23,23,21,28,28,498,329,605,359,82,106,490,428,4.0,7.450581e-09,1.0,0.112,1.002,0.305,1
8.225,5.6,8.5,5.4,1.775,2.1,9.4,6.5,0.475,1.55,-3.325,-1.85,-0.35,0.2,0.0,-0.025,18,16,16,16,11,20,19,18,20,24,21,21,22,24,25,27,527,338,474,276,87,129,541,405,4.0,7.450581e-09,1.0,0.112,1.002,0.305,1
8.7,7.15,5.175,3.55,1.425,2.3,9.4,6.475,-0.45,-0.425,-0.35,-0.625,-0.175,-0.475,-1.05,1.075,22,22,14,16,9,20,22,18,22,24,16,20,16,21,27,23,530,448,241,163,78,140,552,438,4.0,7.450581e-09,1.0,0.111,1.002,0.306,1
8.25,6.725,4.825,2.925,1.25,1.825,8.35,7.55,2.925,-1.725,2.175,1.925,0.375,-0.1,0.425,-0.95,22,20,17,18,6,12,23,23,24,27,22,21,18,22,25,25,489,441,273,173,69,117,504,503,4.0,7.450581e-09,1.0,0.112,1.002,0.307,1
11.175,5.0,7.0,4.85,1.625,1.725,8.775,6.6,0.575,0.6,-0.05,0.0,-0.15,-0.275,-0.2,-0.375,21,15,16,18,8,10,22,25,19,24,23,24,16,22,24,28,659,294,452,302,76,110,538,435,4.0,7.450581e-09,1.0,0.112,1.001,0.307,1
11.75,5.6,6.95,4.85,1.475,1.45,8.575,6.225,-0.675,1.85,-1.225,-0.9,-0.175,-0.075,-1.475,-0.25,19,19,14,19,10,8,27,26,20,22,16,26,22,23,26,31,637,337,432,297,85,100,559,420,4.0,7.450581e-09,1.0,0.112,1.0,0.308,1
11.075,7.45,5.725,3.95,1.3,1.375,7.1,5.975,2.875,0.6,0.35,0.425,0.075,0.6,1.475,-0.75,19,23,17,22,10,9,25,22,28,25,21,26,25,21,26,26,690,485,344,244,83,82,457,395,4.0,7.450581e-09,1.0,0.112,1.0,0.308,1
13.95,8.05,6.075,4.375,1.375,1.975,8.575,5.225,-1.125,-1.125,-0.35,-0.375,0.325,0.225,1.025,2.425,20,18,23,23,8,16,21,19,27,25,31,22,21,20,26,21,873,493,420,277,69,106,582,323,4.0,7.450581e-09,1.0,0.112,1.0,0.309,1
12.825,6.925,5.725,4.0,1.7,2.2,9.6,7.65,-1.7,-0.85,0.675,0.125,0.125,-0.075,-0.375,0.875,18,17,22,18,12,12,19,19,22,23,30,22,24,18,25,19,738,432,379,232,95,123,623,435,4.0,7.450581e-09,1.0,0.113,0.999,0.309,1
11.125,6.075,6.4,4.125,1.825,2.125,9.225,8.525,-0.575,-0.15,0.45,0.0,-0.15,0.1,1.0,-1.225,18,17,21,19,14,8,21,19,22,25,28,23,22,19,25,22,647,367,460,262,102,121,605,494,4.0,7.450581e-09,1.0,0.113,0.999,0.308,1
10.55,5.925,6.85,4.125,1.675,2.225,10.225,7.3,-1.225,-0.75,-0.9,-0.7,-0.1,-0.075,-0.4,0.0,22,17,21,20,15,12,24,20,25,27,23,20,21,22,25,23,667,380,441,253,104,129,647,436,4.0,7.450581e-09,1.0,0.113,0.998,0.308,1
9.325,5.175,5.95,3.425,1.575,2.15,9.825,7.3,-0.1,0.425,0.375,0.525,-0.375,-0.45,-2.275,-0.725,21,19,24,17,14,14,19,18,25,27,23,24,26,22,22,19,610,344,345,201,99,134,562,426,4.0,7.450581e-09,1.0,0.113,0.997,0.308,1
9.225,5.6,6.325,3.95,1.2,1.7,7.55,6.575,0.35,0.55,-1.15,0.1,0.2,0.025,-0.175,-1.125,20,16,19,12,8,12,17,19,27,19,22,23,23,23,22,26,582,290,325,196,67,111,422,427,4.0,7.450581e-09,1.0,0.113,0.997,0.308,1
9.575,6.15,5.175,4.05,1.4,1.725,7.375,5.45,1.275,-0.8,0.225,-0.35,0.2,0.125,1.45,-0.125,18,13,14,18,6,12,16,17,23,16,20,25,23,20,25,27,548,300,265,216,66,90,437,354,4.0,7.450581e-09,1.0,0.113,0.996,0.308,1
10.85,5.35,5.4,3.7,1.6,1.85,8.825,5.325,-0.325,0.05,2.325,0.525,-0.325,0.075,-1.0,0.325,16,15,24,24,10,12,22,14,20,24,27,26,20,15,25,22,609,325,381,243,70,85,568,312,4.0,7.450581e-09,1.0,0.112,0.996,0.308,1
10.525,5.4,7.725,4.225,1.275,1.925,7.825,5.65,-0.575,1.325,-0.575,0.05,0.025,0.025,-0.45,-0.225,21,19,26,17,12,15,23,21,26,28,28,23,16,19,23,24,647,366,522,263,66,102,491,325,4.0,7.450581e-09,1.0,0.112,0.995,0.308,1
9.95,6.725,7.15,4.275,1.3,1.95,7.375,5.425,2.0,0.15,-1.225,-0.2,0.525,0.325,1.55,1.125,22,20,19,13,7,17,24,22,31,26,24,22,19,18,24,26,647,416,458,248,65,101,458,336,4.0,7.450581e-09,1.0,0.112,0.995,0.309,1
11.95,6.875,5.925,4.075,1.825,2.275,8.925,6.55,-0.575,-0.575,-0.175,0.225,-0.075,0.05,-0.3,0.55,16,19,17,14,14,19,22,19,27,25,23,19,21,21,27,24,727,407,381,220,91,123,553,408,4.0,7.450581e-09,1.0,0.112,0.995,0.309,1
11.375,6.3,5.75,4.3,1.75,2.325,8.625,7.1,-1.075,-0.3,0.725,0.375,-0.425,-0.6,-1.475,-1.725,15,21,13,18,18,18,19,20,26,25,21,19,20,24,28,25,734,355,345,230,104,130,534,470,4.0,7.450581e-09,1.0,0.112,0.995,0.309,1
10.3,6.0,6.475,4.675,1.325,1.725,7.15,5.375,-0.6,-1.6,-0.25,-0.675,-0.075,-0.1,0.975,1.575,17,23,16,23,11,14,20,16,25,25,28,26,20,14,29,28,669,332,427,298,75,80,414,356,4.0,7.450581e-09,1.0,0.112,0.996,0.309,1
9.7,4.4,6.225,4.0,1.25,1.625,8.125,6.95,0.3,0.575,-0.375,-0.325,0.125,0.075,1.55,0.275,20,21,16,20,8,15,20,18,24,21,29,28,18,20,28,27,615,256,422,266,63,90,525,475,4.0,7.450581e-09,1.0,0.111,0.997,0.31,1
10.0,4.975,5.85,3.675,1.375,1.7,9.675,7.225,0.475,1.25,1.475,1.125,0.425,0.125,-0.525,-2.0,21,16,16,22,11,17,24,20,26,19,26,32,21,28,29,21,604,281,389,232,69,109,648,480,4.0,7.450581e-09,1.0,0.111,0.997,0.312,1
10.475,6.225,7.325,4.8,1.8,1.825,9.15,5.225,-0.85,0.75,-0.125,0.1,0.25,0.325,-1.625,1.35,24,19,18,25,19,18,26,19,28,23,22,27,28,26,29,22,645,375,461,297,112,113,643,343,4.0,7.450581e-09,1.0,0.11,0.996,0.312,1
9.625,6.975,7.2,4.9,2.05,2.15,7.525,6.575,-0.1,1.25,-0.875,-0.625,-0.275,-0.05,-1.35,-0.3,23,19,18,20,20,18,25,22,28,26,16,19,28,22,26,26,567,390,389,286,126,126,514,453,4.0,7.450581e-09,1.0,0.11,0.995,0.313,1
9.525,8.225,6.325,4.275,1.775,2.1,6.175,6.275,-0.75,-0.05,1.475,1.2,-0.325,-0.25,-0.125,0.0,21,16,18,17,15,19,21,19,28,23,23,23,23,24,30,23,561,445,362,250,101,131,391,389,4.0,7.450581e-09,1.0,0.11,0.995,0.313,1
8.775,8.175,7.8,5.475,1.45,1.85,6.05,6.275,-2.325,-2.075,-0.3,0.4,0.225,-0.125,-1.2,-0.775,22,21,20,16,9,13,22,21,29,24,23,22,23,23,30,24,556,527,500,347,72,106,391,427,4.0,7.450581e-09,1.0,0.109,0.995,0.313,1
6.45,6.1,7.5,5.875,1.675,1.725,4.85,5.5,-3.525,-3.375,-4.0,-2.975,-0.1,-0.4,-2.625,-3.625,21,21,21,15,8,9,21,18,27,26,21,24,25,24,27,20,378,416,487,372,76,89,334,375,4.0,7.450581e-09,1.0,0.128,0.951,0.273,1
2.925,2.725,3.5,2.9,1.575,1.325,2.225,1.875,-1.825,-1.25,-2.0,-1.75,-0.525,-0.35,-1.25,-1.2,11,16,15,13,9,8,11,7,18,25,21,21,26,22,22,13,143,156,215,171,74,71,141,105,4.0,7.450581e-09,1.0,0.193,0.804,0.142,1
1.1,1.475,1.5,1.15,1.05,0.975,0.975,0.675,-0.2,0.1,0.0,0.2,-0.125,-0.1,-0.075,0.225,5,10,10,11,5,6,3,3,12,20,20,18,17,15,15,9,45,81,76,49,46,45,43,30,4.0,7.450581e-09,1.0,0.237,0.701,0.051,1
0.9,1.575,1.5,1.35,0.925,0.875,0.9,0.9,0.55,1.3,6.8,1.2,1.275,1.125,1.325,0.425,8,6,9,10,2,5,2,3,15,18,22,18,17,17,16,11,48,83,75,53,41,43,41,35,4.0,7.450581e-09,1.0,0.237,0.701,0.051,1
1.45,2.875,8.3,2.55,2.2,2.0,2.225,1.325,0.725,3.425,17.225,1.5,0.7,0.425,0.35,0.175,9,6,11,9,5,11,3,4,16,19,25,19,25,17,18,13,55,135,520,113,91,111,82,50,4.0,7.450581e-09,1.0,0.24,0.72,0.053,1
2.175,6.3,25.525,4.05,2.9,2.425,2.575,1.5,-0.025,2.325,3.7,0.5,-0.4,-0.2,-0.725,0.35,10,15,19,13,8,12,8,7,15,24,26,25,18,21,18,16,88,355,1593,218,122,130,100,67,4.0,7.450581e-09,1.0,0.243,0.76,0.069,1
2.15,8.625,29.225,4.55,2.5,2.225,1.85,1.85,-0.125,-1.225,-10.0,1.2,0.175,0.15,0.05,0.175,14,24,27,18,13,10,12,10,21,28,28,24,16,24,18,18,127,560,1875,291,134,119,110,90,4.0,7.450581e-09,1.0,0.24,0.802,0.103,1
2.025,7.4,19.225,5.75,2.675,2.375,1.9,2.025,4.575,-2.05,-7.025,1.3,-0.25,-0.1,1.65,4.025,16,24,27,16,18,14,15,13,24,27,29,24,19,25,20,20,127,475,1308,381,147,136,117,105,4.0,7.450581e-09,1.0,0.231,0.843,0.15,1
6.6,5.35,12.2,7.05,2.425,2.275,3.55,6.05,11.775,0.2,-2.775,-0.15,0.15,2.725,4.925,9.925,17,24,26,14,15,13,16,14,24,28,28,25,22,20,20,23,378,355,788,405,115,110,199,352,4.0,7.450581e-09,1.0,0.214,0.884,0.199,1
18.375,5.55,9.425,6.9,2.575,5.0,8.475,15.975,7.45,0.475,-1.3,-1.025,-0.125,-0.05,2.175,2.475,17,19,28,17,13,16,16,18,23,25,30,25,23,21,21,26,1019,333,649,362,139,287,507,882,4.0,7.450581e-09,1.0,0.188,0.924,0.246,1
25.825,6.025,8.125,5.875,2.45,4.95,10.65,18.45,-4.025,-0.225,-1.625,-0.525,-0.625,-2.35,-1.575,-3.925,22,23,22,14,15,22,22,24,26,24,26,26,21,24,26,28,1512,377,502,306,150,312,688,1036,4.0,7.450581e-09,1.0,0.159,0.96,0.286,1
21.8,5.8,6.5,5.35,1.825,2.6,9.075,14.525,-5.125,1.275,-0.55,-0.5,0.175,0.175,1.525,-0.925,22,24,18,11,10,14,22,24,25,28,23,22,22,21,27,28,1274,373,384,276,104,140,645,893,4.0,7.450581e-09,1.0,0.138,0.982,0.311,1
16.675,7.075,5.95,4.85,2.0,2.775,10.6,13.6,-3.025,0.1,0.4,0.05,0.25,-0.4,2.5,-2.225,18,20,15,16,10,10,24,24,24,27,24,21,22,20,24,27,870,429,363,264,106,146,705,892,4.0,7.450581e-09,1.0,0.129,0.989,0.32,1
13.65,7.175,6.35,4.9,2.25,2.375,13.1,11.375,-1.425,-0.55,1.275,0.7,-0.2,-0.325,-2.975,-0.625,17,21,17,19,16,13,29,26,24,26,23,23,22,20,28,29,713,445,397,277,133,143,857,774,4.0,7.450581e-09,1.0,0.127,0.991,0.321,1
12.225,6.625,7.625,5.6,2.05,2.05,10.125,10.75,1.5,1.475,0.525,-0.1,-0.05,0.75,-0.7,1.525,19,20,25,21,15,16,25,26,27,30,25,26,22,21,27,28,656,405,483,341,127,121,628,703,4.0,7.450581e-09,1.0,0.126,0.992,0.321,1
13.725,8.1,8.15,5.5,2.0,2.8,9.425,12.275,-0.575,-0.125,0.65,-0.525,-0.025,-0.025,3.925,0.2,23,25,30,25,15,20,21,21,30,29,31,28,19,23,24,27,884,540,569,351,113,166,588,740,4.0,7.450581e-09,1.0,0.126,0.994,0.32,1
13.15,7.975,8.8,4.975,1.975,2.775,13.35,12.475,-1.75,-1.35,-0.575,-0.1,-0.475,-0.55,0.075,2.2,21,24,30,29,16,17,23,20,25,23,32,31,19,24,23,25,835,518,618,345,112,179,846,743,4.0,7.450581e-09,1.0,0.125,0.995,0.32,1
11.4,6.625,8.225,4.875,1.5,2.225,13.425,14.675,0.65,0.7,-1.9,-0.45,0.125,0.4,-2.475,0.475,20,24,23,25,11,21,26,24,22,25,28,25,19,27,29,28,705,419,548,306,88,148,948,935,4.0,7.450581e-09,1.0,0.123,0.996,0.32,1
12.05,7.325,6.325,4.425,1.625,2.625,10.95,15.15,1.475,-0.6,0.225,0.25,-0.025,-0.275,-2.075,-4.5,22,23,19,20,13,22,22,24,24,26,28,19,20,24,24,24,700,407,407,250,90,143,699,986,4.0,7.450581e-09,1.0,0.12,0.994,0.322,1
13.525,6.725,6.55,4.675,1.6,2.35,8.875,10.65,0.4,-0.7,2.225,0.775,-0.2,-0.125,0.65,-1.45,20,18,20,18,16,15,19,20,24,18,25,16,24,19,24,21,735,339,424,247,90,123,518,674,4.0,7.450581e-09,1.0,0.118,0.993,0.324,1
13.925,6.025,8.775,5.45,1.4,2.225,9.525,9.2,1.625,0.275,-0.325,-0.35,0.075,-0.025,0.025,2.025,18,16,23,18,11,17,24,16,20,20,24,20,26,22,29,22,823,350,542,291,84,132,587,502,4.0,7.450581e-09,1.0,0.118,0.993,0.325,1
15.55,6.3,8.45,5.1,1.475,2.2,9.55,11.225,0.0,-0.55,-1.825,-0.575,-0.025,-0.625,-1.9,-1.9,21,12,24,19,8,14,23,19,26,21,29,23,23,22,29,25,1021,365,525,311,87,125,586,685,4.0,7.450581e-09,1.0,0.118,0.993,0.324,1
15.55,5.75,6.625,4.525,1.45,1.575,7.65,9.325,-2.925,1.425,-0.825,-0.225,0.15,0.3,0.325,-2.0,27,14,21,13,8,12,18,20,31,23,26,21,20,19,28,23,1094,348,397,271,85,83,496,587,4.0,7.450581e-09,1.0,0.118,0.993,0.324,1
12.625,7.175,5.8,4.3,1.6,1.875,7.975,7.325,-1.775,0.25,0.525,0.3,0.125,0.025,1.225,0.55,25,18,19,12,11,16,20,20,29,24,25,20,22,21,26,27,888,431,343,213,91,101,494,471,4.0,7.450581e-09,1.0,0.117,0.993,0.323,1
10.85,7.425,6.325,4.6,1.725,1.9,9.2,7.875,0.65,-0.325,0.525,-0.425,-0.125,-0.325,0.375,0.3,20,18,15,14,15,14,23,16,30,26,22,18,24,17,25,25,738,463,349,228,97,100,629,440,4.0,7.450581e-09,1.0,0.117,0.993,0.323,1
11.5,7.1,6.85,4.175,1.6,1.575,9.575,8.175,3.15,-0.375,0.8,0.4,-0.2,0.425,0.55,-0.7,19,15,16,14,13,11,22,18,25,24,20,20,22,13,26,22,678,421,355,220,91,73,594,400,4.0,7.450581e-09,1.0,0.116,0.991,0.324,1
14.65,6.725,7.65,4.575,1.4,2.0,10.125,7.475,-1.15,0.9,1.35,1.45,0.1,0.05,0.15,-0.05,20,15,24,16,12,12,22,24,25,20,24,26,23,19,25,27,905,402,474,286,83,107,656,429,4.0,7.450581e-09,1.0,0.116,0.99,0.325,1
13.5,7.625,9.0,6.025,1.5,2.05,10.275,7.425,0.1,-0.65,-0.575,-0.1,0.15,0.15,-1.5,0.825,18,18,25,18,12,10,20,23,25,23,26,23,20,26,27,29,856,478,606,374,80,126,665,525,4.0,7.450581e-09,1.0,0.116,0.99,0.325,1
13.6,6.975,8.425,5.925,1.65,2.2,8.775,8.25,6.125,-1.175,-1.2,-0.7,-0.025,0.075,-0.925,-0.55,20,17,18,17,9,11,16,21,22,19,26,25,19,23,24,29,867,390,517,327,78,120,516,578,4.0,7.450581e-09,1.0,0.116,0.991,0.325,1
19.725,5.8,7.225,5.225,1.625,2.275,7.85,7.7,-0.075,1.325,1.375,0.625,-0.175,-0.275,0.1,-0.975,26,18,17,15,10,15,20,23,26,25,25,22,21,20,22,26,1358,330,408,250,80,118,479,534,4.0,7.450581e-09,1.0,0.116,0.991,0.324,1
19.65,7.125,8.6,5.85,1.45,2.0,7.95,6.725,-4.175,-0.275,0.275,-0.25,-0.05,0.025,-0.1,-0.75,30,19,23,23,8,16,21,22,30,28,23,25,20,23,23,26,1373,463,570,377,77,103,512,454,4.0,7.450581e-09,1.0,0.115,0.991,0.324,1
15.475,6.85,8.875,5.6,1.4,2.025,7.85,5.975,-0.275,-0.95,-0.375,-0.975,0.05,-0.1,-0.675,1.275,27,20,20,21,9,18,15,19,30,25,23,25,25,26,21,27,1090,459,569,372,84,102,461,420,4.0,7.450581e-09,1.0,0.115,0.99,0.324,1
15.2,5.9,8.5,4.625,1.45,1.925,7.175,7.25,-0.1,0.45,0.35,0.1,-0.125,-0.2,1.6,0.05,25,22,21,20,14,18,17,17,30,29,23,24,23,27,22,23,1052,400,521,287,84,117,409,455,4.0,7.450581e-09,1.0,0.115,0.99,0.325,1
15.1,6.35,8.85,4.725,1.325,1.725,8.775,7.3,-1.375,1.75,-1.525,-0.925,0.35,0.075,1.2,-1.5,21,23,21,19,12,17,19,17,27,31,24,25,13,23,23,22,911,437,508,273,63,118,507,443,4.0,7.450581e-09,1.0,0.115,0.99,0.326,1
13.725,8.1,7.325,3.8,1.675,1.8,9.975,5.8,-0.95,-0.475,-1.8,0.05,0.45,0.325,0.325,-0.4,14,24,17,18,11,19,25,17,22,26,19,21,18,24,26,22,711,546,387,203,86,108,652,345,4.0,7.450581e-09,1.0,0.115,0.991,0.326,1
12.775,7.625,5.525,3.85,2.125,2.125,10.3,5.4,0.45,-2.2,0.05,0.9,-0.3,-0.275,2.45,1.025,17,20,16,18,13,17,27,16,23,23,21,23,26,23,28,26,686,434,321,220,100,116,688,318,4.0,7.450581e-09,1.0,0.114,0.99,0.327,1
13.225,5.425,5.575,4.75,1.825,1.85,12.75,6.425,1.9,-0.225,1.675,-0.225,-0.45,-0.2,-1.975,1.575,18,17,15,15,12,12,22,15,24,22,23,19,26,21,26,24,780,280,291,246,80,113,817,337,4.0,7.450581e-09,1.0,0.114,0.99,0.327,1
15.125,5.2,7.25,4.525,1.375,1.65,10.775,8.0,-0.075,0.7,0.75,-0.05,-0.15,0.1,-2.775,-1.2,18,15,18,17,9,19,22,22,23,20,23,19,24,28,29,23,924,283,400,233,62,110,717,464,4.0,7.450581e-09,1.0,0.114,0.988,0.328,1
15.05,5.9,8.0,4.475,1.225,1.75,8.0,6.8,-0.9,-1.325,-2.25,-0.65,0.275,0.05,0.225,-0.8,18,23,19,17,8,20,21,22,24,25,22,19,20,28,28,26,907,369,443,223,60,106,528,414,4.0,7.450581e-09,1.0,0.114,0.987,0.327,1
1.0,1.8,2.0,1.05,0.975,0.85,1.025,1.025,0.325,0.3,0.125,0.3,0.025,0.15,-0.175,0.025,6,14,15,8,4,7,9,9,17,25,22,21,16,22,20,19,49,114,105,58,40,53,50,53,5.0,7.450581e-09,1.383333,0.243,0.697,0.033,1
1.325,2.1,2.125,1.35,1.0,1.0,0.85,1.05,-0.2,-0.35,-0.1,-0.15,0.025,0.075,0.025,0.0,10,12,7,9,1,5,4,4,15,24,18,16,7,21,18,17,63,119,103,65,30,50,38,48,5.0,7.450581e-09,1.383333,0.243,0.697,0.033,1
1.125,1.75,2.025,1.2,1.025,1.075,0.875,1.05,-0.075,-0.325,-0.35,-0.15,0.05,0.125,0.075,0.025,8,10,8,9,4,4,1,4,17,24,19,15,7,16,21,17,61,107,117,64,36,44,40,46,5.0,7.450581e-09,1.383333,0.243,0.696,0.033,1
1.05,1.425,1.675,1.05,1.075,1.2,0.95,1.075,0.4,0.075,0.075,0.125,0.025,-0.225,-0.075,-0.075,5,9,13,3,5,3,4,11,15,20,21,15,13,11,17,21,44,79,97,42,39,39,42,50,5.0,7.450581e-09,1.383333,0.244,0.695,0.034,1
1.45,1.5,1.75,1.175,1.1,0.975,0.875,1.0,-0.125,-0.075,0.375,0.1,0.0,-0.125,0.0,-0.075,10,12,16,3,2,1,5,9,19,19,26,15,17,9,15,20,65,84,108,40,40,34,35,48,5.0,7.450581e-09,1.383333,0.244,0.696,0.034,1
1.325,1.425,2.125,1.275,1.1,0.85,0.875,0.925,-0.3,-0.025,-0.05,-0.25,0.125,0.225,0.125,-0.025,9,13,14,2,1,1,3,5,21,22,23,16,11,10,14,18,63,84,123,44,35,29,34,46,5.0,7.450581e-09,1.383333,0.243,0.697,0.034,1
1.025,1.4,2.075,1.025,1.225,1.075,1.0,0.9,0.025,0.225,-0.175,-0.05,-0.175,0.0,0.05,0.025,7,16,13,3,2,4,4,4,15,25,22,14,9,14,10,17,43,92,111,43,36,41,38,42,5.0,7.450581e-09,1.383333,0.243,0.698,0.034,1
1.05,1.625,1.9,0.975,1.05,1.075,1.05,0.925,0.025,-0.35,0.275,0.15,0.05,-0.05,-0.125,0.0,5,14,13,5,2,7,6,4,16,29,20,14,11,18,13,13,45,97,94,46,38,49,45,41,5.0,7.450581e-09,1.383333,0.242,0.699,0.035,1
1.075,1.275,2.175,1.125,1.1,1.025,0.925,0.925,0.0,0.225,0.7,1.975,2.8,3.25,2.475,0.35,4,4,16,7,3,6,5,6,13,23,19,21,7,14,15,15,45,62,121,56,36,44,43,44,5.0,7.450581e-09,1.383333,0.242,0.7,0.036,1
1.075,1.5,2.875,3.1,3.9,4.275,3.4,1.275,0.975,3.725,8.525,4.45,3.2,7.775,4.05,0.6,7,6,16,9,8,11,12,6,14,15,21,19,12,15,20,17,50,76,167,175,165,260,178,62,5.0,7.450581e-09,1.383333,0.242,0.702,0.037,1
2.05,5.225,11.4,7.55,7.1,12.05,7.45,1.875,0.45,1.125,11.3,0.45,-0.8,-1.575,-1.125,-0.175,13,16,20,14,10,23,20,16,19,22,25,19,16,27,25,21,103,299,737,398,326,846,395,111,5.0,7.450581e-09,1.383333,0.245,0.709,0.041,1
2.5,6.35,22.7,8.0,6.3,10.475,6.325,1.7,-0.475,-0.85,0.8,-2.925,-2.225,-6.3,-3.025,-0.375,17,13,23,18,15,24,18,15,21,24,27,22,19,26,21,20,138,366,1431,405,320,709,310,100,5.0,7.450581e-09,1.383333,0.253,0.735,0.048,1
2.025,5.5,23.5,5.075,4.075,4.175,3.3,1.325,0.125,1.45,-2.325,-0.85,-1.575,-1.025,-1.25,-0.225,17,14,22,20,17,20,19,12,25,20,26,24,25,21,21,21,122,338,1479,290,228,283,212,78,5.0,7.450581e-09,1.383333,0.265,0.795,0.063,1
2.15,6.95,21.175,4.225,2.5,3.15,2.05,1.1,6.125,0.625,-4.8,1.725,-0.475,-1.2,0.05,1.425,18,19,23,20,12,21,15,8,23,22,26,20,20,24,20,18,133,403,1244,243,123,196,121,58,5.0,7.450581e-09,1.383333,0.272,0.902,0.088,1
8.275,7.575,16.375,5.95,2.025,1.95,2.1,2.525,10.575,2.975,-4.675,0.85,0.2,-0.175,3.025,9.0,16,17,22,13,12,18,15,10,20,20,28,14,18,25,20,19,405,411,969,322,111,120,134,157,5.0,7.450581e-09,1.383333,0.228,1.071,0.136,1
18.85,10.55,11.7,6.8,2.225,1.775,5.125,11.525,14.925,1.575,-0.4,0.1,0.075,1.025,2.575,13.025,15,26,22,11,16,12,15,18,23,27,28,17,25,21,26,26,1177,671,808,379,141,109,299,699,5.0,7.450581e-09,1.383333,0.161,1.194,0.189,1
33.775,12.125,11.3,6.9,2.3,2.8,7.7,24.55,7.425,1.575,0.775,2.125,0.55,0.875,2.55,2.275,21,28,20,19,14,10,16,24,26,30,26,24,20,19,29,30,2159,795,764,444,145,152,471,1580,5.0,7.450581e-09,1.383333,0.121,1.226,0.223,1
41.2,13.7,12.075,9.025,2.85,3.675,10.25,26.825,-4.675,-0.15,2.775,0.025,-0.2,-0.4,0.4,-2.3,21,19,20,20,16,13,17,25,28,25,24,25,19,20,28,30,2504,832,801,546,157,201,663,1687,5.0,7.450581e-09,1.383333,0.09,1.243,0.252,1
36.525,13.55,14.85,9.05,2.65,3.275,10.65,24.525,-0.45,-1.75,-0.725,-1.6,-0.025,-0.175,0.275,1.975,21,18,20,18,18,18,12,21,26,23,23,23,22,25,24,27,2250,741,892,503,150,218,610,1351,5.0,7.450581e-09,1.383333,0.07,1.249,0.273,1
36.075,11.8,14.125,7.45,2.625,3.1,10.925,26.5,-5.675,-0.775,0.05,-0.825,0.125,0.2,2.35,-5.575,22,23,22,22,18,16,21,26,22,26,25,24,21,23,26,28,2194,727,822,438,154,194,629,1629,5.0,7.450581e-09,1.383333,0.059,1.249,0.288,1
30.4,11.025,14.175,6.625,2.75,3.3,13.275,20.925,-9.075,-1.95,-0.625,-1.0,-0.7,-0.425,0.875,-6.5,22,21,23,20,18,14,20,23,24,24,25,23,23,23,25,24,1828,648,894,421,144,191,814,1353,5.0,7.450581e-09,1.383333,0.054,1.247,0.296,1
21.325,9.075,13.55,5.625,2.05,2.875,14.15,14.425,3.15,-0.375,-2.875,-0.025,-0.1,-0.2,-2.275,0.025,20,18,25,21,18,20,18,15,26,26,27,27,26,26,26,20,1223,542,886,364,116,190,790,796,5.0,7.450581e-09,1.383333,0.055,1.245,0.298,1
24.475,8.7,10.675,5.6,1.95,2.675,11.875,14.45,0.85,1.375,0.725,1.025,0.05,0.25,-1.75,3.7,20,20,26,28,16,21,24,13,27,27,30,30,25,24,31,26,1446,525,712,392,117,161,707,839,5.0,7.450581e-09,1.383333,0.059,1.245,0.296,1
25.325,10.075,11.4,6.625,2.0,2.925,10.125,18.15,-6.525,0.9,-1.825,-1.025,-0.35,0.225,1.55,0.775,22,18,20,21,12,15,20,21,29,21,27,22,19,20,29,28,1715,531,717,399,101,164,541,1217,5.0,7.450581e-09,1.383333,0.061,1.245,0.293,1
18.8,10.975,9.575,5.6,1.65,3.15,11.675,18.925,1.725,-1.925,-0.375,-0.475,-0.1,-0.25,0.125,-1.9,21,18,23,20,13,17,21,24,26,23,27,21,17,20,28,29,1296,596,635,332,89,183,704,1251,5.0,7.450581e-09,1.383333,0.062,1.246,0.293,1
20.525,9.05,9.2,5.125,1.55,2.9,11.8,17.025,4.575,-1.075,2.45,1.175,0.425,0.225,0.825,1.225,20,19,26,25,12,20,23,21,24,28,27,26,25,19,26,29,1147,547,621,337,105,180,755,1067,5.0,7.450581e-09,1.383333,0.061,1.245,0.293,1
25.1,7.975,11.65,6.3,1.975,3.125,12.625,18.25,0.3,0.3,-1.3,-0.525,0.3,0.675,0.675,1.6,19,18,25,25,12,16,20,21,22,25,26,28,26,17,24,28,1423,476,780,417,130,194,715,1186,5.0,7.450581e-09,1.383333,0.06,1.244,0.296,1
25.4,8.275,10.35,5.775,2.275,3.8,13.3,19.85,-5.7,0.025,0.075,0.0,0.15,0.15,2.15,0.425,19,15,25,25,13,20,19,18,20,22,25,27,24,23,22,24,1470,436,691,389,135,230,722,1209,5.0,7.450581e-09,1.383333,0.058,1.242,0.298,1
19.7,8.3,10.425,5.775,2.425,3.95,15.45,20.275,-4.35,0.725,1.875,0.875,0.025,0.05,0.175,-0.7,16,18,25,21,16,24,22,20,23,23,28,25,22,22,23,22,1008,461,687,386,133,226,926,1127,5.0,7.450581e-09,1.383333,0.056,1.241,0.298,1
15.35,9.025,12.3,6.65,2.45,4.0,15.625,19.575,6.325,0.3,2.55,1.1,0.15,-0.1,-4.0,0.425,16,24,24,18,20,24,22,25,25,30,26,22,22,23,27,24,838,524,859,433,148,258,981,1205,5.0,7.450581e-09,1.383333,0.056,1.241,0.298,1
21.675,9.325,14.85,7.75,2.6,3.9,11.625,20.0,1.95,0.275,-0.675,-0.525,0.075,0.1,1.1,0.375,22,23,22,21,19,20,23,21,27,31,26,22,23,21,25,26,1303,532,939,479,164,229,716,1236,5.0,7.450581e-09,1.383333,0.056,1.241,0.297,1
23.625,9.6,14.175,7.225,2.675,4.0,12.725,20.375,0.825,0.2,-3.775,-1.75,-0.35,-0.325,1.125,-1.775,24,23,18,22,19,21,23,18,27,27,24,24,22,23,29,24,1513,607,800,427,160,241,818,1137,5.0,7.450581e-09,1.383333,0.055,1.241,0.297,1
24.45,9.8,10.4,5.475,2.325,3.675,13.85,18.6,0.725,0.35,1.775,1.2,0.325,-0.175,1.6,-3.775,21,22,19,17,20,23,22,23,25,22,24,22,24,27,27,25,1484,649,574,306,135,233,870,1094,5.0,7.450581e-09,1.383333,0.055,1.241,0.297,1
25.175,10.15,12.175,6.675,2.65,3.5,15.45,14.825,-2.8,0.775,1.225,0.125,0.05,-0.275,-1.225,-1.475,25,20,26,16,20,17,22,21,24,24,27,19,27,26,28,23,1499,698,781,417,157,221,1000,899,5.0,7.450581e-09,1.383333,0.055,1.241,0.297,1
22.375,10.925,13.4,6.8,2.7,3.225,14.225,13.35,0.375,0.175,0.075,-0.025,-0.525,-0.7,-3.125,2.325,27,24,29,18,20,15,18,23,26,27,28,26,26,22,28,23,1450,733,892,438,152,197,857,827,5.0,7.450581e-09,1.383333,0.055,1.239,0.299,1
22.75,11.1,13.475,6.775,2.175,2.525,11.1,15.675,-1.15,-1.025,-0.35,-0.475,-0.225,-0.25,1.1,2.275,22,23,27,19,15,13,16,25,25,26,27,28,21,20,21,27,1419,663,918,447,116,156,613,978,5.0,7.450581e-09,1.383333,0.055,1.238,0.301,1
21.6,10.075,13.125,6.3,1.95,2.275,12.2,17.95,0.75,-1.275,-3.05,-1.75,0.175,0.6,-1.525,0.325,17,19,26,26,12,9,16,24,26,24,28,32,22,21,18,29,1385,609,925,456,116,143,681,1102,5.0,7.450581e-09,1.383333,0.055,1.238,0.302,1
22.35,8.8,10.075,4.55,2.125,2.875,10.675,18.275,-1.525,0.125,-1.075,-0.1,0.05,0.15,0.2,-0.225,16,19,28,28,14,13,18,23,23,21,29,31,20,25,25,27,1382,549,677,312,121,169,667,1162,5.0,7.450581e-09,1.383333,0.055,1.238,0.302,1
20.825,8.925,9.0,4.45,2.175,3.025,10.875,18.05,1.15,0.025,1.45,0.15,-0.225,-0.225,3.425,3.325,22,21,23,21,16,18,25,24,23,21,27,22,18,28,30,26,1346,571,526,268,119,178,732,1184,5.0,7.450581e-09,1.383333,0.056,1.239,0.301,1
21.975,8.95,10.45,4.6,1.95,2.8,14.3,21.375,12.225,1.05,1.275,1.775,0.4,0.675,0.55,-1.275,25,15,17,14,16,14,28,25,24,19,24,20,24,26,31,25,1382,490,609,273,116,159,989,1411,5.0,7.450581e-09,1.383333,0.056,1.24,0.301,1
34.2,10.0,11.725,6.375,2.35,3.475,14.85,20.1,-3.35,2.375,0.15,1.025,0.25,-0.175,-1.4,-3.525,23,16,18,16,15,13,21,17,26,20,23,24,26,22,26,21,1984,505,686,397,144,187,932,1252,5.0,7.450581e-09,1.383333,0.055,1.242,0.3,1
30.85,12.375,11.875,7.4,2.6,3.3,13.45,16.575,-2.3,-0.1,-0.55,-0.95,-0.175,0.425,0.0,3.125,21,20,18,19,15,18,19,13,27,25,22,21,23,22,26,22,1793,650,669,407,143,170,798,991,5.0,7.450581e-09,1.383333,0.055,1.241,0.301,1
28.55,12.275,11.325,6.45,2.425,3.725,13.45,19.7,1.975,0.575,0.95,-0.8,-0.35,0.05,0.825,1.55,25,17,18,16,14,21,20,21,29,22,20,18,22,22,27,29,1933,661,626,338,149,230,698,1328,5.0,7.450581e-09,1.383333,0.055,1.241,0.301,1
30.525,12.85,12.275,5.65,2.075,3.775,14.275,21.25,-5.8,1.3,1.15,0.175,-0.15,-1.45,-0.95,-1.875,24,20,22,12,9,16,22,25,29,24,24,20,17,22,25,31,1898,799,806,319,111,222,824,1386,5.0,7.450581e-09,1.383333,0.054,1.241,0.302,1
24.725,14.15,13.425,5.825,1.925,2.325,13.325,19.375,-2.975,-2.1,-0.2,-0.15,0.1,-0.325,-1.2,-3.425,22,25,18,14,13,17,23,24,30,28,29,21,18,25,23,29,1497,976,829,354,105,134,836,1303,5.0,7.450581e-09,1.383333,0.054,1.24,0.302,1
21.75,12.05,13.225,5.675,2.025,2.0,12.125,15.95,-5.675,-3.0,-3.025,-0.95,-0.425,0.15,-1.625,-4.5,20,21,17,13,21,17,16,25,24,25,28,22,23,25,24,26,1338,771,796,329,121,127,628,1058,5.0,7.450581e-09,1.383333,0.055,1.238,0.303,1
16.075,9.05,10.2,4.725,1.6,2.15,10.5,11.45,-8.3,-4.575,-6.175,-2.0,-0.625,-0.625,-5.75,-6.575,18,18,20,13,13,14,15,20,22,21,26,19,15,23,27,20,1022,496,613,257,83,124,628,696,5.0,7.450581e-09,1.383333,0.094,1.128,0.248,1
7.775,4.475,4.025,2.725,0.975,1.525,4.75,4.875,-6.75,-2.95,-2.6,-1.525,-0.075,-0.55,-3.825,-3.95,14,13,11,13,4,7,13,9,22,22,22,20,9,20,24,16,544,201,220,138,50,71,321,290,5.0,7.450581e-09,1.383333,0.189,0.859,0.113,1
1.025,1.525,1.425,1.2,0.9,0.975,0.925,0.925,-0.075,-0.075,-0.075,-0.025,0.275,0.0,-0.15,0.025,9,11,9,11,1,6,6,5,20,24,22,18,15,14,14,13,64,89,84,58,44,39,41,40,5.0,7.450581e-09,1.383333,0.246,0.697,0.033,1
0.95,1.45,1.35,1.175,1.175,0.975,0.775,0.95,0.025,-0.125,-0.025,-0.175,-0.075,0.075,0.15,0.1,8,9,10,8,3,7,2,5,17,22,25,12,19,11,12,14,52,72,78,46,50,37,36,40,5.0,7.450581e-09,1.383333,0.246,0.697,0.032,1
0.975,1.325,1.325,1.0,1.1,1.05,0.925,1.05,0.2,0.125,0.0,0.15,0.025,0.05,0.05,-0.125,6,10,9,6,6,4,7,2,17,20,20,14,17,14,20,12,42,70,64,38,43,41,51,39,5.0,7.450581e-09,1.383333,0.246,0.697,0.032,1
1.175,1.45,1.325,1.15,1.125,1.1,0.975,0.925,-0.125,-0.225,-0.175,0.1,-0.075,0.025,-0.325,-0.15,4,9,7,4,3,4,6,1,15,19,15,14,18,18,19,16,39,69,51,36,43,48,46,36,5.0,7.450581e-09,1.383333,0.246,0.697,0.033,1
1.05,1.225,1.15,1.25,1.05,1.125,0.65,0.775,-0.075,0.1,0.05,-0.225,-0.075,0.1,0.2,0.025,4,5,4,4,1,8,0,3,13,20,17,17,18,16,12,17,41,61,46,42,44,44,31,33,5.0,7.450581e-09,1.383333,0.246,0.698,0.033,1
0.975,1.325,1.2,1.025,0.975,1.225,0.85,0.8,0.1,0.425,0.2,1.5,1.975,2.375,1.325,0.45,4,8,4,5,1,9,6,4,12,22,14,18,13,15,13,16,39,84,46,47,33,45,37,33,5.0,7.450581e-09,1.383333,0.246,0.698,0.033,1
1.075,1.75,1.4,2.525,2.95,3.6,2.175,1.25,0.225,0.075,1.175,5.3,4.2,4.45,2.225,0.375,5,10,5,10,7,12,12,12,9,23,16,15,15,18,17,20,42,96,57,136,122,241,121,69,5.0,7.450581e-09,1.383333,0.246,0.699,0.033,1
1.3,1.825,2.575,7.825,7.15,8.05,4.4,1.625,0.25,1.4,6.3,0.125,0.55,1.825,0.925,-0.275,6,8,10,14,14,17,19,15,19,20,17,20,23,21,20,24,67,89,111,390,343,483,259,96,5.0,7.450581e-09,1.383333,0.247,0.702,0.035,1
1.55,3.225,8.875,7.95,7.7,9.875,5.325,1.35,0.15,2.575,11.2,-2.425,-2.05,-2.95,-0.55,-0.025,7,9,20,13,18,22,23,12,15,21,23,19,23,24,27,21,78,173,545,379,425,580,306,72,5.0,7.450581e-09,1.383333,0.251,0.716,0.041,1
1.7,5.8,20.075,5.525,5.65,6.925,4.775,1.325,0.525,2.175,9.325,0.125,-1.875,-3.425,-1.625,0.2,8,16,18,17,22,20,20,13,12,27,26,19,23,22,25,19,95,356,1126,310,357,424,260,75,5.0,7.450581e-09,1.383333,0.257,0.752,0.054,1
2.225,7.975,29.4,5.65,3.775,3.5,3.15,1.525,-0.025,-0.4,-5.85,-1.075,-1.65,-1.275,-1.775,-0.35,11,19,18,18,19,18,14,11,19,25,28,23,23,22,22,19,134,511,1766,324,236,230,176,79,5.0,7.450581e-09,1.383333,0.263,0.814,0.078,1
2.2,7.575,23.55,4.575,2.125,2.225,1.375,1.175,-0.225,-0.125,-2.15,0.075,-0.45,-0.775,-0.425,-0.225,14,21,24,20,16,20,6,8,20,25,26,24,22,24,19,17,132,462,1492,264,115,136,72,59,5.0,7.450581e-09,1.383333,0.264,0.896,0.113,1
1.975,7.45,21.4,4.65,1.675,1.45,0.95,0.95,1.475,0.375,-1.875,1.3,-0.475,-0.375,0.025,0.175,18,20,23,18,11,11,7,8,21,27,25,23,21,21,18,14,124,464,1377,267,87,75,48,45,5.0,7.450581e-09,1.383333,0.249,0.993,0.152,1
3.45,7.825,19.525,5.95,1.2,1.075,0.975,1.125,7.125,-0.875,-9.975,2.175,0.525,0.925,2.0,6.25,16,22,20,17,5,5,8,7,24,28,25,22,15,11,19,12,215,531,1291,328,51,46,52,49,5.0,7.450581e-09,1.383333,0.219,1.085,0.188,1
10.575,6.95,9.55,8.125,1.725,2.0,2.975,7.375,10.625,-0.4,0.2,-0.275,0.35,0.725,3.9,9.65,15,23,18,19,12,14,8,11,23,23,24,21,20,16,22,15,602,438,585,440,92,105,137,342,5.0,7.450581e-09,1.383333,0.183,1.148,0.215,1
21.2,6.55,9.75,7.85,2.075,2.725,6.875,17.025,4.65,1.25,0.1,-1.75,-0.125,-0.375,0.125,3.025,20,19,24,18,18,15,17,21,22,25,30,23,24,22,21,22,1005,394,673,421,122,155,412,1059,5.0,7.450581e-09,1.383333,0.142,1.191,0.241,1
25.85,7.8,9.85,6.1,1.95,2.35,7.0,20.05,-2.2,0.475,-2.375,-0.9,0.375,0.875,-0.8,-1.25,20,19,24,18,16,11,20,22,24,25,27,21,23,21,22,24,1400,452,596,323,105,123,446,1247,5.0,7.450581e-09,1.383333,0.105,1.218,0.264,1
23.65,8.275,7.475,5.2,2.325,3.225,6.2,18.8,2.525,0.125,-0.075,-0.7,0.15,0.325,2.35,0.3,19,18,18,17,18,16,21,19,26,23,22,21,26,24,25,22,1447,478,419,248,133,192,382,1015,5.0,7.450581e-09,1.383333,0.086,1.227,0.277,1
26.175,8.4,7.4,4.5,2.475,3.55,8.55,19.1,-1.525,-0.075,0.225,-0.525,-0.425,-1.0,-0.25,3.125,20,17,18,17,20,19,23,20,25,23,23,24,27,25,28,25,1478,527,417,246,157,217,569,1169,5.0,7.450581e-09,1.383333,0.074,1.233,0.286,1
24.65,8.325,7.625,3.975,2.05,2.55,8.3,22.225,-6.925,-0.725,1.05,0.95,-0.4,-0.45,-2.525,-1.8,23,24,21,13,14,13,23,20,24,26,23,22,26,24,27,27,1457,497,436,226,113,141,555,1330,5.0,7.450581e-09,1.383333,0.065,1.237,0.294,1
17.725,7.6,8.675,4.925,1.65,2.1,5.775,20.425,-0.925,-0.9,1.725,0.7,0.15,-0.05,1.05,-2.65,24,24,23,21,15,14,20,17,24,29,25,26,25,24,25,24,1138,461,525,319,91,122,347,1070,5.0,7.450581e-09,1.383333,0.061,1.239,0.299,1
16.8,6.7,10.4,5.625,1.8,2.05,6.825,17.775,-0.1,-1.125,-0.575,-0.075,0.125,0.05,2.75,1.275,26,19,21,24,17,16,20,19,27,31,23,26,22,24,24,22,1124,410,681,388,109,130,388,989,5.0,7.450581e-09,1.383333,0.059,1.238,0.302,1
16.7,5.575,9.825,5.55,1.925,2.1,9.575,19.05,1.05,1.5,-1.725,-0.65,-0.2,0.175,0.4,-0.95,21,15,21,19,11,12,23,20,29,25,23,22,18,24,26,23,1092,338,633,340,95,118,584,1079,5.0,7.450581e-09,1.383333,0.058,1.237,0.305,1
17.75,7.075,8.1,4.9,1.725,2.275,9.975,18.1,0.9,0.15,-0.625,-0.65,-0.075,0.425,1.925,-3.525,17,14,18,19,12,12,22,19,29,20,25,22,17,19,25,24,1174,374,517,279,80,111,651,1095,5.0,7.450581e-09,1.383333,0.057,1.235,0.307,1
18.65,7.225,7.475,4.25,1.65,2.7,11.9,14.575,-1.575,-0.7,0.9,0.4,-0.1,-0.375,0.275,-2.15,17,19,18,22,14,18,21,19,23,20,25,26,20,20,26,23,1070,376,497,270,79,150,706,919,5.0,7.450581e-09,1.383333,0.058,1.235,0.307,1
17.075,6.525,8.375,4.65,1.55,2.325,12.175,12.425,-2.45,0.975,-0.1,-0.25,-0.1,-0.325,-2.65,-0.3,20,19,24,18,9,18,19,20,22,21,27,20,16,27,24,24,963,383,564,269,67,156,701,773,5.0,7.450581e-09,1.383333,0.058,1.235,0.307,1
14.625,7.5,8.275,4.4,1.45,2.0,9.525,12.125,0.25,-0.05,0.225,-0.525,-0.075,0.025,-0.175,-1.025,21,18,20,14,8,14,20,22,26,25,24,16,18,23,23,27,935,422,521,228,67,113,592,682,5.0,7.450581e-09,1.383333,0.058,1.234,0.307,1
14.875,7.45,8.5,3.875,1.375,2.025,9.35,11.1,3.15,-1.0,1.525,0.725,0.175,0.05,1.425,1.1,17,16,20,21,14,15,19,25,29,23,26,23,21,19,23,29,834,372,535,245,76,109,589,684,5.0,7.450581e-09,1.383333,0.058,1.233,0.308,1
18.025,6.45,10.025,4.6,1.55,2.075,10.775,12.2,0.05,-0.225,-0.225,0.75,0.1,0.25,-0.75,1.55,17,16,22,20,14,15,18,24,27,23,25,24,22,22,21,26,1047,383,604,286,89,126,677,786,5.0,7.450581e-09,1.383333,0.058,1.233,0.308,1
18.075,6.225,9.8,5.35,1.65,2.325,10.025,13.75,0.575,-0.025,-0.4,0.075,0.0,-0.075,-2.1,-1.2,19,22,24,18,10,14,18,20,25,23,27,24,25,21,21,25,1168,392,577,302,93,138,663,814,5.0,7.450581e-09,1.383333,0.058,1.233,0.308,1
18.65,6.2,9.4,5.425,1.65,2.25,7.925,12.55,1.3,1.775,0.6,-0.075,0.2,0.025,0.875,0.6,23,21,26,27,11,14,18,17,28,25,30,29,24,19,25,25,1181,368,632,352,97,135,545,750,5.0,7.450581e-09,1.383333,0.057,1.233,0.308,1
19.95,7.975,10.0,5.35,1.85,2.275,8.8,13.15,-4.35,0.875,0.625,-0.15,-0.125,0.05,1.175,0.625,21,18,23,28,12,17,23,21,24,26,30,32,20,19,26,25,1076,426,651,378,98,138,618,791,5.0,7.450581e-09,1.383333,0.056,1.233,0.308,1
15.6,8.85,10.625,5.2,1.725,2.325,9.975,13.775,0.6,-1.65,-1.2,-0.675,-0.325,-0.05,-0.4,-2.125,16,21,24,26,11,17,25,26,21,26,31,30,20,24,26,27,876,509,701,378,99,149,693,860,5.0,7.450581e-09,1.383333,0.056,1.232,0.308,1
16.2,7.2,9.425,4.525,1.4,2.275,9.575,11.65,2.65,-0.35,-0.65,0.3,-0.125,-0.125,-0.35,-2.025,13,20,22,21,10,16,23,18,22,27,29,22,20,25,24,26,928,426,652,287,84,137,572,728,5.0,7.450581e-09,1.383333,0.055,1.232,0.308,1
18.85,6.85,8.775,4.825,1.275,2.15,9.225,9.625,-3.275,1.45,0.325,-0.175,0.175,-0.35,-0.6,0.75,20,19,21,20,12,14,23,16,27,26,27,25,17,21,24,23,1150,390,595,285,66,110,543,604,5.0,7.450581e-09,1.383333,0.054,1.232,0.308,1
15.575,8.3,9.1,4.65,1.45,1.8,8.625,10.375,-0.075,0.1,-0.75,-0.2,0.3,0.0,0.95,1.075,23,20,25,16,15,11,26,21,27,30,26,22,19,20,27,22,952,503,601,281,77,102,584,611,5.0,7.450581e-09,1.383333,0.054,1.232,0.308,1
15.5,8.4,8.35,4.45,1.75,1.8,9.575,11.45,-1.125,-1.3,1.175,1.175,-0.05,0.15,-0.1,-0.225,20,20,19,15,12,9,23,20,25,25,23,21,18,19,24,25,895,495,530,286,87,98,629,712,5.0,7.450581e-09,1.383333,0.053,1.231,0.308,1
14.375,7.1,9.525,5.625,1.7,1.95,9.475,11.225,-0.125,1.525,0.575,-0.125,-0.15,-0.025,-1.725,0.425,19,22,15,19,12,9,19,23,21,24,22,26,22,13,23,29,854,392,577,344,86,87,582,739,5.0,7.450581e-09,1.383333,0.053,1.231,0.308,1
14.25,8.625,10.1,5.5,1.55,1.925,7.75,11.65,2.5,0.175,0.625,0.0,0.1,-0.1,-0.325,-0.8,22,23,22,20,11,9,19,25,21,28,24,26,26,21,23,26,905,536,631,343,100,103,451,750,5.0,7.450581e-09,1.383333,0.053,1.231,0.309,1
16.75,8.8,10.725,5.5,1.65,1.825,7.425,10.85,0.875,-2.0,0.8,0.0,-0.025,-0.15,0.975,-0.4,20,18,21,18,11,10,20,24,22,24,24,27,26,25,24,24,1001,520,693,352,112,103,462,686,5.0,7.450581e-09,1.383333,0.053,1.231,0.309,1
17.625,6.8,11.525,5.5,1.625,1.675,8.4,10.45,0.4,0.275,-1.575,-0.575,-0.125,0.325,-0.825,0.025,19,20,21,18,11,10,19,20,24,24,24,28,23,20,22,27,975,415,754,343,94,87,501,628,5.0,7.450581e-09,1.383333,0.053,1.231,0.309,1
18.025,7.075,9.95,4.925,1.5,2.0,7.575,10.475,-3.175,0.725,-0.675,-0.1,-0.05,0.1,-1.55,-0.525,21,27,26,17,9,10,19,18,25,29,28,25,21,17,21,28,1072,496,723,330,81,98,407,607,5.0,7.450581e-09,1.383333,0.053,1.231,0.308,1
14.85,7.8,9.275,4.825,1.45,2.1,6.025,9.95,0.3,1.95,1.65,0.75,0.325,-0.325,0.5,-1.45,18,22,26,17,7,10,18,19,26,26,30,20,20,20,24,25,810,517,673,297,75,109,320,564,5.0,7.450581e-09,1.383333,0.053,1.23,0.308,1
15.15,9.75,10.925,5.575,1.775,1.775,6.525,8.5,1.3,0.3,-1.0,-0.65,0.025,0.15,1.175,-0.925,21,21,26,22,15,12,19,19,31,21,29,21,24,23,24,25,978,617,786,361,101,112,396,537,5.0,7.450581e-09,1.383333,0.053,1.23,0.308,1
16.45,10.05,9.925,4.925,1.8,1.925,7.7,7.575,-2.025,-1.5,-2.425,-0.95,-0.15,0.0,0.25,0.9,24,26,29,18,18,16,19,18,27,23,31,22,23,22,21,23,1107,654,701,308,104,115,459,442,5.0,7.450581e-09,1.383333,0.053,1.23,0.308,1
14.425,8.55,7.5,3.975,1.65,1.925,7.95,8.475,-1.125,-0.875,1.875,0.35,-0.075,0.075,-0.55,2.1,23,22,26,14,9,13,19,20,23,22,27,18,17,17,24,21,884,526,501,215,73,100,474,481,5.0,7.450581e-09,1.383333,0.053,1.231,0.309,1
13.3,7.675,9.375,4.325,1.575,2.0,7.4,10.575,-2.45,-1.325,0.425,0.025,0.1,0.55,-0.025,0.25,22,14,20,17,7,14,18,27,23,20,25,22,11,19,23,24,796,436,541,242,64,117,441,698,5.0,7.450581e-09,1.383333,0.053,1.231,0.309,1
10.85,6.35,9.8,4.35,1.675,2.55,7.375,10.825,0.3,-0.6,-2.475,0.075,0.225,0.05,0.675,-1.275,24,16,22,20,9,19,21,27,29,21,26,27,12,20,22,29,786,360,565,255,77,145,457,743,5.0,7.450581e-09,1.383333,0.053,1.23,0.309,1
11.15,5.75,7.325,4.425,1.9,2.6,8.05,9.55,0.45,1.05,2.275,1.125,-0.375,-0.575,0.175,-0.725,21,18,18,20,12,15,18,23,30,22,23,27,14,13,20,27,678,340,432,261,89,118,396,628,5.0,7.450581e-09,1.383333,0.052,1.23,0.309,1
11.6,6.8,9.6,5.55,1.525,2.025,8.225,8.825,2.95,1.775,0.8,-0.4,-0.15,-0.025,-0.525,-1.175,18,16,17,19,11,14,21,25,24,21,23,23,16,15,24,27,596,408,616,304,68,97,431,591,5.0,7.450581e-09,1.383333,0.052,1.231,0.309,1
14.55,8.575,10.4,5.15,1.375,2.0,7.7,7.65,4.45,-0.35,-0.375,-0.425,0.275,0.125,1.1,0.95,20,18,19,20,10,12,30,21,22,20,24,28,20,18,29,26,900,527,652,309,75,103,525,491,5.0,7.450581e-09,1.383333,0.053,1.231,0.309,1
19.0,8.225,10.025,4.725,1.65,2.125,8.8,8.6,-4.45,-0.7,-0.4,-0.325,0.125,-0.4,1.925,1.6,22,22,16,18,15,11,29,18,27,22,27,28,24,19,29,22,1213,496,519,279,89,101,631,528,5.0,7.450581e-09,1.383333,0.053,1.232,0.309,1
14.55,7.525,9.625,4.4,1.775,1.725,10.725,10.2,1.325,1.275,-1.05,-0.5,-0.075,0.225,-0.75,0.475,19,20,21,14,20,15,25,22,26,22,28,20,26,22,31,22,898,418,591,247,95,95,772,648,5.0,7.450581e-09,1.383333,0.052,1.232,0.308,1
15.875,8.8,8.575,3.9,1.7,1.95,9.975,10.675,1.6,-0.2,1.05,-0.15,0.0,0.3,-1.475,-1.975,17,18,22,20,17,15,21,21,21,22,22,23,27,23,28,20,963,492,524,236,91,108,668,649,5.0,7.450581e-09,1.383333,0.051,1.233,0.308,1
17.475,8.6,9.625,3.75,1.7,2.25,8.5,8.7,-4.225,1.05,0.875,0.55,-0.175,-0.275,0.525,-2.275,21,17,20,19,12,10,15,16,22,22,22,22,26,22,24,23,1074,516,558,232,92,126,488,519,5.0,7.450581e-09,1.383333,0.051,1.233,0.307,1
13.25,9.65,10.5,4.3,1.525,1.975,9.025,6.425,1.575,0.6,0.125,0.6,0.125,0.075,2.2,1.45,19,19,23,12,9,15,19,14,23,24,28,22,22,26,26,26,742,552,635,251,78,124,539,387,5.0,7.450581e-09,1.383333,0.051,1.233,0.307,1
14.825,10.25,10.625,4.9,1.65,2.05,11.225,7.875,0.525,-2.125,-0.85,-0.325,0.1,0.175,-0.075,1.2,19,22,23,18,10,17,25,18,23,26,26,27,19,27,27,22,831,589,674,321,92,143,684,452,5.0,7.450581e-09,1.383333,0.05,1.233,0.306,1
15.35,8.125,9.775,4.575,1.75,2.225,11.15,9.075,-1.3,1.8,-0.275,0.5,-0.05,0.075,-3.3,-0.075,22,19,20,16,10,18,27,23,25,24,26,25,21,24,28,23,956,474,604,288,100,140,699,559,5.0,7.450581e-09,1.383333,0.05,1.233,0.306,1
14.05,9.925,9.5,5.075,1.7,2.3,7.85,9.0,-1.95,0.3,-0.325,-0.3,0.075,-0.075,-1.125,0.475,23,23,19,15,7,18,24,20,27,24,27,20,19,20,28,26,908,648,597,301,83,133,527,577,5.0,7.450581e-09,1.383333,0.05,1.232,0.307,1
12.1,10.225,9.175,4.775,1.775,2.225,6.725,9.475,-0.05,-2.0,-0.325,-0.65,-0.2,-0.075,1.175,1.35,19,24,22,20,11,13,19,18,24,29,27,22,18,21,25,24,769,677,603,313,100,120,453,578,5.0,7.450581e-09,1.383333,0.051,1.231,0.308,1
12.05,8.225,8.85,4.125,1.575,2.15,7.9,10.825,2.725,-0.1,0.2,0.4,0.125,0.1,3.6,-0.575,22,18,23,16,11,15,20,19,26,24,25,23,16,26,25,25,784,483,548,261,91,125,462,679,5.0,7.450581e-09,1.383333,0.051,1.23,0.309,1
14.775,8.125,9.05,4.525,1.7,2.25,11.5,10.25,-4.9,-1.45,0.525,0.225,0.175,-0.425,-1.425,-3.25,28,21,20,17,10,17,23,20,31,25,24,25,22,24,26,22,1014,494,593,290,99,147,732,611,5.0,7.450581e-09,1.383333,0.052,1.229,0.309,1
9.875,6.675,9.575,4.75,1.875,1.825,10.075,7.0,-7.075,-3.425,-3.8,-1.6,-0.45,-0.625,-6.55,-3.925,23,20,20,17,11,14,17,18,27,29,21,23,21,19,24,20,642,437,630,306,101,114,650,371,5.0,7.450581e-09,1.383333,0.089,1.122,0.257,1
2.8,3.25,5.775,3.15,1.425,1.2,3.525,3.075,-1.775,-2.0,-4.4,-1.55,-0.4,-0.25,-2.7,-2.3,8,9,15,15,7,6,7,13,18,23,15,25,19,10,18,22,164,214,363,190,70,57,182,169,5.0,7.450581e-09,1.383333,0.183,0.856,0.127,1
1.025,1.25,1.375,1.6,1.025,0.95,0.825,0.775,-0.025,0.25,-0.075,-0.275,-0.125,0.175,0.075,0.05,3,8,9,15,2,6,4,7,13,22,17,23,16,11,14,17,46,71,75,85,35,34,38,42,5.0,7.450581e-09,1.383333,0.238,0.697,0.051,1
1.0,1.5,1.3,1.325,0.9,1.125,0.9,0.825,-0.125,0.1,0.025,-0.2,-0.125,-0.075,0.125,0.1,6,12,11,8,0,5,8,3,17,22,20,21,11,10,16,10,52,83,74,73,32,38,40,30,5.0,7.450581e-09,1.383333,0.238,0.698,0.051,1
0.875,1.6,1.325,1.125,0.775,1.05,1.025,0.925,0.075,-0.05,-0.125,0.0,0.4,-0.15,-0.125,-0.075,4,12,11,4,0,1,9,4,20,24,15,19,15,13,16,14,54,83,66,57,35,40,47,35,5.0,7.450581e-09,1.383333,0.237,0.698,0.051,1
0.95,1.55,1.2,1.125,1.175,0.9,0.9,0.85,0.175,0.15,0.0,0.075,0.275,0.2,0.175,-0.05,4,11,7,6,6,4,4,7,16,19,14,16,21,19,17,18,44,74,58,52,55,47,50,38,5.0,7.450581e-09,1.383333,0.238,0.697,0.051,1
1.125,1.7,1.2,1.2,1.45,1.1,1.075,0.8,-0.225,-0.2,0.125,0.275,0.45,0.95,0.65,0.025,7,11,10,9,11,8,8,6,17,18,18,15,22,20,18,17,53,80,65,59,74,62,54,37,5.0,7.450581e-09,1.383333,0.239,0.696,0.053,1
0.9,1.5,1.325,1.475,1.9,2.05,1.725,0.825,0.1,-0.375,0.15,1.45,1.4,2.625,2.1,0.25,4,10,10,9,7,12,7,1,17,16,19,11,19,26,18,12,48,66,71,58,82,115,70,31,5.0,7.450581e-09,1.383333,0.239,0.697,0.053,1
1.0,1.125,1.475,2.925,3.3,4.675,3.825,1.075,0.325,0.925,4.475,0.975,1.5,2.725,2.475,0.525,6,5,10,12,9,18,9,8,20,13,19,17,21,25,24,19,45,49,78,160,180,279,233,56,5.0,7.450581e-09,1.383333,0.24,0.698,0.053,1
1.325,2.05,5.95,3.9,4.8,7.4,6.3,1.6,1.0,5.25,27.075,1.075,0.6,0.625,-0.5,0.5,10,14,15,13,19,18,17,15,19,20,24,18,26,22,26,19,62,127,361,223,299,474,408,83,5.0,7.450581e-09,1.383333,0.241,0.703,0.055,1
2.325,7.3,33.025,4.975,5.4,8.025,5.8,2.1,0.525,2.35,5.05,0.325,-1.275,-2.3,-2.625,-0.25,10,25,21,18,19,16,22,12,17,28,28,20,23,22,25,15,131,491,2297,272,296,485,372,98,5.0,7.450581e-09,1.383333,0.242,0.724,0.067,1
2.85,9.65,38.075,5.3,4.125,5.725,3.175,1.85,-0.475,-1.8,-10.65,-1.375,-1.8,-3.225,-1.775,-0.55,14,22,25,18,15,19,22,8,22,27,28,22,23,21,27,16,169,625,2654,303,218,346,220,89,5.0,7.450581e-09,1.383333,0.242,0.771,0.098,1
2.375,7.85,27.425,3.925,2.325,2.5,1.4,1.3,-0.2,0.675,1.8,-0.55,-0.725,-1.35,-0.375,-0.2,16,21,22,17,17,14,15,6,20,22,22,18,25,23,22,18,141,476,1508,230,137,156,93,70,5.0,7.450581e-09,1.383333,0.239,0.844,0.14,1
2.175,8.525,29.225,3.375,1.6,1.15,1.025,1.1,1.775,1.0,-11.425,-0.125,0.1,0.4,1.525,1.6,13,25,21,19,16,6,9,7,18,24,24,19,22,21,15,18,126,553,1761,223,96,67,56,55,5.0,7.450581e-09,1.383333,0.219,0.952,0.189,1
3.95,9.525,17.8,3.25,1.7,1.55,2.55,2.7,5.0,-1.2,-6.5,0.175,0.175,0.75,3.35,5.325,13,26,22,19,13,2,7,11,20,26,24,21,23,20,18,18,244,627,1118,195,96,74,118,149,5.0,7.450581e-09,1.383333,0.158,1.1,0.241,1
8.95,8.325,11.3,3.425,1.875,2.3,5.9,8.025,11.675,-1.325,-2.375,1.075,0.125,-0.175,1.85,7.05,19,23,23,18,12,7,15,18,28,25,24,22,19,19,25,22,559,521,676,217,94,98,341,468,5.0,7.450581e-09,1.383333,0.098,1.193,0.27,1
20.625,7.0,8.925,4.5,2.0,2.125,7.75,15.075,4.775,2.05,-2.55,-0.1,0.275,-0.075,0.4,1.875,19,25,23,14,17,11,23,25,27,25,25,18,20,20,26,26,1285,440,552,269,104,92,461,948,5.0,7.450581e-09,1.383333,0.072,1.213,0.275,1
25.4,9.05,6.375,4.4,2.275,2.05,8.15,16.95,-1.5,0.15,1.2,-0.6,0.025,0.675,1.275,2.225,20,27,24,15,18,11,21,23,23,29,24,19,24,19,23,27,1472,611,405,250,128,110,481,996,5.0,7.450581e-09,1.383333,0.058,1.221,0.278,1
23.9,9.2,7.575,3.8,2.3,2.725,9.425,19.175,-0.9,-0.9,1.0,0.325,-0.175,-0.1,-0.225,4.025,17,22,22,15,15,10,23,20,23,29,24,22,20,23,23,26,1349,595,432,201,121,160,599,1090,5.0,7.450581e-09,1.383333,0.054,1.224,0.279,1
23.0,8.3,8.575,4.125,2.125,2.625,9.2,23.2,-5.875,1.125,-0.275,0.2,-0.15,-0.2,-1.0,-5.5,18,20,20,16,16,10,24,21,25,25,27,20,19,22,26,24,1484,474,486,222,125,142,614,1433,5.0,7.450581e-09,1.383333,0.053,1.225,0.279,1
17.125,9.425,8.3,4.325,1.975,2.425,8.2,17.7,-4.275,-1.55,-0.175,0.25,-0.25,-0.275,-0.525,-4.55,25,19,22,17,17,13,24,22,28,22,26,20,21,23,28,21,1177,495,490,258,131,127,562,1093,5.0,7.450581e-09,1.383333,0.054,1.225,0.278,1
12.85,7.875,8.125,4.575,1.725,2.15,7.675,13.15,0.775,-0.4,-1.75,-0.85,-0.25,-0.15,1.1,2.775,23,18,26,19,12,15,21,20,27,20,26,23,21,24,27,26,855,376,513,303,107,132,515,823,5.0,7.450581e-09,1.383333,0.056,1.226,0.276,1
13.625,7.475,6.375,3.725,1.475,2.0,8.775,15.925,1.275,1.05,-0.5,-0.525,0.125,0.45,1.0,-0.4,17,21,19,16,6,17,19,21,23,22,26,19,23,19,27,28,803,390,391,218,86,124,578,1059,5.0,7.450581e-09,1.383333,0.057,1.226,0.275,1
14.9,8.525,5.875,3.2,1.6,2.45,9.775,15.525,-2.225,-0.35,0.95,0.35,0.2,-0.275,-1.0,-3.5,17,22,20,14,8,15,17,23,20,26,23,19,24,17,27,24,731,499,329,169,88,139,574,962,5.0,7.450581e-09,1.383333,0.057,1.226,0.274,1
12.675,8.175,6.825,3.55,1.8,2.175,8.775,12.025,2.275,-0.075,0.425,1.075,-0.275,-0.45,0.175,1.3,17,20,21,15,16,13,21,19,17,27,21,23,25,16,27,22,574,457,417,202,102,117,560,714,5.0,7.450581e-09,1.383333,0.058,1.227,0.273,1
14.95,8.1,7.25,4.625,1.525,1.725,8.95,13.325,1.175,0.725,0.55,1.15,0.05,0.125,0.125,3.2,20,21,17,19,18,12,26,18,22,26,20,25,27,20,28,23,859,459,453,281,99,111,607,779,5.0,7.450581e-09,1.383333,0.058,1.227,0.274,1
16.125,8.825,7.8,5.775,1.575,1.85,9.075,16.525,0.375,-0.05,2.725,0.575,0.275,0.325,-0.9,-1.575,23,21,22,20,17,12,22,23,26,25,21,24,24,19,25,25,1056,526,498,365,103,114,630,1063,5.0,7.450581e-09,1.383333,0.057,1.227,0.275,1
16.5,8.775,10.525,6.35,1.85,2.175,8.175,14.95,-1.25,-1.85,1.25,-0.325,-0.075,0.025,-0.25,-1.35,23,22,25,23,14,14,20,23,22,24,27,27,22,14,24,27,1029,549,684,398,118,129,525,1017,5.0,7.450581e-09,1.383333,0.057,1.226,0.276,1
15.25,6.925,11.775,6.025,1.775,2.2,7.925,13.6,-1.675,0.775,-1.6,-1.35,0.1,-0.1,0.775,1.4,17,19,23,22,10,12,20,22,20,23,25,25,20,17,28,26,776,418,772,379,98,148,514,923,5.0,7.450581e-09,1.383333,0.057,1.225,0.276,1
13.575,7.7,10.175,4.675,1.875,2.1,8.7,15.0,3.25,2.95,0.8,0.05,0.2,0.2,2.725,-1.5,15,21,22,18,12,14,16,25,24,28,28,26,21,17,27,26,738,534,674,289,105,126,598,1018,5.0,7.450581e-09,1.383333,0.057,1.224,0.277,1
16.825,10.65,10.975,4.725,2.075,2.3,11.425,13.5,0.575,-0.15,-1.35,0.45,0.0,0.15,0.65,0.85,21,24,22,19,13,12,15,23,28,31,27,26,24,17,26,24,1073,734,625,269,108,116,702,801,5.0,7.450581e-09,1.383333,0.057,1.222,0.278,1
17.4,10.5,9.625,5.175,2.075,2.45,12.075,14.35,-2.4,-1.8,-1.2,0.025,-0.25,-0.15,-4.2,0.05,19,21,20,18,12,13,19,20,23,26,23,21,17,22,26,26,1010,705,528,300,103,133,744,741,5.0,7.450581e-09,1.383333,0.057,1.221,0.279,1
15.0,8.7,8.425,5.2,1.825,2.3,7.875,14.4,0.075,0.05,-0.15,-0.55,-0.3,-0.425,-1.825,-1.0,20,22,19,18,12,17,17,26,23,26,27,20,18,22,27,29,864,569,495,309,97,137,507,840,5.0,7.450581e-09,1.383333,0.058,1.221,0.279,1
15.075,8.75,8.275,4.65,1.525,1.875,6.05,13.4,-0.025,2.625,-0.525,-0.75,0.125,-0.1,1.625,0.075,21,18,21,17,9,16,17,24,29,25,26,19,16,20,27,27,932,511,517,275,72,112,366,683,5.0,7.450581e-09,1.383333,0.058,1.221,0.279,1
15.05,11.375,7.75,3.9,1.65,1.775,7.675,13.475,-0.925,-1.475,0.275,-0.475,0.1,0.125,0.825,-3.275,22,20,19,15,10,16,19,16,27,24,26,18,17,18,23,24,992,654,480,208,77,102,447,616,5.0,7.450581e-09,1.383333,0.057,1.22,0.28,1
14.125,9.9,8.025,3.425,1.75,1.9,8.5,10.2,1.125,-2.45,0.05,0.65,0.0,-0.1,1.35,0.175,22,24,22,16,12,19,19,17,24,25,30,18,22,19,25,23,885,620,525,172,96,107,431,543,5.0,7.450581e-09,1.383333,0.057,1.22,0.279,1
15.25,7.45,8.075,4.075,1.75,1.8,9.85,10.375,-1.1,1.125,3.225,0.825,0.2,-0.05,-0.125,2.225,21,19,26,20,13,16,23,21,25,24,28,20,20,25,29,24,938,470,581,248,98,110,612,615,5.0,7.450581e-09,1.383333,0.057,1.22,0.279,1
14.15,8.575,11.3,4.9,1.95,1.75,9.725,12.6,-0.1,0.625,0.325,-0.725,0.325,0.6,-0.85,0.8,19,19,24,22,14,11,17,25,23,22,26,26,20,22,25,26,827,490,692,308,90,101,552,851,5.0,7.450581e-09,1.383333,0.057,1.221,0.278,1
14.05,9.2,11.625,4.175,2.275,2.35,8.875,13.4,4.375,-0.575,-2.05,0.525,0.1,0.775,2.35,-2.125,18,20,26,25,12,11,15,27,20,25,27,26,18,15,25,28,767,519,735,274,107,112,481,931,5.0,7.450581e-09,1.383333,0.057,1.221,0.278,1
18.425,8.625,9.575,4.7,2.375,3.125,11.225,11.275,0.35,-0.95,0.025,0.725,-0.325,-0.475,0.35,-1.7,18,15,20,22,11,12,20,23,21,25,22,27,18,16,23,27,976,465,571,288,125,152,677,705,5.0,7.450581e-09,1.383333,0.056,1.221,0.278,1
18.775,7.675,9.6,5.425,2.05,2.65,11.575,9.575,-3.15,1.05,0.475,-0.25,-0.1,-0.6,-0.8,-0.575,16,14,20,19,12,13,22,20,24,25,24,28,19,19,24,23,1044,407,609,334,112,142,762,587,5.0,7.450581e-09,1.383333,0.056,1.22,0.279,1
15.625,8.725,10.075,5.175,1.95,2.05,10.775,9.0,-1.6,-0.6,0.875,-0.375,-0.1,0.075,0.3,2.175,18,22,21,19,10,10,19,23,26,26,24,24,17,21,26,24,997,507,607,306,89,117,736,592,5.0,7.450581e-09,1.383333,0.056,1.219,0.279,1
14.025,8.125,10.95,4.8,1.85,2.125,11.075,11.175,-2.4,-1.125,-1.525,-1.1,0.0,0.175,0.25,2.175,24,21,18,17,13,11,17,28,27,25,25,27,17,23,22,30,958,488,592,284,90,115,673,765,5.0,7.450581e-09,1.383333,0.056,1.219,0.278,1
11.625,7.0,9.425,3.7,1.85,2.3,11.325,13.35,2.625,0.1,-1.675,0.075,-0.4,-0.15,-1.325,-2.075,22,18,24,17,18,15,16,27,23,24,28,24,22,21,20,28,747,401,550,217,102,123,601,858,5.0,7.450581e-09,1.383333,0.056,1.219,0.278,1
14.25,7.1,7.75,3.775,1.45,2.15,10.0,11.275,0.7,3.0,-0.3,0.5,-0.15,-0.45,-1.9,-1.2,20,18,20,21,13,16,17,27,23,25,23,21,22,22,23,28,907,416,475,239,90,118,577,731,5.0,7.450581e-09,1.383333,0.057,1.218,0.278,1
14.95,10.1,7.45,4.275,1.3,1.7,8.1,10.075,-1.625,0.3,-0.25,-0.15,0.275,0.05,-1.25,2.6,25,21,19,22,7,10,23,29,29,27,24,18,20,16,24,28,1032,668,459,248,78,86,497,649,5.0,7.450581e-09,1.383333,0.057,1.217,0.278,1
13.325,10.4,7.2,4.125,1.575,1.75,6.85,12.675,-0.3,-1.4,1.2,0.275,0.225,0.675,1.05,1.075,23,20,24,18,11,8,18,26,27,25,26,21,19,14,23,26,826,645,444,252,82,100,383,803,5.0,7.450581e-09,1.383333,0.058,1.217,0.278,1
13.025,9.0,8.4,4.4,1.8,2.425,7.9,13.75,-0.425,1.8,1.025,-0.15,0.1,-0.05,1.05,-3.6,20,20,24,18,11,13,19,23,28,24,22,28,18,23,26,24,808,512,504,285,92,152,487,845,5.0,7.450581e-09,1.383333,0.058,1.216,0.279,1
12.6,10.8,9.425,4.25,1.9,2.375,8.95,10.15,2.475,-1.15,-0.775,-0.45,-0.125,-0.425,-0.375,-3.025,21,22,20,18,10,14,24,21,25,22,22,23,22,24,29,23,752,599,550,238,102,132,556,604,5.0,7.450581e-09,1.383333,0.058,1.216,0.28,1
15.075,9.65,8.65,3.8,1.775,1.95,8.575,7.125,1.375,-0.45,0.75,0.85,-0.025,-0.075,0.5,0.325,22,20,19,17,15,15,22,19,24,21,24,24,25,22,29,22,906,543,475,198,112,108,505,434,5.0,7.450581e-09,1.383333,0.059,1.216,0.281,1
16.45,9.2,9.4,4.65,1.75,1.875,9.075,7.45,-0.1,0.425,0.35,0.425,-0.1,0.125,-0.65,0.35,23,20,23,21,14,18,21,18,26,24,26,27,20,21,28,23,995,561,598,295,100,112,575,499,5.0,7.450581e-09,1.383333,0.059,1.216,0.281,1
16.35,9.625,9.75,5.075,1.65,2.0,8.425,7.8,-2.675,-0.875,0.225,0.025,0.0,0.275,0.9,2.175,21,25,22,21,12,18,22,20,22,28,24,22,17,24,27,25,996,660,619,315,82,125,529,494,5.0,7.450581e-09,1.383333,0.059,1.215,0.282,1
13.675,8.75,9.975,5.1,1.65,2.275,9.325,9.975,0.8,0.25,-0.925,-0.2,0.275,0.175,0.4,1.675,24,20,18,17,12,20,25,22,24,24,22,19,18,25,26,24,911,568,604,293,91,141,588,637,5.0,7.450581e-09,1.383333,0.059,1.216,0.282,1
14.475,9.0,9.05,4.9,1.925,2.45,9.725,11.65,1.575,0.025,-1.65,-1.025,0.025,-0.275,-0.075,-2.525,26,18,21,18,14,20,22,21,26,20,26,24,19,20,26,22,990,546,625,314,111,142,638,703,5.0,7.450581e-09,1.383333,0.06,1.216,0.282,1
16.05,9.025,7.4,3.875,1.95,2.175,9.65,9.125,-1.925,-0.75,-0.525,-0.575,-0.4,-0.35,-0.95,-0.175,24,20,23,22,14,13,19,20,26,23,25,24,23,19,24,21,1108,573,497,239,115,107,596,525,5.0,7.450581e-09,1.383333,0.06,1.216,0.282,1
14.125,8.275,6.875,3.3,1.55,1.825,8.7,8.95,-1.35,0.3,-0.025,0.325,-0.05,0.0,-0.775,-0.025,25,22,19,22,12,11,23,18,26,29,24,24,28,21,30,25,924,533,422,186,97,93,544,520,5.0,7.450581e-09,1.383333,0.06,1.216,0.282,1
12.775,8.575,6.85,3.625,1.5,1.825,7.925,8.925,-0.225,-0.45,1.7,1.025,0.025,0.275,0.5,0.775,22,21,17,18,18,13,21,21,21,29,28,25,29,26,30,27,777,562,394,203,101,113,547,555,5.0,7.450581e-09,1.383333,0.061,1.216,0.282,1
12.55,8.125,8.55,4.65,1.525,2.1,8.425,9.7,0.5,0.35,-0.525,0.075,0.025,-0.1,1.625,2.575,21,17,18,16,15,11,19,24,22,26,30,24,19,20,29,26,776,489,499,249,90,122,563,691,5.0,7.450581e-09,1.383333,0.061,1.216,0.282,1
13.05,8.475,8.025,4.725,1.55,2.0,10.05,12.275,0.075,0.375,-0.425,-0.05,0.15,-0.4,-0.375,-0.725,20,22,20,18,12,8,17,22,24,23,26,25,20,20,27,24,791,528,500,285,82,106,590,817,5.0,7.450581e-09,1.383333,0.062,1.215,0.283,1
0.975,1.625,1.55,1.2,0.925,0.825,0.825,1.025,-0.125,-0.025,-0.175,0.075,0.025,0.025,0.1,-0.05,4,9,7,4,2,3,3,2,17,21,19,15,13,9,19,24,61,98,60,45,37,29,47,50,6.0,0.3833334,0.6166667,0.237,0.702,0.046,1
0.85,1.6,1.375,1.275,0.95,0.85,0.925,0.975,0.0,0.0,-0.35,-0.15,0.025,0.0,0.125,-0.075,3,11,6,8,1,2,4,1,15,19,18,19,17,11,18,20,46,89,59,58,38,29,45,41,6.0,0.3833334,0.6166667,0.237,0.702,0.045,1
0.85,1.6,1.025,1.125,0.975,0.85,1.05,0.9,0.15,0.0,0.225,-0.075,0.05,0.1,-0.1,-0.075,5,18,9,11,2,3,5,1,13,19,23,16,22,11,13,15,43,90,63,60,47,33,38,36,6.0,0.3833334,0.6166667,0.238,0.702,0.045,1
1.0,1.6,1.25,1.05,1.025,0.95,0.95,0.825,0.05,0.05,0.075,0.125,0.225,-0.075,0.05,-0.025,4,10,10,9,6,3,4,2,13,19,21,17,18,16,10,7,47,79,58,56,47,36,27,30,6.0,0.3833334,0.6166667,0.237,0.702,0.045,1
1.05,1.65,1.325,1.175,1.25,0.875,1.0,0.8,-0.05,-0.05,-0.05,0.0,-0.075,-0.125,0.075,0.075,1,12,7,9,10,2,5,2,15,21,15,17,15,17,17,10,48,93,49,57,45,37,41,30,6.0,0.3833334,0.6166667,0.237,0.702,0.045,1
1.0,1.6,1.275,1.175,1.175,0.75,1.075,0.875,0.025,-0.2,0.1,0.025,-0.175,0.125,0.15,0.075,1,12,9,12,8,1,5,2,15,20,20,24,11,17,18,13,45,94,61,62,40,35,49,33,6.0,0.3833334,0.6166667,0.237,0.702,0.044,1
1.025,1.4,1.375,1.2,1.0,0.875,1.225,0.95,-0.15,0.325,0.175,0.075,0.05,0.025,-0.025,0.025,8,9,10,9,4,5,10,5,22,21,18,16,16,17,17,17,56,87,63,47,37,43,52,49,6.0,0.3833334,0.6166667,0.237,0.702,0.044,1
0.875,1.725,1.55,1.275,1.05,0.9,1.2,0.975,0.2,-0.025,-0.125,-0.225,0.15,-0.025,-0.125,-0.1,9,13,10,6,6,5,7,4,20,24,14,14,25,16,15,14,52,104,68,42,55,44,42,45,6.0,0.3833334,0.6166667,0.237,0.702,0.044,1
1.075,1.7,1.425,1.05,1.2,0.875,1.075,0.875,0.275,-0.05,0.05,0.0,-0.025,0.175,-0.075,0.05,5,11,9,6,5,1,5,3,17,18,14,19,23,12,18,15,51,91,63,48,57,31,42,40,6.0,0.3833334,0.6166667,0.237,0.702,0.044,1
1.35,1.65,1.475,1.05,1.175,1.05,1.0,0.925,-0.325,0.1,-0.025,0.075,-0.225,0.025,-0.175,0.1,5,14,8,5,1,5,5,3,20,21,13,16,18,18,19,18,62,92,67,52,42,44,45,44,6.0,0.3833334,0.6166667,0.237,0.702,0.044,1
1.025,1.75,1.45,1.125,0.95,1.075,0.825,1.025,-0.275,-0.225,-0.275,-0.05,0.025,-0.125,-0.025,0.075,3,12,9,4,3,6,2,6,17,25,15,16,20,21,16,18,54,95,71,55,44,50,40,51,6.0,0.3833334,0.6166667,0.237,0.702,0.045,1
0.75,1.525,1.175,1.075,0.975,0.95,0.8,1.1,0.25,-0.15,-0.1,0.175,0.0,0.125,0.05,0.0,3,9,4,2,1,2,2,11,14,20,14,16,19,12,8,19,40,87,51,46,44,35,32,60,6.0,0.3833334,0.6166667,0.237,0.703,0.047,1
1.0,1.375,1.075,1.25,0.975,1.075,0.85,1.1,0.075,0.1,0.275,-0.125,-0.075,-0.025,-0.025,-0.175,11,7,2,5,1,3,1,5,22,16,15,12,13,11,12,15,58,78,46,39,33,35,33,43,6.0,0.3833334,0.6166667,0.237,0.703,0.048,1
1.075,1.475,1.35,1.125,0.9,1.05,0.825,0.925,-0.15,0.075,0.325,-0.175,0.1,-0.05,-0.1,-0.075,12,9,5,4,2,6,1,1,22,19,16,12,12,17,18,12,59,79,63,44,30,48,35,31,6.0,0.3833334,0.6166667,0.236,0.703,0.047,1
0.925,1.55,1.675,0.95,1.0,1.0,0.725,0.85,0.05,0.1,0.125,0.1,-0.075,-0.15,0.175,0.025,5,13,10,0,3,6,2,5,16,19,18,14,12,23,11,18,44,79,77,37,30,54,28,42,6.0,0.3833334,0.6166667,0.236,0.703,0.046,1
0.975,1.65,1.8,1.05,0.925,0.85,0.9,0.875,0.075,0.125,-0.05,-0.125,0.025,-0.05,0.125,0.075,6,13,11,2,2,3,3,4,19,16,22,14,10,21,12,17,43,89,92,40,28,45,34,40,6.0,0.3833334,0.6166667,0.236,0.702,0.045,1
1.05,1.775,1.75,0.925,0.95,0.8,1.025,0.95,0.0,-0.125,-0.025,-0.075,0.125,0.125,-0.1,0.125,8,11,12,1,1,3,5,2,23,16,22,18,16,20,18,13,51,89,89,40,40,43,45,35,6.0,0.3833334,0.6166667,0.237,0.702,0.045,1
1.05,1.65,1.725,0.85,1.075,0.925,0.925,1.075,0.025,0.15,0.1,-0.125,-0.125,-0.075,0.0,-0.025,8,13,15,0,4,3,4,7,18,21,24,19,19,18,19,13,50,84,94,35,48,41,50,50,6.0,0.3833334,0.6166667,0.237,0.702,0.045,1
1.075,1.8,1.825,0.725,0.95,0.85,0.925,1.05,-0.1,0.2,-0.15,0.125,-0.125,0.175,-0.05,-0.15,3,14,13,1,4,1,6,7,14,27,22,9,18,8,15,20,36,108,102,30,41,26,49,56,6.0,0.3833334,0.6166667,0.237,0.701,0.045,1
0.975,2.0,1.675,0.85,0.825,1.025,0.875,0.9,-0.075,-0.25,-0.1,0.25,0.2,0.0,0.125,-0.1,2,16,11,1,2,1,7,3,18,23,17,10,18,11,14,18,46,125,84,40,35,25,48,39,6.0,0.3833334,0.6166667,0.237,0.701,0.045,1
0.9,1.75,1.575,1.1,1.025,1.025,1.0,0.8,0.025,-0.275,-0.175,0.0,0.1,-0.125,0.05,0.05,6,14,7,3,3,2,6,3,18,18,19,19,13,17,15,19,52,100,71,55,36,37,52,39,6.0,0.3833334,0.6166667,0.237,0.701,0.045,1
0.925,1.475,1.4,1.1,1.125,0.9,1.05,0.85,-0.1,0.025,-0.175,0.025,-0.15,0.175,-0.25,0.05,6,10,6,8,3,5,7,5,20,20,17,17,13,18,16,23,43,79,58,50,35,41,50,44,6.0,0.3833334,0.6166667,0.237,0.701,0.045,1
0.825,1.5,1.225,1.125,0.975,1.075,0.8,0.9,0.225,-0.175,0.0,-0.125,0.025,-0.025,0.05,0.025,2,10,11,9,4,6,5,6,19,22,16,13,21,17,14,21,37,79,58,45,45,42,40,41,6.0,0.3833334,0.6166667,0.237,0.701,0.045,1
1.05,1.325,1.225,1.0,1.0,1.05,0.85,0.925,0.125,0.375,0.275,0.025,-0.025,-0.125,0.15,0.0,7,10,10,7,8,3,6,3,20,21,23,12,18,17,13,12,49,75,70,41,52,41,40,30,6.0,0.3833334,0.6166667,0.237,0.702,0.045,1
1.175,1.7,1.5,1.025,0.975,0.925,1.0,0.925,-0.15,0.275,-0.025,0.2,-0.2,-0.05,-0.05,-0.125,6,13,11,10,4,1,4,2,15,20,25,19,12,14,16,12,57,102,96,52,40,35,43,35,6.0,0.3833334,0.6166667,0.237,0.702,0.046,1
1.025,1.975,1.475,1.225,0.775,0.875,0.95,0.8,-0.075,-0.45,-0.275,-0.05,0.0,-0.05,-0.05,0.225,3,12,8,12,0,0,0,2,15,19,25,22,12,8,15,11,57,114,98,65,30,26,32,34,6.0,0.3833334,0.6166667,0.237,0.702,0.045,1
0.95,1.525,1.2,1.175,0.775,0.825,0.9,1.025,-0.1,0.05,0.025,-0.075,0.15,0.05,-0.075,0.0,4,12,3,8,0,2,4,4,16,20,22,16,15,10,12,7,51,94,71,56,37,34,34,36,6.0,0.3833334,0.6166667,0.237,0.702,0.045,1
0.85,1.575,1.225,1.1,0.925,0.875,0.825,1.025,0.1,-0.15,0.125,-0.15,0.15,0.125,0.025,-0.075,6,14,6,3,1,2,5,2,19,26,22,13,14,15,9,7,51,100,66,44,42,44,37,34,6.0,0.3833334,0.6166667,0.237,0.702,0.045,1
0.95,1.425,1.35,0.95,1.075,1.0,0.85,0.95,0.05,-0.2,-0.025,-0.15,-0.025,0.075,0.1,0.1,10,11,7,1,6,2,1,1,17,23,20,11,19,13,13,12,55,82,72,39,48,40,34,36,6.0,0.3833334,0.6166667,0.237,0.701,0.045,1
1.0,1.225,1.325,0.8,1.05,1.075,0.95,1.05,0.05,0.2,-0.05,0.05,-0.1,0.1,0.075,-0.1,10,5,11,1,8,3,1,4,15,15,20,11,21,9,17,13,56,64,73,33,52,32,40,38,6.0,0.3833334,0.6166667,0.237,0.701,0.045,1
1.05,1.425,1.275,0.85,0.95,1.175,1.025,0.95,0.1,0.025,-0.125,0.275,0.15,-0.075,0.075,-0.15,10,6,11,5,2,2,1,4,19,10,18,15,14,11,12,10,57,71,63,37,40,32,42,34,6.0,0.3833334,0.6166667,0.237,0.701,0.045,1
1.15,1.45,1.15,1.125,1.1,1.1,1.1,0.8,0.025,0.0,-0.025,0.075,0.1,-0.075,0.0,0.075,6,9,8,7,2,5,1,2,17,16,14,17,10,16,13,13,52,71,52,50,36,39,41,35,6.0,0.3833334,0.6166667,0.237,0.701,0.045,1
1.175,1.45,1.125,1.2,1.2,1.025,1.1,0.875,-0.25,-0.175,0.275,-0.075,-0.075,-0.15,-0.125,0.075,5,9,9,5,3,5,5,4,17,14,17,14,14,18,17,14,57,63,60,55,41,51,45,39,6.0,0.3833334,0.6166667,0.237,0.701,0.045,1
0.925,1.275,1.4,1.125,1.125,0.875,0.975,0.95,0.0,0.175,0.05,0.525,0.55,1.2,0.95,0.025,3,7,13,7,5,4,5,6,13,16,20,16,16,13,21,17,45,62,81,64,44,46,44,43,6.0,0.3833334,0.6166667,0.237,0.701,0.045,1
0.925,1.45,1.45,1.65,1.675,2.075,1.925,0.975,0.4,0.9,3.05,2.025,2.5,2.8,1.35,0.475,4,8,14,9,10,7,8,6,15,22,26,18,20,11,19,18,49,85,86,77,81,102,103,44,6.0,0.3833334,0.6166667,0.237,0.701,0.045,1
1.325,2.35,4.5,3.675,4.175,4.875,3.275,1.45,1.675,6.85,15.275,2.6,1.225,0.575,0.45,1.2,9,15,11,13,17,17,16,14,25,24,20,18,24,22,20,22,81,139,276,175,209,302,190,78,6.0,0.3833334,0.6166667,0.239,0.702,0.045,1
3.0,9.2,19.775,6.275,5.4,5.45,3.725,2.65,1.1,5.875,20.425,1.3,-1.525,-1.925,-0.675,1.575,13,17,16,18,17,17,16,14,23,25,16,19,16,21,19,23,148,489,1085,285,247,316,188,127,6.0,0.3833334,0.6166667,0.247,0.709,0.042,1
4.1,15.075,40.2,7.575,3.875,3.525,3.05,4.225,-0.9,-4.15,-4.875,-1.925,-1.4,-1.6,-1.35,-0.775,19,20,23,16,16,14,16,15,24,24,25,23,18,21,21,24,224,856,2420,388,179,203,153,237,6.0,0.3833334,0.6166667,0.263,0.725,0.043,1
3.2,10.925,35.325,5.65,2.475,1.925,1.7,3.45,-0.75,-4.075,-16.75,-1.025,-0.35,-0.25,0.425,-1.3,23,22,25,13,16,14,15,18,30,24,29,26,28,24,21,21,214,683,2159,359,151,137,102,202,6.0,0.3833334,0.6166667,0.284,0.746,0.06,1
2.45,6.85,18.575,4.625,2.125,1.675,2.125,2.15,6.775,-1.7,-7.775,0.375,0.55,1.025,4.0,2.775,18,18,21,12,12,14,17,13,24,23,24,22,24,22,22,19,159,401,1094,262,119,104,124,117,6.0,0.3833334,0.6166667,0.304,0.766,0.103,1
9.225,5.15,10.8,5.0,2.675,2.7,6.125,4.925,13.025,0.6,-3.45,-0.7,0.225,1.2,1.7,8.875,18,16,21,17,11,12,20,11,23,25,22,20,16,16,22,20,550,259,661,267,120,147,399,279,6.0,0.3833334,0.6166667,0.318,0.78,0.162,1
22.25,5.75,7.35,4.3,2.9,3.9,7.825,13.8,12.4,3.7,0.45,0.025,0.0,0.7,0.35,4.6,23,15,23,16,15,13,18,19,28,23,28,20,22,24,23,25,1427,298,463,217,153,234,498,884,6.0,0.3833334,0.6166667,0.324,0.785,0.217,1
34.65,9.45,7.8,4.325,2.9,4.6,8.175,18.4,-0.625,0.05,-1.525,-0.025,-0.35,-0.9,0.725,-5.075,24,20,20,14,15,19,17,23,29,24,28,22,23,26,26,28,2298,588,510,209,168,290,520,1164,6.0,0.3833334,0.6166667,0.325,0.786,0.26,1
34.025,9.5,6.275,4.3,2.55,3.7,8.9,13.325,-5.5,-2.675,-0.1,0.525,-0.025,-1.075,-0.45,2.775,23,23,19,14,13,21,19,25,24,28,23,20,20,25,26,28,2161,629,367,229,145,224,554,872,6.0,0.3833334,0.6166667,0.329,0.783,0.29,1
28.525,6.825,6.175,4.825,2.525,2.625,8.45,16.1,-1.6,0.075,1.025,-0.125,-0.25,-0.3,1.425,1.825,23,18,17,16,14,17,21,25,23,24,20,21,20,25,26,29,1711,429,346,299,144,138,506,978,6.0,0.3833334,0.6166667,0.336,0.777,0.309,1
26.925,6.9,7.2,4.7,2.275,2.325,9.875,17.925,-4.35,-0.225,-1.15,-0.775,-0.225,0.5,1.625,-5.1,22,17,16,18,13,11,23,21,27,22,24,21,16,21,23,24,1814,439,403,276,122,113,606,1007,6.0,0.3833334,0.6166667,0.341,0.771,0.32,1
22.575,6.675,6.05,3.925,2.05,2.825,11.5,12.825,-1.325,-0.175,0.95,1.0,-0.025,0.175,0.725,-0.05,24,23,18,21,14,18,23,22,31,27,23,28,17,23,20,25,1587,422,361,234,97,160,681,761,6.0,0.3833334,0.6166667,0.346,0.765,0.326,1
21.25,6.5,7.0,4.925,2.025,3.0,12.225,12.775,-1.875,1.35,1.05,0.375,0.05,-0.225,-1.175,0.05,25,22,17,23,19,24,27,21,31,27,23,30,26,23,24,23,1367,414,398,302,105,176,783,767,6.0,0.3833334,0.6166667,0.349,0.761,0.331,1
19.375,7.85,8.05,5.3,2.075,2.775,11.05,12.825,-0.975,0.95,-1.975,-0.75,0.5,0.35,-1.75,-0.55,19,22,18,19,17,23,27,21,26,29,21,21,27,21,27,22,1144,522,428,281,123,175,726,770,6.0,0.3833334,0.6166667,0.349,0.759,0.334,1
18.4,8.8,6.075,4.55,2.575,3.125,9.3,12.275,-1.85,-0.875,0.25,0.225,0.2,-0.075,3.75,1.925,18,24,19,15,17,21,24,25,21,27,21,16,26,19,26,26,1081,563,341,213,145,182,574,801,6.0,0.3833334,0.6166667,0.349,0.759,0.336,1
16.55,7.925,6.325,4.775,2.775,3.05,13.05,14.2,-2.9,-1.75,0.025,-0.15,-0.175,-0.225,3.475,2.675,24,20,16,15,17,15,26,26,25,25,26,20,26,20,25,28,1095,489,392,231,170,183,846,1005,6.0,0.3833334,0.6166667,0.348,0.76,0.337,1
13.65,6.175,6.35,4.625,2.6,2.825,16.525,16.875,2.775,0.375,-0.1,-0.225,-0.65,-0.4,-4.35,0.075,21,20,16,20,14,14,25,28,24,24,23,26,26,21,27,31,826,357,373,245,152,166,1081,1251,6.0,0.3833334,0.6166667,0.347,0.762,0.337,1
16.425,6.55,6.25,4.4,1.95,2.425,12.175,16.95,2.125,1.3,1.175,0.0,0.025,0.1,-0.625,-2.825,22,21,18,19,11,16,20,26,26,22,23,26,26,20,25,27,1014,383,338,248,103,135,721,1154,6.0,0.3833334,0.6166667,0.346,0.763,0.336,1
18.55,7.85,7.425,4.4,1.975,2.525,11.55,14.125,-0.075,0.275,0.9,0.05,0.625,0.775,1.425,-2.825,26,20,21,20,14,13,23,15,27,25,28,28,25,18,28,21,1139,521,442,288,89,140,782,856,6.0,0.3833334,0.6166667,0.346,0.765,0.337,1
18.475,8.125,8.325,4.45,2.6,3.3,12.975,11.3,4.575,-0.45,-0.075,-0.575,0.45,0.25,-2.0,0.85,24,16,21,18,13,18,26,15,24,22,25,21,25,21,28,23,1155,450,495,276,129,195,850,686,6.0,0.3833334,0.6166667,0.346,0.766,0.337,1
23.05,7.675,8.25,3.875,3.05,3.55,10.975,12.15,-0.475,-1.025,-0.525,0.075,-0.475,-0.5,0.0,0.3,24,17,21,16,9,20,21,23,24,20,25,19,26,23,20,26,1365,417,496,239,147,215,635,776,6.0,0.3833334,0.6166667,0.346,0.766,0.337,1
22.575,6.65,7.725,3.95,2.575,3.05,10.975,12.45,-3.525,-0.025,-0.775,-0.125,-0.925,-0.575,0.6,-0.325,23,21,21,17,11,16,19,26,26,22,21,24,24,24,23,27,1262,406,452,250,121,177,636,812,6.0,0.3833334,0.6166667,0.346,0.766,0.337,1
19.05,6.625,6.95,3.825,1.65,2.475,11.575,12.125,-0.05,0.8,-1.65,-0.825,-0.1,-0.475,-1.775,-1.575,23,27,22,22,14,15,24,18,28,25,18,25,20,26,27,22,1179,439,418,246,95,146,778,694,6.0,0.3833334,0.6166667,0.346,0.765,0.337,1
19.0,7.425,5.3,3.0,1.55,2.0,9.8,10.55,3.0,-1.075,-0.35,0.0,0.325,0.65,0.3,0.275,24,26,17,20,16,16,25,18,27,28,23,25,18,26,29,21,1249,488,345,198,83,135,694,683,6.0,0.3833334,0.6166667,0.346,0.765,0.337,1
22.0,6.35,4.95,3.0,1.875,2.65,10.1,10.825,3.1,-1.075,0.65,0.1,0.15,0.4,1.275,4.15,24,18,14,12,13,16,22,24,28,26,20,20,20,25,26,28,1399,373,280,169,101,147,679,797,6.0,0.3833334,0.6166667,0.346,0.765,0.337,1
25.1,5.275,5.6,3.1,2.025,3.05,11.375,14.975,-4.875,0.7,-0.725,0.05,-0.1,-0.45,0.725,0.9,23,15,17,13,8,17,21,22,26,22,24,17,18,20,23,29,1594,297,312,145,103,148,753,1030,6.0,0.3833334,0.6166667,0.346,0.765,0.336,1
20.225,5.975,4.875,3.15,1.925,2.6,12.1,15.875,-2.3,1.1,1.175,0.55,-0.2,-0.675,0.575,-1.7,25,15,17,17,12,19,23,21,26,18,26,23,18,20,26,24,1300,326,324,176,98,140,718,940,6.0,0.3833334,0.6166667,0.346,0.765,0.336,1
17.925,7.075,6.05,3.7,1.725,1.925,12.675,14.175,1.025,-0.275,0.775,0.525,-0.175,-0.2,-2.2,-2.725,20,17,20,21,14,16,25,21,22,22,25,29,19,18,27,22,1052,422,392,247,90,105,781,820,6.0,0.3833334,0.6166667,0.347,0.764,0.336,1
18.95,6.8,6.825,4.225,1.55,1.725,10.475,11.45,-2.675,-0.675,-1.0,-0.45,0.2,0.15,-1.75,-1.0,20,22,18,19,11,10,20,19,24,27,27,21,15,21,19,25,1128,440,431,247,73,94,586,719,6.0,0.3833334,0.6166667,0.347,0.765,0.336,1
16.275,6.125,5.825,3.775,1.75,1.875,8.725,10.45,-0.125,0.0,0.2,-0.45,0.15,0.25,-0.45,-1.275,22,22,19,20,11,13,22,22,26,26,25,19,12,22,22,28,1057,378,392,219,94,115,492,701,6.0,0.3833334,0.6166667,0.348,0.765,0.336,1
16.15,6.125,6.025,3.325,1.9,2.125,8.275,9.175,0.175,0.975,0.025,0.425,-0.3,0.2,-0.975,-0.9,22,21,18,19,14,20,26,19,24,28,25,23,17,22,28,28,927,405,397,207,106,128,567,540,6.0,0.3833334,0.6166667,0.348,0.765,0.337,1
16.325,7.1,6.05,3.75,1.6,2.325,7.3,8.275,0.05,0.775,-0.175,0.2,0.225,-0.125,1.025,1.35,23,17,16,22,15,18,23,18,24,19,25,26,22,27,25,32,972,399,391,242,87,136,493,528,6.0,0.3833334,0.6166667,0.349,0.766,0.337,1
16.375,7.875,5.875,3.95,1.825,2.2,8.325,9.625,0.225,-1.2,-0.075,-0.475,0.175,-0.125,0.625,-0.1,19,16,18,20,14,9,21,23,28,14,25,21,23,19,27,30,1036,378,363,250,94,116,525,608,6.0,0.3833334,0.6166667,0.348,0.766,0.337,1
16.6,6.675,5.8,3.475,2.0,2.075,8.95,9.525,-2.825,0.75,1.325,0.4,-0.275,-0.125,-1.425,-1.025,19,19,19,13,11,10,21,18,26,21,27,17,23,14,28,25,977,357,405,222,104,105,531,563,6.0,0.3833334,0.6166667,0.348,0.766,0.337,1
13.775,7.425,7.125,3.875,1.725,1.95,7.525,8.5,1.925,-0.45,0.475,0.325,-0.025,0.125,1.0,-0.95,22,22,17,13,9,12,19,19,26,28,23,19,20,21,24,25,798,476,477,247,90,110,463,507,6.0,0.3833334,0.6166667,0.347,0.765,0.337,1
15.7,6.975,7.6,4.2,1.7,2.075,8.525,7.55,-0.5,-1.425,-1.175,-0.425,0.275,-0.1,-1.1,-1.325,21,20,17,13,11,13,17,28,26,27,22,20,19,20,23,31,981,461,440,273,85,117,502,540,6.0,0.3833334,0.6166667,0.347,0.765,0.336,1
15.2,5.55,6.425,3.775,1.975,1.975,7.425,6.225,-0.925,2.125,-0.925,-0.55,-0.025,0.35,0.15,1.625,21,20,14,13,18,10,20,21,23,24,22,18,22,18,24,27,941,361,373,229,113,94,441,393,6.0,0.3833334,0.6166667,0.347,0.765,0.336,1
14.275,7.675,5.5,3.225,1.95,2.325,7.575,7.85,-0.3,-0.6,-0.625,-0.375,-0.375,-0.025,5.0,0.4,28,25,16,13,19,13,25,14,28,28,21,16,21,23,26,27,999,523,345,171,123,121,481,505,6.0,0.3833334,0.6166667,0.347,0.764,0.335,1
13.975,7.075,4.875,2.85,1.575,2.3,12.575,8.25,-2.2,-1.375,0.05,0.175,0.125,-0.425,-0.55,-0.975,28,23,18,14,13,15,26,13,29,29,21,21,18,26,27,26,994,492,302,159,87,136,821,553,6.0,0.3833334,0.6166667,0.347,0.764,0.336,1
11.775,5.7,4.925,3.025,1.7,1.875,12.025,7.275,-0.475,0.775,0.825,0.125,0.325,0.275,-4.2,1.55,21,18,15,14,13,10,22,18,25,26,21,25,17,25,24,24,669,354,296,177,83,105,730,494,6.0,0.3833334,0.6166667,0.347,0.765,0.336,1
11.3,6.475,5.75,3.15,2.025,2.15,7.825,8.825,1.1,0.475,0.45,0.125,-0.025,-0.05,0.425,-0.15,24,23,16,19,20,12,20,25,27,30,22,23,21,20,22,25,669,389,335,197,121,120,464,601,6.0,0.3833334,0.6166667,0.347,0.765,0.337,1
12.4,6.95,6.2,3.275,2.0,2.1,8.25,8.675,-0.6,0.025,-0.625,0.3,-0.25,-0.05,0.95,-0.75,24,18,15,20,16,13,22,23,26,23,24,21,21,14,24,22,735,390,354,205,111,105,508,540,6.0,0.3833334,0.6166667,0.346,0.765,0.336,1
11.8,6.975,5.575,3.575,1.75,2.05,9.2,7.925,0.275,-1.675,-0.375,0.05,0.05,0.425,0.95,-0.675,23,18,20,14,14,16,23,21,25,22,25,21,24,17,24,24,759,406,350,202,92,107,543,514,6.0,0.3833334,0.6166667,0.347,0.764,0.336,1
12.075,5.3,5.2,3.625,1.8,2.475,10.15,7.25,0.025,-0.775,1.075,0.425,0.0,-0.1,-2.025,-0.2,23,21,20,14,19,22,22,21,25,27,22,21,23,24,22,23,766,339,310,211,103,150,602,442,6.0,0.3833334,0.6166667,0.347,0.764,0.335,1
12.1,4.525,6.275,4.05,1.8,2.375,8.125,7.05,-3.775,0.175,1.05,0.15,-0.275,-0.5,-3.125,0.225,21,20,21,18,18,17,25,19,26,26,19,23,20,25,27,20,789,266,352,237,101,142,487,381,6.0,0.3833334,0.6166667,0.347,0.763,0.335,1
8.325,4.7,7.325,4.2,1.525,1.875,5.0,7.275,2.05,0.225,0.3,-0.425,0.025,0.075,2.25,-0.45,18,21,21,17,12,9,25,17,27,27,21,24,23,21,27,20,531,275,408,242,96,102,321,397,6.0,0.3833334,0.6166667,0.347,0.762,0.335,1
10.375,4.925,7.625,3.775,1.55,1.95,7.25,6.825,1.95,1.575,-1.35,-0.875,0.05,0.0,0.0,-0.075,18,24,17,17,9,12,19,16,30,28,24,26,18,17,23,23,640,334,427,230,86,112,435,387,6.0,0.3833334,0.6166667,0.347,0.762,0.335,1
12.325,6.5,6.275,2.9,1.6,1.95,7.25,6.75,-0.325,-0.125,-0.95,-0.4,-0.15,0.025,-0.775,1.75,20,27,15,15,12,14,20,18,26,28,22,28,18,18,27,25,722,433,388,178,83,118,443,425,6.0,0.3833334,0.6166667,0.346,0.762,0.336,1
12.0,6.375,5.325,2.5,1.45,1.975,6.475,8.5,-0.8,-0.2,0.15,0.7,0.05,0.3,1.025,1.1,23,26,19,16,10,16,24,20,24,27,23,22,23,23,30,26,687,393,321,149,84,123,419,559,6.0,0.3833334,0.6166667,0.346,0.762,0.336,1
11.2,6.175,5.475,3.2,1.5,2.275,7.5,9.6,-0.45,-0.9,-0.475,0.525,0.125,-0.375,1.7,-1.9,22,22,21,17,9,15,23,22,24,26,25,21,19,21,29,27,690,367,333,189,68,119,456,614,6.0,0.3833334,0.6166667,0.346,0.762,0.336,1
10.75,5.275,5.0,3.725,1.625,1.9,9.2,7.7,-0.3,-1.475,0.625,-0.3,0.125,-0.225,-0.625,-0.825,16,19,14,17,11,12,21,25,20,23,20,22,20,17,25,27,595,315,291,193,71,79,564,514,6.0,0.3833334,0.6166667,0.346,0.762,0.337,1
10.45,3.8,5.625,3.425,1.75,1.675,8.575,6.875,-0.075,0.675,0.3,-0.65,0.1,0.4,-2.65,0.975,22,18,17,15,10,15,20,24,23,22,20,20,20,18,22,26,669,239,293,161,89,86,537,432,6.0,0.3833334,0.6166667,0.345,0.762,0.337,1
10.375,4.475,5.925,2.775,1.85,2.075,5.925,7.85,-0.3,0.55,-1.025,0.55,0.375,-0.175,2.375,-0.075,28,20,19,15,14,17,15,18,31,23,21,19,20,20,19,21,729,269,334,144,99,122,337,455,6.0,0.3833334,0.6166667,0.345,0.762,0.338,1
10.075,5.025,4.9,3.325,2.225,1.9,8.3,7.775,-0.5,-0.5,1.075,0.425,0.1,-0.275,2.05,-1.1,22,25,18,16,15,16,23,19,28,28,20,22,18,20,27,19,607,299,299,194,108,116,576,459,6.0,0.3833334,0.6166667,0.345,0.762,0.338,1
9.575,4.525,5.975,3.75,2.325,1.625,10.35,6.675,-4.075,-1.7,-1.325,-1.125,-0.825,-0.225,-4.575,-2.85,17,23,21,14,12,13,29,20,21,29,24,22,22,20,30,21,527,270,335,211,123,103,724,404,6.0,0.3833334,0.6166667,0.345,0.762,0.338,1
5.5,2.825,4.65,2.625,1.5,1.4,5.775,3.825,-4.475,-1.275,-3.075,-1.025,-0.5,-0.375,-4.55,-2.475,11,12,16,13,7,8,18,11,17,27,20,17,17,17,22,24,277,153,252,136,74,79,382,208,6.0,0.3833334,0.6166667,0.298,0.734,0.21,1
1.025,1.55,1.575,1.6,1.0,1.025,1.225,1.35,-0.15,-0.1,-0.4,-0.35,0.15,-0.15,-0.225,-0.35,4,11,8,11,3,2,6,7,16,26,15,15,11,13,13,22,43,86,59,77,36,42,60,57,6.0,0.3833334,0.6166667,0.245,0.704,0.068,1
0.875,1.45,1.175,1.25,1.15,0.875,1.0,1.0,0.125,-0.15,0.1,-0.025,0.075,-0.1,-0.05,0.0,3,15,8,9,3,1,4,4,11,22,20,19,14,9,9,13,32,79,59,61,40,28,34,35,6.0,0.3833334,0.6166667,0.24,0.701,0.053,1
1.0,1.3,1.275,1.225,1.225,0.775,0.95,1.0,-0.075,0.0,-0.05,0.05,-0.2,-0.1,-0.25,0.025,6,10,6,5,5,0,2,0,13,19,21,14,11,12,10,12,37,63,64,52,44,30,33,29,6.0,0.3833334,0.6166667,0.24,0.701,0.053,1
0.925,1.3,1.225,1.275,1.025,0.675,0.7,1.025,-0.05,0.025,-0.225,0.0,-0.1,0.125,0.125,-0.075,5,7,5,7,3,0,2,3,17,19,15,13,11,16,15,14,43,63,55,43,43,37,35,34,6.0,0.3833334,0.6166667,0.24,0.701,0.053,1
0.875,1.325,1.0,1.275,0.925,0.8,0.825,0.95,0.125,0.0,0.275,0.075,0.275,0.375,0.175,0.2,6,8,3,12,2,4,3,6,18,22,15,19,10,14,17,16,49,78,44,55,37,36,38,42,6.0,0.3833334,0.6166667,0.24,0.701,0.053,1
1.0,1.325,1.275,1.35,1.2,1.175,1.0,1.15,-0.175,0.325,2.45,0.525,0.8,0.4,0.25,0.125,4,5,5,10,7,6,5,5,18,24,21,21,14,19,12,13,44,67,59,57,56,50,40,44,6.0,0.3833334,0.6166667,0.24,0.701,0.053,1
0.825,1.65,3.725,1.875,2.0,1.575,1.25,1.275,0.4,2.925,11.4,0.9,0.275,0.5,0.025,-0.225,5,7,7,9,10,8,8,7,16,19,22,17,14,28,16,11,36,79,182,81,91,73,59,42,6.0,0.3833334,0.6166667,0.241,0.702,0.054,1
1.225,4.575,15.125,2.775,2.275,2.075,1.275,1.05,0.775,3.8,11.4,0.675,-0.225,0.475,-0.1,0.15,12,15,14,14,8,12,6,7,19,20,23,19,13,20,17,14,75,305,886,154,106,94,58,48,6.0,0.3833334,0.6166667,0.245,0.706,0.06,1
2.0,8.375,26.525,3.45,2.05,2.55,1.175,1.2,0.375,1.4,7.35,0.625,-0.15,-0.05,0.325,1.125,16,22,20,18,10,14,7,9,23,27,26,21,17,17,20,16,130,578,1689,203,105,121,66,68,6.0,0.3833334,0.6166667,0.255,0.716,0.074,1
2.375,9.775,33.875,4.075,1.9,2.5,1.5,2.325,-0.25,-2.35,-6.1,-0.35,0.125,-0.625,-0.025,0.075,16,22,21,16,15,18,12,11,24,26,27,22,22,22,25,19,153,582,1980,195,116,156,88,130,6.0,0.3833334,0.6166667,0.269,0.733,0.103,1
2.125,7.425,27.775,3.725,2.025,1.875,1.475,2.4,-0.125,-3.475,-15.85,-0.2,-0.125,-0.25,0.375,-0.25,8,15,21,18,13,15,10,14,22,24,22,21,24,23,24,20,125,418,1506,170,122,114,77,136,6.0,0.3833334,0.6166667,0.287,0.755,0.149,1
2.0,3.95,11.925,3.525,1.9,1.625,1.85,2.15,11.825,0.95,-5.975,0.5,0.075,0.55,2.5,6.825,9,15,19,21,9,9,7,18,16,24,21,16,16,20,17,18,97,266,709,192,99,93,117,109,6.0,0.3833334,0.6166667,0.303,0.775,0.202,1
13.825,4.9,5.95,4.025,1.975,2.175,4.35,8.975,15.025,2.55,-1.1,-0.3,0.0,0.15,2.95,7.05,20,19,16,21,12,9,10,15,20,27,21,22,24,17,16,19,759,283,326,238,118,115,260,459,6.0,0.3833334,0.6166667,0.311,0.791,0.245,1
28.85,7.45,4.85,3.725,1.975,2.325,7.3,16.025,-5.1,-1.05,0.5,-0.2,-0.45,-0.225,0.55,-0.35,20,18,17,18,13,11,17,18,27,30,23,26,24,20,23,27,1519,443,284,208,128,130,441,841,6.0,0.3833334,0.6166667,0.312,0.799,0.275,1
23.75,6.4,5.35,3.525,1.525,2.1,7.85,15.675,-10.225,-1.4,-0.25,-0.475,0.15,0.125,1.375,-4.575,20,18,18,19,13,15,18,22,28,28,24,23,17,24,22,29,1246,371,322,192,96,135,465,920,6.0,0.3833334,0.6166667,0.311,0.8,0.289,1
13.525,5.0,5.1,3.05,1.675,2.225,9.225,11.1,0.475,0.0,1.425,0.3,0.275,-0.025,0.4,-0.375,26,18,17,19,15,15,17,22,27,21,20,20,20,23,26,26,902,283,281,181,86,129,534,745,6.0,0.3833334,0.6166667,0.312,0.798,0.294,1
14.0,5.0,6.525,3.35,1.95,2.2,9.625,10.725,0.325,0.075,0.2,0.9,-0.075,0.075,-0.25,0.8,29,19,20,15,14,15,22,25,29,19,18,19,21,26,30,31,931,273,384,185,97,127,618,762,6.0,0.3833334,0.6166667,0.313,0.797,0.297,1
14.325,5.075,6.725,4.25,1.875,2.275,9.375,11.525,-2.1,0.625,-1.475,0.325,0.05,0.325,-0.2,-3.075,26,26,21,18,12,15,23,26,26,26,23,21,21,25,28,28,952,310,424,246,98,120,622,750,6.0,0.3833334,0.6166667,0.314,0.797,0.298,1
12.225,5.7,5.25,4.575,1.925,2.6,9.175,8.45,-2.475,-0.875,1.0,-0.35,0.075,0.375,0.3,0.325,22,23,20,22,12,14,24,17,26,25,23,25,16,20,28,19,805,359,341,285,95,133,611,427,6.0,0.3833334,0.6166667,0.313,0.798,0.299,1
9.75,4.825,6.25,4.225,2.0,2.975,9.475,8.775,-1.05,-0.95,0.65,-0.4,-0.325,-0.55,1.15,-0.25,23,14,18,17,9,15,23,20,28,21,24,24,13,16,26,20,630,282,402,277,102,160,641,511,6.0,0.3833334,0.6166667,0.311,0.799,0.3,1
8.7,3.875,6.9,3.825,1.675,2.425,10.625,8.525,0.625,0.225,-1.2,-0.075,-0.125,-0.3,-0.625,-0.275,24,18,23,19,8,15,19,21,25,21,24,24,14,16,22,25,555,208,446,235,87,125,643,528,6.0,0.3833334,0.6166667,0.309,0.799,0.3,1
9.325,4.1,5.7,3.75,1.55,2.125,10.0,8.25,-1.625,-0.45,-0.5,-0.525,-0.15,-0.175,-0.025,1.325,22,26,24,19,11,14,19,23,23,27,23,25,21,24,23,28,581,242,362,225,78,112,534,544,6.0,0.3833334,0.6166667,0.306,0.8,0.3,1
7.7,3.65,5.2,3.225,1.4,1.95,9.975,9.575,-0.075,-0.425,0.05,-0.2,-0.05,-0.175,-0.175,-0.3,23,22,20,17,6,10,19,23,24,28,22,25,22,19,24,29,488,212,297,194,59,101,546,635,6.0,0.3833334,0.6166667,0.304,0.801,0.302,1
7.625,3.225,5.25,3.025,1.35,1.775,9.8,9.275,1.6,0.975,-0.225,0.25,0.075,-0.075,-0.9,-0.75,20,15,19,18,8,10,16,20,20,22,25,24,16,18,23,26,483,190,301,177,56,100,591,594,6.0,0.3833334,0.6166667,0.303,0.802,0.303,1
9.225,4.2,5.025,3.275,1.425,1.7,8.9,8.525,-0.85,0.75,1.075,0.225,0.175,-0.375,-0.7,-1.125,20,19,19,17,11,9,16,21,23,23,24,19,16,20,23,24,586,264,301,190,75,99,525,541,6.0,0.3833334,0.6166667,0.302,0.803,0.304,1
8.375,4.95,6.1,3.5,1.6,1.325,8.2,7.4,-1.7,-0.425,0.325,-0.025,0.2,0.3,-0.9,-0.3,20,20,21,20,15,11,21,19,27,29,23,24,20,22,27,28,516,315,346,203,87,84,532,470,6.0,0.3833334,0.6166667,0.302,0.803,0.305,1
6.675,4.525,6.425,3.475,1.8,1.625,7.3,7.1,-0.6,-0.2,0.025,0.75,-0.025,0.125,0.5,0.425,18,19,23,19,17,11,17,16,23,26,28,23,21,20,26,25,409,294,393,203,89,85,469,432,6.0,0.3833334,0.6166667,0.302,0.802,0.306,1
6.075,4.325,6.45,4.225,1.775,1.75,7.8,7.525,1.875,-0.6,-0.675,-0.375,-0.1,0.175,0.65,-0.05,20,24,21,19,13,7,14,20,26,26,26,20,19,15,23,24,392,302,379,254,84,82,476,450,6.0,0.3833334,0.6166667,0.302,0.803,0.306,1
7.95,3.725,5.775,3.85,1.675,1.925,8.45,7.475,0.925,0.7,-0.95,-0.35,-0.15,-0.125,-1.05,-0.475,19,17,23,19,9,12,17,20,28,26,25,19,21,16,26,26,503,220,358,236,86,99,503,479,6.0,0.3833334,0.6166667,0.301,0.803,0.307,1
8.875,4.425,4.825,3.5,1.525,1.8,7.4,7.0,-1.95,2.225,0.15,0.175,-0.275,-0.325,-1.1,-1.1,20,14,21,15,10,17,18,15,27,25,27,19,25,22,27,25,547,277,321,194,83,98,420,462,6.0,0.3833334,0.6166667,0.301,0.805,0.308,1
6.925,6.65,4.975,3.675,1.25,1.475,6.3,5.9,0.5,-1.05,0.2,-0.275,0.125,0.025,1.525,0.875,24,22,20,19,10,14,20,18,30,27,24,25,20,22,24,25,431,421,318,240,65,84,338,396,6.0,0.3833334,0.6166667,0.3,0.805,0.309,1
7.425,5.6,5.175,3.4,1.375,1.5,7.825,6.775,1.175,-1.875,0.875,0.4,0.2,-0.05,2.55,2.225,27,19,26,21,10,11,21,23,31,24,24,25,21,12,22,28,497,351,344,221,80,71,466,492,6.0,0.3833334,0.6166667,0.299,0.805,0.309,1
8.6,3.725,6.05,3.8,1.575,1.45,10.375,9.0,-1.025,0.975,0.35,-0.3,-0.225,0.125,-0.675,-0.3,27,19,24,23,9,12,26,25,26,23,25,27,20,16,25,28,568,233,376,229,85,72,624,586,6.0,0.3833334,0.6166667,0.298,0.804,0.309,1
7.575,4.7,6.4,3.5,1.35,1.575,9.7,8.7,-0.9,1.175,0.35,-0.025,0.2,0.125,-1.9,-0.625,21,22,18,21,7,11,23,23,21,24,22,26,11,20,29,27,461,268,356,204,63,81,611,568,6.0,0.3833334,0.6166667,0.297,0.803,0.308,1
6.675,5.875,6.75,3.475,1.55,1.7,7.8,8.075,0.925,0.65,2.275,1.475,0.275,-0.025,0.4,0.025,13,21,15,14,13,11,19,20,20,22,22,19,18,20,29,27,353,345,389,188,91,94,511,533,6.0,0.3833334,0.6166667,0.296,0.802,0.308,1
7.6,6.525,9.025,4.95,1.825,1.675,8.2,8.1,0.2,-0.35,1.2,0.425,0.05,0.425,0.0,-0.35,19,21,16,17,14,13,23,22,26,23,24,19,19,19,26,26,434,440,511,269,101,97,511,514,6.0,0.3833334,0.6166667,0.296,0.802,0.308,1
7.8,6.175,10.225,5.375,1.875,2.1,8.2,7.75,-1.35,-1.475,-3.275,-1.75,-0.35,-0.2,-0.575,-0.4,26,21,21,19,19,15,23,25,30,25,23,20,24,21,24,25,524,419,603,308,107,117,504,491,6.0,0.3833334,0.6166667,0.296,0.803,0.308,1
6.45,4.7,6.95,3.625,1.525,1.9,7.625,7.35,-0.45,-0.575,-0.2,-0.375,-0.275,-0.425,1.05,0.1,25,17,21,13,13,14,20,23,27,25,24,16,25,20,22,22,455,286,405,202,89,107,466,468,6.0,0.3833334,0.6166667,0.296,0.803,0.308,1
6.0,4.125,6.75,3.25,1.25,1.475,8.675,7.45,1.6,0.65,0.675,0.325,0.425,0.775,0.725,-0.375,20,16,22,16,5,9,15,20,28,25,24,19,20,18,20,23,381,226,444,185,61,79,521,460,6.0,0.3833334,0.6166667,0.297,0.802,0.308,1
7.6,4.775,7.425,3.575,1.675,2.25,9.4,7.075,-0.05,-0.075,-1.7,-0.4,-0.025,-0.025,-0.45,-1.4,19,19,22,14,12,12,15,22,25,27,24,21,20,21,26,28,459,264,494,194,87,125,556,459,6.0,0.3833334,0.6166667,0.297,0.801,0.308,1
7.55,4.7,5.725,3.175,1.65,2.225,8.95,5.675,-0.675,-0.45,0.45,0.375,-0.2,-0.55,-0.95,0.05,18,16,19,12,12,15,20,24,22,19,23,19,22,19,27,28,428,253,377,185,86,125,486,370,6.0,0.3833334,0.6166667,0.297,0.801,0.307,1
6.875,4.25,6.175,3.55,1.45,1.675,8.0,5.725,0.325,0.475,0.75,-0.05,0.275,0.05,-0.325,0.85,21,14,21,15,8,11,27,17,30,21,23,22,19,17,28,21,470,235,367,192,65,80,535,326,6.0,0.3833334,0.6166667,0.297,0.801,0.307,1
7.2,4.725,6.925,3.5,1.725,1.725,7.675,6.575,-0.9,1.225,0.125,-0.05,-0.2,0.05,-0.15,0.05,22,17,19,17,9,14,23,15,28,23,21,21,17,17,26,18,461,246,387,184,80,91,517,328,6.0,0.3833334,0.6166667,0.296,0.801,0.308,1
6.3,5.95,7.05,3.45,1.525,1.775,7.525,6.625,0.35,0.15,0.15,1.0,0.025,0.025,-0.2,0.6,25,19,20,18,8,16,20,19,26,21,23,27,19,19,24,22,402,334,445,210,72,93,485,376,6.0,0.3833334,0.6166667,0.296,0.802,0.308,1
6.65,6.1,7.2,4.45,1.55,1.8,7.325,7.225,0.075,-1.575,-0.2,-0.025,0.1,0.05,0.025,-0.175,26,16,19,17,5,13,26,21,29,22,24,26,17,21,28,25,459,360,433,256,79,95,520,463,6.0,0.3833334,0.6166667,0.296,0.801,0.308,1
6.725,4.525,7.0,4.425,1.65,1.85,7.35,7.05,-0.425,0.325,0.725,-0.275,-0.075,0.075,1.725,0.425,26,16,16,16,8,14,23,22,29,24,21,23,16,24,23,24,448,278,375,214,76,96,454,446,6.0,0.3833334,0.6166667,0.295,0.801,0.307,1
6.3,4.85,7.725,4.15,1.575,1.925,9.075,7.475,0.25,0.45,1.15,0.7,0.2,-0.125,-1.275,0.825,24,23,21,17,14,18,18,23,24,27,26,26,24,28,20,24,385,305,487,222,87,109,521,480,6.0,0.3833334,0.6166667,0.294,0.8,0.308,1
6.55,5.3,8.875,4.85,1.775,1.8,7.8,8.3,-0.65,-0.6,-1.425,-0.35,-0.2,-0.2,-1.25,-1.725,20,26,25,18,14,13,19,23,24,29,30,27,22,22,21,22,373,336,580,281,93,97,480,510,6.0,0.3833334,0.6166667,0.293,0.799,0.308,1
5.9,4.7,7.45,4.5,1.575,1.6,6.55,6.575,-0.35,-0.2,-0.875,-0.875,-0.25,-0.075,0.875,0.125,19,24,23,18,12,10,19,22,23,24,24,22,20,17,24,23,346,300,469,255,80,81,339,412,6.0,0.3833334,0.6166667,0.293,0.799,0.308,1
5.55,4.5,6.575,3.625,1.325,1.525,7.425,6.7,1.7,0.2,0.3,0.35,0.175,-0.025,-0.55,1.275,16,20,16,15,6,7,20,26,23,25,24,23,22,21,27,26,341,277,335,185,79,90,446,460,6.0,0.3833334,0.6166667,0.294,0.8,0.308,1
7.25,4.7,6.875,3.975,1.5,1.5,6.875,7.975,1.375,-0.075,0.35,0.175,0.1,0.3,-0.6,0.375,19,19,14,16,9,8,21,20,25,29,23,21,21,23,25,23,461,296,366,232,82,82,425,466,6.0,0.3833334,0.6166667,0.294,0.8,0.309,1
8.625,4.625,7.225,4.15,1.6,1.8,6.275,8.35,-0.2,-0.075,0.2,0.0,-0.075,0.35,0.625,-0.05,26,20,20,20,14,10,19,19,28,30,25,22,19,16,22,25,585,309,468,255,85,93,358,513,6.0,0.3833334,0.6166667,0.294,0.8,0.309,1
8.425,4.55,7.425,4.15,1.525,2.15,6.9,8.3,-0.45,1.075,-0.775,-0.575,0.125,0.175,2.075,0.85,25,21,26,18,10,13,21,24,24,26,27,26,21,19,23,25,540,317,509,245,83,118,445,574,6.0,0.3833334,0.6166667,0.294,0.8,0.31,1
7.975,5.625,6.65,3.575,1.65,2.325,8.975,9.15,-1.275,0.375,0.3,-0.125,0.2,0.075,-0.175,-0.5,25,23,23,14,9,13,24,25,24,29,23,23,23,22,27,26,499,361,417,216,89,118,632,637,6.0,0.3833334,0.6166667,0.293,0.8,0.31,1
6.7,6.0,6.95,3.45,1.85,2.4,8.8,8.65,0.125,-0.45,0.5,0.7,-0.075,-0.3,-0.3,-2.375,23,22,26,16,15,14,17,25,24,29,25,21,22,20,26,26,419,372,444,201,111,122,546,591,6.0,0.3833334,0.6166667,0.293,0.8,0.311,1
6.825,5.55,7.45,4.15,1.775,2.1,8.5,6.275,1.325,0.45,-1.5,-0.475,-0.3,-0.15,1.2,0.15,16,17,24,18,18,13,23,23,22,22,24,22,26,20,28,23,412,351,446,237,118,125,560,423,6.0,0.3833334,0.6166667,0.293,0.8,0.311,1
8.15,6.0,5.95,3.675,1.475,1.95,9.7,6.425,1.0,0.2,-0.65,-0.575,-0.125,-0.175,-2.35,-0.175,19,16,15,14,14,10,29,16,25,23,22,21,23,22,30,23,499,356,322,221,89,124,658,378,6.0,0.3833334,0.6166667,0.292,0.8,0.312,1
9.15,6.2,5.3,3.1,1.35,1.775,7.35,6.25,-0.5,-0.775,1.125,0.95,0.0,-0.375,-1.45,-1.225,21,23,11,13,13,11,23,17,23,27,20,20,21,21,26,25,513,388,261,178,80,106,446,378,6.0,0.3833334,0.6166667,0.292,0.799,0.312,1
8.65,5.425,6.425,4.05,1.35,1.4,5.9,5.025,-1.35,0.675,1.25,0.85,0.075,-0.15,2.3,1.5,18,22,14,15,10,10,19,24,21,27,22,24,24,21,22,28,427,324,358,220,73,76,327,345,6.0,0.3833334,0.6166667,0.292,0.799,0.312,1
7.3,6.1,7.675,4.9,1.425,1.25,8.2,6.525,-0.025,0.55,-0.625,-0.9,0.1,0.275,0.6,0.35,18,20,19,17,11,6,18,21,23,26,31,24,24,25,20,29,390,376,520,282,78,71,481,436,6.0,0.3833334,0.6166667,0.291,0.8,0.312,1
7.275,6.65,7.05,4.0,1.525,1.525,8.8,6.875,-2.675,-2.5,-2.55,-1.55,-0.275,-0.075,-3.775,-3.275,18,20,23,20,12,3,23,20,23,26,28,22,19,24,23,27,423,423,473,233,83,89,595,473,6.0,0.3833334,0.6166667,0.29,0.799,0.312,1
4.6,4.15,4.5,2.45,1.25,1.45,5.025,3.6,-3.125,-1.975,-0.475,-0.55,-0.15,-0.35,-3.7,-2.325,15,17,20,12,7,2,16,15,19,20,22,20,14,19,24,20,270,239,287,138,61,73,345,245,6.0,0.3833334,0.6166667,0.266,0.752,0.198,1
1.475,2.175,4.025,1.9,1.1,1.1,1.325,1.275,-0.475,-0.175,0.1,-0.125,-0.025,-0.1,-0.3,-0.25,9,15,16,8,6,5,7,9,16,22,22,19,14,19,14,18,67,128,231,85,48,50,59,62,6.0,0.3833334,0.6166667,0.239,0.7,0.072,1
1.0,2.0,4.125,1.775,1.075,1.0,1.025,1.025,-0.075,-0.3,-0.75,-0.3,-0.05,-0.025,0.075,0.05,5,13,19,12,4,6,8,5,7,25,26,20,12,22,16,15,41,117,252,84,39,51,47,37,6.0,0.3833334,0.6166667,0.237,0.695,0.059,1
0.925,1.7,3.375,1.475,1.025,0.975,1.1,1.075,0.25,0.05,-0.1,0.175,0.15,0.075,-0.125,-0.275,4,13,21,14,5,4,5,2,8,27,28,18,15,19,17,9,39,110,236,81,46,43,50,37,6.0,0.3833334,0.6166667,0.237,0.695,0.059,1
1.175,1.75,3.275,1.65,1.175,1.05,0.975,0.8,0.025,0.0,-0.025,-0.3,-0.05,-0.1,-0.1,-0.15,10,11,22,15,12,6,4,3,17,24,26,23,16,18,13,13,57,108,235,100,55,46,39,43,6.0,0.3833334,0.6166667,0.237,0.695,0.059,1
1.2,1.75,3.25,1.35,1.125,0.95,0.875,0.65,0.0,0.225,1.4,0.175,0.375,0.35,0.25,0.25,8,13,19,12,6,6,4,3,20,23,23,23,10,18,13,22,64,97,207,80,33,47,35,44,6.0,0.3833334,0.6166667,0.236,0.695,0.059,1
1.2,1.975,4.65,1.525,1.5,1.3,1.125,0.9,0.3,2.95,9.2,2.1,1.5,1.2,0.725,0.15,9,12,18,11,4,4,5,5,14,22,23,17,10,17,12,21,56,108,281,76,51,53,41,46,6.0,0.3833334,0.6166667,0.236,0.696,0.06,1
1.5,4.925,13.85,3.625,3.0,2.5,1.85,1.05,0.45,3.85,11.925,0.625,-0.025,-0.2,0.175,0.575,13,18,24,15,12,10,10,7,21,25,26,22,21,15,14,20,72,322,899,216,178,136,97,58,6.0,0.3833334,0.6166667,0.239,0.7,0.063,1
1.95,8.775,25.775,4.25,2.975,2.3,2.025,1.625,0.575,1.7,-4.425,-1.25,-1.225,-1.025,-0.625,0.025,13,26,25,20,16,11,10,12,28,27,28,27,27,15,20,25,116,593,1641,268,190,143,116,99,6.0,0.3833334,0.6166667,0.25,0.711,0.075,1
2.525,10.475,21.35,3.0,1.75,1.275,1.4,1.65,1.0,-3.3,-11.35,0.8,0.2,0.575,1.2,1.05,15,23,23,16,12,5,7,14,25,25,26,24,21,14,19,22,156,676,1351,179,94,64,74,96,6.0,0.3833334,0.6166667,0.268,0.729,0.103,1
3.525,7.175,10.0,3.8,1.95,1.85,2.6,2.7,13.75,-3.475,-4.6,0.225,0.55,1.55,6.025,6.8,14,19,18,13,12,6,6,10,19,20,20,20,18,16,21,20,197,389,624,193,87,62,93,137,6.0,0.3833334,0.6166667,0.29,0.752,0.152,1
17.275,3.7,5.4,4.025,2.5,3.4,8.625,9.5,18.8,1.95,-0.875,-0.45,-0.4,-0.1,1.6,8.075,17,20,20,16,15,13,12,16,20,22,21,19,21,21,22,23,908,218,336,206,142,161,461,563,6.0,0.3833334,0.6166667,0.308,0.776,0.216,1
36.075,5.65,4.525,3.575,2.1,3.3,10.225,17.575,-6.4,0.675,0.575,-0.3,-0.4,-0.8,-4.55,-0.8,18,19,22,16,13,18,21,18,24,24,24,19,24,26,25,27,2047,332,289,216,130,185,623,1079,6.0,0.3833334,0.6166667,0.311,0.791,0.268,1
29.675,6.325,5.1,3.275,1.7,2.5,5.675,16.775,-14.775,-0.75,0.425,0.175,-0.05,-0.225,1.725,-4.9,17,18,21,20,14,16,19,16,24,24,28,22,20,24,24,25,1721,356,346,200,91,151,363,980,6.0,0.3833334,0.6166667,0.309,0.793,0.297,1
14.9,5.575,5.525,3.45,1.65,2.275,7.4,11.875,-3.9,-0.475,-0.075,0.425,-0.05,-0.05,1.75,2.975,21,19,18,18,11,14,18,20,25,24,25,25,19,21,23,26,908,306,310,186,89,137,416,727,6.0,0.3833334,0.6166667,0.311,0.791,0.311,1
11.0,5.1,5.45,3.875,1.6,2.225,9.15,14.85,0.925,-0.15,-0.325,0.225,0.15,0.175,0.025,0.85,23,19,13,14,6,14,18,23,27,26,20,22,23,21,21,27,758,305,273,201,98,125,487,952,6.0,0.3833334,0.6166667,0.313,0.79,0.317,1
11.925,4.95,5.125,4.1,1.75,2.4,9.175,15.7,1.425,0.8,1.375,1.7,0.025,0.2,1.375,-3.75,27,22,17,17,8,17,19,26,28,26,21,21,22,22,24,26,807,304,300,213,101,147,565,1039,6.0,0.3833334,0.6166667,0.315,0.789,0.321,1
13.35,5.75,6.5,5.8,1.775,2.6,10.55,11.95,-1.05,-0.4,0.175,-0.25,-0.35,-0.1,-0.95,-0.575,29,27,20,19,12,22,27,23,29,29,24,22,22,23,29,28,896,392,413,338,99,154,713,775,6.0,0.3833334,0.6166667,0.317,0.787,0.325,1
12.3,5.35,6.675,5.55,1.425,2.5,9.6,11.375,-0.95,-0.475,0.875,-0.5,-0.25,-0.525,-0.9,-0.825,27,25,19,21,9,15,28,20,28,29,25,26,23,21,30,27,876,348,434,358,75,132,671,763,6.0,0.3833334,0.6166667,0.318,0.783,0.328,1
11.35,4.875,7.55,5.05,1.175,1.975,8.7,10.55,-2.1,-0.05,1.275,0.05,0.35,-0.025,0.425,-0.275,24,24,19,20,7,13,19,20,27,27,23,22,23,22,26,22,776,316,456,296,69,119,527,651,6.0,0.3833334,0.6166667,0.318,0.78,0.33,1
9.25,4.825,8.825,5.1,1.525,1.95,9.125,10.275,-2.275,-0.275,-1.575,-1.475,0.075,-0.15,0.425,-1.0,22,19,17,19,7,12,17,25,24,22,26,22,22,23,23,29,591,282,557,300,82,110,504,718,6.0,0.3833334,0.6166667,0.316,0.779,0.33,1
6.975,4.55,7.25,3.625,1.6,1.8,9.55,9.275,-0.2,0.275,-1.4,-0.375,-0.1,-0.175,-0.875,-1.725,23,22,23,17,9,10,22,21,26,27,28,24,23,21,25,26,423,294,484,223,81,89,587,617,6.0,0.3833334,0.6166667,0.315,0.78,0.33,1
6.775,4.825,5.85,3.25,1.5,1.625,8.675,7.55,1.7,-0.15,-0.4,0.65,-0.025,0.25,-1.45,0.525,20,27,27,17,13,12,17,19,26,29,28,22,24,20,22,22,448,344,374,200,85,88,548,482,6.0,0.3833334,0.6166667,0.314,0.781,0.33,1
8.475,4.675,5.45,3.9,1.475,1.875,7.225,8.075,0.55,0.25,-0.1,-0.325,-0.025,0.05,0.375,-0.875,17,20,21,15,11,15,17,18,19,23,26,20,15,21,25,22,492,309,291,219,67,109,468,518,6.0,0.3833334,0.6166667,0.313,0.782,0.33,1
9.025,4.925,5.35,3.575,1.45,1.925,7.6,7.2,-0.4,0.95,0.625,-0.2,0.025,-0.15,1.1,0.2,19,22,20,16,12,17,26,16,20,26,25,23,14,20,29,20,528,327,305,223,65,107,512,432,6.0,0.3833334,0.6166667,0.312,0.784,0.329,1
8.625,5.875,5.975,3.375,1.475,1.775,8.7,7.4,0.85,-0.85,1.625,1.0,0.175,-0.025,0.8,2.7,23,22,21,16,14,17,26,18,26,25,24,24,24,22,26,20,559,361,333,204,89,96,585,440,6.0,0.3833334,0.6166667,0.312,0.785,0.329,1
9.475,5.025,7.6,4.375,1.65,1.75,9.5,10.1,-0.525,-0.35,0.475,0.375,-0.15,-0.05,-0.525,-1.825,18,19,20,17,12,18,26,21,26,24,22,22,26,26,29,22,564,298,445,247,100,104,653,632,6.0,0.3833334,0.6166667,0.312,0.785,0.329,1
8.95,4.675,8.075,4.75,1.5,1.7,8.975,8.275,-1.15,1.025,-2.175,-0.975,-0.4,-0.25,-2.0,-2.3,18,15,22,18,6,13,22,18,26,23,26,22,22,19,27,20,516,256,529,258,86,94,570,496,6.0,0.3833334,0.6166667,0.312,0.785,0.328,1
7.8,5.7,5.9,3.775,1.1,1.45,6.975,5.975,-0.775,-1.0,-1.425,-0.7,0.325,-0.175,0.075,0.725,22,15,19,15,1,11,19,17,27,23,23,19,21,16,21,24,509,320,379,205,58,71,406,350,6.0,0.3833334,0.6166667,0.312,0.784,0.328,1
7.025,4.7,4.475,3.075,1.425,1.275,7.05,6.7,0.45,-0.725,1.55,0.575,0.05,0.1,0.425,0.075,22,20,18,12,11,12,18,23,26,23,22,17,24,19,22,27,489,288,244,138,78,72,410,425,6.0,0.3833334,0.6166667,0.312,0.783,0.328,1
7.475,3.975,6.025,3.65,1.475,1.375,7.475,6.775,-0.525,0.7,0.65,-0.175,-0.1,0.125,-0.25,-0.15,23,18,26,14,12,11,21,23,23,24,28,23,22,21,25,24,486,228,378,189,84,80,476,418,6.0,0.3833334,0.6166667,0.312,0.783,0.329,1
6.95,4.675,6.675,3.475,1.375,1.5,7.225,6.625,-0.7,0.2,0.875,0.6,0.225,-0.075,-0.175,0.05,20,15,26,14,5,7,21,20,23,25,27,22,20,24,25,24,415,284,440,205,58,95,460,417,6.0,0.3833334,0.6166667,0.312,0.783,0.328,1
6.25,4.875,7.55,4.075,1.6,1.425,7.05,6.675,2.75,-0.425,-0.675,-0.275,-0.25,-0.05,1.675,1.475,19,15,21,16,10,6,20,20,25,25,27,23,24,21,24,29,409,320,491,244,75,85,415,408,6.0,0.3833334,0.6166667,0.313,0.783,0.328,1
9.0,4.45,6.875,3.8,1.35,1.375,8.725,8.15,-0.35,-0.1,-1.9,-1.125,-0.25,0.3,0.025,1.125,17,20,19,14,7,5,22,18,20,25,26,23,21,18,24,28,534,290,450,222,72,69,551,510,6.0,0.3833334,0.6166667,0.312,0.783,0.328,1
8.65,4.35,4.975,2.675,1.1,1.675,8.75,9.275,-1.6,0.35,0.75,0.575,0.275,0.075,-2.275,-1.6,15,21,20,10,4,13,22,19,15,22,28,17,19,20,20,25,420,259,329,134,59,93,557,569,6.0,0.3833334,0.6166667,0.311,0.783,0.328,1
7.05,4.7,5.725,3.25,1.375,1.75,6.475,7.675,1.525,-0.55,0.75,0.675,0.175,-0.025,1.6,-1.0,16,17,22,16,7,18,22,20,15,24,25,16,17,25,20,24,340,273,317,177,63,105,388,490,6.0,0.3833334,0.6166667,0.31,0.783,0.328,1
8.575,4.15,6.475,3.925,1.55,1.725,8.075,6.675,-0.85,-0.275,0.8,0.5,-0.05,-0.175,2.05,0.6,20,21,19,18,13,20,24,19,20,28,20,21,18,21,25,26,509,260,338,238,74,97,532,434,6.0,0.3833334,0.6166667,0.309,0.783,0.328,1
7.725,3.875,7.275,4.425,1.5,1.55,10.125,7.275,1.625,1.1,-0.125,-0.525,-0.05,-0.15,-0.3,-0.325,24,20,22,21,14,17,23,20,26,23,24,25,22,15,25,28,496,229,493,282,80,80,667,462,6.0,0.3833334,0.6166667,0.309,0.783,0.329,1
9.35,4.975,7.15,3.9,1.45,1.4,9.825,6.95,1.175,0.375,-0.875,-0.5,0.1,0.2,-0.85,-1.15,25,16,20,20,10,7,18,17,29,19,28,22,17,14,23,24,631,273,443,244,61,62,593,394,6.0,0.3833334,0.6166667,0.308,0.782,0.328,1
10.525,5.35,6.275,3.4,1.55,1.6,8.975,5.8,-3.975,-0.275,-0.675,0.425,-0.05,0.2,-0.175,0.875,20,17,17,17,9,12,20,18,26,24,26,20,20,17,26,24,626,310,349,194,76,76,585,352,6.0,0.3833334,0.6166667,0.308,0.782,0.329,1
6.55,5.075,5.6,3.825,1.5,1.8,8.8,6.675,0.075,-0.175,-0.325,0.375,-0.3,-0.2,-0.25,0.3,19,20,22,21,7,12,21,21,23,24,24,25,22,20,25,26,370,300,364,232,80,91,544,421,6.0,0.3833334,0.6166667,0.308,0.781,0.329,1
6.625,4.9,5.275,4.2,1.2,1.6,8.55,6.975,2.4,0.275,0.35,0.275,0.05,-0.225,-0.075,-0.3,22,24,20,17,7,11,25,22,27,27,25,22,21,27,29,27,438,328,355,234,62,97,595,446,6.0,0.3833334,0.6166667,0.308,0.781,0.329,1
9.025,5.175,5.625,4.475,1.25,1.375,8.475,6.675,-1.325,0.025,1.65,0.425,0.075,0.35,0.9,0.725,18,20,15,17,7,11,25,22,31,25,22,21,17,25,26,26,508,325,336,251,59,77,512,431,6.0,0.3833334,0.6166667,0.308,0.78,0.329,1
7.7,5.2,7.275,4.9,1.325,1.725,9.375,7.4,-0.25,-0.25,-0.05,-0.3,0.2,0.05,-1.15,-0.225,14,18,17,18,7,17,19,24,27,25,23,21,19,22,23,25,407,330,472,291,73,92,514,503,6.0,0.3833334,0.6166667,0.308,0.78,0.328,1
7.45,4.95,7.225,4.6,1.525,1.775,8.225,7.175,0.35,0.55,-2.45,-1.125,-0.1,-0.325,-0.7,-0.5,17,22,23,22,8,16,18,21,24,26,29,22,20,23,27,23,429,299,479,270,80,100,511,462,6.0,0.3833334,0.6166667,0.308,0.78,0.328,1
7.8,5.5,4.775,3.475,1.425,1.45,7.525,6.675,-0.175,-0.275,-0.3,-0.275,-0.175,0.075,0.5,-0.8,17,24,22,24,7,8,21,20,24,25,30,25,22,19,27,29,449,335,312,222,72,76,499,420,6.0,0.3833334,0.6166667,0.308,0.779,0.328,1
7.625,5.225,4.475,3.2,1.25,1.525,8.025,5.875,-0.05,-1.075,0.45,-0.025,0.075,0.05,-0.375,0.575,16,20,17,16,7,6,23,17,27,23,29,24,20,18,24,27,422,302,266,165,59,82,514,326,6.0,0.3833334,0.6166667,0.308,0.779,0.328,1
7.575,4.15,4.925,3.175,1.325,1.575,7.65,6.45,-1.425,-0.25,-0.675,-0.6,0.0,-0.25,-0.35,0.325,17,16,18,11,12,12,21,15,26,24,28,21,20,21,24,22,377,249,299,161,63,95,471,369,6.0,0.3833334,0.6166667,0.308,0.78,0.329,1
6.15,3.9,4.25,2.575,1.325,1.325,7.3,6.775,-0.25,0.175,0.175,0.275,-0.1,-0.15,0.4,-1.325,20,13,12,10,12,10,23,20,25,19,20,19,23,20,24,25,343,204,209,151,69,70,428,411,6.0,0.3833334,0.6166667,0.308,0.78,0.329,1
5.9,4.075,4.425,2.85,1.225,1.175,7.7,5.45,0.875,0.125,0.4,0.425,0.05,0.25,-0.45,0.2,16,16,12,11,8,9,23,19,21,23,21,22,23,21,23,28,316,219,268,168,63,65,435,348,6.0,0.3833334,0.6166667,0.308,0.78,0.329,1
6.775,4.2,4.825,3.275,1.275,1.425,7.25,5.65,1.65,0.75,1.475,0.35,0.275,0.3,-0.6,0.525,16,16,16,11,6,11,21,16,23,21,27,25,19,23,22,23,373,244,309,178,70,84,453,348,6.0,0.3833334,0.6166667,0.308,0.779,0.329,1
8.425,4.95,6.3,3.625,1.55,1.725,6.65,6.175,-1.025,-0.55,0.275,-0.175,0.025,-0.3,1.375,-0.35,18,19,16,14,11,12,19,15,27,21,23,22,16,23,21,19,534,310,345,194,85,91,452,321,6.0,0.3833334,0.6166667,0.308,0.779,0.329,1
7.4,4.4,6.575,3.45,1.575,1.425,8.025,5.825,0.775,0.225,-0.725,0.325,-0.15,-0.275,-1.7,0.075,20,26,18,17,12,13,21,13,22,27,22,25,15,25,20,20,459,293,367,211,72,87,479,307,6.0,0.3833334,0.6166667,0.308,0.779,0.329,1
8.175,4.625,5.85,3.775,1.425,1.15,6.325,5.9,0.825,0.075,0.1,0.1,-0.075,0.2,-1.175,-0.025,20,23,19,20,8,9,20,18,24,26,26,28,18,21,19,27,510,311,363,230,76,70,333,397,6.0,0.3833334,0.6166667,0.308,0.779,0.329,1
9.0,4.7,5.95,3.875,1.35,1.35,5.15,5.875,-1.9,-1.075,-0.7,-0.775,0.025,0.225,2.225,0.5,19,26,18,19,7,4,21,25,24,29,23,24,24,16,25,30,580,322,351,219,91,56,322,410,6.0,0.3833334,0.6166667,0.308,0.778,0.328,1
7.1,3.625,5.25,3.1,1.375,1.575,7.375,6.375,0.2,0.275,-0.45,0.25,0.0,0.075,-0.8,-0.525,22,25,19,14,9,5,24,26,23,25,21,23,21,16,28,29,458,230,316,188,85,62,490,403,6.0,0.3833334,0.6166667,0.308,0.777,0.327,1
7.3,3.9,4.8,3.35,1.375,1.65,6.575,5.85,0.15,0.725,0.025,0.0,0.025,0.0,-0.925,-1.15,21,16,18,10,8,12,17,21,23,23,20,22,22,22,26,27,413,228,300,199,80,83,354,341,6.0,0.3833334,0.6166667,0.308,0.777,0.327,1
1.125,1.95,1.4,0.95,0.925,1.125,0.85,1.05,0.05,-0.05,-0.075,0.05,-0.05,-0.15,0.025,-0.075,9,19,11,6,2,6,4,5,18,23,22,14,17,24,20,14,53,127,72,45,33,50,43,39,7.0,0.3833334,1.0,0.234,0.703,0.052,1
1.175,1.9,1.325,1.0,0.875,0.975,0.875,0.975,0.0,-0.4,-0.075,0.1,0.025,-0.05,0.025,-0.075,8,17,11,6,4,5,2,5,15,26,23,18,14,19,19,15,55,129,83,53,35,44,42,43,7.0,0.3833334,1.0,0.234,0.703,0.052,1
1.175,1.5,1.25,1.1,0.9,0.925,0.9,0.9,-0.125,0.075,0.025,-0.125,0.025,0.025,0.2,0.05,10,10,7,7,11,2,0,4,17,23,13,17,19,15,14,17,61,87,63,52,49,39,34,47,7.0,0.3833334,1.0,0.234,0.703,0.052,1
1.05,1.575,1.275,0.975,0.925,0.95,1.1,0.95,0.05,-0.1,0.25,0.6,0.65,1.275,1.05,0.075,12,13,7,4,8,2,3,5,16,19,16,12,20,16,16,20,56,86,55,42,50,35,40,49,7.0,0.3833334,1.0,0.234,0.702,0.051,1
1.1,1.475,1.525,1.575,1.575,2.225,2.15,1.025,0.1,1.375,3.525,1.825,1.775,1.875,1.35,0.075,9,16,11,7,8,8,7,7,14,30,28,17,20,20,21,22,53,98,86,88,79,121,123,58,7.0,0.3833334,1.0,0.237,0.704,0.051,1
1.2,2.85,5.05,3.4,3.35,4.1,3.5,1.1,0.475,3.55,10.075,0.525,0.1,1.75,-0.35,0.0,6,14,15,16,15,18,15,7,18,29,27,26,22,23,24,15,57,183,313,208,172,247,218,53,7.0,0.3833334,1.0,0.243,0.713,0.048,1
1.675,6.4,15.125,3.925,3.45,5.85,3.15,1.1,0.425,1.875,6.925,-0.4,-1.5,-0.875,-1.2,0.375,14,20,19,15,13,24,19,6,23,24,25,24,19,27,20,13,92,411,998,238,174,400,183,49,7.0,0.3833334,1.0,0.253,0.732,0.04,1
2.1,8.275,22.05,3.525,1.95,4.975,1.95,1.475,0.375,1.2,5.9,1.075,0.175,-2.65,-0.375,0.65,17,23,18,13,11,21,11,9,23,23,22,17,18,27,16,20,139,540,1269,184,109,349,98,89,7.0,0.3833334,1.0,0.269,0.761,0.042,1
2.475,9.475,27.95,4.6,2.125,2.325,1.575,2.125,-0.225,-0.85,-2.0,0.125,0.675,0.0,0.15,-0.25,17,25,22,17,11,12,9,16,23,24,25,18,17,21,16,25,166,609,1665,269,115,120,80,141,7.0,0.3833334,1.0,0.29,0.801,0.062,1
2.25,8.625,25.95,4.725,2.8,2.325,1.725,1.875,1.425,-1.45,-10.825,1.7,-0.1,0.05,1.1,1.375,18,27,26,19,10,11,10,15,22,27,27,23,19,19,20,26,141,548,1664,300,148,121,95,125,7.0,0.3833334,1.0,0.311,0.848,0.101,1
3.675,7.175,15.125,6.425,2.7,2.375,2.825,3.25,8.6,-0.425,-5.175,1.5,0.0,0.025,2.425,4.45,13,27,25,17,9,12,10,12,21,30,26,20,22,21,20,20,217,496,938,314,145,138,152,170,7.0,0.3833334,1.0,0.326,0.896,0.15,1
12.275,6.75,9.95,7.925,2.7,2.4,5.25,7.7,16.2,1.0,-1.9,-1.05,0.15,1.4,1.925,7.0,12,20,25,14,8,14,14,13,24,27,27,17,24,27,20,19,675,425,636,410,136,157,298,407,7.0,0.3833334,1.0,0.327,0.942,0.205,1
28.475,7.75,8.05,6.875,2.85,3.8,7.175,14.7,3.675,-0.35,-0.95,-1.775,-0.225,-0.05,0.125,-0.075,18,19,20,17,15,20,19,14,20,24,26,19,25,26,21,22,1695,463,537,408,160,257,418,870,7.0,0.3833334,1.0,0.318,0.98,0.256,1
32.15,7.4,7.1,5.1,2.625,3.75,7.3,14.625,-12.2,-1.775,-1.325,-1.4,-0.05,-0.75,1.75,-1.025,22,22,18,21,19,22,22,16,25,23,27,20,28,25,21,22,2127,453,481,297,161,244,432,881,7.0,0.3833334,1.0,0.311,0.999,0.285,1
19.95,5.625,5.775,3.7,2.575,3.0,9.05,13.6,-6.25,0.575,0.625,0.325,-0.375,-0.575,1.375,3.225,20,23,22,21,12,16,23,19,29,24,24,24,23,25,27,23,1390,365,398,225,125,177,577,812,7.0,0.3833334,1.0,0.308,1.006,0.294,1
13.7,6.2,6.4,4.025,2.2,2.425,10.425,16.825,2.3,-0.175,1.9,0.35,-0.575,0.05,-1.225,-2.85,19,20,23,18,13,15,22,21,24,23,23,23,18,21,27,25,890,346,385,233,104,136,616,1054,7.0,0.3833334,1.0,0.308,1.008,0.297,1
16.0,6.025,8.3,4.375,1.625,2.475,9.2,13.975,0.725,-0.7,0.475,0.25,0.0,0.65,0.825,-2.15,21,16,23,16,14,15,20,18,22,22,23,20,22,22,23,29,1020,308,469,246,89,130,507,835,7.0,0.3833334,1.0,0.307,1.008,0.297,1
16.725,5.325,8.775,4.625,1.625,3.125,10.025,11.825,-3.9,-0.375,-1.475,-0.2,-0.025,-0.675,0.0,2.475,19,15,23,17,12,19,20,17,21,25,26,21,23,26,29,28,956,298,528,274,85,174,626,709,7.0,0.3833334,1.0,0.307,1.008,0.298,1
12.825,4.95,7.3,4.425,1.6,2.45,10.025,14.3,2.75,1.175,-0.275,0.675,0.3,0.175,0.325,0.75,15,15,20,20,13,21,19,23,21,23,24,25,22,24,26,26,648,271,421,257,85,140,609,933,7.0,0.3833334,1.0,0.306,1.01,0.298,1
15.575,6.125,7.025,5.1,1.9,2.625,10.35,15.05,2.625,0.05,-0.15,-0.3,0.175,0.3,0.2,-2.475,18,21,19,25,15,19,21,29,23,25,23,25,23,23,25,28,779,399,391,313,115,172,667,1044,7.0,0.3833334,1.0,0.305,1.012,0.299,1
18.2,6.175,6.875,4.8,2.075,2.925,10.55,12.575,1.975,-0.85,-0.95,-0.675,-0.325,-0.45,-1.925,-2.275,24,23,18,24,14,18,19,25,28,26,21,23,25,26,22,27,1094,404,368,277,127,200,649,802,7.0,0.3833334,1.0,0.304,1.014,0.299,1
20.175,5.325,5.925,4.125,1.75,2.475,8.625,10.3,0.65,0.35,1.225,0.075,-0.275,-0.425,-0.35,0.075,22,21,18,26,12,17,15,20,27,26,22,29,19,26,23,26,1243,340,357,264,87,152,505,584,7.0,0.3833334,1.0,0.303,1.014,0.299,1
20.825,5.675,7.15,4.2,1.475,2.05,8.275,10.375,-4.1,0.85,0.95,0.675,0.025,-0.225,0.95,2.425,23,23,15,18,12,13,17,20,28,25,24,29,17,22,25,23,1212,349,407,252,70,103,544,585,7.0,0.3833334,1.0,0.302,1.013,0.3,1
16.725,6.525,8.1,4.875,1.5,1.825,9.225,12.8,-2.275,-0.175,-0.45,0.325,0.15,0.175,0.3,-1.6,22,20,16,14,12,13,21,20,27,18,23,23,23,20,23,19,900,352,453,291,80,101,592,767,7.0,0.3833334,1.0,0.301,1.012,0.301,1
14.45,6.35,7.65,5.2,1.65,2.0,9.525,11.2,0.975,-0.5,0.325,-0.525,-0.15,0.0,-0.8,-3.05,21,19,23,22,11,16,25,21,26,21,25,25,29,21,26,22,805,380,514,340,86,118,605,652,7.0,0.3833334,1.0,0.301,1.011,0.302,1
15.425,5.85,7.975,4.675,1.5,2.0,8.725,8.15,-0.05,-0.275,-0.4,-0.05,-0.125,-0.1,0.0,-0.925,22,20,25,23,11,15,18,20,24,24,27,23,25,20,25,25,923,373,551,300,91,113,515,466,7.0,0.3833334,1.0,0.301,1.01,0.303,1
15.375,5.575,7.575,4.625,1.375,1.9,8.725,7.225,-1.25,-0.2,-0.825,0.1,-0.025,-0.275,0.7,1.875,21,14,23,23,7,13,17,13,24,23,28,24,17,20,23,25,920,306,501,300,83,121,472,415,7.0,0.3833334,1.0,0.301,1.01,0.302,1
14.125,5.375,6.75,4.725,1.35,1.625,9.425,9.1,0.525,0.925,0.525,-0.325,-0.075,-0.2,-0.1,0.2,25,17,24,25,10,12,24,14,29,24,28,25,18,18,26,23,923,263,427,276,67,95,575,529,7.0,0.3833334,1.0,0.3,1.011,0.302,1
14.65,6.3,7.275,4.4,1.275,1.425,9.325,9.3,0.45,-0.45,0.1,-0.55,0.275,0.25,0.725,-3.725,25,21,21,18,9,8,22,22,27,23,21,23,18,12,27,21,949,405,448,255,61,70,629,531,7.0,0.3833334,1.0,0.3,1.012,0.301,1
15.1,5.85,7.375,3.85,1.55,1.675,10.05,5.575,0.5,-1.275,-0.375,0.35,0.325,0.0,-1.15,0.575,23,20,20,17,11,7,18,21,24,21,23,24,14,11,26,19,1044,403,469,247,69,79,610,292,7.0,0.3833334,1.0,0.3,1.013,0.302,1
15.6,4.575,7.0,4.2,1.875,1.675,8.9,6.15,-4.2,0.1,-1.3,-0.3,-0.3,-0.2,-2.6,1.0,21,20,27,22,19,9,15,22,28,26,30,25,18,17,22,22,1009,300,465,272,94,89,460,342,7.0,0.3833334,1.0,0.3,1.013,0.302,1
11.4,4.675,5.7,3.9,1.575,1.475,6.3,7.15,-0.2,0.675,-0.45,-0.475,-0.25,-0.025,1.15,0.025,19,17,24,17,18,14,15,22,25,22,29,26,17,21,23,24,652,274,377,234,78,90,376,425,7.0,0.3833334,1.0,0.3,1.012,0.302,1
11.2,5.35,5.25,3.425,1.325,1.45,7.45,7.175,0.8,-0.4,1.525,1.05,0.175,-0.1,3.525,-0.4,20,18,16,13,14,14,18,17,21,17,23,25,18,18,23,20,705,291,267,201,69,81,417,369,7.0,0.3833334,1.0,0.299,1.012,0.302,1
12.0,4.95,6.775,4.475,1.5,1.35,10.975,6.775,-1.825,0.525,0.25,0.25,0.125,0.65,0.1,-0.525,21,19,19,16,9,10,21,20,22,23,24,21,18,12,24,20,821,303,400,271,80,66,678,394,7.0,0.3833334,1.0,0.299,1.012,0.302,1
10.175,5.475,7.025,4.725,1.625,2.0,11.075,6.25,-0.125,0.8,-0.35,-0.6,-0.225,0.1,-3.1,-0.775,17,22,19,24,9,13,23,20,24,27,26,25,18,18,26,25,616,375,450,312,78,106,710,402,7.0,0.3833334,1.0,0.299,1.012,0.303,1
10.05,6.275,6.675,4.125,1.4,2.1,7.975,5.475,0.85,-0.325,0.9,0.625,-0.05,-0.275,0.775,-1.175,19,25,14,20,9,15,20,15,22,25,20,28,19,22,22,23,618,423,343,253,66,112,442,325,7.0,0.3833334,1.0,0.299,1.011,0.304,1
10.9,5.95,7.575,4.75,1.35,1.825,8.75,4.3,1.625,-0.55,-0.25,-0.175,0.075,0.5,2.15,0.35,23,22,18,20,10,13,13,17,24,22,20,23,20,20,20,23,746,384,410,254,72,87,456,263,7.0,0.3833334,1.0,0.299,1.011,0.305,1
12.525,5.4,7.325,4.575,1.425,2.325,10.9,4.65,-1.725,-0.025,0.95,-0.15,-0.125,-0.425,-1.05,1.125,23,19,16,20,10,16,14,20,24,20,23,22,19,23,22,24,854,308,378,239,75,123,596,279,7.0,0.3833334,1.0,0.298,1.011,0.305,1
10.8,5.375,8.275,4.425,1.3,1.9,9.85,5.775,-0.525,0.625,1.325,0.775,-0.15,-0.425,-0.9,1.15,24,20,18,18,13,16,20,21,27,22,25,20,22,24,25,27,724,303,476,222,70,112,616,361,7.0,0.3833334,1.0,0.298,1.012,0.305,1
10.275,6.0,9.6,5.2,1.15,1.475,8.95,6.925,1.125,-0.1,0.175,-0.375,0.175,0.225,0.85,0.05,23,21,19,18,10,16,24,23,32,25,24,17,23,27,29,25,581,365,593,252,61,92,559,457,7.0,0.3833334,1.0,0.298,1.013,0.305,1
11.4,5.9,9.775,4.825,1.325,1.7,9.8,6.975,-1.9,-0.1,-0.325,-0.675,0.275,0.4,-0.975,-0.375,20,21,22,16,2,14,22,21,25,25,26,24,20,25,23,22,601,376,627,284,66,106,565,439,7.0,0.3833334,1.0,0.297,1.013,0.305,1
9.5,5.8,9.45,4.15,1.6,2.1,8.825,6.6,2.45,1.725,-1.575,0.425,-0.025,0.3,1.05,-1.2,18,19,23,15,7,15,21,19,23,26,25,26,23,22,24,22,554,376,626,261,87,133,561,396,7.0,0.3833334,1.0,0.297,1.013,0.305,1
11.95,7.525,7.875,4.575,1.575,2.4,9.875,5.4,1.625,-0.275,-0.4,0.525,-0.225,-0.5,-0.025,-1.075,22,20,24,17,7,20,21,16,28,26,28,23,18,23,28,22,803,460,508,261,76,144,651,297,7.0,0.3833334,1.0,0.296,1.013,0.305,1
13.575,7.25,7.475,5.1,1.35,1.9,9.85,4.325,-2.25,-1.525,1.725,0.8,0.05,-0.35,-1.8,0.975,28,23,23,22,5,17,18,19,30,24,25,22,18,22,29,27,940,417,480,291,64,110,631,278,7.0,0.3833334,1.0,0.296,1.013,0.305,1
11.325,5.725,9.2,5.9,1.4,1.55,8.05,5.3,0.425,0.725,-0.225,-0.45,0.025,0.0,2.325,1.625,25,18,18,19,9,14,24,23,25,22,19,17,21,23,29,30,705,308,520,295,81,89,568,363,7.0,0.3833334,1.0,0.295,1.012,0.306,1
11.75,6.45,8.975,5.45,1.425,1.55,10.375,6.925,-0.475,0.6,-1.4,-0.925,0.025,0.2,-1.125,-0.25,24,14,18,14,9,12,24,23,27,22,21,20,19,22,27,28,771,332,480,266,86,89,669,439,7.0,0.3833334,1.0,0.294,1.011,0.307,1
11.275,7.05,7.575,4.525,1.45,1.75,9.25,6.675,-3.025,-0.5,0.3,0.475,0.225,0.175,-1.65,-0.725,28,17,19,16,9,12,14,21,31,23,25,25,14,19,28,25,751,431,418,269,79,98,547,418,7.0,0.3833334,1.0,0.294,1.01,0.307,1
8.25,6.55,7.875,5.0,1.675,1.925,7.6,5.95,-0.7,-0.5,-0.725,-0.325,-0.25,0.1,1.3,1.125,24,18,20,19,12,13,18,22,29,23,26,25,14,22,29,29,520,420,462,287,82,113,462,408,7.0,0.3833334,1.0,0.294,1.01,0.308,1
7.55,6.05,7.15,4.675,1.425,2.025,8.9,7.075,4.525,0.975,-0.2,-0.325,-0.15,0.15,-0.7,1.0,17,21,21,19,7,15,24,23,23,25,25,26,16,27,26,25,408,358,459,269,63,128,568,452,7.0,0.3833334,1.0,0.294,1.01,0.308,1
12.075,7.025,6.95,4.35,1.275,2.175,8.2,8.075,1.7,-0.35,0.15,0.0,0.225,0.0,-0.925,-0.075,16,21,19,20,4,18,23,24,22,26,25,21,20,24,28,25,741,425,428,246,60,136,528,478,7.0,0.3833334,1.0,0.294,1.011,0.308,1
13.775,6.675,7.1,4.35,1.5,2.175,7.275,8.0,-5.85,-2.675,-1.2,-0.95,-0.225,-0.5,-2.55,-1.9,20,22,21,19,9,16,21,24,25,29,25,21,26,20,26,26,918,428,432,238,84,121,451,482,7.0,0.3833334,1.0,0.294,1.011,0.308,1
7.925,4.0,5.9,3.4,1.275,1.675,4.725,6.1,-5.8,-2.175,-2.95,-1.525,-0.45,-0.45,-3.15,-3.65,15,17,18,14,10,15,15,16,25,22,23,19,22,21,25,22,492,246,333,195,78,90,297,359,7.0,0.3833334,1.0,0.277,0.915,0.231,1
2.125,1.825,2.95,1.875,0.825,1.225,1.575,2.45,-1.275,-0.325,-1.575,-0.75,0.1,0.0,-0.65,-1.575,8,12,10,7,4,9,4,5,16,19,17,17,18,16,23,13,137,94,127,95,43,49,83,144,7.0,0.3833334,1.0,0.25,0.754,0.102,1
0.85,1.5,1.375,1.125,0.925,1.225,0.925,0.875,0.25,0.225,-0.05,-0.025,0.225,-0.175,-0.05,0.2,4,13,11,6,2,4,1,2,15,24,20,20,14,12,16,14,41,97,67,57,44,38,29,38,7.0,0.3833334,1.0,0.239,0.69,0.05,1
1.1,1.725,1.325,1.1,1.15,1.05,0.875,1.075,-0.15,-0.375,-0.3,-0.075,0.05,0.0,-0.025,0.025,4,17,13,9,1,6,1,3,18,21,25,19,13,19,13,16,55,100,83,58,47,47,33,41,7.0,0.3833334,1.0,0.239,0.69,0.05,1
0.95,1.35,1.025,1.025,1.2,1.05,0.85,1.1,0.225,-0.15,0.075,0.025,-0.025,0.1,0.25,0.35,4,15,7,9,5,7,3,5,9,18,18,16,12,20,15,16,40,75,59,46,45,47,42,39,7.0,0.3833334,1.0,0.239,0.691,0.051,1
1.175,1.2,1.1,1.05,1.175,1.15,1.1,1.45,0.45,0.125,0.225,1.0,1.175,1.425,1.85,0.125,7,8,3,5,9,3,5,8,12,19,15,13,11,17,15,21,57,64,51,40,52,41,54,78,7.0,0.3833334,1.0,0.238,0.691,0.052,1
1.625,1.325,1.325,2.05,2.35,2.575,2.95,1.575,-0.175,1.1,5.325,1.45,1.475,3.475,2.275,-0.45,12,11,5,11,10,5,12,8,21,20,20,18,20,17,19,21,95,63,69,101,110,133,189,95,7.0,0.3833334,1.0,0.238,0.692,0.052,1
1.45,2.425,6.65,3.5,3.825,6.05,5.225,1.125,-0.25,1.3,7.925,-0.1,-0.325,0.9,0.1,-0.075,9,10,9,17,16,15,19,5,20,20,21,24,25,24,22,17,77,126,367,184,209,365,323,64,7.0,0.3833334,1.0,0.238,0.696,0.051,1
1.2,3.725,14.575,3.4,3.5,6.95,5.325,1.05,0.525,2.75,4.15,-0.1,-1.05,-1.525,-1.9,0.075,5,13,18,10,16,18,16,5,17,26,24,23,25,27,23,13,56,240,902,178,200,380,267,48,7.0,0.3833334,1.0,0.243,0.709,0.053,1
1.725,6.475,18.725,3.3,2.45,5.425,3.425,1.125,0.625,2.675,8.2,0.025,-0.85,-2.2,-1.825,0.1,11,20,25,11,13,18,14,7,18,26,27,27,23,25,27,18,98,385,1212,207,135,305,191,55,7.0,0.3833334,1.0,0.254,0.737,0.065,1
2.35,9.15,26.925,3.325,1.6,3.225,1.6,1.225,-0.625,-2.25,-5.25,-0.5,-0.05,-1.9,-0.4,0.025,15,18,24,15,9,18,10,11,20,25,27,28,21,25,23,25,125,526,1578,201,83,210,112,69,7.0,0.3833334,1.0,0.272,0.781,0.092,1
1.725,6.9,21.675,2.825,1.55,1.325,1.2,1.25,-0.625,-2.95,-12.85,-0.45,0.2,-0.1,-0.025,0.025,8,18,21,13,6,12,7,11,20,23,23,29,23,23,19,25,83,392,1200,168,87,79,69,64,7.0,0.3833334,1.0,0.291,0.833,0.128,1
1.1,3.95,8.825,2.375,1.75,1.225,1.175,1.275,2.075,-0.75,-1.525,2.55,0.875,0.85,0.85,0.95,6,21,24,10,7,10,7,5,22,24,24,25,23,18,19,20,61,232,550,125,95,64,56,59,7.0,0.3833334,1.0,0.305,0.886,0.171,1
3.175,3.2,7.3,4.925,2.625,2.075,2.025,2.225,13.775,2.5,-0.225,3.6,0.275,1.25,5.525,11.95,8,20,27,12,10,13,13,7,15,23,28,23,19,16,20,19,116,189,499,292,113,92,109,125,7.0,0.3833334,1.0,0.313,0.935,0.218,1
16.95,5.7,7.075,8.525,2.9,3.325,7.55,14.175,18.075,2.825,0.85,-0.45,-0.9,-0.25,2.625,7.15,15,19,21,20,13,14,22,15,19,19,23,22,20,19,24,20,1071,281,434,482,131,150,501,796,7.0,0.3833334,1.0,0.313,0.966,0.252,1
35.025,8.525,7.925,8.075,2.0,3.075,10.175,21.325,0.225,-1.0,0.7,-1.075,-0.2,-0.75,-2.05,-2.625,21,20,20,19,13,17,24,22,26,21,24,19,22,23,28,25,2240,468,450,382,99,163,662,1230,7.0,0.3833334,1.0,0.307,0.982,0.271,1
35.25,7.525,8.625,7.0,1.8,2.325,8.125,18.7,-10.6,-1.175,-0.25,-1.25,-0.025,-0.35,0.825,-3.525,25,19,23,13,13,16,22,25,27,27,25,19,23,25,27,29,2285,448,492,306,98,137,506,1153,7.0,0.3833334,1.0,0.301,0.992,0.284,1
24.65,6.35,8.375,5.75,1.775,1.975,8.95,15.175,-3.225,-0.525,-0.925,-1.8,0.1,0.05,-1.125,-3.6,21,15,24,20,14,13,22,21,26,24,24,21,23,21,27,28,1480,349,508,297,103,113,598,902,7.0,0.3833334,1.0,0.298,0.994,0.289,1
21.425,5.825,7.45,3.95,1.875,2.025,7.825,11.575,-0.75,-0.4,-1.175,-0.125,-0.05,0.325,-1.15,2.65,18,11,21,21,16,11,24,21,26,20,19,20,24,17,27,30,1147,300,458,237,108,111,518,757,7.0,0.3833334,1.0,0.298,0.995,0.291,1
20.675,5.425,6.275,3.825,1.825,2.35,6.675,14.225,-3.8,0.65,0.875,1.125,-0.025,-0.05,1.175,0.175,20,13,22,21,13,17,19,25,23,21,22,24,18,23,23,28,1150,309,409,246,100,136,409,970,7.0,0.3833334,1.0,0.298,0.995,0.292,1
16.875,6.075,7.15,4.95,1.8,2.3,7.85,14.4,-0.8,0.175,0.825,0.275,-0.075,0.025,0.175,0.825,20,17,20,20,13,19,19,27,24,23,19,28,15,23,25,28,912,385,382,303,96,131,525,987,7.0,0.3833334,1.0,0.299,0.994,0.293,1
16.075,6.25,7.975,5.225,1.725,2.325,8.025,15.225,-0.425,-0.15,-1.325,-1.0,-0.175,-0.325,0.675,0.75,24,17,14,14,13,19,24,24,25,25,19,24,19,25,23,26,908,398,387,287,100,143,523,999,7.0,0.3833334,1.0,0.299,0.996,0.293,1
15.65,6.1,6.65,4.225,1.55,2.0,8.7,15.975,-0.825,0.175,-0.125,-0.5,0.275,-0.25,2.15,-3.425,24,17,12,17,11,19,24,23,25,29,26,25,25,27,21,27,987,407,368,250,93,128,579,1047,7.0,0.3833334,1.0,0.299,0.997,0.293,1
14.825,6.275,6.525,3.725,1.825,1.75,10.85,12.55,0.225,-0.875,-0.175,0.3,-0.15,0.225,-0.225,-0.75,21,20,20,20,17,16,26,25,28,28,26,28,24,26,25,28,885,428,420,250,104,103,707,797,7.0,0.3833334,1.0,0.298,0.998,0.293,1
15.05,5.4,6.35,4.025,1.675,1.975,10.625,11.8,0.775,-0.55,0.225,0.325,-0.35,0.075,-2.575,2.45,18,23,26,22,19,13,24,24,27,25,27,27,22,27,29,28,914,355,416,262,101,126,744,769,7.0,0.3833334,1.0,0.297,0.998,0.293,1
15.825,4.85,6.575,4.35,1.325,2.05,8.05,14.25,-2.375,0.625,-0.275,-0.6,0.15,-0.125,-0.75,-2.575,16,21,24,22,12,13,19,18,26,26,25,28,24,23,30,23,933,338,436,283,84,118,565,795,7.0,0.3833334,1.0,0.296,0.998,0.294,1
13.45,5.475,6.3,3.75,1.475,1.925,7.3,11.675,-1.525,0.55,-1.525,-0.65,-0.125,-0.1,0.225,-3.0,18,19,19,17,11,14,22,17,26,27,21,25,20,19,27,20,804,352,355,234,74,99,461,635,7.0,0.3833334,1.0,0.295,0.998,0.294,1
11.925,6.025,4.775,3.1,1.35,1.825,7.525,8.675,2.05,-1.05,-0.625,-0.05,0.15,-0.125,0.925,-0.575,23,16,18,19,9,14,21,21,28,26,26,23,15,21,22,25,802,351,247,177,64,100,457,570,7.0,0.3833334,1.0,0.294,0.999,0.295,1
13.975,4.975,4.15,3.05,1.5,1.7,8.45,8.1,0.4,-0.425,1.575,0.525,0.05,-0.1,1.075,-0.625,22,17,18,20,7,10,20,21,26,28,27,23,18,14,25,27,872,336,259,203,74,79,501,554,7.0,0.3833334,1.0,0.294,0.998,0.296,1
14.375,4.55,5.725,3.575,1.55,1.6,9.525,7.475,0.45,0.6,2.025,0.8,-0.175,0.175,-0.325,1.225,19,15,16,16,9,6,20,18,20,24,23,20,17,12,28,26,805,282,319,219,79,67,522,497,7.0,0.3833334,1.0,0.293,0.998,0.297,1
14.825,5.15,7.75,4.375,1.375,1.775,9.2,8.7,-2.675,0.65,-0.475,-0.2,-0.125,-0.1,-1.975,-0.5,24,14,20,21,10,15,20,21,23,23,24,22,16,19,25,24,908,288,470,273,72,96,545,548,7.0,0.3833334,1.0,0.294,0.997,0.298,1
12.15,5.8,7.275,4.175,1.25,1.675,7.225,8.2,-1.825,0.625,0.05,-0.2,-0.025,-0.05,0.725,-0.9,23,21,23,20,8,21,19,23,22,25,24,22,17,23,25,24,724,378,476,265,67,106,415,544,7.0,0.3833334,1.0,0.295,0.996,0.298,1
10.325,6.425,7.325,3.975,1.225,1.625,7.95,7.3,3.425,0.425,0.275,0.45,0.25,-0.1,0.825,-0.45,24,20,24,21,5,16,19,21,22,26,24,26,14,21,25,26,618,445,508,277,58,91,458,448,7.0,0.3833334,1.0,0.296,0.995,0.299,1
13.75,6.85,7.6,4.425,1.475,1.525,8.775,6.85,-0.45,-0.625,-0.55,-0.15,0.15,0.0,-1.375,-0.725,31,16,20,23,10,10,22,18,29,23,23,28,18,17,24,25,964,381,480,284,76,73,556,397,7.0,0.3833334,1.0,0.297,0.995,0.299,1
13.3,6.225,7.05,4.275,1.625,1.525,7.4,6.125,-3.4,-0.75,0.35,-0.3,0.025,0.25,0.575,-0.275,28,18,19,18,11,10,18,14,30,21,24,22,22,19,27,23,955,356,399,220,92,77,480,374,7.0,0.3833334,1.0,0.297,0.994,0.299,1
9.9,5.475,7.4,3.975,1.65,1.775,7.975,5.85,0.4,-0.025,-0.85,0.075,-0.175,-0.15,-0.125,-0.05,23,18,21,19,8,9,20,14,26,22,22,24,17,18,30,20,634,318,446,246,82,91,536,342,7.0,0.3833334,1.0,0.298,0.994,0.299,1
10.3,5.45,6.55,4.05,1.475,1.625,7.85,5.8,3.275,0.2,0.975,0.8,-0.05,0.125,-0.05,0.65,19,12,20,20,10,12,22,16,23,22,20,22,14,20,24,22,610,311,410,278,69,100,463,365,7.0,0.3833334,1.0,0.297,0.994,0.299,1
13.575,5.65,7.525,4.85,1.425,1.75,7.8,6.45,-1.15,0.475,0.9,-0.025,0.125,0.15,-1.425,-0.175,16,18,16,19,12,14,22,15,22,26,19,21,16,19,25,28,816,345,446,294,66,87,499,402,7.0,0.3833334,1.0,0.297,0.994,0.299,1
12.425,6.125,8.425,4.825,1.55,1.9,6.375,6.275,0.825,-0.075,-0.975,-0.6,0.125,-0.05,-0.975,-1.075,21,23,17,18,12,14,18,18,28,26,23,20,18,17,27,29,816,372,527,275,67,96,425,379,7.0,0.3833334,1.0,0.297,0.994,0.299,1
13.25,6.05,7.45,4.225,1.675,1.85,5.4,5.2,1.625,-0.275,-0.1,0.4,-0.075,0.025,2.3,0.925,23,19,22,22,11,12,19,21,28,25,27,21,22,19,28,25,891,354,505,266,76,101,357,322,7.0,0.3833334,1.0,0.296,0.994,0.299,1
14.875,5.775,7.35,4.625,1.6,1.875,7.7,6.125,-3.325,-0.675,-1.85,-0.775,-0.025,-0.2,0.775,0.65,23,19,24,23,11,11,23,25,26,24,27,19,16,17,29,28,960,311,489,276,68,87,494,425,7.0,0.3833334,1.0,0.295,0.993,0.299,1
11.55,5.1,5.5,3.85,1.575,1.675,8.475,6.775,-0.85,0.45,-0.6,-0.275,0.05,0.275,0.55,0.0,20,24,19,22,12,12,17,29,23,24,23,22,15,23,23,28,688,297,336,218,68,88,500,477,7.0,0.3833334,1.0,0.295,0.993,0.299,1
10.7,5.55,4.9,3.575,1.625,1.95,9.025,6.775,1.575,1.45,1.2,0.675,-0.225,0.175,0.575,0.6,21,27,19,18,10,12,21,23,25,28,23,28,19,25,24,25,689,355,317,211,75,122,541,418,7.0,0.3833334,1.0,0.294,0.992,0.299,1
12.275,7.0,6.1,4.25,1.4,2.125,9.6,7.375,0.35,-0.15,0.575,-0.325,-0.25,-0.225,-1.375,-0.65,26,26,17,18,7,14,25,20,30,27,23,27,18,22,29,24,840,453,373,257,64,129,636,438,7.0,0.3833334,1.0,0.294,0.992,0.3,1
12.625,6.85,6.675,3.925,1.15,1.9,8.225,6.725,-0.35,-1.55,0.65,-0.2,0.0,-0.075,-0.825,-0.55,22,25,19,21,5,19,23,21,27,27,25,22,19,25,28,29,770,417,415,236,53,114,563,429,7.0,0.3833334,1.0,0.295,0.992,0.3,1
12.275,5.3,7.325,3.725,1.15,1.825,7.4,6.175,-1.55,0.3,0.725,0.55,0.2,-0.275,-0.875,-0.075,17,23,19,18,8,15,22,16,22,25,20,18,21,25,25,26,644,335,422,224,62,115,478,382,7.0,0.3833334,1.0,0.295,0.992,0.3,1
10.725,5.6,8.05,4.275,1.35,1.55,6.525,6.1,1.175,0.225,-0.525,0.15,0.15,-0.075,0.55,0.1,19,25,18,15,10,10,20,18,22,26,16,19,17,21,25,24,610,373,391,224,65,89,423,394,7.0,0.3833334,1.0,0.295,0.991,0.3,1
11.9,5.825,7.525,4.425,1.5,1.475,7.075,6.2,1.85,-0.45,-0.975,-0.675,0.15,0.4,1.175,-0.225,24,21,21,19,8,10,22,28,27,24,22,21,19,20,24,29,832,344,433,250,65,81,482,448,7.0,0.3833334,1.0,0.295,0.991,0.3,1
13.75,5.375,6.55,3.75,1.65,1.875,8.25,5.975,-1.775,0.3,0.175,-0.05,-0.075,0.025,1.525,-0.8,20,18,20,19,12,16,22,26,27,22,23,22,25,20,24,30,841,316,380,208,91,116,519,424,7.0,0.3833334,1.0,0.296,0.991,0.3,1
11.975,5.675,6.725,3.7,1.575,1.9,9.775,5.175,3.675,-1.05,0.55,0.325,-0.25,-0.35,0.925,0.425,23,22,22,18,15,15,23,17,26,28,23,24,24,18,29,26,682,378,403,236,86,110,589,328,7.0,0.3833334,1.0,0.297,0.992,0.3,1
15.65,4.625,7.275,4.025,1.325,1.55,10.7,5.6,0.025,-1.125,0.275,0.075,0.0,0.225,-2.575,0.0,27,19,22,22,17,8,24,19,28,27,22,27,21,20,27,26,1099,317,435,283,68,79,645,360,7.0,0.3833334,1.0,0.297,0.992,0.299,1
15.675,3.5,7.55,4.1,1.325,1.775,8.125,5.6,-1.825,1.8,0.375,0.575,-0.075,0.05,-0.85,-0.2,26,18,18,24,16,12,20,24,28,24,21,25,18,21,24,24,1062,219,394,260,66,99,485,376,7.0,0.3833334,1.0,0.297,0.993,0.299,1
13.85,5.3,7.925,4.675,1.25,1.825,7.275,5.4,-0.15,0.5,-0.175,-0.025,0.05,0.025,1.35,0.525,25,21,19,23,9,16,19,20,26,27,23,25,10,20,29,25,913,341,456,294,52,106,429,330,7.0,0.3833334,1.0,0.297,0.993,0.299,1
13.7,5.8,7.75,4.65,1.3,1.85,8.625,5.925,-2.075,-1.75,-0.375,-0.2,0.175,0.325,0.575,0.625,21,22,26,21,13,15,19,21,26,30,25,24,18,20,26,26,876,370,508,292,74,99,549,360,7.0,0.3833334,1.0,0.297,0.993,0.3,1
11.625,4.05,7.375,4.45,1.475,2.175,9.2,6.55,-1.15,0.8,-1.375,-0.25,-0.025,-0.075,-0.075,0.625,21,19,25,20,14,14,21,23,30,28,24,21,23,21,24,27,799,251,460,266,87,118,605,420,7.0,0.3833334,1.0,0.296,0.993,0.301,1
10.475,4.85,6.0,4.2,1.45,2.1,9.125,7.175,-0.725,0.575,0.55,-0.4,-0.025,-0.2,-2.075,-0.575,24,21,20,15,12,13,20,22,29,27,23,24,24,19,26,23,686,283,350,229,80,117,580,451,7.0,0.3833334,1.0,0.295,0.994,0.302,1
9.75,5.425,6.55,3.8,1.425,1.9,7.05,6.6,2.125,-0.075,0.85,-0.325,-0.075,-0.175,-1.75,0.275,18,21,19,15,11,16,18,26,25,30,25,22,22,23,25,23,604,333,392,211,74,110,434,424,7.0,0.3833334,1.0,0.294,0.995,0.302,1
11.875,5.35,7.4,3.475,1.35,1.725,5.3,6.875,-0.225,1.175,-1.25,0.475,0.05,0.025,0.8,-0.325,15,16,23,20,9,17,24,26,25,25,27,24,19,25,24,26,744,290,465,208,73,99,341,451,7.0,0.3833334,1.0,0.294,0.995,0.303,1
11.65,6.525,6.15,3.95,1.4,1.75,6.1,6.55,-0.975,-0.375,-0.625,-0.05,0.075,0.025,2.025,-1.275,18,18,24,22,8,13,24,19,24,22,26,25,19,20,26,23,739,390,408,264,72,91,394,369,7.0,0.3833334,1.0,0.294,0.995,0.302,1
10.675,6.15,5.525,3.9,1.475,1.775,8.125,5.275,-1.525,-1.25,1.75,0.4,0.075,-0.025,0.65,0.3,23,16,23,19,7,11,23,17,26,22,28,24,21,18,26,25,648,392,368,270,75,97,556,321,7.0,0.3833334,1.0,0.294,0.995,0.302,1
9.15,4.9,7.275,4.3,1.55,1.75,8.775,5.575,-1.55,0.475,0.8,0.375,0.075,-0.075,-0.725,0.475,24,17,19,17,7,9,21,15,31,19,26,20,19,18,24,23,591,283,408,248,74,90,543,343,7.0,0.3833334,1.0,0.295,0.996,0.303,1
7.6,5.375,8.075,4.675,1.625,1.675,8.05,6.05,-2.325,-1.375,-4.025,-1.975,-0.225,-0.225,-3.15,-2.6,20,19,16,22,9,9,21,16,30,23,21,24,20,17,26,20,404,322,458,269,78,79,532,375,7.0,0.3833334,1.0,0.295,0.995,0.303,1
5.275,4.0,4.05,2.7,1.4,1.45,4.9,3.45,-3.925,-2.575,-2.725,-1.175,-0.3,-0.075,-3.45,-2.6,17,15,13,21,8,11,16,12,23,27,19,22,18,12,27,15,269,231,225,164,64,62,343,228,7.0,0.3833334,1.0,0.266,0.863,0.193,1
1.35,1.425,1.325,1.525,1.1,1.375,1.45,0.85,-0.4,-0.15,-0.025,-0.275,-0.1,-0.125,-0.325,0.125,10,10,10,14,6,11,7,2,18,21,17,16,17,14,20,16,59,83,60,75,47,50,62,34,7.0,0.3833334,1.0,0.233,0.716,0.071,1
0.95,1.275,1.3,1.25,1.0,1.25,1.125,0.975,0.1,0.475,0.25,-0.075,0.2,-0.075,-0.15,0.15,4,12,9,6,7,5,3,2,22,18,21,18,17,17,14,22,48,79,81,60,48,40,43,42,7.0,0.3833334,1.0,0.23,0.701,0.059,1
1.05,1.75,1.55,1.175,1.2,1.175,0.975,1.125,0.0,-0.1,0.125,0.125,0.075,-0.075,0.0,-0.05,4,14,12,4,6,6,5,5,19,22,23,19,15,17,16,18,52,102,94,65,55,46,45,51,7.0,0.3833334,1.0,0.229,0.701,0.059,1
1.05,1.65,1.675,1.3,1.275,1.1,0.975,1.075,-0.2,-0.65,-0.25,0.15,-0.05,-0.1,0.175,-0.175,4,11,14,9,7,5,5,4,21,19,21,19,18,16,17,14,61,84,102,68,54,48,46,49,7.0,0.3833334,1.0,0.23,0.7,0.059,1
0.85,1.0,1.425,1.45,1.225,1.0,1.15,0.9,0.2,-0.075,-0.05,0.7,0.825,0.225,0.475,0.075,3,9,13,13,10,1,6,2,20,15,21,20,21,16,17,17,50,56,85,73,57,46,51,41,7.0,0.3833334,1.0,0.23,0.701,0.06,1
1.05,0.925,1.375,2.15,2.05,1.225,1.625,0.975,0.15,0.35,2.025,0.575,1.275,0.975,0.325,0.1,7,7,10,10,10,5,11,5,16,16,17,13,20,15,19,17,50,46,68,94,98,58,84,43,7.0,0.3833334,1.0,0.229,0.703,0.061,1
1.2,1.275,3.4,2.725,3.325,2.2,1.95,1.075,0.0,0.5,2.8,0.125,0.1,0.25,0.0,0.0,6,8,14,7,11,10,15,7,16,19,17,12,20,21,25,19,60,64,170,109,161,128,122,56,7.0,0.3833334,1.0,0.231,0.707,0.062,1
1.2,1.775,6.2,2.85,3.425,2.45,1.95,1.075,-0.05,0.025,-1.475,-0.025,-1.275,-0.95,-0.575,0.0,4,10,18,11,13,14,11,5,14,16,19,17,18,22,23,23,58,96,369,118,147,138,105,58,7.0,0.3833334,1.0,0.239,0.722,0.069,1
1.15,1.8,4.725,2.825,2.15,1.5,1.375,1.075,0.15,0.3,-1.85,-0.625,-0.925,-0.35,-0.475,0.35,9,9,17,17,12,13,5,3,14,14,25,20,21,20,23,17,59,84,309,134,99,76,66,43,7.0,0.3833334,1.0,0.255,0.755,0.088,1
1.3,2.1,2.875,2.2,1.225,1.15,0.9,1.425,7.025,1.55,1.95,2.5,0.625,1.15,2.025,5.175,14,12,15,17,6,11,3,4,21,20,24,22,18,21,28,13,77,123,162,122,56,58,58,49,7.0,0.3833334,1.0,0.276,0.802,0.12,1
8.325,3.65,4.825,4.7,1.85,2.3,2.925,6.6,23.125,3.5,1.425,3.325,0.575,1.15,3.575,10.45,17,19,22,15,8,12,8,13,26,24,27,22,16,19,23,21,537,233,313,253,89,119,156,366,7.0,0.3833334,1.0,0.294,0.856,0.159,1
31.45,7.15,6.25,8.025,2.425,3.45,6.5,17.05,3.625,1.225,0.95,0.65,-0.175,-0.425,1.3,1.375,16,20,22,18,17,16,13,18,24,26,28,22,25,22,21,27,1737,452,380,395,134,200,380,1091,7.0,0.3833334,1.0,0.303,0.909,0.2,1
35.075,8.375,7.2,8.675,2.25,3.025,7.8,18.425,-16.625,-2.55,0.35,-0.8,-0.375,-0.85,0.6,-4.8,19,21,19,19,14,20,17,18,21,26,24,21,25,21,22,24,2000,544,453,444,121,174,481,1189,7.0,0.3833334,1.0,0.302,0.95,0.235,1
18.45,5.825,7.55,7.875,1.875,2.175,8.4,13.625,-4.875,-1.325,-0.475,-2.275,-0.425,-0.5,0.975,-2.15,19,21,23,20,16,19,21,22,25,23,27,24,22,26,24,24,1145,369,492,435,114,124,510,865,7.0,0.3833334,1.0,0.298,0.976,0.259,1
13.575,4.5,7.075,5.6,1.45,1.675,9.375,11.475,0.85,1.175,0.125,-1.0,0.0,0.2,-0.15,-0.05,22,19,22,19,15,16,20,24,29,25,26,24,23,30,24,29,933,300,417,299,87,103,587,805,7.0,0.3833334,1.0,0.294,0.99,0.274,1
14.425,5.675,7.2,4.6,1.45,1.875,9.225,11.425,2.4,-0.45,-1.0,-0.05,0.3,0.225,-0.325,3.325,26,20,21,17,12,11,22,24,26,25,24,22,19,21,26,26,948,353,448,259,73,97,580,726,7.0,0.3833334,1.0,0.29,0.995,0.281,1
16.825,5.225,6.2,4.55,1.75,2.1,8.9,14.75,-4.225,-1.05,1.125,0.775,-0.1,0.0,0.75,-0.075,21,16,21,18,16,12,24,23,25,19,25,23,26,23,29,23,1003,274,446,271,101,124,539,934,7.0,0.3833334,1.0,0.288,0.998,0.285,1
12.6,4.175,7.325,5.325,1.65,2.1,9.65,14.675,1.5,0.575,0.825,0.1,-0.25,0.0,-0.625,-1.65,18,18,18,17,14,14,27,20,22,20,23,20,29,25,33,23,742,222,439,254,96,114,669,871,7.0,0.3833334,1.0,0.287,1.0,0.287,1
14.1,4.75,8.15,5.425,1.4,2.1,9.025,13.025,6.525,0.45,-0.325,-0.175,0.15,0.05,-0.875,0.825,21,20,15,20,8,16,25,14,21,27,25,24,20,23,26,24,1002,292,487,310,78,120,619,727,7.0,0.3833334,1.0,0.286,1.001,0.288,1
20.625,5.2,7.825,5.25,1.55,2.15,8.15,13.85,-3.2,0.525,1.05,0.3,0.15,-0.025,-0.5,1.75,20,15,18,20,10,15,22,15,22,25,28,24,23,19,22,26,1334,308,475,319,90,120,537,883,7.0,0.3833334,1.0,0.286,1.002,0.288,1
17.425,5.725,8.875,5.55,1.7,2.125,7.65,15.6,-4.025,-0.2,-0.2,-0.25,0.125,-0.2,1.225,-1.5,19,21,24,21,14,15,19,21,25,24,25,19,28,20,27,27,1055,356,537,324,108,126,511,1018,7.0,0.3833334,1.0,0.285,1.003,0.287,1
13.4,5.525,8.675,5.3,1.825,1.925,8.875,14.1,-0.45,-0.425,-1.225,0.25,-0.125,0.0,1.075,-3.95,23,26,19,20,9,17,19,17,25,24,22,20,20,21,28,21,883,355,527,312,95,126,494,785,7.0,0.3833334,1.0,0.285,1.003,0.287,1
12.95,5.1,7.45,5.55,1.7,1.925,9.95,10.15,1.825,0.875,-0.4,-0.275,-0.025,0.15,-2.125,-1.25,22,25,16,21,9,19,24,17,22,22,23,23,17,20,26,25,802,339,419,314,88,114,584,565,7.0,0.3833334,1.0,0.284,1.002,0.288,1
14.775,5.975,7.05,5.275,1.675,2.075,7.825,8.9,-0.675,0.55,0.4,-0.325,0.05,-0.1,1.975,0.325,18,23,19,21,13,15,21,22,21,24,26,23,20,19,25,28,788,388,447,324,100,120,486,575,7.0,0.3833334,1.0,0.283,1.001,0.289,1
14.1,6.525,7.45,4.95,1.725,1.975,9.8,9.225,-0.325,-1.5,-0.025,-0.375,0.05,-0.375,1.15,-1.1,21,21,18,14,11,14,19,21,26,29,25,20,18,20,26,21,870,422,453,275,91,115,598,580,7.0,0.3833334,1.0,0.282,1.0,0.29,1
13.775,5.025,7.425,4.575,1.775,1.6,10.95,8.125,-0.125,-0.5,1.025,0.15,-0.025,-0.025,0.075,-0.675,24,20,21,15,12,10,23,19,26,27,21,18,20,17,28,21,885,320,431,250,91,88,693,489,7.0,0.3833334,1.0,0.282,0.998,0.29,1
13.65,4.525,8.45,4.725,1.75,1.575,11.025,7.45,1.5,-0.025,-0.3,-0.25,-0.15,0.35,0.8,1.95,23,20,24,19,13,4,24,17,26,26,26,23,20,18,26,22,941,286,486,260,91,88,750,433,7.0,0.3833334,1.0,0.282,0.997,0.29,1
15.15,4.5,8.15,4.475,1.6,1.925,11.825,9.4,2.15,0.6,-1.475,-0.725,0.0,0.025,-1.875,-0.225,24,19,16,16,14,7,27,16,29,29,20,20,20,20,28,21,1032,268,444,224,79,104,834,520,7.0,0.3833334,1.0,0.283,0.995,0.29,1
17.3,5.1,6.675,3.75,1.6,1.95,9.95,9.175,-2.2,2.9,2.2,1.25,0.15,-0.225,-1.05,-2.225,22,20,13,16,14,13,23,15,26,27,18,20,22,20,27,21,1125,326,363,199,89,111,657,542,7.0,0.3833334,1.0,0.283,0.994,0.29,1
15.1,8.0,8.875,5.0,1.75,1.725,8.9,6.95,-1.7,-0.2,2.05,0.9,-0.075,0.2,0.3,-0.2,26,29,15,16,12,12,19,17,27,29,24,23,18,19,21,21,1040,587,533,282,90,90,496,385,7.0,0.3833334,1.0,0.284,0.994,0.289,1
13.4,7.8,10.925,5.9,1.675,1.925,9.2,6.75,-1.925,-2.525,-2.725,-1.325,-0.375,0.2,-0.875,1.45,25,27,19,16,9,13,22,23,24,32,26,23,14,18,21,23,902,542,683,351,88,100,519,383,7.0,0.3833334,1.0,0.284,0.995,0.289,1
11.475,5.275,8.2,4.575,1.3,2.125,8.325,8.2,0.9,-0.25,-2.075,-0.875,0.025,-0.1,-1.375,1.2,19,17,21,19,5,15,23,25,20,27,21,24,12,20,24,26,707,302,493,267,67,115,509,546,7.0,0.3833334,1.0,0.284,0.997,0.289,1
12.375,5.025,6.125,3.7,1.325,2.025,6.95,9.4,0.875,1.1,1.9,1.0,0.175,-0.05,1.775,-0.525,19,16,17,16,9,10,21,19,24,26,17,22,15,17,23,25,768,299,322,193,66,98,442,633,7.0,0.3833334,1.0,0.284,0.998,0.289,1
13.25,6.125,8.025,4.7,1.5,1.975,8.725,8.875,-2.475,0.25,0.55,0.625,-0.025,-0.175,2.1,-0.575,19,20,18,17,11,11,21,16,21,23,23,20,19,17,20,20,809,353,436,241,74,98,522,523,7.0,0.3833334,1.0,0.283,0.998,0.29,1
10.775,6.375,8.575,5.325,1.475,1.8,10.825,8.3,-2.0,-0.5,-1.25,-0.425,0.075,0.175,-2.3,0.125,18,22,17,20,10,12,21,20,22,19,26,20,19,15,25,17,684,365,496,287,70,88,691,452,7.0,0.3833334,1.0,0.282,0.999,0.29,1
8.775,5.875,7.325,4.9,1.55,1.975,8.525,8.425,0.1,-0.425,-0.875,-0.75,0.15,0.175,-2.9,-1.2,23,25,19,18,11,12,23,19,27,22,24,21,19,17,29,22,609,356,441,269,74,103,582,488,7.0,0.3833334,1.0,0.281,0.998,0.291,1
8.875,5.45,6.45,4.15,1.7,2.15,5.625,7.225,-0.1,-0.05,-1.725,-1.275,-0.05,-0.225,1.05,-1.275,27,25,19,15,13,14,20,18,26,26,19,20,19,23,22,27,602,338,372,248,85,116,352,452,7.0,0.3833334,1.0,0.281,0.998,0.291,1
8.775,5.4,4.725,2.875,1.65,1.925,6.675,5.95,-0.6,-0.375,1.3,0.475,0.0,-0.2,1.75,-0.575,27,21,19,8,11,11,16,17,26,23,22,16,16,28,20,27,543,303,278,153,85,121,398,369,7.0,0.3833334,1.0,0.28,0.998,0.291,1
8.175,5.025,6.025,3.35,1.65,1.725,8.425,5.375,-0.175,-0.3,1.625,0.825,0.125,-0.175,-0.25,-0.125,27,19,21,11,11,12,17,18,28,21,22,18,15,24,23,25,523,253,320,176,79,116,471,297,7.0,0.3833334,1.0,0.28,0.998,0.291,1
8.0,4.725,7.65,4.175,1.775,1.55,8.175,5.25,0.975,1.35,-0.275,-0.025,-0.1,0.1,0.225,1.65,23,24,21,21,15,17,19,21,24,24,22,23,19,21,23,26,504,300,426,241,84,101,500,336,7.0,0.3833334,1.0,0.28,0.998,0.292,1
8.975,6.075,7.375,4.15,1.675,1.65,8.4,6.9,1.475,-0.125,-0.9,-0.1,-0.2,0.475,0.0,1.825,19,26,22,23,12,11,19,24,26,25,24,26,21,18,23,28,571,393,491,265,76,91,526,451,7.0,0.3833334,1.0,0.281,0.998,0.292,1
10.45,5.95,6.475,4.05,1.475,2.125,8.4,8.725,-1.25,-0.15,0.175,-0.05,0.5,0.25,-0.225,-1.3,19,23,19,20,12,13,20,23,27,23,23,22,28,18,22,25,696,382,436,250,83,114,569,540,7.0,0.3833334,1.0,0.281,0.998,0.292,1
9.2,5.8,6.65,4.0,1.975,2.375,8.175,7.425,-1.6,0.2,0.425,-0.025,0.125,-0.35,0.025,-1.75,16,17,15,14,20,18,19,23,20,20,21,20,30,24,24,24,500,316,416,219,125,150,526,459,7.0,0.3833334,1.0,0.281,0.998,0.292,1
7.6,6.0,7.075,3.975,2.1,2.025,8.2,5.675,1.2,-0.3,0.1,-0.45,-0.35,0.075,0.7,0.425,18,22,20,16,17,15,19,24,21,25,24,25,23,23,25,26,402,374,477,228,112,119,501,386,7.0,0.3833334,1.0,0.282,0.998,0.293,1
8.8,5.7,7.175,3.525,1.75,2.1,8.9,6.1,-0.275,0.15,1.8,0.625,-0.05,-0.025,-0.95,0.0,21,29,22,19,14,18,17,26,23,29,28,28,25,20,25,28,516,394,452,228,91,114,567,425,7.0,0.3833334,1.0,0.282,0.998,0.293,1
8.525,5.85,8.975,4.15,1.7,2.075,7.95,6.1,-0.875,-0.425,0.35,0.525,-0.125,0.175,-1.25,0.25,22,23,24,16,13,20,19,27,25,26,29,25,24,26,32,30,500,363,596,266,92,126,550,421,7.0,0.3833334,1.0,0.282,0.997,0.294,1
7.65,5.425,9.325,4.675,1.575,2.25,6.7,6.35,-1.25,-0.15,-1.6,-0.375,-0.15,0.1,1.575,-0.25,26,26,22,21,10,12,23,24,26,29,30,24,15,24,29,28,485,364,666,286,80,129,428,413,7.0,0.3833334,1.0,0.282,0.997,0.294,1
6.4,5.275,7.725,4.3,1.425,2.35,8.275,6.1,-0.4,0.5,-1.0,-0.3,-0.1,-0.65,0.8,-0.575,20,23,20,17,12,11,25,20,20,26,27,24,13,23,23,28,388,329,488,264,81,133,494,399,7.0,0.3833334,1.0,0.282,0.997,0.294,1
6.0,5.775,6.725,4.0,1.325,1.7,9.075,5.525,2.475,0.2,0.2,-0.4,0.175,-0.2,-0.825,-0.125,17,21,25,14,12,12,24,24,19,26,26,22,18,24,26,26,369,373,402,234,70,101,541,347,7.0,0.3833334,1.0,0.281,0.996,0.294,1
8.475,5.975,6.925,3.6,1.5,1.5,8.25,5.4,-0.875,-0.35,-0.625,0.15,0.35,0.3,0.925,0.45,14,18,24,14,13,10,22,27,21,22,26,19,24,21,27,26,472,400,439,177,74,82,530,340,7.0,0.3833334,1.0,0.281,0.995,0.294,1
7.6,5.625,6.3,3.75,1.85,1.8,9.175,5.85,0.3,-0.25,0.075,0.2,0.0,0.125,1.9,1.575,12,16,17,18,12,10,20,28,17,20,28,19,22,22,23,29,413,360,413,200,93,100,558,422,7.0,0.3833334,1.0,0.28,0.994,0.295,1
7.9,5.375,6.375,3.95,1.85,1.925,11.075,7.425,0.575,0.35,-0.975,-0.875,-0.525,-0.05,-1.75,-0.6,14,21,20,22,13,12,23,27,20,29,26,21,22,24,22,29,470,363,398,248,97,109,644,496,7.0,0.3833334,1.0,0.28,0.994,0.295,1
8.475,5.725,5.4,3.075,1.325,1.875,9.325,6.825,-0.6,-0.25,0.225,-0.1,0.125,0.1,1.8,-1.025,20,16,17,17,11,17,23,22,23,28,22,25,21,24,26,27,565,357,326,202,81,108,571,430,7.0,0.3833334,1.0,0.28,0.995,0.295,1
7.875,5.475,5.625,2.975,1.45,1.975,11.125,5.8,-0.55,-0.1,3.05,1.025,0.45,-0.25,-0.575,0.625,24,14,14,10,11,16,22,16,27,20,21,20,18,19,29,24,496,292,307,170,80,104,759,363,7.0,0.3833334,1.0,0.28,0.995,0.294,1
7.325,5.375,8.675,4.0,1.9,1.725,10.55,6.425,-0.55,-0.675,-0.875,0.475,-0.15,0.075,-2.575,1.375,22,20,22,13,11,8,21,22,32,24,25,19,19,16,26,25,425,327,525,219,97,84,710,427,7.0,0.3833334,1.0,0.28,0.995,0.294,1
6.775,4.7,7.8,4.475,1.75,1.8,7.975,7.8,2.35,-0.425,-1.475,0.325,0.025,0.675,0.925,0.425,19,21,20,16,9,10,17,23,28,26,26,18,21,17,21,25,400,297,470,236,96,96,486,476,7.0,0.3833334,1.0,0.28,0.994,0.293,1
9.125,4.275,6.325,4.8,1.775,2.475,8.9,8.225,1.25,1.35,1.325,-0.775,0.35,0.525,-0.075,-0.325,20,14,18,16,11,15,18,20,22,22,18,19,18,20,22,23,548,242,332,243,89,144,575,476,7.0,0.3833334,1.0,0.28,0.994,0.293,1
10.375,5.625,7.65,4.025,2.125,3.0,8.825,7.9,-3.125,-0.3,-0.45,-0.85,-0.15,-0.25,1.625,-0.775,21,14,23,13,16,17,22,17,18,23,22,22,21,21,24,25,622,326,448,234,109,166,592,467,7.0,0.3833334,1.0,0.28,0.994,0.294,1
7.25,5.325,7.2,3.175,1.975,2.75,10.45,7.125,-1.6,-0.9,-0.45,0.65,-0.3,-0.75,-0.75,-0.9,21,13,19,11,16,15,23,14,19,24,23,22,22,17,29,28,439,303,455,207,98,133,648,422,7.0,0.3833334,1.0,0.28,0.994,0.294,1
5.65,4.425,6.75,3.825,1.675,2.0,9.7,6.225,0.475,-0.1,1.475,1.125,0.25,0.025,-1.875,0.8,21,14,19,14,15,14,23,18,22,21,21,20,19,17,26,25,333,231,407,214,83,103,612,352,7.0,0.3833334,1.0,0.28,0.994,0.294,1
0.95,1.7,1.375,0.925,0.775,0.975,0.9,0.925,0.125,0.075,0.175,0.0,0.15,-0.1,0.1,0.0,9,14,9,5,2,3,3,1,18,22,19,15,12,19,13,15,48,100,75,40,31,46,38,36,8.0,0.3833334,1.383333,0.249,0.693,0.017,1
1.075,1.775,1.55,0.925,0.925,0.875,1.0,0.925,0.025,0.025,0.15,0.1,0.1,0.15,-0.1,0.05,10,11,13,6,1,1,8,7,19,20,19,18,17,15,19,19,55,112,91,46,34,36,46,45,8.0,0.3833334,1.383333,0.249,0.693,0.017,1
1.1,1.8,1.7,1.025,1.025,1.025,0.9,0.975,-0.025,-0.55,-0.25,0.025,-0.05,0.175,0.025,-0.15,10,13,15,8,2,1,6,7,19,24,22,26,15,15,25,15,59,116,94,65,34,38,49,42,8.0,0.3833334,1.383333,0.249,0.693,0.017,1
1.075,1.25,1.45,1.05,0.975,1.2,0.925,0.825,0.0,0.0,-0.3,0.175,0.1,0.075,0.3,0.025,8,9,6,10,6,7,1,2,17,24,19,22,14,17,21,11,54,85,71,63,41,49,43,30,8.0,0.3833334,1.383333,0.249,0.692,0.017,1
1.075,1.25,1.15,1.225,1.075,1.275,1.225,0.85,-0.1,0.325,-0.175,0.0,0.15,-0.225,-0.15,0.125,4,8,2,10,5,10,4,3,13,22,18,21,17,21,15,14,50,70,54,61,41,66,46,36,8.0,0.3833334,1.383333,0.249,0.693,0.017,1
0.975,1.575,0.975,1.225,1.225,1.05,1.075,0.975,0.075,-0.15,0.1,-0.025,-0.025,-0.025,-0.075,0.1,3,12,7,6,9,7,6,4,16,25,20,16,20,18,12,15,46,86,54,49,48,53,39,38,8.0,0.3833334,1.383333,0.248,0.694,0.017,1
1.05,1.425,1.075,1.2,1.2,1.025,1.0,1.075,0.05,-0.025,0.1,0.075,0.1,0.475,1.3,0.1,3,11,7,6,12,9,4,8,15,16,17,19,25,16,11,15,45,66,51,58,73,40,34,46,8.0,0.3833334,1.383333,0.248,0.695,0.018,1
1.1,1.4,1.175,1.275,1.3,1.5,2.3,1.175,0.05,-0.125,-0.075,0.45,0.475,0.65,0.575,0.075,3,11,2,8,12,11,7,10,15,16,13,21,25,21,14,18,51,61,41,67,79,67,102,55,8.0,0.3833334,1.383333,0.247,0.696,0.018,1
1.15,1.275,1.1,1.725,1.775,2.15,2.875,1.25,0.25,0.0,0.875,0.85,1.225,0.675,0.1,0.0,3,8,2,6,9,12,15,9,22,17,16,14,17,23,23,14,55,59,55,67,76,110,154,48,8.0,0.3833334,1.383333,0.247,0.698,0.019,1
1.4,1.275,1.975,2.575,3.0,2.825,2.975,1.25,-0.025,0.575,1.725,0.875,1.025,2.675,2.375,-0.025,6,5,11,6,6,17,13,9,23,18,20,12,10,24,22,13,68,72,113,88,103,178,157,49,8.0,0.3833334,1.383333,0.247,0.699,0.02,1
1.375,1.85,3.7,3.45,4.025,5.5,5.35,1.225,-0.3,-0.225,0.0,0.025,0.175,1.7,-0.05,-0.05,13,9,20,9,9,17,11,8,21,20,24,15,19,22,20,16,70,116,232,147,188,340,286,55,8.0,0.3833334,1.383333,0.247,0.702,0.021,1
1.075,1.625,3.7,3.475,4.2,7.2,5.3,1.175,0.0,-0.2,-0.775,-0.3,-0.25,-1.425,-2.125,0.05,11,12,18,13,9,19,14,7,24,20,19,19,24,25,21,17,56,101,219,179,223,475,292,51,8.0,0.3833334,1.383333,0.253,0.712,0.021,1
1.075,1.425,2.925,3.175,3.95,5.775,3.175,1.225,0.25,0.625,0.4,1.0,0.625,-1.45,0.15,0.125,4,10,17,13,11,21,15,8,19,22,18,20,17,26,20,16,47,81,158,147,176,365,172,53,8.0,0.3833334,1.383333,0.263,0.733,0.018,1
1.325,2.05,3.325,4.175,4.575,4.325,3.325,1.35,0.175,0.825,4.15,-0.075,0.05,-0.225,0.0,-0.075,11,13,15,15,16,21,14,7,19,18,23,22,19,25,22,17,65,107,180,209,240,276,165,63,8.0,0.3833334,1.383333,0.272,0.754,0.012,1
1.5,2.875,7.475,4.1,4.625,4.1,3.325,1.275,0.35,1.275,8.9,-0.475,-1.175,0.05,-0.55,0.025,11,14,20,15,17,20,18,10,23,20,28,18,23,23,29,19,76,163,469,220,260,251,192,68,8.0,0.3833334,1.383333,0.28,0.774,0.007,1
1.85,4.15,16.375,3.625,3.45,4.15,2.775,1.3,0.175,1.625,8.325,1.3,0.35,-0.275,-0.075,-0.175,4,12,22,12,14,18,18,10,19,21,29,19,19,25,29,20,87,203,1060,173,184,235,179,66,8.0,0.3833334,1.383333,0.29,0.798,0.004,1
2.025,5.775,24.7,4.925,3.8,3.875,2.7,1.125,0.0,1.3,0.6,0.375,0.35,-0.15,-0.55,-0.2,6,14,19,15,15,16,17,7,15,24,23,25,20,22,24,20,99,325,1503,251,213,210,165,64,8.0,0.3833334,1.383333,0.304,0.829,0.001,1
2.025,7.075,25.3,5.3,4.15,3.725,2.15,0.925,0.3,0.525,2.05,-0.45,-1.05,-1.15,-0.65,0.125,11,16,16,15,21,19,12,3,17,22,19,26,24,20,22,16,106,436,1638,302,248,217,120,55,8.0,0.3833334,1.383333,0.317,0.864,-0.003,1
2.325,7.6,27.35,4.85,3.1,2.575,1.5,1.05,0.375,1.825,-0.475,-0.1,-0.8,-1.0,-0.15,0.375,16,21,16,17,18,20,8,3,19,20,20,26,20,21,22,16,133,453,1752,273,179,158,79,60,8.0,0.3833334,1.383333,0.33,0.903,-0.007,1
2.7,9.425,26.875,4.75,2.3,1.575,1.35,1.425,-0.175,-0.05,-8.2,-0.55,-0.325,-0.275,-0.15,-0.025,19,25,20,20,15,14,11,8,25,27,25,21,21,21,19,26,172,599,1623,289,127,92,67,84,8.0,0.3833334,1.383333,0.341,0.943,-0.011,1
2.525,9.375,18.675,4.2,1.975,1.3,1.2,1.4,-0.05,-1.65,-0.65,-0.725,-0.15,-0.15,0.0,-0.175,20,26,25,15,19,6,10,9,25,27,25,16,28,17,17,24,159,562,1175,233,122,67,55,82,8.0,0.3833334,1.383333,0.35,0.991,-0.016,1
2.475,7.725,18.025,3.475,1.825,1.15,1.2,1.225,1.725,1.05,3.35,0.3,0.05,0.25,0.125,0.25,19,24,28,17,16,5,9,7,26,26,33,22,23,22,19,17,159,491,1277,200,114,67,56,70,8.0,0.3833334,1.383333,0.356,1.034,-0.02,1
4.2,8.775,21.375,3.775,1.875,1.4,1.325,1.475,3.875,1.9,4.075,1.025,0.1,0.15,-0.05,0.175,20,24,27,19,13,8,9,10,29,26,30,26,20,25,17,19,265,599,1504,230,111,78,59,76,8.0,0.3833334,1.383333,0.356,1.062,-0.015,1
8.075,10.675,25.45,4.8,1.975,1.55,1.275,1.65,1.45,2.025,-1.925,-0.2,-0.05,-0.15,0.4,0.275,19,21,20,20,11,11,7,10,25,22,23,23,21,21,17,16,453,645,1559,283,122,89,57,85,8.0,0.3833334,1.383333,0.344,1.111,0.027,1
9.525,12.7,23.525,4.6,1.925,1.4,1.675,1.925,0.75,-0.075,-7.1,-0.725,0.125,0.075,0.375,0.2,21,16,20,22,15,14,11,10,26,24,26,25,22,21,21,20,575,630,1393,286,119,81,94,115,8.0,0.3833334,1.383333,0.326,1.168,0.094,1
10.275,12.625,16.425,3.875,2.05,1.475,2.05,2.125,1.45,-2.075,-2.225,1.825,0.025,1.225,4.375,2.325,23,17,19,18,18,11,17,10,25,24,25,21,21,22,23,23,671,648,975,219,111,79,114,117,8.0,0.3833334,1.383333,0.309,1.206,0.155,1
11.725,10.55,14.2,5.7,2.075,2.7,6.425,4.45,10.275,2.6,-1.225,1.725,0.05,1.125,6.525,15.375,22,19,19,16,12,11,16,10,23,21,24,18,16,19,24,24,744,587,837,314,105,140,325,233,8.0,0.3833334,1.383333,0.295,1.237,0.229,1
22.0,13.15,12.975,7.425,2.125,3.825,12.95,19.825,15.675,2.725,0.85,0.55,0.525,0.4,2.6,10.55,20,17,24,19,17,15,16,15,22,22,29,20,22,20,21,21,1219,692,800,391,126,225,689,1083,8.0,0.3833334,1.383333,0.288,1.254,0.288,1
37.675,15.875,13.825,7.975,2.65,4.225,15.55,30.375,6.5,-0.35,0.575,-0.35,0.5,1.1,-0.875,3.375,21,16,22,16,23,15,20,21,27,25,25,19,29,22,21,22,2234,797,844,401,177,262,876,1706,8.0,0.3833334,1.383333,0.287,1.257,0.314,1
44.175,15.525,14.4,7.625,3.15,5.325,14.675,33.75,0.275,-0.425,-1.25,-1.05,0.175,-0.375,1.0,-1.25,23,18,20,15,21,19,18,21,28,25,23,24,26,24,22,25,2638,851,800,402,185,308,805,1953,8.0,0.3833334,1.383333,0.286,1.261,0.33,1
44.45,15.1,13.15,6.575,3.325,4.95,15.675,32.5,-9.25,-1.475,-0.725,-0.55,-0.6,-1.35,-1.1,-5.45,21,19,23,19,15,23,20,23,27,22,26,26,25,27,25,24,2598,917,793,381,200,301,965,2084,8.0,0.3833334,1.383333,0.285,1.265,0.339,1
35.2,13.625,12.425,6.025,2.725,3.6,14.575,27.05,-8.75,-2.775,-3.7,-1.325,-0.575,0.05,-3.025,-3.625,20,21,21,17,15,23,20,23,25,23,25,17,25,25,23,24,2059,804,780,333,166,225,931,1733,8.0,0.3833334,1.383333,0.284,1.265,0.343,1
26.45,10.85,8.725,4.7,2.15,3.65,11.55,23.425,3.625,0.65,1.8,0.975,0.2,0.1,0.8,-2.45,26,24,16,19,17,18,17,25,26,26,22,18,24,22,25,28,1652,683,481,256,120,206,774,1514,8.0,0.3833334,1.383333,0.284,1.263,0.344,1
30.075,11.5,10.525,5.675,2.35,3.75,12.35,20.975,-2.475,1.05,4.6,1.8,0.25,-0.35,-0.15,0.4,24,20,20,23,13,14,21,23,27,27,23,24,22,20,27,26,1764,647,646,384,134,215,794,1382,8.0,0.3833334,1.383333,0.282,1.264,0.343,1
27.6,12.55,15.125,7.475,2.6,3.4,12.2,21.375,-1.775,0.725,-0.7,-0.125,0.0,-0.275,2.1,-1.0,18,16,24,19,12,16,18,20,25,23,24,22,23,23,27,24,1383,716,933,457,147,204,733,1450,8.0,0.3833334,1.383333,0.277,1.266,0.34,1
25.825,13.275,14.425,7.35,2.6,3.125,14.3,20.375,4.65,1.55,-0.2,0.35,0.375,0.075,-0.05,0.0,22,16,24,22,18,20,19,22,25,17,26,27,21,26,26,25,1471,662,866,435,161,209,884,1392,8.0,0.3833334,1.383333,0.275,1.266,0.338,1
30.475,14.825,14.225,7.7,2.975,3.2,14.25,20.375,-2.6,-2.625,0.125,-0.675,-0.375,-0.1,-1.85,-0.4,22,21,18,23,21,24,22,20,23,21,24,24,22,28,24,21,1710,842,722,446,182,221,873,1322,8.0,0.3833334,1.383333,0.274,1.265,0.338,1
27.875,12.2,14.35,7.025,2.6,3.1,12.4,19.975,-1.4,-1.0,-1.675,-0.75,-0.8,-0.475,-0.45,-3.0,22,19,18,18,17,21,20,20,23,22,24,24,22,26,23,22,1583,741,795,406,150,203,701,1302,8.0,0.3833334,1.383333,0.273,1.264,0.34,1
26.475,11.2,12.675,6.275,1.8,2.625,11.95,16.975,-1.15,-1.25,-2.85,-0.75,0.175,0.025,-0.6,-0.75,22,21,24,21,17,15,15,19,25,23,30,33,22,24,22,27,1536,686,847,434,106,170,645,1069,8.0,0.3833334,1.383333,0.272,1.264,0.34,1
25.325,9.95,9.825,5.525,1.975,2.65,11.35,16.225,-2.65,0.575,-1.4,-1.525,0.0,-0.2,2.2,0.6,19,22,22,20,18,13,19,16,24,23,28,29,24,23,24,24,1358,561,632,369,118,156,689,866,8.0,0.3833334,1.383333,0.272,1.263,0.339,1
22.675,10.525,8.425,4.0,1.975,2.45,13.55,16.825,0.375,2.775,-0.625,-0.2,-0.3,-0.1,1.2,-2.65,19,19,21,16,17,10,24,21,24,24,24,24,23,22,29,23,1247,631,561,229,119,146,873,987,8.0,0.3833334,1.383333,0.272,1.262,0.339,1
23.05,13.3,7.8,3.8,1.675,2.35,14.75,14.175,1.65,-1.275,2.05,1.55,0.4,1.15,-1.85,2.775,22,20,24,16,19,17,22,23,23,26,26,24,25,26,28,31,1349,832,553,208,103,166,1019,832,8.0,0.3833334,1.383333,0.271,1.263,0.34,1
24.7,12.025,9.85,5.35,2.075,3.5,12.9,16.95,-0.65,0.125,2.075,0.65,0.15,0.1,0.0,3.375,20,26,26,18,18,19,19,20,27,27,27,25,27,26,23,31,1438,775,625,317,138,226,855,980,8.0,0.3833334,1.383333,0.27,1.263,0.34,1
24.05,12.15,11.925,6.0,2.225,3.6,12.9,20.325,-1.975,0.15,1.325,-0.15,-0.425,-0.7,-0.65,0.5,20,24,22,19,13,17,23,24,29,25,30,25,27,22,25,29,1441,749,752,384,154,214,846,1262,8.0,0.3833334,1.383333,0.27,1.263,0.341,1
22.075,12.3,13.25,5.85,1.8,2.9,12.25,20.825,-2.275,-1.35,-0.25,-0.075,0.125,-0.025,0.025,-2.375,21,18,22,17,12,15,26,23,30,22,31,24,23,21,26,30,1329,664,839,383,107,162,758,1290,8.0,0.3833334,1.383333,0.269,1.262,0.343,1
19.8,10.95,13.0,5.775,1.925,2.875,12.275,18.45,-1.05,2.55,-2.25,-0.225,0.175,-0.025,5.5,-1.2,17,20,20,14,13,11,23,18,24,25,21,25,24,21,26,24,1126,660,729,347,115,155,722,1093,8.0,0.3833334,1.383333,0.27,1.261,0.346,1
18.75,13.5,10.75,5.55,2.1,2.85,17.775,17.25,7.225,0.6,-0.3,-0.875,0.05,0.25,-3.275,1.425,15,23,17,19,16,12,25,21,27,26,22,25,25,19,26,22,1045,845,541,339,131,167,1085,1055,8.0,0.3833334,1.383333,0.271,1.26,0.347,1
25.975,14.1,10.45,4.675,2.15,3.1,14.5,18.675,0.625,-1.525,-0.95,-1.05,0.05,-0.1,-3.4,0.825,19,23,22,23,15,13,21,24,29,25,26,25,22,22,22,24,1550,864,625,303,120,182,930,1241,8.0,0.3833334,1.383333,0.271,1.261,0.347,1
26.6,12.575,9.5,3.625,2.2,3.0,11.1,19.5,-7.175,-1.5,0.625,1.45,-0.075,-0.6,5.7,0.85,22,22,19,15,11,14,20,22,26,26,22,24,23,23,21,20,1598,767,552,192,103,159,651,1220,8.0,0.3833334,1.383333,0.27,1.261,0.347,1
19.425,11.075,10.125,5.075,2.125,2.4,16.8,20.35,3.975,-1.725,1.975,1.325,-0.175,0.225,-0.625,-0.3,25,16,17,12,14,12,28,20,25,25,20,18,21,21,30,21,1292,604,510,232,115,132,1123,1173,8.0,0.3833334,1.383333,0.269,1.261,0.348,1
23.4,9.35,12.1,6.4,1.95,2.625,16.175,20.05,5.875,1.6,1.15,1.55,0.275,0.425,-0.6,-4.275,24,19,22,17,16,13,25,20,25,26,25,20,24,21,31,26,1606,548,677,342,127,165,1050,1176,8.0,0.3833334,1.383333,0.267,1.26,0.349,1
29.275,10.95,13.25,7.95,2.225,3.05,15.575,15.775,-1.225,2.125,-1.475,-0.225,0.1,-0.325,-0.775,-1.275,20,24,22,21,14,15,24,18,21,28,25,22,24,22,30,28,1641,723,758,467,125,193,1053,983,8.0,0.3833334,1.383333,0.267,1.258,0.349,1
28.05,13.075,11.775,7.725,2.325,2.725,14.8,14.5,-5.925,-1.3,-2.275,-2.9,-0.375,-0.35,-1.325,-0.1,24,21,18,21,18,18,24,20,23,24,21,20,21,23,26,27,1604,830,621,437,132,174,938,846,8.0,0.3833334,1.383333,0.267,1.257,0.349,1
22.125,11.775,9.5,4.825,1.95,2.375,13.475,14.4,-6.75,-3.775,-1.85,-1.725,-0.4,-0.525,-2.075,-5.65,29,21,20,19,15,17,22,19,28,29,23,22,22,26,26,26,1472,750,517,260,108,143,846,767,8.0,0.3833334,1.383333,0.267,1.256,0.348,1
15.375,8.0,7.65,3.1,1.55,1.85,11.4,8.75,-8.5,-3.925,-3.725,-1.175,-0.4,-0.475,-7.3,-5.55,22,18,18,16,7,11,15,13,23,30,23,29,18,19,24,23,965,525,496,195,69,92,676,451,8.0,0.3833334,1.383333,0.261,1.087,0.253,1
6.875,4.075,3.925,1.925,1.15,1.375,4.1,3.2,-5.9,-2.225,-2.45,-0.775,-0.175,-0.3,-3.2,-2.325,15,19,13,12,3,10,5,8,21,29,18,26,20,12,19,18,387,286,261,113,47,56,222,184,8.0,0.3833334,1.383333,0.25,0.808,0.094,1
0.975,1.85,1.475,1.15,0.975,1.075,0.9,0.875,0.025,-0.075,-0.15,-0.1,-0.05,-0.225,0.15,0.05,7,17,12,5,5,7,3,3,23,21,19,20,19,14,20,19,61,101,87,62,39,45,45,41,8.0,0.3833334,1.383333,0.245,0.697,0.03,1
1.0,1.775,1.325,1.05,0.925,0.85,1.05,0.925,0.225,-0.325,-0.075,-0.125,-0.05,0.175,-0.05,0.225,2,9,7,2,5,2,4,2,18,19,15,17,17,17,22,16,43,71,61,50,37,37,52,35,8.0,0.3833334,1.383333,0.245,0.697,0.03,1
1.225,1.45,1.25,0.925,0.875,1.025,1.0,1.15,0.05,-0.325,-0.125,0.075,0.075,0.0,-0.1,-0.15,4,6,4,3,0,2,3,5,18,23,14,14,15,15,13,18,46,77,46,37,33,35,41,42,8.0,0.3833334,1.383333,0.245,0.696,0.03,1
1.275,1.125,1.125,1.0,0.95,1.025,0.9,1.0,-0.025,0.175,0.1,-0.05,0.075,-0.225,-0.05,-0.125,8,5,4,4,2,2,3,3,20,19,18,17,16,15,12,12,58,64,58,47,38,37,31,36,8.0,0.3833334,1.383333,0.245,0.696,0.031,1
1.25,1.3,1.225,0.95,1.025,0.8,0.85,0.875,-0.175,-0.025,0.175,0.075,-0.075,0.225,-0.025,0.1,8,6,8,3,7,4,3,4,20,19,22,14,13,20,11,14,64,70,78,47,43,39,30,43,8.0,0.3833334,1.383333,0.245,0.696,0.031,1
1.075,1.275,1.4,1.025,0.95,1.025,0.825,0.975,0.0,0.0,-0.25,0.2,0.175,0.25,-0.025,0.175,6,6,11,5,5,9,3,5,20,13,25,9,12,20,13,13,61,56,81,42,44,56,36,41,8.0,0.3833334,1.383333,0.245,0.696,0.03,1
1.075,1.275,1.15,1.225,1.125,1.275,0.8,1.15,0.025,0.175,0.125,0.025,0.05,-0.25,0.025,-0.125,4,9,8,6,2,8,3,2,21,10,24,22,11,13,14,10,59,49,69,59,44,52,36,35,8.0,0.3833334,1.383333,0.246,0.696,0.03,1
1.1,1.45,1.275,1.25,1.175,1.025,0.825,1.025,-0.075,-0.125,0.1,-0.125,-0.25,-0.175,-0.05,-0.075,3,11,10,5,5,4,3,2,19,21,17,19,16,8,16,9,48,75,69,50,48,33,35,32,8.0,0.3833334,1.383333,0.246,0.697,0.03,1
1.025,1.325,1.375,1.125,0.925,0.85,0.775,0.95,0.05,0.25,-0.25,0.05,0.275,0.25,-0.15,0.0,7,8,9,5,5,2,3,2,18,22,12,15,18,10,11,10,53,71,63,42,43,32,30,35,8.0,0.3833334,1.383333,0.245,0.697,0.031,1
1.075,1.575,1.125,1.175,1.2,1.1,0.625,0.95,0.05,0.3,0.0,-0.025,0.125,0.125,0.225,0.1,10,12,3,4,7,3,1,6,22,19,13,20,18,13,6,16,64,83,57,50,53,43,21,44,8.0,0.3833334,1.383333,0.245,0.698,0.031,1
1.125,1.875,1.125,1.15,1.325,1.225,0.85,1.05,0.05,-0.15,0.175,-0.275,-0.25,-0.225,0.15,0.05,7,15,9,4,4,8,3,7,16,21,18,16,18,16,13,21,58,107,59,42,59,53,36,51,8.0,0.3833334,1.383333,0.244,0.699,0.032,1
1.175,1.725,1.3,0.875,1.075,1.0,1.0,1.1,-0.175,-0.1,0.025,0.225,0.4,0.325,0.175,-0.2,7,6,11,2,4,6,4,5,13,20,18,15,15,15,12,20,55,95,64,37,45,45,37,46,8.0,0.3833334,1.383333,0.244,0.7,0.032,1
1.0,1.625,1.325,1.1,1.475,1.325,1.175,0.9,0.05,-0.075,0.625,7.0,6.275,5.825,6.125,0.525,5,8,8,1,6,7,2,3,7,25,20,10,13,17,15,13,33,93,65,38,55,75,42,32,8.0,0.3833334,1.383333,0.243,0.7,0.032,1
1.05,1.55,1.95,8.1,7.75,7.15,7.3,1.425,0.475,1.1,4.55,2.2,3.95,6.925,5.25,0.675,3,15,10,9,12,17,12,8,9,26,19,15,18,24,22,13,45,92,83,382,398,487,428,75,8.0,0.3833334,1.383333,0.244,0.702,0.032,1
1.525,2.65,6.5,10.3,11.7,14.075,12.55,2.1,0.75,5.325,20.35,-4.275,-4.825,-3.425,-5.15,-0.2,9,15,17,20,21,20,24,16,18,25,28,27,27,28,24,22,80,147,417,552,739,888,781,125,8.0,0.3833334,1.383333,0.254,0.718,0.036,1
2.275,7.975,26.85,6.025,6.875,10.65,7.4,1.9,-0.125,0.625,7.05,-1.075,-3.9,-6.55,-5.2,-0.55,19,17,26,16,17,22,23,18,26,23,32,23,23,27,25,24,128,426,1884,315,356,681,486,110,8.0,0.3833334,1.383333,0.27,0.758,0.043,1
2.15,8.6,33.9,4.95,2.975,4.1,2.2,1.35,-0.475,-1.95,-13.9,-1.525,-1.275,-2.2,-1.0,-0.25,15,20,30,15,14,21,14,12,19,23,29,20,20,25,19,16,117,474,2363,252,139,287,133,65,8.0,0.3833334,1.383333,0.289,0.823,0.058,1
1.675,6.65,20.0,3.425,1.7,1.9,1.2,1.1,-0.075,-0.525,-6.65,0.05,-0.275,-0.575,-0.15,-0.2,8,22,24,18,12,14,8,7,14,26,25,22,22,20,15,13,93,417,1237,205,96,107,67,47,8.0,0.3833334,1.383333,0.31,0.914,0.087,1
1.6,6.125,13.35,3.475,1.425,1.325,1.05,0.9,2.875,0.725,-1.6,2.5,0.35,1.0,1.4,1.975,9,16,21,18,8,9,6,4,20,24,25,23,22,18,17,18,93,354,803,216,77,60,53,48,8.0,0.3833334,1.383333,0.319,1.027,0.128,1
4.475,6.85,11.75,5.975,1.775,2.325,2.45,2.875,15.75,1.375,-2.05,1.875,0.95,2.1,4.45,14.525,9,16,20,21,11,9,5,4,19,23,26,23,19,19,16,15,168,412,716,318,85,89,105,109,8.0,0.3833334,1.383333,0.311,1.119,0.168,1
20.225,8.225,9.7,7.85,2.725,4.425,6.9,17.4,17.55,-1.0,-2.375,-0.775,0.6,-0.075,2.075,8.425,13,17,16,19,11,13,5,10,22,26,25,20,19,18,19,17,1314,485,536,409,136,186,315,1055,8.0,0.3833334,1.383333,0.294,1.174,0.199,1
37.775,7.225,7.325,7.075,3.325,4.35,8.975,25.825,0.525,1.95,0.6,-0.8,-0.4,-1.275,-1.575,-0.175,15,14,18,20,15,11,11,17,25,25,26,20,23,21,25,24,2486,415,463,382,182,234,493,1475,8.0,0.3833334,1.383333,0.273,1.209,0.231,1
38.3,9.175,7.925,6.275,2.925,3.075,7.4,25.65,-9.275,0.95,1.275,-0.425,-0.875,-0.25,2.275,-2.5,21,19,21,25,17,11,16,17,24,20,25,24,24,20,24,23,2343,572,499,382,156,185,477,1497,8.0,0.3833334,1.383333,0.262,1.227,0.255,1
29.025,10.125,9.2,5.85,2.05,2.825,9.675,23.15,-8.925,-1.2,0.15,-0.3,-0.375,0.0,1.0,-0.075,24,20,21,21,10,12,22,15,25,21,27,26,21,16,28,21,1798,621,561,374,94,136,621,1515,8.0,0.3833334,1.383333,0.261,1.232,0.271,1
20.1,8.925,9.35,5.55,1.675,2.825,10.675,23.075,-2.4,0.4,1.8,0.375,0.025,-0.05,0.65,2.425,17,20,22,21,10,14,20,15,21,22,29,28,21,18,29,21,1219,536,572,342,85,155,734,1460,8.0,0.3833334,1.383333,0.262,1.233,0.281,1
17.7,9.325,11.15,5.925,1.7,2.775,11.325,25.5,3.025,1.425,3.875,0.675,0.175,0.125,0.175,-3.475,13,20,22,20,8,18,18,20,23,26,28,22,19,22,24,24,963,565,687,338,92,163,675,1500,8.0,0.3833334,1.383333,0.265,1.236,0.287,1
20.725,10.75,15.025,6.6,1.875,2.9,11.5,22.025,0.575,-0.425,-1.225,-0.675,0.45,0.15,-2.075,-2.675,22,24,20,19,10,18,17,21,25,30,25,20,18,24,22,25,1222,712,938,391,106,186,625,1105,8.0,0.3833334,1.383333,0.267,1.239,0.289,1
21.3,10.325,13.8,5.925,2.325,3.05,9.425,19.35,-0.7,-1.525,-4.175,-0.625,0.2,-0.075,1.725,-3.6,25,27,20,18,14,20,17,19,28,29,29,23,22,26,24,27,1348,682,907,354,126,206,500,1072,8.0,0.3833334,1.383333,0.267,1.239,0.29,1
20.6,8.8,9.625,5.3,2.525,2.975,11.15,15.75,-2.2,-0.975,-1.0,-0.05,-0.3,-0.05,0.1,-1.925,22,18,19,21,20,21,21,18,30,24,32,23,28,27,24,25,1330,530,650,333,163,197,683,1002,8.0,0.3833334,1.383333,0.267,1.239,0.291,1
18.4,7.825,8.625,5.25,2.225,2.925,11.25,13.825,-2.075,0.075,0.35,-0.6,-0.05,-0.35,-1.725,-0.325,20,18,20,24,20,20,19,22,27,23,27,27,26,28,24,25,1203,450,505,350,156,193,694,831,8.0,0.3833334,1.383333,0.265,1.239,0.292,1
16.325,7.9,8.975,4.65,2.175,2.575,9.525,13.5,0.425,-0.375,0.3,0.075,0.0,-0.35,-1.075,2.35,20,22,21,21,12,13,17,23,26,25,24,26,18,23,25,26,1014,462,534,293,121,142,594,906,8.0,0.3833334,1.383333,0.263,1.239,0.292,1
16.75,7.525,9.275,4.725,2.175,2.225,8.45,15.85,-0.05,-0.65,-0.275,-0.1,-0.45,-0.125,2.0,-2.875,19,15,22,22,15,11,21,20,24,23,26,26,16,18,26,25,1012,431,580,281,111,114,525,1035,8.0,0.3833334,1.383333,0.261,1.24,0.293,1
16.7,6.875,9.0,4.625,1.725,2.1,10.45,12.975,0.45,0.675,-0.8,-0.95,-0.025,0.625,2.4,-2.375,20,16,22,21,12,12,21,21,25,21,27,26,15,20,21,21,1022,404,551,279,74,106,598,818,8.0,0.3833334,1.383333,0.26,1.239,0.293,1
17.15,7.55,8.2,3.675,1.7,2.725,12.85,10.6,2.025,1.225,-0.325,-0.125,0.25,-0.025,-2.775,1.625,20,20,18,15,12,14,21,19,27,25,21,19,16,24,29,20,1062,416,481,217,76,169,837,630,8.0,0.3833334,1.383333,0.26,1.238,0.293,1
19.175,8.775,7.875,3.55,1.95,2.7,10.075,12.225,-1.35,-0.5,1.4,0.725,0.175,-0.125,-1.775,1.65,18,19,15,18,15,15,23,18,27,24,19,23,22,22,31,24,1154,491,447,224,102,160,705,734,8.0,0.3833334,1.383333,0.261,1.238,0.294,1
17.825,8.275,9.275,4.275,2.125,2.575,8.3,13.875,-0.625,-1.5,1.35,0.45,-0.1,0.075,0.75,2.75,20,16,18,20,17,13,19,21,25,26,23,26,29,18,22,32,1051,518,522,267,118,124,485,920,8.0,0.3833334,1.383333,0.261,1.238,0.294,1
17.2,6.775,10.625,4.725,2.025,2.65,9.05,16.625,1.375,0.625,-1.65,-0.775,-0.225,-0.35,2.225,-1.1,19,13,21,15,15,9,17,19,24,27,23,24,21,19,20,29,1095,418,589,275,98,120,473,1018,8.0,0.3833334,1.383333,0.261,1.238,0.295,1
18.575,7.4,8.975,3.95,1.8,2.3,11.275,15.525,0.95,2.225,-1.775,0.375,0.375,0.075,-0.05,-0.425,20,18,24,17,14,12,19,19,25,27,24,23,19,19,21,25,1220,428,566,254,90,118,681,910,8.0,0.3833334,1.383333,0.261,1.237,0.295,1
19.525,9.625,7.2,4.325,2.175,2.375,11.225,15.1,3.0,0.125,2.225,1.875,0.475,0.725,-1.175,-0.85,21,18,25,23,14,15,20,19,22,24,27,24,18,21,23,22,1168,549,468,305,114,136,690,892,8.0,0.3833334,1.383333,0.261,1.237,0.295,1
22.525,9.75,9.425,6.2,2.65,3.1,10.05,14.25,-2.75,-0.05,2.475,-0.325,-0.275,-0.25,2.0,0.325,15,15,22,21,22,19,25,17,16,25,28,26,23,25,27,22,1220,548,607,392,151,197,653,808,8.0,0.3833334,1.383333,0.26,1.238,0.294,1
19.775,9.7,11.9,5.875,2.375,2.85,12.05,14.575,-4.55,0.45,-1.575,-1.4,-0.5,-0.7,-0.125,-0.25,18,14,21,16,18,19,24,17,22,28,25,25,23,23,27,24,1099,555,746,362,134,180,782,801,8.0,0.3833334,1.383333,0.258,1.239,0.293,1
15.225,10.15,10.325,4.475,1.875,2.15,11.925,14.325,1.45,-1.45,0.6,0.125,-0.175,0.275,-2.375,-2.9,26,21,18,18,11,13,20,22,26,29,24,26,20,18,23,25,942,670,646,285,102,123,733,861,8.0,0.3833334,1.383333,0.257,1.24,0.292,1
16.675,8.7,10.925,4.6,1.7,2.425,9.55,11.425,-0.2,-0.375,1.575,0.6,0.2,0.325,2.0,3.9,25,24,19,20,17,16,24,22,27,31,25,28,25,25,25,29,1082,632,729,306,107,147,597,690,8.0,0.3833334,1.383333,0.257,1.241,0.291,1
16.475,8.325,12.5,5.2,1.9,2.75,11.55,15.325,-0.675,1.875,-0.325,0.5,0.35,-0.275,0.975,0.675,25,18,26,19,14,18,28,24,26,26,27,27,23,27,28,30,1078,510,816,340,118,178,777,1044,8.0,0.3833334,1.383333,0.257,1.241,0.29,1
15.8,10.2,12.175,5.7,2.25,2.475,12.525,16.0,3.025,-1.05,-2.975,-0.75,-0.25,-0.55,-0.475,-2.225,25,22,23,20,15,17,32,28,26,26,24,23,24,27,33,33,1006,654,708,311,138,172,911,1160,8.0,0.3833334,1.383333,0.257,1.241,0.289,1
18.825,9.15,9.2,4.95,2.0,1.925,12.05,13.775,1.375,-1.275,-0.9,-0.85,-0.525,0.1,1.2,1.25,22,20,22,20,16,14,31,25,25,30,24,28,26,26,32,30,1176,617,538,293,135,130,889,960,8.0,0.3833334,1.383333,0.258,1.241,0.288,1
20.2,7.875,8.3,4.1,1.475,2.025,13.25,15.025,-2.1,0.975,0.95,-0.025,0.025,-0.2,-0.175,-0.625,21,22,23,20,7,13,25,22,27,28,25,27,23,28,25,25,1267,531,507,250,88,139,917,963,8.0,0.3833334,1.383333,0.258,1.24,0.288,1
18.1,8.85,9.25,4.075,1.5,1.825,13.075,14.4,-1.9,0.65,0.05,0.425,0.575,0.25,0.05,-0.6,21,22,19,19,9,12,21,21,27,24,24,22,22,26,23,21,1039,521,553,212,82,113,790,882,8.0,0.3833334,1.383333,0.259,1.24,0.288,1
16.2,9.5,9.3,4.5,2.075,2.075,13.125,13.8,1.225,0.425,2.6,1.4,0.15,0.5,-1.325,0.225,23,20,17,19,14,15,21,21,26,23,24,22,21,21,23,23,948,555,557,244,115,113,783,823,8.0,0.3833334,1.383333,0.259,1.24,0.288,1
17.425,9.925,11.9,5.9,2.225,2.575,11.8,14.025,-1.275,0.7,0.825,0.45,-0.025,0.0,-3.725,1.7,24,24,22,23,16,15,21,22,24,25,24,25,24,22,26,25,1096,656,716,359,133,154,775,842,8.0,0.3833334,1.383333,0.259,1.239,0.288,1
16.15,10.625,12.725,6.35,2.2,2.575,8.075,15.725,0.525,-0.125,-0.45,-0.075,-0.05,-0.45,-0.175,1.75,21,23,21,20,15,10,19,19,22,27,22,24,21,22,23,20,924,668,764,377,125,144,514,848,8.0,0.3833334,1.383333,0.259,1.239,0.288,1
16.675,10.5,12.275,6.275,2.15,2.125,7.9,17.475,4.45,-0.85,-1.275,-0.4,-0.475,-0.3,1.675,-0.725,23,20,22,20,10,14,18,21,25,29,23,22,18,22,21,23,1083,670,797,380,102,116,512,960,8.0,0.3833334,1.383333,0.259,1.239,0.288,1
21.125,9.65,11.0,5.875,1.675,1.825,9.575,16.75,-0.25,2.075,-1.175,-0.55,0.225,0.425,1.275,0.575,23,22,24,21,7,17,20,22,29,29,25,24,17,26,25,28,1449,640,731,383,75,117,580,1062,8.0,0.3833334,1.383333,0.259,1.239,0.288,1
20.875,11.725,9.825,5.325,1.9,2.25,10.85,17.325,-3.2,1.275,0.7,0.5,0.4,0.575,4.8,-2.2,20,29,22,19,15,12,21,26,27,31,25,26,24,20,25,27,1304,788,643,367,108,119,665,1196,8.0,0.3833334,1.383333,0.258,1.239,0.288,1
17.675,13.0,10.525,5.825,2.3,2.825,15.65,15.125,0.975,-2.45,-1.125,-0.575,-0.075,-0.15,0.85,-0.45,19,25,28,24,15,12,20,25,24,31,29,28,25,18,24,27,1011,831,709,387,121,139,916,1027,8.0,0.3833334,1.383333,0.258,1.239,0.289,1
18.65,10.55,9.4,5.25,2.225,2.675,16.5,14.675,1.55,-1.0,-0.45,-0.675,-0.225,-0.55,-3.9,1.55,16,18,28,20,12,15,21,22,24,26,29,26,21,25,26,23,981,582,577,302,112,152,1013,962,8.0,0.3833334,1.383333,0.257,1.239,0.288,1
20.2,9.55,8.95,4.575,2.0,2.125,12.6,16.225,-0.25,0.275,0.75,0.625,0.0,0.025,-2.4,-4.375,17,25,20,19,18,16,23,21,25,30,25,25,29,25,28,23,1182,631,527,287,133,135,847,1125,8.0,0.3833334,1.383333,0.257,1.239,0.288,1
19.95,9.825,9.7,5.2,2.0,2.15,10.2,11.85,-1.175,-0.35,-1.275,-0.475,-0.025,0.05,-1.125,-2.975,18,25,15,17,17,15,22,20,25,29,21,28,25,22,27,23,1160,656,484,327,117,129,698,757,8.0,0.3833334,1.383333,0.257,1.239,0.287,1
18.775,9.475,8.425,4.725,1.975,2.2,9.075,8.875,-2.65,-1.05,1.075,-0.35,-0.275,-0.075,-0.025,1.375,17,21,11,11,12,14,21,23,24,25,20,27,18,20,26,25,954,585,387,251,87,118,548,572,8.0,0.3833334,1.383333,0.257,1.238,0.287,1
16.125,8.425,9.5,4.375,1.7,2.125,9.05,10.25,-0.9,2.25,1.575,0.825,0.175,0.425,2.825,3.825,22,22,18,13,12,16,20,24,24,27,26,20,24,26,24,28,910,568,549,237,93,130,486,748,8.0,0.3833334,1.383333,0.257,1.238,0.287,1
15.225,10.675,11.075,5.2,1.875,2.55,11.875,14.075,0.45,1.7,-0.375,0.4,0.175,0.55,0.25,0.6,20,20,24,18,14,13,25,20,22,26,29,18,22,25,24,24,877,675,712,299,100,144,679,820,8.0,0.3833334,1.383333,0.257,1.237,0.288,1
15.675,12.375,10.7,5.6,2.05,3.1,12.125,14.675,2.875,-1.875,-0.8,0.075,0.375,-0.275,-1.175,-1.3,18,21,21,17,13,13,26,16,23,26,26,20,19,20,27,19,888,754,642,331,114,175,771,709,8.0,0.3833334,1.383333,0.257,1.237,0.287,1
18.55,10.5,9.9,5.675,2.425,2.825,10.95,13.375,1.95,-0.775,0.1,0.3,-0.2,-0.375,-0.225,-0.775,20,19,21,18,13,16,26,21,24,28,26,20,19,19,28,23,1113,627,595,350,132,164,778,723,8.0,0.3833334,1.383333,0.257,1.237,0.287,1
20.5,9.725,10.0,5.975,2.225,2.45,10.725,12.6,-4.325,-0.85,0.475,-0.025,-0.55,-0.05,-1.7,-0.75,26,22,24,22,15,13,19,24,26,28,25,24,21,21,23,28,1330,643,602,361,118,140,697,730,8.0,0.3833334,1.383333,0.257,1.236,0.287,1
16.175,8.875,10.475,5.95,1.675,2.4,9.025,11.85,-6.75,-3.575,-4.55,-2.375,-0.175,-0.7,-3.725,-3.325,23,25,26,19,17,10,15,21,30,26,25,27,23,19,17,25,1113,600,642,368,90,128,525,744,8.0,0.3833334,1.383333,0.257,1.235,0.287,1
9.425,5.3,5.925,3.575,1.5,1.7,5.3,8.525,-5.625,-3.725,-4.225,-2.2,-0.325,-0.625,-3.6,-5.75,10,20,16,9,14,5,13,12,26,22,26,21,21,12,17,18,648,366,346,203,75,72,305,530,8.0,0.3833334,1.383333,0.248,0.994,0.181,1
3.8,1.575,1.7,1.375,1.175,1.075,1.7,2.775,-2.85,-0.2,-0.5,-0.2,0.0,-0.125,-0.625,-1.85,5,9,9,4,3,1,6,8,22,22,23,14,18,9,14,14,175,86,71,52,46,37,84,142,8.0,0.3833334,1.383333,0.239,0.727,0.062,1
0.95,1.375,1.2,1.175,1.175,0.95,1.075,0.925,0.1,-0.075,-0.075,-0.05,-0.2,-0.125,-0.05,0.0,7,7,9,4,1,1,5,4,22,21,19,14,14,6,16,14,48,69,57,44,37,33,48,41,8.0,0.3833334,1.383333,0.238,0.7,0.051,1
1.05,1.3,1.125,1.125,0.975,0.825,1.025,0.925,0.05,0.05,0.15,0.0,-0.175,0.1,-0.025,0.125,9,11,8,4,2,1,8,2,21,19,20,15,13,8,15,12,49,68,61,40,32,33,50,36,8.0,0.3833334,1.383333,0.238,0.7,0.051,1
1.1,1.35,1.275,1.125,0.8,0.925,1.0,1.05,0.05,-0.075,-0.05,0.4,0.8,0.625,0.3,0.2,7,19,12,9,1,2,8,4,16,21,21,22,12,10,19,18,52,80,68,58,34,36,53,42,8.0,0.3833334,1.383333,0.238,0.701,0.05,1
1.15,1.275,1.225,1.525,1.6,1.55,1.3,1.25,0.6,0.425,1.925,2.65,3.575,6.1,3.525,0.55,4,12,13,8,6,3,7,10,13,19,22,20,16,16,20,21,43,65,74,82,82,77,67,61,8.0,0.3833334,1.383333,0.238,0.701,0.049,1
1.75,1.7,3.15,4.175,5.175,7.65,4.825,1.8,0.475,3.15,10.525,1.7,0.925,2.275,2.025,-0.025,10,5,13,14,15,17,15,13,17,18,21,16,21,29,22,19,72,96,188,220,277,484,302,93,8.0,0.3833334,1.383333,0.241,0.706,0.052,1
2.225,4.85,13.675,5.875,6.1,9.925,6.85,1.775,-0.175,2.0,10.95,-1.475,-2.95,-6.0,-3.575,-0.55,12,14,19,16,15,26,18,11,16,24,22,19,19,26,24,21,97,288,882,292,303,637,444,85,8.0,0.3833334,1.383333,0.263,0.77,0.07,1
2.05,6.85,24.625,4.4,3.15,3.925,3.275,1.225,0.15,-0.625,2.7,-1.1,-1.1,-2.65,-2.225,-0.075,12,18,26,12,14,16,10,10,17,26,24,20,21,20,24,26,107,371,1568,214,155,183,214,67,8.0,0.3833334,1.383333,0.296,0.896,0.108,1
2.2,6.225,27.325,3.3,2.05,1.275,1.05,1.15,0.125,1.625,0.65,-0.25,-0.15,0.1,0.15,0.0,17,19,26,15,14,8,7,10,26,24,27,24,21,19,20,22,141,359,1753,195,114,67,56,66,8.0,0.3833334,1.383333,0.312,0.995,0.142,1
2.325,7.85,27.975,3.05,1.9,1.375,1.2,1.15,0.225,0.5,-6.625,3.7,-0.1,0.05,0.35,0.275,20,20,27,18,16,7,6,9,28,27,28,24,18,20,16,22,152,476,1763,203,98,75,53,69,8.0,0.3833334,1.383333,0.311,1.063,0.168,1
2.55,8.35,21.35,6.75,1.8,1.425,1.55,1.425,0.05,-1.125,-10.25,0.7,-0.225,0.15,2.875,0.9,18,21,24,19,14,11,4,8,26,24,29,24,18,18,15,18,154,482,1213,403,90,80,65,71,8.0,0.3833334,1.383333,0.303,1.126,0.196,1
2.6,7.225,11.1,7.45,1.575,1.575,4.425,2.325,9.25,1.825,-3.85,-1.95,0.375,0.95,3.85,8.125,16,22,19,16,11,10,10,11,22,24,23,21,21,15,18,18,148,429,710,421,84,85,230,129,8.0,0.3833334,1.383333,0.29,1.178,0.228,1
11.85,9.05,7.25,5.5,1.95,2.525,8.275,10.45,7.65,-0.25,0.425,0.65,0.15,0.5,2.15,3.775,13,21,16,16,10,13,19,17,19,23,20,22,19,17,23,23,611,507,409,331,114,147,492,616,8.0,0.3833334,1.383333,0.28,1.214,0.264,1
19.5,8.8,7.675,6.15,2.1,3.025,10.425,14.225,-2.025,-0.525,1.425,-0.9,-0.15,-0.5,-1.075,0.05,17,21,15,18,11,16,24,18,22,23,24,21,19,24,26,20,1119,483,455,360,115,184,718,805,8.0,0.3833334,1.383333,0.277,1.228,0.285,1
17.475,8.275,9.1,5.25,1.95,2.525,9.35,14.275,3.025,0.3,-1.45,-0.575,0.15,-0.3,-2.55,1.675,23,22,23,22,10,16,25,18,28,22,25,21,20,26,31,21,1035,481,573,307,95,147,640,811,8.0,0.3833334,1.383333,0.276,1.229,0.287,1
20.5,8.575,7.65,4.675,2.1,2.225,6.8,15.95,11.325,0.175,0.45,1.125,0.125,0.65,3.125,2.35,21,21,23,21,12,15,27,26,30,27,25,24,20,21,29,29,1202,545,434,268,122,130,452,1077,8.0,0.3833334,1.383333,0.275,1.229,0.286,1
31.825,8.75,8.1,5.8,2.225,2.875,9.925,18.3,0.0,0.275,3.425,0.975,0.175,0.175,2.2,6.175,18,20,17,18,17,19,25,28,25,28,26,27,22,22,25,28,1950,546,471,324,148,177,645,1307,8.0,0.3833334,1.383333,0.273,1.228,0.286,1
31.825,9.025,11.525,6.775,2.4,3.05,12.125,24.475,-5.975,0.475,0.45,-1.25,-0.4,-0.475,-1.55,-3.55,22,24,19,19,16,24,22,29,24,27,25,27,25,22,22,31,1959,597,738,407,155,186,778,1756,8.0,0.3833334,1.383333,0.272,1.227,0.285,1
25.85,9.5,11.975,5.525,2.0,2.575,10.575,20.925,-1.325,-0.075,-1.55,-0.925,0.05,0.075,-1.975,-4.875,17,26,16,19,16,19,21,28,28,27,23,25,24,21,22,31,1499,631,693,334,122,155,665,1409,8.0,0.3833334,1.383333,0.271,1.225,0.284,1
24.525,9.425,10.425,4.6,2.05,2.65,8.6,16.05,-6.2,-0.525,-0.55,-0.075,0.0,-0.325,-2.375,-0.775,16,24,19,20,17,18,20,27,28,25,25,27,21,21,26,29,1379,569,583,265,120,166,535,1014,8.0,0.3833334,1.383333,0.272,1.225,0.285,1
18.325,8.9,9.875,4.525,2.05,2.325,6.225,15.275,-1.4,-0.05,0.725,0.425,-0.575,-0.5,-1.1,-2.025,20,24,26,18,15,19,19,26,24,28,26,28,18,25,28,26,1019,571,632,298,119,158,409,954,8.0,0.3833334,1.383333,0.271,1.225,0.284,1
16.925,8.85,10.6,4.95,1.475,1.825,5.125,13.25,2.65,-1.35,-1.0,0.15,0.175,-0.1,0.825,-2.4,17,22,24,17,11,17,20,23,21,26,30,26,15,23,26,24,902,576,696,327,83,110,346,819,8.0,0.3833334,1.383333,0.271,1.225,0.284,1
19.575,7.5,9.6,5.1,1.65,1.725,5.95,10.85,-0.125,0.925,-1.275,0.05,0.275,0.475,2.075,1.375,20,16,22,17,14,12,23,16,24,25,29,23,19,19,29,22,1262,454,672,341,98,98,421,687,8.0,0.3833334,1.383333,0.27,1.225,0.284,1
19.45,8.425,8.325,5.15,1.925,2.2,8.025,12.225,-0.9,0.95,1.75,-0.675,-0.275,0.1,0.075,2.275,23,22,23,21,16,13,23,15,27,30,26,26,19,22,30,27,1324,573,548,355,95,122,549,714,8.0,0.3833334,1.383333,0.27,1.224,0.284,1
18.55,9.375,10.075,4.475,1.65,2.3,8.1,14.5,0.9,-0.875,0.0,-0.9,-0.175,-0.1,0.475,-0.675,20,25,23,25,16,12,18,22,25,30,25,28,19,18,23,29,1197,648,629,301,86,113,443,895,8.0,0.3833334,1.383333,0.268,1.223,0.285,1
19.45,8.5,10.075,3.575,1.475,2.2,8.575,13.825,0.025,-1.225,-0.875,0.0,0.375,0.125,1.1,-0.45,20,21,20,17,17,18,18,24,23,29,21,25,24,22,18,25,1090,534,595,229,95,131,479,859,8.0,0.3833334,1.383333,0.266,1.223,0.285,1
19.475,7.275,9.2,3.575,1.85,2.325,9.675,13.375,-0.1,0.05,0.25,1.3,0.325,-0.1,-0.65,3.175,20,19,20,15,19,17,21,20,27,25,21,19,27,21,22,26,1125,399,552,233,120,142,591,838,8.0,0.3833334,1.383333,0.265,1.224,0.286,1
19.375,7.325,9.45,4.875,2.175,2.225,9.025,16.55,-0.025,-0.125,1.375,1.2,-0.225,-0.175,-2.55,0.525,20,20,21,18,20,12,20,19,30,22,24,17,21,19,29,27,1285,397,552,256,130,125,518,1041,8.0,0.3833334,1.383333,0.265,1.224,0.286,1
19.35,7.2,10.825,6.075,1.95,2.05,6.475,17.075,-0.75,0.325,0.225,-0.475,-0.15,-0.1,0.35,0.875,23,21,20,21,15,17,20,21,28,24,25,20,18,22,29,25,1209,431,687,326,99,112,352,1099,8.0,0.3833334,1.383333,0.265,1.224,0.287,1
18.6,7.525,11.05,5.6,1.8,1.95,6.825,17.95,2.0,0.225,-3.1,-0.5,0.025,0.125,1.375,1.975,24,24,19,22,13,18,20,20,27,25,24,23,22,21,25,27,1124,478,636,319,100,102,422,1120,8.0,0.3833334,1.383333,0.265,1.225,0.288,1
20.6,7.75,7.95,5.1,1.825,2.075,8.2,19.925,0.95,-1.325,-1.025,0.05,0.25,0.5,-0.775,-0.625,29,22,17,18,12,12,23,22,30,25,23,21,22,20,27,24,1373,480,467,297,110,106,547,1224,8.0,0.3833334,1.383333,0.266,1.226,0.288,1
21.55,6.425,6.925,5.15,2.075,2.575,7.425,19.3,-1.0,-0.6,-0.35,-0.9,0.025,0.225,3.375,-3.775,28,16,16,20,15,12,26,22,29,23,25,24,22,23,30,22,1461,363,472,334,125,157,478,1067,8.0,0.3833334,1.383333,0.266,1.226,0.288,1
20.55,5.825,6.575,4.25,2.1,2.8,10.8,15.525,0.975,1.075,1.1,-0.05,-0.325,0.125,0.275,-4.1,25,17,15,19,15,18,25,19,28,27,25,23,18,22,26,22,1359,354,410,284,114,170,685,840,8.0,0.3833334,1.383333,0.266,1.226,0.289,1
21.525,6.9,7.675,4.2,1.775,2.925,11.075,11.425,1.25,0.375,2.275,1.125,-0.275,-0.325,-2.325,0.25,23,17,19,20,12,24,25,17,25,30,25,25,20,24,28,25,1298,420,474,270,100,183,741,714,8.0,0.3833334,1.383333,0.265,1.227,0.29,1
22.775,7.275,9.95,5.325,1.5,2.6,8.75,11.675,-1.15,-0.05,-0.5,-0.45,0.05,-0.75,1.05,0.375,20,23,22,25,8,22,23,22,22,28,27,29,20,24,26,26,1330,443,693,356,90,157,602,744,8.0,0.3833334,1.383333,0.264,1.228,0.291,1
21.625,7.225,9.45,4.875,1.55,1.85,9.8,12.05,1.75,2.775,-1.325,0.25,0.275,0.05,0.4,1.15,22,25,22,21,10,14,16,25,25,26,28,25,21,22,21,27,1352,459,669,306,85,97,548,770,8.0,0.3833334,1.383333,0.263,1.228,0.291,1
23.375,10.0,8.125,5.125,1.825,1.9,10.2,13.2,0.675,0.125,0.375,0.3,-0.075,-0.1,-0.5,-1.025,24,17,21,19,13,12,15,23,26,23,23,24,23,22,19,28,1471,595,490,314,94,89,546,883,8.0,0.3833334,1.383333,0.263,1.227,0.292,1
24.05,10.125,8.5,5.425,1.75,1.8,9.7,12.175,-5.9,-2.05,0.525,-0.65,-0.075,-0.175,-1.725,-3.25,23,15,19,19,12,10,18,28,26,22,21,23,23,20,23,30,1511,569,495,340,95,82,618,847,8.0,0.3833334,1.383333,0.262,1.226,0.293,1
18.15,8.075,9.025,4.775,1.675,1.625,7.975,8.925,-2.1,-0.725,1.0,0.275,-0.1,0.275,-0.225,-1.65,21,20,22,21,10,6,19,24,27,25,26,22,28,15,24,26,1051,470,574,306,98,76,491,572,8.0,0.3833334,1.383333,0.262,1.226,0.293,1
16.05,7.35,10.025,5.05,1.575,1.9,7.75,7.275,0.725,0.85,0.475,0.05,0.15,0.15,-0.025,1.225,25,17,25,25,7,8,22,18,28,27,28,25,21,22,28,22,947,465,649,328,88,107,468,396,8.0,0.3833334,1.383333,0.262,1.224,0.294,1
16.775,8.2,10.5,5.1,1.725,2.05,7.725,8.5,1.6,-0.125,0.925,-0.15,0.15,-0.075,-1.2,-1.375,22,17,27,26,7,10,22,19,26,23,28,29,18,23,29,23,946,534,707,356,95,130,458,525,8.0,0.3833334,1.383333,0.262,1.224,0.294,1
18.375,8.075,11.425,4.95,1.875,1.975,6.525,7.125,2.9,-0.95,1.375,0.8,-0.225,0.075,0.525,0.325,19,20,24,22,14,10,22,18,24,20,24,26,24,17,27,20,1034,506,706,326,115,105,404,452,8.0,0.3833334,1.383333,0.263,1.223,0.296,1
21.275,7.125,12.8,5.75,1.65,2.05,7.05,7.45,1.45,2.2,-2.025,-0.625,-0.2,-0.125,1.35,2.275,20,21,22,20,12,13,23,19,24,26,24,22,22,21,28,21,1213,482,790,337,98,117,434,482,8.0,0.3833334,1.383333,0.264,1.222,0.297,1
22.725,9.325,10.775,5.125,1.45,1.925,8.4,9.725,-2.675,0.1,-1.25,-0.625,0.175,-0.35,0.3,-0.525,18,23,24,19,7,13,22,26,24,29,26,22,17,25,27,28,1242,639,695,273,77,123,515,694,8.0,0.3833334,1.383333,0.264,1.221,0.298,1
20.05,9.425,9.525,4.5,1.625,1.575,8.7,9.2,-1.55,-1.625,1.3,0.375,0.075,0.05,-0.475,-0.55,17,24,25,19,8,8,24,25,29,26,28,23,15,15,26,27,1107,615,664,252,73,81,559,638,8.0,0.3833334,1.383333,0.264,1.221,0.298,1
18.5,7.8,10.825,4.875,1.7,1.625,8.225,8.65,0.15,-0.475,0.55,0.4,0.225,0.25,1.2,-1.025,21,21,23,24,10,7,24,23,28,26,29,28,16,14,24,30,1136,490,723,304,77,79,526,595,8.0,0.3833334,1.383333,0.263,1.221,0.299,1
18.65,7.325,11.375,5.275,1.925,1.875,9.425,7.625,-1.1,0.3,-0.675,-0.05,0.05,0.05,1.0,-0.175,25,21,21,22,16,9,23,20,27,26,30,26,19,20,25,30,1228,475,712,298,94,98,592,469,8.0,0.3833334,1.383333,0.263,1.221,0.3,1
1.275,1.7,1.45,0.925,1.05,0.975,1.1,1.125,0.025,-0.075,-0.05,-0.1,-0.025,0.0,-0.325,0.0,7,11,12,1,1,8,2,4,16,19,19,14,17,21,12,15,63,101,75,35,47,48,44,35,0.0,-0.3833333,0.6166667,0.232,0.682,0.032,2
1.3,1.625,1.4,0.825,1.025,0.975,0.775,1.125,-0.35,-0.375,-0.05,0.4,0.425,1.025,0.975,0.1,9,11,6,2,0,2,1,8,16,17,19,13,15,28,11,22,69,92,72,36,42,48,33,48,0.0,-0.3833333,0.6166667,0.232,0.683,0.032,2
0.95,1.25,1.35,1.225,1.45,2.0,1.75,1.225,0.0,-0.025,0.075,1.45,0.95,3.1,2.0,0.075,4,10,3,5,4,8,5,8,16,19,25,14,14,27,16,16,48,68,73,56,64,113,85,45,0.0,-0.3833333,0.6166667,0.231,0.684,0.033,2
0.95,1.225,1.425,2.675,2.4,5.1,3.75,1.3,0.05,0.15,0.125,-0.025,0.0,1.4,0.2,-0.15,2,8,4,12,11,17,14,13,16,18,21,19,21,20,22,16,41,61,70,140,129,266,193,59,0.0,-0.3833333,0.6166667,0.229,0.689,0.037,2
1.0,1.375,1.55,2.65,2.4,6.5,3.95,1.15,-0.1,0.525,1.1,-1.325,-0.8,-2.65,-1.875,-0.275,4,12,7,15,12,19,16,9,17,21,19,18,22,23,26,18,45,77,81,135,119,381,238,55,0.0,-0.3833333,0.6166667,0.22,0.703,0.054,2
0.9,1.9,2.65,1.325,1.6,3.85,2.075,0.875,-0.05,1.0,6.575,0.1,0.2,-2.15,-0.975,0.1,3,17,19,12,11,16,9,4,18,25,30,14,18,22,20,13,45,124,201,70,74,248,142,36,0.0,-0.3833333,0.6166667,0.197,0.722,0.087,2
0.85,2.9,9.225,1.425,1.8,1.7,1.1,0.975,1.625,5.8,7.575,2.075,0.575,-0.325,0.25,0.45,5,19,24,5,10,9,5,5,15,21,29,17,14,22,13,14,50,182,605,76,68,85,51,41,0.0,-0.3833333,0.6166667,0.157,0.743,0.13,2
2.475,8.7,16.8,3.5,2.375,1.375,1.35,1.425,0.95,1.825,4.625,1.225,0.15,1.075,0.75,0.3,15,22,23,12,11,7,10,9,19,22,25,21,18,18,20,19,174,572,1061,227,126,74,71,76,0.0,-0.3833333,0.6166667,0.067,0.772,0.204,2
3.425,10.525,21.425,4.725,2.525,2.45,2.1,1.725,-0.5,-2.725,-2.175,-1.375,-0.35,7.825,3.45,2.375,19,24,30,17,13,13,19,15,23,26,32,22,19,21,24,24,214,699,1493,311,153,164,130,98,0.0,-0.3833333,0.6166667,-0.053,0.798,0.297,2
2.925,7.8,19.25,3.35,2.175,10.275,5.55,4.1,3.3,4.675,-3.9,-0.475,0.175,25.025,14.65,12.45,18,23,28,14,9,21,18,14,22,23,29,18,17,28,24,22,153,478,1285,197,120,709,317,196,0.0,-0.3833333,0.6166667,-0.127,0.804,0.356,2
6.225,12.475,15.35,2.875,2.35,35.3,20.2,16.55,1.95,3.4,-2.775,0.575,0.725,19.175,10.4,14.6,17,20,23,18,11,25,17,16,26,22,27,25,24,31,24,25,362,722,1004,170,150,2334,1280,928,0.0,-0.3833333,0.6166667,-0.157,0.801,0.387,2
8.175,15.875,12.575,3.45,3.075,54.475,30.6,31.15,-0.125,-1.325,-3.475,0.025,0.525,-4.325,-0.575,5.625,16,21,25,23,15,28,23,21,23,26,27,32,24,31,26,27,497,980,869,217,198,3689,1866,1918,0.0,-0.3833333,0.6166667,-0.174,0.798,0.407,2
8.05,14.55,9.1,3.475,3.6,50.15,30.025,36.775,-0.375,-0.7,0.425,-0.65,-0.175,-5.325,-6.325,-3.425,20,25,20,21,18,29,24,25,22,28,28,30,24,30,28,31,505,929,591,231,227,3420,1879,2408,0.0,-0.3833333,0.6166667,-0.184,0.793,0.412,2
7.675,13.85,9.525,2.825,3.425,44.825,23.7,33.35,-1.875,-3.575,-2.025,-0.325,-0.775,-12.575,-1.175,-8.65,20,26,18,14,18,27,26,24,26,27,28,26,27,28,30,30,459,847,593,176,196,3062,1537,2304,0.0,-0.3833333,0.6166667,-0.187,0.788,0.414,2
5.8,10.275,7.5,2.5,2.65,32.25,22.525,24.7,-0.6,-1.925,-1.5,-0.025,-0.1,-12.25,0.975,1.125,17,21,19,17,17,25,25,21,25,24,27,27,23,31,30,26,343,594,450,152,152,2157,1377,1576,0.0,-0.3833333,0.6166667,-0.186,0.786,0.414,2
5.2,8.35,6.0,2.475,2.55,20.0,23.5,25.825,0.3,4.075,1.1,-0.25,0.2,5.4,-2.125,2.15,18,23,23,17,18,22,18,20,26,27,27,24,26,29,23,26,295,522,408,149,178,1285,1297,1489,0.0,-0.3833333,0.6166667,-0.184,0.785,0.415,2
5.5,12.425,7.1,2.225,2.75,25.4,21.375,27.975,0.025,0.9,-0.4,0.175,0.1,8.7,0.1,-4.275,20,25,27,15,14,18,18,23,26,31,29,21,22,25,22,25,336,777,471,126,172,1525,1223,1664,0.0,-0.3833333,0.6166667,-0.183,0.786,0.416,2
5.525,13.325,6.7,2.4,2.85,34.1,21.475,23.7,0.175,-0.075,0.075,0.275,0.225,-2.575,-4.225,-2.6,13,20,21,13,11,19,19,22,24,27,27,18,19,26,23,23,327,843,441,132,159,2309,1236,1394,0.0,-0.3833333,0.6166667,-0.183,0.787,0.416,2
5.7,13.25,6.775,2.675,3.075,31.525,17.25,21.1,-0.65,0.325,-0.55,-0.25,-0.05,-5.65,-0.5,-3.75,17,18,21,17,17,19,18,21,29,25,26,22,21,27,24,22,345,822,431,157,171,2045,985,1099,0.0,-0.3833333,0.6166667,-0.184,0.787,0.415,2
5.05,13.575,6.225,2.425,3.025,25.875,16.75,17.35,-0.95,-3.325,-1.275,-0.25,-0.85,-1.375,3.3,-3.525,20,18,20,16,25,19,17,20,24,21,22,23,24,25,26,24,312,826,351,147,175,1640,1016,965,0.0,-0.3833333,0.6166667,-0.184,0.787,0.414,2
4.1,10.25,4.95,2.175,2.175,24.5,20.05,13.825,-0.275,-1.5,0.1,-0.275,-0.45,3.975,4.0,-2.025,15,21,20,16,21,20,18,19,25,21,21,22,23,27,27,25,241,598,316,136,130,1661,1287,747,0.0,-0.3833333,0.6166667,-0.184,0.787,0.414,2
3.825,8.75,5.05,1.9,1.725,28.475,24.05,11.8,-0.175,0.775,0.325,-0.05,0.55,9.875,-2.875,2.35,12,24,23,17,21,23,22,20,24,26,27,24,20,30,29,24,225,562,350,128,104,1889,1531,665,0.0,-0.3833333,0.6166667,-0.184,0.787,0.415,2
3.65,9.525,5.375,1.85,2.275,38.35,21.175,14.15,0.9,-1.225,0.225,0.375,0.3,-4.9,-3.575,3.625,14,26,22,11,18,22,24,21,20,28,24,19,23,29,23,25,222,661,316,95,124,2403,1213,874,0.0,-0.3833333,0.6166667,-0.184,0.787,0.415,2
4.55,8.3,5.6,2.225,2.575,33.45,17.6,17.775,-0.4,0.35,-0.425,-0.075,-0.025,-8.375,0.375,-3.35,20,20,23,13,17,22,19,22,23,21,26,22,25,29,23,24,263,483,312,129,135,2209,946,1162,0.0,-0.3833333,0.6166667,-0.185,0.788,0.416,2
4.15,8.65,5.175,2.15,2.55,25.075,17.975,14.425,-0.325,1.575,-0.575,0.375,0.375,8.05,2.9,-3.575,14,18,24,16,19,26,16,22,25,20,25,22,21,28,24,23,219,483,313,137,138,1769,1035,960,0.0,-0.3833333,0.6166667,-0.186,0.787,0.416,2
3.825,10.225,4.6,2.525,2.925,33.125,20.875,10.85,0.675,0.425,-0.05,0.525,0.45,-1.325,0.275,0.725,14,22,24,20,23,28,20,24,28,23,23,24,23,28,24,23,216,611,279,165,186,2218,1248,656,0.0,-0.3833333,0.6166667,-0.187,0.786,0.417,2
4.5,10.65,4.55,3.05,3.375,31.8,21.15,11.575,2.2,1.525,0.25,1.975,0.65,-10.225,-3.45,0.875,21,23,24,17,23,27,24,28,29,25,25,25,25,30,29,26,276,672,287,195,230,2239,1259,790,0.0,-0.3833333,0.6166667,-0.187,0.786,0.417,2
6.7,12.175,4.8,5.025,4.025,21.575,17.7,12.45,1.4,0.05,0.25,1.2,1.85,5.075,-0.25,3.1,19,15,21,15,18,21,18,24,31,19,23,24,23,29,28,24,423,600,267,296,242,1376,959,849,0.0,-0.3833333,0.6166667,-0.187,0.786,0.417,2
8.1,12.225,5.05,6.225,5.875,26.65,17.45,15.55,0.75,-0.65,-0.325,-0.95,2.4,1.275,0.325,0.75,12,17,21,17,16,17,16,21,26,21,24,27,22,28,23,25,489,586,319,404,314,1433,841,971,0.0,-0.3833333,0.6166667,-0.186,0.786,0.417,2
8.85,11.575,4.725,5.275,8.275,27.925,17.775,16.3,-1.175,0.125,0.3,-0.4,1.05,-3.35,-1.45,-5.4,15,24,19,13,18,16,20,23,24,25,25,24,27,24,24,24,499,716,328,328,494,1366,994,1102,0.0,-0.3833333,0.6166667,-0.185,0.785,0.417,2
7.675,11.7,5.025,4.875,9.325,24.575,16.325,10.9,0.925,0.55,1.025,0.275,-1.875,4.25,-2.65,-2.725,19,21,17,15,17,21,15,27,26,25,25,20,28,23,24,28,477,762,323,277,552,1549,894,766,0.0,-0.3833333,0.6166667,-0.185,0.784,0.417,2
8.6,12.25,6.05,5.15,7.45,28.825,13.675,8.175,3.6,0.55,0.55,1.25,-1.775,-3.875,4.125,0.5,18,18,22,17,16,29,15,22,24,23,27,22,25,32,25,25,547,727,393,302,457,2035,770,546,0.0,-0.3833333,0.6166667,-0.184,0.784,0.416,2
12.2,12.8,6.6,6.4,5.675,24.95,17.8,8.675,-1.15,-2.275,-0.7,-0.025,0.1,-2.175,1.525,0.275,20,20,23,16,21,25,14,13,24,23,26,24,26,27,22,19,789,831,416,399,356,1677,1011,459,0.0,-0.3833333,0.6166667,-0.183,0.783,0.416,2
11.05,10.525,5.9,6.375,5.775,22.775,19.325,8.95,-1.025,0.175,-1.125,-0.35,0.3,6.075,-2.725,1.1,20,23,20,19,17,22,18,14,24,27,25,25,25,24,24,20,680,718,355,396,346,1478,1145,485,0.0,-0.3833333,0.6166667,-0.184,0.784,0.417,2
10.025,10.7,4.775,6.025,6.075,28.85,16.6,10.05,-0.375,0.025,0.025,0.475,0.975,-3.5,1.15,0.425,19,26,21,20,19,26,23,16,20,28,25,22,25,27,27,23,564,721,300,341,356,1838,1108,595,0.0,-0.3833333,0.6166667,-0.184,0.785,0.417,2
9.65,10.725,4.8,6.5,7.05,25.35,17.75,10.475,-1.35,-2.075,-0.075,-0.425,-0.2,-5.925,-0.55,-0.45,18,23,21,21,24,28,22,14,22,23,26,20,25,27,27,18,553,695,324,408,440,1634,1082,515,0.0,-0.3833333,0.6166667,-0.184,0.786,0.417,2
8.3,8.65,4.725,6.075,6.85,19.425,17.2,10.025,-1.975,-0.15,-1.15,0.825,-0.025,0.85,-0.6,-1.675,18,22,21,13,24,27,20,16,24,21,26,24,24,28,28,20,489,511,328,368,446,1226,953,497,0.0,-0.3833333,0.6166667,-0.184,0.786,0.417,2
6.325,8.5,3.575,6.9,6.825,20.275,16.6,8.35,-0.825,0.125,-1.025,0.8,-0.925,2.85,-0.575,-0.725,15,20,19,13,29,22,23,21,18,26,25,24,30,28,27,23,327,547,238,404,477,1311,992,504,0.0,-0.3833333,0.6166667,-0.184,0.786,0.417,2
5.5,8.625,2.55,7.7,5.9,23.125,16.025,7.625,-0.35,0.05,0.0,-2.125,-2.4,-5.6,-4.6,-0.15,17,14,14,16,23,19,20,22,23,26,22,24,29,33,23,26,350,482,148,441,393,1565,936,542,0.0,-0.3833333,0.6166667,-0.185,0.786,0.417,2
5.15,8.675,2.55,5.575,3.5,17.525,11.425,7.475,-2.3,-3.65,-0.65,-2.95,-1.45,-12.0,-7.2,-3.775,14,15,13,13,14,16,17,18,22,23,18,24,23,27,23,26,314,441,123,288,209,1068,672,498,0.0,-0.3833333,0.6166667,-0.142,0.776,0.38,2
2.85,5.025,1.9,2.625,2.05,5.525,4.225,3.7,-1.6,-3.25,-0.475,-1.6,-0.875,-4.8,-3.425,-2.8,10,12,12,8,6,9,11,8,20,21,14,20,17,16,22,25,150,275,82,112,104,250,306,232,0.0,-0.3833333,0.6166667,0.071,0.726,0.195,2
1.25,1.775,1.425,1.025,1.175,0.725,0.8,0.9,-0.225,-0.375,-0.075,-0.275,-0.225,0.125,0.15,0.1,7,7,9,2,3,2,4,4,22,19,17,17,14,13,15,21,65,100,62,41,47,35,41,45,0.0,-0.3833333,0.6166667,0.241,0.686,0.047,2
1.025,1.4,1.35,0.75,0.95,0.85,0.95,1.0,-0.15,-0.35,-0.425,0.1,-0.15,0.3,0.1,-0.125,5,7,6,4,2,0,6,3,12,23,19,16,9,10,14,15,41,90,69,34,32,30,46,39,0.0,-0.3833333,0.6166667,0.242,0.686,0.047,2
0.875,1.05,0.925,0.85,0.8,1.15,1.05,0.875,0.125,-0.075,0.125,0.475,0.425,2.0,0.775,0.025,2,7,1,7,0,6,6,0,10,24,18,16,6,9,16,17,34,63,54,41,27,34,44,37,0.0,-0.3833333,0.6166667,0.242,0.686,0.046,2
1.0,0.975,1.05,1.325,1.225,3.15,1.825,0.9,0.075,0.275,1.675,0.35,0.4,1.55,0.925,0.3,0,3,3,5,6,11,10,1,17,13,20,17,14,13,13,13,44,42,54,55,54,148,82,39,0.0,-0.3833333,0.6166667,0.241,0.688,0.047,2
1.075,1.25,2.725,1.675,1.625,4.7,2.75,1.2,-0.075,0.25,1.2,-0.2,-0.025,-1.65,-0.825,0.15,0,7,11,7,9,17,13,6,13,14,22,17,15,22,16,14,42,63,165,72,71,280,131,54,0.0,-0.3833333,0.6166667,0.235,0.698,0.06,2
1.0,1.5,3.925,1.475,1.6,3.05,1.925,1.35,0.05,-0.1,0.275,-0.3,-0.2,-1.4,-0.8,-0.175,0,10,20,7,7,20,10,7,13,20,26,18,13,26,20,20,41,81,254,68,71,201,94,61,0.0,-0.3833333,0.6166667,0.219,0.714,0.09,2
1.05,1.4,4.2,1.175,1.4,1.65,1.125,1.175,0.075,0.65,3.0,0.05,-0.125,-0.425,-0.1,-0.075,1,9,21,8,10,13,5,4,14,19,24,21,16,26,13,20,50,85,255,58,67,103,46,49,0.0,-0.3833333,0.6166667,0.189,0.731,0.13,2
1.125,2.05,7.2,1.225,1.275,1.225,1.025,1.1,0.1,1.375,2.7,0.0,-0.225,0.0,0.4,0.075,2,10,20,7,9,8,4,7,15,21,26,21,17,22,9,20,50,125,440,59,63,66,34,56,0.0,-0.3833333,0.6166667,0.142,0.75,0.179,2
1.225,3.425,9.9,1.225,1.05,1.225,1.425,1.175,0.275,0.65,-1.575,0.05,0.0,2.375,2.575,1.2,3,15,24,4,7,6,11,9,17,23,28,21,14,17,16,17,57,198,638,67,51,64,74,60,0.0,-0.3833333,0.6166667,0.082,0.771,0.228,2
1.5,4.075,8.325,1.275,1.05,3.6,4.0,2.375,1.825,2.0,-2.35,0.5,0.85,12.525,7.95,13.075,8,20,21,7,7,12,22,13,15,21,26,18,16,22,29,20,71,227,536,72,46,215,256,139,0.0,-0.3833333,0.6166667,-0.006,0.793,0.291,2
3.325,6.075,5.975,1.775,1.9,16.125,11.95,15.45,3.0,3.45,-0.5,0.525,1.125,15.5,15.075,16.325,11,15,15,9,11,18,20,19,15,20,23,19,25,23,24,27,154,331,337,100,100,1012,643,936,0.0,-0.3833333,0.6166667,-0.106,0.804,0.361,2
6.325,9.525,5.475,2.3,3.025,31.625,27.025,31.775,0.125,0.975,-0.125,0.175,0.8,10.925,5.775,6.525,18,18,16,11,12,20,21,22,20,22,21,21,28,27,22,23,346,582,316,143,159,1968,1540,1739,0.0,-0.3833333,0.6166667,-0.16,0.8,0.399,2
6.45,10.5,5.35,2.475,3.825,42.55,32.8,38.3,-0.9,1.7,0.7,0.225,0.625,7.075,-5.275,-3.65,24,20,17,12,13,19,25,24,24,20,23,21,19,27,26,24,389,599,323,164,216,2722,1928,2235,0.0,-0.3833333,0.6166667,-0.175,0.794,0.408,2
5.55,12.2,6.05,2.7,4.45,49.625,27.525,34.65,1.6,1.775,1.625,0.375,-0.275,-6.3,1.125,-2.275,24,18,18,14,21,17,22,21,25,23,23,21,20,19,26,27,349,742,368,163,268,2828,1584,2069,0.0,-0.3833333,0.6166667,-0.182,0.79,0.411,2
7.15,13.975,7.675,3.075,4.175,43.325,28.65,32.375,0.775,-0.95,0.675,0.225,-0.875,-1.95,2.075,-0.975,23,21,16,16,19,22,17,22,24,26,21,16,21,23,22,26,444,903,465,162,247,2531,1281,1918,0.0,-0.3833333,0.6166667,-0.187,0.787,0.413,2
7.925,13.025,8.35,3.3,3.3,41.375,30.725,31.4,-0.925,-1.125,-0.9,-0.325,-0.325,-0.25,7.075,-0.275,23,24,17,12,13,25,21,26,27,26,22,22,20,28,24,28,510,854,543,178,187,2702,1566,2049,0.0,-0.3833333,0.6166667,-0.189,0.786,0.414,2
7.0,11.9,7.45,2.975,2.975,41.125,37.8,31.125,-0.425,0.9,-1.35,-0.25,0.125,0.325,5.625,-2.6,18,21,24,17,20,22,24,22,25,28,27,29,26,25,25,26,422,807,521,197,190,2524,2174,1873,0.0,-0.3833333,0.6166667,-0.188,0.786,0.415,2
6.575,12.8,6.1,2.725,3.1,41.45,43.425,28.525,-0.375,-0.05,-0.725,0.475,0.15,-1.025,-10.625,-2.05,15,20,25,21,21,22,18,21,22,29,28,27,29,24,24,25,373,865,426,192,209,2654,2340,1788,0.0,-0.3833333,0.6166667,-0.187,0.787,0.416,2
6.2,12.75,5.375,3.2,3.25,40.425,32.8,26.475,-1.125,-0.125,-0.05,-0.15,0.525,-2.45,-9.2,-1.525,19,26,21,19,21,18,17,22,26,32,26,26,26,24,20,24,359,907,336,206,213,2383,1730,1660,0.0,-0.3833333,0.6166667,-0.186,0.787,0.415,2
5.075,12.625,5.325,3.05,3.775,37.975,23.6,24.95,-0.875,0.15,0.025,-0.1,0.15,3.45,5.175,-6.025,20,27,18,16,27,16,21,22,26,31,22,25,28,22,25,25,288,865,291,174,262,2103,1357,1516,0.0,-0.3833333,0.6166667,-0.185,0.787,0.414,2
4.2,12.775,5.35,2.95,3.925,41.425,28.775,18.925,0.4,-0.45,0.45,0.25,-0.425,7.225,5.3,4.175,17,25,19,9,19,23,23,18,24,28,22,22,26,24,32,26,250,842,310,150,257,2643,1660,1076,0.0,-0.3833333,0.6166667,-0.185,0.786,0.414,2
4.6,12.325,5.8,3.2,3.5,48.65,34.075,23.1,0.35,-0.675,-0.6,-0.625,0.325,6.975,-4.05,2.425,14,19,20,15,15,25,25,19,22,26,24,21,23,28,30,25,263,702,340,172,215,3144,1990,1376,0.0,-0.3833333,0.6166667,-0.184,0.786,0.413,2
4.95,11.65,5.2,2.575,3.825,55.625,30.025,25.525,0.275,-1.425,-1.125,-0.3,-0.425,-17.25,-3.425,-4.35,13,20,17,17,17,21,24,19,23,27,24,20,23,30,27,25,304,678,315,148,214,3315,1844,1620,0.0,-0.3833333,0.6166667,-0.184,0.787,0.413,2
5.225,10.225,4.075,2.275,3.4,38.375,26.6,21.175,0.525,2.175,1.05,0.4,0.075,-2.85,2.475,-1.825,19,22,15,16,21,19,20,19,27,24,20,25,27,23,23,24,346,570,218,133,197,2127,1463,1399,0.0,-0.3833333,0.6166667,-0.185,0.787,0.413,2
5.75,12.4,5.125,2.675,3.475,35.525,29.075,19.35,0.25,2.275,1.45,0.175,0.375,10.075,9.0,0.375,26,18,20,18,17,23,24,18,30,21,20,30,27,22,25,23,387,738,301,153,222,2134,1690,1157,0.0,-0.3833333,0.6166667,-0.185,0.786,0.413,2
6.0,14.675,6.575,2.85,3.85,45.6,38.075,19.725,-0.85,-3.2,-0.7,-0.1,-0.175,-1.375,-0.65,1.2,20,17,23,16,15,26,26,19,27,25,24,25,24,28,29,23,386,942,418,180,237,2986,2333,1142,0.0,-0.3833333,0.6166667,-0.185,0.785,0.412,2
5.15,11.475,5.875,2.75,3.675,44.225,37.425,20.925,-0.6,-0.675,-0.875,-0.325,-0.25,-3.575,-4.1,0.225,18,17,22,17,22,28,20,23,25,28,22,23,26,32,28,25,335,736,360,176,227,3119,2141,1345,0.0,-0.3833333,0.6166667,-0.185,0.785,0.411,2
4.55,10.8,5.0,2.425,3.425,40.65,33.325,21.15,0.625,2.4,1.0,0.3,-0.1,-1.85,-5.0,-5.475,24,21,21,15,22,22,19,28,26,27,24,21,26,27,25,31,285,748,309,156,210,2701,1801,1440,0.0,-0.3833333,0.6166667,-0.185,0.785,0.411,2
5.175,13.2,6.0,2.725,3.325,38.8,28.325,15.675,-0.05,-0.15,0.05,0.15,-0.075,-1.0,-1.75,-3.225,24,23,21,15,18,19,20,20,23,29,25,22,21,26,23,29,305,881,379,175,182,2313,1453,1029,0.0,-0.3833333,0.6166667,-0.185,0.785,0.411,2
5.125,13.05,6.05,2.875,3.25,37.8,26.575,12.45,-1.0,-2.225,-1.175,-0.3,-0.475,-6.1,0.65,-1.65,18,22,18,16,14,24,21,17,21,28,25,24,18,30,25,24,279,788,356,169,186,2418,1425,785,0.0,-0.3833333,0.6166667,-0.184,0.786,0.411,2
4.125,10.825,4.875,2.575,2.775,31.7,27.225,10.8,-0.3,-1.175,-0.475,0.075,0.7,0.9,-4.175,2.65,17,21,18,13,15,24,22,17,23,25,28,27,20,27,26,24,243,677,324,143,171,1996,1570,665,0.0,-0.3833333,0.6166667,-0.184,0.786,0.411,2
3.825,9.65,4.4,2.65,3.475,32.6,23.05,13.45,0.675,1.825,-0.325,-0.3,0.25,-3.075,1.425,1.275,16,20,16,13,18,21,28,16,27,26,26,21,20,26,28,25,249,629,268,125,192,1993,1470,845,0.0,-0.3833333,0.6166667,-0.184,0.786,0.411,2
4.5,11.475,4.075,2.35,3.725,29.525,24.475,14.725,0.125,1.875,0.4,0.125,-0.275,3.85,-4.125,-1.1,17,23,15,16,19,16,26,22,26,25,22,16,17,22,27,28,269,687,223,106,197,1637,1544,956,0.0,-0.3833333,0.6166667,-0.185,0.785,0.411,2
4.625,13.35,4.475,2.475,3.45,33.375,20.35,13.625,0.0,-0.775,0.175,-0.325,-0.825,1.625,-2.0,0.5,20,25,17,18,16,18,20,25,24,23,23,19,20,22,25,29,265,782,261,129,205,1926,1307,867,0.0,-0.3833333,0.6166667,-0.184,0.785,0.411,2
4.625,12.575,4.65,2.15,2.625,35.0,18.35,14.125,-0.15,-1.825,-0.225,-0.225,-0.375,-8.5,5.1,-1.4,18,25,22,16,15,23,19,25,26,25,27,22,21,27,23,29,279,781,315,124,172,2140,1135,881,0.0,-0.3833333,0.6166667,-0.184,0.786,0.412,2
4.475,10.75,4.425,1.925,2.25,26.5,23.45,12.725,-0.85,0.075,0.45,0.85,0.725,2.15,-2.75,-0.9,16,22,24,20,17,25,20,19,29,27,30,25,20,28,25,23,279,713,300,122,130,1815,1426,743,0.0,-0.3833333,0.6166667,-0.184,0.786,0.412,2
3.625,10.825,4.875,2.775,2.975,28.65,20.7,11.825,0.025,2.675,0.9,0.25,-0.275,0.15,-2.825,-0.725,20,23,21,20,21,25,21,18,24,30,25,24,25,28,25,26,234,754,290,165,183,2013,1321,708,0.0,-0.3833333,0.6166667,-0.184,0.786,0.412,2
3.65,13.5,5.775,3.025,2.7,28.8,17.875,11.1,0.975,0.35,-0.075,-0.35,-0.2,7.675,5.35,-0.25,21,27,23,15,16,26,19,19,20,30,24,24,25,27,23,29,215,959,368,172,169,2002,1119,671,0.0,-0.3833333,0.6166667,-0.184,0.785,0.412,2
4.625,13.85,5.7,2.675,2.5,36.475,23.225,10.85,-0.175,-3.125,-1.35,-0.3,0.625,6.075,-0.075,1.5,20,24,22,17,15,26,22,22,21,25,24,27,23,31,24,25,289,960,390,165,150,2486,1364,695,0.0,-0.3833333,0.6166667,-0.184,0.785,0.412,2
4.45,10.725,4.35,2.375,3.125,42.55,23.15,12.35,-0.975,0.475,-0.25,-0.25,-0.075,-9.025,-0.7,-0.4,19,21,20,18,19,24,18,22,23,23,21,27,24,27,23,25,279,682,263,151,188,2607,1317,812,0.0,-0.3833333,0.6166667,-0.184,0.784,0.412,2
3.475,11.2,4.1,2.125,3.05,33.525,22.45,11.95,0.75,-0.25,0.35,-0.15,-0.275,-3.65,2.1,-1.55,18,25,23,16,17,21,21,18,25,27,25,24,27,21,28,28,214,735,243,128,188,1808,1408,733,0.0,-0.3833333,0.6166667,-0.184,0.785,0.411,2
4.225,10.95,4.45,1.975,2.775,29.875,24.55,10.4,0.55,-0.975,0.0,-0.15,0.2,1.625,-6.5,2.925,18,25,19,11,16,16,27,16,22,26,26,16,25,22,28,23,211,692,265,105,159,1760,1560,554,0.0,-0.3833333,0.6166667,-0.184,0.785,0.411,2
4.775,9.975,4.45,1.825,2.975,31.5,18.05,13.325,-0.625,1.9,-0.05,0.1,-0.175,-0.175,1.225,-1.7,20,23,20,15,17,14,20,19,21,27,31,21,25,24,23,22,243,592,283,109,164,1826,1097,826,0.0,-0.3833333,0.6166667,-0.184,0.785,0.411,2
4.15,11.875,4.4,1.925,2.8,31.325,19.275,11.625,0.275,1.45,1.05,0.55,0.025,-2.05,3.2,-5.425,17,22,19,21,18,20,18,25,21,24,26,23,28,25,23,26,240,675,279,120,175,1976,1105,737,0.0,-0.3833333,0.6166667,-0.184,0.784,0.411,2
4.425,13.325,5.45,2.475,2.825,29.275,22.475,6.2,-0.075,-1.55,-0.375,-0.15,0.0,0.125,-5.725,-0.025,17,25,20,22,20,22,19,23,22,24,26,23,30,27,23,27,277,822,365,159,182,1891,1242,368,0.0,-0.3833333,0.6166667,-0.184,0.783,0.411,2
1.225,1.225,1.5,1.025,1.25,0.85,0.75,0.975,-0.025,0.525,-0.1,0.175,-0.25,0.075,0.2,-0.05,6,11,18,5,2,5,5,4,15,20,17,17,16,22,17,16,44,69,87,51,44,45,36,41,1.0,-0.3833333,1.0,0.244,0.671,0.027,2
1.2,1.75,1.4,1.2,1.0,0.925,0.95,0.925,-0.025,0.075,0.175,-0.025,0.1,0.05,0.1,-0.025,6,22,14,9,5,6,4,1,20,25,25,18,14,18,17,16,55,119,83,53,45,46,41,36,1.0,-0.3833333,1.0,0.244,0.67,0.026,2
1.175,1.825,1.575,1.175,1.1,0.975,1.05,0.9,-0.025,-0.475,-0.1,-0.125,0.05,0.0,-0.05,0.0,8,18,12,4,4,6,5,1,23,25,26,14,15,15,16,10,59,117,73,40,41,41,45,30,1.0,-0.3833333,1.0,0.244,0.669,0.025,2
1.15,1.35,1.475,1.05,1.15,0.975,1.0,0.9,0.0,0.05,-0.125,0.0,0.0,0.025,0.425,0.0,10,6,9,6,3,6,3,3,15,18,20,19,14,14,12,11,56,70,59,44,39,41,37,33,1.0,-0.3833333,1.0,0.244,0.67,0.025,2
1.15,1.4,1.35,1.05,1.15,1.0,1.425,0.9,0.0,0.1,0.0,2.075,2.025,3.5,4.625,0.475,7,3,6,8,8,8,4,4,15,16,18,18,14,14,19,12,52,69,54,51,46,48,71,36,1.0,-0.3833333,1.0,0.243,0.671,0.026,2
1.15,1.5,1.35,3.125,3.175,4.5,6.05,1.375,0.0,0.275,0.95,1.225,0.875,2.525,1.7,0.1,6,11,8,10,10,16,13,9,20,20,17,18,19,21,22,17,51,84,62,185,195,289,384,71,1.0,-0.3833333,1.0,0.241,0.675,0.027,2
1.15,1.775,2.3,4.35,4.05,7.025,7.75,1.475,0.0,0.425,1.75,-1.45,-1.7,-2.9,-4.3,-0.35,5,13,9,21,10,19,26,12,16,22,15,24,29,21,26,20,59,90,107,277,232,437,508,82,1.0,-0.3833333,1.0,0.235,0.69,0.039,2
1.15,2.2,4.05,2.9,2.35,4.125,3.45,1.125,0.275,1.325,7.9,-0.525,-0.75,-1.375,-1.65,0.025,6,17,9,22,8,14,24,4,17,22,17,23,25,18,26,14,58,119,222,176,118,224,223,42,1.0,-0.3833333,1.0,0.224,0.715,0.063,2
1.425,3.525,11.95,2.375,1.6,2.75,1.8,1.15,0.425,1.675,11.05,0.2,0.15,0.075,-0.125,0.05,11,22,17,22,11,12,19,7,14,21,21,22,19,20,21,14,63,206,728,140,102,153,111,50,1.0,-0.3833333,1.0,0.199,0.757,0.107,2
1.85,5.2,23.0,2.575,1.75,2.825,1.675,1.2,0.925,1.25,1.725,1.225,0.35,0.25,0.375,0.175,16,22,21,22,15,14,17,7,15,22,26,22,19,24,18,17,94,314,1419,159,104,178,98,71,1.0,-0.3833333,1.0,0.147,0.823,0.169,2
2.775,6.45,24.725,3.8,2.1,3.075,2.05,1.375,1.525,0.7,-11.25,-0.15,0.175,10.475,10.45,12.9,19,20,22,18,18,15,15,7,16,22,28,23,21,23,17,16,150,397,1584,231,122,179,110,80,1.0,-0.3833333,1.0,0.04,0.923,0.243,2
4.3,7.15,13.475,3.65,2.275,13.55,12.5,14.275,0.975,1.075,-8.35,-0.975,0.025,10.075,9.025,12.6,15,18,21,17,19,19,18,13,17,20,23,24,23,25,19,24,188,403,808,213,132,832,680,832,1.0,-0.3833333,1.0,-0.087,1.015,0.309,2
5.275,8.225,5.125,2.675,2.3,23.625,21.525,26.875,0.9,0.675,0.525,0.1,-0.1,2.425,0.975,-3.45,14,21,25,19,17,26,21,18,20,26,24,23,24,30,22,29,274,485,307,153,140,1676,1257,1605,1.0,-0.3833333,1.0,-0.151,1.045,0.336,2
6.175,8.9,5.65,2.775,2.2,26.05,22.5,23.425,0.425,-0.3,-0.575,-0.075,-0.025,-2.625,-0.75,1.5,17,25,24,17,15,27,17,18,22,29,21,23,22,31,23,23,393,590,347,149,120,1690,1302,1310,1.0,-0.3833333,1.0,-0.169,1.041,0.342,2
6.6,8.6,5.075,2.7,2.175,23.425,21.75,24.925,1.125,0.775,0.95,0.0,0.35,3.425,-2.975,3.375,15,24,21,15,12,22,20,16,23,24,23,23,27,30,25,20,417,510,302,144,121,1603,1130,1330,1.0,-0.3833333,1.0,-0.179,1.037,0.347,2
7.725,9.375,6.025,2.7,2.525,26.85,18.775,28.3,0.25,-0.05,-0.075,-0.325,-0.075,-2.175,-1.575,-5.15,17,24,21,15,14,20,20,16,23,22,25,20,29,23,23,22,494,552,374,153,159,1598,1001,1486,1.0,-0.3833333,1.0,-0.185,1.036,0.35,2
7.975,9.325,5.95,2.375,2.45,24.675,17.2,23.15,-2.675,0.4,-0.175,0.15,-0.45,-8.375,1.275,0.625,23,21,18,15,17,23,20,19,27,27,23,23,24,26,24,24,535,614,347,157,154,1514,1041,1241,1.0,-0.3833333,1.0,-0.188,1.037,0.35,2
5.3,9.725,5.775,2.525,2.0,16.3,18.475,23.775,2.8,1.5,0.225,0.35,0.375,0.325,1.575,1.2,17,15,15,13,16,23,21,26,27,23,25,24,19,27,25,29,336,543,319,152,109,1095,1046,1410,1.0,-0.3833333,1.0,-0.189,1.038,0.348,2
8.1,11.225,6.0,2.875,2.375,16.625,20.05,24.975,7.975,0.525,-0.825,-0.125,0.05,-2.475,-5.775,-7.0,14,19,18,13,12,23,17,27,25,23,21,21,17,26,24,30,495,622,336,160,132,1093,1038,1638,1.0,-0.3833333,1.0,-0.189,1.039,0.346,2
16.075,11.75,5.175,2.75,2.425,14.15,14.275,17.975,0.975,-0.95,0.375,0.075,-0.225,0.525,-4.175,-4.35,17,25,15,16,13,23,13,23,21,26,18,21,22,27,24,23,1024,724,273,158,138,921,710,1152,1.0,-0.3833333,1.0,-0.188,1.042,0.345,2
17.05,10.8,5.55,2.825,2.2,14.675,10.1,13.625,-2.525,-0.725,-0.35,-0.125,0.225,-1.175,1.45,0.975,19,24,17,22,15,26,17,22,23,23,26,28,23,28,25,20,1028,656,345,194,121,1008,548,859,1.0,-0.3833333,1.0,-0.187,1.044,0.345,2
14.525,10.075,5.2,2.7,2.425,13.5,11.55,14.6,-3.325,-0.925,-0.825,-0.35,-0.075,-3.25,-1.425,0.9,21,24,20,14,17,24,23,21,22,26,28,28,22,24,25,25,855,609,329,176,135,915,663,977,1.0,-0.3833333,1.0,-0.186,1.046,0.344,2
11.2,9.15,4.375,2.35,2.35,10.25,10.125,15.5,-2.975,1.075,1.025,0.275,-0.25,0.2,-2.375,-2.85,14,24,19,11,17,18,23,21,18,28,23,22,19,21,24,30,587,591,238,130,118,568,565,1073,1.0,-0.3833333,1.0,-0.186,1.045,0.344,2
8.225,10.225,5.4,2.625,2.1,10.45,7.75,12.65,1.15,0.5,-0.45,-0.225,0.125,2.475,3.85,-3.175,16,18,23,21,15,20,22,22,21,26,26,22,16,26,23,29,433,568,315,150,99,599,497,846,1.0,-0.3833333,1.0,-0.187,1.043,0.344,2
9.375,10.725,4.95,2.4,2.225,12.925,11.6,9.475,1.45,-0.475,0.5,-0.1,-0.15,3.725,1.625,1.625,21,19,18,19,20,24,23,18,25,25,28,23,21,26,24,25,590,623,303,132,119,735,759,557,1.0,-0.3833333,1.0,-0.188,1.042,0.345,2
10.825,10.25,5.45,2.3,2.075,16.65,13.225,11.1,1.0,0.25,0.525,0.2,-0.45,0.175,-1.425,2.15,20,23,13,12,17,24,20,18,22,25,23,23,21,23,23,22,639,659,289,95,110,1017,784,611,1.0,-0.3833333,1.0,-0.189,1.041,0.347,2
11.825,10.5,5.975,2.5,1.625,16.825,11.8,13.25,-1.05,0.425,-2.35,-0.525,0.6,-3.8,-0.125,-2.85,24,25,15,14,10,25,17,21,24,27,20,21,21,23,18,23,778,622,286,109,86,1056,618,805,1.0,-0.3833333,1.0,-0.191,1.039,0.348,2
10.775,10.925,3.625,1.975,2.225,13.025,11.675,10.4,-1.775,2.225,0.775,0.475,0.25,-0.175,0.9,-2.025,20,24,15,11,12,22,14,21,21,26,20,17,21,25,16,25,632,577,180,97,118,801,622,655,1.0,-0.3833333,1.0,-0.192,1.038,0.349,2
9.0,13.15,4.4,2.45,2.475,12.85,12.575,8.375,-0.025,-1.8,0.825,0.3,-0.45,-0.775,-0.125,0.425,15,20,15,12,13,24,18,20,23,24,22,18,18,29,22,25,496,800,263,154,130,842,689,474,1.0,-0.3833333,1.0,-0.193,1.038,0.349,2
8.975,11.35,5.225,2.75,2.025,12.075,12.45,8.8,-0.325,-1.475,-0.925,-0.55,0.125,-1.075,-2.075,1.575,17,20,18,17,12,24,22,20,28,26,23,23,19,27,26,26,523,757,310,178,100,858,699,528,1.0,-0.3833333,1.0,-0.194,1.038,0.349,2
8.65,9.875,4.3,2.2,2.15,11.0,10.375,10.375,-2.9,-0.2,-0.65,-0.3,-0.075,0.15,-1.8,-0.825,15,24,19,19,17,19,20,20,25,28,28,25,23,26,23,24,539,643,270,140,121,726,543,661,1.0,-0.3833333,1.0,-0.194,1.038,0.349,2
5.75,9.675,3.65,1.9,2.075,11.15,8.575,9.55,-0.95,-0.35,0.25,0.075,-0.35,-0.675,-1.85,-0.65,19,21,20,16,14,19,23,17,25,22,27,24,20,28,28,23,372,582,245,118,119,775,472,584,1.0,-0.3833333,1.0,-0.194,1.037,0.349,2
4.8,9.325,3.9,1.975,1.725,10.475,6.725,8.9,1.9,1.0,0.9,0.625,0.325,2.675,1.225,-0.525,22,19,19,14,10,19,21,18,27,21,24,27,22,24,27,25,313,544,255,128,100,683,379,563,1.0,-0.3833333,1.0,-0.194,1.038,0.35,2
6.7,10.325,4.8,2.6,2.05,13.15,7.95,8.375,0.475,-1.65,-0.075,0.025,0.35,0.6,1.025,-1.55,22,24,18,16,13,25,19,22,27,22,24,27,20,26,25,22,438,660,304,162,119,870,446,543,1.0,-0.3833333,1.0,-0.195,1.039,0.351,2
7.175,8.675,4.725,2.625,2.4,13.75,8.975,6.825,-1.025,-1.65,-0.7,-0.675,-0.35,1.7,0.5,-0.35,25,25,18,17,14,27,24,24,26,27,28,22,16,26,27,27,436,585,304,160,118,950,582,453,1.0,-0.3833333,1.0,-0.196,1.04,0.352,2
6.15,7.025,4.025,1.95,2.05,15.45,9.475,6.475,-0.325,0.825,0.0,-0.15,-0.05,2.225,0.525,-1.3,22,20,17,15,11,25,24,22,20,26,23,23,19,24,28,24,366,461,248,124,94,965,607,401,1.0,-0.3833333,1.0,-0.196,1.039,0.352,2
5.825,7.85,4.025,1.8,2.0,17.675,10.0,5.175,1.0,1.6,0.25,0.4,0.125,-2.475,-0.65,-0.65,19,21,17,8,12,25,20,22,24,22,20,22,21,25,22,23,333,469,261,110,101,1157,600,302,1.0,-0.3833333,1.0,-0.197,1.039,0.351,2
6.825,9.45,4.275,2.2,2.125,15.2,9.35,4.525,0.225,1.0,0.8,0.15,-0.075,1.95,-1.45,-0.025,21,21,17,13,12,19,16,21,28,23,23,23,20,23,21,28,442,537,284,136,116,937,486,285,1.0,-0.3833333,1.0,-0.198,1.038,0.35,2
7.05,10.45,5.075,2.35,2.05,17.15,7.9,4.5,-1.825,-1.425,0.3,-0.075,0.1,-0.175,-0.85,0.275,22,21,19,14,14,19,17,20,24,24,26,23,20,23,24,26,477,639,322,150,122,1028,450,269,1.0,-0.3833333,1.0,-0.197,1.038,0.35,2
5.225,9.025,5.375,2.275,2.15,16.975,7.05,4.775,-1.05,-0.25,0.55,0.225,-0.15,-0.725,-0.75,0.3,19,21,21,17,18,18,19,24,24,24,26,23,26,22,20,25,319,571,338,147,146,1019,409,307,1.0,-0.3833333,1.0,-0.197,1.038,0.35,2
4.175,8.775,5.925,2.5,2.0,16.25,6.3,5.075,0.95,1.25,0.275,-0.1,0.075,1.25,2.0,-0.75,15,20,18,23,18,21,21,20,21,23,26,29,27,24,25,26,219,552,363,156,136,1027,343,316,1.0,-0.3833333,1.0,-0.197,1.038,0.35,2
5.125,10.025,6.2,2.4,2.075,17.5,8.3,4.325,1.65,-0.825,-1.45,-0.4,-0.075,-2.15,0.55,-0.625,14,19,18,19,18,26,21,19,20,26,23,30,25,29,27,24,274,643,352,141,125,1218,506,266,1.0,-0.3833333,1.0,-0.196,1.036,0.351,2
6.775,9.2,4.75,2.0,2.0,15.35,8.85,3.7,0.975,-1.175,-0.55,0.25,0.0,-1.9,-3.325,0.1,19,19,21,14,17,22,18,16,25,26,21,21,22,31,22,19,428,564,278,111,120,945,517,206,1.0,-0.3833333,1.0,-0.196,1.036,0.352,2
7.75,8.025,4.2,2.25,2.0,13.45,5.525,3.8,-1.05,-0.275,-0.2,0.0,0.4,-0.65,0.1,-0.375,22,21,20,17,17,22,22,15,25,26,22,22,27,29,25,20,523,514,267,149,132,775,332,200,1.0,-0.3833333,1.0,-0.195,1.036,0.353,2
6.7,7.75,4.0,2.25,2.4,12.8,5.625,3.425,-1.075,0.975,-0.475,-0.2,0.175,2.675,1.25,0.15,19,24,19,13,16,20,21,17,27,28,21,21,25,22,26,24,418,504,236,139,151,690,305,189,1.0,-0.3833333,1.0,-0.195,1.036,0.353,2
5.625,8.725,3.525,2.05,2.575,15.475,6.875,3.575,-1.325,-0.2,0.1,0.075,-0.15,-1.425,-0.475,-0.15,19,20,16,11,18,22,19,19,29,29,18,18,24,24,22,25,340,556,203,111,157,880,359,200,1.0,-0.3833333,1.0,-0.195,1.037,0.353,2
4.3,8.525,3.625,2.125,2.425,14.05,6.4,3.425,-0.025,1.125,0.875,-0.075,-0.3,-1.5,-0.625,-0.25,18,15,10,10,17,27,20,22,23,27,18,18,23,26,22,21,243,515,223,111,137,884,382,208,1.0,-0.3833333,1.0,-0.196,1.037,0.353,2
4.275,9.65,4.5,2.05,2.125,12.55,5.775,3.175,0.0,0.25,0.0,-0.3,-0.2,0.625,-0.75,-0.475,17,18,14,8,11,25,21,21,24,26,23,17,21,24,23,21,248,564,263,114,122,790,354,185,1.0,-0.3833333,1.0,-0.196,1.037,0.353,2
4.275,9.9,4.5,1.75,1.925,13.175,5.025,2.7,-0.55,-1.75,-0.475,0.275,-0.175,-2.175,0.1,-0.575,18,21,22,11,10,22,23,18,24,23,31,24,26,22,26,24,269,594,280,112,112,808,323,156,1.0,-0.3833333,1.0,-0.195,1.037,0.353,2
3.725,8.15,4.025,2.025,1.75,11.0,5.125,2.125,2.775,2.65,0.9,0.6,0.6,4.725,1.45,0.525,19,21,16,14,6,21,21,15,27,23,28,25,19,23,28,23,236,516,273,112,73,687,340,111,1.0,-0.3833333,1.0,-0.194,1.036,0.353,2
6.5,10.8,4.925,2.625,2.35,15.725,6.575,2.65,0.125,-2.3,-0.125,0.625,0.15,-0.4,0.525,-0.175,23,26,16,20,13,21,21,20,32,27,24,26,18,23,25,28,407,699,313,154,131,978,397,167,1.0,-0.3833333,1.0,-0.193,1.036,0.353,2
6.625,8.5,4.8,3.25,2.5,15.325,7.1,2.475,-3.85,-6.15,-2.25,-0.775,-1.025,-10.3,-3.025,-1.125,23,25,17,24,17,20,17,16,24,29,26,30,23,26,25,28,420,596,284,233,163,978,438,171,1.0,-0.3833333,1.0,-0.127,0.984,0.303,2
2.775,2.35,2.55,2.475,1.475,5.025,4.075,1.35,-1.825,-1.225,-1.325,-1.325,-0.525,-4.1,-3.075,-0.375,9,12,11,17,7,9,9,7,21,22,24,24,18,24,18,25,173,151,122,158,80,294,218,84,1.0,-0.3833333,1.0,0.094,0.813,0.136,2
0.95,1.125,1.225,1.15,0.95,0.925,1.0,0.975,0.05,0.3,0.2,-0.075,0.2,0.05,-0.2,0.0,4,6,8,9,0,2,7,5,21,16,18,19,17,21,14,25,44,56,52,48,37,49,39,48,1.0,-0.3833333,1.0,0.248,0.693,0.018,2
1.0,1.425,1.425,1.075,1.15,0.975,0.8,0.975,-0.075,-0.15,-0.025,0.025,-0.2,0.0,-0.025,0.125,8,7,4,5,3,5,4,5,17,12,14,14,21,19,13,19,46,62,48,38,53,52,35,43,1.0,-0.3833333,1.0,0.248,0.693,0.017,2
0.925,1.275,1.4,1.1,0.95,0.975,0.775,1.1,-0.05,-0.2,-0.3,0.025,0.175,0.125,0.15,0.1,7,10,6,8,3,5,3,3,12,18,19,15,19,21,13,13,44,68,56,49,47,51,34,39,1.0,-0.3833333,1.0,0.248,0.692,0.016,2
0.875,1.075,1.1,1.125,1.125,1.1,0.925,1.2,0.25,0.475,1.4,0.95,1.025,1.4,0.825,-0.075,6,7,7,10,4,8,4,2,13,17,19,18,21,20,14,12,40,49,53,59,45,51,41,42,1.0,-0.3833333,1.0,0.248,0.694,0.018,2
1.125,1.55,2.5,2.075,2.15,2.5,1.75,1.125,0.1,0.625,2.1,0.175,0.0,1.475,0.175,-0.025,8,5,11,10,14,14,4,7,18,17,23,17,24,19,18,20,58,88,160,97,113,141,91,61,1.0,-0.3833333,1.0,0.246,0.703,0.026,2
1.225,2.175,4.6,2.25,2.15,3.975,1.925,1.1,-0.15,0.475,2.35,-0.5,-0.475,-1.225,-0.575,0.025,6,12,18,13,14,14,8,8,19,21,26,20,17,24,19,23,60,140,292,105,110,218,101,60,1.0,-0.3833333,1.0,0.239,0.719,0.046,2
1.075,2.65,6.95,1.75,1.675,2.75,1.35,1.125,0.15,0.9,6.9,0.5,-0.05,-1.525,-0.325,-0.025,7,14,13,13,9,10,6,9,16,25,23,24,18,19,15,17,52,160,365,98,75,144,63,52,1.0,-0.3833333,1.0,0.218,0.744,0.08,2
1.225,3.55,13.85,2.25,1.625,1.225,1.025,1.1,0.125,-0.05,5.125,0.05,-0.05,0.025,-0.025,0.075,8,17,15,18,11,8,6,12,14,29,21,26,20,20,16,21,54,213,735,141,85,64,52,61,1.0,-0.3833333,1.0,0.18,0.783,0.127,2
1.35,3.5,18.975,2.3,1.575,1.25,1.0,1.175,-0.025,0.825,0.9,-0.175,-0.025,-0.025,0.05,-0.075,11,21,22,16,11,8,8,6,15,25,25,23,21,17,14,18,59,215,1167,119,82,63,42,57,1.0,-0.3833333,1.0,0.122,0.839,0.183,2
1.325,4.325,19.875,2.125,1.55,1.225,1.05,1.1,0.6,2.85,3.875,0.425,-0.025,-0.125,-0.025,-0.025,11,20,24,10,9,2,4,3,17,21,29,21,19,7,12,12,72,238,1373,100,67,39,40,45,1.0,-0.3833333,1.0,0.048,0.906,0.237,2
1.925,7.175,23.75,2.55,1.525,1.1,1.025,1.075,4.025,5.525,0.4,1.25,0.625,8.475,6.1,3.95,13,19,24,11,15,8,2,7,17,25,29,24,20,16,17,17,107,420,1525,143,78,44,49,54,1.0,-0.3833333,1.0,-0.042,0.972,0.28,2
5.95,12.7,24.15,3.8,2.15,9.575,7.125,5.025,7.825,5.75,-7.675,0.8,2.575,33.05,14.7,5.9,18,18,20,13,16,16,12,17,26,24,26,22,25,21,19,25,401,751,1339,231,135,571,389,338,1.0,-0.3833333,1.0,-0.118,1.016,0.308,2
13.775,18.45,16.475,4.6,4.725,42.625,21.825,10.925,5.1,-1.65,-5.4,-0.975,1.275,22.3,10.175,9.6,16,18,16,19,14,18,23,20,24,20,21,25,20,22,22,28,833,1147,826,287,261,2556,1266,708,1.0,-0.3833333,1.0,-0.161,1.034,0.32,2
18.875,16.8,11.075,3.625,6.0,64.925,32.0,20.525,3.025,-1.825,-1.3,-0.85,-1.0,-3.625,3.275,7.2,21,17,17,21,17,23,23,20,25,25,24,27,20,25,24,31,1229,1089,624,223,331,4399,1907,1288,1.0,-0.3833333,1.0,-0.187,1.043,0.328,2
21.9,14.975,9.775,2.775,5.0,61.3,35.275,27.725,-1.55,3.025,-2.825,0.1,-0.475,-7.45,1.6,1.9,23,18,20,13,23,24,20,19,30,23,26,22,25,26,23,25,1401,863,644,158,329,4167,2176,1654,1.0,-0.3833333,1.0,-0.206,1.043,0.334,2
20.35,18.0,6.95,2.875,4.525,53.85,36.875,29.625,-4.425,-1.175,-1.7,-0.3,0.05,-5.95,0.85,-1.5,22,23,21,16,27,23,22,19,28,25,26,24,26,27,24,25,1295,1103,481,175,320,3488,2264,1702,1.0,-0.3833333,1.0,-0.217,1.041,0.338,2
15.925,16.825,5.25,2.575,4.575,47.9,37.725,28.125,-1.25,-1.275,-0.15,0.125,0.275,4.375,2.5,-2.8,22,22,19,18,18,21,22,22,24,25,25,25,20,29,25,29,992,1032,368,153,250,3166,2299,1786,1.0,-0.3833333,1.0,-0.22,1.04,0.34,2
14.675,15.55,5.1,2.7,4.85,52.275,40.225,25.325,-0.075,4.05,-0.25,0.05,-0.35,1.125,-4.3,0.225,20,23,16,17,17,20,21,22,26,25,29,24,22,25,29,26,948,1007,336,154,243,3414,2416,1607,1.0,-0.3833333,1.0,-0.22,1.039,0.339,2
14.6,19.6,4.85,2.75,4.5,53.4,35.925,25.55,3.775,2.55,0.6,-0.4,-0.2,0.15,-11.775,1.925,21,22,13,18,20,22,24,22,27,27,25,22,27,26,28,27,1033,1199,298,161,263,3494,2279,1684,1.0,-0.3833333,1.0,-0.218,1.04,0.338,2
18.375,22.15,5.45,2.35,4.3,53.55,24.15,27.475,0.0,-3.2,0.1,0.2,-0.1,7.55,0.425,-1.575,22,21,17,21,20,23,21,24,28,27,24,25,26,24,24,28,1220,1302,363,138,275,3311,1467,1842,1.0,-0.3833333,1.0,-0.216,1.043,0.337,2
18.375,18.95,5.55,2.55,4.2,61.1,24.575,25.9,-4.625,-0.45,-1.1,0.15,0.3,-2.025,9.8,-4.475,21,20,22,18,22,22,20,22,25,29,26,23,25,22,24,25,1146,1195,368,133,276,3582,1323,1665,1.0,-0.3833333,1.0,-0.215,1.044,0.337,2
13.75,18.5,4.45,2.7,4.5,59.075,34.375,21.425,7.6,1.125,0.025,-0.075,-0.05,-8.8,1.025,-2.3,23,21,20,15,22,24,19,22,27,29,26,21,27,25,28,24,958,1169,283,130,292,3540,1866,1374,1.0,-0.3833333,1.0,-0.215,1.043,0.338,2
21.35,19.625,4.475,2.625,4.45,50.275,35.4,19.125,4.925,2.3,0.05,-0.025,-0.325,-2.75,-6.925,-2.75,21,19,18,15,18,24,15,22,29,24,21,22,22,25,29,24,1311,1235,281,142,268,3129,2072,1186,1.0,-0.3833333,1.0,-0.217,1.041,0.338,2
26.275,21.925,4.525,2.6,4.125,47.525,28.475,16.375,-9.175,0.65,-0.25,-0.3,-0.425,-7.1,-6.1,-1.775,17,17,20,15,16,26,17,22,28,22,24,24,21,25,24,22,1448,1358,269,154,250,2976,1736,937,1.0,-0.3833333,1.0,-0.218,1.04,0.338,2
17.1,22.575,4.275,2.3,3.7,40.425,22.375,14.6,-4.7,-2.25,0.525,0.35,0.65,0.9,-2.5,-2.525,17,25,22,14,15,24,15,20,28,25,27,23,24,28,21,26,808,1423,264,145,210,2460,1217,857,1.0,-0.3833333,1.0,-0.218,1.04,0.337,2
12.4,20.325,4.8,2.65,4.35,41.325,19.875,12.075,-0.025,0.575,-0.375,-0.125,1.05,13.6,3.1,-1.8,16,28,20,17,18,22,14,17,23,27,26,23,28,25,24,26,548,1375,314,160,266,2346,1128,715,1.0,-0.3833333,1.0,-0.218,1.041,0.337,2
12.375,20.9,4.425,2.525,5.4,54.925,22.975,10.275,0.3,0.075,-0.5,-0.7,-0.9,4.875,2.8,0.825,17,21,18,15,19,23,20,17,21,22,24,21,28,28,27,23,567,1254,262,131,355,3491,1367,621,1.0,-0.3833333,1.0,-0.218,1.04,0.337,2
12.675,20.975,3.925,1.825,4.5,59.8,25.775,11.1,1.375,-1.075,-0.5,0.025,-0.5,-9.25,-3.45,0.05,24,20,21,14,17,20,24,17,24,25,24,21,26,29,26,22,798,1154,238,96,301,3792,1498,586,1.0,-0.3833333,1.0,-0.218,1.039,0.338,2
14.05,19.9,3.425,1.85,4.0,50.55,22.325,11.15,1.75,2.675,-0.575,0.25,-0.15,-1.05,0.775,-0.125,22,26,20,21,18,23,22,18,26,31,24,26,24,25,25,21,948,1270,212,124,269,3172,1323,596,1.0,-0.3833333,1.0,-0.219,1.039,0.338,2
15.8,22.575,2.85,2.1,3.85,49.5,23.1,11.025,-0.65,1.7,-0.1,0.075,0.1,8.175,4.325,4.025,18,25,12,17,19,25,21,17,27,30,21,25,22,25,29,23,954,1499,171,119,249,2983,1331,626,1.0,-0.3833333,1.0,-0.219,1.038,0.338,2
15.15,24.275,2.75,2.175,3.95,57.675,27.425,15.05,-3.0,-3.4,0.275,-0.15,0.325,-0.6,0.725,0.575,17,22,14,13,19,22,23,23,26,29,24,26,18,27,28,27,891,1514,149,114,231,3355,1534,875,1.0,-0.3833333,1.0,-0.22,1.038,0.337,2
12.15,20.875,3.025,2.025,4.275,57.075,28.15,15.625,-2.025,-3.65,0.6,-0.175,-0.625,-17.35,-6.2,-1.225,17,22,19,13,24,23,29,23,28,29,26,23,24,30,31,24,788,1434,173,113,272,3476,1818,989,1.0,-0.3833333,1.0,-0.219,1.038,0.336,2
10.125,17.225,3.625,1.85,3.65,39.725,21.95,14.4,-1.4,-2.475,-0.35,0.125,-0.075,-7.7,-2.65,0.05,17,21,19,13,22,20,23,19,26,29,26,21,23,25,28,22,602,1189,229,118,230,2238,1405,832,1.0,-0.3833333,1.0,-0.219,1.038,0.336,2
8.725,14.75,3.275,1.975,3.575,32.025,19.3,14.45,1.6,5.275,-0.525,0.25,0.15,5.0,6.625,-0.075,25,18,17,11,20,22,16,18,26,27,25,19,21,25,25,18,533,887,205,115,209,1870,1122,684,1.0,-0.3833333,1.0,-0.219,1.037,0.337,2
10.325,20.025,2.75,2.225,3.725,37.025,25.925,14.375,1.225,2.25,0.05,-0.2,-0.875,-3.025,0.1,0.825,24,23,19,12,21,27,18,19,27,30,27,19,22,30,25,20,679,1325,173,113,233,2540,1604,755,1.0,-0.3833333,1.0,-0.22,1.038,0.337,2
11.55,22.275,2.8,2.025,2.85,34.0,26.025,15.2,-0.9,-6.525,-0.475,-0.05,0.775,10.875,0.325,1.45,19,24,17,12,17,23,19,21,23,24,23,25,20,26,23,25,653,1396,149,103,179,2101,1568,894,1.0,-0.3833333,1.0,-0.22,1.037,0.337,2
10.65,15.75,2.325,1.975,3.625,44.875,26.35,16.65,1.425,-0.8,0.875,0.05,0.175,4.3,1.075,3.9,18,20,10,15,22,25,20,21,22,24,21,23,25,30,24,26,601,907,112,98,239,2888,1597,978,1.0,-0.3833333,1.0,-0.22,1.036,0.338,2
12.075,14.95,3.2,2.025,3.8,49.175,27.425,20.55,-0.15,9.175,0.925,0.025,-0.95,-5.125,-6.3,-2.575,19,19,11,20,21,25,19,21,24,27,26,20,25,30,22,24,732,860,182,113,246,3205,1592,1153,1.0,-0.3833333,1.0,-0.22,1.035,0.337,2
11.925,24.125,4.125,2.05,2.85,44.05,21.125,17.975,-1.15,2.475,-0.25,0.35,0.025,-3.35,-2.2,-3.95,21,25,18,15,14,20,20,16,23,29,26,22,23,23,24,20,667,1535,255,115,161,2541,1167,995,1.0,-0.3833333,1.0,-0.22,1.035,0.337,2
10.775,26.6,3.875,2.4,2.875,40.7,18.925,14.025,-0.15,-6.15,-0.025,-0.025,-0.275,-4.7,-0.625,-0.65,19,24,20,13,18,22,18,14,23,26,26,20,26,27,23,22,636,1622,239,125,173,2553,938,782,1.0,-0.3833333,1.0,-0.219,1.035,0.336,2
1.125,1.95,1.5,0.925,0.975,1.0,0.825,1.0,-0.3,-0.5,-0.1,0.075,-0.125,0.0,0.1,-0.025,5,12,6,3,2,2,6,5,17,26,16,15,19,15,17,13,50,109,72,39,41,44,42,43,2.0,-0.3833333,1.383333,0.238,0.685,0.047,2
0.825,1.45,1.4,1.0,0.85,1.0,0.925,0.975,0.25,0.075,-0.1,-0.075,0.05,-0.225,0.25,-0.05,3,7,11,5,1,1,8,3,20,18,22,15,18,15,18,18,45,82,78,40,38,44,44,43,2.0,-0.3833333,1.383333,0.238,0.686,0.047,2
1.075,1.525,1.3,0.925,0.9,0.775,1.175,0.925,0.175,0.1,-0.025,0.125,-0.05,0.05,0.05,0.075,5,4,9,2,1,0,6,1,18,13,20,16,14,15,14,17,58,76,66,43,37,38,42,39,2.0,-0.3833333,1.383333,0.238,0.687,0.047,2
1.25,1.625,1.275,1.05,0.85,0.825,1.225,1.0,-0.2,-0.175,0.025,0.375,0.5,3.2,1.225,0.075,7,4,7,1,3,2,9,6,13,13,19,12,13,16,15,14,58,76,68,41,37,36,49,40,2.0,-0.3833333,1.383333,0.238,0.687,0.048,2
1.05,1.45,1.3,1.425,1.35,4.025,2.45,1.075,-0.05,-0.15,0.075,2.875,3.025,4.5,2.475,0.075,5,8,4,5,6,7,11,7,12,17,18,12,12,18,16,22,43,69,60,61,60,172,143,52,2.0,-0.3833333,1.383333,0.237,0.689,0.049,2
1.0,1.3,1.375,4.3,4.375,8.525,4.925,1.15,0.275,1.7,4.25,0.85,0.225,-1.775,-1.05,-0.125,5,14,10,16,12,13,15,5,12,21,17,22,18,23,18,21,44,71,72,262,240,495,280,60,2.0,-0.3833333,1.383333,0.235,0.698,0.056,2
1.275,3.0,5.625,5.15,4.6,6.75,3.875,1.025,0.5,1.975,7.825,-2.225,-2.275,-4.2,-2.3,-0.025,9,18,21,17,14,12,17,8,17,23,23,26,24,23,22,22,65,191,340,309,259,380,226,61,2.0,-0.3833333,1.383333,0.229,0.722,0.079,2
1.775,4.975,13.45,2.925,2.325,2.55,1.575,1.0,0.0,-0.375,4.975,-0.8,-0.65,-1.125,-0.375,0.175,11,18,17,9,8,7,11,7,17,21,22,16,18,22,19,20,77,273,759,129,111,128,85,51,2.0,-0.3833333,1.383333,0.212,0.766,0.118,2
1.775,4.6,18.425,2.125,1.675,1.425,1.2,1.175,-0.2,0.575,1.0,-0.125,-0.35,-0.325,-0.225,-0.1,9,18,18,9,10,6,7,10,16,20,23,15,18,23,17,21,81,236,1097,81,73,61,55,62,2.0,-0.3833333,1.383333,0.18,0.838,0.168,2
1.575,5.175,19.425,2.0,1.325,1.1,0.975,1.075,1.375,1.95,0.6,0.875,0.6,0.0,0.15,0.1,10,18,23,10,14,9,6,12,21,23,23,19,26,21,19,18,95,282,1235,99,86,55,46,59,2.0,-0.3833333,1.383333,0.114,0.955,0.221,2
2.95,7.125,20.025,2.875,1.925,1.1,1.125,1.175,2.8,3.85,5.575,1.45,0.325,1.0,0.475,0.475,16,19,23,14,15,6,4,7,22,28,25,21,20,14,17,13,167,407,1236,165,101,47,49,56,2.0,-0.3833333,1.383333,0.002,1.101,0.263,2
5.75,10.975,25.6,4.325,2.25,2.1,1.6,1.65,4.4,2.475,-2.2,-0.325,-0.1,7.25,5.55,5.375,20,22,23,20,16,7,10,8,23,28,27,21,16,12,18,16,342,683,1645,262,107,90,84,96,2.0,-0.3833333,1.383333,-0.09,1.191,0.281,2
10.15,13.45,23.4,4.0,2.15,9.35,7.15,7.025,5.725,2.3,-9.875,-1.325,0.525,21.6,17.8,8.025,20,22,20,20,16,17,17,13,25,28,25,25,19,22,20,18,726,854,1517,235,117,506,407,307,2.0,-0.3833333,1.383333,-0.133,1.217,0.288,2
15.875,15.75,13.525,2.675,2.675,30.95,24.95,15.05,2.925,7.875,0.1,0.675,0.925,25.175,8.85,6.725,20,24,19,21,16,21,19,18,22,29,24,28,21,26,27,22,991,1002,824,155,148,1771,1470,847,2.0,-0.3833333,1.383333,-0.155,1.233,0.292,2
18.8,23.625,13.625,3.35,3.6,56.125,33.8,21.775,-2.175,-3.8,0.7,0.8,0.775,1.85,0.15,0.325,20,22,25,20,17,27,21,23,20,26,27,23,20,29,28,28,1227,1273,856,204,204,3819,1977,1452,2.0,-0.3833333,1.383333,-0.164,1.242,0.293,2
16.625,19.825,14.325,4.15,4.375,57.975,33.95,22.1,-2.375,-4.95,-3.625,-0.3,0.8,-11.525,-1.65,0.25,16,20,22,17,20,27,20,22,23,25,27,24,19,29,23,30,1110,1038,930,243,236,3931,1839,1389,2.0,-0.3833333,1.383333,-0.174,1.242,0.296,2
14.25,14.875,10.7,3.85,5.175,46.45,32.3,22.35,0.4,1.125,-0.675,-0.3,-0.925,-10.525,-10.1,-3.35,18,18,14,18,20,24,18,18,27,28,25,29,24,28,24,25,879,889,604,234,309,3058,1785,1338,2.0,-0.3833333,1.383333,-0.188,1.238,0.299,2
14.65,16.0,10.025,3.55,4.25,35.925,22.2,19.0,0.6,-3.525,-0.025,-0.425,-0.8,-11.575,0.575,-8.75,17,20,15,14,16,20,23,19,27,30,23,25,22,26,28,19,818,1018,556,218,251,2221,1420,1068,2.0,-0.3833333,1.383333,-0.204,1.239,0.301,2
15.25,12.475,10.0,3.125,3.45,24.35,22.775,10.25,0.675,1.7,-1.95,-0.25,-0.25,-0.825,0.0,-1.9,13,20,14,14,14,20,21,20,24,30,25,25,19,24,24,22,764,786,608,194,184,1259,1201,562,2.0,-0.3833333,1.383333,-0.212,1.242,0.3,2
15.925,14.175,8.05,2.875,3.2,23.525,22.775,8.35,1.6,3.35,-0.725,0.325,0.025,4.075,-2.85,-0.55,12,20,13,21,14,23,19,20,20,29,21,27,19,25,24,23,743,786,434,179,192,1508,1214,452,2.0,-0.3833333,1.383333,-0.212,1.236,0.295,2
17.525,17.525,7.325,3.2,3.225,27.6,19.925,7.8,4.15,-3.1,-0.425,0.0,0.125,0.65,0.475,2.35,16,28,17,23,17,23,20,24,20,30,23,28,25,24,27,29,851,1196,459,203,222,1743,1292,522,2.0,-0.3833333,1.383333,-0.214,1.227,0.286,2
21.675,14.425,6.9,3.2,3.35,28.25,20.4,10.15,0.1,-1.425,0.35,-0.25,-0.625,-2.675,-6.5,-0.225,22,27,15,15,20,20,19,24,24,27,22,27,26,23,28,27,1354,1016,432,188,223,1677,1346,681,2.0,-0.3833333,1.383333,-0.218,1.223,0.281,2
21.775,13.0,7.25,2.95,2.725,25.575,13.9,9.925,-0.6,1.925,-0.5,-0.75,-0.325,-2.95,-2.8,-3.625,22,24,14,12,14,17,18,23,28,24,21,22,21,24,25,28,1440,875,427,172,149,1366,809,630,2.0,-0.3833333,1.383333,-0.219,1.222,0.281,2
21.175,14.925,6.75,2.2,2.4,22.625,11.1,6.3,-1.1,-0.575,-0.575,0.05,-0.1,3.0,2.825,0.025,19,26,19,16,10,16,21,17,25,28,23,18,21,25,24,29,1244,979,386,121,115,1263,648,337,2.0,-0.3833333,1.383333,-0.219,1.224,0.285,2
20.075,14.35,6.175,2.25,2.3,25.625,13.925,6.325,1.35,-1.25,1.75,0.45,0.675,4.525,2.775,-0.75,16,25,27,20,15,21,26,17,22,31,27,24,24,25,27,26,1065,948,409,138,125,1472,874,347,2.0,-0.3833333,1.383333,-0.218,1.228,0.289,2
21.425,13.1,7.925,2.7,2.975,30.15,16.7,5.575,-0.125,-1.525,-0.4,-0.175,0.775,1.95,3.975,-1.1,18,25,27,17,22,23,22,22,23,28,26,27,26,24,26,30,1187,872,517,171,191,1902,1052,373,2.0,-0.3833333,1.383333,-0.217,1.231,0.293,2
21.3,11.575,7.525,2.525,3.75,32.1,20.675,4.475,-6.5,-0.3,-1.0,-0.15,-0.55,-1.35,-1.775,0.95,22,22,19,17,20,21,16,16,23,24,21,27,25,25,24,29,1321,763,424,171,236,2065,1233,257,2.0,-0.3833333,1.383333,-0.217,1.234,0.296,2
14.8,11.275,6.525,2.375,3.2,30.75,18.9,5.425,-0.5,1.775,-0.25,0.1,-0.625,0.975,-3.05,0.25,19,14,18,18,19,21,20,20,29,21,25,25,24,27,27,28,996,605,375,164,198,1943,1171,331,2.0,-0.3833333,1.383333,-0.217,1.238,0.298,2
14.3,13.05,6.275,2.475,2.575,31.725,15.85,5.675,1.425,3.05,-0.925,0.125,-0.1,-1.4,-1.125,-1.075,17,17,19,10,14,23,23,20,31,23,23,21,25,26,25,25,957,700,375,146,148,1872,894,342,2.0,-0.3833333,1.383333,-0.216,1.241,0.301,2
15.725,16.1,5.35,2.6,2.475,30.325,14.725,4.6,0.95,0.675,-0.8,-0.1,0.3,-4.35,-0.625,0.5,21,24,19,14,11,23,23,19,26,27,23,24,24,24,25,25,1001,1045,316,162,124,1876,852,261,2.0,-0.3833333,1.383333,-0.216,1.242,0.304,2
16.675,16.775,4.55,2.5,2.775,25.975,14.1,5.1,0.45,-3.55,0.975,0.525,0.275,-2.275,0.775,0.2,24,24,19,17,16,26,28,21,24,26,23,23,21,27,30,29,1106,1020,282,146,151,1703,979,285,2.0,-0.3833333,1.383333,-0.217,1.242,0.305,2
17.125,13.225,5.525,3.025,3.05,23.7,14.875,5.3,-3.5,-2.175,0.7,-0.1,-0.4,-0.625,-1.775,-0.4,26,17,20,19,19,26,29,18,25,25,24,19,22,29,30,26,1180,792,345,168,190,1625,1091,291,2.0,-0.3833333,1.383333,-0.218,1.242,0.306,2
13.625,11.05,6.225,2.925,2.65,23.075,13.1,4.9,-3.2,2.275,-1.075,-0.575,-0.275,2.2,0.85,-0.025,23,16,20,18,15,25,20,19,28,20,20,19,22,30,25,23,922,616,347,164,148,1522,853,291,2.0,-0.3833333,1.383333,-0.218,1.241,0.308,2
10.425,13.325,5.15,2.35,2.375,25.275,13.95,4.875,4.175,-0.1,-0.925,-0.3,0.0,1.1,-0.675,-0.55,17,22,23,14,16,28,16,20,24,25,23,20,22,32,23,23,590,828,299,125,125,1622,726,294,2.0,-0.3833333,1.383333,-0.218,1.241,0.308,2
14.6,13.225,4.225,2.05,2.375,26.375,13.275,4.325,3.425,-0.275,1.2,0.275,0.775,-0.45,0.85,0.975,15,24,24,12,17,27,21,16,22,28,27,21,21,29,22,24,740,881,277,107,140,1668,735,241,2.0,-0.3833333,1.383333,-0.219,1.241,0.308,2
18.025,12.95,5.425,2.325,3.15,25.925,14.125,5.3,0.875,0.7,1.625,0.525,0.325,-1.425,3.4,0.55,18,26,22,15,19,25,22,17,25,30,25,23,24,26,24,26,892,835,326,127,174,1599,814,323,2.0,-0.3833333,1.383333,-0.218,1.241,0.307,2
18.9,13.65,7.05,2.85,3.475,24.5,17.525,5.85,-3.7,-2.05,-0.4,-0.375,-0.6,-0.825,-0.4,-0.875,21,23,18,15,18,20,21,22,22,29,24,22,26,26,25,26,1080,823,410,164,196,1420,1062,369,2.0,-0.3833333,1.383333,-0.218,1.24,0.305,2
15.2,11.6,6.65,2.475,2.875,23.675,17.125,4.975,-2.775,-0.3,-1.475,-0.175,-0.4,0.6,-2.8,-0.05,24,17,20,14,17,19,19,22,23,23,30,22,24,28,22,25,932,615,438,148,163,1461,1002,319,2.0,-0.3833333,1.383333,-0.218,1.24,0.305,2
12.425,11.3,5.175,2.3,2.475,24.275,14.325,4.925,3.075,-0.525,0.125,0.25,0.025,0.975,0.475,0.475,24,16,21,22,12,20,21,22,26,20,31,23,18,25,23,24,778,581,342,148,137,1444,870,302,2.0,-0.3833333,1.383333,-0.218,1.24,0.305,2
15.5,10.775,5.3,2.55,2.5,25.25,14.8,5.4,-0.425,0.2,0.125,-0.325,0.125,-0.775,0.675,0.15,23,19,21,25,15,19,20,22,28,21,27,28,23,25,21,23,971,605,331,177,159,1503,742,327,2.0,-0.3833333,1.383333,-0.219,1.239,0.304,2
15.075,10.975,5.425,2.225,2.625,24.475,15.475,5.55,-1.75,1.125,-1.7,-0.375,-0.4,-2.425,-4.35,0.075,20,22,23,20,18,21,21,23,28,22,25,22,25,24,26,27,863,661,353,143,166,1389,835,321,2.0,-0.3833333,1.383333,-0.219,1.239,0.304,2
13.325,12.1,3.725,1.85,2.225,22.05,11.125,5.625,-0.075,0.275,-0.2,-0.1,-0.1,-1.575,0.875,0.525,22,22,13,11,14,23,21,27,28,22,18,21,20,24,26,30,862,735,230,105,129,1400,650,355,2.0,-0.3833333,1.383333,-0.219,1.239,0.305,2
13.25,12.375,3.525,1.75,2.125,20.475,12.0,6.15,-0.625,1.15,1.15,0.15,0.55,0.025,1.725,-0.4,25,26,16,5,18,26,19,30,27,27,20,25,22,27,25,31,973,739,207,99,136,1421,725,420,2.0,-0.3833333,1.383333,-0.218,1.238,0.305,2
12.625,13.525,4.675,1.9,2.675,20.5,13.725,5.75,-0.7,-0.575,0.15,0.375,-0.05,0.425,1.15,-0.95,24,23,23,11,19,25,21,24,25,26,28,26,24,28,27,31,849,723,286,121,177,1306,859,419,2.0,-0.3833333,1.383333,-0.217,1.238,0.305,2
11.925,12.95,4.825,2.275,2.625,20.925,14.875,4.8,1.25,0.525,0.725,0.45,-0.175,1.7,1.975,-0.175,22,21,25,21,18,21,18,17,26,23,32,26,22,23,25,29,735,659,323,150,173,1257,808,316,2.0,-0.3833333,1.383333,-0.217,1.238,0.305,2
13.175,13.475,5.55,2.725,2.45,22.625,16.85,4.625,-5.125,-4.925,-1.225,-0.625,-0.6,-8.2,-6.425,-2.025,22,21,22,21,16,22,22,18,24,26,26,24,20,24,24,23,736,790,345,158,147,1472,998,283,2.0,-0.3833333,1.383333,-0.217,1.238,0.305,2
8.05,8.55,4.325,2.1,1.85,14.425,10.425,2.6,-6.45,-6.625,-2.45,-0.825,-0.7,-11.525,-7.675,-1.65,14,13,16,12,11,16,17,12,21,19,22,17,18,20,18,19,406,476,229,99,90,989,731,155,2.0,-0.3833333,1.383333,-0.023,1.004,0.191,2
1.6,1.925,1.875,1.275,1.15,2.9,2.75,0.95,-0.5,-0.275,-0.475,0.0,0.0,-1.875,-1.675,0.125,4,12,10,9,7,6,5,2,17,22,19,18,21,15,17,14,63,105,86,56,60,194,148,39,2.0,-0.3833333,1.383333,0.204,0.73,0.058,2
1.1,1.65,1.4,1.275,1.15,1.025,1.075,1.075,0.175,0.075,-0.325,-0.025,-0.025,0.0,-0.175,-0.025,4,13,9,9,2,3,4,0,17,29,14,19,15,17,22,13,45,106,56,59,39,41,55,37,2.0,-0.3833333,1.383333,0.238,0.69,0.038,2
1.275,1.725,1.075,1.25,1.125,1.025,0.9,1.05,0.0,-0.4,-0.175,-0.125,-0.025,-0.075,0.05,-0.125,7,13,8,9,0,2,4,2,15,24,12,16,12,14,18,13,53,109,46,58,32,37,50,32,2.0,-0.3833333,1.383333,0.238,0.689,0.038,2
1.275,1.325,0.9,1.125,1.1,0.95,0.95,0.925,-0.25,-0.075,0.175,-0.1,-0.15,0.0,0.025,0.075,11,11,6,6,4,4,2,2,14,21,15,19,20,18,17,15,58,84,48,59,51,44,44,32,2.0,-0.3833333,1.383333,0.239,0.689,0.037,2
1.025,1.25,1.075,1.025,0.95,0.95,0.975,1.0,0.075,0.1,0.175,0.075,-0.05,0.075,-0.2,0.025,10,7,3,3,4,4,1,3,15,22,20,13,24,19,17,16,60,67,52,50,53,47,42,36,2.0,-0.3833333,1.383333,0.239,0.688,0.037,2
1.1,1.35,1.25,1.1,0.9,1.025,0.775,1.025,0.025,-0.325,-0.025,0.075,0.4,0.05,-0.1,-0.1,9,6,3,4,3,1,3,6,11,22,20,16,18,16,18,17,52,67,53,54,43,42,41,47,2.0,-0.3833333,1.383333,0.238,0.689,0.038,2
1.125,1.025,1.225,1.175,1.3,1.075,0.675,0.925,-0.125,-0.025,0.125,0.9,1.1,1.225,0.7,0.025,7,6,4,3,6,3,3,4,11,21,19,17,17,14,20,14,48,56,54,52,58,47,43,36,2.0,-0.3833333,1.383333,0.238,0.69,0.037,2
1.0,1.0,1.35,2.075,2.4,2.3,1.375,0.95,0.15,1.225,3.25,1.875,1.6,1.6,0.85,0.175,2,8,7,9,16,11,9,2,17,19,22,20,22,16,23,15,44,57,65,104,137,129,78,28,2.0,-0.3833333,1.383333,0.235,0.696,0.043,2
1.15,2.225,4.6,3.95,4.0,3.9,2.225,1.125,0.125,0.475,2.675,-0.45,-0.975,-1.3,-0.6,-0.075,6,13,19,14,18,16,15,4,16,16,27,24,26,23,19,18,61,108,278,190,213,239,120,47,2.0,-0.3833333,1.383333,0.229,0.714,0.064,2
1.275,2.7,7.275,3.5,3.025,2.6,1.625,1.05,0.2,-0.25,4.875,-1.2,-1.75,-1.65,-0.575,0.075,11,18,17,15,10,12,9,8,13,17,26,23,22,16,14,19,63,140,439,170,150,154,81,54,2.0,-0.3833333,1.383333,0.214,0.755,0.105,2
1.475,2.45,12.15,2.3,1.275,0.95,1.05,1.125,0.325,1.725,5.1,0.4,0.0,0.1,0.1,0.15,9,18,15,14,8,8,4,8,12,18,19,23,18,11,12,24,74,149,722,135,72,44,36,64,2.0,-0.3833333,1.383333,0.187,0.819,0.158,2
1.8,4.175,17.25,2.7,1.275,1.05,1.15,1.275,1.275,2.425,0.5,-0.1,0.225,0.225,-0.15,0.125,11,17,22,15,7,5,1,7,23,22,24,27,20,13,13,21,121,274,1019,170,72,49,35,66,2.0,-0.3833333,1.383333,0.131,0.92,0.214,2
3.075,6.6,17.75,2.6,1.5,1.275,1.0,1.4,2.4,1.575,2.6,0.05,0.35,0.0,0.075,0.175,18,21,21,15,9,10,2,16,27,28,30,29,24,21,14,18,215,418,1124,170,81,68,39,81,2.0,-0.3833333,1.383333,0.062,1.024,0.253,2
5.475,8.175,20.35,2.65,1.85,1.275,1.075,1.575,0.5,-0.125,-0.3,0.3,-0.025,-0.05,0.0,-0.2,21,25,20,16,12,12,4,17,22,29,29,23,22,22,14,21,354,511,1312,149,99,71,42,90,2.0,-0.3833333,1.383333,0.005,1.094,0.265,2
5.975,8.05,20.05,2.95,1.825,1.225,1.075,1.375,-0.925,0.1,-5.375,-0.5,0.075,3.0,0.425,0.425,25,24,22,21,8,8,4,12,25,26,28,23,20,23,10,22,379,499,1226,153,89,67,36,69,2.0,-0.3833333,1.383333,-0.055,1.151,0.269,2
5.05,8.15,14.675,2.45,1.9,4.225,1.5,1.8,7.975,7.675,-6.3,0.025,1.45,17.775,8.375,6.325,25,23,24,22,15,13,7,11,30,26,26,23,25,25,9,20,331,535,938,151,100,229,58,99,2.0,-0.3833333,1.383333,-0.113,1.196,0.273,2
13.025,15.825,8.375,2.475,3.35,22.0,9.875,8.125,14.7,5.5,-2.875,0.075,1.95,29.675,16.125,9.3,19,25,19,20,19,22,12,20,28,28,24,22,24,26,20,24,755,1062,561,143,187,1507,422,559,2.0,-0.3833333,1.383333,-0.157,1.223,0.279,2
27.725,21.325,5.5,2.55,5.3,51.675,26.0,17.425,-0.95,-2.0,-0.55,-0.375,-0.3,4.0,9.65,4.95,20,20,18,16,18,21,19,22,28,25,23,23,26,27,25,25,1711,1460,343,147,315,2668,1594,1058,2.0,-0.3833333,1.383333,-0.185,1.235,0.284,2
26.775,19.325,4.95,2.175,5.0,55.675,35.65,22.375,-8.075,0.2,0.05,0.475,0.15,-3.675,-2.825,0.05,23,23,22,13,20,18,24,20,28,27,23,21,23,27,24,25,1652,1282,313,126,297,2546,2310,1309,2.0,-0.3833333,1.383333,-0.201,1.234,0.291,2
18.7,19.525,5.0,2.65,5.15,52.0,32.825,22.425,-0.425,-2.9,-0.25,0.225,0.55,8.35,4.65,-2.725,20,27,21,14,22,24,22,22,23,28,24,18,23,29,24,28,1082,1333,323,154,333,3096,2003,1476,2.0,-0.3833333,1.383333,-0.209,1.228,0.297,2
18.275,16.625,4.75,2.875,5.7,60.35,37.475,19.7,-0.65,-1.8,-1.275,0.0,-1.025,0.0,-3.95,-0.075,17,20,18,18,22,24,24,24,21,28,25,19,27,25,26,29,1007,1044,319,170,405,3567,2202,1389,2.0,-0.3833333,1.383333,-0.213,1.225,0.3,2
17.625,14.825,3.475,2.875,4.675,60.35,33.525,19.625,-1.475,3.725,0.65,-0.35,-0.075,-2.55,-6.0,-1.4,18,24,16,19,14,24,21,24,24,29,23,24,23,25,23,26,1128,944,230,190,300,3417,1910,1312,2.0,-0.3833333,1.383333,-0.214,1.224,0.301,2
16.15,18.55,4.125,2.525,4.6,57.8,27.525,18.225,-1.075,1.65,0.15,-0.45,-0.575,-10.7,4.075,-5.45,18,24,22,16,16,23,19,19,24,29,25,24,21,24,28,20,966,1193,263,160,253,3220,1751,1023,2.0,-0.3833333,1.383333,-0.214,1.224,0.3,2
15.075,20.2,4.275,2.075,4.025,47.1,31.6,12.775,-1.5,-4.25,-0.625,-0.25,-0.625,-0.55,-3.4,-4.325,20,16,16,12,21,25,19,17,24,24,23,21,26,24,29,18,887,1150,239,109,269,2814,1796,733,2.0,-0.3833333,1.383333,-0.214,1.224,0.298,2
13.575,15.95,3.65,1.825,3.4,46.55,28.2,8.45,0.85,2.075,0.75,0.075,0.55,8.25,-3.75,1.2,24,18,10,8,18,27,17,19,27,21,20,17,25,28,28,21,906,872,182,93,219,3206,1590,514,2.0,-0.3833333,1.383333,-0.213,1.225,0.295,2
14.425,18.025,4.4,1.9,3.95,54.8,24.45,9.65,2.1,4.875,0.225,0.3,0.375,2.225,-1.2,4.4,24,19,19,12,20,24,22,22,27,25,22,21,22,25,29,27,957,1041,255,114,228,3329,1509,585,2.0,-0.3833333,1.383333,-0.214,1.226,0.292,2
16.525,22.9,4.625,2.2,4.325,57.025,23.25,14.05,1.8,-2.975,-0.65,0.225,-0.2,-5.1,5.575,-0.95,23,21,21,17,21,19,22,22,25,27,21,21,23,25,29,25,991,1374,279,129,259,3213,1397,801,2.0,-0.3833333,1.383333,-0.215,1.227,0.29,2
18.325,19.925,3.975,2.425,4.125,51.925,28.825,13.1,3.9,-1.3,0.2,0.3,0.275,-6.6,-0.4,-1.575,23,24,21,18,20,18,15,17,26,25,26,21,24,26,21,21,1113,1237,261,141,260,2876,1368,771,2.0,-0.3833333,1.383333,-0.216,1.228,0.289,2
22.225,18.625,4.175,2.725,4.4,45.325,28.425,11.525,-0.6,0.475,0.575,-0.025,0.7,6.75,-4.825,-0.9,20,25,18,16,13,25,22,17,26,27,29,19,24,26,24,22,1319,1242,268,141,239,2666,1493,709,2.0,-0.3833333,1.383333,-0.217,1.228,0.288,2
21.625,19.1,4.75,2.7,5.1,52.075,23.6,10.625,0.225,4.15,0.525,0.125,-0.775,2.175,-0.225,-0.9,18,22,19,14,13,25,26,20,25,24,27,17,29,29,31,25,1246,1193,294,130,278,3327,1497,651,2.0,-0.3833333,1.383333,-0.218,1.227,0.289,2
21.85,23.25,5.275,2.825,4.325,54.25,23.375,9.725,0.425,3.775,-0.35,-0.275,-0.725,-5.35,1.075,0.05,18,21,22,13,14,23,22,16,26,22,24,23,24,28,25,23,1230,1326,321,162,237,3232,1404,520,2.0,-0.3833333,1.383333,-0.218,1.227,0.29,2
22.275,27.025,4.925,2.55,3.6,48.9,24.45,9.775,-1.45,-0.75,-0.55,-0.225,-0.2,-2.15,-1.2,-1.05,18,23,24,15,14,27,25,19,25,22,25,28,21,27,24,23,1319,1649,278,152,212,3119,1481,543,2.0,-0.3833333,1.383333,-0.219,1.226,0.292,2
20.825,26.275,4.375,2.325,3.4,46.75,23.25,8.725,0.55,-4.375,0.175,0.1,-0.675,-2.025,-0.3,0.85,19,21,25,16,15,25,27,18,26,26,27,26,23,30,27,27,1228,1552,281,144,226,3287,1441,506,2.0,-0.3833333,1.383333,-0.219,1.225,0.293,2
21.375,21.9,4.55,2.425,2.725,44.725,22.95,9.575,-2.125,-4.375,-0.1,-0.1,0.625,5.025,-1.45,2.55,21,20,22,12,9,22,24,21,27,28,25,22,23,27,23,31,1303,1254,285,136,144,2575,1399,619,2.0,-0.3833333,1.383333,-0.22,1.225,0.294,2
19.25,17.525,4.45,2.325,3.35,49.75,21.5,12.125,1.2,0.95,-0.425,-0.1,1.0,1.325,0.675,1.975,23,17,20,16,13,23,24,21,25,23,25,24,24,23,23,27,1139,992,288,147,166,2692,1374,749,2.0,-0.3833333,1.383333,-0.22,1.225,0.294,2
20.45,18.475,4.025,2.225,4.35,51.075,22.175,14.1,1.125,0.05,0.375,0.175,0.225,-7.375,8.775,-1.925,21,20,18,15,20,25,27,18,23,24,24,21,24,26,26,22,1137,1152,243,140,253,3214,1462,803,2.0,-0.3833333,1.383333,-0.22,1.225,0.294,2
21.575,18.525,4.4,2.4,4.575,43.7,30.95,12.175,-2.1,-0.475,0.525,-0.3,-0.825,-0.725,-0.275,-1.375,20,17,24,15,16,24,28,18,23,23,27,19,22,29,30,24,1215,1029,281,131,265,2725,2140,730,2.0,-0.3833333,1.383333,-0.219,1.226,0.293,2
19.475,18.05,4.925,2.1,3.75,42.975,30.675,10.8,-1.5,-0.4,-0.675,-0.125,-1.125,4.95,-6.375,-1.7,23,10,25,17,17,22,24,22,26,22,27,17,24,30,28,26,1251,919,328,115,231,2567,1957,696,2.0,-0.3833333,1.383333,-0.219,1.227,0.292,2
17.975,17.65,4.25,1.975,2.625,47.925,24.3,9.1,2.1,2.65,0.225,0.6,0.95,3.5,0.0,-0.7,20,13,22,16,16,23,18,24,26,25,24,20,24,29,24,24,984,1007,266,117,171,2978,1412,551,2.0,-0.3833333,1.383333,-0.219,1.227,0.291,2
20.075,20.3,4.475,2.575,3.575,51.425,24.3,8.4,2.525,2.375,0.7,0.275,0.4,-2.2,2.85,3.45,22,20,22,12,18,22,15,22,26,31,26,21,24,27,25,24,1219,1292,284,145,220,3035,1475,471,2.0,-0.3833333,1.383333,-0.219,1.227,0.29,2
22.6,22.675,5.175,2.85,3.975,49.225,27.15,11.85,-1.9,-1.05,-0.4,-0.1,-0.6,1.425,-1.675,-1.9,25,23,25,17,25,21,22,22,29,29,28,23,26,23,28,23,1362,1544,359,188,246,2716,1738,653,2.0,-0.3833333,1.383333,-0.219,1.227,0.289,2
20.7,21.625,4.775,2.75,3.375,50.65,25.475,9.95,-5.35,0.525,-0.325,-0.225,-0.225,-2.875,-3.225,-0.925,23,23,24,17,21,22,22,18,27,26,29,22,23,23,22,24,1112,1454,305,168,193,2915,1562,593,2.0,-0.3833333,1.383333,-0.22,1.227,0.289,2
15.35,22.15,4.45,2.525,3.15,47.775,22.25,9.025,-2.05,0.025,0.5,0.3,0.275,-15.525,-1.95,2.6,19,24,21,15,12,23,21,19,26,23,26,24,20,24,25,27,845,1261,280,155,169,2802,1337,610,2.0,-0.3833333,1.383333,-0.22,1.226,0.289,2
13.3,22.175,4.95,2.825,3.425,32.25,20.3,11.625,-0.15,-1.825,-0.25,-0.075,-0.175,-5.675,-5.625,-1.75,15,26,18,19,16,21,27,25,23,28,24,24,21,25,27,27,666,1369,291,181,203,2074,1350,785,2.0,-0.3833333,1.383333,-0.222,1.226,0.29,2
13.15,20.35,4.7,2.75,3.25,26.575,14.675,9.875,-1.05,2.275,-0.8,-0.425,-0.75,2.3,0.5,-0.9,18,24,20,19,18,18,21,21,22,29,24,24,20,25,19,25,799,1266,261,164,173,1727,949,665,2.0,-0.3833333,1.383333,-0.223,1.226,0.291,2
12.1,22.625,3.9,2.325,2.5,28.875,15.175,8.975,3.0,3.925,-0.3,0.125,0.2,1.575,4.3,2.55,24,20,18,12,15,22,17,16,26,27,21,26,24,26,17,23,859,1358,217,124,151,1905,900,560,2.0,-0.3833333,1.383333,-0.223,1.226,0.292,2
15.1,26.55,3.6,2.45,2.7,30.45,19.475,11.525,3.9,-5.35,0.025,-0.05,0.25,14.1,2.95,0.25,22,25,11,10,18,24,14,15,27,29,21,22,25,26,18,21,941,1767,208,137,171,1963,992,739,2.0,-0.3833333,1.383333,-0.223,1.225,0.292,2
19.0,21.2,3.625,2.4,2.95,44.55,22.425,11.775,0.9,2.55,0.1,0.0,0.3,2.05,0.025,-0.85,20,27,13,17,17,24,12,18,26,30,20,22,19,28,20,27,1157,1355,209,143,175,2626,1079,772,2.0,-0.3833333,1.383333,-0.223,1.226,0.292,2
19.9,23.75,3.725,2.4,3.25,46.6,22.45,10.925,2.8,6.6,0.5,0.475,0.1,-14.8,0.4,-1.85,20,26,14,17,16,19,15,18,24,28,21,23,21,25,21,27,1256,1578,207,134,197,2500,1187,544,2.0,-0.3833333,1.383333,-0.223,1.226,0.292,2
22.7,30.35,4.225,2.875,3.35,31.8,22.85,9.075,1.7,-3.625,0.325,-0.15,-0.1,-4.225,1.1,-1.55,18,26,15,13,15,22,18,14,23,28,25,24,23,26,25,23,1290,2039,246,170,210,2044,1353,423,2.0,-0.3833333,1.383333,-0.223,1.226,0.292,2
24.4,26.725,4.55,2.725,3.25,27.575,23.95,7.525,-2.65,-7.65,-0.3,-0.225,0.15,-0.15,-5.35,1.65,21,20,15,10,11,22,18,18,23,28,24,20,23,26,23,22,1322,1640,256,154,194,1765,1256,436,2.0,-0.3833333,1.383333,-0.222,1.225,0.293,2
21.75,19.075,4.25,2.5,3.4,27.425,18.6,9.175,-2.075,-4.725,-0.225,-0.2,-0.175,-2.375,-3.425,-0.5,25,18,20,13,12,18,15,25,29,26,30,18,18,24,18,23,1457,1081,256,138,175,1540,899,547,2.0,-0.3833333,1.383333,-0.221,1.225,0.293,2
19.675,14.35,4.025,2.3,3.225,25.05,15.175,8.675,-2.425,6.3,0.125,-0.125,0.7,6.85,4.2,-2.375,21,18,27,15,15,23,16,25,30,23,29,20,20,26,21,23,1279,775,264,150,188,1543,747,547,2.0,-0.3833333,1.383333,-0.221,1.225,0.293,2
17.25,20.65,4.15,2.175,3.925,31.9,19.375,6.3,4.475,7.75,0.325,0.3,0.5,9.25,0.975,-0.25,15,22,22,13,17,27,22,18,25,28,26,24,25,28,26,18,954,1271,254,145,259,2214,1138,343,2.0,-0.3833333,1.383333,-0.221,1.225,0.294,2
21.725,28.4,4.475,2.475,4.425,41.15,20.35,6.05,2.2,-4.55,0.025,-0.125,-0.975,0.8,-0.075,1.575,17,25,16,17,16,28,24,18,26,29,25,26,26,29,25,23,1317,1953,266,160,268,2714,1280,388,2.0,-0.3833333,1.383333,-0.221,1.224,0.294,2
23.925,23.85,4.5,2.35,3.45,41.95,20.275,7.625,-5.85,-4.925,-0.775,-0.075,-0.675,-9.975,1.9,2.85,21,20,19,15,12,30,16,19,27,25,23,25,22,29,24,26,1495,1575,274,142,196,2762,1172,468,2.0,-0.3833333,1.383333,-0.221,1.224,0.294,2
18.075,18.925,3.725,2.275,2.775,31.975,22.175,10.475,3.375,-2.425,-0.05,0.275,0.175,-0.475,-0.625,0.175,19,19,20,14,13,27,15,18,26,20,26,21,20,28,22,22,1065,1134,228,124,159,2246,1202,558,2.0,-0.3833333,1.383333,-0.221,1.225,0.294,2
21.45,16.5,3.675,2.55,2.95,31.5,21.55,10.65,1.15,3.875,0.95,0.075,0.025,7.5,-0.1,-0.2,19,22,17,17,22,24,18,22,25,26,22,26,25,25,27,25,1235,1031,227,160,170,2071,1295,672,2.0,-0.3833333,1.383333,-0.221,1.225,0.294,2
1.45,2.15,1.55,1.0,1.075,0.975,1.075,0.925,-0.2,-0.675,-0.3,0.1,0.025,-0.05,0.0,0.0,9,11,8,1,8,4,6,0,21,27,20,15,14,21,19,7,75,125,80,50,45,50,52,31,3.0,7.450581e-09,0.6166667,0.23,0.682,0.068,2
1.25,1.475,1.25,1.1,1.1,0.925,1.075,0.925,-0.15,-0.325,-0.125,-0.125,-0.175,-0.025,-0.125,-0.075,7,9,7,3,8,3,6,2,24,19,22,13,10,20,14,15,69,88,66,49,48,46,47,42,3.0,7.450581e-09,0.6166667,0.23,0.682,0.068,2
1.1,1.15,1.125,0.975,0.925,0.9,0.95,0.85,-0.275,0.0,0.1,0.15,0.125,0.05,0.025,0.15,8,4,9,5,3,4,3,3,21,10,20,15,20,18,14,21,57,51,54,45,45,47,38,48,3.0,7.450581e-09,0.6166667,0.229,0.683,0.068,2
0.825,1.15,1.225,1.125,1.05,0.95,0.975,1.0,0.275,0.825,6.025,0.7,0.475,0.45,0.275,0.075,5,4,4,6,3,4,2,3,17,10,15,14,19,11,14,18,43,40,52,46,44,44,38,45,3.0,7.450581e-09,0.6166667,0.228,0.684,0.069,2
1.1,1.975,7.25,1.825,1.525,1.4,1.25,1.075,0.375,1.3,9.325,0.7,0.45,0.275,0.15,-0.1,5,10,7,14,7,7,7,8,17,20,18,18,14,13,14,18,56,111,436,93,70,77,55,49,3.0,7.450581e-09,0.6166667,0.226,0.692,0.078,2
1.475,3.275,16.575,2.525,1.975,1.675,1.4,0.975,0.0,1.1,1.2,-0.125,-0.05,-0.4,-0.225,0.0,6,14,17,17,11,6,12,13,20,24,22,19,16,17,20,22,72,204,1071,134,89,82,76,56,3.0,7.450581e-09,0.6166667,0.22,0.711,0.102,2
1.475,4.375,17.775,2.4,1.925,1.275,1.175,0.975,0.2,1.1,5.775,-0.275,-0.475,-0.15,-0.3,-0.05,10,19,18,13,9,6,10,13,25,24,23,21,17,16,20,26,81,264,1105,128,84,52,66,59,3.0,7.450581e-09,0.6166667,0.207,0.736,0.139,2
1.675,5.475,23.55,2.125,1.45,1.125,0.875,0.925,0.35,0.625,2.5,0.225,-0.125,2.75,1.425,4.35,14,24,23,15,7,8,2,6,26,26,30,26,21,13,13,22,103,343,1577,126,79,44,38,53,3.0,7.450581e-09,0.6166667,0.184,0.765,0.187,2
2.025,6.1,26.05,2.35,1.325,3.875,2.3,5.275,0.625,1.0,2.8,1.1,0.375,2.675,2.05,8.5,12,19,23,14,10,17,10,12,24,23,27,23,20,16,18,23,132,358,1681,142,83,243,123,325,3.0,7.450581e-09,0.6166667,0.153,0.792,0.238,2
2.65,7.1,28.85,3.45,1.7,6.55,4.35,13.775,6.9,6.825,-1.55,1.15,1.9,19.95,12.225,15.875,15,19,22,12,10,26,18,24,23,26,22,26,20,23,23,27,169,471,1704,223,102,427,272,931,3.0,7.450581e-09,0.6166667,0.114,0.809,0.287,2
9.55,13.925,27.3,4.6,3.6,26.5,16.575,29.65,13.95,6.0,-14.625,-0.475,1.95,31.45,14.725,17.425,20,21,22,14,15,25,18,25,17,26,23,23,21,27,26,26,532,877,1634,266,218,1790,894,2091,3.0,7.450581e-09,0.6166667,0.078,0.817,0.328,2
23.5,19.925,12.675,4.125,5.55,57.95,31.3,47.075,1.875,2.15,-5.45,-0.9,-0.4,4.25,-0.625,-0.525,21,16,22,20,23,24,21,25,22,20,29,25,26,29,27,28,1337,1114,811,250,361,4023,1868,3036,3.0,7.450581e-09,0.6166667,0.059,0.82,0.355,2
25.375,22.075,7.225,3.225,5.15,62.2,30.675,46.55,-6.1,3.525,2.1,-0.4,-0.775,-10.25,-1.825,-13.025,21,14,16,21,19,22,21,25,29,20,29,25,24,26,23,28,1450,1136,463,219,328,3999,1742,2734,3.0,7.450581e-09,0.6166667,0.051,0.818,0.373,2
19.275,25.6,9.325,2.825,4.375,51.95,28.85,33.525,-2.625,-0.375,4.225,0.3,-0.3,-6.55,0.125,-5.6,22,16,16,17,16,18,19,21,29,21,29,24,26,22,24,24,1198,1442,611,191,273,2922,1543,1885,3.0,7.450581e-09,0.6166667,0.049,0.812,0.385,2
16.65,25.225,13.55,3.125,4.075,45.4,28.975,27.925,-1.475,-1.65,0.05,0.075,-0.5,-3.275,1.25,2.85,23,24,22,12,17,15,23,21,27,28,25,22,25,19,27,28,1024,1619,821,211,265,2309,1695,1648,3.0,7.450581e-09,0.6166667,0.049,0.807,0.39,2
15.175,23.575,13.6,3.2,3.575,42.125,30.225,30.775,-0.175,-0.8,-3.925,-0.775,-0.15,1.95,2.25,-2.375,19,27,25,13,17,15,23,20,23,28,23,17,24,21,27,28,919,1536,811,191,235,2036,1685,1798,3.0,7.450581e-09,0.6166667,0.05,0.805,0.392,2
15.0,22.775,9.675,2.425,3.425,44.075,32.475,28.4,0.9,0.4,-1.6,-0.35,-0.375,2.425,1.875,-1.925,18,23,22,14,16,21,22,20,23,28,23,21,28,23,26,25,898,1398,575,133,231,2527,1865,1591,3.0,7.450581e-09,0.6166667,0.051,0.804,0.393,2
15.9,23.175,8.075,2.075,3.05,46.5,34.35,26.475,1.1,3.325,1.275,0.175,0.15,0.825,-2.225,-1.3,20,19,19,18,14,23,23,19,23,30,21,28,25,23,29,21,840,1493,459,134,189,2808,2023,1396,3.0,7.450581e-09,0.6166667,0.052,0.805,0.394,2
17.0,26.5,9.35,2.25,3.2,47.325,32.125,25.175,-2.3,3.7,-0.4,0.175,0.375,-2.6,-7.025,-2.8,20,20,19,17,13,21,22,19,23,27,22,21,23,23,25,22,859,1693,520,127,179,2639,1853,1381,3.0,7.450581e-09,0.6166667,0.052,0.805,0.394,2
14.7,30.2,8.95,2.425,3.575,44.725,25.1,22.375,-2.45,0.65,-3.4,-0.25,-0.475,5.4,-4.1,-0.4,20,25,17,16,17,21,22,23,26,26,25,19,24,26,26,28,894,2039,495,140,210,2461,1399,1445,3.0,7.450581e-09,0.6166667,0.051,0.804,0.394,2
12.25,30.85,5.55,2.175,3.1,50.125,21.0,21.975,-0.1,-6.575,-1.925,0.05,-0.075,-0.025,-2.075,-1.275,22,22,12,16,18,22,21,22,26,27,24,21,24,27,24,25,843,2030,326,126,177,2754,1140,1406,3.0,7.450581e-09,0.6166667,0.049,0.803,0.395,2
12.15,24.275,3.625,2.225,3.025,50.1,18.925,20.7,-2.275,-3.9,-0.275,-0.2,0.3,-0.7,10.275,-1.525,19,21,13,11,18,25,17,24,23,29,25,23,27,26,21,25,767,1556,204,123,195,2852,866,1267,3.0,7.450581e-09,0.6166667,0.048,0.802,0.396,2
9.875,20.375,3.35,2.025,3.325,49.4,29.2,19.175,-2.45,3.6,-0.9,-0.475,-0.075,-1.025,4.975,-1.5,18,19,15,10,16,26,18,22,24,31,21,20,23,25,24,24,577,1331,211,109,212,3093,1561,1149,3.0,7.450581e-09,0.6166667,0.048,0.8,0.396,2
7.425,23.975,2.45,1.55,3.25,48.375,34.175,17.675,0.575,1.25,0.325,0.0,-0.3,-10.725,-10.1,-2.325,15,16,16,10,19,21,23,20,24,27,20,18,25,27,24,26,439,1388,149,71,215,3160,1995,1090,3.0,7.450581e-09,0.6166667,0.048,0.799,0.396,2
8.0,25.225,2.775,1.55,2.95,37.65,24.075,15.35,-0.55,-4.775,0.275,0.175,-0.425,-4.15,-3.0,1.0,16,21,22,10,17,16,23,21,25,24,23,23,27,29,25,26,482,1378,175,81,180,2264,1523,908,3.0,7.450581e-09,0.6166667,0.048,0.8,0.396,2
7.45,20.45,3.05,1.725,2.525,33.5,21.075,16.35,0.875,-1.6,-0.1,0.2,-0.375,3.2,0.0,0.925,17,21,25,12,14,16,21,22,24,26,28,22,22,27,25,25,454,1142,204,98,131,1989,1318,1012,3.0,7.450581e-09,0.6166667,0.049,0.8,0.395,2
8.325,18.85,2.95,1.925,2.15,36.7,21.075,17.275,0.4,3.625,0.3,-0.15,0.475,7.05,1.3,1.325,18,23,20,13,11,21,22,19,25,25,25,22,21,27,25,25,545,1186,172,108,124,2290,1313,1055,3.0,7.450581e-09,0.6166667,0.05,0.8,0.394,2
8.725,22.475,3.25,1.775,2.625,43.75,22.375,18.6,0.1,1.75,0.15,-0.25,0.525,5.025,2.0,-1.8,20,23,19,15,13,23,22,21,24,26,23,26,20,23,23,26,531,1393,198,110,153,2555,1403,1252,3.0,7.450581e-09,0.6166667,0.051,0.8,0.394,2
8.825,24.225,3.4,1.525,3.15,48.775,24.375,16.8,0.95,-1.675,-0.075,0.275,-0.125,4.35,3.25,-1.675,19,18,21,11,17,21,21,24,21,24,23,22,19,23,21,25,522,1394,198,91,179,2850,1299,1160,3.0,7.450581e-09,0.6166667,0.051,0.8,0.394,2
9.775,22.55,3.325,1.8,3.025,53.125,27.625,15.125,-1.2,-1.2,0.35,0.175,0.525,4.05,4.45,0.35,20,16,21,12,14,23,18,21,27,24,24,26,19,23,23,25,603,1243,203,106,181,3187,1638,1008,3.0,7.450581e-09,0.6166667,0.051,0.801,0.394,2
8.575,21.35,3.675,1.975,3.55,57.175,32.075,15.475,-0.75,0.2,0.2,-0.2,-0.175,1.225,-3.45,1.35,22,17,24,16,19,27,21,17,29,22,27,24,26,26,28,25,596,1107,238,118,235,3885,2145,939,3.0,7.450581e-09,0.6166667,0.052,0.801,0.395,2
7.825,21.55,3.875,1.775,3.375,58.4,28.625,16.825,-0.75,-3.15,-0.025,0.05,-0.925,-12.075,-4.975,5.85,19,20,23,13,22,26,23,20,21,24,26,19,28,27,28,26,466,1247,236,96,223,4220,1837,970,3.0,7.450581e-09,0.6166667,0.052,0.801,0.395,2
7.075,18.4,3.85,1.825,2.45,46.325,23.65,22.675,-0.525,0.0,-0.125,-0.05,0.725,-8.125,3.875,-1.95,21,20,22,12,15,26,19,24,23,28,24,18,21,27,26,26,433,1180,231,95,137,3189,1361,1436,3.0,7.450581e-09,0.6166667,0.052,0.8,0.394,2
6.55,18.4,3.725,1.775,3.175,38.2,27.525,20.725,1.075,-0.05,-0.2,-0.075,0.1,3.275,-0.275,-7.475,24,20,21,17,18,24,20,22,27,26,26,25,23,24,26,26,431,1099,244,120,184,2357,1646,1322,3.0,7.450581e-09,0.6166667,0.052,0.8,0.394,2
7.625,18.35,3.525,1.7,3.275,41.475,27.25,13.25,0.475,-1.05,-0.025,0.05,-0.6,-3.375,-0.525,-0.925,20,21,24,20,26,25,17,18,22,24,30,23,30,25,27,26,446,1075,251,113,215,2681,1546,774,3.0,7.450581e-09,0.6166667,0.051,0.8,0.394,2
8.1,17.3,3.5,1.75,2.675,38.1,26.725,12.325,-0.275,-0.65,-0.05,0.075,0.35,8.975,5.8,1.15,18,18,24,15,20,25,19,24,25,21,24,16,27,29,27,28,473,960,230,87,168,2493,1477,840,3.0,7.450581e-09,0.6166667,0.051,0.8,0.394,2
7.825,16.65,3.45,1.825,3.025,47.075,32.525,13.475,-1.075,-0.25,-0.125,-0.025,-0.05,12.625,1.475,2.225,16,21,24,12,20,25,27,25,25,27,22,19,26,29,28,26,423,988,212,96,182,3002,2092,886,3.0,7.450581e-09,0.6166667,0.051,0.799,0.394,2
6.75,16.4,3.325,1.8,2.975,59.7,34.0,15.7,0.375,1.575,0.125,0.25,-0.45,-11.375,2.35,4.7,13,28,21,13,16,24,26,20,23,29,25,27,28,31,30,26,358,1081,208,116,194,3660,2218,1005,3.0,7.450581e-09,0.6166667,0.051,0.799,0.394,2
7.125,17.975,3.45,2.05,2.525,48.325,36.35,20.4,1.05,0.575,-0.4,-0.05,-0.175,-12.75,-4.55,-2.275,13,27,16,15,12,22,23,24,21,27,23,27,27,28,31,28,345,1147,200,129,156,3001,2302,1361,3.0,7.450581e-09,0.6166667,0.051,0.799,0.394,2
8.175,18.55,3.05,2.0,2.35,35.575,31.8,18.125,-0.575,-0.825,0.075,-0.35,0.325,-0.2,-9.725,-4.525,19,26,17,16,15,21,26,27,24,28,26,23,25,25,32,28,445,1237,195,124,131,2273,1988,1140,3.0,7.450581e-09,0.6166667,0.052,0.798,0.393,2
7.6,17.725,3.125,1.65,2.675,35.375,22.075,13.6,-1.1,0.825,0.3,0.15,-0.25,-0.2,-1.25,-1.7,21,22,20,10,13,19,23,22,27,28,26,18,22,23,26,29,468,1141,199,90,139,2100,1273,859,3.0,7.450581e-09,0.6166667,0.053,0.797,0.392,2
6.5,18.55,3.425,1.8,2.425,35.175,20.825,11.9,2.3,1.1,-0.15,0.225,-0.425,5.975,3.725,2.55,19,20,21,11,15,20,16,18,25,27,26,24,18,23,19,26,362,1184,230,118,124,1921,924,758,3.0,7.450581e-09,0.6166667,0.053,0.795,0.391,2
8.8,19.65,3.275,2.025,2.0,41.15,24.55,14.45,2.325,0.5,-0.2,-0.1,0.575,13.325,4.15,-0.525,22,22,16,13,16,22,14,17,26,27,25,28,21,28,21,21,579,1169,206,133,108,2294,1067,817,3.0,7.450581e-09,0.6166667,0.053,0.795,0.39,2
11.125,20.15,3.075,1.925,2.575,54.475,28.7,13.925,0.85,2.95,-0.125,-0.05,0.35,-9.425,-2.775,-2.15,21,21,15,14,14,24,21,20,27,23,24,24,26,31,27,24,721,1040,162,103,151,3290,1610,855,3.0,7.450581e-09,0.6166667,0.054,0.795,0.39,2
11.975,23.1,2.95,1.875,2.925,45.05,25.925,11.775,1.625,1.65,0.2,0.2,-0.075,-10.0,-5.5,-0.925,22,22,17,11,18,21,23,19,28,25,25,22,27,30,29,28,781,1381,173,96,177,2941,1543,722,3.0,7.450581e-09,0.6166667,0.054,0.795,0.391,2
13.6,24.75,3.15,2.075,2.85,35.05,20.425,10.85,-1.025,-3.1,-0.175,-0.4,-0.35,-2.0,-1.675,0.625,20,21,16,13,19,19,23,15,25,29,24,20,27,29,26,27,782,1534,197,114,177,2188,1236,669,3.0,7.450581e-09,0.6166667,0.055,0.794,0.39,2
12.575,21.65,2.975,1.675,2.5,33.05,18.75,11.475,0.35,-0.925,0.525,-0.2,-0.65,-6.5,-3.325,-0.75,21,17,13,10,10,22,19,15,27,29,23,21,19,25,25,27,772,1326,166,85,132,1922,1136,695,3.0,7.450581e-09,0.6166667,0.054,0.794,0.39,2
12.925,20.725,3.5,1.475,1.85,26.55,15.425,10.725,2.25,4.0,0.0,0.275,0.325,6.425,0.2,-1.35,22,19,20,11,17,22,19,14,24,28,27,24,20,23,24,27,811,1252,220,93,105,1586,946,596,3.0,7.450581e-09,0.6166667,0.054,0.793,0.39,2
15.175,24.725,3.5,1.75,2.175,32.975,15.625,9.375,-3.225,-4.25,-0.275,-0.075,0.45,4.575,2.125,2.95,20,27,23,12,20,24,22,18,24,30,24,21,25,25,27,27,975,1741,206,99,124,2140,1072,571,3.0,7.450581e-09,0.6166667,0.054,0.794,0.391,2
11.95,20.475,3.225,1.675,2.625,37.55,17.75,12.325,-1.475,-1.35,0.75,0.425,0.125,-2.225,1.2,1.1,23,29,25,10,12,22,24,21,26,30,25,19,22,24,28,28,789,1462,215,84,133,2268,1158,746,3.0,7.450581e-09,0.6166667,0.054,0.794,0.391,2
10.475,19.125,3.975,2.1,2.75,35.325,18.95,13.425,2.55,6.25,-0.35,0.05,-0.075,1.15,-0.175,-0.475,20,23,23,10,12,17,23,14,27,26,27,19,21,21,24,25,643,1014,260,127,146,1932,1123,697,3.0,7.450581e-09,0.6166667,0.054,0.795,0.392,2
13.025,25.375,3.625,2.15,2.675,36.475,18.775,12.95,-1.7,-2.35,-0.325,-0.175,-0.15,3.35,0.125,-0.95,19,21,23,10,15,20,17,17,27,24,22,19,27,23,21,23,784,1301,221,129,155,2173,1054,670,3.0,7.450581e-09,0.6166667,0.054,0.795,0.392,2
11.325,23.025,3.3,1.975,2.525,39.825,18.9,12.0,-3.25,-9.625,-0.35,-0.275,-0.325,-6.05,-4.1,-2.875,17,21,19,9,18,19,18,24,24,28,13,18,28,28,27,24,661,1223,160,108,150,2392,1140,682,3.0,7.450581e-09,0.6166667,0.055,0.795,0.392,2
8.075,13.4,2.95,1.7,2.2,33.775,14.8,9.125,-4.175,-7.45,-0.95,-0.5,-0.925,-20.175,-9.65,-5.2,14,20,16,6,13,15,18,18,22,27,18,18,24,24,22,23,477,790,142,96,117,2182,843,522,3.0,7.450581e-09,0.6166667,0.097,0.77,0.309,2
3.9,5.95,2.0,1.2,1.275,13.6,5.15,3.925,-2.65,-2.825,0.0,0.2,-0.325,-12.65,-4.2,-2.875,11,20,17,6,7,9,9,8,19,23,22,14,19,15,13,17,231,394,114,67,62,954,241,205,3.0,7.450581e-09,0.6166667,0.182,0.719,0.143,2
1.25,3.125,2.0,1.4,0.95,0.95,0.95,1.05,0.025,-0.5,-0.15,0.1,0.175,0.125,-0.125,0.025,8,18,15,7,5,7,4,8,18,21,24,16,18,19,11,11,68,212,119,76,42,48,32,45,3.0,7.450581e-09,0.6166667,0.225,0.694,0.06,2
1.275,2.625,1.85,1.5,1.125,1.075,0.825,1.075,-0.225,-0.35,-0.325,-0.2,-0.1,-0.075,0.125,-0.075,10,17,11,10,3,7,7,10,18,21,23,22,14,20,14,14,73,172,123,87,33,50,38,45,3.0,7.450581e-09,0.6166667,0.225,0.694,0.06,2
1.05,2.275,1.525,1.3,1.025,1.0,0.95,1.0,0.025,-0.025,0.275,-0.15,-0.075,-0.075,0.05,-0.05,8,14,9,10,0,4,5,6,17,21,19,22,9,15,13,12,62,137,87,76,25,39,37,36,3.0,7.450581e-09,0.6166667,0.225,0.694,0.059,2
1.075,2.25,1.8,1.15,0.95,0.925,1.0,0.95,0.175,-0.375,-0.225,-0.075,0.175,0.15,-0.025,0.05,5,12,9,4,2,5,1,4,15,19,17,21,16,19,11,10,49,130,96,66,34,46,31,34,3.0,7.450581e-09,0.6166667,0.224,0.694,0.058,2
1.25,1.875,1.575,1.075,1.125,1.075,0.975,1.0,-0.075,0.2,4.075,1.6,0.9,0.2,0.0,0.05,6,14,9,4,3,5,5,3,23,24,19,16,18,22,11,17,56,119,93,53,41,52,32,40,3.0,7.450581e-09,0.6166667,0.224,0.694,0.058,2
1.175,2.075,5.65,2.675,2.025,1.275,0.975,1.05,0.4,2.2,9.05,0.95,0.45,0.075,0.125,0.15,7,13,13,9,7,4,8,4,22,23,21,14,21,23,13,19,50,114,316,126,108,64,38,46,3.0,7.450581e-09,0.6166667,0.225,0.695,0.059,2
1.575,4.275,14.7,3.625,2.475,1.35,1.1,1.2,0.05,1.0,5.9,-1.175,-0.75,-0.05,0.025,-0.125,16,19,16,15,10,5,6,6,20,26,24,19,18,19,13,17,75,285,928,187,137,72,44,56,3.0,7.450581e-09,0.6166667,0.223,0.7,0.068,2
1.625,5.275,20.6,2.45,1.725,1.3,1.125,1.075,-0.075,-0.55,-0.375,0.325,0.25,0.15,-0.1,-0.1,13,23,17,14,9,5,5,6,18,27,21,19,19,12,16,15,81,334,1218,123,94,57,49,57,3.0,7.450581e-09,0.6166667,0.218,0.715,0.092,2
1.55,4.725,20.225,2.775,1.975,1.45,1.025,0.975,0.275,0.225,-0.75,0.275,0.075,0.2,0.775,1.475,12,20,17,17,12,7,3,6,17,24,20,19,21,17,13,14,82,268,1182,149,112,77,48,49,3.0,7.450581e-09,0.6166667,0.203,0.738,0.135,2
1.825,4.95,19.475,3.05,2.05,1.65,1.8,2.45,0.8,0.05,0.95,-0.625,-0.5,3.35,0.825,4.75,18,19,21,22,13,11,8,12,23,26,23,19,19,21,12,16,100,291,1245,172,109,101,94,140,3.0,7.450581e-09,0.6166667,0.178,0.765,0.189,2
2.625,5.0,20.425,2.425,1.55,5.0,2.625,7.2,0.75,4.825,-1.15,0.125,0.325,8.0,7.275,7.275,22,21,24,13,10,22,15,19,26,25,27,19,22,26,18,21,160,314,1418,154,83,354,149,441,3.0,7.450581e-09,0.6166667,0.145,0.791,0.248,2
3.375,9.825,19.275,2.55,1.875,13.0,9.9,14.475,10.75,14.425,-4.2,0.7,1.3,23.875,12.675,10.725,20,26,19,16,11,24,20,18,25,28,28,21,21,30,20,24,208,681,1167,169,117,890,599,751,3.0,7.450581e-09,0.6166667,0.109,0.808,0.299,2
14.125,24.25,15.075,3.25,3.175,36.875,22.575,25.2,6.875,4.45,-5.35,0.325,1.0,21.4,8.9,12.775,21,25,19,25,18,24,22,19,26,27,23,22,25,29,25,26,1037,1545,863,202,220,2579,1396,1485,3.0,7.450581e-09,0.6166667,0.082,0.817,0.332,2
21.0,28.7,9.725,3.575,4.175,58.275,31.475,37.975,-5.55,-1.575,-2.3,-0.525,0.35,6.5,4.525,0.425,27,23,25,24,23,25,17,19,29,26,24,21,27,25,28,26,1417,1757,617,218,278,3525,1760,2239,3.0,7.450581e-09,0.6166667,0.071,0.821,0.348,2
15.45,27.125,7.425,3.05,4.525,64.775,36.0,38.4,2.825,-1.475,-0.75,-0.475,-0.1,-1.575,-3.8,-3.725,20,29,24,18,23,24,18,17,25,32,26,18,23,26,25,23,894,1730,444,166,273,3693,1948,2246,3.0,7.450581e-09,0.6166667,0.066,0.82,0.356,2
18.275,25.65,6.675,2.575,4.425,63.2,32.2,34.675,5.8,-0.45,-0.075,0.1,-0.55,-6.85,-1.575,1.9,16,26,18,18,19,26,23,22,22,29,23,22,23,29,25,24,1028,1581,384,138,261,3876,1891,2069,3.0,7.450581e-09,0.6166667,0.063,0.817,0.362,2
24.075,25.2,6.6,2.675,3.875,56.35,30.625,36.575,-3.6,0.125,-0.25,-0.05,-0.175,-6.75,-1.7,-6.0,21,23,15,19,16,24,23,26,24,27,20,21,26,29,28,29,1453,1558,372,158,233,3648,1804,2254,3.0,7.450581e-09,0.6166667,0.062,0.813,0.367,2
20.475,25.325,6.35,2.625,3.7,49.6,28.925,30.575,-2.775,-0.325,-1.7,-0.1,-0.7,-7.65,-4.45,-5.425,21,22,16,16,21,21,21,22,26,24,22,18,27,24,26,25,1284,1471,415,157,215,3090,1755,1896,3.0,7.450581e-09,0.6166667,0.062,0.81,0.37,2
17.7,25.0,4.65,2.525,3.0,41.95,24.475,25.15,-2.95,1.475,-1.325,-0.2,-0.275,9.0,2.475,0.2,19,18,18,13,20,21,18,22,24,24,25,18,26,25,25,25,1088,1238,295,137,159,2446,1438,1561,3.0,7.450581e-09,0.6166667,0.063,0.809,0.373,2
14.75,26.475,3.325,2.325,2.725,50.95,26.95,25.35,-4.575,-2.675,-0.275,-0.525,0.225,7.525,1.175,7.225,22,17,20,17,19,24,16,31,24,23,25,20,27,27,23,31,1006,1341,202,132,168,3081,1594,1792,3.0,7.450581e-09,0.6166667,0.063,0.81,0.374,2
10.175,23.8,3.05,1.8,2.95,58.475,28.125,32.575,2.0,-2.325,0.2,0.325,0.1,-2.625,3.65,6.35,20,23,17,17,18,21,22,28,23,23,24,22,28,27,25,29,618,1385,165,115,200,3750,1664,2013,3.0,7.450581e-09,0.6166667,0.063,0.809,0.375,2
12.175,21.475,3.25,2.125,3.05,55.85,31.775,38.925,0.7,-1.4,0.525,0.6,0.275,-5.975,1.425,-5.325,19,20,20,15,15,19,19,22,25,24,26,24,28,26,23,29,738,1177,195,140,184,3526,1620,2454,3.0,7.450581e-09,0.6166667,0.064,0.808,0.375,2
12.875,20.075,3.775,2.725,3.325,49.875,33.2,33.6,-3.3,1.05,-0.275,-0.275,0.225,-1.9,-2.65,3.825,22,17,24,16,18,23,16,20,27,25,29,26,26,23,23,26,818,1051,252,178,207,2879,1656,2138,3.0,7.450581e-09,0.6166667,0.064,0.807,0.375,2
9.575,21.125,3.5,2.45,3.55,47.975,30.55,37.425,0.75,0.275,-0.25,-0.2,-0.075,10.075,-1.4,-0.575,24,21,17,13,20,23,24,24,25,24,22,23,26,24,28,24,581,1177,197,138,233,2996,1790,2362,3.0,7.450581e-09,0.6166667,0.065,0.806,0.374,2
10.325,21.4,3.25,2.25,3.475,58.05,29.15,36.85,1.475,2.65,-0.1,0.125,-0.075,-2.575,-2.4,-8.35,21,20,14,11,16,24,26,23,22,27,17,23,19,27,29,22,597,1168,165,111,195,3841,1942,2266,3.0,7.450581e-09,0.6166667,0.065,0.805,0.373,2
11.8,24.05,3.15,2.375,3.4,55.475,26.75,28.5,-2.425,3.8,0.15,0.275,0.375,-8.25,1.425,3.55,20,23,15,13,18,29,17,25,27,28,22,27,23,30,27,27,730,1486,194,148,199,3813,1717,1905,3.0,7.450581e-09,0.6166667,0.065,0.804,0.372,2
9.375,27.85,3.3,2.65,3.775,47.225,28.175,32.05,-0.375,-2.975,0.525,-0.075,-0.15,-5.225,1.25,1.625,21,24,18,14,22,24,15,22,27,25,25,22,30,27,24,29,592,1762,207,157,239,2825,1756,1970,3.0,7.450581e-09,0.6166667,0.065,0.803,0.372,2
9.0,24.875,3.825,2.575,3.625,42.0,29.425,33.675,-0.475,-6.25,0.55,-0.25,-0.375,-0.125,-3.3,-1.3,21,27,20,13,24,20,18,15,23,29,26,20,31,26,25,24,520,1668,252,144,221,2405,1895,1778,3.0,7.450581e-09,0.6166667,0.065,0.803,0.372,2
8.525,18.625,4.375,2.325,3.25,41.875,26.125,32.375,-0.725,0.85,-0.175,-0.1,0.475,8.475,3.7,0.125,22,25,18,14,27,21,17,19,25,27,27,24,30,25,31,26,518,1154,281,154,213,2361,1578,1950,3.0,7.450581e-09,0.6166667,0.065,0.803,0.372,2
7.8,19.475,4.2,2.225,3.725,50.35,29.825,32.5,0.175,1.525,-1.175,-0.425,-0.1,-2.1,0.45,0.45,16,24,17,13,25,23,17,19,23,28,21,17,25,22,26,31,446,1238,239,121,247,2903,1547,1904,3.0,7.450581e-09,0.6166667,0.066,0.803,0.372,2
7.975,21.0,3.025,1.8,3.625,48.25,30.275,32.95,0.05,0.0,0.2,-0.025,-0.85,-2.0,-3.35,-1.475,13,24,17,11,18,20,16,18,21,31,19,17,21,25,22,29,414,1380,175,100,211,2787,1519,1929,3.0,7.450581e-09,0.6166667,0.067,0.803,0.372,2
8.025,21.0,3.225,1.775,2.775,46.25,26.925,31.475,-0.25,2.0,0.525,0.2,-0.15,-1.375,0.3,-1.275,16,23,20,13,16,17,16,18,28,27,27,22,21,26,23,26,444,1324,215,115,154,2495,1358,1999,3.0,7.450581e-09,0.6166667,0.067,0.803,0.372,2
7.775,23.0,3.75,1.975,2.625,44.875,27.225,30.2,2.325,4.9,0.225,0.2,-0.05,-7.65,-0.925,3.775,15,27,24,18,15,19,19,20,27,27,29,27,19,22,26,24,458,1543,256,135,138,2428,1692,1986,3.0,7.450581e-09,0.6166667,0.068,0.802,0.371,2
10.1,27.9,3.975,2.175,2.575,37.225,26.3,33.975,1.75,1.875,0.3,-0.025,0.025,4.025,0.75,-2.725,21,25,22,17,15,21,19,22,26,26,25,29,25,24,24,25,635,1843,252,143,155,2074,1506,1950,3.0,7.450581e-09,0.6166667,0.068,0.801,0.371,2
11.85,29.775,4.275,2.15,2.6,41.25,27.05,31.25,-1.425,-4.975,0.0,-0.225,0.0,-0.575,-4.475,-8.425,24,22,22,17,18,23,19,23,30,24,25,25,26,25,26,27,763,1816,265,130,170,2411,1611,1782,3.0,7.450581e-09,0.6166667,0.069,0.799,0.37,2
10.425,24.8,4.275,1.925,2.6,40.675,22.575,22.825,-0.65,0.65,-0.4,-0.075,0.05,7.075,0.375,1.75,20,23,19,15,17,20,20,24,29,22,19,25,19,19,27,26,613,1559,242,115,142,2168,1503,1370,3.0,7.450581e-09,0.6166667,0.069,0.798,0.369,2
9.775,25.45,3.875,1.85,2.65,47.75,22.95,24.575,0.75,0.9,-0.175,0.175,0.075,2.2,2.825,6.4,20,23,22,16,21,19,19,24,30,25,23,26,23,24,25,24,637,1668,258,115,157,2734,1347,1388,3.0,7.450581e-09,0.6166667,0.069,0.798,0.369,2
10.525,26.35,3.7,2.025,2.725,49.95,25.775,30.975,0.85,0.3,0.025,-0.075,0.1,-5.45,-1.775,0.85,18,22,21,17,24,21,21,24,26,27,24,23,24,28,27,27,632,1634,245,117,168,3025,1522,1823,3.0,7.450581e-09,0.6166667,0.069,0.798,0.368,2
11.375,26.65,3.725,1.95,2.825,44.5,24.0,31.825,-0.95,-0.4,0.3,0.1,0.1,1.425,3.275,-3.175,18,20,20,14,18,18,24,17,24,25,24,21,16,23,31,28,627,1669,218,106,140,2344,1560,1705,3.0,7.450581e-09,0.6166667,0.069,0.797,0.368,2
10.425,26.25,4.025,2.05,2.925,45.925,27.275,28.65,-0.225,-2.9,-0.225,0.05,-0.625,-4.9,-1.15,-5.025,18,19,20,16,17,22,19,18,18,26,26,17,23,27,29,28,532,1645,241,106,158,2655,1528,1508,3.0,7.450581e-09,0.6166667,0.069,0.796,0.367,2
10.2,23.35,3.8,2.1,2.3,41.025,26.125,23.625,0.175,5.1,-0.775,-0.5,-0.125,-2.625,-5.7,-2.825,19,25,21,16,20,25,18,16,24,30,28,19,28,26,29,27,623,1602,247,113,142,2437,1365,1178,3.0,7.450581e-09,0.6166667,0.069,0.794,0.367,2
10.375,28.45,3.025,1.6,2.175,38.4,20.425,20.8,0.05,3.275,0.65,0.075,-0.175,-10.625,3.325,3.55,19,25,17,13,17,21,21,19,28,30,28,22,20,27,28,26,615,1924,211,89,115,2185,1274,1210,3.0,7.450581e-09,0.6166667,0.07,0.794,0.367,2
10.425,31.725,3.675,1.675,2.0,27.775,23.75,24.35,-0.575,-5.2,-0.075,0.25,0.075,4.7,-0.1,2.2,19,23,14,10,11,20,24,21,25,30,25,24,19,27,26,28,583,1937,228,95,97,1620,1495,1452,3.0,7.450581e-09,0.6166667,0.07,0.794,0.368,2
9.85,26.525,3.6,1.925,2.075,32.475,23.65,26.55,-2.275,-4.275,-0.575,0.375,0.65,7.7,-1.375,0.4,17,19,19,12,14,22,23,19,26,28,26,22,21,23,26,28,524,1367,229,122,119,2049,1370,1591,3.0,7.450581e-09,0.6166667,0.07,0.795,0.369,2
7.575,22.25,3.025,2.3,2.725,40.175,22.275,26.95,0.625,2.775,0.35,-0.05,0.4,-4.775,2.325,-1.0,18,16,18,17,19,22,17,17,30,22,27,21,26,25,23,21,427,1059,200,133,167,2617,1122,1403,3.0,7.450581e-09,0.6166667,0.071,0.796,0.369,2
8.2,25.025,3.375,2.25,3.125,35.4,24.6,25.95,1.85,-0.525,1.0,-0.075,-0.55,-4.575,-4.15,-1.425,19,20,16,18,18,22,18,14,28,21,25,21,26,26,23,16,538,1445,216,126,197,2236,1337,1094,3.0,7.450581e-09,0.6166667,0.071,0.796,0.368,2
10.05,24.5,4.375,2.175,2.575,30.825,20.45,24.525,-0.225,-8.475,0.975,0.4,-0.625,1.925,-1.275,1.575,17,21,21,15,13,22,23,16,23,24,26,24,22,26,27,20,594,1591,259,133,167,1921,1258,1231,3.0,7.450581e-09,0.6166667,0.072,0.796,0.368,2
9.825,16.025,5.35,2.575,1.95,32.75,19.175,26.1,-0.85,1.85,-1.375,-0.4,0.05,1.125,3.0,-4.275,19,18,23,17,10,23,22,20,29,25,25,25,19,24,26,22,605,1051,309,154,109,2064,1145,1519,3.0,7.450581e-09,0.6166667,0.073,0.796,0.368,2
8.975,17.875,3.975,2.175,2.0,33.875,22.175,21.825,-1.65,6.675,-1.2,-0.3,-0.1,-1.275,-1.925,-1.125,19,19,15,18,13,21,16,17,27,24,23,19,20,24,25,22,528,1147,224,122,115,2061,1321,1179,3.0,7.450581e-09,0.6166667,0.073,0.796,0.369,2
7.325,24.55,2.775,1.875,1.9,32.6,20.25,20.7,-0.4,-1.625,0.675,0.4,0.25,7.675,-2.15,-0.65,18,19,14,12,13,17,20,19,25,23,24,19,24,24,25,24,394,1470,171,104,113,1968,1239,1236,3.0,7.450581e-09,0.6166667,0.073,0.795,0.369,2
6.925,22.925,3.45,2.275,2.15,40.275,18.1,20.05,1.125,-2.7,0.675,0.075,0.475,-3.525,2.35,-1.375,22,20,17,14,15,19,21,20,27,24,24,22,24,23,27,25,450,1353,229,124,131,2398,1083,1276,3.0,7.450581e-09,0.6166667,0.073,0.795,0.369,2
8.05,20.225,4.125,2.35,2.625,36.75,20.45,18.675,1.325,-2.475,-0.5,-0.475,-0.025,-5.6,3.3,3.225,22,25,20,14,19,20,16,17,26,27,27,20,21,22,31,23,503,1392,273,132,155,1999,1150,1054,3.0,7.450581e-09,0.6166667,0.073,0.795,0.369,2
9.375,17.75,3.625,1.875,2.6,31.15,23.75,21.9,-0.425,4.35,-0.625,-0.025,-0.225,0.725,-2.4,-1.75,22,26,22,8,20,22,13,22,25,29,29,23,23,23,27,23,543,1273,253,119,157,1917,1165,1233,3.0,7.450581e-09,0.6166667,0.073,0.796,0.37,2
8.95,22.1,3.0,1.85,2.375,31.875,21.35,20.15,-1.875,5.925,0.2,0.075,-0.05,4.3,-3.325,-0.75,16,23,19,11,19,24,19,17,21,28,29,21,27,25,24,23,436,1421,196,100,147,2053,1166,1067,3.0,7.450581e-09,0.6166667,0.073,0.796,0.37,2
7.075,28.025,3.2,1.925,2.325,36.175,18.025,19.4,-1.475,-2.75,0.0,-0.15,0.025,8.125,3.7,-2.125,18,21,20,18,19,25,22,17,22,28,25,21,23,27,21,28,415,1618,195,115,147,2460,1137,1194,3.0,7.450581e-09,0.6166667,0.073,0.795,0.37,2
1.25,2.15,1.375,1.3,0.975,1.0,1.025,1.075,-0.15,-0.5,-0.025,-0.05,-0.1,-0.05,-0.15,0.0,11,15,8,7,6,6,3,7,20,19,15,19,17,16,23,12,66,124,59,58,43,47,46,51,4.0,7.450581e-09,1.0,0.23,0.693,0.062,2
1.1,1.65,1.35,1.25,0.875,0.95,0.875,1.075,0.0,-0.525,-0.275,-0.15,0.2,0.025,0.075,0.05,9,10,10,13,5,7,3,7,20,20,23,21,17,18,21,16,69,101,63,67,40,44,40,58,4.0,7.450581e-09,1.0,0.23,0.693,0.062,2
1.1,1.125,1.075,1.1,1.075,0.975,0.95,1.125,-0.075,-0.05,-0.175,0.1,0.075,0.05,0.1,0.025,5,7,8,11,6,5,4,5,18,19,17,18,17,15,12,22,63,63,52,55,48,38,32,57,4.0,7.450581e-09,1.0,0.23,0.693,0.062,2
1.025,1.075,0.9,1.2,1.15,1.025,1.05,1.15,-0.175,0.225,0.175,0.075,-0.05,-0.05,0.0,-0.05,4,8,4,7,7,3,5,6,17,19,13,13,17,17,13,20,48,55,35,48,54,51,43,46,4.0,7.450581e-09,1.0,0.23,0.693,0.062,2
0.85,1.3,1.075,1.275,1.1,0.975,1.05,1.1,0.2,0.625,4.175,0.175,0.55,0.5,0.725,-0.15,4,8,5,6,8,5,5,8,17,16,17,16,18,19,14,15,37,65,51,52,59,58,57,46,4.0,7.450581e-09,1.0,0.23,0.694,0.062,2
1.05,1.925,5.25,1.45,1.65,1.475,1.775,0.95,0.3,1.35,7.525,0.65,0.475,1.9,1.35,-0.125,8,13,11,3,10,9,9,6,17,19,22,19,17,24,17,12,51,120,382,67,81,90,106,44,4.0,7.450581e-09,1.0,0.229,0.698,0.063,2
1.35,3.275,12.775,2.1,2.125,3.375,3.125,0.825,0.05,1.1,3.875,0.075,-0.475,0.4,-0.55,0.15,11,16,17,7,17,15,13,4,17,22,26,20,19,28,20,13,72,221,826,108,107,225,162,35,4.0,7.450581e-09,1.0,0.229,0.711,0.077,2
1.4,4.375,16.65,2.175,1.65,3.775,2.575,0.975,0.0,0.15,-0.275,-0.175,-0.45,-1.05,-1.05,0.075,11,17,19,12,17,17,12,7,18,24,30,22,21,24,15,22,76,275,1069,117,91,250,125,46,4.0,7.450581e-09,1.0,0.228,0.743,0.11,2
1.4,4.525,16.375,2.0,1.2,2.725,1.525,1.05,0.475,0.775,0.375,0.125,0.1,2.425,2.8,0.375,11,16,21,11,7,14,7,12,16,21,26,17,15,22,13,28,71,261,1108,96,62,173,79,65,4.0,7.450581e-09,1.0,0.221,0.791,0.154,2
1.875,5.3,16.75,2.125,1.3,5.15,4.325,1.425,0.775,1.675,0.6,0.25,0.725,9.925,6.425,3.925,11,19,16,13,6,16,12,8,14,20,24,17,18,25,19,19,95,301,926,109,67,335,263,68,4.0,7.450581e-09,1.0,0.205,0.845,0.203,2
2.65,6.975,17.35,2.375,2.025,15.075,10.75,5.35,0.575,1.825,-5.475,-0.125,0.375,8.325,6.475,9.525,21,26,17,15,13,23,20,11,24,27,26,25,23,27,23,18,164,444,1009,131,112,977,729,294,4.0,7.450581e-09,1.0,0.181,0.904,0.25,2
3.225,8.8,11.875,2.25,2.4,23.4,17.225,14.875,2.0,0.925,-4.95,0.325,0.025,2.175,6.175,16.9,22,24,26,16,15,27,25,19,26,28,28,26,21,27,26,25,204,568,818,136,128,1535,1122,917,4.0,7.450581e-09,1.0,0.156,0.954,0.286,2
5.225,9.725,6.925,2.575,2.425,25.575,23.4,31.775,1.1,-0.5,-0.2,0.8,0.475,1.175,0.925,6.725,18,20,26,20,19,24,23,18,20,24,30,25,23,28,25,25,303,611,479,173,137,1733,1442,1886,4.0,7.450581e-09,1.0,0.134,0.991,0.306,2
6.325,9.225,6.725,3.375,2.9,26.75,24.325,38.5,-1.15,1.6,-0.2,-0.4,0.15,-3.075,-2.775,-11.8,19,17,19,22,23,23,19,19,20,22,26,24,23,26,23,26,346,518,414,210,174,1701,1426,2295,4.0,7.450581e-09,1.0,0.116,1.016,0.316,2
5.175,10.825,6.525,2.975,3.05,23.675,21.55,26.7,-0.075,2.45,0.75,-0.175,-0.25,0.625,-1.5,-6.0,15,19,24,18,19,26,26,21,20,26,26,24,19,26,29,28,269,650,388,183,160,1587,1408,1681,4.0,7.450581e-09,1.0,0.105,1.026,0.318,2
5.1,13.275,7.275,2.8,2.8,24.3,20.05,20.7,1.425,0.825,0.075,0.225,0.025,2.525,-4.2,4.7,17,20,23,16,15,24,27,25,22,28,26,22,21,25,29,29,281,832,443,164,141,1563,1314,1389,4.0,7.450581e-09,1.0,0.101,1.028,0.318,2
6.525,14.1,7.35,3.025,2.825,26.825,15.85,25.4,0.225,-0.525,-0.05,0.0,0.025,-2.0,1.35,3.775,16,20,20,18,14,25,23,21,24,29,27,25,24,26,27,27,400,901,457,172,164,1674,974,1514,4.0,7.450581e-09,1.0,0.099,1.028,0.318,2
6.75,13.575,7.3,3.025,2.85,24.825,17.2,29.175,-0.8,-1.125,1.75,0.2,-0.3,-2.525,2.5,0.975,14,19,20,16,19,28,18,20,22,26,23,22,25,27,25,25,377,852,417,166,169,1733,948,1657,4.0,7.450581e-09,1.0,0.098,1.027,0.318,2
5.95,12.45,9.05,3.225,2.55,22.3,19.7,30.15,0.4,-1.175,-1.175,-0.425,-0.325,-3.9,-1.15,1.725,18,20,24,16,19,29,15,24,23,27,23,20,25,28,20,29,349,744,527,183,157,1512,1045,1951,4.0,7.450581e-09,1.0,0.097,1.026,0.318,2
6.35,11.275,7.875,2.8,2.225,18.4,18.55,31.875,-0.425,-0.025,-1.475,-0.55,-0.15,0.025,-1.45,-3.9,16,19,23,17,15,27,18,24,23,27,21,25,25,27,24,28,377,579,453,163,139,1087,1187,1938,4.0,7.450581e-09,1.0,0.097,1.026,0.317,2
5.925,11.25,6.4,2.25,2.075,18.425,17.1,27.975,0.9,0.05,0.525,0.275,-0.15,1.25,0.325,-2.95,18,21,18,17,20,27,20,23,26,26,25,27,27,28,26,24,380,655,358,138,129,1162,1024,1647,4.0,7.450581e-09,1.0,0.097,1.026,0.318,2
6.825,11.3,6.925,2.525,1.925,19.675,17.425,25.025,0.7,-0.875,-1.55,-0.025,0.05,-2.675,1.175,-0.25,22,21,16,18,22,24,23,23,30,23,23,23,26,26,25,25,431,726,402,141,115,1216,1051,1665,4.0,7.450581e-09,1.0,0.098,1.026,0.319,2
7.525,10.425,5.375,2.5,1.975,17.0,18.6,24.775,-0.9,-0.825,-0.6,0.0,0.4,1.025,-3.7,-4.8,18,20,17,19,16,25,24,25,27,24,20,28,23,28,23,25,412,652,319,146,94,1088,1093,1620,4.0,7.450581e-09,1.0,0.098,1.026,0.319,2
6.625,9.6,4.775,2.5,2.375,18.025,14.9,19.975,-0.8,0.15,0.5,-0.075,-0.3,-2.175,-1.225,-4.5,18,23,19,18,11,23,20,24,28,26,26,24,21,27,25,28,377,584,289,132,106,1079,775,1241,4.0,7.450581e-09,1.0,0.098,1.025,0.32,2
5.825,9.75,5.275,2.425,2.075,15.85,13.675,15.475,-0.825,-1.0,-0.425,-0.45,-0.275,-3.025,0.7,-0.35,20,24,20,17,13,21,18,19,24,23,25,20,23,22,28,24,375,533,307,130,120,846,698,913,4.0,7.450581e-09,1.0,0.098,1.025,0.32,2
5.0,8.75,4.85,1.975,1.8,12.825,14.375,15.125,0.4,-0.65,0.175,-0.025,0.1,1.075,-1.2,-1.25,19,23,17,12,15,25,19,18,24,20,21,19,24,24,27,24,297,490,263,118,114,813,683,877,4.0,7.450581e-09,1.0,0.097,1.025,0.32,2
5.4,8.1,5.025,1.95,1.9,13.9,13.175,13.875,-0.875,1.275,0.375,0.05,-0.125,2.025,1.325,-5.5,17,27,16,12,14,23,20,19,23,28,27,16,20,24,25,27,320,500,284,106,100,923,662,797,4.0,7.450581e-09,1.0,0.096,1.025,0.32,2
4.525,9.375,5.4,2.0,1.775,15.925,14.5,8.375,-1.425,0.225,0.125,-0.05,-0.025,1.65,-2.45,-1.7,13,23,15,18,12,22,16,20,19,28,27,17,20,26,22,25,270,572,305,103,86,1064,775,509,4.0,7.450581e-09,1.0,0.096,1.026,0.32,2
3.1,9.6,5.525,1.95,1.75,17.575,12.05,6.675,2.875,-1.25,0.15,0.0,0.025,-4.35,-2.7,5.8,10,21,17,16,8,21,18,16,19,25,28,24,18,30,26,24,166,582,324,97,81,1138,605,424,4.0,7.450581e-09,1.0,0.096,1.026,0.319,2
5.975,8.35,5.675,1.95,1.775,13.225,9.35,12.475,1.2,0.025,0.15,0.075,0.225,-1.675,4.5,5.55,13,22,20,15,7,21,17,18,21,25,25,22,17,28,28,22,333,525,367,102,91,834,473,732,4.0,7.450581e-09,1.0,0.096,1.025,0.319,2
7.175,8.375,5.825,2.025,2.0,11.55,13.85,18.025,-1.175,2.65,1.2,0.5,0.2,1.45,-0.125,-2.0,18,17,24,15,13,24,22,24,24,23,26,20,19,26,29,23,435,490,369,111,117,811,899,1084,4.0,7.450581e-09,1.0,0.096,1.023,0.32,2
6.0,11.025,7.025,2.525,2.2,13.0,13.725,16.025,0.2,0.8,0.45,0.1,-0.325,2.1,-3.775,-2.625,20,19,24,17,15,25,25,23,25,24,30,24,18,27,27,26,391,664,460,152,117,861,870,930,4.0,7.450581e-09,1.0,0.096,1.022,0.32,2
6.2,11.825,7.475,2.625,1.875,15.1,9.95,13.4,-1.35,-1.7,-2.575,-0.7,0.075,-0.925,0.175,-1.875,22,20,23,20,13,25,20,22,26,25,28,24,18,32,24,29,398,732,440,156,105,1003,562,834,4.0,7.450581e-09,1.0,0.097,1.022,0.32,2
4.85,10.125,4.9,1.925,1.95,14.175,10.125,11.525,-0.825,-0.775,-0.875,0.175,0.325,1.3,3.3,1.625,24,17,21,19,15,20,19,20,26,24,26,24,23,24,24,29,311,659,284,111,119,821,603,747,4.0,7.450581e-09,1.0,0.097,1.021,0.32,2
4.025,9.35,4.025,2.1,2.275,15.475,13.425,13.15,-0.45,-0.15,1.55,0.275,0.0,1.95,1.575,1.55,18,17,18,17,17,21,18,20,20,23,24,23,26,20,24,28,210,525,234,120,141,948,831,751,4.0,7.450581e-09,1.0,0.098,1.021,0.32,2
3.575,9.2,5.575,2.375,2.275,17.425,15.0,14.7,-0.15,-0.675,0.475,-0.1,-0.075,-3.85,-1.3,-3.275,12,15,23,15,15,23,17,22,19,22,27,22,23,28,22,23,173,405,339,133,133,1166,781,873,4.0,7.450581e-09,1.0,0.099,1.022,0.319,2
3.425,8.525,6.05,2.275,2.2,13.575,13.7,11.425,1.2,0.85,-0.925,-0.15,-0.25,0.475,-3.475,-1.1,18,15,24,16,15,19,15,22,24,23,27,23,23,26,21,25,187,436,383,143,123,918,669,692,4.0,7.450581e-09,1.0,0.099,1.022,0.319,2
4.625,9.375,5.125,2.125,1.95,14.05,10.225,10.325,0.275,0.675,0.275,-0.2,0.15,3.775,0.275,0.425,17,20,20,14,13,19,16,20,18,25,25,21,20,20,25,26,222,520,325,137,112,836,612,651,4.0,7.450581e-09,1.0,0.098,1.023,0.319,2
4.9,10.05,5.4,1.925,2.1,17.825,10.5,10.75,-0.375,0.0,1.15,0.3,-0.1,-0.3,2.925,-2.1,14,19,20,13,11,27,16,14,18,26,28,21,19,25,27,23,247,576,341,114,108,1162,647,598,4.0,7.450581e-09,1.0,0.098,1.023,0.319,2
4.525,10.05,6.55,2.225,2.0,17.525,13.425,8.65,0.425,-1.55,-1.075,-0.1,-0.45,-2.35,1.25,0.575,18,15,16,8,11,25,19,19,26,25,27,17,17,26,27,21,252,539,367,110,108,1093,794,464,4.0,7.450581e-09,1.0,0.098,1.024,0.319,2
4.95,8.5,5.475,2.125,1.55,15.175,14.675,9.225,0.1,-0.45,-0.925,-0.15,0.175,0.85,-1.975,0.375,21,19,19,10,9,22,18,21,23,24,27,21,13,26,20,18,300,493,310,113,84,876,749,479,4.0,7.450581e-09,1.0,0.097,1.024,0.32,2
5.05,8.05,4.55,1.975,1.725,16.025,12.7,9.6,-0.725,2.15,1.125,0.15,0.125,-1.625,-2.45,-1.95,16,21,22,15,16,20,16,19,17,23,24,25,20,24,20,21,301,481,286,123,96,1026,593,556,4.0,7.450581e-09,1.0,0.097,1.025,0.32,2
4.325,10.2,5.675,2.125,1.85,14.4,10.25,7.65,-0.8,-0.2,0.25,-0.225,0.0,-1.175,1.825,2.425,16,21,21,15,13,21,24,16,18,21,23,21,22,23,28,20,243,613,341,132,98,933,654,419,4.0,7.450581e-09,1.0,0.097,1.026,0.32,2
3.525,10.0,5.925,1.9,1.85,13.225,12.075,10.075,-0.425,-1.15,-0.925,0.1,0.225,2.525,2.7,-0.525,16,22,25,11,8,25,22,15,18,27,25,19,16,24,28,22,194,629,383,108,92,834,754,528,4.0,7.450581e-09,1.0,0.097,1.026,0.321,2
3.1,8.85,5.0,2.0,2.075,15.75,14.775,9.55,-0.4,-0.525,0.1,0.375,0.175,-2.8,-1.95,-3.625,20,23,22,13,13,26,19,13,19,27,22,24,18,26,23,30,185,517,323,101,102,1089,820,564,4.0,7.450581e-09,1.0,0.098,1.026,0.321,2
2.7,8.325,5.1,2.375,2.25,12.95,12.825,5.925,0.7,0.325,-0.375,-0.15,0.375,4.45,-1.7,1.7,22,24,19,19,18,21,18,14,25,23,25,24,23,24,24,24,167,509,330,128,122,890,730,351,4.0,7.450581e-09,1.0,0.098,1.025,0.321,2
3.4,8.65,4.725,2.225,2.625,17.4,11.125,7.625,-0.025,0.1,-0.9,-0.125,0.15,2.175,2.525,1.725,18,24,23,22,19,21,18,19,23,23,26,23,19,23,24,23,216,573,307,139,151,1080,629,477,4.0,7.450581e-09,1.0,0.098,1.024,0.322,2
3.375,8.75,3.825,2.1,2.775,19.575,13.65,9.35,0.1,0.45,1.225,0.475,-0.075,-2.425,-1.925,1.525,13,19,26,25,17,26,19,22,18,25,26,28,22,27,25,28,195,535,253,133,168,1238,780,623,4.0,7.450581e-09,1.0,0.099,1.023,0.322,2
3.475,9.2,5.05,2.575,2.7,17.15,11.725,10.875,0.8,-0.05,1.225,0.025,-0.375,7.75,3.825,3.725,18,18,22,20,16,25,21,24,28,24,26,20,22,27,28,27,211,536,304,135,157,1078,676,732,4.0,7.450581e-09,1.0,0.099,1.022,0.322,2
4.275,9.15,6.275,2.6,2.325,24.9,15.55,14.6,0.15,0.75,-0.75,-0.325,-0.125,4.175,4.55,0.025,20,16,18,12,13,27,21,25,27,19,23,12,17,30,25,27,258,479,334,130,132,1724,828,956,4.0,7.450581e-09,1.0,0.099,1.02,0.322,2
4.425,9.9,5.525,2.275,2.2,29.075,20.1,14.625,-0.525,1.15,-0.175,0.15,0.15,-1.175,-1.85,-2.75,16,11,19,13,15,23,20,21,25,19,25,20,21,28,22,27,271,537,333,142,133,1905,1102,831,4.0,7.450581e-09,1.0,0.099,1.02,0.321,2
3.9,11.05,5.35,2.425,2.35,27.9,18.25,11.875,0.175,-0.7,0.225,0.4,0.125,-4.125,-3.3,-2.25,15,15,19,12,14,23,16,22,27,23,29,25,20,26,24,29,221,617,351,145,135,1741,989,743,4.0,7.450581e-09,1.0,0.098,1.02,0.321,2
4.075,10.35,5.575,2.825,2.475,23.775,14.95,9.625,0.375,0.8,-0.225,0.025,0.075,0.125,0.75,0.95,21,18,21,14,20,26,17,20,29,28,30,25,22,26,22,27,250,709,351,163,162,1522,782,643,4.0,7.450581e-09,1.0,0.098,1.02,0.321,2
4.45,11.15,5.35,2.85,2.55,23.9,15.7,10.575,0.2,-0.45,-0.675,-0.35,0.025,3.35,2.875,0.725,18,16,22,18,23,22,15,16,23,25,25,22,27,24,21,23,243,729,318,175,170,1454,831,553,4.0,7.450581e-09,1.0,0.098,1.02,0.321,2
4.65,10.7,4.675,2.5,2.575,27.25,18.575,11.3,0.35,0.275,-0.575,-0.25,0.075,0.375,-1.225,-1.4,17,15,21,19,19,20,18,18,23,28,24,23,21,24,27,21,259,667,297,151,142,1664,1066,562,4.0,7.450581e-09,1.0,0.098,1.02,0.321,2
5.0,10.975,4.1,2.25,2.65,27.625,17.35,9.9,-1.075,0.775,0.25,0.025,-0.3,-1.975,-1.45,0.5,24,18,15,15,17,23,22,17,27,26,22,26,20,27,27,23,325,636,232,138,149,1733,991,578,4.0,7.450581e-09,1.0,0.098,1.02,0.321,2
3.925,11.75,4.35,2.275,2.35,25.65,15.9,10.4,-0.55,-2.675,0.175,-0.05,-0.175,-1.6,-0.425,0.1,23,20,17,18,16,23,19,17,26,28,25,27,22,26,25,24,248,672,250,140,136,1586,836,618,4.0,7.450581e-09,1.0,0.098,1.019,0.321,2
3.375,9.075,4.525,2.225,2.175,24.05,15.475,10.5,-0.575,-3.375,-1.1,-0.575,-0.25,-9.15,-6.225,-4.625,18,22,21,17,14,23,16,19,24,29,26,27,20,28,22,20,193,573,297,135,126,1509,797,622,4.0,7.450581e-09,1.0,0.098,1.018,0.321,2
2.8,5.7,3.425,1.65,1.925,14.9,9.25,5.875,-1.375,-2.625,-1.575,-0.6,-0.625,-11.75,-7.55,-4.4,13,19,14,9,11,13,11,10,22,26,22,22,18,25,19,15,162,367,226,94,111,935,447,327,4.0,7.450581e-09,1.0,0.149,0.886,0.219,2
1.425,3.075,1.85,1.05,1.3,3.15,1.7,1.475,-0.475,-1.025,-0.3,0.1,-0.35,-2.175,-0.6,-0.55,7,11,6,4,6,4,5,2,19,25,16,18,19,14,18,12,73,149,90,53,61,118,75,85,4.0,7.450581e-09,1.0,0.213,0.723,0.091,2
0.95,2.05,1.55,1.15,0.95,0.975,1.1,0.925,0.35,0.025,0.05,0.375,0.175,0.05,-0.075,0.05,8,10,6,7,4,2,5,0,19,24,17,19,17,4,10,12,59,111,80,67,42,29,37,44,4.0,7.450581e-09,1.0,0.226,0.691,0.066,2
1.3,2.075,1.6,1.525,1.125,1.025,1.025,0.975,-0.075,-0.625,-0.275,0.0,0.2,0.0,-0.05,0.025,9,11,5,12,6,3,8,2,19,22,19,20,13,9,11,19,66,114,75,76,40,33,42,48,4.0,7.450581e-09,1.0,0.226,0.691,0.066,2
1.225,1.45,1.325,1.525,1.325,1.025,0.975,1.0,-0.225,-0.2,0.925,0.175,0.3,0.5,0.325,-0.05,10,9,5,12,5,7,6,4,23,19,17,20,13,17,11,23,62,74,62,66,37,45,36,46,4.0,7.450581e-09,1.0,0.225,0.691,0.066,2
1.0,1.25,2.25,1.7,1.625,1.525,1.3,0.95,0.025,0.8,6.8,0.95,0.875,0.75,0.175,0.125,10,9,12,10,6,13,6,6,19,18,19,16,21,19,12,21,54,71,142,73,76,77,55,46,4.0,7.450581e-09,1.0,0.224,0.694,0.069,2
1.025,2.05,9.05,2.65,2.5,2.275,1.475,1.075,0.0,1.15,5.5,0.0,-0.275,-0.5,-0.45,0.0,6,12,19,10,13,14,9,6,16,21,23,20,26,23,16,20,51,112,640,130,145,113,79,51,4.0,7.450581e-09,1.0,0.224,0.703,0.077,2
1.025,3.2,14.55,2.65,2.225,1.775,1.025,1.075,0.175,2.025,6.6,0.0,-0.975,-0.625,-0.175,-0.075,4,13,22,10,10,9,6,5,15,21,27,20,24,23,14,19,51,165,976,131,120,89,55,52,4.0,7.450581e-09,1.0,0.222,0.725,0.095,2
1.2,5.225,21.15,2.65,1.25,1.15,0.85,1.0,0.625,1.725,6.0,0.65,0.45,0.375,0.1,0.125,6,18,22,14,8,9,2,4,18,24,25,19,22,23,14,17,72,340,1243,151,73,57,35,42,4.0,7.450581e-09,1.0,0.218,0.766,0.127,2
1.825,6.95,27.15,3.3,1.7,1.525,0.95,1.125,0.1,-1.275,-5.1,-0.4,0.075,-0.1,-0.025,0.0,12,23,21,17,12,10,3,6,21,27,25,22,21,21,15,22,115,477,1692,206,97,78,41,51,4.0,7.450581e-09,1.0,0.207,0.824,0.169,2
1.925,5.675,22.05,2.9,1.775,1.425,0.925,1.125,-0.125,-0.375,0.25,-0.025,-0.075,1.025,1.2,1.95,15,19,19,13,12,7,7,8,15,23,24,15,20,16,15,21,102,353,1301,158,93,70,43,59,4.0,7.450581e-09,1.0,0.187,0.889,0.212,2
1.8,5.3,22.3,2.875,1.7,2.45,2.125,3.075,4.9,3.8,-3.1,0.0,0.75,21.825,9.975,11.225,11,18,20,11,11,12,15,13,15,25,22,12,22,22,21,24,92,322,1322,142,92,139,142,210,4.0,7.450581e-09,1.0,0.15,0.959,0.252,2
6.7,9.1,19.2,2.875,2.45,24.275,12.1,14.3,5.875,8.875,-10.775,-0.1,1.4,32.375,17.95,14.1,14,25,24,15,16,22,25,21,22,29,31,22,23,29,27,29,434,576,1304,166,150,1493,867,979,4.0,7.450581e-09,1.0,0.097,1.028,0.283,2
12.575,17.975,8.425,2.775,3.85,56.65,30.05,28.4,2.4,1.75,-3.325,-0.05,0.9,8.4,11.25,6.45,21,25,22,16,19,19,25,22,24,28,26,25,24,26,28,24,823,1108,515,157,249,3144,1987,1792,4.0,7.450581e-09,1.0,0.059,1.059,0.296,2
14.975,19.725,5.1,2.725,4.75,65.05,41.3,34.85,-0.875,-3.775,0.9,-0.025,0.1,-3.2,-6.05,-1.35,21,18,20,12,16,16,22,20,23,29,23,20,21,21,29,23,946,1141,316,140,284,3226,2619,2004,4.0,7.450581e-09,1.0,0.051,1.056,0.296,2
14.1,15.95,6.0,2.7,4.85,61.85,35.25,33.5,-1.175,2.425,-0.65,0.1,-0.875,-9.55,-5.175,-2.075,18,16,21,15,18,20,21,21,21,26,26,23,19,22,26,26,785,841,367,161,294,3470,2088,1901,4.0,7.450581e-09,1.0,0.052,1.052,0.298,2
12.925,18.375,5.35,2.8,3.975,52.3,30.075,31.425,0.175,-0.775,-1.1,-0.4,-1.25,-5.45,-2.5,-0.8,19,17,15,20,20,24,19,25,21,25,22,24,21,23,22,27,725,987,306,164,246,3106,1611,2108,4.0,7.450581e-09,1.0,0.054,1.051,0.298,2
13.1,17.6,4.25,2.4,2.725,46.85,27.575,30.625,-3.275,-0.075,1.275,-0.4,0.575,1.5,-4.875,-4.7,25,17,14,14,16,22,16,26,26,27,23,20,21,24,23,28,831,965,257,125,159,2862,1400,2091,4.0,7.450581e-09,1.0,0.058,1.051,0.299,2
9.825,17.525,5.525,2.0,3.3,48.35,22.7,25.925,-1.375,1.675,-0.475,-0.275,-0.1,-8.025,-0.125,-4.4,22,22,15,12,16,17,15,26,27,26,24,21,23,24,23,27,620,1162,341,109,211,2918,1082,1690,4.0,7.450581e-09,1.0,0.06,1.051,0.299,2
8.45,19.2,5.05,1.725,3.2,40.325,22.575,21.525,0.525,-1.825,-0.7,0.05,-0.8,-8.375,-2.85,-5.425,19,23,16,15,16,21,13,25,22,24,26,22,26,24,22,28,506,1250,289,97,186,2383,992,1464,4.0,7.450581e-09,1.0,0.061,1.051,0.299,2
8.975,17.375,4.35,1.775,2.4,31.95,19.725,16.1,1.025,-1.55,0.5,0.425,0.425,-0.825,-2.6,-4.125,20,27,22,15,16,25,18,22,24,28,28,22,24,28,26,29,528,1179,243,104,138,2045,983,1114,4.0,7.450581e-09,1.0,0.06,1.049,0.299,2
10.0,15.825,4.85,2.2,2.825,31.125,17.125,11.975,0.6,1.275,0.075,0.05,0.025,4.95,3.675,-0.45,19,25,25,12,16,25,20,16,24,26,28,22,18,29,29,25,629,1007,286,125,143,1913,1038,729,4.0,7.450581e-09,1.0,0.059,1.048,0.299,2
10.6,17.1,4.925,2.25,2.85,36.075,20.8,11.525,-1.425,-2.25,-0.225,-0.275,-0.5,-1.8,1.425,-1.025,17,21,19,12,19,24,15,16,22,24,26,23,23,28,24,24,673,1051,273,130,170,2265,1140,622,4.0,7.450581e-09,1.0,0.058,1.048,0.299,2
9.175,14.85,4.7,1.975,2.35,34.275,22.225,10.5,-0.05,-1.575,-0.575,-0.025,0.275,0.175,-4.725,-0.45,19,23,16,12,18,23,19,15,24,29,24,22,27,23,19,26,615,977,252,110,153,2221,1177,575,4.0,7.450581e-09,1.0,0.058,1.048,0.299,2
9.125,13.275,4.125,1.95,2.625,34.45,17.5,10.05,1.075,2.275,0.125,0.1,0.825,5.325,0.825,0.8,22,20,16,8,13,25,19,15,26,24,26,18,22,24,24,23,602,763,232,97,148,2114,1002,550,4.0,7.450581e-09,1.0,0.058,1.049,0.299,2
10.2,15.55,4.25,2.05,3.45,39.775,18.325,10.85,0.3,5.175,0.45,0.1,-0.275,0.425,4.925,0.7,21,19,20,9,17,26,21,18,26,21,24,21,26,27,28,24,584,921,241,114,217,2620,1197,623,4.0,7.450581e-09,1.0,0.06,1.049,0.3,2
10.5,20.725,4.7,2.15,3.175,40.2,23.25,11.55,-1.15,1.625,-0.425,0.0,-0.325,-0.6,-4.0,2.1,23,23,22,12,16,20,18,19,28,26,24,21,27,29,26,21,632,1288,283,123,191,2561,1311,696,4.0,7.450581e-09,1.0,0.061,1.048,0.301,2
9.35,22.35,4.275,2.15,2.85,39.6,19.25,13.65,0.05,-2.375,-0.75,-0.075,0.15,-7.0,-0.575,0.55,24,22,23,17,15,20,17,18,25,27,29,25,25,31,26,26,616,1295,287,147,174,2386,1007,861,4.0,7.450581e-09,1.0,0.062,1.048,0.302,2
9.4,19.975,3.525,2.075,3.0,32.6,18.675,14.2,-1.2,-2.35,0.45,0.175,-0.675,-6.625,-0.1,-4.225,17,25,26,15,19,23,23,19,21,28,29,27,23,29,26,28,512,1249,228,135,177,2100,1212,924,4.0,7.450581e-09,1.0,0.063,1.047,0.302,2
8.2,17.625,3.975,2.25,2.325,25.975,18.575,9.975,0.325,0.225,0.55,-0.125,-0.4,1.875,-1.525,-2.075,17,20,23,17,22,25,23,17,24,25,24,23,25,27,27,24,444,1039,234,127,145,1669,1168,592,4.0,7.450581e-09,1.0,0.063,1.048,0.303,2
8.525,17.85,4.525,2.125,1.925,27.85,17.05,7.9,0.175,0.8,-0.425,0.025,0.775,5.425,7.0,4.325,23,17,16,19,18,25,19,14,30,22,21,27,29,28,27,24,590,1035,261,132,133,1813,990,385,4.0,7.450581e-09,1.0,0.062,1.047,0.303,2
8.7,18.65,4.1,2.15,2.7,33.275,24.05,12.225,-1.85,-2.8,-0.45,0.2,0.175,-1.25,1.175,0.975,23,21,16,14,14,26,16,19,26,20,23,26,26,29,26,29,616,1124,228,119,159,2226,1337,791,4.0,7.450581e-09,1.0,0.061,1.046,0.304,2
6.85,15.85,3.65,2.35,2.875,32.025,25.225,13.2,0.95,3.625,0.575,0.15,-0.275,0.4,-1.475,0.775,19,23,22,18,17,26,19,20,24,26,24,22,23,26,28,28,436,996,221,130,164,2244,1426,842,4.0,7.450581e-09,1.0,0.06,1.045,0.304,2
7.8,19.475,4.225,2.5,2.6,32.425,23.75,13.975,1.75,4.35,0.225,0.15,1.3,13.425,2.325,4.05,16,20,21,19,17,19,24,20,22,29,23,18,25,21,28,27,447,1214,258,144,151,1827,1579,891,4.0,7.450581e-09,1.0,0.061,1.046,0.304,2
9.55,23.825,4.45,2.65,3.9,45.85,26.075,18.025,2.3,-4.35,-0.725,-0.575,-0.05,0.1,0.225,0.175,16,22,19,17,20,22,22,18,21,28,21,18,26,23,24,24,565,1403,267,145,241,2767,1507,1115,4.0,7.450581e-09,1.0,0.061,1.046,0.305,2
11.85,19.475,3.725,2.075,3.85,45.95,26.3,18.2,2.4,-3.35,-0.4,-0.2,-1.2,-6.025,-2.55,-2.8,17,25,22,15,25,26,21,21,22,25,22,15,26,28,21,28,694,1118,221,104,245,2986,1487,1239,4.0,7.450581e-09,1.0,0.062,1.046,0.305,2
14.25,16.125,3.325,1.875,2.65,39.925,23.75,15.4,-0.525,0.45,0.95,0.8,1.525,11.775,5.225,0.525,16,20,22,18,19,26,18,20,22,24,26,19,24,28,20,27,826,837,221,104,157,2648,1252,1032,4.0,7.450581e-09,1.0,0.063,1.044,0.305,2
13.725,16.575,4.275,2.675,4.175,51.7,28.975,15.925,-1.65,-0.625,0.7,-0.1,0.8,-2.45,3.2,13.15,18,19,19,21,17,23,24,18,31,23,26,28,28,27,25,24,849,882,286,168,262,3050,1901,936,4.0,7.450581e-09,1.0,0.063,1.043,0.306,2
12.075,15.95,4.975,2.575,4.975,49.25,32.175,29.075,1.2,2.4,-0.9,-0.55,-0.525,-8.475,-4.825,3.55,23,20,20,15,16,21,24,23,32,22,24,27,26,24,27,27,746,1004,299,165,298,2759,2097,1885,4.0,7.450581e-09,1.0,0.063,1.043,0.306,2
13.275,18.35,4.075,2.025,4.45,40.775,27.35,32.625,-0.775,2.95,-0.625,0.15,-0.95,-3.2,-4.675,-6.35,22,21,18,14,20,23,21,27,23,23,20,24,30,24,28,32,816,1157,230,132,300,2574,1690,2261,4.0,7.450581e-09,1.0,0.062,1.043,0.306,2
12.5,21.3,3.45,2.175,3.5,37.575,22.675,26.275,0.95,0.525,0.325,-0.1,-0.1,6.125,0.075,-2.175,19,21,13,15,20,23,21,23,19,27,21,25,28,27,26,29,735,1329,188,124,241,2462,1373,1731,4.0,7.450581e-09,1.0,0.062,1.042,0.306,2
1.225,1.575,1.2,1.3,1.1,1.1,1.25,0.975,0.025,0.775,3.55,2.125,1.825,7.875,4.5,0.7,8,12,9,16,7,5,4,5,15,23,21,27,14,14,13,17,57,96,78,76,45,48,57,42,5.0,7.450581e-09,1.383333,0.237,0.691,0.054,2
1.25,2.35,4.75,3.425,2.925,8.975,5.75,1.675,0.2,1.475,4.675,0.525,0.65,1.85,1.025,0.025,6,12,11,11,10,17,13,9,10,23,16,21,18,23,21,20,59,136,284,173,138,620,343,93,5.0,7.450581e-09,1.383333,0.238,0.697,0.06,2
1.45,3.825,9.425,3.95,3.575,10.825,6.775,1.7,-0.025,0.375,2.375,-1.65,-1.725,-7.525,-4.475,-0.7,13,16,13,16,16,18,22,8,22,19,18,21,20,23,23,16,85,232,563,214,178,725,398,88,5.0,7.450581e-09,1.383333,0.24,0.719,0.079,2
1.425,4.2,11.8,2.3,1.85,3.3,2.3,1.0,-0.1,0.55,3.375,-0.175,-0.55,-1.95,-1.375,-0.25,15,19,16,16,12,11,13,1,26,23,23,21,19,19,20,9,86,252,696,130,92,167,128,33,5.0,7.450581e-09,1.383333,0.24,0.767,0.116,2
1.325,4.75,15.175,2.125,1.3,1.35,0.925,0.75,0.375,0.7,1.95,-0.125,0.0,-0.15,0.075,0.125,12,20,20,11,8,8,4,1,23,25,24,21,16,20,19,14,83,271,935,111,65,69,47,35,5.0,7.450581e-09,1.383333,0.235,0.843,0.167,2
1.7,5.45,17.125,2.0,1.3,1.2,1.0,0.875,0.825,0.8,-3.025,0.125,-0.1,0.025,0.1,0.35,11,24,23,13,9,7,6,4,24,27,28,24,22,21,23,13,100,360,1157,113,75,60,52,39,5.0,7.450581e-09,1.383333,0.217,0.934,0.219,2
2.525,6.25,14.1,2.125,1.2,1.225,1.1,1.225,1.15,2.25,-2.375,0.1,0.1,1.075,1.775,0.775,14,24,23,15,12,13,5,10,22,28,30,21,25,23,19,19,142,405,967,110,77,67,55,63,5.0,7.450581e-09,1.383333,0.169,1.061,0.262,2
3.675,8.5,11.725,2.225,1.3,2.3,2.875,2.0,13.775,5.925,-2.3,1.0,1.4,16.475,11.125,14.075,17,19,24,16,14,14,9,14,26,25,31,20,20,22,20,19,211,541,784,120,71,146,157,98,5.0,7.450581e-09,1.383333,0.115,1.173,0.279,2
17.45,14.425,9.425,3.225,2.7,18.775,14.0,16.075,9.3,4.325,-2.45,0.7,1.35,15.95,10.125,11.25,17,18,24,15,17,17,14,17,23,23,27,24,21,22,25,18,1023,859,608,198,169,1089,794,938,5.0,7.450581e-09,1.383333,0.092,1.215,0.275,2
26.75,18.75,6.975,3.925,4.05,34.725,24.125,27.325,-7.1,-1.2,1.975,0.35,-0.325,-2.775,0.45,-0.475,18,20,20,19,22,25,18,20,24,27,25,23,22,24,25,26,1655,1138,408,244,260,2143,1417,1737,5.0,7.450581e-09,1.383333,0.092,1.228,0.271,2
19.65,17.55,8.95,4.275,3.725,31.95,24.575,26.85,-1.7,-0.1,0.275,-0.35,0.1,-3.8,-4.575,-3.125,23,23,19,19,17,26,21,20,30,29,31,23,20,27,27,26,1206,1038,557,251,212,2173,1476,1660,5.0,7.450581e-09,1.383333,0.093,1.234,0.267,2
17.95,17.45,9.225,3.925,3.825,28.15,20.0,23.725,2.7,2.675,-1.225,-0.45,0.25,-0.8,-2.525,-7.925,25,22,19,19,13,24,22,26,28,28,28,26,18,29,28,29,1277,1110,605,248,182,1862,1067,1568,5.0,7.450581e-09,1.383333,0.089,1.236,0.266,2
20.65,20.125,8.0,3.475,4.075,27.35,17.475,15.8,0.9,-2.225,-0.275,0.25,-0.95,-6.65,-1.875,-4.775,21,17,18,21,18,20,22,22,25,27,25,23,23,27,25,26,1388,1146,476,201,203,1830,1027,1090,5.0,7.450581e-09,1.383333,0.086,1.239,0.267,2
21.55,17.9,7.725,3.725,3.125,20.7,15.6,11.025,-5.65,-2.4,0.425,-0.1,-0.375,-2.9,-1.775,-1.825,16,17,18,18,21,16,20,17,22,30,26,21,25,26,25,21,1214,990,426,189,179,1356,965,685,5.0,7.450581e-09,1.383333,0.083,1.24,0.268,2
15.9,15.5,8.15,3.625,2.75,17.8,13.825,9.2,-4.75,-2.025,-0.3,-0.275,-0.025,-0.025,-0.325,-0.7,19,20,24,19,12,19,19,22,22,28,26,26,23,26,27,25,898,983,513,212,149,1126,876,572,5.0,7.450581e-09,1.383333,0.079,1.24,0.271,2
11.15,13.475,7.85,3.35,2.725,17.775,13.5,8.5,-0.25,-1.425,-0.9,0.2,0.25,-4.075,-3.4,-2.2,19,22,28,21,14,20,20,22,24,25,30,26,26,25,24,23,692,920,535,216,152,1090,872,488,5.0,7.450581e-09,1.383333,0.076,1.24,0.275,2
10.9,12.05,6.95,3.55,2.975,13.7,10.1,6.3,-0.6,1.625,-0.275,0.075,0.125,-0.95,0.05,-1.375,17,22,22,16,16,23,17,17,23,25,25,22,23,25,22,23,704,795,426,215,167,899,578,358,5.0,7.450581e-09,1.383333,0.075,1.241,0.278,2
10.3,13.675,6.675,3.625,3.1,12.75,10.15,4.925,0.5,-1.25,-1.175,-1.0,-0.675,-0.9,0.925,0.6,20,19,15,13,12,21,17,20,23,25,21,18,16,24,26,25,676,806,346,199,145,876,555,293,5.0,7.450581e-09,1.383333,0.074,1.241,0.281,2
10.8,12.425,5.5,2.625,2.425,11.85,11.075,5.525,-0.875,0.025,0.125,0.05,-0.3,-0.225,0.125,0.225,21,15,16,14,13,20,19,21,27,26,25,21,18,24,27,24,729,692,304,143,112,782,657,341,5.0,7.450581e-09,1.383333,0.074,1.241,0.283,2
9.925,12.45,5.625,2.675,2.125,11.625,11.2,5.75,1.175,-0.75,-0.075,0.275,0.575,4.7,1.55,-0.45,23,16,18,14,13,23,17,20,24,28,26,24,23,25,25,25,667,730,373,164,132,727,676,325,5.0,7.450581e-09,1.383333,0.073,1.241,0.284,2
11.1,11.7,5.55,2.95,2.7,16.325,12.75,5.3,-0.6,-0.975,-1.325,-0.6,0.0,-0.35,1.375,-0.95,24,17,15,12,18,22,19,22,25,27,23,26,24,27,25,30,781,659,290,172,183,1094,796,353,5.0,7.450581e-09,1.383333,0.073,1.241,0.284,2
10.5,10.725,4.225,2.35,2.7,15.975,14.125,4.35,-1.375,-0.7,-0.125,-0.25,-0.5,-2.2,-3.4,-0.075,23,19,17,16,13,23,23,18,27,26,22,25,19,30,26,24,699,688,234,143,159,1092,837,269,5.0,7.450581e-09,1.383333,0.072,1.241,0.284,2
9.125,10.025,4.1,2.1,2.2,13.775,10.725,4.275,1.3,0.55,1.2,0.4,0.2,0.325,-4.2,-0.85,19,20,22,19,13,20,23,22,28,27,28,25,19,27,26,24,512,633,265,144,124,785,630,263,5.0,7.450581e-09,1.383333,0.072,1.24,0.284,2
10.425,10.575,5.3,2.5,2.4,14.1,6.525,3.425,-2.175,-0.025,0.525,-0.025,-0.2,-1.2,-0.05,-0.725,20,19,19,17,20,21,19,18,28,25,25,25,26,25,25,23,648,632,338,169,162,801,414,214,5.0,7.450581e-09,1.383333,0.072,1.24,0.282,2
8.25,10.55,5.825,2.475,2.2,12.9,6.475,2.7,-0.925,-1.15,-0.4,-0.175,-0.25,0.35,0.075,0.2,21,20,20,14,15,28,17,13,27,26,20,20,26,31,24,25,533,610,352,144,129,910,409,144,5.0,7.450581e-09,1.383333,0.071,1.239,0.281,2
7.325,9.4,5.425,2.3,1.95,13.25,6.55,2.9,3.85,2.075,-0.55,0.075,0.1,-1.25,-0.825,0.025,23,21,23,10,9,24,20,15,26,26,23,20,22,29,24,24,438,552,304,121,98,884,417,167,5.0,7.450581e-09,1.383333,0.071,1.238,0.282,2
11.175,11.475,4.875,2.375,2.05,12.0,5.725,2.925,0.925,-1.1,-0.6,-0.1,0.0,-0.95,0.4,0.075,23,19,18,16,13,20,20,19,26,24,24,25,23,26,22,22,672,600,271,128,114,709,303,189,5.0,7.450581e-09,1.383333,0.07,1.237,0.283,2
12.1,10.375,4.275,2.275,2.05,11.05,6.125,3.0,-2.325,-1.5,-0.65,-0.7,0.05,0.75,-0.525,-0.1,21,16,18,21,18,21,16,18,26,24,25,27,23,23,19,22,749,577,260,129,117,635,302,186,5.0,7.450581e-09,1.383333,0.071,1.236,0.284,2
9.775,8.875,3.625,1.575,2.1,11.8,5.6,2.9,-0.625,-0.225,-0.35,-0.15,-0.1,-0.275,0.325,0.775,20,18,18,12,15,23,17,13,29,23,23,26,26,24,23,21,601,540,209,98,117,760,309,192,5.0,7.450581e-09,1.383333,0.071,1.235,0.284,2
9.15,8.65,3.275,1.425,2.0,11.525,5.925,3.675,0.7,-0.55,0.75,0.65,0.25,-3.45,1.375,0.2,18,18,21,15,16,23,18,18,23,25,21,25,25,26,23,24,584,519,199,90,113,764,360,249,5.0,7.450581e-09,1.383333,0.071,1.235,0.285,2
9.85,8.1,4.025,2.075,2.25,8.075,7.3,3.875,-0.175,1.45,0.95,0.45,-0.05,2.3,-1.775,-0.25,16,18,20,19,17,22,19,21,22,25,23,23,20,24,25,22,566,475,215,116,125,537,425,235,5.0,7.450581e-09,1.383333,0.071,1.234,0.285,2
9.675,9.55,4.975,2.525,2.2,10.375,5.525,3.625,-2.575,-0.2,0.85,-0.05,-0.55,0.1,-0.95,-0.825,19,22,16,17,17,25,21,16,28,25,19,21,24,28,25,19,541,613,245,139,129,731,288,209,5.0,7.450581e-09,1.383333,0.072,1.234,0.285,2
7.1,9.35,5.825,2.475,1.65,10.475,4.575,2.8,0.25,0.325,0.15,0.1,0.6,-2.9,0.05,-1.125,23,16,21,18,18,21,20,13,27,23,24,21,28,25,22,22,451,549,350,150,111,694,250,168,5.0,7.450581e-09,1.383333,0.072,1.234,0.285,2
7.35,9.675,5.975,2.575,2.25,7.575,4.625,1.675,0.1,0.775,0.225,0.375,0.425,3.775,0.3,0.225,22,20,23,18,13,21,20,11,24,28,26,23,28,24,22,24,466,607,418,157,138,493,274,112,5.0,7.450581e-09,1.383333,0.072,1.235,0.284,2
7.45,10.45,6.2,2.95,2.675,11.35,4.925,1.9,-1.125,0.2,-0.075,-0.35,-0.3,2.3,-0.575,0.525,19,21,20,18,15,27,17,13,26,27,22,22,25,30,23,19,474,657,393,166,157,800,285,119,5.0,7.450581e-09,1.383333,0.072,1.235,0.284,2
6.325,10.65,6.125,2.6,2.375,13.65,4.35,2.425,-0.2,0.8,-1.025,-0.275,0.025,-0.175,0.4,0.25,17,21,18,14,17,24,12,17,31,28,24,20,26,28,23,19,429,659,361,148,134,872,251,146,5.0,7.450581e-09,1.383333,0.071,1.235,0.284,2
6.125,11.45,5.1,2.325,2.4,13.475,4.75,2.675,0.5,0.725,-0.325,0.3,0.125,-1.125,0.7,0.45,16,22,21,15,16,22,19,17,27,29,29,23,23,24,25,22,380,739,344,151,144,862,312,164,5.0,7.450581e-09,1.383333,0.07,1.235,0.284,2
6.625,12.175,4.775,2.625,2.525,12.35,5.45,3.125,-0.275,-0.25,0.25,-0.2,-0.3,1.275,-1.325,-0.375,16,22,21,21,17,26,22,20,20,26,27,24,22,26,24,26,397,756,303,160,160,852,362,211,5.0,7.450581e-09,1.383333,0.069,1.234,0.285,2
6.35,11.925,5.025,2.425,2.225,13.625,4.125,2.75,-1.55,-0.925,0.375,-0.2,-0.075,-1.525,-0.85,-0.775,17,23,23,20,15,24,16,20,24,27,28,24,23,25,20,25,401,800,326,150,132,918,262,183,5.0,7.450581e-09,1.383333,0.068,1.234,0.285,2
4.8,11.0,5.4,2.225,2.15,12.1,3.275,1.975,1.925,0.4,-0.1,0.175,0.15,-4.725,-0.7,0.1,15,20,19,13,12,23,16,18,26,26,25,27,23,26,20,21,293,683,334,134,120,778,192,120,5.0,7.450581e-09,1.383333,0.068,1.233,0.285,2
6.725,11.4,5.3,2.4,2.3,7.375,2.575,2.075,1.3,-0.225,0.05,0.35,0.125,0.4,0.925,0.175,15,20,19,14,18,22,15,19,25,23,25,27,24,25,25,26,436,643,325,146,144,508,157,135,5.0,7.450581e-09,1.383333,0.068,1.233,0.285,2
8.025,11.175,5.35,2.75,2.425,7.775,3.5,2.25,-0.825,-1.725,0.725,0.3,0.0,6.825,0.325,-0.275,19,19,22,18,17,23,14,17,21,25,27,25,22,24,26,26,518,673,347,177,151,489,172,140,5.0,7.450581e-09,1.383333,0.068,1.232,0.285,2
7.2,9.45,6.075,3.05,2.425,14.6,3.825,1.975,0.3,1.75,0.175,0.0,-0.15,1.875,0.75,0.125,16,19,21,15,9,29,17,13,19,26,27,21,18,30,22,25,433,561,358,165,130,1053,193,125,5.0,7.450581e-09,1.383333,0.068,1.232,0.285,2
7.5,11.2,6.25,3.05,2.275,16.475,4.575,2.1,-0.1,1.3,-0.525,-0.4,-0.1,-3.9,2.1,2.275,16,22,20,14,14,29,20,13,22,27,27,18,17,32,24,26,486,699,366,171,123,1235,290,124,5.0,7.450581e-09,1.383333,0.068,1.232,0.284,2
7.4,12.5,5.725,2.65,2.175,12.575,6.675,4.375,-0.875,-1.975,-0.65,-0.05,0.15,0.525,1.775,1.05,19,25,16,13,20,26,23,17,30,27,23,20,17,29,27,24,519,795,330,165,122,828,411,255,5.0,7.450581e-09,1.383333,0.068,1.232,0.284,2
6.525,10.525,5.075,2.6,2.325,13.1,8.45,5.425,5.425,-0.6,-0.125,-0.05,0.175,-2.4,0.7,0.275,18,20,15,12,21,27,27,20,27,25,19,23,20,29,27,22,414,630,279,153,142,860,519,327,5.0,7.450581e-09,1.383333,0.068,1.232,0.284,2
11.95,9.925,4.95,2.55,2.5,10.7,9.15,5.7,5.875,0.7,-0.175,-0.3,-0.125,-1.4,-1.325,-0.675,25,15,16,12,19,24,25,23,27,22,23,21,21,24,27,23,798,541,265,135,151,658,595,372,5.0,7.450581e-09,1.383333,0.068,1.231,0.284,2
17.825,10.625,4.775,2.25,2.375,9.3,7.825,5.025,1.475,2.225,-0.05,0.6,-0.175,3.65,-1.325,-0.5,24,20,21,15,17,21,23,24,31,23,25,21,23,23,25,25,1174,617,284,125,138,558,484,326,5.0,7.450581e-09,1.383333,0.068,1.231,0.284,2
19.3,12.85,4.725,2.85,2.2,12.95,6.5,4.525,-3.25,-0.575,0.5,0.025,-0.2,-0.1,-0.475,0.625,19,25,26,16,14,22,22,22,29,28,25,23,18,26,28,24,1195,867,316,154,124,827,403,286,5.0,7.450581e-09,1.383333,0.068,1.231,0.284,2
16.05,12.275,5.225,2.875,2.0,12.85,6.025,5.15,-3.625,-2.95,-0.1,-0.275,0.2,-1.925,-0.325,-1.1,18,21,24,17,12,26,22,19,25,27,27,25,18,27,25,24,905,835,336,162,111,849,345,311,5.0,7.450581e-09,1.383333,0.067,1.232,0.284,2
12.425,9.325,5.125,2.6,2.2,10.925,5.7,4.05,0.475,-0.5,0.4,0.375,0.05,-0.575,-1.125,-0.525,18,16,18,17,13,24,20,21,23,24,23,25,23,25,25,27,662,541,260,151,124,722,355,261,5.0,7.450581e-09,1.383333,0.067,1.232,0.284,2
12.9,8.825,5.525,2.975,2.25,10.35,4.575,3.525,-4.95,-2.65,-1.4,-0.725,-0.375,-4.175,-2.1,-1.075,19,16,19,19,12,17,19,22,22,25,25,20,21,24,29,28,771,484,303,172,116,635,291,241,5.0,7.450581e-09,1.383333,0.066,1.232,0.284,2
7.95,6.175,4.125,2.25,1.875,6.175,2.475,2.45,-5.775,-3.875,-2.525,-1.1,-0.575,-4.45,-1.475,-1.35,10,17,22,18,9,11,17,13,23,25,29,22,19,21,24,22,487,366,279,144,88,364,160,155,5.0,7.450581e-09,1.383333,0.134,1.011,0.19,2
2.175,2.3,1.6,1.15,1.3,1.725,1.0,1.1,-1.275,-0.825,-0.5,-0.2,-0.35,-0.9,-0.05,-0.225,4,20,12,9,5,6,6,5,19,25,21,21,19,14,20,15,128,141,85,72,56,89,54,55,5.0,7.450581e-09,1.383333,0.219,0.735,0.071,2
0.9,1.475,1.1,0.95,0.95,0.825,0.95,0.875,0.125,0.1,0.025,0.0,-0.025,0.2,0.05,0.0,8,17,10,3,5,3,2,6,21,29,17,15,14,16,17,13,46,94,54,49,36,42,45,35,5.0,7.450581e-09,1.383333,0.236,0.68,0.048,2
1.025,1.575,1.125,0.95,0.925,1.025,1.0,0.875,0.125,-0.15,0.075,0.05,-0.025,0.1,-0.075,-0.075,5,12,9,2,2,4,3,5,22,28,20,17,14,23,16,10,48,93,59,40,31,48,48,32,5.0,7.450581e-09,1.383333,0.236,0.68,0.047,2
1.15,1.425,1.2,1.0,0.9,1.125,0.925,0.8,-0.125,-0.125,-0.025,-0.075,0.025,-0.225,0.075,0.15,4,6,6,3,0,5,2,0,17,22,16,17,14,23,17,12,46,81,59,51,30,48,41,38,5.0,7.450581e-09,1.383333,0.236,0.679,0.047,2
1.025,1.3,1.175,0.925,0.925,0.9,1.0,0.95,-0.025,0.15,0.225,-0.125,0.125,0.1,0.025,0.1,5,7,3,4,1,4,3,0,18,20,14,14,15,16,19,13,47,67,47,45,32,44,50,39,5.0,7.450581e-09,1.383333,0.236,0.68,0.048,2
1.0,1.45,1.4,0.8,1.05,1.0,1.025,1.05,0.0,-0.25,-0.05,0.025,0.025,0.025,-0.1,0.025,8,10,8,3,1,4,7,6,15,21,21,23,15,12,18,16,50,77,62,44,37,41,49,40,5.0,7.450581e-09,1.383333,0.235,0.681,0.048,2
1.0,1.2,1.35,0.825,1.075,1.025,0.925,1.075,0.025,-0.075,-0.275,0.25,0.05,-0.025,0.075,-0.075,7,9,10,0,2,2,4,9,15,21,23,21,12,15,13,15,50,75,71,43,38,41,33,41,5.0,7.450581e-09,1.383333,0.235,0.682,0.048,2
1.025,1.125,1.075,1.075,1.125,1.0,1.0,1.0,0.15,0.15,-0.05,0.6,0.55,0.35,0.275,0.025,9,7,4,6,6,2,4,5,20,16,18,16,13,15,18,14,61,51,46,51,42,44,43,36,5.0,7.450581e-09,1.383333,0.234,0.683,0.049,2
1.175,1.275,1.025,1.675,1.675,1.35,1.275,1.025,-0.1,-0.125,0.25,1.925,2.425,3.775,0.875,0.2,9,3,3,13,8,7,8,6,18,12,11,24,16,18,26,13,58,47,38,79,82,70,68,36,5.0,7.450581e-09,1.383333,0.232,0.684,0.049,2
1.075,1.15,1.275,3.6,4.1,5.125,2.15,1.225,-0.05,0.525,3.575,1.325,1.575,2.65,1.5,-0.025,4,5,5,15,13,16,13,6,13,13,11,24,20,22,26,16,43,51,52,187,238,325,141,58,5.0,7.450581e-09,1.383333,0.232,0.688,0.052,2
1.025,1.675,4.85,4.925,5.675,7.775,3.65,1.2,0.625,1.875,9.0,-0.425,-1.7,-2.2,0.2,-0.075,7,9,11,15,15,21,18,4,20,17,18,21,21,26,20,22,59,95,207,259,287,483,220,73,5.0,7.450581e-09,1.383333,0.232,0.704,0.064,2
1.65,3.55,13.85,4.5,3.975,5.575,3.85,1.125,0.325,0.525,3.925,-1.325,-1.725,-2.7,-1.3,0.15,11,12,21,16,14,16,18,7,22,23,24,23,22,26,20,21,98,202,909,259,185,341,241,70,5.0,7.450581e-09,1.383333,0.232,0.744,0.092,2
1.975,4.075,17.775,3.175,2.25,2.875,2.55,1.275,-0.3,0.6,-2.375,-0.95,-0.65,-1.55,-1.1,-0.1,10,12,22,16,18,11,12,9,20,21,28,19,18,25,21,19,104,225,1146,188,118,173,169,63,5.0,7.450581e-09,1.383333,0.23,0.806,0.131,2
1.675,4.675,15.4,2.225,1.6,1.325,1.45,1.175,0.3,1.55,-0.175,0.125,-0.175,-0.125,-0.375,-0.2,10,18,18,15,14,9,8,6,18,23,25,20,21,28,16,16,85,277,942,130,91,76,80,42,5.0,7.450581e-09,1.383333,0.221,0.889,0.172,2
1.975,6.225,15.225,2.35,1.425,1.2,1.075,0.975,0.425,1.525,0.6,0.175,-0.225,-0.05,0.075,0.125,16,26,20,20,11,8,5,8,22,26,24,28,28,22,15,16,116,397,961,149,87,62,52,45,5.0,7.450581e-09,1.383333,0.201,0.985,0.207,2
2.4,7.75,15.825,2.525,1.2,1.15,1.15,1.1,1.125,1.85,-0.675,0.675,0.25,0.2,0.125,0.325,19,23,23,19,9,7,9,12,24,24,26,24,24,13,19,20,139,438,1040,151,69,48,57,60,5.0,7.450581e-09,1.383333,0.167,1.084,0.232,2
3.525,9.6,15.15,3.2,1.45,1.35,1.275,1.425,1.1,0.5,1.175,-0.2,0.725,6.625,4.0,0.6,20,23,23,16,12,11,14,12,23,27,24,21,20,16,22,21,198,599,974,178,78,69,70,80,5.0,7.450581e-09,1.383333,0.132,1.157,0.244,2
4.625,10.1,16.325,3.0,2.175,7.975,5.275,2.025,5.95,2.575,-1.05,-0.05,0.275,20.675,11.025,4.2,19,21,27,14,15,18,15,15,24,24,25,24,21,24,22,22,276,598,1082,179,119,474,354,132,5.0,7.450581e-09,1.383333,0.097,1.202,0.248,2
10.575,12.675,15.275,2.95,2.45,28.65,16.3,6.225,4.7,3.925,-5.125,0.325,0.825,15.875,11.675,9.85,17,21,27,14,13,28,22,18,24,23,25,23,26,30,26,20,625,738,1014,168,138,2053,1084,410,5.0,7.450581e-09,1.383333,0.067,1.235,0.252,2
15.275,16.6,10.15,3.275,3.275,44.525,27.975,16.075,0.7,0.675,-1.95,-0.125,2.425,9.1,2.775,7.975,19,18,18,20,15,22,21,20,29,25,18,24,25,27,27,24,1012,979,559,185,190,2674,1589,1033,5.0,7.450581e-09,1.383333,0.055,1.251,0.256,2
15.975,17.275,8.2,3.15,5.7,53.625,30.75,24.05,-1.1,-0.6,2.125,0.875,0.075,-1.375,-1.9,5.1,25,19,17,15,18,20,18,20,30,27,19,22,21,26,27,23,1118,1029,438,196,356,3142,1771,1395,5.0,7.450581e-09,1.383333,0.051,1.255,0.259,2
14.875,16.675,10.325,4.025,5.775,52.25,28.85,29.15,-1.575,1.5,0.4,-0.025,-1.7,2.8,-0.125,-1.575,23,22,17,13,17,28,18,23,24,28,22,20,24,28,28,27,944,990,599,234,368,3471,1768,1684,5.0,7.450581e-09,1.383333,0.049,1.255,0.264,2
13.3,18.175,10.725,4.0,4.075,55.05,28.725,27.575,-1.55,-0.575,-2.325,-0.9,0.5,11.275,1.025,-5.975,19,21,21,19,15,21,17,24,26,28,26,23,24,22,23,29,773,994,671,216,245,3084,1575,1678,5.0,7.450581e-09,1.383333,0.048,1.254,0.267,2
11.75,17.6,8.4,3.1,4.575,66.325,29.75,21.6,-0.15,-5.5,-0.275,-0.075,1.0,-3.55,1.0,-0.775,21,24,21,18,16,23,19,19,29,27,28,24,23,26,22,24,729,973,552,168,288,3920,1563,1277,5.0,7.450581e-09,1.383333,0.05,1.254,0.27,2
11.6,12.1,8.125,3.025,5.575,62.775,30.75,20.825,5.125,3.075,2.3,0.075,-0.2,0.25,0.75,2.025,15,19,19,16,17,26,24,19,24,23,25,25,26,24,26,24,705,705,489,168,351,3760,1822,1261,5.0,7.450581e-09,1.383333,0.052,1.255,0.27,2
16.725,15.175,10.425,3.1,5.375,63.025,31.5,22.85,1.925,3.9,0.1,0.425,-0.35,-2.95,0.5,5.925,15,15,23,16,20,25,26,23,23,21,26,21,29,26,29,26,1057,864,649,171,343,3954,2131,1421,5.0,7.450581e-09,1.383333,0.054,1.256,0.27,2
18.65,19.075,10.525,3.525,5.025,60.075,32.0,28.775,-2.125,-2.6,-2.275,-0.3,-0.125,-6.975,-0.125,-4.35,18,16,25,17,24,26,23,22,25,23,28,24,29,28,29,27,1185,1003,664,226,320,3778,2052,1602,5.0,7.450581e-09,1.383333,0.055,1.256,0.27,2
16.525,16.475,8.25,3.225,4.9,53.1,31.875,24.425,-2.225,2.1,-0.225,-0.075,-0.025,-1.675,-5.3,-5.475,19,19,28,20,22,22,21,15,24,27,28,26,25,23,25,23,1027,921,555,217,318,3124,1859,1159,5.0,7.450581e-09,1.383333,0.055,1.257,0.27,2
14.3,18.575,8.025,3.15,4.875,51.425,26.575,18.95,-0.85,-0.425,-1.275,0.25,0.0,-1.725,-1.4,8.075,19,26,22,17,20,19,17,14,26,30,26,25,22,22,19,22,895,1186,495,193,301,2744,1433,789,5.0,7.450581e-09,1.383333,0.055,1.258,0.27,2
13.45,18.15,6.75,3.4,4.875,49.7,25.175,27.025,-1.05,-1.125,-0.925,-0.35,-0.6,-6.95,1.175,-6.275,19,24,15,21,22,23,15,19,31,29,26,25,27,24,20,28,914,1133,411,215,326,2729,1350,1616,5.0,7.450581e-09,1.383333,0.055,1.259,0.269,2
12.4,17.025,5.825,3.05,4.275,42.75,26.35,20.75,1.175,0.175,0.05,-0.15,-0.625,-3.2,-1.25,-10.75,19,21,23,24,23,27,17,19,30,28,30,26,29,25,24,28,843,1066,415,205,305,2731,1412,1395,5.0,7.450581e-09,1.383333,0.054,1.258,0.269,2
13.575,17.2,5.875,2.9,3.65,39.55,25.1,10.0,-2.725,-3.775,0.475,0.15,0.35,2.55,1.0,-0.35,17,23,24,23,21,21,16,17,23,28,29,28,27,20,25,23,798,1102,395,194,250,2162,1326,620,5.0,7.450581e-09,1.383333,0.053,1.257,0.269,2
10.85,13.425,6.35,3.05,4.0,42.1,26.1,9.65,-1.825,-0.425,1.125,0.15,0.15,-2.875,-0.7,1.3,18,24,20,17,20,16,18,15,22,27,23,22,22,21,28,22,619,818,384,176,240,2189,1568,566,5.0,7.450581e-09,1.383333,0.051,1.257,0.269,2
9.025,13.0,7.475,3.2,4.15,39.225,25.4,10.95,1.0,1.45,-1.325,-0.5,-0.45,-0.375,-3.5,0.925,19,25,26,15,16,17,21,17,27,30,28,23,24,26,30,23,576,835,517,206,252,2317,1587,629,5.0,7.450581e-09,1.383333,0.05,1.257,0.269,2
10.025,14.45,6.15,2.7,3.7,38.85,21.9,11.875,-3.5,-1.05,-0.45,0.5,0.3,-2.85,-2.0,0.3,20,23,22,16,18,21,23,17,27,28,29,24,27,26,28,19,647,862,437,185,241,2273,1330,672,5.0,7.450581e-09,1.383333,0.048,1.256,0.269,2
6.525,13.4,5.7,3.2,4.0,36.0,19.9,12.175,-1.575,-0.65,0.175,0.35,-0.15,-7.325,1.925,-2.475,20,24,21,15,24,22,22,19,23,26,25,22,27,24,28,24,409,800,356,183,268,2162,1212,756,5.0,7.450581e-09,1.383333,0.047,1.256,0.269,2
4.95,12.75,5.875,3.55,3.85,28.675,21.825,9.7,1.675,-1.275,-0.425,-0.525,-0.225,10.075,0.2,-1.575,19,18,24,18,19,19,21,18,24,24,23,21,22,23,30,24,295,748,343,197,244,1812,1272,623,5.0,7.450581e-09,1.383333,0.046,1.255,0.268,2
6.625,11.475,5.45,3.025,3.625,38.75,22.025,8.125,1.55,-1.475,-0.4,-0.425,-0.125,6.0,1.1,1.775,21,17,20,17,14,18,20,20,24,26,23,23,20,25,28,24,405,703,327,181,210,2395,1322,483,5.0,7.450581e-09,1.383333,0.045,1.254,0.268,2
8.175,10.0,5.05,2.6,3.5,44.75,23.125,9.9,-1.5,-0.6,0.025,-0.175,-0.5,-8.85,-0.175,-1.275,20,21,20,16,17,23,19,22,22,27,27,24,26,29,27,27,486,613,306,154,223,2806,1427,576,5.0,7.450581e-09,1.383333,0.045,1.254,0.268,2
6.675,9.4,5.075,2.425,3.0,35.9,22.95,8.625,-0.475,3.075,0.675,0.325,0.2,-5.1,2.1,0.075,17,20,17,14,14,23,21,19,23,26,26,21,25,27,25,26,348,539,293,144,193,2303,1287,485,5.0,7.450581e-09,1.383333,0.044,1.253,0.268,2
6.2,12.475,5.75,2.75,3.2,30.8,25.05,8.7,1.4,1.125,-0.15,-0.25,0.2,-2.75,0.175,0.825,15,18,16,15,16,21,23,16,19,25,23,23,27,25,25,25,278,669,318,170,195,1975,1434,498,5.0,7.450581e-09,1.383333,0.044,1.252,0.269,2
7.6,13.6,5.6,2.5,3.4,28.05,25.225,9.525,0.025,-2.95,-0.375,-0.275,-0.25,5.075,-2.625,-0.1,14,21,15,13,20,22,21,19,22,26,20,21,25,24,26,25,413,790,272,130,193,1827,1341,608,5.0,7.450581e-09,1.383333,0.045,1.251,0.268,2
7.625,10.65,5.225,2.225,3.15,33.125,22.6,9.425,0.325,0.05,0.575,0.5,0.4,2.875,-3.175,0.35,17,28,15,12,19,20,20,21,26,28,25,20,22,23,25,23,472,699,294,122,178,1860,1177,535,5.0,7.450581e-09,1.383333,0.045,1.25,0.268,2
7.95,10.7,5.8,2.725,3.55,36.0,19.425,9.775,-0.7,1.2,0.575,0.15,-0.575,-10.6,-2.325,0.175,18,24,20,17,21,20,22,19,26,28,28,26,29,26,28,21,508,661,390,177,218,2026,1255,555,5.0,7.450581e-09,1.383333,0.046,1.248,0.268,2
7.25,11.9,6.375,2.875,2.975,25.4,17.1,9.95,-1.4,-0.15,-0.975,-0.275,-0.525,-0.8,-0.025,-0.45,24,19,21,16,19,20,17,20,31,24,22,24,31,24,24,25,491,680,357,176,189,1518,1014,622,5.0,7.450581e-09,1.383333,0.046,1.248,0.268,2
5.85,11.75,5.4,2.6,2.45,24.6,17.075,9.5,0.275,-0.725,-0.1,-0.15,0.425,7.525,3.85,-0.275,25,18,18,19,14,25,16,22,29,20,27,27,24,24,24,27,383,638,297,153,145,1620,954,590,5.0,7.450581e-09,1.383333,0.046,1.249,0.267,2
6.125,11.025,5.3,2.45,2.875,32.125,20.925,9.225,1.3,1.25,0.275,0.025,-0.025,-2.8,1.7,0.45,16,18,23,22,20,24,20,23,24,20,31,28,26,25,26,25,358,616,356,155,186,2086,1264,612,5.0,7.450581e-09,1.383333,0.046,1.249,0.267,2
7.425,12.275,5.575,2.475,2.85,29.325,22.625,9.675,-0.275,0.425,-0.375,-0.175,-0.075,-1.05,-4.875,-0.7,12,22,22,20,19,21,22,20,18,26,27,26,21,22,26,29,386,758,364,158,179,1789,1433,638,5.0,7.450581e-09,1.383333,0.046,1.248,0.268,2
7.15,12.7,5.2,2.3,2.775,28.275,17.75,8.975,0.425,-0.25,0.3,0.325,0.075,0.05,0.825,-1.4,15,22,18,14,12,19,21,20,19,29,21,23,17,20,27,29,370,738,311,125,151,1546,1053,573,5.0,7.450581e-09,1.383333,0.046,1.247,0.268,2
7.575,12.45,5.5,2.625,2.85,28.325,18.575,7.575,3.225,2.5,0.325,0.35,0.375,-1.5,2.15,-0.05,23,23,24,15,12,21,24,19,26,28,25,27,24,24,26,23,471,765,361,146,167,1664,1175,450,5.0,7.450581e-09,1.383333,0.045,1.247,0.269,2
10.8,14.95,5.825,2.975,3.225,26.825,20.725,7.525,1.625,-1.7,-0.15,-0.4,-0.125,1.45,-2.675,1.325,25,24,25,18,13,26,24,20,29,28,28,30,21,29,24,21,723,915,399,184,200,1749,1321,434,5.0,7.450581e-09,1.383333,0.044,1.246,0.268,2
12.425,13.25,5.675,2.575,3.1,28.275,18.05,8.85,-2.175,-3.275,-0.5,-0.2,0.175,6.575,-2.775,0.6,17,25,23,19,14,24,23,21,29,28,27,28,23,27,27,26,865,864,384,162,188,1803,1252,561,5.0,7.450581e-09,1.383333,0.044,1.246,0.269,2
10.25,9.975,5.175,2.375,3.275,34.85,15.275,9.45,-1.2,2.775,0.55,0.1,0.125,-3.1,2.75,-2.175,18,24,23,19,14,22,19,14,28,27,26,28,24,22,26,29,686,645,344,145,175,2209,909,539,5.0,7.450581e-09,1.383333,0.044,1.246,0.269,2
9.05,12.75,5.725,2.475,3.4,31.75,18.025,7.275,2.025,1.625,0.075,-0.15,0.025,-2.4,4.125,-1.725,25,22,19,13,20,23,21,11,24,24,21,22,23,24,24,24,563,773,344,143,191,2032,1121,375,5.0,7.450581e-09,1.383333,0.043,1.246,0.269,2
11.075,14.375,5.8,2.325,3.425,29.35,22.15,5.55,0.725,-1.6,-0.825,0.175,-0.225,2.95,-2.05,-0.4,22,20,21,14,26,25,19,15,27,24,21,21,25,26,21,22,689,881,363,146,210,1793,1333,322,5.0,7.450581e-09,1.383333,0.043,1.246,0.268,2
11.8,12.775,4.975,2.5,3.2,32.3,20.1,5.15,-1.875,1.95,-0.075,-0.25,-0.925,-3.15,-1.95,1.45,23,21,24,24,23,29,18,17,29,26,26,28,22,28,20,20,774,808,344,171,186,2172,1106,293,5.0,7.450581e-09,1.383333,0.043,1.245,0.268,2
9.925,14.725,4.9,2.25,2.275,29.15,18.15,6.6,-2.125,0.675,-0.45,-0.3,0.25,2.525,1.7,2.5,28,27,28,17,15,26,22,21,29,30,32,25,20,28,23,27,685,1039,358,153,129,1967,1073,445,5.0,7.450581e-09,1.383333,0.043,1.245,0.269,2
7.8,15.4,4.45,1.95,2.525,31.675,19.85,9.1,2.0,-2.875,-0.25,0.125,0.025,1.1,-1.25,-1.575,22,26,24,13,11,24,25,21,26,29,30,21,24,26,24,28,493,1027,306,126,153,1962,1220,589,5.0,7.450581e-09,1.383333,0.043,1.244,0.27,2
9.8,12.525,4.2,2.075,2.55,32.775,18.6,7.525,2.05,-1.375,0.325,-0.225,-0.2,-0.8,-1.925,-1.25,17,21,15,14,13,26,22,22,24,26,26,19,28,27,22,25,618,742,260,118,155,2058,987,464,5.0,7.450581e-09,1.383333,0.044,1.243,0.27,2
11.85,11.15,4.525,1.85,2.35,31.975,16.675,6.275,-1.325,1.05,0.325,0.375,0.45,-0.3,-0.55,1.975,18,17,14,12,18,21,18,21,25,24,26,18,28,23,25,25,776,599,263,103,146,2061,852,399,5.0,7.450581e-09,1.383333,0.044,1.243,0.269,2
1.075,1.575,1.375,1.1,1.025,1.175,0.9,0.9,-0.075,0.1,-0.05,0.0,-0.1,-0.2,0.05,0.025,5,7,10,6,2,6,4,7,18,21,22,15,16,19,16,22,52,83,89,43,30,45,37,54,6.0,0.3833334,0.6166667,0.232,0.684,0.057,2
1.0,1.675,1.325,1.1,0.925,0.975,0.95,0.925,0.05,-0.075,0.15,0.1,-0.075,-0.075,-0.075,-0.05,8,7,8,4,2,5,4,5,18,18,20,20,13,13,21,17,59,82,67,51,32,35,42,45,6.0,0.3833334,0.6166667,0.232,0.685,0.059,2
1.05,1.6,1.475,1.2,0.85,0.9,0.875,0.875,0.125,0.0,0.075,-0.025,0.175,0.0,-0.125,-0.025,8,9,11,6,6,0,5,1,16,20,17,17,14,10,14,16,58,89,71,48,44,30,35,35,6.0,0.3833334,0.6166667,0.232,0.685,0.059,2
1.175,1.6,1.55,1.175,1.025,0.9,0.75,0.85,-0.175,-0.025,-0.25,-0.1,-0.075,0.075,0.025,0.0,10,13,10,8,6,1,4,0,15,22,16,15,18,18,13,16,62,95,76,47,50,34,36,37,6.0,0.3833334,0.6166667,0.232,0.686,0.06,2
1.0,1.575,1.3,1.075,0.95,0.975,0.775,0.85,-0.225,-0.075,0.05,-0.075,-0.125,0.125,0.125,-0.05,7,10,7,5,5,4,0,0,17,19,18,16,17,21,16,13,53,69,61,53,42,42,34,34,6.0,0.3833334,0.6166667,0.232,0.687,0.061,2
0.775,1.5,1.35,1.0,0.825,1.1,0.9,0.8,0.025,-0.125,0.075,-0.05,0.15,-0.05,0.05,0.1,1,10,8,3,6,8,3,0,18,21,22,11,16,18,18,10,40,65,71,42,41,54,45,32,6.0,0.3833334,0.6166667,0.23,0.689,0.062,2
0.8,1.375,1.425,0.95,0.975,1.05,0.95,0.9,0.175,0.1,0.0,0.1,0.225,-0.075,0.05,0.075,3,11,10,7,4,5,5,5,19,23,23,18,14,15,22,13,42,72,80,50,40,39,51,39,6.0,0.3833334,0.6166667,0.228,0.691,0.063,2
0.975,1.475,1.425,1.05,1.2,0.975,1.0,0.975,0.075,-0.075,-0.025,0.05,-0.275,-0.05,0.05,0.075,6,14,9,8,4,0,3,9,23,24,23,18,15,13,17,17,52,86,70,56,49,26,43,45,6.0,0.3833334,0.6166667,0.226,0.692,0.062,2
1.05,1.4,1.4,1.1,0.925,0.925,1.05,1.05,0.05,-0.2,-0.1,0.675,0.775,0.975,0.3,0.2,2,11,8,3,4,1,5,4,20,19,22,12,16,14,9,17,44,70,64,47,46,35,41,41,6.0,0.3833334,0.6166667,0.225,0.692,0.063,2
1.1,1.2,1.3,1.775,1.7,1.9,1.35,1.25,0.025,0.525,1.375,0.45,0.8,0.35,0.375,-0.175,7,5,7,6,7,9,9,6,15,16,20,17,16,18,12,18,46,50,63,92,90,113,64,46,6.0,0.3833334,0.6166667,0.226,0.693,0.064,2
1.125,1.725,2.675,2.225,2.5,2.25,1.725,1.075,-0.075,1.025,5.125,-0.375,-0.7,-0.825,-0.375,-0.225,12,11,11,10,12,11,11,6,16,24,22,20,19,20,19,17,55,100,168,117,130,139,88,44,6.0,0.3833334,0.6166667,0.229,0.696,0.067,2
1.05,2.75,7.8,1.85,1.8,1.425,1.35,0.85,0.1,1.75,6.825,0.175,-0.45,0.3,-0.275,0.35,8,15,21,8,6,9,8,1,21,27,26,23,18,19,17,13,61,157,534,93,82,83,71,36,6.0,0.3833334,0.6166667,0.24,0.709,0.081,2
1.15,4.5,14.625,2.025,1.35,1.725,1.075,1.2,0.275,1.35,5.375,0.3,0.225,1.8,0.95,0.225,7,14,23,10,4,12,8,6,21,26,26,25,19,18,14,12,69,269,971,116,78,88,56,55,6.0,0.3833334,0.6166667,0.257,0.727,0.105,2
1.425,5.85,20.0,2.325,1.575,3.525,2.025,1.425,0.35,0.425,4.275,0.075,0.075,1.55,0.825,-0.2,10,16,20,14,12,19,12,9,18,27,28,21,23,22,19,16,83,385,1240,145,98,222,110,65,6.0,0.3833334,0.6166667,0.278,0.749,0.143,2
1.775,6.275,24.275,2.4,1.65,5.075,2.85,1.225,2.625,2.325,-2.85,1.225,0.625,10.6,8.925,9.75,12,14,22,16,12,26,13,10,16,21,28,24,20,31,24,16,100,370,1495,157,94,360,175,59,6.0,0.3833334,0.6166667,0.297,0.771,0.191,2
4.4,8.6,21.425,3.625,2.275,15.675,11.775,10.975,3.55,2.25,-9.675,0.5,1.975,25.5,18.975,16.3,17,15,22,16,10,24,20,17,21,20,26,23,20,25,28,19,264,446,1347,184,119,992,668,626,6.0,0.3833334,0.6166667,0.316,0.792,0.251,2
7.95,10.85,11.75,4.125,4.25,41.175,30.75,27.275,0.1,0.625,-4.45,-1.025,0.5,10.55,12.4,6.75,20,16,16,13,16,22,18,21,24,21,21,18,21,20,21,24,486,553,690,192,229,2666,1571,1688,6.0,0.3833334,0.6166667,0.33,0.804,0.296,2
8.05,11.475,7.3,3.1,4.75,51.725,43.15,34.025,-0.05,-0.725,1.2,-0.325,-0.325,4.15,0.325,7.95,18,18,18,13,21,21,19,23,21,23,19,18,24,21,22,25,432,669,428,175,287,3211,2394,2408,6.0,0.3833334,0.6166667,0.332,0.803,0.309,2
8.0,10.75,8.5,2.775,4.425,55.875,43.475,41.975,-0.325,0.125,0.425,0.05,0.725,2.7,-4.5,2.05,18,20,20,16,17,22,22,20,21,25,23,20,26,24,24,26,443,639,517,155,281,3320,2540,2575,6.0,0.3833334,0.6166667,0.332,0.801,0.314,2
7.675,10.875,8.925,2.825,5.15,58.575,38.975,44.025,-0.375,0.775,-1.95,-0.15,-0.075,-5.75,3.3,-8.475,24,17,21,17,18,24,21,16,28,24,22,22,25,28,26,25,490,642,540,152,320,3702,2161,2322,6.0,0.3833334,0.6166667,0.333,0.8,0.318,2
7.3,11.65,6.975,2.675,5.075,52.825,42.275,35.55,-0.05,0.125,-0.95,-0.4,-0.725,-1.9,3.275,-4.225,26,15,20,15,22,25,24,16,29,23,22,25,25,27,29,26,461,693,392,135,334,3325,2504,2118,6.0,0.3833334,0.6166667,0.333,0.8,0.32,2
7.25,11.775,6.025,2.275,4.35,50.925,45.55,31.325,-1.5,-0.85,1.1,0.15,-0.825,-0.8,-11.125,-6.025,21,16,16,18,24,24,22,13,25,24,27,28,25,24,29,27,431,645,319,133,298,2973,2600,1795,6.0,0.3833334,0.6166667,0.333,0.801,0.321,2
5.75,10.925,7.125,2.425,3.525,50.125,34.425,25.3,-0.475,0.175,1.075,-0.025,0.05,-5.3,-8.9,-3.9,19,23,19,21,23,22,15,18,21,26,28,26,23,22,28,29,345,687,409,159,230,2686,1887,1454,6.0,0.3833334,0.6166667,0.332,0.802,0.321,2
5.275,11.1,8.2,2.4,3.575,44.825,25.525,21.4,0.6,3.0,-0.575,-0.675,0.35,-5.425,-0.35,2.075,18,24,22,15,18,23,15,22,25,28,28,20,21,24,28,29,319,681,495,141,225,2587,1323,1435,6.0,0.3833334,0.6166667,0.332,0.804,0.32,2
5.875,14.1,7.625,1.725,3.925,39.4,25.175,23.475,-0.15,-1.125,-1.175,-0.15,-0.35,-0.2,1.475,8.425,16,16,18,7,14,22,17,18,25,28,23,21,20,27,25,26,327,737,417,95,226,2321,1346,1509,6.0,0.3833334,0.6166667,0.332,0.805,0.318,2
5.725,12.975,6.45,1.575,3.575,39.2,26.65,31.9,-0.575,-3.175,-0.85,0.3,-0.3,4.8,2.625,1.75,17,19,21,13,17,21,18,20,23,28,21,23,24,27,25,29,326,766,337,90,199,2397,1439,2081,6.0,0.3833334,0.6166667,0.332,0.805,0.317,2
5.15,9.8,5.6,1.875,3.275,44.0,29.275,33.65,0.35,0.75,0.175,0.2,-0.05,1.075,0.85,-6.4,15,21,22,15,20,21,16,24,22,25,25,18,27,25,23,29,297,658,355,92,201,2716,1449,2075,6.0,0.3833334,0.6166667,0.332,0.805,0.317,2
5.5,10.55,5.775,2.075,3.225,45.075,30.125,27.25,-0.05,4.425,2.125,0.3,-0.1,-8.025,-4.95,-3.75,16,17,23,17,18,25,20,19,20,23,25,22,25,25,24,25,336,610,374,119,203,2881,1558,1459,6.0,0.3833334,0.6166667,0.331,0.805,0.318,2
5.45,14.975,7.9,2.375,3.125,37.05,25.175,23.5,-0.675,-1.375,-0.6,-0.05,-0.3,-4.35,-1.15,0.075,16,17,23,15,15,23,23,18,22,24,25,26,19,22,25,29,326,839,518,135,182,2130,1430,1305,6.0,0.3833334,0.6166667,0.331,0.805,0.319,2
4.775,13.6,7.3,2.325,2.825,32.7,24.025,23.575,0.75,-2.625,-1.825,-0.125,1.1,3.2,4.625,2.8,13,18,21,12,14,21,25,22,22,26,26,24,21,23,26,30,269,774,434,123,152,1959,1619,1374,6.0,0.3833334,0.6166667,0.33,0.805,0.32,2
5.525,10.975,5.475,2.2,3.925,35.9,28.65,26.375,0.225,-0.1,0.4,0.1,0.05,5.0,1.225,0.325,19,18,22,15,19,19,20,22,26,25,25,23,29,25,24,26,337,689,339,134,235,2148,1722,1625,6.0,0.3833334,0.6166667,0.33,0.805,0.32,2
5.75,10.875,5.875,2.3,3.975,40.9,29.875,26.7,-0.225,-0.725,0.925,-0.225,-0.9,-6.175,-2.525,-3.95,18,18,22,14,18,14,15,17,25,26,23,23,26,24,23,26,354,635,331,130,239,2141,1477,1583,6.0,0.3833334,0.6166667,0.33,0.804,0.32,2
5.525,10.15,6.8,2.075,3.075,34.725,27.35,22.75,0.25,2.4,0.95,0.425,0.5,-0.425,-1.65,-1.7,19,19,22,13,16,17,19,15,21,26,26,23,26,22,26,25,319,572,394,118,181,1888,1462,1236,6.0,0.3833334,0.6166667,0.329,0.804,0.319,2
5.775,12.55,7.75,2.5,3.575,34.3,25.7,21.05,0.875,2.65,-0.6,0.475,-0.2,4.35,1.125,-1.225,20,24,21,13,23,23,18,19,32,25,27,23,29,23,27,24,378,731,468,143,223,1963,1394,1200,6.0,0.3833334,0.6166667,0.329,0.805,0.319,2
6.65,15.2,7.15,2.975,3.375,38.65,26.825,19.825,1.475,3.375,1.95,0.775,0.9,6.175,3.475,-3.45,17,26,22,17,21,25,15,21,27,25,27,22,29,24,29,22,390,925,453,177,214,2443,1471,1176,6.0,0.3833334,0.6166667,0.329,0.806,0.32,2
8.125,18.575,9.1,3.75,4.275,44.825,30.3,16.375,-1.5,-2.275,-0.85,-0.4,0.125,-4.075,-2.85,0.075,19,23,19,14,20,25,21,23,23,27,23,20,28,27,31,26,470,1233,551,236,253,3101,1895,958,6.0,0.3833334,0.6166667,0.329,0.806,0.32,2
6.625,16.3,8.25,3.35,4.4,40.75,27.45,16.45,-1.025,-4.1,-2.325,-0.8,-1.15,-7.875,-5.75,1.025,20,17,19,12,22,22,23,22,26,26,22,22,23,24,28,28,422,1083,475,210,230,2705,1663,1037,6.0,0.3833334,0.6166667,0.329,0.807,0.32,2
5.6,12.2,5.925,2.55,3.25,32.875,21.7,17.475,1.85,1.3,2.425,0.525,-0.225,5.575,0.75,1.625,22,20,24,16,19,22,20,17,27,25,29,28,21,24,26,25,361,795,389,165,176,2136,1255,1116,6.0,0.3833334,0.6166667,0.329,0.807,0.32,2
7.45,13.5,8.35,3.075,3.025,38.45,22.45,19.1,-0.325,3.2,0.375,0.025,0.05,-0.15,3.125,-2.15,18,25,22,17,20,22,15,20,28,26,26,27,24,23,21,26,460,909,551,209,188,2449,1177,1206,6.0,0.3833334,0.6166667,0.329,0.808,0.32,2
7.125,16.7,8.725,3.1,3.075,38.3,25.575,16.95,-1.175,-2.375,-2.6,-0.4,-0.075,-6.425,-1.15,-1.05,14,27,22,14,22,25,19,22,23,27,23,24,26,27,24,30,393,1123,573,195,187,2514,1518,1175,6.0,0.3833334,0.6166667,0.33,0.808,0.319,2
5.95,14.325,6.125,2.7,3.0,31.875,24.425,15.9,0.9,-4.55,-1.425,-0.45,-0.425,7.7,-3.875,5.325,20,24,20,19,16,24,22,17,22,25,26,21,22,28,27,27,339,922,407,157,179,2152,1505,1052,6.0,0.3833334,0.6166667,0.33,0.808,0.318,2
6.85,9.775,4.7,2.25,2.575,39.575,20.55,21.225,-0.15,1.875,0.175,-0.325,-0.25,1.375,1.0,0.775,21,19,17,18,14,23,22,20,22,26,26,19,25,26,25,24,406,596,294,113,148,2621,1222,1380,6.0,0.3833334,0.6166667,0.33,0.808,0.318,2
6.7,11.65,4.875,1.925,2.325,40.95,21.55,22.0,-0.725,0.6,1.0,0.15,0.375,-5.175,3.825,-5.8,20,18,20,16,12,26,22,25,23,26,26,22,23,29,24,25,437,724,300,102,132,2893,1222,1474,6.0,0.3833334,0.6166667,0.33,0.808,0.317,2
5.975,12.25,5.875,2.075,2.7,35.775,25.375,16.2,0.025,0.3,1.05,0.75,0.475,9.925,-0.9,-0.25,20,21,22,13,11,27,24,23,24,24,26,21,19,30,25,30,381,801,353,118,144,2506,1482,1087,6.0,0.3833334,0.6166667,0.33,0.808,0.316,2
6.0,12.55,6.925,2.825,3.175,45.7,24.475,15.95,0.025,-0.225,-0.65,0.025,-0.475,-6.25,-2.15,-0.125,19,20,21,16,19,27,20,19,27,24,25,18,27,32,23,32,397,781,442,163,191,3267,1444,1044,6.0,0.3833334,0.6166667,0.33,0.807,0.316,2
6.025,12.325,6.275,2.85,2.7,39.45,22.325,15.825,0.0,-0.7,-1.15,-0.425,0.125,-3.6,-0.025,-1.025,16,22,24,20,21,26,18,19,22,28,27,19,32,30,25,28,350,788,443,166,186,2784,1259,1010,6.0,0.3833334,0.6166667,0.33,0.807,0.316,2
6.025,11.625,5.125,2.425,2.825,35.85,22.3,14.8,0.0,1.875,-1.025,-0.2,0.325,4.2,0.775,2.25,17,23,20,14,21,25,17,23,21,31,21,25,26,25,23,26,324,689,325,145,185,2238,1215,985,6.0,0.3833334,0.6166667,0.33,0.806,0.316,2
6.025,13.5,4.1,2.225,3.15,40.05,23.075,17.05,0.3,-1.825,0.05,-0.3,0.075,-1.425,3.725,-1.025,20,20,16,13,19,25,19,22,25,28,19,30,21,25,21,22,390,820,243,152,203,2585,1449,1101,6.0,0.3833334,0.6166667,0.33,0.806,0.316,2
6.325,11.675,4.15,1.925,3.225,38.625,26.8,16.025,-1.275,-2.3,-0.175,-0.15,-0.025,2.3,1.725,-0.9,21,22,21,12,19,27,19,24,23,28,22,22,22,27,23,26,427,736,234,123,211,2669,1592,1072,6.0,0.3833334,0.6166667,0.329,0.806,0.317,2
5.05,9.375,3.975,1.775,3.2,40.925,28.525,15.125,-1.2,-0.375,-0.4,-0.15,-0.225,-5.35,-4.8,0.725,15,20,22,7,17,25,20,19,19,23,24,15,23,26,25,25,286,510,219,85,171,2530,1604,924,6.0,0.3833334,0.6166667,0.328,0.806,0.318,2
3.85,9.0,3.575,1.625,2.975,35.575,23.725,15.85,0.575,1.8,0.575,0.45,0.25,-0.475,-3.05,-1.825,17,15,20,8,17,20,22,18,21,21,24,16,22,25,31,24,241,497,211,80,165,2169,1421,883,6.0,0.3833334,0.6166667,0.327,0.807,0.319,2
4.425,10.8,4.15,2.075,3.225,35.1,20.675,14.025,0.25,1.9,1.65,0.725,0.075,6.275,-0.025,-0.75,18,21,23,13,19,23,21,18,26,24,26,17,20,27,27,23,274,665,252,113,189,2234,1382,770,6.0,0.3833334,0.6166667,0.327,0.808,0.32,2
4.675,12.7,5.8,2.8,3.3,41.375,20.65,13.275,0.3,-1.325,-0.1,0.15,-0.825,-7.725,-3.6,3.75,14,27,24,20,19,23,17,18,21,28,29,27,24,26,25,23,262,834,379,168,203,2494,1250,664,6.0,0.3833334,0.6166667,0.326,0.808,0.32,2
4.975,11.375,5.7,2.95,2.475,33.65,17.05,17.025,-0.1,-0.125,-1.1,-0.2,0.15,-6.275,1.425,-1.05,16,24,22,21,18,19,17,20,25,29,27,26,25,24,24,26,315,754,380,171,157,2112,926,1046,6.0,0.3833334,0.6166667,0.326,0.807,0.319,2
4.875,11.25,4.6,2.75,2.625,27.375,18.475,15.975,-0.75,-1.625,-0.625,-0.675,0.325,3.375,0.775,-3.175,17,19,16,16,19,23,21,27,28,28,21,19,24,25,21,28,308,718,265,144,169,1777,1061,1111,6.0,0.3833334,0.6166667,0.326,0.807,0.319,2
4.125,9.625,3.975,2.075,2.95,30.75,19.25,12.8,-0.1,-1.55,-0.55,-0.2,-0.3,7.3,1.6,2.85,16,21,16,10,19,24,22,26,26,28,23,23,22,25,26,29,255,626,225,109,174,1755,1109,885,6.0,0.3833334,0.6166667,0.327,0.806,0.319,2
4.025,8.075,3.425,1.875,2.65,38.05,20.85,15.65,1.05,0.675,0.05,0.125,0.55,8.0,0.875,4.175,16,20,18,14,19,23,25,23,27,26,28,25,23,26,29,27,229,528,221,117,151,2188,1317,1057,6.0,0.3833334,0.6166667,0.327,0.807,0.318,2
5.075,8.75,3.475,2.0,3.2,46.05,21.725,19.825,0.375,0.65,0.15,0.025,-0.2,-1.825,-1.15,-3.275,17,17,15,19,20,20,22,24,25,27,26,23,28,26,27,30,282,531,217,134,204,2567,1295,1388,6.0,0.3833334,0.6166667,0.327,0.807,0.318,2
5.45,9.4,3.625,2.025,3.0,44.225,20.575,16.55,-2.425,-3.3,-1.175,-0.5,-1.325,-23.675,-8.925,-10.325,18,16,9,13,14,22,17,18,23,25,17,18,25,25,20,27,291,472,192,117,168,2557,1113,1086,6.0,0.3833334,0.6166667,0.319,0.795,0.29,2
3.025,6.1,2.45,1.525,1.675,20.55,11.65,6.225,-2.125,-4.575,-1.3,-0.425,-0.65,-19.375,-10.55,-5.175,9,15,7,5,5,15,11,10,19,19,15,18,17,22,18,15,140,240,118,79,79,1240,591,348,6.0,0.3833334,0.6166667,0.279,0.735,0.148,2
0.9,1.525,1.15,1.1,1.025,1.175,1.1,1.05,0.3,0.05,0.125,0.175,0.025,0.025,-0.125,-0.1,6,11,4,3,3,4,7,6,18,21,18,15,15,14,21,15,50,83,53,42,42,44,57,41,6.0,0.3833334,0.6166667,0.247,0.687,0.034,2
1.2,1.575,1.275,1.275,1.05,1.2,0.975,0.95,0.575,2.375,7.875,1.65,1.15,0.4,0.2,-0.025,8,12,5,6,3,7,5,7,20,25,14,11,13,18,17,21,67,92,52,46,39,55,47,50,6.0,0.3833334,0.6166667,0.247,0.687,0.033,2
1.775,3.95,9.15,2.925,2.2,1.6,1.175,0.925,-0.025,1.25,7.775,0.925,0.65,0.075,0.125,0.025,11,15,14,12,12,12,6,7,18,22,17,19,17,22,18,19,97,213,501,135,133,93,56,55,6.0,0.3833334,0.6166667,0.251,0.695,0.041,2
1.75,5.2,16.925,3.85,2.85,1.675,1.3,0.95,-0.35,-0.35,7.575,-1.225,-1.075,-0.6,-0.325,0.025,12,15,18,19,19,12,8,5,17,18,22,24,24,15,21,16,92,295,976,206,181,87,71,53,6.0,0.3833334,0.6166667,0.263,0.72,0.066,2
1.4,4.85,24.5,2.625,1.775,1.075,0.975,0.975,0.7,1.1,1.7,0.075,-0.5,0.725,0.25,0.325,10,19,16,18,9,4,3,6,19,20,20,22,19,14,15,14,77,289,1338,148,93,49,44,47,6.0,0.3833334,0.6166667,0.278,0.752,0.109,2
2.1,5.95,26.2,2.7,1.275,1.8,1.225,1.3,1.525,2.475,-5.3,0.45,0.25,17.55,8.65,4.65,18,20,19,14,3,4,4,7,22,26,22,22,18,17,11,18,133,364,1480,144,73,98,42,61,6.0,0.3833334,0.6166667,0.291,0.785,0.161,2
3.625,8.425,20.9,3.15,1.525,19.35,9.875,5.95,7.225,9.45,2.425,0.225,1.85,30.95,13.65,17.65,17,19,20,15,7,15,17,16,17,26,23,21,16,23,19,23,221,503,1241,177,83,1349,590,362,6.0,0.3833334,0.6166667,0.298,0.815,0.212,2
10.85,17.875,23.325,3.375,3.375,50.3,23.525,23.6,8.35,9.35,-3.5,0.025,1.675,17.825,8.975,13.725,14,21,22,13,14,19,24,21,19,29,25,19,15,29,26,25,661,1207,1447,182,149,3312,1302,1341,6.0,0.3833334,0.6166667,0.298,0.834,0.257,2
19.2,27.225,19.825,3.4,5.05,68.125,32.5,37.325,-0.175,-1.85,-8.6,-0.1,0.75,-3.275,4.675,1.325,16,24,23,17,17,19,21,19,26,27,28,23,15,25,29,24,1139,1830,1284,191,251,4087,1880,2060,6.0,0.3833334,0.6166667,0.297,0.843,0.291,2
19.025,25.375,11.225,3.3,5.8,64.85,37.175,38.65,3.35,-4.1,-3.85,-0.05,-0.15,-3.85,-1.175,-4.9,19,21,20,18,18,22,18,19,29,25,23,23,20,24,29,24,1175,1576,644,175,326,3778,2278,2101,6.0,0.3833334,0.6166667,0.3,0.841,0.31,2
22.375,21.275,7.375,3.25,5.65,61.0,36.0,33.75,0.1,0.725,0.75,-0.5,-1.575,-1.375,-3.725,-7.675,24,18,21,17,17,24,18,19,27,25,20,25,21,29,28,23,1462,1222,398,173,305,3872,2118,1792,6.0,0.3833334,0.6166667,0.303,0.834,0.325,2
22.475,22.0,8.125,2.75,4.075,59.625,32.275,26.075,-4.275,4.15,0.125,-0.05,-0.15,-6.45,8.05,4.55,20,18,27,19,12,26,20,19,26,21,26,30,22,31,24,24,1350,1187,529,176,224,3989,1828,1365,6.0,0.3833334,0.6166667,0.307,0.827,0.336,2
18.2,26.15,8.25,2.7,3.925,53.175,40.325,30.625,-0.65,3.5,-0.7,-0.25,-0.225,-7.85,1.425,-0.325,19,17,25,21,16,23,25,23,23,23,25,27,23,28,25,26,1075,1377,525,177,267,3371,2395,1700,6.0,0.3833334,0.6166667,0.309,0.823,0.341,2
17.55,29.65,7.55,2.45,3.7,45.325,41.75,30.3,-2.5,-1.7,0.6,-0.25,-0.3,-2.925,-7.825,-6.4,20,19,20,17,22,20,29,23,23,25,23,26,26,26,28,28,1162,1669,434,151,254,2957,2580,1772,6.0,0.3833334,0.6166667,0.308,0.822,0.343,2
15.05,27.95,8.15,2.2,3.4,42.4,33.925,23.9,-3.35,-2.475,-0.925,0.35,0.925,11.325,4.125,3.575,21,23,18,12,20,18,27,18,27,25,25,22,25,22,27,25,971,1710,457,123,211,2505,2000,1412,6.0,0.3833334,0.6166667,0.305,0.822,0.343,2
11.7,25.475,7.225,2.55,4.325,53.725,38.05,27.475,0.4,-0.925,-1.9,-0.25,-0.125,6.325,0.45,5.0,19,25,17,17,19,23,25,18,24,27,23,23,22,24,29,24,630,1739,411,154,252,3320,2247,1679,6.0,0.3833334,0.6166667,0.304,0.823,0.342,2
12.1,24.55,5.325,2.3,4.2,60.05,38.5,32.475,4.925,-1.0,-0.95,-0.125,-0.475,1.075,-4.425,-4.925,16,23,17,12,19,23,18,24,20,28,23,19,25,26,30,26,643,1614,307,122,241,3804,2213,2050,6.0,0.3833334,0.6166667,0.302,0.825,0.34,2
17.025,23.55,4.375,2.175,3.725,61.125,34.075,27.55,-1.95,-0.85,-0.4,0.075,0.2,1.9,-4.95,-6.5,21,20,19,10,21,21,17,24,23,26,21,14,25,28,26,26,946,1395,249,104,229,3999,1862,1676,6.0,0.3833334,0.6166667,0.302,0.826,0.338,2
15.075,22.7,3.975,2.25,3.925,63.025,29.125,21.05,-0.325,-2.0,0.425,0.075,0.125,-7.125,0.65,-1.375,21,19,16,13,21,24,17,22,27,22,19,13,25,28,24,29,921,1307,208,105,245,4089,1549,1443,6.0,0.3833334,0.6166667,0.302,0.826,0.337,2
14.75,20.7,4.4,2.325,4.05,55.9,29.775,19.675,2.15,-0.15,0.65,-0.05,-0.275,-4.675,2.475,-2.975,20,19,16,12,22,26,19,23,29,22,24,17,30,27,22,26,969,1207,243,98,265,3548,1655,1229,6.0,0.3833334,0.6166667,0.304,0.827,0.336,2
16.9,20.55,5.05,2.275,3.775,51.225,32.25,16.7,-4.45,4.5,-0.6,-0.375,-0.625,-5.6,2.525,0.55,21,20,20,15,23,26,27,25,28,22,27,22,26,27,27,27,1006,1249,298,118,226,3198,2035,1036,6.0,0.3833334,0.6166667,0.305,0.826,0.336,2
12.45,25.05,4.45,1.9,3.15,45.625,34.775,17.25,-2.425,0.45,-0.425,0.1,-0.425,-2.475,1.55,1.7,21,24,17,19,19,20,29,28,27,23,24,23,23,27,29,30,770,1539,261,119,192,2840,2248,1172,6.0,0.3833334,0.6166667,0.306,0.825,0.336,2
10.025,25.5,4.025,2.0,2.725,43.15,36.325,18.95,2.25,-1.475,-0.025,-0.05,0.55,4.475,-3.35,-1.05,15,20,15,17,13,21,23,25,20,27,25,19,21,26,24,27,566,1508,246,114,170,2776,2140,1222,6.0,0.3833334,0.6166667,0.306,0.824,0.336,2
12.275,24.025,4.0,1.95,3.275,47.625,32.975,17.9,-0.675,-2.325,0.025,0.025,0.425,3.575,-1.425,-1.75,17,20,13,6,12,25,21,18,21,29,15,16,19,26,26,22,718,1468,203,104,181,2913,1852,986,6.0,0.3833334,0.6166667,0.306,0.822,0.336,2
11.6,21.7,4.025,1.975,3.7,51.2,31.55,16.15,-0.575,1.7,0.7,0.3,-0.025,7.875,-4.875,-0.175,22,22,17,11,17,22,17,17,27,29,16,17,19,26,26,22,729,1299,206,109,215,3270,1845,770,6.0,0.3833334,0.6166667,0.306,0.821,0.336,2
11.025,23.4,4.725,2.275,3.675,59.075,26.675,15.975,1.6,4.55,-0.075,-0.025,-0.25,1.375,-1.8,0.975,19,19,23,16,20,24,12,23,25,24,24,20,26,29,21,26,612,1436,307,132,229,3845,1317,971,6.0,0.3833334,0.6166667,0.306,0.82,0.336,2
12.625,27.95,4.65,2.25,3.425,60.45,24.875,16.95,-0.95,0.425,-0.925,-0.125,-0.325,-3.7,4.675,2.15,20,21,22,14,18,21,19,25,23,25,27,24,28,26,24,27,715,1769,302,130,207,3523,1386,1134,6.0,0.3833334,0.6166667,0.306,0.82,0.336,2
11.675,28.375,3.725,2.125,3.1,56.75,29.55,19.1,-0.475,-2.725,0.1,0.025,-0.4,-6.95,-1.325,-0.175,22,22,22,19,18,21,25,22,25,27,27,24,23,24,28,25,748,1709,227,124,177,3029,1908,1204,6.0,0.3833334,0.6166667,0.306,0.82,0.336,2
11.2,25.65,3.825,2.15,2.7,49.8,28.225,18.925,-1.625,-3.625,0.025,-0.05,-0.175,-7.775,-4.925,-1.7,21,19,23,18,14,21,23,22,26,23,26,18,22,26,29,23,717,1529,249,111,163,2739,1957,1124,6.0,0.3833334,0.6166667,0.305,0.82,0.336,2
9.575,22.025,3.85,2.1,2.525,42.025,23.3,17.225,-0.85,2.4,-0.525,-0.25,-0.15,-4.2,0.6,-2.0,15,18,19,10,14,19,20,22,26,25,23,18,23,26,28,23,578,1179,240,97,152,2242,1415,1024,6.0,0.3833334,0.6166667,0.304,0.821,0.336,2
8.725,24.425,3.325,1.85,2.375,37.825,23.9,15.225,2.65,-0.525,0.225,-0.1,-0.325,-5.025,-1.95,0.375,16,16,17,13,19,20,24,24,27,23,21,20,27,26,27,27,505,1337,179,93,143,2231,1413,978,6.0,0.3833334,0.6166667,0.304,0.822,0.336,2
11.375,23.9,3.55,1.75,2.05,32.8,21.95,15.6,-0.275,-1.1,-0.125,-0.175,1.0,9.875,5.5,0.1,22,16,19,13,15,20,21,24,27,25,21,18,25,25,28,25,674,1408,200,92,118,2120,1429,978,6.0,0.3833334,0.6166667,0.304,0.821,0.336,2
11.1,22.8,3.425,1.575,3.05,42.675,27.45,15.7,-3.1,2.925,-0.2,0.125,0.475,6.725,0.8,-2.425,23,21,23,9,16,24,17,21,27,28,24,19,22,26,27,23,628,1451,200,91,182,2717,1631,957,6.0,0.3833334,0.6166667,0.304,0.82,0.336,2
8.0,25.725,3.225,1.7,3.525,49.4,28.25,13.275,-0.9,-2.05,0.15,0.35,-0.875,-1.25,-3.5,-0.25,19,18,20,12,18,22,22,22,23,26,25,22,26,26,30,24,524,1456,195,105,215,2868,1692,805,6.0,0.3833334,0.6166667,0.304,0.82,0.335,2
7.1,23.675,3.375,2.05,2.65,48.15,24.75,13.025,0.675,-3.875,-0.625,-0.15,-0.025,-0.725,-2.25,-3.275,15,18,14,14,15,23,18,19,22,24,24,22,29,24,29,23,425,1336,218,126,172,2801,1451,788,6.0,0.3833334,0.6166667,0.304,0.819,0.335,2
7.775,19.8,2.75,1.9,2.625,47.425,22.5,9.75,-0.55,1.6,-0.2,-0.225,0.175,-10.225,-2.9,0.075,20,22,15,7,15,31,22,18,24,24,25,20,30,30,28,21,511,1198,188,105,171,3156,1369,608,6.0,0.3833334,0.6166667,0.305,0.819,0.335,2
7.225,21.4,2.55,1.675,2.8,37.2,19.6,9.825,0.85,-0.5,0.9,0.075,-0.275,-2.025,1.025,1.9,20,22,17,6,19,34,27,18,25,25,27,22,28,33,27,24,467,1222,161,85,172,2780,1232,583,6.0,0.3833334,0.6166667,0.305,0.819,0.336,2
8.075,20.9,3.45,1.75,2.525,35.175,20.625,11.725,0.825,-1.775,0.025,-0.3,-0.25,6.175,-2.025,-0.075,21,16,18,14,15,27,20,11,29,21,25,22,18,28,25,22,533,1017,221,100,134,2447,1266,556,6.0,0.3833334,0.6166667,0.305,0.818,0.336,2
8.9,19.125,3.475,1.45,2.275,41.35,18.6,11.65,1.625,-0.475,-0.275,-0.075,-0.1,-5.95,1.425,1.15,18,17,17,12,11,20,15,17,25,22,22,24,15,24,21,23,602,1020,212,89,106,2458,970,710,6.0,0.3833334,0.6166667,0.304,0.818,0.337,2
10.525,18.65,3.2,1.375,2.175,35.4,20.025,12.8,0.475,-0.125,-0.075,0.5,0.0,-3.025,2.55,1.125,22,18,16,10,15,15,17,26,26,23,25,21,24,23,22,27,737,1042,189,81,122,2068,987,869,6.0,0.3833334,0.6166667,0.304,0.818,0.337,2
11.0,18.525,3.125,1.875,2.175,32.375,22.575,13.925,-2.725,-1.05,-0.65,0.15,-0.475,-0.625,-1.65,0.95,26,19,18,13,21,18,24,28,29,24,27,20,30,26,27,29,782,1025,194,108,138,2095,1347,987,6.0,0.3833334,0.6166667,0.304,0.818,0.336,2
8.275,17.475,2.475,2.025,1.7,31.75,20.925,14.875,-0.15,1.025,0.55,-0.1,0.1,-9.175,-2.6,-2.825,17,20,18,14,20,26,23,27,26,29,24,18,26,29,25,30,488,993,156,112,109,2145,1272,1018,6.0,0.3833334,0.6166667,0.304,0.818,0.336,2
8.125,18.5,3.025,1.925,1.8,22.575,18.325,12.05,0.175,-1.525,0.05,-0.05,0.65,5.625,2.05,-1.975,14,21,13,15,17,26,13,21,29,29,22,16,20,29,22,27,486,1152,182,97,87,1580,929,761,6.0,0.3833334,0.6166667,0.303,0.818,0.336,2
8.3,16.975,3.075,1.875,2.45,28.2,20.375,10.075,-0.75,-1.325,-0.35,0.15,0.075,2.75,0.025,2.7,18,22,14,13,16,23,13,16,26,25,25,19,17,28,23,25,577,1036,178,93,120,1869,1165,578,6.0,0.3833334,0.6166667,0.303,0.818,0.336,2
7.55,15.65,2.725,2.025,2.525,30.95,20.4,12.775,-0.15,4.525,-0.075,-0.3,-0.7,-5.7,-2.2,-2.025,17,23,15,16,17,19,18,20,22,24,23,23,20,26,27,27,523,908,148,118,142,1894,1299,773,6.0,0.3833334,0.6166667,0.303,0.818,0.336,2
7.4,20.175,2.65,1.725,1.825,25.25,18.2,10.75,4.575,4.4,0.025,0.275,-0.375,1.075,-2.025,-3.25,18,23,14,14,11,17,20,15,28,26,24,25,23,28,27,26,475,1107,157,108,103,1516,1143,574,6.0,0.3833334,0.6166667,0.303,0.818,0.335,2
11.975,24.575,2.675,2.0,1.45,26.325,16.175,7.5,2.525,-0.625,0.2,0.275,0.225,-1.775,-1.25,-0.625,22,23,13,12,9,19,18,13,29,24,23,27,23,28,26,22,783,1463,155,124,77,1620,933,400,6.0,0.3833334,0.6166667,0.303,0.818,0.335,2
14.5,23.95,2.875,2.275,1.675,24.55,14.925,6.875,7.2,-2.65,-0.175,-0.225,0.4,3.25,-0.425,-0.775,20,22,14,14,9,20,21,19,26,24,21,27,23,23,25,23,923,1537,157,149,92,1408,816,404,6.0,0.3833334,0.6166667,0.303,0.818,0.335,2
0.925,2.175,1.775,1.225,0.975,1.075,1.0,1.025,0.1,-0.25,-0.275,0.125,-0.15,0.025,0.075,-0.125,4,13,11,8,3,8,5,3,18,22,19,23,14,18,10,17,49,117,89,63,40,46,38,41,7.0,0.3833334,1.0,0.232,0.686,0.03,2
1.025,1.925,1.5,1.35,0.825,1.1,1.075,0.9,-0.075,-0.075,-0.075,-0.05,0.125,-0.05,-0.075,0.15,7,11,7,11,1,9,3,3,17,20,20,16,10,16,11,15,54,101,67,59,32,51,37,42,7.0,0.3833334,1.0,0.232,0.686,0.03,2
0.95,1.85,1.425,1.3,0.95,1.05,1.0,1.05,0.075,-0.15,-0.05,-0.4,0.225,-0.125,0.025,0.05,8,16,8,10,2,5,1,3,15,22,25,15,12,14,18,15,46,113,76,57,39,46,40,43,7.0,0.3833334,1.0,0.232,0.685,0.03,2
1.025,1.7,1.375,0.9,1.175,0.925,1.025,1.1,-0.025,-0.175,-0.225,0.125,0.075,0.05,-0.075,-0.275,8,19,10,7,8,4,2,7,17,25,20,16,17,16,20,17,47,111,70,50,49,41,44,47,7.0,0.3833334,1.0,0.233,0.684,0.029,2
1.0,1.525,1.15,1.025,1.25,0.975,0.95,0.825,0.1,-0.15,-0.1,0.125,-0.2,0.0,-0.05,-0.075,6,13,9,5,11,6,4,6,15,23,17,14,17,16,18,15,44,90,60,50,53,43,39,38,7.0,0.3833334,1.0,0.233,0.683,0.029,2
1.1,1.375,1.05,1.15,1.05,0.975,0.9,0.75,0.025,-0.05,0.0,0.025,0.325,0.275,0.175,0.125,4,11,5,7,8,4,5,5,11,18,22,20,17,12,14,13,38,83,62,55,52,38,35,33,7.0,0.3833334,1.0,0.233,0.683,0.03,2
1.125,1.325,1.05,1.175,1.375,1.25,1.075,0.875,-0.05,-0.125,0.0,0.6,1.0,1.775,0.975,0.275,4,10,2,8,10,5,4,6,17,20,23,21,22,11,11,15,43,74,54,51,70,41,40,40,7.0,0.3833334,1.0,0.233,0.684,0.03,2
1.075,1.2,1.05,1.775,2.375,3.025,2.05,1.15,0.25,1.225,1.525,0.975,1.375,2.025,0.7,0.25,6,5,0,12,14,9,6,6,26,18,16,20,24,17,16,20,63,64,44,89,117,163,96,58,7.0,0.3833334,1.0,0.233,0.687,0.031,2
1.325,2.425,2.575,2.75,3.75,5.05,2.75,1.4,0.725,4.025,15.65,1.175,-0.35,-1.225,-0.7,0.075,7,10,12,12,15,13,12,9,24,22,20,20,21,28,19,25,83,157,155,155,187,314,164,87,7.0,0.3833334,1.0,0.234,0.696,0.037,2
2.05,6.45,18.225,3.925,3.4,3.825,2.05,1.475,0.45,1.575,11.575,0.325,-1.375,-2.05,-0.625,-0.075,13,22,25,14,15,17,15,12,21,27,26,24,23,26,20,22,132,433,1163,241,189,232,127,89,7.0,0.3833334,1.0,0.242,0.719,0.052,2
2.5,8.025,29.8,4.25,2.025,1.775,1.425,1.4,-0.3,-1.425,-5.175,-0.75,-0.1,1.15,0.725,-0.05,18,25,23,21,13,12,14,13,23,28,25,27,24,18,19,17,153,545,1915,262,117,94,80,71,7.0,0.3833334,1.0,0.26,0.767,0.085,2
2.2,6.6,24.625,3.5,1.925,2.925,2.15,1.35,0.125,0.775,-7.275,-0.5,0.0,5.275,2.825,1.475,14,23,23,19,12,11,13,8,24,26,25,25,19,22,19,18,128,447,1607,228,102,179,111,66,7.0,0.3833334,1.0,0.282,0.842,0.138,2
2.325,7.375,17.35,3.0,1.925,8.2,4.975,2.825,0.725,0.625,-3.025,-0.075,0.275,10.575,4.1,5.875,12,20,18,20,15,22,17,8,23,22,22,26,20,29,20,16,132,421,1132,194,104,585,292,140,7.0,0.3833334,1.0,0.295,0.914,0.188,2
3.05,8.0,14.325,2.925,2.2,18.775,9.075,8.7,2.55,2.3,-0.425,0.275,0.975,26.575,12.225,18.1,16,18,16,22,20,24,19,17,27,23,23,23,28,26,20,18,208,462,868,171,138,1132,504,477,7.0,0.3833334,1.0,0.296,0.973,0.224,2
5.6,10.3,13.9,3.2,3.175,45.35,21.3,26.8,4.9,6.125,-4.825,-0.05,0.775,17.0,6.15,16.325,16,21,18,21,19,24,22,22,24,25,26,19,27,27,27,25,363,644,800,165,210,2822,1392,1562,7.0,0.3833334,1.0,0.292,1.018,0.249,2
10.5,16.425,9.075,3.15,3.95,62.35,27.45,43.125,2.2,1.3,-2.5,-0.325,-0.15,-6.85,1.4,-7.4,21,25,16,16,20,27,20,24,24,26,25,24,25,28,27,27,691,1034,525,168,280,3969,1767,2585,7.0,0.3833334,1.0,0.285,1.043,0.261,2
12.7,17.725,6.575,2.825,3.8,55.5,28.85,35.725,0.775,-1.8,0.325,-0.1,-0.375,-13.25,-3.3,-10.725,24,20,15,11,18,25,22,21,27,21,21,17,25,26,25,27,922,1049,359,135,236,3348,1817,2211,7.0,0.3833334,1.0,0.277,1.052,0.267,2
13.475,15.925,6.9,2.725,3.425,42.25,25.55,25.0,-0.975,-2.375,-0.35,-0.175,-0.175,-6.85,-5.275,1.175,23,22,18,15,20,18,22,15,23,24,24,17,25,29,28,24,846,1002,422,131,200,2608,1598,1320,7.0,0.3833334,1.0,0.272,1.052,0.271,2
12.5,13.55,6.55,2.55,3.25,35.4,20.275,26.175,-0.875,-1.925,-0.95,0.05,-0.425,-0.475,0.675,-5.825,17,23,21,16,21,20,15,15,18,26,26,23,28,30,25,22,650,876,432,147,214,2194,1182,1377,7.0,0.3833334,1.0,0.269,1.049,0.275,2
11.625,11.625,5.6,2.6,2.825,34.925,20.95,20.35,-1.0,-0.425,-0.275,-0.05,-0.725,-1.425,-2.375,-6.875,14,22,21,13,15,23,16,19,18,26,24,23,23,29,27,23,610,699,347,149,174,2228,1184,1241,7.0,0.3833334,1.0,0.269,1.046,0.278,2
10.625,11.2,5.325,2.55,2.1,33.5,18.575,13.475,-2.775,-0.575,-0.125,-0.1,0.35,-1.775,0.05,-3.675,19,18,23,14,11,21,16,18,23,25,26,22,18,29,24,22,652,631,357,159,114,2031,983,763,7.0,0.3833334,1.0,0.271,1.045,0.28,2
7.85,10.625,5.2,2.45,2.45,31.725,18.625,9.8,1.8,1.925,-0.425,0.025,0.45,-3.25,-1.825,-1.15,21,17,24,11,15,22,18,21,23,23,26,18,22,25,23,24,483,598,329,148,141,1838,943,610,7.0,0.3833334,1.0,0.273,1.044,0.282,2
9.65,12.55,4.775,2.475,2.9,28.475,16.8,8.65,0.075,-0.1,-0.35,0.25,-0.75,-2.8,0.35,4.075,21,23,20,15,20,19,18,23,25,27,26,22,24,25,24,26,605,839,300,145,170,1717,925,567,7.0,0.3833334,1.0,0.274,1.044,0.283,2
9.725,12.45,4.425,2.725,2.15,25.675,17.15,12.725,-2.175,-0.475,0.25,-0.125,-0.3,-2.775,1.175,-1.75,21,23,15,15,14,20,15,22,26,29,23,20,19,25,23,25,618,797,256,146,105,1578,939,814,7.0,0.3833334,1.0,0.275,1.044,0.284,2
7.55,11.975,4.675,2.6,1.85,22.9,18.325,10.975,0.85,0.9,0.3,-0.325,0.425,-1.15,-1.4,-1.95,20,25,17,14,12,21,16,23,25,29,23,16,20,23,22,25,457,808,267,145,102,1498,886,713,7.0,0.3833334,1.0,0.276,1.043,0.285,2
8.4,12.875,4.975,2.275,2.275,21.75,16.925,9.025,-0.325,-0.85,-0.3,0.15,0.375,6.05,-2.45,-1.825,19,22,20,15,18,20,17,22,22,28,29,19,21,23,24,23,440,814,288,136,145,1322,892,588,7.0,0.3833334,1.0,0.276,1.042,0.285,2
8.075,12.025,4.675,2.425,2.65,27.8,14.475,7.2,-2.875,-1.25,-0.65,-0.2,0.25,4.775,2.025,0.175,18,26,22,18,18,17,19,18,24,30,31,25,17,26,27,24,475,848,307,149,155,1614,883,429,7.0,0.3833334,1.0,0.276,1.041,0.286,2
5.2,10.775,4.025,2.225,2.9,32.575,16.5,7.375,2.925,1.35,0.0,0.0,-0.025,-4.525,5.325,4.45,12,26,16,15,18,17,22,18,20,27,22,24,17,24,28,31,278,705,226,115,170,1845,1041,487,7.0,0.3833334,1.0,0.276,1.041,0.286,2
8.125,12.125,4.025,2.225,2.875,28.05,21.825,11.825,3.575,1.325,1.1,0.45,-0.1,0.225,-0.775,0.45,16,20,17,16,19,22,25,23,23,26,23,28,21,23,28,32,516,651,227,129,174,1649,1337,813,7.0,0.3833334,1.0,0.276,1.041,0.286,2
11.7,13.45,5.125,2.675,2.775,28.275,21.05,12.275,-1.45,-0.65,-0.3,-0.2,-0.375,0.675,-3.35,-0.35,21,19,19,20,15,22,25,18,26,29,24,29,22,23,28,27,724,730,280,181,155,1630,1277,796,7.0,0.3833334,1.0,0.275,1.04,0.286,2
10.25,12.8,4.825,2.475,2.4,28.95,17.7,11.925,-1.475,-1.2,-1.15,-0.8,0.05,-4.65,-0.55,-0.825,23,20,21,14,13,23,20,16,26,30,27,23,24,25,24,28,603,786,276,150,132,1784,999,740,7.0,0.3833334,1.0,0.274,1.04,0.286,2
8.775,11.6,3.675,1.675,2.45,24.3,17.15,11.1,0.35,-1.375,1.075,0.625,0.525,-2.35,-2.2,-2.075,23,21,21,11,19,23,18,19,29,31,25,16,23,22,24,29,594,759,221,86,137,1577,1039,711,7.0,0.3833334,1.0,0.273,1.041,0.286,2
9.125,10.225,4.75,2.3,2.975,21.95,14.95,9.025,1.2,1.2,0.425,0.4,-0.45,5.5,-1.975,1.2,19,19,16,12,24,25,18,20,28,27,23,18,26,25,27,27,565,641,301,130,180,1491,888,586,7.0,0.3833334,1.0,0.273,1.041,0.286,2
10.325,11.425,5.175,2.7,2.525,27.45,12.975,10.225,0.9,-0.15,-1.5,-0.725,-0.8,-2.35,0.55,0.1,20,14,19,17,22,22,19,18,27,19,26,26,23,25,27,27,627,547,357,170,144,1681,762,622,7.0,0.3833334,1.0,0.272,1.041,0.286,2
11.225,11.275,3.675,1.975,1.725,25.1,13.525,10.325,-0.5,-0.45,-0.275,-0.05,-0.05,-5.05,-1.95,0.25,19,18,19,15,13,19,21,17,24,23,27,22,19,26,26,22,667,592,249,116,99,1440,886,584,7.0,0.3833334,1.0,0.273,1.041,0.286,2
10.725,10.825,3.4,1.925,1.675,20.05,11.575,10.575,0.025,0.625,0.35,0.15,0.275,5.575,0.4,-0.4,18,23,15,13,8,20,24,17,25,25,27,20,19,33,29,19,633,702,213,109,97,1344,776,628,7.0,0.3833334,1.0,0.272,1.041,0.286,2
10.75,11.45,3.75,2.075,1.95,25.625,11.975,10.175,0.3,-0.55,-0.275,0.3,-0.025,0.05,0.55,-3.075,20,21,17,16,13,19,23,16,29,25,26,24,22,32,25,19,680,727,221,128,121,1606,674,624,7.0,0.3833334,1.0,0.272,1.041,0.286,2
11.05,10.9,3.475,2.375,1.925,25.675,12.525,7.1,-1.95,-0.075,-0.25,-0.1,0.025,-1.0,1.65,-1.075,24,22,21,16,16,22,22,13,31,26,25,25,23,27,22,20,720,679,235,136,118,1544,741,415,7.0,0.3833334,1.0,0.273,1.04,0.287,2
9.1,10.825,3.225,2.275,1.95,24.675,14.175,6.025,-1.0,-1.175,-0.025,-0.5,0.25,4.5,2.25,-0.65,23,28,21,15,15,20,22,22,27,26,24,24,21,21,22,27,612,702,200,127,102,1485,839,393,7.0,0.3833334,1.0,0.273,1.04,0.286,2
8.1,9.65,3.2,1.775,2.2,29.175,16.425,5.375,2.5,-0.1,0.975,0.425,0.4,4.275,-3.05,-0.625,15,25,16,10,12,19,20,26,24,24,23,20,17,22,24,31,501,614,181,96,120,1673,980,374,7.0,0.3833334,1.0,0.273,1.039,0.286,2
10.6,9.55,4.175,2.2,2.6,33.45,13.375,4.75,-0.35,2.35,0.825,0.65,0.0,5.975,1.1,-0.375,19,22,17,18,16,24,23,25,29,27,24,23,24,27,26,29,679,630,272,135,168,2074,879,332,7.0,0.3833334,1.0,0.273,1.04,0.286,2
10.25,11.9,5.0,2.85,2.6,39.425,14.475,4.375,-4.125,-0.75,0.0,-0.45,-0.45,-8.275,-0.675,0.05,21,21,23,26,19,24,19,27,25,26,27,28,29,30,26,29,628,683,336,192,165,2515,908,285,7.0,0.3833334,1.0,0.272,1.04,0.287,2
6.125,11.15,5.0,2.4,2.15,31.15,13.8,4.425,-0.825,-1.3,0.7,-0.25,-0.075,-6.35,-3.675,0.225,18,18,23,17,17,20,15,20,24,25,25,25,22,25,25,26,331,600,315,154,133,1769,841,293,7.0,0.3833334,1.0,0.272,1.041,0.288,2
5.3,9.85,5.7,2.15,2.075,24.8,10.125,4.65,1.775,-0.2,-0.425,0.325,0.25,2.25,-0.1,0.125,17,15,21,12,15,26,19,17,24,27,26,20,22,24,22,23,300,502,316,110,135,1668,622,294,7.0,0.3833334,1.0,0.273,1.041,0.289,2
7.075,9.65,5.275,2.475,2.325,27.05,10.025,4.775,0.1,-0.15,-1.35,-0.225,-0.275,-8.35,1.275,-0.225,21,15,26,21,19,27,24,19,23,28,27,28,26,29,24,23,408,480,300,148,162,1791,603,261,7.0,0.3833334,1.0,0.274,1.04,0.29,2
7.175,9.5,3.925,2.25,2.05,18.7,11.3,4.55,-1.4,1.825,-0.6,-0.575,-0.15,-2.675,2.125,-0.125,23,19,25,20,18,24,24,21,24,28,29,30,22,28,26,27,460,578,255,151,132,1177,709,280,7.0,0.3833334,1.0,0.275,1.039,0.291,2
5.775,11.325,3.325,1.675,1.9,16.025,13.425,4.425,0.075,-0.375,0.25,-0.15,0.2,5.725,-0.1,0.225,17,20,15,12,16,22,25,19,24,25,29,20,19,22,25,27,383,701,197,92,97,972,896,290,7.0,0.3833334,1.0,0.275,1.039,0.292,2
5.85,10.95,3.575,1.525,2.1,21.75,13.325,4.65,0.025,-0.8,0.775,0.2,0.025,1.45,-2.25,-0.225,12,21,15,10,15,18,24,15,24,25,24,19,19,24,27,26,345,703,199,79,113,1375,858,284,7.0,0.3833334,1.0,0.276,1.038,0.293,2
5.875,10.15,4.35,1.725,2.125,23.2,11.075,4.425,0.075,0.95,-0.2,0.2,0.025,-1.475,-2.175,-0.025,15,23,20,11,11,20,24,18,25,27,23,25,21,26,28,27,341,664,251,100,127,1438,672,276,7.0,0.3833334,1.0,0.276,1.037,0.293,2
5.95,11.1,4.15,1.925,2.15,21.725,8.9,4.4,0.35,0.0,-0.525,-0.275,-0.05,3.15,-1.05,-0.3,19,18,20,13,12,22,22,18,22,23,24,22,20,25,23,24,329,646,269,111,123,1405,540,265,7.0,0.3833334,1.0,0.277,1.037,0.293,2
6.3,11.1,3.625,1.65,2.1,24.875,7.85,4.1,-0.6,-2.525,0.4,-0.25,-0.1,0.9,0.325,-0.35,20,18,20,12,15,21,19,15,22,25,23,19,21,28,24,22,335,691,239,92,120,1588,453,251,7.0,0.3833334,1.0,0.276,1.037,0.293,2
5.7,8.575,4.025,1.4,2.0,25.775,8.175,3.75,-1.15,-2.475,0.925,0.35,-0.25,-4.775,2.025,1.0,24,22,21,8,20,20,18,14,30,28,25,20,23,29,23,22,354,600,247,84,118,1576,482,243,7.0,0.3833334,1.0,0.276,1.037,0.293,2
4.55,6.1,4.95,1.75,1.75,21.0,10.2,4.75,-0.225,1.1,-0.025,0.6,0.0,-2.625,0.0,-0.7,27,20,18,9,18,24,20,17,31,27,23,23,25,27,21,25,322,383,285,94,110,1321,643,343,7.0,0.3833334,1.0,0.276,1.038,0.293,2
4.325,7.2,4.925,2.35,1.75,18.375,10.2,4.05,-0.225,2.125,-0.575,0.225,0.325,-0.175,-0.65,-2.2,21,20,14,14,17,29,24,19,26,24,22,19,26,28,23,23,285,421,281,129,122,1213,657,297,7.0,0.3833334,1.0,0.275,1.039,0.293,2
4.1,9.325,4.35,2.575,2.075,18.2,9.55,1.85,1.45,0.8,-0.4,-0.525,-0.025,0.15,1.65,0.15,19,19,14,13,16,27,25,14,23,22,24,20,21,28,29,20,256,504,242,140,124,1232,658,121,7.0,0.3833334,1.0,0.275,1.039,0.293,2
5.55,10.125,3.95,2.05,2.05,18.35,11.2,2.0,1.275,-0.9,-0.675,-0.275,-0.2,5.2,0.9,0.15,16,15,17,8,12,21,20,16,23,19,25,21,19,28,28,23,339,519,218,119,114,1094,734,119,7.0,0.3833334,1.0,0.274,1.039,0.292,2
6.825,9.225,3.275,1.775,1.85,23.55,12.1,2.15,-0.275,1.2,1.2,0.425,0.125,-0.75,-1.925,3.7,12,19,16,10,11,22,22,21,23,22,26,20,20,28,25,25,420,506,194,109,108,1472,731,140,7.0,0.3833334,1.0,0.274,1.039,0.292,2
6.55,10.425,4.475,2.2,1.975,22.8,10.175,5.85,-0.075,-0.825,0.45,-0.175,0.075,2.6,-1.425,3.075,15,25,19,16,13,21,20,20,28,27,25,20,18,28,25,24,425,617,295,125,116,1410,542,387,7.0,0.3833334,1.0,0.273,1.038,0.291,2
6.475,9.6,4.925,2.025,2.05,25.4,8.75,8.925,0.7,-1.45,-0.875,-0.225,-0.075,4.7,0.925,-2.05,23,24,18,17,16,20,18,22,31,28,23,21,16,26,26,24,444,605,306,120,116,1416,519,607,7.0,0.3833334,1.0,0.273,1.037,0.292,2
7.175,8.15,4.05,1.8,1.975,30.1,9.675,6.875,-2.375,-1.825,-1.05,0.0,-0.45,-12.925,-2.9,-2.675,25,19,16,14,17,23,19,21,26,27,21,21,20,22,23,26,472,524,217,98,100,1713,644,436,7.0,0.3833334,1.0,0.273,1.036,0.292,2
4.8,6.325,3.0,1.8,1.525,17.175,6.775,4.2,-3.375,-4.0,-1.4,-0.425,-0.275,-13.125,-4.725,-2.4,14,11,17,12,8,16,16,11,16,19,21,17,19,22,23,21,283,395,170,81,69,1067,457,218,7.0,0.3833334,1.0,0.257,0.895,0.191,2
1.425,2.325,1.6,1.375,1.25,4.05,2.05,1.8,-0.2,-0.8,-0.325,-0.4,-0.1,-3.275,-1.15,-0.85,11,6,11,8,8,5,6,7,17,14,18,15,14,18,18,17,73,122,80,53,43,265,126,92,7.0,0.3833334,1.0,0.237,0.717,0.063,2
1.225,1.525,1.275,0.975,1.15,0.775,0.9,0.95,-0.225,-0.15,-0.1,0.1,0.125,0.0,0.175,0.0,10,12,10,4,10,2,5,5,19,20,15,16,16,17,13,16,68,82,60,41,46,45,39,53,7.0,0.3833334,1.0,0.234,0.681,0.036,2
1.0,1.375,1.175,1.075,1.275,0.775,1.075,0.95,0.075,0.975,5.775,0.825,0.475,0.625,0.175,0.075,4,12,9,7,5,3,7,6,9,23,17,16,11,13,17,17,33,71,60,51,48,36,52,53,7.0,0.3833334,1.0,0.235,0.681,0.037,2
1.075,2.35,6.95,1.9,1.75,1.4,1.25,1.025,0.425,1.8,8.7,0.35,-0.1,0.75,0.325,0.025,4,9,11,12,7,9,6,11,8,21,17,17,15,16,22,16,29,110,358,82,64,73,60,54,7.0,0.3833334,1.0,0.245,0.707,0.056,2
1.5,4.15,15.65,2.25,1.65,2.15,1.575,1.05,0.425,0.95,2.925,0.05,-0.4,5.175,2.325,0.675,10,13,16,10,7,20,14,8,15,22,22,15,18,25,20,15,59,194,865,89,66,135,75,52,7.0,0.3833334,1.0,0.271,0.77,0.107,2
1.925,5.1,18.575,2.3,1.25,7.325,3.9,1.725,1.65,4.075,2.575,1.025,0.375,10.425,7.25,9.55,15,19,15,11,8,27,20,11,21,23,26,16,19,31,21,19,106,288,1126,116,70,506,233,97,7.0,0.3833334,1.0,0.296,0.848,0.168,2
3.575,9.175,21.15,3.325,1.625,17.75,11.15,11.275,0.925,1.675,-4.625,-0.125,0.65,11.25,4.5,19.575,15,20,19,14,8,27,20,20,21,22,27,19,21,29,24,25,204,540,1280,191,103,1262,706,725,7.0,0.3833334,1.0,0.309,0.919,0.215,2
4.5,10.85,16.525,3.2,2.275,29.0,15.65,30.85,0.5,-1.7,-8.175,-1.025,0.5,3.225,5.825,9.975,17,18,23,14,14,26,20,22,23,20,28,21,21,27,26,31,273,600,919,183,130,1828,902,1894,7.0,0.3833334,1.0,0.311,0.974,0.245,2
5.0,9.15,8.35,2.175,2.775,32.225,21.475,40.825,2.025,1.2,-2.05,-0.125,-0.075,-1.375,2.925,-6.75,20,20,25,15,18,26,17,21,21,20,27,20,24,28,23,31,285,527,475,126,155,2038,1118,2585,7.0,0.3833334,1.0,0.307,1.011,0.262,2
7.025,10.35,6.3,2.05,2.7,30.85,24.4,34.075,0.775,1.875,-0.5,0.175,0.225,1.675,-3.85,-1.225,19,23,20,11,20,23,20,20,21,23,24,21,27,28,20,24,391,635,336,126,152,1941,1258,1987,7.0,0.3833334,1.0,0.303,1.027,0.267,2
7.8,12.225,5.8,2.225,2.925,32.525,20.55,32.85,0.5,1.125,0.875,0.45,0.4,-3.1,-4.375,-3.5,21,21,17,11,15,24,21,23,22,27,23,19,20,28,26,27,483,741,362,141,151,2129,1012,2015,7.0,0.3833334,1.0,0.299,1.033,0.27,2
8.3,13.35,6.675,2.675,3.325,29.425,16.175,29.35,0.6,0.4,0.525,0.225,-0.65,-7.5,-2.125,-10.7,20,18,16,15,11,24,19,22,24,24,18,20,14,28,26,25,512,736,378,162,159,1781,835,1926,7.0,0.3833334,1.0,0.296,1.033,0.274,2
8.9,13.75,7.2,2.9,2.675,21.925,14.05,18.65,0.725,-2.725,-1.175,-0.375,-0.575,-6.025,0.15,-4.275,19,22,15,17,9,21,22,18,27,24,21,21,19,28,25,21,563,781,369,174,121,1286,880,1118,7.0,0.3833334,1.0,0.296,1.033,0.276,2
9.625,11.025,6.025,2.525,2.1,15.9,14.2,14.375,1.7,-1.475,-1.075,-0.175,-0.075,-0.825,-0.05,-2.35,22,23,16,18,8,26,21,18,25,25,25,25,22,29,26,24,617,636,343,152,99,1094,885,858,7.0,0.3833334,1.0,0.295,1.035,0.277,2
11.325,9.55,4.95,2.35,2.025,15.075,14.15,12.025,-1.725,2.95,0.325,0.075,0.35,1.775,-1.275,-2.725,23,17,16,14,9,27,17,19,24,21,25,25,20,28,24,26,732,471,279,136,108,1081,795,692,7.0,0.3833334,1.0,0.295,1.036,0.277,2
9.6,12.5,5.275,2.425,2.375,16.85,12.875,9.3,-1.4,-0.075,-0.85,-0.25,0.025,1.525,-3.925,-0.7,21,22,20,15,14,22,16,20,26,27,30,26,23,21,27,25,637,825,344,165,140,1130,732,534,7.0,0.3833334,1.0,0.295,1.036,0.277,2
8.2,12.425,4.425,2.175,2.4,18.375,8.95,8.6,1.05,-3.25,-0.5,0.0,-0.5,0.025,-0.65,2.35,19,23,20,15,20,22,19,22,30,28,25,24,22,24,28,28,588,875,305,147,145,1238,535,516,7.0,0.3833334,1.0,0.294,1.036,0.277,2
9.25,9.175,3.925,2.175,1.9,18.4,8.3,10.95,-1.675,0.125,0.9,0.4,0.025,-2.55,-0.8,-1.0,17,20,21,9,17,23,18,20,26,23,26,21,19,29,23,29,602,559,249,117,104,1138,459,720,7.0,0.3833334,1.0,0.294,1.035,0.277,2
7.575,9.3,4.825,2.575,1.925,15.85,7.5,9.95,-2.775,-0.15,0.075,0.0,0.175,-2.475,1.4,-2.325,14,20,21,12,13,20,15,20,23,24,29,24,16,26,24,28,460,557,302,143,89,955,393,659,7.0,0.3833334,1.0,0.293,1.032,0.278,2
4.8,9.15,4.9,2.575,2.1,13.375,8.9,7.625,-0.875,-2.425,-0.675,-0.45,-0.425,-0.975,0.175,-2.175,15,15,17,20,15,23,26,19,24,24,27,28,19,28,31,26,272,502,297,168,103,929,626,429,7.0,0.3833334,1.0,0.292,1.031,0.278,2
3.925,6.725,4.225,2.125,1.675,12.4,9.075,5.45,0.775,0.625,-0.225,-0.275,0.2,-0.3,-2.925,-0.875,17,18,17,20,11,23,28,20,25,25,25,26,24,29,32,25,217,406,260,151,101,836,659,289,7.0,0.3833334,1.0,0.292,1.031,0.278,2
4.7,7.35,4.0,1.85,1.875,12.1,6.15,4.575,0.025,1.45,0.4,0.075,0.525,-0.175,0.0,0.15,18,27,17,15,11,19,20,22,28,28,21,23,24,26,25,21,289,500,239,124,116,743,388,266,7.0,0.3833334,1.0,0.292,1.031,0.278,2
4.725,8.8,4.4,1.925,2.4,11.925,6.15,4.725,-0.625,-1.175,0.625,-0.1,0.025,-0.2,1.05,1.2,15,21,20,18,15,23,19,21,25,26,25,23,24,29,24,20,286,544,267,114,145,795,379,276,7.0,0.3833334,1.0,0.291,1.03,0.278,2
4.1,7.625,5.025,1.825,2.425,11.725,7.2,5.925,1.0,0.35,0.65,0.45,-0.125,1.45,2.175,1.25,16,20,19,18,11,23,21,20,25,21,24,17,21,28,26,25,271,457,331,94,136,784,450,393,7.0,0.3833334,1.0,0.291,1.029,0.277,2
5.1,7.975,5.675,2.275,2.3,13.175,9.375,7.175,0.775,2.925,-0.15,0.525,0.0,2.525,0.875,0.025,21,21,23,19,14,19,22,22,26,24,27,22,19,25,25,27,355,495,386,149,138,771,531,477,7.0,0.3833334,1.0,0.292,1.03,0.277,2
5.875,10.9,5.525,2.8,2.3,15.7,10.25,7.2,-1.525,-0.425,-0.75,-0.5,-0.075,0.825,0.575,-0.175,21,21,25,18,16,24,19,17,30,26,31,26,22,29,25,23,398,654,367,184,152,1003,621,410,7.0,0.3833334,1.0,0.292,1.031,0.277,2
4.35,10.475,4.775,2.3,2.225,16.525,10.825,7.025,-0.425,-1.65,0.2,-0.425,-0.225,0.225,2.925,-1.1,17,22,18,15,17,29,20,20,27,26,26,19,25,30,28,25,277,636,297,135,128,1152,699,443,7.0,0.3833334,1.0,0.292,1.031,0.279,2
3.925,8.825,4.975,1.875,2.0,16.75,13.75,5.925,0.55,-1.375,-0.6,0.2,-0.025,-1.675,0.35,0.425,17,22,19,14,15,31,23,22,24,25,22,19,24,28,32,25,248,589,309,116,111,1193,884,376,7.0,0.3833334,1.0,0.291,1.032,0.279,2
4.475,7.45,4.375,2.075,1.975,15.075,14.1,6.35,0.15,-1.2,-0.2,0.1,0.575,6.15,1.375,0.1,19,19,20,12,10,29,22,20,26,20,23,25,21,29,30,25,292,489,279,120,115,1054,871,401,7.0,0.3833334,1.0,0.291,1.032,0.28,2
4.625,6.25,4.175,2.175,2.55,21.225,15.475,6.45,0.55,3.075,2.225,0.375,0.425,2.0,-1.675,0.05,22,20,19,11,14,24,24,19,28,24,20,24,22,25,27,31,307,386,225,112,142,1457,891,428,7.0,0.3833334,1.0,0.291,1.031,0.28,2
5.175,9.325,6.4,2.55,2.975,23.225,13.8,6.5,1.475,2.675,0.225,0.175,-0.15,-2.95,-0.175,2.4,19,23,14,16,16,15,24,20,25,26,17,21,21,23,27,29,318,573,307,146,161,1400,819,382,7.0,0.3833334,1.0,0.291,1.03,0.28,2
6.65,12.0,6.625,2.725,2.825,20.275,13.625,8.9,1.35,1.175,-1.5,0.15,0.2,2.225,2.25,0.0,15,25,18,14,13,16,24,20,22,26,22,30,22,24,26,26,389,779,365,163,147,1179,821,496,7.0,0.3833334,1.0,0.291,1.03,0.28,2
8.0,13.175,5.125,2.875,3.025,22.5,15.875,8.9,6.275,1.975,-0.775,-0.075,-0.35,-0.5,-0.925,-0.825,16,28,26,15,13,22,16,17,19,29,26,31,28,29,23,25,471,930,336,173,162,1409,832,491,7.0,0.3833334,1.0,0.289,1.029,0.281,2
14.275,15.15,4.35,2.8,2.675,22.0,14.95,8.075,7.05,-0.975,0.0,-0.45,-0.1,6.125,0.6,1.575,17,29,25,23,15,26,18,18,25,29,25,26,26,29,27,22,864,1073,297,165,153,1465,904,486,7.0,0.3833334,1.0,0.288,1.029,0.282,2
21.325,14.175,4.35,2.35,2.575,28.125,15.55,9.65,-2.275,0.9,1.075,0.425,0.675,1.725,0.975,-0.05,18,27,17,22,17,22,25,19,27,26,20,26,23,24,30,23,1261,887,257,147,143,1602,1072,639,7.0,0.3833334,1.0,0.287,1.029,0.282,2
19.05,15.075,5.425,2.775,3.25,29.85,16.525,9.6,-5.275,-0.125,0.325,0.2,-0.2,6.7,1.075,-0.1,21,24,13,15,19,17,28,23,25,24,21,25,21,21,29,28,1175,883,299,187,177,1462,1136,689,7.0,0.3833334,1.0,0.287,1.029,0.282,2
13.775,14.95,5.75,2.975,3.05,36.55,17.6,9.5,-1.5,-0.225,1.325,0.45,-0.275,4.525,-0.2,2.6,18,21,16,12,17,22,20,18,25,21,26,24,22,22,28,27,837,873,350,189,186,2207,1008,626,7.0,0.3833334,1.0,0.287,1.029,0.282,2
12.275,14.725,7.075,3.425,2.775,41.075,17.4,12.1,2.075,0.475,0.075,0.05,0.0,-4.375,1.6,2.875,21,19,24,20,13,23,13,17,26,23,29,29,21,22,25,27,729,870,501,239,168,2479,959,757,7.0,0.3833334,1.0,0.287,1.027,0.282,2
14.35,15.2,7.15,3.475,2.775,36.7,19.0,14.975,5.125,3.475,-0.6,-0.1,0.25,-4.2,1.075,-1.3,20,23,27,26,14,19,24,25,30,30,29,29,20,23,27,30,876,995,492,233,150,2056,1255,963,7.0,0.3833334,1.0,0.287,1.025,0.283,2
19.475,18.675,6.55,3.375,3.025,32.5,20.075,13.675,1.975,0.2,0.175,0.2,0.775,-0.95,-1.225,-1.725,17,21,23,19,15,22,28,32,27,26,23,24,22,25,28,33,1197,1170,401,198,169,1864,1281,967,7.0,0.3833334,1.0,0.288,1.024,0.283,2
21.45,18.875,6.725,3.575,3.8,31.55,18.85,11.95,-0.35,-3.275,-0.975,-0.6,-0.075,3.625,-0.625,1.45,17,17,22,13,17,23,22,24,24,26,23,21,24,27,25,30,1368,1134,399,187,222,1966,1158,774,7.0,0.3833334,1.0,0.288,1.023,0.283,2
1.15,1.225,1.525,1.175,0.9,0.9,0.9,0.85,0.075,0.375,0.225,-0.05,-0.025,-0.125,0.075,0.025,6,4,12,6,2,0,4,3,20,16,15,10,17,16,11,9,57,63,67,43,39,33,39,32,8.0,0.3833334,1.383333,0.231,0.691,0.051,2
1.225,1.6,1.75,1.125,0.875,0.775,0.975,0.875,-0.175,0.375,-0.25,0.2,0.175,0.05,0.125,0.025,7,5,7,8,1,0,7,1,23,17,16,15,15,15,14,14,66,73,68,58,37,30,44,38,8.0,0.3833334,1.383333,0.231,0.691,0.05,2
1.05,1.975,1.5,1.325,1.05,0.825,1.1,0.9,-0.15,-0.125,0.0,-0.25,-0.075,0.025,-0.1,0.075,6,8,6,8,3,0,4,4,20,17,21,16,11,9,16,13,66,101,70,65,35,29,46,42,8.0,0.3833334,1.383333,0.231,0.691,0.05,2
0.9,1.85,1.5,1.075,0.975,0.85,1.0,0.975,0.2,-0.225,0.05,0.15,0.025,0.1,-0.075,0.125,5,10,11,4,3,2,5,3,15,17,23,19,13,19,15,11,51,105,81,54,32,40,43,43,8.0,0.3833334,1.383333,0.231,0.691,0.05,2
1.1,1.625,1.55,1.225,1.0,0.95,0.925,1.1,0.175,-0.225,-0.175,0.075,0.25,0.225,-0.025,0.0,5,13,11,5,5,7,7,2,19,20,17,24,17,21,15,15,54,95,74,60,38,46,42,46,8.0,0.3833334,1.383333,0.231,0.69,0.05,2
1.275,1.4,1.375,1.3,1.25,1.175,0.9,1.1,-0.075,-0.175,-0.05,-0.2,-0.05,-0.15,0.025,-0.15,6,13,14,4,9,5,5,3,19,16,15,17,19,13,17,20,58,74,68,51,48,44,48,55,8.0,0.3833334,1.383333,0.231,0.691,0.05,2
1.2,1.225,1.325,1.1,1.2,1.025,0.925,0.95,-0.125,-0.075,-0.025,1.675,2.425,2.825,1.9,0.3,10,8,13,5,6,0,3,4,19,13,18,15,17,10,15,19,57,64,69,54,48,34,42,51,8.0,0.3833334,1.383333,0.231,0.692,0.05,2
1.075,1.15,1.3,2.775,3.625,3.85,2.825,1.25,0.55,3.025,9.6,5.325,5.4,4.15,3.075,0.3,12,4,10,12,8,5,11,6,19,12,19,20,18,15,21,19,63,57,71,170,183,207,161,58,8.0,0.3833334,1.383333,0.232,0.696,0.053,2
1.625,4.175,10.9,8.1,9.025,8.0,5.9,1.55,0.7,3.2,8.9,-0.35,-1.775,-2.525,-1.625,-0.25,12,14,15,15,17,14,16,7,19,18,21,23,21,22,27,18,98,255,646,454,515,471,318,80,8.0,0.3833334,1.383333,0.237,0.709,0.06,2
2.325,7.375,19.8,7.75,7.25,5.475,4.275,1.3,-0.05,-0.9,1.375,-4.75,-5.05,-3.875,-3.075,-0.125,14,19,17,14,21,16,11,9,22,21,24,23,22,25,19,18,142,472,1154,437,430,335,209,74,8.0,0.3833334,1.383333,0.251,0.749,0.079,2
2.275,6.475,21.175,3.0,2.2,1.6,1.2,1.175,-0.1,-0.6,1.125,-0.575,-0.2,-0.225,-0.025,-0.05,15,17,18,12,14,18,7,10,22,23,28,22,22,22,13,21,139,400,1225,176,115,102,48,65,8.0,0.3833334,1.383333,0.268,0.822,0.115,2
2.175,5.875,22.3,2.425,2.0,1.375,1.175,1.125,0.225,0.975,3.25,0.775,0.25,0.5,0.275,-0.125,18,19,17,11,14,17,5,4,23,24,28,17,22,24,16,22,128,359,1255,129,104,77,45,55,8.0,0.3833334,1.383333,0.282,0.916,0.16,2
2.4,6.85,25.55,3.2,2.25,1.875,1.45,1.0,0.35,1.3,-0.475,0.375,-0.35,0.225,-0.05,0.225,21,24,18,15,12,12,7,4,29,29,23,23,22,30,20,18,168,455,1489,203,105,118,66,48,8.0,0.3833334,1.383333,0.284,1.017,0.201,2
2.75,8.15,25.075,3.575,1.9,2.1,1.4,1.225,0.5,0.1,-7.925,-0.525,-0.225,6.45,3.825,4.425,20,24,23,20,10,14,10,9,29,27,25,27,24,28,21,17,193,523,1624,230,91,136,82,65,8.0,0.3833334,1.383333,0.271,1.107,0.225,2
3.25,8.25,17.15,3.05,1.675,8.55,5.225,5.65,7.3,2.7,-6.85,-0.625,0.95,14.775,8.95,17.325,18,19,21,22,13,21,14,19,25,22,26,29,25,25,28,27,212,487,1110,204,101,550,300,411,8.0,0.3833334,1.383333,0.253,1.172,0.233,2
10.55,10.95,10.3,2.425,2.625,23.325,14.175,22.975,3.725,3.65,-3.8,0.075,0.95,8.8,9.05,12.225,18,20,20,14,14,21,21,23,25,24,26,26,24,25,30,27,670,624,671,165,155,1479,778,1377,8.0,0.3833334,1.383333,0.244,1.206,0.231,2
14.275,14.6,6.5,2.5,3.575,32.125,23.225,35.2,-4.325,-2.6,0.05,0.7,0.025,6.825,4.5,-2.275,25,18,23,9,18,19,18,21,31,21,28,23,25,26,25,25,940,716,424,152,210,1977,1230,2023,8.0,0.3833334,1.383333,0.248,1.222,0.225,2
9.95,12.0,6.55,3.2,3.6,38.95,27.725,32.925,-2.15,-0.25,0.4,-0.2,-0.175,1.225,-2.425,-5.325,24,18,22,15,23,23,17,26,31,20,27,27,25,26,23,29,614,550,368,183,230,2555,1554,2239,8.0,0.3833334,1.383333,0.25,1.226,0.221,2
7.8,11.75,6.95,3.0,3.425,40.175,25.3,27.6,0.475,-1.5,-0.75,-0.3,-0.425,-12.4,-5.075,-9.475,22,26,21,16,19,26,20,22,28,25,22,19,24,27,25,27,481,733,366,150,200,2749,1321,1801,8.0,0.3833334,1.383333,0.249,1.227,0.224,2
8.275,10.25,6.2,2.7,3.0,27.775,20.225,18.125,1.375,-1.725,0.15,0.325,-0.275,-8.425,-2.975,-6.575,24,23,18,15,17,28,19,18,27,26,20,22,25,33,26,27,507,609,373,149,166,2011,1011,1094,8.0,0.3833334,1.383333,0.249,1.228,0.229,2
9.65,8.525,6.35,3.025,2.725,19.35,17.25,11.55,-0.675,5.5,0.75,-0.375,-0.275,0.7,-1.475,-0.475,23,17,16,18,13,28,18,18,27,25,22,27,28,30,27,26,646,493,381,183,134,1382,948,763,8.0,0.3833334,1.383333,0.249,1.229,0.234,2
8.975,14.025,7.1,2.65,2.45,20.05,15.775,11.075,1.575,0.975,-0.8,-0.275,-0.2,0.325,-0.025,-0.375,23,21,17,18,10,26,20,18,27,25,23,23,29,27,25,23,589,865,423,155,117,1324,830,617,8.0,0.3833334,1.383333,0.25,1.229,0.238,2
10.55,15.0,6.3,2.375,2.25,20.375,15.75,10.7,-0.9,-4.925,-1.1,-0.075,0.0,-3.85,-0.75,-2.275,21,22,18,13,13,17,26,19,28,22,25,22,22,25,27,26,695,911,368,119,120,1162,944,621,8.0,0.3833334,1.383333,0.253,1.229,0.241,2
9.65,10.075,5.2,2.3,2.25,16.525,15.0,8.425,-0.3,-1.625,-0.6,-0.1,-0.2,1.35,-3.475,-0.8,15,20,14,11,15,19,29,23,20,22,20,20,21,25,29,27,578,542,262,116,116,1014,990,554,8.0,0.3833334,1.383333,0.256,1.229,0.243,2
9.35,8.45,4.6,2.2,2.05,17.875,11.525,7.625,0.175,1.85,1.125,0.725,0.225,2.1,0.075,-0.45,21,22,12,14,12,26,19,24,22,24,16,20,21,29,24,28,633,515,233,135,122,1203,716,494,8.0,0.3833334,1.383333,0.258,1.228,0.245,2
9.525,10.3,5.725,2.925,2.275,19.975,11.6,7.175,1.325,3.525,1.025,0.15,0.6,-0.45,2.175,1.375,25,18,14,14,9,22,14,21,29,25,20,24,17,27,20,28,712,686,321,175,119,1202,602,435,8.0,0.3833334,1.383333,0.26,1.227,0.245,2
10.85,13.825,6.75,3.075,2.875,19.525,13.775,8.55,3.325,0.85,-1.275,-0.275,0.15,8.0,-0.1,2.575,19,18,16,11,15,17,21,22,24,27,22,22,23,26,20,27,668,889,371,177,165,1024,792,494,8.0,0.3833334,1.383333,0.261,1.226,0.245,2
14.175,14.675,5.475,2.8,3.025,27.525,13.675,11.125,-2.275,-3.4,-0.675,-0.2,-0.25,2.7,-0.15,-1.65,16,23,12,10,18,19,22,23,22,29,25,19,24,27,20,27,872,968,308,160,176,1613,806,681,8.0,0.3833334,1.383333,0.261,1.226,0.244,2
11.9,11.275,4.8,2.6,2.775,30.225,13.525,9.475,-3.4,-1.95,0.525,-0.25,-0.1,-8.325,-0.95,-2.05,14,20,19,16,15,22,16,25,28,25,28,22,22,24,20,27,642,729,312,154,133,1826,713,636,8.0,0.3833334,1.383333,0.26,1.227,0.244,2
8.5,9.325,5.325,2.35,2.675,21.9,12.575,7.425,-1.55,-1.125,-0.3,0.125,0.075,-6.125,-1.35,0.475,16,18,30,25,16,16,18,21,29,24,31,24,26,24,27,21,429,592,376,152,143,1248,711,431,8.0,0.3833334,1.383333,0.259,1.228,0.243,2
6.95,8.2,5.025,2.475,2.75,15.775,11.225,7.9,1.8,0.95,-0.075,0.0,-0.275,2.975,1.0,1.15,14,15,21,22,14,13,18,22,25,24,27,22,29,25,29,23,327,486,327,143,169,919,631,468,8.0,0.3833334,1.383333,0.257,1.228,0.243,2
8.75,9.15,4.95,2.475,2.475,18.75,12.225,9.05,0.425,-0.45,0.3,-0.425,-0.125,7.55,0.675,-0.825,12,19,18,19,15,16,16,24,20,26,25,19,27,25,24,22,408,477,292,143,152,1123,664,564,8.0,0.3833334,1.383333,0.257,1.228,0.242,2
9.175,8.7,5.25,2.05,2.35,26.3,12.9,8.225,-1.35,-0.05,0.15,-0.1,-0.175,-4.675,-1.425,-0.875,16,22,22,15,17,18,15,19,20,26,24,18,20,24,24,19,502,511,319,114,124,1625,780,444,8.0,0.3833334,1.383333,0.257,1.228,0.242,2
7.825,8.65,5.4,1.95,2.175,21.625,11.475,7.35,1.85,3.2,-0.05,0.3,-0.425,-5.575,1.55,-0.025,14,20,22,14,13,22,18,18,22,24,23,19,18,25,26,20,464,581,333,107,108,1387,734,400,8.0,0.3833334,1.383333,0.257,1.228,0.243,2
9.675,11.85,5.35,2.25,1.75,16.05,13.025,7.325,1.25,-0.225,-0.25,0.05,0.275,4.6,-0.225,-0.775,18,24,21,14,10,26,22,21,26,28,25,24,20,27,26,24,650,757,361,138,96,1105,752,456,8.0,0.3833334,1.383333,0.258,1.227,0.243,2
10.925,11.625,5.1,2.3,2.025,20.65,12.8,6.55,-1.225,-2.4,0.125,-0.05,0.225,0.85,-3.8,-1.725,23,21,22,13,12,26,18,17,28,26,27,23,23,28,23,22,701,691,353,147,118,1441,719,404,8.0,0.3833334,1.383333,0.258,1.227,0.244,2
9.7,9.225,5.225,2.25,2.25,21.5,9.0,4.825,0.05,-0.375,-0.2,0.075,-0.2,-2.8,-1.075,-0.325,20,19,22,19,15,24,16,15,28,25,27,23,23,28,26,20,667,561,330,151,133,1450,488,278,8.0,0.3833334,1.383333,0.259,1.227,0.244,2
9.75,8.85,5.025,2.325,2.05,18.7,7.925,4.5,0.05,1.025,0.025,0.25,-0.1,-2.975,0.55,0.875,18,20,21,17,11,24,20,19,25,30,27,25,22,27,29,23,571,585,289,142,105,1250,444,265,8.0,0.3833334,1.383333,0.259,1.227,0.245,2
9.8,9.875,5.05,2.575,1.95,15.725,8.475,5.375,0.2,-0.025,-0.35,-0.05,0.075,-0.2,0.65,-0.85,22,20,24,16,10,26,18,19,27,31,26,25,22,26,28,22,594,665,307,160,111,1085,490,319,8.0,0.3833334,1.383333,0.26,1.227,0.246,2
10.0,9.85,4.7,2.525,2.025,15.525,9.125,4.525,0.5,-0.2,0.275,0.0,0.125,0.825,1.05,-0.275,29,18,25,20,10,25,19,17,28,24,25,23,18,25,27,25,716,596,292,154,107,1040,556,280,8.0,0.3833334,1.383333,0.26,1.226,0.245,2
10.5,9.65,4.975,2.525,2.15,16.35,10.175,4.25,-0.275,0.85,0.675,0.05,0.0,3.3,-0.7,0.4,19,20,20,21,8,24,21,14,26,24,28,24,21,26,25,26,651,577,298,155,119,1082,592,238,8.0,0.3833334,1.383333,0.26,1.225,0.245,2
10.225,10.5,5.65,2.575,2.15,19.65,9.475,4.65,-0.875,1.325,-0.025,0.4,0.625,3.35,-0.4,-0.05,13,25,20,18,10,21,22,16,23,27,32,25,21,24,22,27,585,705,366,169,145,1247,546,302,8.0,0.3833334,1.383333,0.26,1.224,0.245,2
9.35,11.825,5.625,2.975,2.775,23.0,9.075,4.6,1.3,-1.125,-0.325,-0.2,0.175,2.725,4.05,-0.725,19,20,24,15,16,23,22,17,22,26,31,24,21,25,24,26,557,655,384,188,169,1416,571,292,8.0,0.3833334,1.383333,0.26,1.225,0.244,2
10.65,10.7,5.3,2.775,2.95,25.725,13.125,3.875,0.925,-0.95,0.05,-0.475,-0.625,3.775,1.275,0.25,18,17,21,14,18,22,20,15,20,20,27,27,21,24,24,18,622,477,323,165,167,1518,682,216,8.0,0.3833334,1.383333,0.26,1.225,0.244,2
11.575,9.75,5.35,2.3,2.325,29.5,14.4,4.125,-0.2,1.55,0.05,0.1,0.225,-1.225,-3.05,1.125,19,21,16,18,17,21,21,17,19,20,26,24,23,26,25,26,642,492,303,126,137,1882,739,265,8.0,0.3833334,1.383333,0.261,1.224,0.244,2
11.375,11.3,5.4,2.4,2.55,28.275,11.35,5.25,4.075,2.65,-0.525,-0.25,0.1,-7.625,-0.7,-0.75,23,21,18,18,17,25,24,19,24,24,24,23,21,26,27,29,698,639,316,134,161,1852,705,344,8.0,0.3833334,1.383333,0.261,1.223,0.244,2
15.45,13.95,4.875,2.15,2.65,20.65,10.65,4.5,3.9,4.45,0.1,0.2,-0.3,-3.525,1.65,-0.825,19,23,24,16,14,24,22,22,25,28,28,23,20,25,26,27,953,833,309,134,154,1255,670,284,8.0,0.3833334,1.383333,0.261,1.222,0.245,2
19.35,18.4,4.975,2.35,2.35,17.125,12.3,3.675,-1.9,-0.8,-0.05,-0.1,-0.325,3.0,-2.625,-0.375,23,22,26,17,15,24,19,19,25,28,31,24,22,28,25,23,1215,1202,338,150,129,1088,772,228,8.0,0.3833334,1.383333,0.261,1.222,0.245,2
17.45,17.6,4.925,2.25,2.025,20.125,9.675,3.3,-1.0,-3.725,-0.9,-0.6,0.1,-1.325,-2.3,0.025,27,21,22,12,16,27,21,13,26,27,26,25,30,32,25,19,1159,1178,330,138,117,1403,644,199,8.0,0.3833334,1.383333,0.261,1.222,0.244,2
16.45,13.875,4.025,1.65,2.125,18.8,7.375,3.325,1.7,0.875,-1.05,-0.125,0.4,1.05,2.475,2.175,22,23,22,12,14,21,19,16,22,26,22,23,27,32,24,23,1033,912,272,103,116,1243,466,184,8.0,0.3833334,1.383333,0.26,1.221,0.244,2
18.15,14.75,2.975,1.525,2.525,19.85,9.85,5.5,-1.4,-0.5,1.075,0.275,-0.05,3.25,2.25,0.85,26,21,17,13,15,20,16,17,25,24,19,19,22,26,24,28,1163,906,177,92,145,1138,607,312,8.0,0.3833334,1.383333,0.26,1.221,0.245,2
16.75,14.25,4.05,1.8,2.475,23.1,12.1,6.35,-1.15,-0.925,1.025,0.325,0.025,-2.1,-1.825,-0.55,23,17,17,15,14,24,19,18,27,22,24,20,22,26,27,25,1002,857,253,111,154,1513,739,345,8.0,0.3833334,1.383333,0.259,1.221,0.245,2
15.6,13.325,5.075,2.125,2.5,21.0,10.275,5.8,-0.325,0.675,-0.475,0.2,0.0,-6.625,-2.675,-1.125,17,19,20,16,16,20,20,17,25,24,25,23,27,26,26,21,939,827,300,122,154,1428,623,350,8.0,0.3833334,1.383333,0.258,1.221,0.246,2
15.275,14.0,4.6,2.325,2.5,14.375,7.6,4.675,-3.65,-3.4,-1.0,-0.075,-0.25,-3.0,-0.375,-1.8,18,21,21,14,20,20,17,10,27,25,23,24,23,23,25,21,941,880,262,123,137,942,472,292,8.0,0.3833334,1.383333,0.256,1.221,0.247,2
11.625,10.6,3.6,2.25,2.25,11.375,7.225,2.875,-6.975,-6.225,-1.6,-0.6,-0.7,-4.725,-3.475,-1.15,12,18,17,14,20,19,16,11,26,22,21,21,20,22,21,20,760,653,234,121,121,733,420,153,8.0,0.3833334,1.383333,0.248,1.089,0.194,2
4.65,4.375,2.0,1.65,1.55,6.65,3.75,1.725,-3.775,-3.15,-0.825,-0.575,-0.525,-5.725,-2.775,-0.75,5,10,6,8,8,10,11,9,19,18,18,23,10,19,13,12,302,248,114,82,66,454,205,82,8.0,0.3833334,1.383333,0.231,0.824,0.087,2
0.875,1.225,1.175,1.075,1.025,0.925,0.975,0.975,0.05,-0.175,-0.05,0.125,0.125,0.05,0.075,-0.075,4,5,3,8,0,3,4,7,10,12,14,22,6,19,12,9,33,45,35,56,23,47,36,36,8.0,0.3833334,1.383333,0.223,0.692,0.034,2
0.925,1.05,1.125,1.2,1.15,0.975,1.05,0.9,0.05,0.125,0.475,0.2,0.05,0.25,0.125,0.15,5,5,2,12,2,5,7,5,14,12,13,18,12,18,16,12,38,42,32,60,36,42,43,37,8.0,0.3833334,1.383333,0.222,0.693,0.034,2
0.975,1.175,1.6,1.4,1.2,1.225,1.175,1.05,0.3,1.8,13.625,3.175,0.675,0.35,0.075,0.175,3,5,3,13,5,8,8,3,20,11,14,18,19,17,15,16,43,45,50,68,53,48,52,50,8.0,0.3833334,1.383333,0.222,0.695,0.035,2
1.275,2.975,15.225,4.575,1.875,1.575,1.25,1.225,0.85,2.025,12.625,6.65,0.95,0.15,0.1,0.15,8,11,16,17,9,13,6,3,24,17,23,24,22,19,14,14,65,151,938,268,101,78,55,52,8.0,0.3833334,1.383333,0.223,0.702,0.039,2
2.125,5.0,27.85,11.225,2.825,1.725,1.35,1.375,0.3,2.625,2.275,0.0,-0.075,-0.15,0.025,-0.05,14,14,24,26,13,11,7,5,26,23,25,29,19,21,17,16,129,294,1594,769,146,97,69,70,8.0,0.3833334,1.383333,0.232,0.726,0.053,2
2.425,7.625,30.125,11.225,2.75,1.575,1.375,1.325,-0.05,1.6,-2.025,-5.9,-0.6,-0.15,-0.125,-0.15,12,10,20,23,13,6,9,8,21,19,22,24,19,18,23,21,144,411,1623,704,141,82,73,80,8.0,0.3833334,1.383333,0.259,0.817,0.102,2
2.375,9.225,28.1,5.325,2.15,1.425,1.25,1.175,3.1,0.65,-4.375,-1.7,-0.05,1.95,0.9,2.45,11,13,20,17,16,4,5,8,19,22,23,23,22,12,26,20,137,503,1600,275,113,59,59,65,8.0,0.3833334,1.383333,0.277,1.005,0.181,2
5.475,9.875,23.725,3.625,2.1,3.375,2.15,3.625,3.925,-0.1,-6.075,-0.525,0.925,16.775,5.975,4.475,13,20,20,18,13,11,11,13,23,27,23,25,24,18,20,22,346,610,1286,209,123,175,104,199,8.0,0.3833334,1.383333,0.264,1.158,0.232,2
9.4,9.775,17.65,3.1,3.025,20.15,8.125,8.1,8.95,4.275,-7.4,-0.375,2.0,21.175,17.425,5.65,13,23,22,16,14,20,20,15,26,28,25,25,25,25,24,21,578,597,999,183,173,1162,501,467,8.0,0.3833334,1.383333,0.246,1.212,0.247,2
18.35,14.05,10.25,2.725,5.025,41.325,25.55,13.75,3.0,6.3,-1.225,0.125,0.375,12.325,12.6,3.275,17,20,22,13,19,18,23,15,25,25,24,22,26,22,27,23,867,783,611,157,271,2239,1607,824,8.0,0.3833334,1.383333,0.237,1.239,0.253,2
21.35,20.35,9.025,2.85,5.4,53.65,38.15,17.025,-5.25,-2.825,-1.975,-0.675,-0.7,1.025,-4.825,1.525,22,17,18,16,19,20,21,18,22,25,22,24,24,22,27,27,1090,1060,521,170,312,2997,2134,996,8.0,0.3833334,1.383333,0.234,1.249,0.261,2
16.1,17.525,7.05,2.175,4.7,54.675,33.325,18.55,-0.025,-1.9,-1.925,0.15,-0.3,-4.05,-8.375,-2.275,24,18,16,17,17,25,17,22,28,27,21,25,23,28,24,30,1095,977,419,149,273,3376,1688,1126,8.0,0.3833334,1.383333,0.232,1.249,0.27,2
16.075,15.625,5.125,2.325,4.4,50.625,24.95,16.275,-1.1,0.9,1.35,0.25,-0.45,0.4,-2.125,-4.6,18,23,21,12,21,24,20,22,30,27,24,19,23,29,23,30,948,1029,298,130,257,3188,1396,1071,8.0,0.3833334,1.383333,0.23,1.25,0.273,2
14.975,16.525,6.475,2.575,3.95,51.025,22.825,11.675,-2.2,1.55,0.65,-0.125,0.2,-5.675,2.575,0.175,16,24,23,13,22,22,22,21,26,24,29,19,24,26,23,26,824,1116,445,141,244,3121,1367,750,8.0,0.3833334,1.383333,0.231,1.25,0.271,2
12.775,18.075,7.125,2.45,4.15,45.35,25.4,11.85,1.4,-1.525,-1.475,-0.075,0.55,3.625,1.65,-0.8,18,22,24,17,16,24,22,19,22,25,28,22,23,28,21,26,737,1123,492,143,240,2906,1463,673,8.0,0.3833334,1.383333,0.234,1.25,0.269,2
14.175,16.55,5.65,2.375,4.7,48.975,27.05,11.05,1.475,-5.875,-0.275,-0.075,-0.125,-0.525,1.15,-1.65,18,28,23,15,17,23,20,18,22,28,27,19,23,28,25,25,831,1121,364,118,271,3041,1505,578,8.0,0.3833334,1.383333,0.236,1.251,0.268,2
15.65,10.675,5.375,2.3,4.575,48.45,28.2,9.4,-2.25,4.925,-0.575,-0.275,-1.3,-13.65,-5.25,-1.925,22,26,20,15,19,23,18,17,27,26,24,18,26,30,28,23,962,713,333,124,296,3055,1724,542,8.0,0.3833334,1.383333,0.238,1.25,0.268,2
13.4,15.6,4.8,2.025,3.275,34.8,22.95,7.475,0.95,5.25,-0.85,0.325,-0.35,3.325,-4.375,-2.225,23,23,18,13,13,18,21,21,23,25,23,22,23,24,31,26,858,1057,272,112,185,2084,1488,478,8.0,0.3833334,1.383333,0.24,1.248,0.27,2
14.35,20.85,3.95,2.35,2.925,38.125,18.575,5.25,-0.4,-4.075,-0.05,0.0,0.075,4.75,1.825,4.775,21,21,21,16,10,18,23,23,23,26,23,26,23,21,28,26,933,1403,248,143,129,2168,1078,336,8.0,0.3833334,1.383333,0.241,1.245,0.273,2
13.95,16.775,3.9,2.35,3.0,42.875,20.4,10.025,-2.925,-1.15,-0.275,-0.2,0.325,0.55,-0.675,4.775,19,18,18,18,11,22,22,26,22,23,24,27,24,27,27,28,844,1002,250,161,169,2650,1191,686,8.0,0.3833334,1.383333,0.242,1.244,0.275,2
11.025,15.625,3.625,2.15,3.325,43.425,19.725,14.8,0.6,0.575,-0.1,-0.2,-0.025,-2.05,3.65,-0.775,19,22,15,15,20,24,19,29,20,25,23,23,23,29,28,30,661,964,223,135,208,2675,1173,1008,8.0,0.3833334,1.383333,0.242,1.244,0.276,2
11.625,16.2,3.525,1.95,3.3,41.375,23.375,14.025,2.325,0.975,0.325,0.075,-0.675,-3.875,-0.425,0.975,20,20,16,14,22,28,17,26,23,30,26,18,28,31,21,29,689,994,221,107,191,2742,1253,867,8.0,0.3833334,1.383333,0.241,1.243,0.277,2
13.95,17.175,3.85,2.025,2.625,37.5,22.95,15.0,-1.625,-1.2,0.2,0.6,-0.05,0.8,-6.1,0.4,19,21,23,16,15,25,17,22,22,27,34,25,27,31,19,29,691,1010,256,123,152,2556,1221,883,8.0,0.3833334,1.383333,0.24,1.242,0.279,2
12.325,15.975,4.05,2.625,2.575,38.3,16.85,15.4,-3.05,-1.275,-0.175,-0.325,-0.275,0.875,1.475,-3.0,19,24,23,19,17,23,16,19,22,28,27,24,21,30,20,27,625,1010,258,148,165,2483,870,965,8.0,0.3833334,1.383333,0.239,1.241,0.279,2
9.275,14.7,3.875,2.3,2.3,39.175,18.325,12.4,2.425,-1.025,-0.25,-0.4,0.3,-6.125,0.225,-2.65,23,24,15,18,14,23,15,20,26,30,22,25,23,26,22,29,607,951,225,126,146,2654,846,762,8.0,0.3833334,1.383333,0.239,1.242,0.278,2
11.7,13.675,3.625,1.9,2.6,33.05,18.55,9.75,1.375,1.125,0.35,0.075,0.625,-2.2,-1.825,0.8,22,22,16,17,16,17,19,21,29,28,22,24,26,25,25,24,727,814,199,108,165,2107,989,556,8.0,0.3833334,1.383333,0.238,1.241,0.278,2
13.075,14.8,3.975,1.975,3.225,30.85,16.725,10.55,-0.15,0.925,0.325,0.0,-0.225,2.3,-1.95,-0.575,14,20,21,16,22,19,20,20,23,26,24,21,23,25,28,23,724,828,242,114,211,1989,1012,624,8.0,0.3833334,1.383333,0.238,1.241,0.277,2
12.925,15.725,4.3,1.975,3.0,33.15,14.775,9.975,0.0,-3.425,-0.1,0.025,-0.2,-4.425,-1.075,-2.6,17,22,25,19,23,25,22,19,23,23,27,22,24,26,34,23,778,945,266,122,195,2280,999,605,8.0,0.3833334,1.383333,0.239,1.241,0.276,2
12.925,12.3,4.2,2.0,2.8,28.725,13.7,7.375,6.2,2.95,0.025,0.175,0.1,-5.125,6.675,-0.525,20,18,21,19,21,26,20,20,26,22,23,21,29,26,29,21,693,712,251,120,180,1960,846,429,8.0,0.3833334,1.383333,0.239,1.241,0.276,2
19.125,15.25,4.225,2.175,2.9,23.6,20.375,6.85,7.075,3.8,0.325,0.25,-0.25,5.875,3.325,1.325,16,20,20,15,18,24,18,22,23,23,23,18,26,24,25,23,960,887,257,110,171,1417,1075,402,8.0,0.3833334,1.383333,0.24,1.241,0.275,2
26.2,19.05,4.55,2.425,2.65,29.475,23.7,8.175,-2.625,2.65,-0.325,-0.025,0.025,8.7,-1.475,1.375,20,19,21,13,16,22,18,18,24,23,29,19,18,22,25,27,1542,1087,275,123,137,1587,1261,470,8.0,0.3833334,1.383333,0.24,1.241,0.276,2
23.575,21.7,4.225,2.4,2.675,38.175,22.225,9.55,2.825,4.775,-0.075,0.05,0.675,0.7,-2.275,-0.75,25,20,19,11,17,25,20,19,30,25,28,19,17,24,23,27,1586,1337,273,127,144,2267,1391,556,8.0,0.3833334,1.383333,0.24,1.241,0.276,2
26.4,26.475,4.15,2.45,3.35,38.875,19.95,8.8,0.25,-4.65,0.675,0.175,0.75,5.525,-1.475,2.25,18,26,20,14,20,30,22,22,31,27,25,23,23,28,24,23,1547,1747,272,133,206,2678,1422,570,8.0,0.3833334,1.383333,0.239,1.241,0.276,2
1.125,1.55,1.275,1.1,1.025,0.8,0.85,0.925,-0.15,0.275,0.025,-0.175,0.125,0.0,0.1,-0.025,8,14,10,3,2,0,4,6,19,21,16,22,20,15,18,17,55,94,64,60,43,33,45,47,0.0,-0.3833333,0.6166667,0.231,0.692,0.01,3
0.975,1.825,1.3,0.925,1.15,0.8,0.95,0.9,0.15,0.275,-0.125,0.025,0.0,0.075,-0.075,-0.1,4,13,9,3,9,2,9,5,13,17,14,19,20,16,21,15,43,96,59,53,51,40,53,37,0.0,-0.3833333,0.6166667,0.231,0.692,0.01,3
1.125,2.1,1.175,0.95,1.15,0.875,0.875,0.8,0.1,0.0,0.2,0.3,-0.175,0.15,0.15,-0.125,7,19,7,8,7,3,9,3,20,19,19,20,17,15,21,16,61,126,59,58,47,40,52,36,0.0,-0.3833333,0.6166667,0.231,0.693,0.01,3
1.225,2.1,1.375,1.25,0.975,1.025,1.025,0.675,-0.175,-0.05,-0.05,-0.05,0.125,0.2,0.075,-0.05,9,20,9,8,1,1,8,2,17,21,19,23,14,18,15,17,59,133,68,64,35,37,46,37,0.0,-0.3833333,0.6166667,0.231,0.693,0.01,3
1.05,2.05,1.325,1.2,1.1,1.225,1.1,0.625,-0.1,-0.225,-0.2,-0.25,0.1,-0.125,-0.225,0.15,7,15,8,4,1,3,8,1,14,18,20,17,11,18,12,14,50,109,66,51,34,44,42,32,0.0,-0.3833333,0.6166667,0.23,0.692,0.01,3
0.95,1.825,1.125,0.95,1.2,1.1,0.875,0.775,0.175,-0.425,0.25,0.825,0.5,0.225,0.6,0.4,5,14,5,1,2,5,4,2,14,20,19,16,13,20,14,14,44,99,52,40,36,44,39,36,0.0,-0.3833333,0.6166667,0.23,0.692,0.009,3
1.125,1.4,1.375,1.775,1.7,1.325,1.475,1.175,-0.05,0.15,1.475,0.825,1.4,0.95,0.875,-0.025,6,9,9,3,7,7,8,7,16,19,19,16,20,17,12,16,53,74,60,83,77,54,69,53,0.0,-0.3833333,0.6166667,0.23,0.693,0.01,3
1.075,1.55,2.85,2.6,3.1,2.275,2.35,1.15,0.125,2.375,8.025,0.325,-0.25,-0.2,-0.45,-0.25,4,10,15,8,12,10,13,5,15,15,18,15,26,16,18,20,49,80,172,118,182,113,112,58,0.0,-0.3833333,0.6166667,0.229,0.697,0.014,3
1.2,3.925,10.875,2.925,2.85,2.075,1.9,0.9,0.55,3.375,7.65,1.05,-0.55,-0.725,-0.85,0.175,3,16,16,9,12,8,12,0,17,21,20,13,22,17,23,13,58,218,587,132,172,110,95,38,0.0,-0.3833333,0.6166667,0.222,0.711,0.033,3
1.75,7.3,18.525,3.975,2.3,1.35,1.05,1.075,0.55,2.425,-2.125,3.225,0.725,0.575,-0.025,0.225,13,22,19,13,10,12,5,4,20,24,19,18,20,19,14,9,95,428,1014,210,117,71,52,36,0.0,-0.3833333,0.6166667,0.201,0.731,0.07,3
2.3,9.725,16.4,7.2,3.025,1.925,1.025,1.3,-0.05,0.575,2.05,1.625,0.3,0.275,0.425,-0.1,20,22,23,19,12,14,7,11,24,26,22,22,22,16,13,17,144,605,1010,486,150,97,58,62,0.0,-0.3833333,0.6166667,0.161,0.753,0.117,3
2.25,10.3,18.45,8.825,3.325,2.2,1.45,1.2,0.85,0.675,4.3,-0.375,-0.025,-0.05,0.675,0.425,15,19,24,20,16,10,12,9,23,25,24,24,17,14,16,20,139,615,1138,584,163,107,74,69,0.0,-0.3833333,0.6166667,0.089,0.778,0.185,3
3.1,10.975,22.75,8.45,3.3,2.15,2.125,1.625,0.75,2.925,-1.725,-1.525,-0.75,-0.15,0.075,0.25,17,21,20,18,19,14,14,12,23,26,26,27,19,21,21,23,195,649,1380,541,165,107,131,116,0.0,-0.3833333,0.6166667,-0.037,0.805,0.288,3
3.85,13.9,21.025,6.925,2.55,2.0,2.2,1.875,-1.025,0.9,-6.325,-1.85,-0.8,-0.425,-0.325,-0.35,24,21,23,20,24,17,15,12,27,24,30,28,27,24,21,29,268,842,1391,452,155,111,137,133,0.0,-0.3833333,0.6166667,-0.136,0.813,0.364,3
2.825,14.8,14.7,5.075,1.75,1.575,1.875,1.525,-0.1,-2.075,-3.525,2.125,-0.075,-0.15,0.175,0.1,21,21,24,26,16,17,16,8,26,24,31,30,23,21,21,25,193,873,994,361,105,92,96,91,0.0,-0.3833333,0.6166667,-0.159,0.805,0.384,3
2.725,12.725,11.175,7.2,1.675,1.425,2.05,1.625,0.025,-2.075,-0.4,0.475,0.05,-0.025,-0.2,0.0,21,24,22,25,10,14,18,14,25,24,28,31,16,19,23,19,182,762,738,465,88,86,119,96,0.0,-0.3833333,0.6166667,-0.165,0.8,0.391,3
2.75,10.65,10.775,7.675,1.725,1.4,1.85,1.625,-0.55,-0.5,-3.675,-1.4,-0.125,-0.1,-0.4,-0.1,20,29,20,23,16,9,15,12,25,30,23,28,21,18,22,21,178,753,671,506,109,74,111,98,0.0,-0.3833333,0.6166667,-0.169,0.796,0.395,3
2.2,10.15,7.1,6.275,1.6,1.3,1.45,1.525,0.775,-1.7,-1.275,0.675,-0.075,0.35,0.425,0.2,16,23,21,22,14,9,10,13,27,29,27,23,24,21,22,27,129,716,464,409,101,73,75,96,0.0,-0.3833333,0.6166667,-0.172,0.794,0.399,3
2.975,8.45,5.825,6.95,1.525,1.65,1.875,1.725,0.15,-1.025,0.75,-0.1,-0.025,0.25,0.075,0.05,17,19,19,25,14,15,15,16,27,23,28,24,18,24,23,27,178,549,366,445,78,97,107,115,0.0,-0.3833333,0.6166667,-0.173,0.795,0.401,3
3.125,7.425,6.575,6.85,1.5,1.9,1.95,1.775,-1.1,0.75,0.375,-1.0,-0.15,-0.4,-0.45,-0.075,20,17,20,19,13,16,15,12,25,25,26,22,18,23,27,27,204,481,369,403,86,104,122,117,0.0,-0.3833333,0.6166667,-0.172,0.797,0.402,3
2.025,8.175,6.95,5.85,1.35,1.5,1.5,1.7,-0.075,0.65,-0.025,-0.775,0.275,-0.025,0.0,-0.025,12,17,22,18,8,15,10,12,20,25,24,23,14,23,20,25,118,496,397,347,74,81,80,89,0.0,-0.3833333,0.6166667,-0.17,0.797,0.402,3
1.95,8.825,6.925,5.075,1.625,1.475,1.5,1.675,0.6,2.225,0.275,0.85,-0.05,0.225,0.35,0.025,8,21,16,21,8,20,8,15,21,21,20,23,14,24,20,23,106,504,381,289,83,84,76,91,0.0,-0.3833333,0.6166667,-0.168,0.797,0.401,3
2.55,11.05,7.2,5.925,1.575,1.7,1.85,1.7,-0.175,-0.425,0.925,0.7,-0.425,-0.075,0.0,-0.075,13,24,19,21,10,19,14,16,22,26,22,22,19,24,25,28,165,719,423,329,90,91,111,106,0.0,-0.3833333,0.6166667,-0.167,0.797,0.401,3
2.375,10.625,8.125,6.625,1.15,1.625,1.85,1.625,-0.525,-1.5,0.175,0.15,0.25,-0.175,-0.275,-0.1,16,27,22,22,13,13,17,13,23,31,22,26,20,18,24,24,157,749,512,357,71,83,115,94,0.0,-0.3833333,0.6166667,-0.166,0.797,0.401,3
1.85,9.125,8.3,6.775,1.4,1.45,1.575,1.525,0.4,-0.45,0.1,-0.325,0.275,0.0,0.175,0.025,12,23,18,23,13,13,7,10,23,24,21,25,18,17,19,15,101,557,501,381,75,76,83,68,0.0,-0.3833333,0.6166667,-0.166,0.796,0.401,3
2.25,8.675,8.4,6.45,1.675,1.45,1.75,1.55,0.0,0.2,1.075,-0.025,-0.1,-0.175,-0.125,-0.25,12,18,22,21,14,14,5,10,23,20,26,27,22,20,17,17,131,477,519,371,87,78,88,69,0.0,-0.3833333,0.6166667,-0.166,0.796,0.4,3
2.25,8.875,9.475,6.425,1.575,1.275,1.625,1.3,-0.25,0.275,-1.375,-0.175,0.025,-0.05,-0.3,-0.3,14,15,26,19,12,10,6,12,20,23,30,25,23,21,16,25,129,477,628,397,91,63,80,68,0.0,-0.3833333,0.6166667,-0.166,0.796,0.399,3
2.0,9.15,8.1,6.25,1.6,1.225,1.325,1.0,0.125,-0.05,-0.675,0.2,0.2,0.125,0.075,0.325,12,16,20,18,16,13,13,12,18,25,25,22,21,23,16,26,111,585,539,384,92,64,58,64,0.0,-0.3833333,0.6166667,-0.166,0.796,0.399,3
2.125,9.1,7.425,6.45,1.8,1.35,1.4,1.325,0.05,0.325,0.45,-0.225,-0.05,0.025,0.5,0.175,17,17,16,16,22,12,19,14,21,24,22,23,23,19,18,23,126,583,428,359,104,65,78,87,0.0,-0.3833333,0.6166667,-0.165,0.796,0.398,3
2.175,9.425,7.875,6.225,1.75,1.375,1.9,1.5,-0.375,-2.4,-0.05,-0.3,0.075,0.125,0.7,-0.1,18,22,19,19,14,10,15,16,25,23,22,24,21,19,21,26,133,563,479,378,97,64,105,101,0.0,-0.3833333,0.6166667,-0.165,0.797,0.398,3
1.8,7.025,7.825,5.925,1.825,1.5,2.6,1.4,-0.05,0.825,1.4,1.95,0.35,0.275,0.55,0.15,16,19,19,20,12,11,11,15,26,24,24,23,23,22,22,24,114,454,502,346,98,84,147,87,0.0,-0.3833333,0.6166667,-0.166,0.797,0.398,3
1.75,7.85,9.225,7.875,2.175,1.775,3.15,1.55,0.875,3.525,1.775,0.125,-0.325,-0.25,0.175,0.1,14,14,22,23,16,12,12,13,27,27,28,21,24,20,20,19,104,488,634,476,117,101,185,81,0.0,-0.3833333,0.6166667,-0.166,0.798,0.398,3
2.625,11.375,11.0,8.0,1.85,1.525,3.325,1.65,0.275,0.3,-1.65,-2.2,-0.375,-0.175,-0.8,0.175,12,16,24,22,14,11,17,11,25,29,29,22,23,23,24,23,137,667,694,464,105,91,214,96,0.0,-0.3833333,0.6166667,-0.167,0.797,0.397,3
2.9,11.675,9.35,5.8,1.475,1.35,2.525,1.825,-0.475,0.2,-2.15,-0.55,0.15,0.1,-0.575,-0.15,19,19,22,19,10,14,18,13,25,27,23,23,19,24,20,23,168,683,549,333,78,76,154,105,0.0,-0.3833333,0.6166667,-0.168,0.797,0.396,3
2.425,11.875,7.2,5.25,1.625,1.45,1.95,1.675,0.2,-1.075,0.825,1.6,-0.1,-0.3,0.875,-0.025,21,24,17,16,11,13,15,9,23,27,21,23,19,18,22,17,155,730,454,319,89,72,115,73,0.0,-0.3833333,0.6166667,-0.168,0.796,0.395,3
2.625,10.8,8.025,6.85,1.525,1.15,2.825,1.65,0.3,-0.9,-0.7,-0.275,0.15,0.125,-0.05,0.175,16,22,18,17,12,7,14,10,25,25,26,24,20,14,25,17,171,653,534,380,80,54,179,75,0.0,-0.3833333,0.6166667,-0.168,0.795,0.394,3
2.925,9.9,7.325,6.575,1.675,1.275,2.775,1.825,-0.25,-0.475,0.25,-0.85,0.075,0.175,-0.45,-0.15,16,20,21,23,10,8,15,17,23,24,30,23,17,19,21,26,173,644,478,396,90,74,161,101,0.0,-0.3833333,0.6166667,-0.168,0.795,0.395,3
2.675,9.425,7.575,5.725,1.75,1.45,2.325,1.675,-0.35,-0.975,0.3,-0.175,-0.275,-0.2,-0.425,-0.175,17,22,19,25,14,7,18,15,19,28,30,26,17,19,24,23,152,634,494,363,101,83,144,90,0.0,-0.3833333,0.6166667,-0.168,0.796,0.395,3
2.325,8.45,7.875,5.55,1.475,1.25,1.9,1.5,0.025,-0.75,-0.725,-0.075,0.225,0.05,-0.275,0.0,13,21,21,21,18,7,14,13,18,26,26,25,23,19,25,20,135,518,502,321,82,72,127,82,0.0,-0.3833333,0.6166667,-0.168,0.795,0.395,3
2.35,7.7,7.15,5.475,1.7,1.3,1.625,1.5,0.3,0.525,-0.1,-0.175,0.0,0.05,0.325,0.175,12,16,25,20,13,13,15,11,18,25,27,21,24,21,22,21,132,464,479,343,95,73,105,88,0.0,-0.3833333,0.6166667,-0.167,0.794,0.395,3
2.65,8.225,7.05,5.3,1.7,1.35,1.95,1.675,-0.25,0.675,0.425,0.475,-0.3,-0.075,-0.3,0.15,17,15,24,18,11,9,15,15,24,26,29,20,20,15,21,19,169,454,467,309,91,66,118,92,0.0,-0.3833333,0.6166667,-0.167,0.793,0.396,3
2.4,8.9,7.475,5.775,1.4,1.275,1.65,1.825,-0.325,-0.075,1.45,0.6,0.175,0.05,-0.175,-0.275,16,18,21,15,12,5,9,18,24,22,30,22,22,15,19,19,152,470,465,336,85,60,94,104,0.0,-0.3833333,0.6166667,-0.167,0.792,0.396,3
2.075,8.825,8.925,6.375,1.575,1.325,1.475,1.55,-0.175,0.2,-0.725,-1.2,0.35,0.1,0.175,-0.3,14,19,22,21,14,9,12,15,19,20,27,24,26,21,20,18,115,487,580,418,106,78,88,86,0.0,-0.3833333,0.6166667,-0.167,0.791,0.396,3
1.9,9.025,8.2,5.175,1.925,1.425,1.65,1.25,0.025,0.625,-1.225,-1.05,0.0,-0.075,0.025,0.075,16,25,24,22,18,12,12,15,21,25,23,30,25,24,20,20,103,585,567,351,113,88,98,69,0.0,-0.3833333,0.6166667,-0.167,0.79,0.396,3
1.925,9.65,6.975,4.125,1.925,1.35,1.675,1.325,0.225,-0.55,0.45,0.3,-0.15,0.0,-0.15,0.275,15,27,19,20,14,8,11,13,25,28,22,29,20,22,22,24,117,642,431,265,90,82,97,76,0.0,-0.3833333,0.6166667,-0.167,0.79,0.395,3
2.15,9.1,7.425,4.425,1.775,1.35,1.525,1.6,-0.4,-4.05,-1.075,-0.325,-0.225,-0.075,-0.175,-0.1,14,23,21,22,11,9,12,15,23,27,25,24,19,21,20,22,126,576,450,279,92,88,92,88,0.0,-0.3833333,0.6166667,-0.166,0.79,0.395,3
1.75,5.05,6.35,4.1,1.55,1.275,1.35,1.5,-0.6,-3.025,-3.225,-1.275,-0.325,-0.125,-0.175,-0.25,9,17,18,18,13,8,11,17,22,29,21,20,25,18,13,20,86,319,367,238,96,69,68,87,0.0,-0.3833333,0.6166667,-0.013,0.751,0.254,3
1.15,2.025,3.125,2.825,1.225,1.15,1.175,1.25,-0.05,-0.475,-1.7,-1.0,-0.05,0.05,-0.075,-0.1,5,11,8,12,6,6,9,10,24,25,17,17,26,11,13,17,56,124,148,159,74,39,48,63,0.0,-0.3833333,0.6166667,0.178,0.702,0.078,3
1.1,1.55,1.425,1.825,1.175,1.2,1.1,1.15,0.0,0.025,0.35,0.05,0.975,0.2,0.225,-0.175,4,11,7,8,2,5,6,5,14,18,19,19,17,18,14,16,44,80,78,92,49,54,42,50,0.0,-0.3833333,0.6166667,0.216,0.693,0.043,3
1.1,1.575,1.775,1.875,2.15,1.4,1.325,0.975,0.05,-0.1,0.475,0.55,0.675,0.175,0.05,-0.075,5,15,10,9,9,6,9,5,11,19,20,22,16,21,15,16,41,81,100,98,103,79,56,50,0.0,-0.3833333,0.6166667,0.216,0.696,0.045,3
1.15,1.475,2.25,2.425,2.825,1.575,1.375,0.9,0.15,0.0,0.75,-0.2,-0.575,-0.175,-0.25,-0.15,7,12,10,14,13,11,12,3,13,18,25,24,19,22,21,19,45,73,130,152,147,96,73,51,0.0,-0.3833333,0.6166667,0.214,0.703,0.055,3
1.3,1.475,3.0,2.225,2.25,1.4,1.125,0.75,-0.025,1.05,1.275,-0.225,-0.425,-0.175,-0.025,0.2,16,11,12,14,18,10,8,1,22,17,25,23,19,21,17,19,65,85,171,141,122,89,53,46,0.0,-0.3833333,0.6166667,0.205,0.715,0.076,3
1.275,2.525,4.275,2.0,1.825,1.225,1.1,0.95,-0.075,2.275,1.15,0.525,0.4,-0.075,0.0,0.225,14,15,19,11,17,7,9,4,23,16,26,16,15,21,18,16,70,133,261,102,88,67,51,45,0.0,-0.3833333,0.6166667,0.18,0.733,0.109,3
1.2,4.8,5.425,2.525,2.225,1.15,1.1,1.175,0.275,3.2,2.175,1.575,0.075,0.05,0.175,0.125,8,19,19,9,11,4,7,5,20,20,27,11,13,23,18,14,67,282,340,112,85,59,49,43,0.0,-0.3833333,0.6166667,0.129,0.755,0.156,3
1.475,8.0,7.6,4.1,2.3,1.2,1.275,1.3,0.575,3.0,2.725,1.9,-0.5,0.15,0.25,0.125,14,21,17,17,9,7,7,6,23,24,26,19,16,26,21,13,84,469,431,227,102,76,60,53,0.0,-0.3833333,0.6166667,-0.006,0.795,0.256,3
2.05,11.0,10.325,6.0,1.8,1.35,1.525,1.425,0.275,-0.4,-0.575,0.625,0.4,0.075,0.175,0.1,13,23,19,21,9,12,11,8,24,27,26,24,17,28,19,13,106,657,603,362,98,83,80,60,0.0,-0.3833333,0.6166667,-0.129,0.823,0.342,3
2.325,10.6,9.75,6.625,2.2,1.425,1.7,1.525,0.125,-0.35,-0.3,-0.2,-0.075,0.05,-0.05,0.15,10,22,20,20,16,13,15,12,23,29,30,24,19,22,22,19,133,664,617,400,119,75,100,81,0.0,-0.3833333,0.6166667,-0.152,0.821,0.36,3
2.45,10.25,9.45,6.425,2.125,1.475,1.65,1.675,-0.025,1.475,-0.725,-1.275,-0.325,0.075,-0.075,-0.15,15,24,21,23,13,16,14,13,22,30,29,24,21,22,22,26,156,706,598,395,106,85,93,92,0.0,-0.3833333,0.6166667,-0.159,0.816,0.366,3
2.425,11.725,8.725,5.15,1.8,1.55,1.575,1.525,0.325,0.15,-2.9,-1.0,-0.125,-0.05,0.15,0.25,21,25,25,24,10,15,13,10,27,28,26,28,21,26,19,22,160,821,538,329,95,87,90,80,0.0,-0.3833333,0.6166667,-0.163,0.812,0.367,3
2.75,11.875,5.825,4.15,1.675,1.5,1.725,1.775,-0.2,-1.875,0.175,0.325,-0.25,-0.3,-0.075,0.125,20,22,28,17,13,6,16,7,30,23,27,23,23,24,28,25,180,755,366,241,94,73,107,98,0.0,-0.3833333,0.6166667,-0.166,0.808,0.365,3
2.55,10.0,6.0,4.475,1.425,1.2,1.65,1.9,-0.55,-1.9,1.525,1.1,0.05,-0.025,0.1,-0.3,13,23,25,12,13,2,13,15,24,26,26,19,25,16,26,28,166,652,409,253,85,55,95,105,0.0,-0.3833333,0.6166667,-0.168,0.807,0.364,3
2.0,8.1,7.525,5.575,1.475,1.175,1.75,1.6,-0.05,-0.7,-0.225,-0.075,-0.275,0.225,0.075,-0.3,13,23,24,16,9,11,13,20,23,28,27,22,22,20,19,27,125,558,537,331,71,68,93,96,0.0,-0.3833333,0.6166667,-0.168,0.807,0.363,3
1.95,7.4,7.3,5.5,1.2,1.4,1.825,1.3,-0.175,0.3,0.575,-0.3,0.3,0.075,-0.45,0.075,14,20,22,17,8,15,11,10,23,27,26,22,15,19,23,21,113,469,504,326,50,69,96,75,0.0,-0.3833333,0.6166667,-0.168,0.808,0.362,3
1.775,7.7,7.875,5.2,1.5,1.475,1.375,1.375,0.125,2.0,1.775,-0.425,0.65,-0.025,-0.075,0.55,13,20,19,18,8,12,5,6,22,24,25,22,18,17,23,20,115,442,511,291,83,72,68,66,0.0,-0.3833333,0.6166667,-0.168,0.808,0.362,3
1.9,9.7,9.65,4.775,2.15,1.45,1.3,1.925,0.575,1.4,-0.55,-0.45,-0.225,-0.125,0.35,-0.125,18,24,22,15,15,15,4,13,26,26,27,20,25,25,21,22,134,619,641,269,129,89,61,103,0.0,-0.3833333,0.6166667,-0.169,0.809,0.363,3
2.475,11.1,9.1,4.325,1.925,1.325,1.65,1.8,0.05,-1.95,-2.325,0.6,-0.125,-0.075,-0.1,-0.475,17,24,19,7,15,10,10,10,26,29,24,16,24,25,21,22,139,754,557,234,114,67,80,99,0.0,-0.3833333,0.6166667,-0.17,0.809,0.364,3
2.525,9.15,6.775,4.925,1.8,1.25,1.55,1.325,0.175,-2.15,0.65,0.85,-0.2,-0.075,0.025,0.15,12,21,20,13,13,7,16,9,17,27,24,21,21,23,18,19,118,612,384,302,95,62,82,74,0.0,-0.3833333,0.6166667,-0.17,0.81,0.365,3
2.7,7.0,7.425,5.775,1.6,1.175,1.575,1.475,0.175,2.125,1.3,0.025,-0.125,0.225,0.275,0.425,17,20,23,17,11,7,12,11,17,22,28,22,22,19,19,18,143,440,491,349,78,61,82,73,0.0,-0.3833333,0.6166667,-0.17,0.811,0.366,3
2.875,9.125,8.725,5.8,1.475,1.4,1.85,1.9,-0.25,2.325,-1.575,-1.6,0.125,-0.05,-0.15,-0.25,19,20,19,18,9,8,12,13,25,20,24,19,26,17,20,19,164,564,514,332,75,71,93,99,0.0,-0.3833333,0.6166667,-0.169,0.811,0.365,3
2.625,11.45,7.15,4.2,1.6,1.35,1.7,1.65,0.375,-1.1,0.4,1.075,-0.05,-0.15,0.2,-0.15,18,16,18,20,9,11,16,10,26,20,21,21,25,16,20,17,156,633,361,223,81,74,98,91,0.0,-0.3833333,0.6166667,-0.168,0.811,0.365,3
3.0,10.35,7.55,5.275,1.55,1.2,1.9,1.5,0.05,-1.55,0.15,0.425,0.175,0.325,-0.1,0.2,18,17,20,16,13,12,15,13,25,27,23,23,21,20,23,20,179,614,452,304,84,67,114,85,0.0,-0.3833333,0.6166667,-0.168,0.811,0.365,3
3.05,8.8,7.7,5.7,1.725,1.525,1.8,1.7,-0.5,-1.175,-0.9,-0.775,-0.125,0.05,-0.225,-0.05,13,19,22,17,17,10,17,15,22,25,27,29,21,21,19,22,174,529,495,370,96,79,103,94,0.0,-0.3833333,0.6166667,-0.167,0.809,0.364,3
2.55,7.625,6.8,4.925,1.6,1.575,1.575,1.65,-0.25,0.375,1.95,2.525,-0.1,-0.075,0.1,-0.075,14,15,20,18,13,9,14,8,19,21,26,27,22,19,18,19,149,409,453,307,92,82,86,75,0.0,-0.3833333,0.6166667,-0.167,0.807,0.365,3
2.3,8.0,8.75,7.45,1.5,1.5,1.675,1.575,0.125,1.55,0.175,0.175,0.275,0.025,0.05,0.05,16,19,19,19,10,11,13,9,26,25,24,22,24,18,21,20,131,480,537,431,87,79,98,79,0.0,-0.3833333,0.6166667,-0.167,0.808,0.365,3
2.425,9.55,8.925,7.625,1.775,1.525,1.725,1.625,-0.05,-0.075,-1.2,-2.35,-0.075,-0.075,0.05,-0.025,14,24,26,22,16,12,12,13,30,28,27,25,27,23,23,21,138,590,548,458,101,90,92,89,0.0,-0.3833333,0.6166667,-0.167,0.809,0.365,3
2.375,9.475,7.725,5.275,1.7,1.45,1.775,1.6,-0.25,-0.025,0.45,0.125,-0.15,0.075,-0.05,-0.075,17,22,27,21,14,8,10,16,27,29,27,25,23,25,18,22,150,557,517,316,88,83,89,92,0.0,-0.3833333,0.6166667,-0.168,0.809,0.364,3
2.125,9.45,8.175,5.4,1.55,1.525,1.725,1.525,-0.4,-1.4,0.8,0.35,0.2,0.025,-0.075,0.025,17,25,24,19,9,9,14,14,25,28,22,22,24,23,21,27,136,565,537,303,79,76,98,95,0.0,-0.3833333,0.6166667,-0.168,0.808,0.364,3
1.725,8.05,8.975,5.75,1.75,1.55,1.65,1.55,0.025,-1.025,0.25,-0.65,0.1,-0.2,-0.125,0.025,10,23,21,14,11,16,11,11,21,26,26,22,19,24,25,24,107,453,563,270,81,92,96,83,0.0,-0.3833333,0.6166667,-0.169,0.808,0.365,3
1.75,7.025,9.225,5.1,1.85,1.35,1.525,1.575,0.4,0.425,0.025,-0.275,-0.225,-0.1,-0.025,0.125,10,22,22,13,14,18,7,13,24,26,27,23,14,24,19,21,110,422,552,262,85,87,80,72,0.0,-0.3833333,0.6166667,-0.169,0.808,0.365,3
2.15,7.45,9.25,4.825,1.625,1.25,1.5,1.7,0.2,0.225,-0.85,0.775,0.125,0.1,0.125,0.2,14,21,24,14,12,14,14,6,26,25,25,22,18,25,21,16,125,464,565,256,80,77,91,68,0.0,-0.3833333,0.6166667,-0.168,0.809,0.365,3
2.35,7.675,8.4,5.6,1.75,1.35,1.625,1.9,-0.3,-0.325,-0.8,1.375,0.15,0.025,-0.1,-0.075,19,18,23,16,11,13,17,7,23,23,23,28,21,25,26,13,142,468,539,337,94,79,105,84,0.0,-0.3833333,0.6166667,-0.167,0.81,0.365,3
2.05,7.35,7.6,6.975,1.9,1.375,1.525,1.825,-0.1,-0.225,-0.225,-0.15,-0.175,0.075,0.125,-0.2,16,23,21,20,16,11,10,11,22,27,25,30,19,19,22,13,116,510,477,446,98,73,91,92,0.0,-0.3833333,0.6166667,-0.167,0.81,0.365,3
1.95,7.125,7.375,6.825,1.725,1.45,1.65,1.625,1.0,1.925,-0.375,-0.575,0.175,0.1,0.275,0.075,9,19,21,15,14,6,8,8,20,23,26,23,22,17,16,15,98,425,449,401,91,62,71,87,0.0,-0.3833333,0.6166667,-0.167,0.81,0.365,3
0.925,1.075,1.125,0.925,1.05,0.975,1.0,0.8,-0.025,0.125,-0.075,0.275,-0.125,0.05,-0.075,0.0,5,5,5,3,0,3,1,3,20,18,28,20,14,17,14,16,51,44,61,47,27,38,37,39,1.0,-0.3833333,1.0,0.215,0.687,0.022,3
0.9,1.2,1.05,1.2,0.925,1.025,0.925,0.8,-0.075,-0.275,-0.025,0.175,0.025,-0.225,0.025,0.1,2,7,9,6,2,10,1,3,18,17,22,20,15,15,14,15,43,50,54,51,34,42,35,35,1.0,-0.3833333,1.0,0.215,0.687,0.022,3
0.825,0.925,1.025,1.375,0.95,0.8,0.95,0.9,0.05,-0.275,0.125,-0.175,0.025,0.05,0.075,0.0,3,5,6,11,3,7,4,6,17,11,12,16,17,16,13,16,36,37,38,53,42,38,36,38,1.0,-0.3833333,1.0,0.215,0.687,0.022,3
0.875,0.65,1.15,1.2,0.975,0.85,1.025,0.9,0.15,0.325,-0.05,-0.125,-0.025,0.225,-0.075,0.025,4,3,4,11,5,1,7,6,13,7,17,14,17,16,16,14,35,26,41,51,45,34,48,37,1.0,-0.3833333,1.0,0.216,0.686,0.022,3
1.025,0.975,1.1,1.075,0.95,1.075,0.95,0.925,-0.025,0.1,-0.15,-0.175,0.075,-0.05,-0.025,0.075,4,2,3,6,7,4,3,8,11,13,15,19,14,14,18,15,39,29,45,51,48,40,47,42,1.0,-0.3833333,1.0,0.216,0.686,0.022,3
1.0,1.075,0.95,0.9,1.025,1.025,0.925,1.0,0.1,-0.225,0.025,0.0,0.1,-0.05,0.025,-0.05,8,4,1,3,5,5,3,8,14,22,16,23,15,15,16,14,43,46,46,52,46,45,38,41,1.0,-0.3833333,1.0,0.216,0.686,0.022,3
1.1,0.85,0.975,0.9,1.125,0.975,0.95,0.95,0.05,0.2,0.95,1.325,0.175,0.1,0.175,-0.075,9,6,4,1,5,4,5,5,17,22,19,16,19,17,12,13,46,48,46,43,46,41,36,35,1.0,-0.3833333,1.0,0.215,0.688,0.022,3
1.15,1.05,1.925,2.225,1.3,1.075,1.125,0.875,0.15,1.65,5.0,4.925,0.7,0.875,0.25,0.125,6,7,8,5,2,5,5,5,18,14,18,14,22,17,18,20,48,47,100,99,61,49,52,39,1.0,-0.3833333,1.0,0.214,0.689,0.022,3
1.3,2.7,6.925,7.15,2.0,1.95,1.375,1.0,0.25,0.675,4.9,4.7,1.45,0.675,0.0,0.275,9,12,15,14,7,7,7,10,16,16,21,17,23,21,19,18,58,158,480,343,115,107,63,49,1.0,-0.3833333,1.0,0.213,0.692,0.023,3
1.55,3.375,11.825,11.85,3.45,2.625,1.375,1.275,0.275,0.675,8.6,0.7,0.2,0.1,-0.1,0.125,14,16,19,17,14,11,5,12,21,23,24,20,21,22,13,21,85,218,796,626,195,144,55,65,1.0,-0.3833333,1.0,0.212,0.702,0.025,3
1.825,4.05,20.425,12.55,3.65,2.725,1.275,1.4,0.1,1.75,6.3,-1.8,-0.525,-0.35,0.125,-0.175,13,22,23,18,14,17,10,10,22,27,26,23,20,23,13,26,108,278,1400,737,179,145,53,72,1.0,-0.3833333,1.0,0.208,0.722,0.03,3
1.925,5.8,26.725,10.75,3.125,2.375,1.4,1.225,0.4,3.4,9.175,-0.15,0.2,-0.45,-0.05,-0.125,12,20,25,23,13,15,15,9,23,23,26,23,23,18,12,17,113,334,1752,675,162,128,63,62,1.0,-0.3833333,1.0,0.198,0.752,0.047,3
2.325,9.2,35.9,10.6,3.325,1.925,1.35,1.1,1.2,3.775,0.1,-1.875,-0.325,-0.075,-0.125,0.175,18,17,19,25,15,13,11,7,23,23,20,26,24,16,15,12,136,510,1944,662,181,98,65,49,1.0,-0.3833333,1.0,0.149,0.819,0.107,3
3.525,12.975,36.0,8.725,3.0,1.85,1.225,1.275,0.425,1.4,-15.85,-2.6,-0.575,-0.15,0.475,0.3,18,22,20,22,12,13,6,11,22,28,22,29,26,19,20,17,179,714,1946,562,164,94,66,61,1.0,-0.3833333,1.0,0.041,0.93,0.213,3
3.95,14.375,20.15,6.125,2.425,1.7,1.7,1.575,2.225,1.4,-4.625,3.775,-0.125,0.0,0.675,0.275,15,18,21,17,9,11,7,17,18,25,24,27,20,19,21,22,201,702,1244,344,120,82,101,86,1.0,-0.3833333,1.0,-0.055,1.01,0.289,3
6.175,15.775,15.525,9.9,2.3,1.7,2.375,1.85,0.575,0.575,-0.825,1.675,0.075,-0.1,-0.325,-0.075,16,18,20,18,10,8,14,20,18,25,27,24,14,17,23,23,327,925,937,570,100,76,137,108,1.0,-0.3833333,1.0,-0.098,1.035,0.313,3
6.75,16.35,14.7,11.575,2.375,1.6,2.05,1.775,-2.225,-2.75,-0.025,-3.0,-0.275,-0.25,-0.65,-0.125,21,26,20,22,16,7,12,16,23,27,22,21,19,18,22,22,379,1121,846,677,114,72,110,104,1.0,-0.3833333,1.0,-0.123,1.043,0.324,3
4.525,13.6,14.675,8.575,2.1,1.35,1.4,1.65,-0.925,-0.425,3.85,0.075,-0.175,-0.15,-0.2,-0.125,21,26,23,26,14,9,10,13,27,28,22,24,19,19,20,24,278,916,852,506,102,66,77,89,1.0,-0.3833333,1.0,-0.139,1.044,0.332,3
3.6,13.175,18.525,8.65,1.925,1.2,1.2,1.525,-0.15,1.725,0.3,0.2,0.25,0.15,0.05,-0.175,18,26,24,28,7,7,7,12,24,27,25,27,22,17,19,25,201,941,1210,555,87,63,67,79,1.0,-0.3833333,1.0,-0.149,1.039,0.335,3
3.45,14.9,18.825,8.85,2.175,1.35,1.25,1.35,0.0,-2.775,-3.4,-1.175,0.05,-0.05,0.225,0.025,16,27,23,26,12,7,8,10,21,27,28,28,23,13,21,24,196,1029,1173,545,105,67,71,68,1.0,-0.3833333,1.0,-0.154,1.036,0.337,3
3.45,12.125,15.425,7.675,2.225,1.3,1.475,1.375,-0.35,-2.1,-2.225,-0.375,-0.5,-0.175,-0.025,-0.025,16,21,25,22,19,10,12,9,21,23,29,23,23,14,22,20,204,794,969,457,129,76,97,71,1.0,-0.3833333,1.0,-0.156,1.035,0.338,3
3.1,10.025,13.2,7.3,1.725,1.125,1.45,1.35,0.35,1.3,-2.0,-0.025,-0.025,0.35,0.025,-0.025,19,17,25,17,17,10,8,8,19,22,27,16,26,14,15,18,178,618,851,399,104,56,77,67,1.0,-0.3833333,1.0,-0.157,1.035,0.338,3
3.45,11.325,11.2,7.275,1.7,1.475,1.475,1.325,0.175,3.05,1.675,0.975,0.225,0.05,0.325,0.15,15,17,23,17,13,11,10,10,16,24,32,24,25,16,15,20,197,691,733,425,97,57,71,75,1.0,-0.3833333,1.0,-0.157,1.034,0.337,3
3.625,14.375,12.875,8.25,1.925,1.525,1.8,1.475,0.125,3.425,1.125,-0.3,-0.275,0.125,0.625,0.225,13,19,24,23,12,9,14,15,20,25,33,29,23,19,18,26,215,888,834,537,104,67,99,96,1.0,-0.3833333,1.0,-0.157,1.034,0.335,3
3.75,17.8,14.0,7.95,1.65,1.65,2.425,1.7,-0.525,0.025,-2.875,-0.6,0.325,-0.1,-0.3,0.1,16,22,21,20,8,9,16,15,24,25,26,23,20,22,19,28,215,1146,922,516,88,77,146,107,1.0,-0.3833333,1.0,-0.156,1.034,0.334,3
3.225,17.825,11.125,7.35,1.975,1.55,2.125,1.8,-0.3,-3.3,-1.875,-0.5,0.2,-0.1,-0.725,-0.125,18,22,18,18,8,5,13,10,27,28,25,23,22,19,19,25,185,1109,685,470,97,66,134,99,1.0,-0.3833333,1.0,-0.156,1.034,0.333,3
2.925,14.525,9.25,6.85,2.175,1.45,1.4,1.675,0.925,-1.05,-0.425,-0.45,-0.25,0.3,0.05,0.05,17,21,22,18,15,10,12,13,25,29,25,23,24,23,22,24,185,955,615,414,115,78,89,94,1.0,-0.3833333,1.0,-0.155,1.034,0.333,3
3.85,13.475,8.825,6.4,1.925,1.75,1.45,1.725,-0.2,-0.35,1.575,-0.425,-0.2,-0.025,0.125,-0.075,20,18,19,16,13,16,13,14,30,25,20,18,23,22,23,24,279,874,478,342,114,95,77,96,1.0,-0.3833333,1.0,-0.155,1.035,0.334,3
3.65,13.125,10.4,5.975,1.725,1.725,1.575,1.65,-0.55,-0.1,-0.525,0.025,0.0,-0.35,0.0,-0.1,20,22,21,16,10,10,10,11,27,26,23,21,24,17,22,21,239,847,595,313,94,76,81,86,1.0,-0.3833333,1.0,-0.156,1.034,0.334,3
3.1,13.025,9.875,6.0,1.725,1.375,1.575,1.55,0.05,0.85,-0.675,1.125,-0.05,-0.2,-0.25,0.075,15,23,22,16,13,5,11,12,18,25,22,21,26,17,23,21,170,761,569,323,90,59,89,85,1.0,-0.3833333,1.0,-0.157,1.034,0.335,3
3.15,13.875,9.2,7.125,1.675,1.175,1.325,1.625,-0.15,-1.675,0.875,0.15,0.125,0.125,0.025,0.025,18,23,23,19,13,9,9,15,21,26,23,18,22,17,23,22,202,821,585,394,91,59,80,99,1.0,-0.3833333,1.0,-0.158,1.033,0.335,3
3.0,12.2,10.075,7.275,1.8,1.3,1.35,1.65,-0.075,-1.75,-1.2,-0.45,0.15,0.075,0.125,-0.15,17,25,23,17,15,13,6,12,23,28,28,21,25,17,20,18,187,817,667,388,109,64,78,84,1.0,-0.3833333,1.0,-0.159,1.032,0.335,3
2.925,10.45,8.875,6.825,1.95,1.375,1.475,1.5,0.075,-0.175,-0.45,0.25,-0.275,-0.2,0.125,0.025,15,24,19,17,15,8,11,8,24,28,27,21,27,16,17,16,171,679,552,393,114,62,81,76,1.0,-0.3833333,1.0,-0.159,1.032,0.336,3
3.0,10.275,8.425,7.075,1.675,1.175,1.6,1.525,0.575,1.125,1.075,1.25,-0.15,-0.175,0.05,0.05,18,20,16,18,7,5,13,6,22,25,25,25,20,14,19,20,184,597,495,462,83,50,89,81,1.0,-0.3833333,1.0,-0.16,1.031,0.336,3
3.575,11.4,9.5,8.325,1.525,1.0,1.65,1.575,0.35,0.9,-0.325,0.65,0.225,0.2,-0.025,-0.15,18,16,19,16,5,5,8,12,24,22,23,25,15,11,20,22,214,559,580,489,74,46,90,85,1.0,-0.3833333,1.0,-0.161,1.031,0.336,3
3.925,12.3,9.175,8.975,1.75,1.2,1.625,1.425,-0.5,3.125,-1.125,0.575,-0.075,-0.075,-0.1,0.1,17,22,23,20,5,9,8,14,25,23,26,26,16,13,22,24,237,728,590,530,79,55,90,83,1.0,-0.3833333,1.0,-0.161,1.031,0.336,3
3.425,15.425,8.05,9.55,1.675,1.125,1.525,1.525,-0.325,1.875,2.125,-0.4,0.1,0.275,-0.025,0.05,19,22,24,24,6,11,11,13,25,25,31,25,23,16,20,20,211,1000,536,576,78,52,80,81,1.0,-0.3833333,1.0,-0.161,1.031,0.336,3
3.1,17.3,10.175,9.15,1.775,1.4,1.5,1.575,0.45,-1.9,0.45,-2.275,0.15,0.225,0.075,0.175,19,19,21,23,7,9,8,13,25,26,27,23,24,18,20,19,195,1024,593,556,77,59,66,87,1.0,-0.3833333,1.0,-0.16,1.031,0.336,3
3.55,15.4,10.625,6.875,1.925,1.625,1.575,1.75,0.325,-2.25,-0.775,1.375,-0.3,-0.325,0.0,0.325,21,24,18,17,14,10,8,11,25,28,23,20,22,19,22,25,229,973,593,414,93,72,81,102,1.0,-0.3833333,1.0,-0.159,1.031,0.335,3
3.875,13.15,9.85,8.25,1.625,1.3,1.575,2.075,0.075,-2.0,0.225,0.675,0.05,0.25,0.225,-0.225,23,23,19,19,11,11,9,16,29,28,23,25,21,23,22,28,252,842,620,552,91,76,84,129,1.0,-0.3833333,1.0,-0.159,1.031,0.335,3
3.95,11.15,10.075,8.925,1.675,1.55,1.8,1.85,-0.075,-0.3,-0.625,-1.9,0.2,0.175,0.225,-0.3,20,21,18,23,11,13,14,15,29,27,27,25,20,21,23,25,243,689,629,560,91,96,100,114,1.0,-0.3833333,1.0,-0.159,1.031,0.335,3
3.875,10.85,9.45,7.025,1.875,1.725,2.025,1.55,-0.15,1.275,-0.525,-0.025,0.075,-0.25,-0.1,-0.1,16,25,16,23,16,13,15,15,29,31,27,21,18,22,23,22,247,761,589,387,102,93,117,88,1.0,-0.3833333,1.0,-0.159,1.03,0.336,3
3.725,12.125,8.925,7.0,1.95,1.475,1.925,1.45,0.375,0.5,0.05,1.5,-0.25,-0.125,-0.475,-0.075,15,23,19,23,11,8,12,10,25,29,23,24,20,23,17,20,221,733,572,462,102,77,106,79,1.0,-0.3833333,1.0,-0.16,1.029,0.336,3
4.1,12.625,8.975,8.5,1.7,1.35,1.45,1.375,0.65,1.6,0.2,0.225,-0.025,-0.025,-0.125,-0.15,21,23,25,20,8,5,9,11,23,26,27,23,19,22,16,20,261,737,591,520,89,81,78,78,1.0,-0.3833333,1.0,-0.16,1.028,0.336,3
4.75,14.225,9.175,8.725,1.675,1.325,1.325,1.225,-0.65,-0.475,-1.0,-1.875,0.325,-0.05,0.1,0.075,21,25,23,21,9,8,15,11,26,25,25,25,23,22,18,23,289,932,600,523,97,74,76,70,1.0,-0.3833333,1.0,-0.16,1.026,0.337,3
4.1,13.75,8.175,6.85,2.0,1.275,1.425,1.3,-1.15,-2.875,0.275,0.25,0.1,0.2,0.225,0.45,21,28,20,24,12,10,16,13,27,29,25,28,25,20,16,19,222,944,499,412,111,68,77,74,1.0,-0.3833333,1.0,-0.159,1.026,0.338,3
2.95,10.875,8.45,7.1,2.1,1.475,1.65,1.75,0.475,4.375,1.375,1.275,-0.125,0.25,0.225,0.025,22,24,24,19,15,10,14,16,25,30,27,23,22,19,18,19,173,654,551,421,112,86,95,99,1.0,-0.3833333,1.0,-0.157,1.026,0.338,3
3.425,15.25,9.825,8.375,1.975,1.725,1.875,1.775,0.125,0.875,1.85,1.125,-0.15,-0.075,-0.225,-0.275,16,19,25,17,12,11,16,10,22,27,27,23,25,18,23,23,202,962,636,498,111,95,114,103,1.0,-0.3833333,1.0,-0.156,1.027,0.337,3
3.55,16.125,11.675,9.5,1.825,1.65,1.65,1.5,0.0,-2.4,-1.45,0.025,-0.175,-0.1,-0.075,0.1,20,26,20,21,10,13,17,13,26,27,23,24,21,18,24,25,238,1101,651,557,110,82,97,87,1.0,-0.3833333,1.0,-0.156,1.029,0.337,3
3.55,13.725,10.225,9.525,1.65,1.55,1.575,1.6,-0.15,-0.6,-2.75,-1.0,-0.075,-0.075,0.25,0.275,22,25,17,24,11,12,13,15,30,27,23,25,17,21,23,23,251,826,491,563,91,74,88,88,1.0,-0.3833333,1.0,-0.155,1.029,0.338,3
3.4,13.125,7.475,8.525,1.575,1.475,1.825,1.875,-0.05,1.4,0.525,-1.2,0.075,-0.15,-0.125,-0.2,20,26,19,28,11,11,15,15,26,28,27,26,18,20,24,20,212,844,441,552,86,77,102,98,1.0,-0.3833333,1.0,-0.156,1.03,0.338,3
3.35,14.525,8.0,7.325,1.65,1.325,1.7,1.675,0.4,0.225,0.675,-0.45,0.5,0.35,-0.075,-0.1,19,27,20,26,10,10,12,18,22,30,25,27,18,16,23,23,196,954,509,488,90,70,95,96,1.0,-0.3833333,1.0,-0.157,1.029,0.337,3
3.75,14.75,8.675,6.875,2.15,1.675,1.625,1.575,-0.575,-2.975,-0.4,-0.025,-0.025,0.225,0.025,0.1,21,26,20,19,11,11,8,16,22,31,24,22,21,20,18,24,227,996,567,418,126,98,78,95,1.0,-0.3833333,1.0,-0.159,1.029,0.337,3
3.175,11.775,8.275,6.85,2.125,1.9,1.65,1.675,0.1,-0.3,0.325,0.1,-0.55,-0.425,0.075,0.05,18,23,21,17,12,13,12,15,22,32,27,22,18,20,21,25,174,834,544,415,118,107,88,103,1.0,-0.3833333,1.0,-0.161,1.028,0.336,3
3.275,11.475,8.6,6.95,1.575,1.475,1.725,1.725,0.5,0.425,0.225,0.775,0.175,-0.075,-0.025,-0.1,10,19,22,17,8,9,11,11,24,27,27,25,14,21,20,26,176,688,566,434,69,80,86,103,1.0,-0.3833333,1.0,-0.162,1.028,0.336,3
3.775,11.9,8.825,7.725,1.75,1.4,1.7,1.625,0.425,0.3,-0.65,1.05,0.325,0.1,-0.35,-0.05,16,18,21,19,10,13,12,9,23,23,25,26,19,27,22,22,218,615,597,482,85,83,95,99,1.0,-0.3833333,1.0,-0.163,1.029,0.335,3
4.2,12.2,8.175,8.775,2.075,1.5,1.35,1.575,-0.1,1.125,-0.4,1.35,0.0,0.0,0.2,0.25,17,23,19,22,16,13,12,12,22,23,25,29,21,27,23,21,233,707,526,568,99,85,88,97,1.0,-0.3833333,1.0,-0.163,1.029,0.335,3
4.1,13.325,7.775,10.125,2.075,1.5,1.55,1.825,-0.625,-1.925,-0.875,-2.775,-0.375,-0.15,0.025,-0.125,14,28,21,24,20,9,11,16,22,26,25,29,24,22,21,23,224,894,512,654,114,87,95,104,1.0,-0.3833333,1.0,-0.163,1.03,0.334,3
3.475,11.4,6.9,7.35,1.7,1.35,1.575,1.7,-1.175,-6.55,-2.65,-4.3,-0.45,-0.45,-0.475,-0.725,16,22,22,23,14,11,12,15,20,26,25,26,19,17,23,22,190,749,467,480,88,78,95,101,1.0,-0.3833333,1.0,-0.084,0.963,0.272,3
2.3,4.85,4.25,3.05,1.25,0.9,1.1,0.975,-1.2,-3.2,-1.925,-1.025,-0.325,-0.1,-0.175,-0.125,9,13,13,19,2,4,8,5,24,22,26,18,11,11,17,15,128,316,259,162,44,43,56,55,1.0,-0.3833333,1.0,0.113,0.793,0.117,3
1.1,1.65,2.325,2.025,0.925,0.8,0.925,0.85,-0.2,-0.3,-0.225,-0.1,-0.075,-0.025,-0.075,0.1,7,9,10,18,2,2,5,2,20,21,23,14,14,13,9,9,56,93,131,103,41,34,38,31,1.0,-0.3833333,1.0,0.231,0.692,0.023,3
0.9,1.35,2.1,1.925,0.85,0.775,0.85,0.95,0.1,-0.3,-0.475,-0.45,0.5,0.7,0.175,-0.225,5,7,14,17,4,2,2,4,8,20,24,19,19,8,6,16,33,71,124,114,40,28,33,42,1.0,-0.3833333,1.0,0.23,0.692,0.023,3
1.0,1.05,1.625,1.475,1.35,1.475,1.025,0.725,0.125,0.05,-0.3,0.225,0.9,2.025,1.375,0.15,2,7,14,13,3,6,6,1,10,18,23,20,23,11,13,17,35,61,84,88,62,63,48,39,1.0,-0.3833333,1.0,0.23,0.692,0.024,3
1.125,1.1,1.325,1.7,2.25,3.5,2.4,0.875,-0.2,0.05,0.7,0.45,0.4,0.5,0.6,0.225,4,9,11,8,5,17,11,6,14,21,19,14,26,22,22,19,46,62,67,76,111,210,139,50,1.0,-0.3833333,1.0,0.229,0.697,0.027,3
0.925,1.15,2.025,2.15,2.65,4.0,3.0,1.1,0.025,0.15,2.0,-0.225,-0.6,-1.9,-1.275,-0.05,4,7,8,10,11,19,16,8,18,17,16,16,20,23,27,20,47,57,104,87,133,257,188,53,1.0,-0.3833333,1.0,0.225,0.708,0.038,3
0.95,1.3,4.025,1.925,2.05,2.1,1.725,1.05,0.125,1.475,3.025,0.325,-0.475,-0.875,-0.575,-0.1,7,6,16,12,9,12,14,5,20,15,21,14,16,19,26,19,48,74,244,91,98,121,105,42,1.0,-0.3833333,1.0,0.213,0.73,0.061,3
1.075,2.775,7.05,2.25,1.575,1.225,1.15,0.95,0.025,1.3,4.45,0.35,0.2,0.225,0.15,0.175,8,12,22,10,5,8,9,11,19,20,24,20,14,16,20,20,56,177,457,125,69,66,55,47,1.0,-0.3833333,1.0,0.189,0.762,0.099,3
1.1,4.075,11.5,2.6,1.775,1.45,1.3,1.125,0.125,0.325,0.725,0.3,-0.025,-0.25,-0.15,-0.025,6,19,21,14,7,7,7,11,24,21,23,26,16,15,16,19,62,246,750,143,75,63,49,56,1.0,-0.3833333,1.0,0.151,0.807,0.148,3
1.225,4.4,12.225,2.9,1.75,1.2,1.15,1.1,0.4,1.45,-1.975,2.375,0.225,0.2,0.3,0.2,8,21,19,14,6,8,7,7,24,19,22,25,17,15,18,21,59,237,758,161,73,56,49,61,1.0,-0.3833333,1.0,0.079,0.886,0.217,3
1.625,5.85,10.25,5.275,1.975,1.4,1.45,1.3,0.7,2.6,-0.875,3.0,0.35,0.275,0.375,0.425,9,21,18,14,7,11,11,10,19,23,20,23,17,18,23,22,89,336,615,295,86,63,78,80,1.0,-0.3833333,1.0,-0.01,0.971,0.278,3
2.325,8.45,9.375,8.275,2.325,1.675,1.825,1.725,1.35,0.9,-0.55,0.725,-0.5,-0.125,-0.075,-0.1,15,22,23,19,12,11,15,12,21,29,23,24,22,20,22,19,141,538,573,474,113,76,108,93,1.0,-0.3833333,1.0,-0.074,1.014,0.305,3
3.675,9.35,8.825,9.0,1.825,1.55,1.75,1.625,-0.15,-0.625,-0.025,-1.875,-0.225,-0.175,-0.225,-0.275,19,18,30,21,13,12,13,8,25,26,31,27,21,17,22,15,219,564,606,555,91,69,97,78,1.0,-0.3833333,1.0,-0.105,1.028,0.315,3
3.525,8.725,8.8,7.125,1.6,1.375,1.525,1.35,-0.875,-0.05,-0.475,-1.425,-0.025,-0.1,-0.325,-0.125,19,19,27,17,11,11,13,8,25,25,30,27,19,15,24,17,198,518,608,449,86,66,87,75,1.0,-0.3833333,1.0,-0.117,1.029,0.319,3
2.65,8.675,8.325,5.7,1.575,1.275,1.2,1.225,0.075,0.75,-1.15,0.175,-0.275,0.0,0.15,0.075,16,26,25,21,11,11,9,7,24,28,26,24,21,17,18,13,153,582,546,372,83,66,59,57,1.0,-0.3833333,1.0,-0.123,1.028,0.323,3
2.725,9.425,7.175,5.875,1.3,1.275,1.35,1.3,-0.175,0.6,-0.55,-0.275,0.1,-0.1,0.025,0.025,16,24,17,22,11,13,9,11,21,23,25,22,21,21,14,14,155,576,392,335,72,70,62,65,1.0,-0.3833333,1.0,-0.127,1.028,0.328,3
2.55,10.025,6.625,5.6,1.4,1.175,1.375,1.325,-0.05,-1.125,0.675,-0.025,0.375,0.05,-0.15,0.075,20,21,18,21,16,11,11,15,21,22,25,21,23,24,12,21,137,613,387,310,89,66,63,82,1.0,-0.3833333,1.0,-0.129,1.028,0.331,3
2.5,8.9,7.3,5.575,1.775,1.225,1.225,1.4,-0.225,-1.25,0.775,1.325,-0.1,0.025,0.2,-0.1,19,22,22,20,17,10,9,10,23,22,23,21,21,16,12,20,136,520,453,364,92,61,58,81,1.0,-0.3833333,1.0,-0.131,1.028,0.332,3
2.275,7.65,8.075,6.9,1.675,1.25,1.425,1.3,0.225,-0.525,-0.05,0.8,-0.375,-0.2,-0.175,-0.225,18,17,21,22,12,8,11,6,28,22,24,24,17,15,19,21,131,421,527,441,65,64,71,81,1.0,-0.3833333,1.0,-0.134,1.028,0.33,3
2.5,7.125,8.025,7.7,1.3,1.05,1.25,1.075,0.3,-0.575,-1.8,-1.35,-0.025,0.025,-0.3,0.1,17,21,24,24,11,5,8,6,24,26,27,28,18,18,20,18,142,414,528,520,64,58,62,67,1.0,-0.3833333,1.0,-0.137,1.027,0.328,3
2.8,6.55,6.225,6.35,1.275,1.075,0.95,1.175,-0.1,1.625,-0.35,-0.025,0.125,0.2,0.125,0.3,21,28,23,23,9,2,4,9,26,27,27,28,18,13,13,19,164,422,393,445,67,39,41,69,1.0,-0.3833333,1.0,-0.139,1.026,0.325,3
2.7,8.175,5.875,6.325,1.4,1.275,1.075,1.475,0.125,1.05,0.775,0.475,0.175,0.15,0.225,0.175,20,25,20,22,11,7,7,13,26,26,25,27,19,24,18,22,161,472,349,413,75,71,59,88,1.0,-0.3833333,1.0,-0.141,1.026,0.324,3
2.825,9.225,6.65,6.8,1.575,1.425,1.3,1.65,0.0,0.15,0.7,-1.375,-0.025,-0.075,0.025,-0.225,17,22,21,19,15,17,13,16,21,25,22,22,21,33,27,22,161,549,367,379,91,95,81,96,1.0,-0.3833333,1.0,-0.143,1.026,0.322,3
2.825,9.375,7.35,5.425,1.55,1.35,1.325,1.425,-0.25,1.55,1.05,0.1,0.075,-0.15,-0.075,-0.175,16,21,23,11,14,13,13,8,23,26,26,20,21,21,21,22,163,575,456,298,83,71,72,81,1.0,-0.3833333,1.0,-0.143,1.025,0.321,3
2.575,10.925,8.4,5.525,1.625,1.2,1.25,1.25,0.15,0.3,-1.175,0.0,0.025,-0.1,0.175,0.3,17,27,23,13,12,5,9,5,27,28,26,21,23,8,21,19,155,762,547,334,84,53,68,74,1.0,-0.3833333,1.0,-0.144,1.025,0.32,3
2.725,11.225,7.225,5.525,1.65,1.1,1.425,1.55,-0.225,-2.05,-1.7,-0.075,-0.175,0.2,0.1,-0.025,19,23,21,16,9,6,10,10,26,21,24,21,21,13,26,17,172,706,457,338,90,56,84,87,1.0,-0.3833333,1.0,-0.143,1.023,0.32,3
2.5,9.175,5.525,5.45,1.475,1.3,1.525,1.525,-0.6,-2.5,0.1,0.2,-0.2,-0.05,-0.1,-0.25,15,17,17,16,9,9,11,9,22,22,26,22,20,18,20,20,148,528,320,303,86,63,83,84,1.0,-0.3833333,1.0,-0.142,1.021,0.321,3
1.9,6.675,5.625,5.65,1.275,1.25,1.425,1.275,0.175,0.275,0.85,-0.75,-0.025,-0.3,0.05,0.15,10,16,16,16,6,4,10,5,14,23,24,23,21,12,17,21,105,393,325,312,74,43,71,63,1.0,-0.3833333,1.0,-0.14,1.02,0.323,3
2.075,6.95,6.475,4.9,1.25,0.95,1.475,1.425,0.225,0.55,0.75,-0.325,0.0,0.1,-0.225,-0.15,15,17,16,17,7,1,10,8,19,19,20,23,19,13,21,25,124,383,344,299,71,38,77,78,1.0,-0.3833333,1.0,-0.139,1.019,0.324,3
2.3,7.5,7.225,4.575,1.25,1.05,1.25,1.275,-0.125,0.175,-0.025,0.35,-0.125,0.25,0.025,0.025,16,21,18,20,8,5,8,12,20,23,24,23,21,20,20,21,114,431,390,297,67,47,64,70,1.0,-0.3833333,1.0,-0.139,1.019,0.325,3
2.175,7.675,7.2,4.925,1.125,1.3,1.275,1.3,-0.05,0.525,0.3,0.675,0.1,0.075,0.35,0.05,13,26,22,19,10,9,8,14,18,30,25,25,22,21,20,18,100,501,404,310,59,59,64,67,1.0,-0.3833333,1.0,-0.138,1.019,0.325,3
2.125,8.2,7.5,5.6,1.225,1.375,1.625,1.35,0.05,-0.025,1.075,1.05,0.2,-0.15,-0.225,-0.075,13,27,20,22,6,9,12,14,22,28,20,25,20,19,22,21,124,551,429,320,63,73,89,74,1.0,-0.3833333,1.0,-0.138,1.019,0.325,3
2.175,8.175,8.575,6.65,1.425,1.225,1.4,1.275,0.25,0.625,1.125,1.0,0.25,-0.15,-0.075,0.025,13,24,21,23,5,10,12,11,23,24,21,24,19,18,19,19,127,494,518,371,72,66,80,69,1.0,-0.3833333,1.0,-0.138,1.019,0.325,3
2.425,8.8,9.7,7.65,1.675,1.075,1.325,1.3,-0.275,-1.525,0.05,-0.15,-0.025,0.275,0.075,0.1,15,22,22,18,9,8,11,8,25,25,24,25,22,16,22,18,140,483,569,409,83,46,74,60,1.0,-0.3833333,1.0,-0.138,1.019,0.325,3
2.15,7.275,9.75,7.5,1.65,1.35,1.4,1.4,0.05,-0.975,-0.725,-0.85,-0.05,0.15,0.0,0.225,15,17,17,21,11,13,12,8,23,24,25,24,23,14,23,17,127,391,592,442,88,63,80,68,1.0,-0.3833333,1.0,-0.137,1.019,0.325,3
2.2,6.3,9.025,6.65,1.6,1.5,1.4,1.625,0.225,1.05,-1.4,-0.825,-0.125,-0.3,-0.075,-0.25,14,11,14,25,11,16,11,12,20,19,24,24,20,15,20,14,125,312,549,428,88,77,93,75,1.0,-0.3833333,1.0,-0.136,1.018,0.325,3
2.425,7.35,7.625,5.825,1.475,1.2,1.325,1.375,-0.35,0.025,-0.05,0.15,-0.25,0.05,0.1,0.075,18,18,20,22,15,7,11,13,27,23,27,26,23,16,22,20,151,392,477,380,88,64,85,76,1.0,-0.3833333,1.0,-0.135,1.018,0.325,3
2.075,7.375,7.575,5.975,1.225,1.25,1.425,1.45,0.175,-0.05,-0.825,-0.55,0.05,0.125,0.025,0.0,16,26,24,19,11,8,13,12,27,25,30,30,21,19,27,19,134,474,458,373,68,67,86,72,1.0,-0.3833333,1.0,-0.135,1.018,0.325,3
2.25,7.325,6.75,5.425,1.275,1.375,1.45,1.45,0.5,0.85,-0.05,-0.45,0.1,0.1,-0.4,-0.3,13,26,22,20,8,13,13,14,21,25,27,28,21,21,23,15,129,489,427,321,66,69,78,68,1.0,-0.3833333,1.0,-0.136,1.018,0.324,3
2.75,8.175,6.7,4.975,1.375,1.475,1.05,1.15,-0.1,1.2,1.6,0.225,0.125,-0.125,0.075,-0.05,16,25,20,18,9,12,10,9,20,25,27,26,21,21,20,14,157,530,470,299,84,77,50,63,1.0,-0.3833333,1.0,-0.137,1.018,0.323,3
2.65,9.375,8.3,5.2,1.5,1.35,1.125,1.1,0.625,1.15,-0.125,0.725,-0.025,-0.3,0.45,0.075,21,21,19,18,10,12,10,9,24,27,26,22,19,21,19,18,154,580,541,297,84,80,62,62,1.0,-0.3833333,1.0,-0.138,1.018,0.323,3
3.275,10.525,8.175,5.925,1.475,1.05,1.575,1.175,0.625,-0.3,-0.375,0.9,-0.125,-0.075,0.1,0.225,21,18,18,19,12,9,10,8,20,27,23,18,17,20,16,20,160,622,485,320,67,54,85,71,1.0,-0.3833333,1.0,-0.139,1.018,0.323,3
3.9,10.225,7.8,6.825,1.35,0.975,1.675,1.4,-0.475,-2.175,0.6,1.15,-0.025,0.15,-0.25,0.1,19,20,17,17,8,7,11,9,20,24,24,20,19,14,17,17,202,557,461,398,74,44,89,73,1.0,-0.3833333,1.0,-0.141,1.019,0.323,3
3.425,8.05,8.4,7.975,1.325,1.125,1.425,1.5,0.325,0.95,1.3,0.05,0.1,0.1,-0.05,0.0,20,21,20,20,8,3,10,10,21,24,24,23,23,11,14,17,205,452,539,503,77,55,67,67,1.0,-0.3833333,1.0,-0.143,1.019,0.323,3
3.75,9.0,9.7,8.025,1.425,1.225,1.375,1.5,-0.125,0.325,-1.575,-2.4,-0.075,0.1,0.2,0.25,19,21,23,28,7,5,10,10,25,25,27,25,24,12,18,22,211,550,648,519,66,61,67,78,1.0,-0.3833333,1.0,-0.144,1.019,0.324,3
3.625,9.325,8.125,5.625,1.35,1.325,1.575,1.75,-0.5,-1.5,-1.125,-0.325,0.0,0.05,0.15,0.125,17,24,18,25,5,8,10,12,25,30,25,24,18,12,20,21,206,597,490,339,58,53,84,92,1.0,-0.3833333,1.0,-0.144,1.019,0.323,3
3.125,7.825,7.0,5.3,1.35,1.375,1.725,1.875,0.525,2.425,0.375,0.225,0.3,-0.2,-0.15,-0.075,13,24,21,23,10,6,6,8,21,29,23,25,20,16,17,20,159,499,439,338,69,58,84,93,1.0,-0.3833333,1.0,-0.145,1.019,0.323,3
3.65,10.25,7.375,5.525,1.65,1.175,1.575,1.8,0.275,1.075,0.6,-0.175,-0.1,0.025,-0.4,0.0,15,24,19,20,15,5,3,11,23,29,23,22,24,17,17,18,203,659,430,335,95,64,75,91,1.0,-0.3833333,1.0,-0.146,1.018,0.323,3
3.925,11.325,7.975,5.35,1.55,1.2,1.175,1.8,0.125,-1.325,0.3,0.925,-0.325,-0.025,0.05,-0.2,16,25,18,18,12,8,6,12,23,28,23,23,18,15,17,18,236,679,493,307,82,61,67,91,1.0,-0.3833333,1.0,-0.146,1.017,0.323,3
4.05,10.0,8.275,6.275,1.225,1.175,1.225,1.6,-0.075,-0.65,-0.575,0.575,0.0,0.125,0.475,0.125,15,21,19,18,10,11,12,7,24,27,24,22,14,20,25,21,258,601,537,359,55,68,84,85,1.0,-0.3833333,1.0,-0.146,1.017,0.324,3
3.975,9.35,7.7,6.85,1.225,1.3,1.7,1.725,-0.825,-1.425,0.0,-1.175,0.175,0.15,-0.1,0.075,15,20,22,21,12,10,15,11,26,28,25,24,17,19,21,16,227,628,491,412,60,75,86,86,1.0,-0.3833333,1.0,-0.146,1.016,0.323,3
3.15,7.925,7.7,5.675,1.4,1.45,1.6,1.8,-0.225,-0.525,0.575,-0.325,0.0,-0.225,-0.125,-0.15,17,24,25,18,14,7,15,12,22,30,23,22,20,16,17,17,169,536,498,321,73,75,81,87,1.0,-0.3833333,1.0,-0.146,1.015,0.323,3
1.125,1.775,1.275,1.325,1.025,0.925,0.925,0.9,0.05,0.4,0.0,-0.05,0.05,0.0,0.15,-0.025,9,14,7,11,4,1,1,2,15,24,17,15,15,13,10,21,58,116,61,52,48,32,33,43,2.0,-0.3833333,1.383333,0.225,0.687,0.028,3
1.175,2.175,1.275,1.275,1.075,0.925,1.075,0.875,0.05,-0.3,-0.075,-0.2,-0.15,0.2,-0.2,-0.025,6,14,10,6,6,5,0,5,17,22,13,14,15,17,15,18,64,134,65,44,44,46,32,45,2.0,-0.3833333,1.383333,0.225,0.686,0.028,3
1.225,1.875,1.2,1.075,0.925,1.125,0.875,0.85,-0.1,-0.275,0.0,0.05,0.075,0.0,-0.125,0.05,8,8,9,2,5,11,2,3,16,17,13,18,7,22,14,14,58,110,65,50,29,59,29,43,2.0,-0.3833333,1.383333,0.225,0.686,0.027,3
1.125,1.6,1.2,1.125,1.0,1.125,0.75,0.9,0.025,0.425,0.15,0.125,0.0,-0.05,0.075,0.225,9,10,3,5,6,5,2,1,15,19,12,19,13,19,12,15,50,87,53,56,39,52,29,43,2.0,-0.3833333,1.383333,0.225,0.686,0.027,3
1.15,2.025,1.35,1.25,1.0,1.075,0.825,1.125,0.075,-0.125,0.0,-0.1,0.05,0.1,0.075,-0.025,6,13,5,9,4,1,5,7,13,22,17,19,17,12,17,15,52,115,68,63,42,42,39,55,2.0,-0.3833333,1.383333,0.225,0.686,0.028,3
1.225,1.9,1.35,1.15,1.05,1.175,0.9,1.1,-0.225,-0.4,0.225,0.525,0.775,0.3,0.225,0.025,5,13,7,9,5,2,7,6,19,20,14,17,14,12,21,15,55,96,79,60,42,35,42,46,2.0,-0.3833333,1.383333,0.225,0.687,0.029,3
1.0,1.5,1.575,1.675,1.825,1.475,1.125,1.125,0.175,0.05,0.1,1.475,2.55,1.275,0.5,0.125,5,10,10,8,10,6,4,2,23,18,20,20,15,16,17,15,52,80,92,86,90,72,46,42,2.0,-0.3833333,1.383333,0.225,0.69,0.031,3
1.175,1.55,1.675,3.15,4.375,2.75,1.625,1.25,0.05,-0.225,-0.25,0.725,1.05,1.325,0.6,-0.05,10,5,12,12,18,16,10,5,23,12,22,22,21,27,17,15,63,71,98,176,245,173,76,50,2.0,-0.3833333,1.383333,0.226,0.695,0.035,3
1.225,1.325,1.425,3.875,5.425,4.075,2.225,1.2,0.05,-0.15,0.1,-0.325,-1.425,-0.525,-0.3,0.0,9,4,11,20,19,19,20,7,20,15,20,22,23,29,21,13,62,57,83,234,293,275,123,43,2.0,-0.3833333,1.383333,0.231,0.706,0.039,3
1.275,1.175,1.525,3.55,4.0,3.55,1.925,1.2,0.25,0.75,1.4,0.65,0.075,-0.875,-0.4,-0.025,5,7,10,15,11,17,16,6,21,21,17,21,17,22,18,17,57,70,74,201,175,218,104,48,2.0,-0.3833333,1.383333,0.237,0.726,0.044,3
1.525,1.925,2.925,4.2,4.075,2.675,1.525,1.175,-0.2,0.55,4.0,0.925,0.3,0.175,0.225,-0.125,12,13,13,12,14,14,9,4,26,21,18,17,17,18,19,21,78,109,155,211,195,141,78,60,2.0,-0.3833333,1.383333,0.243,0.754,0.05,3
1.325,2.475,6.925,5.125,4.375,2.85,1.75,1.05,-0.275,-0.1,0.925,-1.15,-0.025,0.175,0.2,-0.1,10,19,18,18,13,12,10,7,20,22,22,23,20,19,21,19,79,143,373,280,228,150,91,58,2.0,-0.3833333,1.383333,0.25,0.79,0.06,3
1.05,2.375,7.85,3.975,4.35,3.025,1.95,0.95,0.1,0.5,-0.325,-1.3,-1.0,-0.7,-0.275,0.35,6,15,16,13,11,12,8,7,15,20,22,20,15,19,21,20,56,144,394,201,192,143,84,46,2.0,-0.3833333,1.383333,0.26,0.833,0.074,3
1.15,2.875,7.525,2.675,3.35,2.325,1.675,1.3,1.55,4.15,6.575,2.9,-1.35,-0.95,-0.375,0.125,9,15,19,15,13,13,10,9,18,23,24,21,12,21,20,27,56,168,430,152,136,124,76,59,2.0,-0.3833333,1.383333,0.259,0.905,0.098,3
2.7,7.025,14.1,5.575,2.0,1.375,1.3,1.425,4.225,6.4,4.575,2.35,-0.15,-0.1,0.0,-0.075,14,21,23,22,14,9,13,10,23,29,24,28,14,17,20,26,152,395,831,375,94,72,67,75,2.0,-0.3833333,1.383333,0.16,1.037,0.153,3
6.925,13.425,18.675,7.925,1.85,1.275,1.3,1.35,3.65,0.275,-4.075,-0.925,0.075,0.55,0.55,0.625,21,19,18,17,12,6,11,10,24,28,25,24,16,19,23,26,451,840,1139,522,86,69,66,80,2.0,-0.3833333,1.383333,0.012,1.157,0.211,3
10.575,13.7,14.6,7.0,1.925,1.825,1.85,1.975,1.85,-3.2,-4.175,0.4,0.3,-0.025,0.475,0.75,22,15,20,13,16,14,9,12,23,23,24,24,23,27,19,24,719,837,948,410,115,116,88,104,2.0,-0.3833333,1.383333,-0.07,1.208,0.237,3
12.425,10.5,10.425,7.4,2.225,1.8,2.325,2.725,0.8,2.85,1.95,2.1,-0.175,-0.325,-0.35,-0.075,23,21,20,16,17,14,12,17,25,23,25,21,27,25,21,22,875,648,684,435,141,106,117,154,2.0,-0.3833333,1.383333,-0.121,1.23,0.252,3
13.225,13.35,12.375,9.5,2.05,1.475,1.975,2.65,-0.075,0.45,1.875,-0.05,0.025,0.425,0.8,-0.15,26,24,18,17,12,14,17,22,28,29,25,22,19,21,24,24,889,853,763,569,109,81,114,164,2.0,-0.3833333,1.383333,-0.154,1.237,0.261,3
13.15,13.8,14.25,9.45,2.075,1.9,2.775,2.5,-3.275,-1.85,-0.7,-1.7,0.0,0.275,0.125,-0.075,22,26,21,19,10,15,19,18,28,33,25,24,20,25,22,21,867,917,862,550,105,111,161,142,2.0,-0.3833333,1.383333,-0.174,1.233,0.268,3
9.875,11.95,13.55,7.75,2.075,2.175,2.9,2.425,-3.05,-0.85,-3.3,-1.375,-0.475,-0.55,-1.05,-0.425,18,24,20,16,11,13,16,14,25,30,23,21,23,21,16,19,641,735,813,428,104,104,146,128,2.0,-0.3833333,1.383333,-0.185,1.23,0.272,3
6.825,11.1,10.25,6.375,1.6,1.625,1.85,2.0,1.0,-1.55,-1.35,-0.55,0.0,-0.175,-0.05,-0.025,20,21,20,20,13,11,13,14,25,29,25,21,21,14,20,26,439,637,641,355,92,71,92,125,2.0,-0.3833333,1.383333,-0.187,1.231,0.27,3
7.825,9.55,8.9,5.825,1.6,1.45,1.8,1.975,-1.0,0.625,0.875,0.45,0.075,-0.15,0.0,-0.075,20,22,17,20,15,12,13,14,20,25,27,23,20,17,21,26,511,538,489,349,94,78,102,120,2.0,-0.3833333,1.383333,-0.187,1.232,0.266,3
6.825,10.175,9.775,6.275,1.675,1.3,1.8,1.9,-1.075,0.4,-0.375,-0.875,-0.025,-0.275,-0.125,-0.325,18,21,18,21,15,9,11,15,18,29,23,25,21,21,17,26,392,667,523,403,91,72,97,114,2.0,-0.3833333,1.383333,-0.186,1.234,0.263,3
5.75,10.575,9.4,5.4,1.65,1.025,1.675,1.575,0.5,-0.575,-0.35,-0.5,0.175,0.1,-0.05,0.325,22,19,20,19,18,6,12,14,27,30,21,26,24,23,18,23,347,698,552,349,85,54,82,80,2.0,-0.3833333,1.383333,-0.185,1.235,0.26,3
6.25,10.0,9.05,4.9,1.825,1.125,1.625,1.9,-0.65,-0.8,-1.25,0.525,0.275,0.425,0.35,0.325,21,22,18,10,20,9,17,13,23,32,22,23,30,23,21,21,361,659,516,314,107,64,91,98,2.0,-0.3833333,1.383333,-0.184,1.237,0.259,3
5.6,9.2,7.8,5.425,2.1,1.55,1.975,2.225,0.575,-0.275,1.55,0.8,-0.4,0.1,-0.4,-0.325,17,21,22,17,15,11,19,12,21,33,23,22,27,21,27,22,309,613,473,350,120,84,121,127,2.0,-0.3833333,1.383333,-0.184,1.238,0.259,3
6.175,8.925,9.35,6.225,1.7,1.65,1.575,1.9,0.8,-0.8,0.25,-0.55,0.0,0.225,-0.275,0.05,15,22,25,21,11,13,17,15,23,31,26,25,18,23,28,25,356,641,647,389,86,89,96,117,2.0,-0.3833333,1.383333,-0.187,1.237,0.261,3
6.975,8.125,9.6,5.675,1.7,1.875,1.3,1.95,-0.65,1.05,-0.1,-0.125,0.45,-0.05,0.5,0.475,20,20,20,18,15,17,14,20,23,27,24,25,22,23,25,26,450,556,603,331,102,96,79,128,2.0,-0.3833333,1.383333,-0.189,1.236,0.262,3
6.325,9.175,9.5,5.55,2.15,1.825,1.8,2.425,0.1,1.1,-0.125,0.35,-0.075,-0.425,0.175,-0.325,20,22,17,20,19,14,15,18,23,24,21,23,24,25,25,28,387,567,524,309,131,97,105,154,2.0,-0.3833333,1.383333,-0.19,1.235,0.263,3
6.425,10.275,9.375,5.9,2.075,1.4,1.975,2.1,0.75,-0.2,-1.5,-0.75,-0.2,0.0,-0.2,-0.375,21,26,21,25,16,5,11,15,24,27,25,26,22,20,25,28,380,630,588,373,104,64,105,129,2.0,-0.3833333,1.383333,-0.19,1.234,0.264,3
7.175,10.075,7.875,5.15,1.875,1.4,1.775,1.725,0.325,-0.875,0.675,0.225,-0.25,0.025,-0.125,-0.05,22,24,20,20,15,6,8,16,26,30,25,24,19,17,20,25,486,617,466,320,94,61,87,111,2.0,-0.3833333,1.383333,-0.189,1.234,0.264,3
7.5,9.2,8.55,5.375,1.625,1.425,1.65,1.675,-1.275,0.45,-0.325,0.05,0.05,0.3,0.1,-0.075,21,21,22,15,18,13,15,13,27,29,26,22,23,20,18,19,490,546,502,337,105,84,98,97,2.0,-0.3833333,1.383333,-0.188,1.233,0.265,3
6.225,9.65,8.225,5.425,1.675,1.725,1.75,1.6,-0.25,2.825,-1.1,-0.65,0.025,-0.1,0.0,-0.025,21,23,20,17,14,19,14,9,32,25,27,25,23,21,18,14,405,616,488,348,105,105,100,75,2.0,-0.3833333,1.383333,-0.187,1.233,0.264,3
5.975,12.475,7.125,4.775,1.7,1.625,1.75,1.575,0.75,-0.55,1.0,0.025,0.025,-0.125,0.275,-0.1,20,23,18,16,9,16,14,9,31,25,26,28,22,21,19,19,395,788,399,269,98,93,100,82,2.0,-0.3833333,1.383333,-0.188,1.232,0.264,3
6.725,11.925,8.125,4.8,1.725,1.5,2.025,1.475,-0.9,-2.075,1.6,0.3,-0.25,-0.2,-0.25,0.475,21,20,21,17,15,13,19,9,27,26,26,22,23,22,22,19,402,689,507,277,104,85,120,85,2.0,-0.3833333,1.383333,-0.188,1.232,0.264,3
5.825,9.85,9.725,5.1,1.475,1.3,1.775,1.95,-0.65,-0.9,0.1,-0.15,-0.125,0.075,-0.2,0.15,18,21,20,18,15,11,12,9,25,26,24,18,22,16,20,19,345,566,569,288,89,65,103,108,2.0,-0.3833333,1.383333,-0.189,1.231,0.264,3
5.175,8.95,9.825,4.95,1.35,1.375,1.575,2.1,1.2,0.8,1.1,1.05,0.525,0.45,0.575,-0.05,20,22,20,17,12,11,11,12,25,26,22,22,21,19,23,19,325,594,561,292,81,77,91,114,2.0,-0.3833333,1.383333,-0.19,1.231,0.264,3
6.375,9.75,10.925,6.0,1.875,1.825,2.15,2.05,0.975,2.0,-1.6,-0.35,0.025,-0.35,0.15,0.15,22,22,22,20,11,10,17,15,24,24,23,25,18,21,22,19,396,631,635,370,109,108,125,121,2.0,-0.3833333,1.383333,-0.191,1.231,0.264,3
7.35,11.75,9.325,5.65,1.9,1.475,2.3,2.2,2.125,-0.275,-0.65,-0.3,-0.175,-0.325,-0.575,0.025,18,20,23,21,10,5,16,17,25,24,26,21,18,17,18,21,442,716,588,338,105,76,126,126,2.0,-0.3833333,1.383333,-0.192,1.23,0.265,3
9.475,11.475,8.675,5.35,1.725,1.15,1.725,2.225,4.35,-0.975,1.775,0.9,0.15,0.35,0.1,0.3,18,22,17,18,12,7,12,17,29,27,26,24,22,16,13,27,632,723,478,276,104,53,79,134,2.0,-0.3833333,1.383333,-0.192,1.229,0.266,3
13.825,10.5,10.45,6.25,1.875,1.5,1.825,2.525,0.475,0.25,0.225,-0.15,-0.1,0.0,0.3,0.125,17,19,19,19,15,13,11,16,25,29,28,23,20,18,15,24,864,694,572,328,107,77,100,158,2.0,-0.3833333,1.383333,-0.192,1.228,0.268,3
14.3,10.75,10.675,6.1,1.775,1.5,2.125,2.65,-0.75,-1.275,-0.5,0.85,-0.075,-0.15,-0.15,-0.575,20,17,20,19,15,12,12,17,24,26,26,20,23,23,22,19,847,643,645,378,99,88,123,146,2.0,-0.3833333,1.383333,-0.192,1.228,0.269,3
13.55,9.475,10.175,6.95,1.7,1.35,1.975,2.075,-1.825,-1.075,-0.675,-0.2,0.1,0.1,0.05,-0.05,20,21,20,19,21,8,9,15,25,31,22,22,23,18,23,19,841,626,604,428,93,69,103,115,2.0,-0.3833333,1.383333,-0.192,1.228,0.27,3
11.725,8.4,9.5,6.75,1.8,1.45,2.025,2.025,-1.5,1.575,-0.7,-0.8,0.075,0.25,-0.125,0.175,17,22,24,21,18,7,11,19,25,28,22,25,20,19,23,25,720,516,580,440,102,75,113,138,2.0,-0.3833333,1.383333,-0.192,1.228,0.27,3
10.225,9.975,8.8,5.95,1.875,1.7,1.9,2.2,1.5,0.325,-0.85,-0.6,-0.025,-0.125,0.075,-0.2,17,22,21,18,12,9,13,18,23,25,23,26,20,20,21,24,635,594,512,377,100,93,110,131,2.0,-0.3833333,1.383333,-0.192,1.227,0.27,3
11.725,10.3,7.95,5.35,1.85,1.575,1.975,2.0,-0.225,-0.675,2.55,0.85,0.0,-0.075,0.325,0.275,21,21,22,14,15,10,15,11,27,25,23,22,20,20,22,20,759,637,450,293,98,91,119,108,2.0,-0.3833333,1.383333,-0.193,1.227,0.27,3
11.5,9.625,10.5,6.2,1.85,1.5,2.3,2.275,1.2,0.425,0.475,0.675,0.075,0.35,0.075,0.15,19,18,22,14,15,9,14,9,25,24,25,17,20,16,19,18,629,566,618,310,96,74,126,133,2.0,-0.3833333,1.383333,-0.193,1.227,0.27,3
12.7,10.05,10.975,6.875,1.925,1.85,2.375,2.425,1.075,0.925,0.0,0.65,-0.075,-0.2,-0.075,-0.225,20,22,17,13,12,12,12,14,29,24,26,18,24,18,21,24,752,663,646,349,102,86,116,150,2.0,-0.3833333,1.383333,-0.193,1.227,0.27,3
13.775,10.975,10.975,7.525,1.85,1.65,2.3,2.2,-0.6,-0.125,0.3,-0.8,-0.125,0.0,-0.3,-0.05,21,21,18,15,15,14,15,17,31,24,28,24,21,24,24,26,913,730,646,463,107,94,124,136,2.0,-0.3833333,1.383333,-0.192,1.226,0.27,3
13.175,10.85,11.275,6.725,1.725,1.65,2.0,2.15,-1.4,-0.475,-0.825,-0.55,0.225,0.175,0.1,0.15,21,21,18,20,15,13,13,10,27,22,25,26,19,26,21,21,799,668,667,448,98,94,114,120,2.0,-0.3833333,1.383333,-0.193,1.225,0.27,3
11.775,10.375,10.45,6.175,1.95,1.825,2.1,2.3,3.525,1.35,1.525,1.825,0.15,-0.025,0.15,0.425,25,20,18,14,17,15,10,12,24,25,26,23,22,22,22,22,709,637,616,345,107,102,122,129,2.0,-0.3833333,1.383333,-0.194,1.225,0.271,3
15.3,11.725,11.975,8.0,2.1,1.8,2.25,2.725,4.275,-0.05,-1.775,-2.25,-0.425,-0.275,-0.175,0.175,23,20,15,13,17,19,12,15,24,28,26,20,25,23,25,24,911,735,657,439,128,115,133,163,2.0,-0.3833333,1.383333,-0.195,1.224,0.271,3
19.575,11.675,10.2,5.75,1.675,1.525,2.075,2.9,-4.775,-2.8,-3.25,-1.675,-0.15,-0.3,-0.3,-0.575,20,20,15,13,13,17,15,14,25,29,24,18,24,20,25,25,1192,660,513,296,107,96,117,189,2.0,-0.3833333,1.383333,-0.195,1.224,0.272,3
14.8,8.875,6.95,4.075,1.525,1.225,1.775,2.325,-8.6,-4.25,-3.15,-0.95,-0.125,-0.175,-0.525,-0.9,19,17,16,14,11,9,14,13,26,23,23,23,18,15,21,23,941,445,382,237,81,59,107,154,2.0,-0.3833333,1.383333,-0.154,1.169,0.249,3
6.2,4.625,3.8,3.125,1.4,1.05,1.25,1.425,-4.75,-2.675,-2.175,-1.7,-0.425,-0.175,-0.15,-0.55,16,17,10,15,9,5,10,7,26,20,17,22,15,12,18,18,335,238,214,194,66,37,76,79,2.0,-0.3833333,1.383333,0.053,0.9,0.133,3
1.45,1.95,1.625,1.425,0.975,0.875,1.1,0.875,-0.425,0.05,0.2,0.325,-0.025,0.125,-0.125,-0.025,7,13,7,9,5,3,9,4,19,20,14,17,19,14,17,17,79,98,76,70,50,30,58,44,2.0,-0.3833333,1.383333,0.219,0.685,0.04,3
1.025,2.0,1.825,1.75,0.95,1.0,0.975,0.85,0.15,-0.175,-0.3,0.075,0.05,0.025,-0.225,0.025,4,15,12,11,5,4,3,2,19,24,18,20,21,20,17,15,52,110,96,99,46,47,43,38,2.0,-0.3833333,1.383333,0.219,0.685,0.04,3
1.175,1.825,1.525,1.825,1.0,1.025,0.75,0.875,0.075,-0.2,-0.175,-0.325,-0.025,0.075,0.125,-0.05,8,16,14,10,7,3,1,0,26,23,21,22,21,21,14,12,59,100,91,101,48,52,35,36,2.0,-0.3833333,1.383333,0.219,0.685,0.04,3
1.25,1.625,1.35,1.5,0.975,1.1,0.875,0.825,-0.3,-0.175,-0.15,-0.05,-0.05,0.0,0.225,0.1,9,13,10,10,6,2,3,1,23,20,23,21,14,16,15,21,67,82,81,74,42,45,40,43,2.0,-0.3833333,1.383333,0.22,0.685,0.04,3
0.95,1.45,1.2,1.45,0.925,1.1,1.1,0.925,0.025,-0.15,-0.15,0.0,0.025,-0.1,0.075,0.0,5,9,6,12,3,5,6,5,18,22,21,22,7,15,16,16,54,75,64,80,31,40,48,39,2.0,-0.3833333,1.383333,0.219,0.685,0.041,3
0.975,1.3,1.05,1.45,0.95,1.0,1.175,0.925,0.125,0.0,0.075,-0.025,0.075,0.175,-0.175,-0.075,6,5,3,11,5,6,8,5,22,20,21,16,9,11,18,11,57,57,57,74,32,33,47,36,2.0,-0.3833333,1.383333,0.219,0.685,0.04,3
1.1,1.3,1.125,1.425,1.025,1.175,1.0,0.85,-0.075,-0.075,0.15,-0.075,0.025,0.15,-0.025,0.15,14,13,5,14,6,7,7,2,21,20,16,12,14,14,17,16,64,70,55,59,38,44,43,38,2.0,-0.3833333,1.383333,0.218,0.686,0.039,3
1.025,1.225,1.275,1.35,1.05,1.325,0.975,1.0,-0.175,-0.075,0.0,0.325,0.1,-0.275,0.15,-0.075,12,12,6,12,3,8,7,2,16,20,17,18,14,18,17,16,52,72,59,63,37,51,44,37,2.0,-0.3833333,1.383333,0.218,0.686,0.038,3
0.85,1.15,1.275,1.675,1.15,1.05,1.125,0.925,0.3,-0.125,-0.05,0.825,1.25,0.5,0.125,0.05,3,7,6,14,2,5,7,1,14,16,21,19,22,11,16,14,38,59,71,83,54,37,47,32,2.0,-0.3833333,1.383333,0.217,0.687,0.038,3
1.15,1.025,1.225,2.5,2.4,1.55,1.25,0.975,0.175,-0.025,0.05,0.55,1.45,1.825,1.025,0.2,3,4,5,16,10,6,5,4,13,15,20,18,23,17,14,15,51,50,63,125,136,84,56,41,2.0,-0.3833333,1.383333,0.217,0.687,0.039,3
1.325,1.0,1.275,3.05,3.85,3.375,2.275,1.175,-0.25,0.025,0.075,-0.15,-0.475,0.125,0.075,0.0,9,7,3,12,17,11,8,7,15,20,16,18,18,26,19,13,60,56,51,132,207,219,109,45,2.0,-0.3833333,1.383333,0.219,0.691,0.04,3
1.075,1.025,1.35,2.9,3.375,3.5,2.35,1.175,0.0,0.1,-0.1,0.275,0.225,-0.425,-0.475,0.1,6,4,5,10,14,13,10,6,13,13,12,19,15,25,23,14,44,46,55,117,165,227,130,46,2.0,-0.3833333,1.383333,0.223,0.698,0.043,3
1.075,1.125,1.25,3.175,3.6,3.075,1.875,1.275,0.15,0.1,0.275,0.75,1.05,1.7,1.1,0.075,5,2,8,10,11,13,11,5,12,11,13,14,13,25,20,14,48,41,57,137,161,170,114,49,2.0,-0.3833333,1.383333,0.228,0.71,0.046,3
1.225,1.225,1.525,3.925,4.65,4.775,2.975,1.35,-0.05,-0.175,-0.025,-0.675,-0.95,0.375,0.05,-0.125,9,5,10,14,15,16,13,8,16,18,17,14,17,25,20,18,66,50,81,208,243,268,160,64,2.0,-0.3833333,1.383333,0.233,0.723,0.051,3
1.175,1.05,1.5,3.25,3.7,5.15,3.025,1.225,-0.025,1.0,2.1,-1.15,-1.55,-2.275,-0.975,-0.2,11,8,10,11,14,21,15,10,19,17,16,17,18,22,24,24,62,47,74,178,196,291,170,73,2.0,-0.3833333,1.383333,0.233,0.742,0.062,3
1.15,2.05,3.6,2.1,2.15,2.875,2.05,1.025,0.2,1.9,3.725,0.575,-0.05,-1.275,-0.625,-0.025,10,12,13,9,12,18,15,5,17,18,21,20,19,22,28,16,52,107,215,108,111,173,129,48,2.0,-0.3833333,1.383333,0.223,0.775,0.085,3
1.35,3.95,7.325,2.675,2.1,1.6,1.425,1.0,0.875,1.225,3.65,2.05,0.0,-0.3,-0.35,0.05,9,18,19,12,11,9,7,8,22,24,27,19,19,18,23,10,60,240,485,132,109,79,77,40,2.0,-0.3833333,1.383333,0.202,0.821,0.119,3
2.225,5.175,10.975,4.725,2.1,1.3,1.075,1.05,1.75,3.05,2.675,3.1,-0.35,-0.175,0.025,0.2,12,21,19,15,10,6,4,9,24,26,26,16,17,14,17,14,123,344,605,264,104,61,44,47,2.0,-0.3833333,1.383333,0.107,0.962,0.19,3
3.975,8.225,13.65,7.825,1.75,1.125,1.1,1.25,0.95,1.625,-2.05,0.725,0.6,0.45,0.25,0.425,21,20,22,21,11,4,6,7,24,28,29,23,18,15,15,15,247,516,796,496,91,52,47,60,2.0,-0.3833333,1.383333,-0.02,1.126,0.252,3
4.925,9.85,11.6,8.55,2.35,1.575,1.35,1.675,0.1,-1.975,-3.45,-2.625,-0.025,-0.25,0.025,-0.125,20,17,23,24,16,10,13,12,24,22,28,24,23,18,16,14,287,536,710,533,147,89,71,83,2.0,-0.3833333,1.383333,-0.091,1.189,0.264,3
5.025,7.875,8.15,5.925,2.325,1.325,1.375,1.55,-0.15,0.65,0.575,-0.875,-0.45,-0.425,-0.25,0.225,18,19,19,19,21,10,13,13,23,20,25,20,28,16,19,16,311,416,485,346,156,78,81,82,2.0,-0.3833333,1.383333,-0.133,1.216,0.266,3
4.875,8.525,8.725,5.05,1.875,0.9,1.125,1.775,-0.15,-0.425,1.275,-0.1,-0.2,0.075,-0.025,0.25,17,20,22,16,20,4,5,14,24,23,25,21,26,15,21,22,316,523,566,285,116,39,64,114,2.0,-0.3833333,1.383333,-0.157,1.227,0.267,3
4.725,8.1,10.0,4.95,1.675,0.975,1.1,2.025,0.625,-0.7,-1.825,-0.6,-0.15,0.2,0.15,-0.225,16,17,25,21,16,3,6,16,23,24,26,25,23,19,17,23,291,541,636,289,91,53,54,133,2.0,-0.3833333,1.383333,-0.168,1.228,0.268,3
5.35,7.4,8.175,4.35,1.525,1.175,1.25,1.8,1.325,0.9,0.5,0.25,0.025,0.175,0.125,0.075,19,18,24,20,10,8,10,13,25,26,27,26,19,20,12,25,363,517,519,274,82,65,56,105,2.0,-0.3833333,1.383333,-0.174,1.227,0.27,3
6.675,8.3,8.675,4.6,1.55,1.35,1.375,1.875,-0.475,1.225,2.2,0.125,0.025,0.0,0.025,-0.2,18,21,24,17,9,11,15,14,24,28,30,22,21,17,17,27,444,551,576,287,93,58,64,100,2.0,-0.3833333,1.383333,-0.177,1.226,0.27,3
6.2,9.525,10.875,4.725,1.575,1.35,1.4,1.675,-1.0,1.025,-0.95,0.2,-0.075,-0.05,0.025,-0.025,15,23,27,17,13,10,15,14,20,26,30,19,21,20,21,27,336,611,715,273,94,73,76,98,2.0,-0.3833333,1.383333,-0.177,1.227,0.269,3
5.2,10.55,9.925,4.925,1.5,1.3,1.425,1.65,0.675,-1.4,-2.1,0.875,0.05,0.075,-0.1,0.2,17,24,21,16,13,9,11,14,21,26,23,25,21,20,18,21,279,631,659,308,88,71,79,90,2.0,-0.3833333,1.383333,-0.177,1.228,0.267,3
5.875,9.15,7.825,5.8,1.55,1.375,1.325,1.85,0.725,-0.825,0.4,-0.525,0.05,-0.05,-0.175,-0.125,21,20,18,16,15,7,8,18,22,27,20,29,26,17,19,26,370,520,484,367,94,61,73,109,2.0,-0.3833333,1.383333,-0.177,1.228,0.266,3
6.6,8.325,8.225,5.275,1.6,1.325,1.15,1.725,-0.05,-1.3,2.025,0.175,-0.125,-0.025,0.2,0.125,20,22,23,17,16,9,8,18,20,26,27,30,25,21,18,28,371,488,499,342,96,69,63,113,2.0,-0.3833333,1.383333,-0.178,1.228,0.265,3
6.55,7.025,10.25,5.45,1.475,1.3,1.35,1.85,-1.525,-0.175,-0.8,-0.15,0.05,0.175,0.2,0.225,18,20,23,23,13,11,10,15,19,21,30,29,20,21,17,24,380,385,650,360,77,65,74,102,2.0,-0.3833333,1.383333,-0.178,1.229,0.264,3
5.025,6.85,9.45,5.3,1.525,1.475,1.55,2.075,-0.5,1.975,0.175,-0.675,-0.275,-0.175,-0.15,-0.45,17,18,20,17,14,10,12,15,25,25,29,21,20,22,21,24,332,407,595,353,84,67,92,116,2.0,-0.3833333,1.383333,-0.179,1.229,0.263,3
4.525,8.825,9.625,4.625,1.25,1.3,1.4,1.625,-0.375,-0.425,2.0,0.9,0.05,-0.175,-0.175,-0.025,10,18,23,13,7,10,13,12,24,26,29,25,19,20,25,15,278,523,555,295,67,60,77,76,2.0,-0.3833333,1.383333,-0.179,1.228,0.263,3
4.15,8.4,11.625,5.525,1.3,1.125,1.225,1.6,0.15,-2.0,-1.775,-0.6,0.375,0.075,0.1,0.125,10,22,25,17,7,10,13,14,19,23,27,30,18,19,23,17,253,497,711,347,66,61,77,77,2.0,-0.3833333,1.383333,-0.179,1.227,0.264,3
4.3,6.4,9.85,4.925,1.675,1.2,1.325,1.725,1.6,1.15,-1.4,0.05,0.075,0.25,0.45,-0.25,18,25,20,16,12,8,12,13,24,24,28,27,21,19,20,22,288,405,603,309,90,72,86,107,2.0,-0.3833333,1.383333,-0.179,1.226,0.265,3
5.9,7.55,8.45,4.975,1.75,1.45,1.775,1.475,1.1,2.2,-0.3,-0.175,-0.1,0.075,-0.075,0.275,24,21,20,19,10,7,16,7,29,27,27,23,23,20,21,19,409,464,510,285,100,89,102,98,2.0,-0.3833333,1.383333,-0.179,1.225,0.266,3
7.0,9.75,8.15,4.8,1.65,1.525,1.7,1.75,-0.55,1.0,0.0,-0.275,0.2,-0.2,-0.3,0.0,23,19,24,20,13,9,14,11,26,30,26,21,26,26,22,22,446,605,530,262,101,90,94,106,2.0,-0.3833333,1.383333,-0.179,1.225,0.267,3
6.45,10.75,8.15,4.525,1.85,1.325,1.4,1.75,-0.35,-1.275,-0.45,0.125,0.3,0.0,0.125,-0.075,17,22,24,22,19,14,16,10,22,27,29,25,24,22,21,20,389,661,524,269,112,74,76,100,2.0,-0.3833333,1.383333,-0.179,1.225,0.268,3
6.1,9.475,7.7,4.65,2.15,1.325,1.525,1.675,0.6,-1.825,0.8,-0.3,-0.175,-0.025,0.075,0.15,18,24,22,20,17,11,16,13,23,28,27,24,21,21,23,20,384,608,488,292,119,67,82,98,2.0,-0.3833333,1.383333,-0.179,1.226,0.268,3
6.7,7.65,8.5,4.35,1.975,1.3,1.6,1.825,-1.125,0.4,2.1,0.15,-0.25,0.125,-0.2,0.075,21,19,23,16,15,8,9,17,26,28,27,26,21,22,20,19,440,499,538,259,105,68,90,101,2.0,-0.3833333,1.383333,-0.179,1.226,0.268,3
5.575,8.05,10.6,4.5,1.725,1.425,1.4,1.9,0.4,1.475,-1.5,-0.25,-0.15,-0.025,-0.225,0.05,18,21,28,16,16,13,8,19,26,27,29,26,23,21,19,22,361,487,678,258,90,74,82,109,2.0,-0.3833333,1.383333,-0.18,1.226,0.268,3
5.975,9.525,9.1,4.25,1.575,1.4,1.175,1.95,0.9,1.3,-0.625,0.55,0.275,-0.125,0.075,-0.2,17,22,24,15,8,8,6,15,27,25,30,23,22,20,19,25,368,565,587,239,73,66,63,101,2.0,-0.3833333,1.383333,-0.18,1.226,0.268,3
6.875,10.825,8.475,4.8,1.85,1.275,1.25,1.75,-1.525,-1.175,0.825,0.85,0.325,0.025,0.4,-0.1,18,22,23,18,5,3,4,9,24,25,29,24,20,16,21,24,404,642,538,303,76,57,70,91,2.0,-0.3833333,1.383333,-0.18,1.226,0.268,3
5.35,9.65,9.3,5.65,2.175,1.3,1.65,1.65,-0.95,-2.825,1.2,0.35,-0.225,-0.025,-0.075,-0.1,21,22,22,19,14,7,10,14,26,24,22,25,18,20,21,26,334,578,565,364,108,63,98,98,2.0,-0.3833333,1.383333,-0.18,1.226,0.269,3
4.4,6.825,10.5,6.0,1.95,1.275,1.575,1.55,0.375,2.1,-0.35,0.1,-0.325,-0.025,-0.175,0.15,22,15,20,23,16,11,12,17,27,23,22,25,22,23,21,28,274,406,646,387,106,75,95,96,2.0,-0.3833333,1.383333,-0.18,1.226,0.269,3
4.775,8.925,10.15,6.1,1.625,1.25,1.4,1.7,1.025,0.5,-1.125,-0.425,-0.1,-0.15,-0.025,0.125,19,19,18,20,13,9,10,14,23,25,23,21,24,21,21,26,291,580,602,357,86,79,88,99,2.0,-0.3833333,1.383333,-0.18,1.226,0.269,3
5.8,9.425,9.025,5.675,1.525,1.1,1.375,1.825,0.05,-0.85,1.3,-0.25,0.075,0.075,0.1,-0.15,19,25,20,16,16,7,11,11,21,26,22,19,22,23,19,25,363,615,558,301,87,71,76,107,2.0,-0.3833333,1.383333,-0.18,1.225,0.269,3
5.85,8.575,10.325,5.425,1.6,1.175,1.475,1.675,-1.3,1.05,-0.625,-0.45,0.05,0.025,0.05,0.125,21,24,21,15,10,4,10,9,26,25,22,19,23,22,25,26,384,505,629,280,81,58,84,90,2.0,-0.3833333,1.383333,-0.18,1.224,0.27,3
4.55,9.625,9.7,4.975,1.65,1.2,1.525,1.8,1.75,-0.7,1.2,0.9,0.2,0.05,0.075,0.3,21,21,17,16,8,2,10,16,28,25,22,21,20,19,23,23,283,563,542,265,80,52,85,100,2.0,-0.3833333,1.383333,-0.18,1.223,0.27,3
6.3,8.925,10.9,5.875,1.85,1.25,1.6,2.1,1.625,-1.025,2.075,0.5,0.075,0.125,0.125,-0.3,20,24,20,23,14,4,8,18,28,29,23,26,20,18,16,25,385,611,691,359,96,64,79,128,2.0,-0.3833333,1.383333,-0.181,1.222,0.271,3
7.925,7.9,12.975,6.375,1.925,1.375,1.725,1.8,-1.35,-0.4,-2.175,-0.525,-0.25,-0.05,-0.15,-0.075,23,19,21,25,14,8,7,13,30,21,20,25,18,21,16,28,534,487,778,398,92,75,86,114,2.0,-0.3833333,1.383333,-0.182,1.222,0.271,3
6.575,7.5,10.8,5.85,1.675,1.325,1.575,1.725,-0.45,1.075,-2.05,-0.175,-0.175,0.1,-0.175,0.15,22,14,20,22,13,8,9,12,30,19,23,27,21,18,17,25,447,368,667,364,79,66,79,103,2.0,-0.3833333,1.383333,-0.182,1.222,0.271,3
6.125,8.575,8.75,5.675,1.5,1.425,1.4,1.875,-0.35,-1.525,0.525,-1.15,0.325,-0.025,-0.025,-0.2,16,21,22,20,15,9,9,13,27,26,25,26,25,17,21,25,375,542,578,320,87,68,78,103,2.0,-0.3833333,1.383333,-0.182,1.221,0.273,3
5.775,7.05,9.275,4.525,1.825,1.4,1.375,1.675,0.125,-0.525,0.825,0.425,0.25,0.025,0.4,0.225,16,19,28,14,17,9,13,17,25,25,30,26,23,17,23,29,346,430,635,266,114,66,83,115,2.0,-0.3833333,1.383333,-0.182,1.22,0.274,3
5.9,6.525,10.1,4.95,2.075,1.425,1.775,1.9,1.725,2.6,0.85,0.525,-0.475,0.025,0.2,-0.2,19,13,22,11,15,14,18,15,23,23,33,27,22,22,28,26,384,309,665,310,112,81,124,118,2.0,-0.3833333,1.383333,-0.182,1.22,0.275,3
7.625,9.125,10.95,5.475,1.6,1.45,1.975,1.7,-0.3,-0.075,-0.025,-0.325,-0.225,-0.175,-0.45,-0.5,16,20,16,12,6,15,16,12,28,24,30,26,22,24,30,25,536,532,712,362,81,90,142,104,2.0,-0.3833333,1.383333,-0.181,1.219,0.275,3
7.325,9.05,10.925,5.15,1.375,1.275,1.525,1.2,-0.875,-1.75,-3.625,-0.875,0.375,-0.25,-0.4,0.175,19,24,22,12,7,13,8,13,33,26,27,23,24,22,18,22,512,596,752,350,82,77,98,78,2.0,-0.3833333,1.383333,-0.181,1.219,0.275,3
6.45,7.3,7.3,4.275,1.75,1.025,1.125,1.375,4.9,2.1,-0.425,0.05,0.275,0.075,0.2,0.4,21,15,22,13,11,11,6,13,29,25,23,20,25,21,16,20,431,462,467,268,88,60,68,80,2.0,-0.3833333,1.383333,-0.18,1.219,0.275,3
11.35,9.4,6.875,4.325,2.025,1.1,1.325,1.775,3.7,1.475,2.125,0.925,-0.025,0.425,0.2,0.1,23,20,21,16,17,13,9,13,27,29,26,23,23,22,18,21,781,622,436,268,103,65,70,108,2.0,-0.3833333,1.383333,-0.18,1.219,0.275,3
15.05,10.875,9.0,5.25,2.0,1.525,1.525,1.875,-4.425,-2.975,1.625,0.6,-0.375,-0.05,0.075,-0.075,22,25,20,17,16,13,11,17,26,27,26,20,20,21,20,25,962,671,582,310,124,85,82,122,2.0,-0.3833333,1.383333,-0.179,1.219,0.274,3
10.625,7.9,10.625,5.85,1.625,1.475,1.6,1.8,-3.625,-0.3,1.225,0.6,0.075,-0.175,0.25,-0.075,20,22,23,18,8,9,9,13,23,25,27,21,16,25,20,24,560,465,722,347,99,82,93,97,2.0,-0.3833333,1.383333,-0.179,1.22,0.274,3
7.0,7.6,11.85,6.45,1.7,1.3,1.85,1.725,-0.075,-0.3,-0.125,-0.5,0.175,0.05,-0.125,0.125,15,20,26,23,11,4,8,12,18,23,29,26,17,21,19,21,389,430,822,423,96,71,98,82,2.0,-0.3833333,1.383333,-0.179,1.22,0.274,3
6.925,7.3,11.725,5.95,1.875,1.35,1.725,1.85,-0.15,-0.55,-1.8,-0.65,-0.3,-0.05,-0.425,0.125,14,19,23,21,13,3,10,15,19,23,28,30,22,16,21,20,403,405,787,413,108,69,100,108,2.0,-0.3833333,1.383333,-0.179,1.22,0.275,3
6.775,6.75,9.925,5.3,1.575,1.3,1.3,1.975,1.425,3.3,-1.25,-0.25,0.15,0.0,0.25,-0.2,20,25,23,19,9,9,10,17,24,26,28,32,17,18,21,23,446,424,627,358,77,61,74,118,2.0,-0.3833333,1.383333,-0.18,1.22,0.275,3
0.975,2.175,2.25,1.3,1.125,1.125,1.05,0.7,0.075,-0.15,0.325,0.05,-0.175,-0.125,0.0,0.075,5,17,17,6,3,2,6,0,25,19,19,13,17,21,19,19,61,135,124,53,46,50,50,38,3.0,7.450581e-09,0.6166667,0.226,0.689,0.029,3
1.05,2.025,2.575,1.35,0.95,1.0,1.05,0.775,0.025,-0.55,-0.475,-0.125,0.1,-0.025,-0.275,0.25,2,12,17,11,4,4,5,0,22,23,20,12,20,14,25,15,54,131,138,55,45,37,53,32,3.0,7.450581e-09,0.6166667,0.226,0.689,0.03,3
1.075,1.475,2.1,1.225,1.05,0.975,0.775,1.025,-0.025,-0.15,-0.05,0.125,0.35,0.0,0.05,-0.05,5,11,17,11,6,3,3,4,20,22,26,12,17,14,21,12,52,86,125,50,41,37,43,40,3.0,7.450581e-09,0.6166667,0.226,0.689,0.03,3
1.05,1.325,2.05,1.35,1.4,0.975,0.825,0.975,0.075,-0.125,0.475,1.4,2.0,1.3,0.45,0.05,5,8,16,9,7,5,3,5,19,17,25,17,19,12,16,9,52,64,120,64,59,42,36,37,3.0,7.450581e-09,0.6166667,0.226,0.689,0.029,3
1.125,1.2,2.525,2.75,3.4,2.275,1.275,1.025,0.1,1.675,3.3,0.725,-0.25,0.05,0.025,0.1,4,6,16,14,13,8,7,5,17,20,25,16,22,15,19,13,51,59,168,146,191,122,65,40,3.0,7.450581e-09,0.6166667,0.226,0.693,0.033,3
1.225,2.875,5.825,3.475,3.15,2.325,1.3,1.125,-0.1,1.9,2.5,-0.875,-1.825,-1.175,-0.25,-0.15,6,11,19,17,13,8,6,5,13,19,25,17,19,21,15,15,57,169,383,187,174,126,61,49,3.0,7.450581e-09,0.6166667,0.226,0.707,0.047,3
1.125,4.775,8.325,2.6,1.325,1.15,1.05,0.975,0.175,-0.35,-1.425,1.65,0.35,0.225,0.1,0.125,5,18,20,14,11,8,6,1,15,18,24,19,21,18,19,16,55,282,532,133,73,53,48,44,3.0,7.450581e-09,0.6166667,0.224,0.727,0.079,3
1.3,4.425,6.9,4.25,1.675,1.375,1.15,1.1,0.325,1.45,-1.025,1.85,0.575,0.725,1.275,0.425,6,20,17,17,8,7,10,3,18,18,22,23,25,15,21,15,58,256,398,263,93,59,66,48,3.0,7.450581e-09,0.6166667,0.214,0.75,0.126,3
1.625,5.875,5.875,6.1,2.25,2.1,2.425,1.525,0.275,1.05,1.225,0.875,0.325,0.15,0.25,0.325,10,21,13,15,14,12,13,11,18,22,20,22,25,13,21,17,86,341,297,340,123,97,134,76,3.0,7.450581e-09,0.6166667,0.198,0.77,0.181,3
1.9,6.925,7.1,6.975,2.575,2.25,2.675,1.85,-0.125,-0.65,0.85,0.85,-0.7,-0.75,-0.95,-0.05,14,23,16,15,14,14,11,16,18,29,22,22,18,14,21,21,111,425,378,387,127,104,148,97,3.0,7.450581e-09,0.6166667,0.176,0.785,0.233,3
1.775,6.275,7.95,7.825,1.875,1.5,1.725,1.8,-0.3,0.975,-0.45,-1.675,-0.425,-0.225,-0.2,-0.325,14,20,19,18,9,9,9,14,20,26,23,25,15,17,20,22,103,361,490,469,92,70,97,99,3.0,7.450581e-09,0.6166667,0.155,0.793,0.274,3
1.475,7.25,7.5,6.15,1.45,1.275,1.525,1.475,0.025,-1.2,-1.025,-1.5,-0.1,0.15,0.05,-0.125,11,17,19,14,8,8,13,8,23,20,23,24,19,22,24,18,92,394,435,337,69,63,87,74,3.0,7.450581e-09,0.6166667,0.143,0.793,0.3,3
1.5,6.05,6.475,4.65,1.35,1.425,1.575,1.35,0.225,0.25,-0.875,0.05,0.05,-0.125,-0.075,-0.025,13,18,20,14,8,14,13,7,22,25,23,19,19,25,20,15,89,382,398,250,63,75,89,63,3.0,7.450581e-09,0.6166667,0.138,0.789,0.314,3
1.725,6.3,5.6,4.7,1.4,1.3,1.5,1.325,0.075,1.85,2.0,0.625,0.15,-0.175,-0.125,-0.225,16,24,19,15,11,16,10,6,27,33,24,23,24,27,21,21,105,451,357,262,77,81,89,69,3.0,7.450581e-09,0.6166667,0.136,0.785,0.321,3
1.8,8.15,7.6,5.325,1.55,1.125,1.375,1.1,-0.275,-0.975,0.175,0.875,-0.075,0.225,0.05,-0.075,19,25,26,17,12,11,9,9,28,35,29,22,26,25,20,22,123,590,524,300,94,67,71,63,3.0,7.450581e-09,0.6166667,0.134,0.782,0.326,3
1.525,7.175,7.775,6.2,1.475,1.35,1.425,1.025,0.325,0.025,-1.975,0.325,0.175,0.05,-0.175,0.125,15,22,24,20,8,12,11,13,26,30,25,22,25,21,21,19,108,508,494,354,87,65,72,59,3.0,7.450581e-09,0.6166667,0.133,0.78,0.328,3
1.85,7.2,5.8,6.525,1.65,1.4,1.25,1.15,0.2,1.4,0.475,-0.825,0.1,-0.025,0.0,0.1,9,22,19,19,10,11,12,11,24,26,22,23,20,15,21,18,106,498,330,365,81,62,63,61,3.0,7.450581e-09,0.6166667,0.132,0.779,0.33,3
2.05,8.6,6.275,5.7,1.75,1.375,1.25,1.25,-0.275,-0.575,0.625,-1.15,-0.075,-0.225,0.1,-0.05,10,22,22,25,10,7,13,8,23,27,26,25,14,13,20,16,116,584,375,342,82,65,66,65,3.0,7.450581e-09,0.6166667,0.131,0.779,0.33,3
1.775,8.025,6.9,4.55,1.675,1.15,1.35,1.2,0.125,-0.275,0.375,0.125,0.3,0.1,0.3,0.175,11,24,20,22,10,5,13,9,22,28,22,21,17,15,24,16,109,531,414,281,85,63,84,65,3.0,7.450581e-09,0.6166667,0.132,0.778,0.33,3
1.9,7.75,7.275,4.675,1.975,1.25,1.65,1.375,-0.1,1.425,-0.625,0.05,0.075,0.275,0.125,0.05,15,22,17,12,14,6,12,10,23,26,21,17,20,15,21,16,115,491,423,230,99,64,90,62,3.0,7.450581e-09,0.6166667,0.133,0.778,0.33,3
1.8,9.175,6.65,4.725,2.05,1.525,1.775,1.425,-0.275,-0.9,0.875,0.325,-0.5,-0.4,-0.45,-0.025,17,18,17,16,16,10,12,9,24,25,21,23,23,23,19,18,107,542,393,244,115,88,86,65,3.0,7.450581e-09,0.6166667,0.135,0.778,0.329,3
1.525,8.275,7.525,5.05,1.55,1.125,1.325,1.4,0.075,0.575,1.1,0.425,-0.025,-0.125,-0.05,0.025,15,15,20,19,12,8,10,7,25,21,25,25,21,21,24,24,92,477,490,288,94,73,71,82,3.0,7.450581e-09,0.6166667,0.136,0.778,0.328,3
1.6,8.85,8.625,5.475,1.525,1.0,1.275,1.425,0.225,0.7,-1.15,0.4,0.275,0.35,0.3,-0.1,15,16,20,18,5,3,9,7,28,21,22,21,12,15,21,17,96,520,536,303,60,55,73,66,3.0,7.450581e-09,0.6166667,0.137,0.779,0.328,3
1.825,9.55,7.475,5.875,1.8,1.35,1.575,1.325,0.025,-1.775,0.125,-0.325,0.15,0.2,0.125,0.25,19,19,17,22,12,9,13,8,24,26,21,21,20,16,18,17,103,586,448,351,87,64,85,64,3.0,7.450581e-09,0.6166667,0.137,0.779,0.328,3
1.85,7.775,7.6,5.55,1.95,1.55,1.7,1.575,-0.075,-0.225,0.9,1.3,0.175,-0.3,-0.3,0.0,18,20,22,25,16,16,16,13,26,31,27,28,24,21,15,19,107,527,485,366,103,81,87,86,3.0,7.450581e-09,0.6166667,0.136,0.778,0.328,3
1.775,7.55,8.5,6.85,2.125,1.25,1.4,1.575,-0.025,0.25,0.275,1.425,-0.175,-0.075,0.0,-0.15,13,20,23,21,14,10,8,16,29,28,26,25,17,20,14,23,109,476,522,396,108,67,68,85,3.0,7.450581e-09,0.6166667,0.135,0.778,0.327,3
1.75,7.8,8.775,8.275,1.95,1.175,1.4,1.425,-0.075,-1.825,-0.95,-1.425,-0.15,0.15,0.175,-0.075,10,18,20,21,8,3,7,15,26,24,23,24,15,21,20,24,106,466,533,521,83,53,64,81,3.0,7.450581e-09,0.6166667,0.135,0.777,0.327,3
1.675,5.975,7.825,6.85,1.8,1.325,1.575,1.35,0.05,0.8,-0.825,-1.275,-0.05,0.025,-0.05,-0.225,9,18,16,18,7,5,12,14,17,22,22,22,16,18,20,18,85,356,455,419,81,66,77,70,3.0,7.450581e-09,0.6166667,0.135,0.777,0.326,3
1.725,6.775,7.0,5.575,1.75,1.35,1.525,1.125,0.275,1.7,0.425,0.15,-0.125,0.1,0.2,0.3,11,22,18,13,14,8,11,10,16,25,23,23,21,13,18,14,89,439,425,308,103,68,81,49,3.0,7.450581e-09,0.6166667,0.135,0.776,0.325,3
2.0,8.475,7.425,5.725,1.625,1.45,1.725,1.425,-0.175,-0.65,-0.15,0.0,-0.175,-0.2,-0.05,0.25,10,23,20,17,16,8,13,15,21,26,24,24,19,10,19,16,115,523,456,354,90,63,91,69,3.0,7.450581e-09,0.6166667,0.136,0.776,0.325,3
1.825,7.825,7.275,5.725,1.45,1.25,1.675,1.675,-0.35,0.0,0.15,-0.275,0.0,-0.05,-0.025,-0.05,12,21,20,21,10,8,13,16,30,22,27,22,12,15,19,21,115,443,472,369,62,68,95,87,3.0,7.450581e-09,0.6166667,0.136,0.776,0.325,3
1.475,7.825,7.425,5.45,1.45,1.2,1.65,1.625,0.225,-0.575,0.375,0.35,0.325,0.125,-0.125,0.075,11,23,27,20,5,11,15,13,25,27,27,22,11,20,19,18,94,529,472,334,64,70,100,83,3.0,7.450581e-09,0.6166667,0.136,0.776,0.325,3
1.7,7.25,7.8,5.8,1.775,1.325,1.525,1.7,0.275,-0.125,-0.55,-0.3,0.125,0.175,0.425,-0.275,9,23,29,23,13,12,13,11,16,29,28,25,16,22,19,14,89,485,529,349,88,73,90,74,3.0,7.450581e-09,0.6166667,0.136,0.776,0.324,3
1.975,7.125,7.25,5.5,1.9,1.5,1.95,1.425,-0.275,0.8,-0.525,-0.35,0.1,0.2,0.225,-0.25,13,21,25,18,14,14,15,10,23,27,27,25,22,19,20,19,113,497,474,332,98,85,125,67,3.0,7.450581e-09,0.6166667,0.136,0.777,0.325,3
1.7,7.925,6.725,5.15,2.0,1.7,2.175,1.175,-0.275,0.25,0.75,-0.05,-0.075,-0.2,-0.675,0.175,13,22,22,11,9,13,17,7,26,26,26,17,18,18,22,17,107,523,372,283,98,93,141,60,3.0,7.450581e-09,0.6166667,0.137,0.777,0.325,3
1.425,8.175,7.475,5.1,1.925,1.5,1.5,1.35,0.2,-1.275,1.2,1.3,-0.075,-0.175,0.425,0.225,12,22,23,18,11,8,14,12,24,26,27,21,16,20,21,26,88,539,470,318,93,79,81,75,3.0,7.450581e-09,0.6166667,0.136,0.776,0.325,3
1.625,6.9,8.675,6.4,1.85,1.325,1.925,1.575,0.1,-0.95,-1.525,-0.15,-0.175,0.125,0.25,0.05,12,16,17,21,12,9,17,15,17,24,22,24,16,19,19,27,89,435,462,363,83,74,108,87,3.0,7.450581e-09,0.6166667,0.136,0.776,0.325,3
1.725,5.95,7.15,6.25,1.675,1.45,2.175,1.625,-0.075,1.45,-0.25,-0.125,0.0,0.0,-0.625,-0.3,10,18,17,19,7,9,17,12,17,26,22,22,16,23,17,20,87,362,357,338,68,79,126,86,3.0,7.450581e-09,0.6166667,0.136,0.776,0.325,3
1.65,7.4,6.9,6.125,1.675,1.45,1.55,1.325,0.175,-0.025,0.65,-0.225,0.2,-0.125,0.2,-0.1,9,26,20,20,6,8,9,10,19,29,27,26,17,21,13,15,88,468,432,353,83,66,81,64,3.0,7.450581e-09,0.6166667,0.136,0.777,0.326,3
1.825,7.375,7.55,5.9,1.875,1.325,1.75,1.225,-0.05,-1.075,-0.85,-2.375,-0.325,-0.15,-0.175,0.0,11,26,20,19,11,6,12,11,22,27,26,30,21,18,19,15,98,495,484,342,92,59,90,57,3.0,7.450581e-09,0.6166667,0.136,0.777,0.325,3
1.775,6.3,6.7,3.525,1.55,1.175,1.575,1.225,-0.225,0.125,-0.725,-0.2,-0.125,0.1,-0.225,0.05,14,19,17,18,11,6,14,9,24,22,23,24,18,13,22,13,100,401,368,191,68,51,84,54,3.0,7.450581e-09,0.6166667,0.136,0.776,0.325,3
1.55,6.425,5.975,3.325,1.425,1.275,1.35,1.275,0.025,-0.05,0.425,1.1,0.2,0.175,0.3,0.025,16,17,17,14,12,7,12,9,27,20,25,21,17,11,22,14,92,367,333,181,74,52,83,59,3.0,7.450581e-09,0.6166667,0.137,0.775,0.325,3
1.575,6.375,6.4,4.425,1.625,1.45,1.65,1.3,0.2,0.275,-0.375,-0.275,0.1,-0.1,-0.075,-0.05,18,19,18,12,10,11,13,11,26,23,25,23,19,16,21,15,90,360,377,237,81,70,102,58,3.0,7.450581e-09,0.6166667,0.138,0.774,0.325,3
1.775,6.65,6.025,4.15,1.725,1.35,1.575,1.25,0.05,-0.95,0.875,0.925,0.125,0.075,0.025,0.125,13,17,18,19,14,12,13,10,22,27,21,23,26,17,19,16,97,400,348,237,96,69,91,54,3.0,7.450581e-09,0.6166667,0.138,0.772,0.324,3
1.825,5.7,6.9,5.075,1.85,1.425,1.6,1.375,-0.125,1.575,1.075,0.5,-0.1,0.025,-0.125,0.15,7,16,21,21,16,8,13,13,20,25,24,23,24,15,21,18,91,311,429,305,101,71,98,67,3.0,7.450581e-09,0.6166667,0.138,0.771,0.324,3
1.7,7.275,7.975,5.575,1.75,1.45,1.475,1.525,-0.125,0.925,-1.1,-1.3,-0.2,-0.1,0.5,0.275,8,19,23,19,9,4,12,11,19,24,29,20,20,13,22,16,91,433,520,344,84,64,87,71,3.0,7.450581e-09,0.6166667,0.138,0.771,0.324,3
1.575,8.2,6.875,4.275,1.55,1.35,1.975,1.8,0.225,-1.575,-0.1,0.525,0.125,-0.1,0.45,-0.05,11,20,21,20,10,7,10,9,23,25,25,20,22,13,19,20,99,488,408,238,89,65,111,92,3.0,7.450581e-09,0.6166667,0.138,0.771,0.325,3
1.8,6.625,6.775,4.8,1.675,1.25,2.425,1.75,0.1,-0.7,0.825,0.675,0.25,0.175,-0.125,-0.325,10,20,15,18,8,8,14,9,21,23,23,20,20,12,21,19,97,401,327,246,81,60,136,85,3.0,7.450581e-09,0.6166667,0.137,0.772,0.325,3
1.9,5.925,7.6,5.475,1.925,1.425,2.3,1.425,-0.075,-0.95,0.175,-0.525,0.1,0.1,-0.275,-0.05,8,18,19,18,6,8,16,11,21,21,25,22,12,14,19,18,93,348,414,297,71,59,122,63,3.0,7.450581e-09,0.6166667,0.137,0.773,0.326,3
1.825,4.975,7.775,4.95,2.025,1.525,2.025,1.375,-0.175,-1.225,-3.35,-1.95,-0.6,-0.325,-0.65,-0.05,15,14,23,20,13,10,16,15,26,22,26,23,17,17,23,26,109,284,482,277,91,73,127,80,3.0,7.450581e-09,0.6166667,0.137,0.774,0.327,3
1.65,3.75,4.425,3.0,1.425,1.2,1.375,1.325,-0.3,-1.475,-2.725,-1.85,-0.5,-0.3,-0.4,-0.25,16,15,18,16,11,8,13,10,23,25,27,26,17,21,24,28,114,215,277,169,73,62,88,72,3.0,7.450581e-09,0.6166667,0.181,0.733,0.174,3
1.35,2.275,1.7,1.15,0.925,0.9,0.975,1.075,0.1,0.2,0.025,-0.025,-0.025,0.0,-0.1,-0.1,8,19,13,11,2,3,5,2,22,27,23,21,16,18,18,23,80,149,93,69,40,43,52,51,3.0,7.450581e-09,0.6166667,0.226,0.692,0.022,3
1.45,2.475,1.725,1.125,0.9,0.9,0.875,0.975,-0.025,0.575,0.15,0.2,-0.05,-0.075,0.0,0.0,8,15,13,9,0,3,1,3,20,23,20,16,13,11,10,18,72,140,86,56,34,34,30,45,3.0,7.450581e-09,0.6166667,0.226,0.692,0.022,3
1.425,3.05,1.875,1.325,0.85,0.825,0.875,0.975,-0.2,-0.825,-0.35,-0.125,0.25,0.075,-0.025,-0.025,9,14,12,13,2,2,3,4,19,19,23,19,13,8,12,14,78,160,104,71,34,27,30,41,3.0,7.450581e-09,0.6166667,0.226,0.692,0.022,3
1.225,2.225,1.525,1.2,1.1,0.9,0.85,0.95,-0.1,-0.525,0.2,1.025,1.35,0.7,0.475,0.075,6,13,9,13,6,2,5,3,16,20,18,21,13,12,16,11,62,128,79,67,42,37,38,42,3.0,7.450581e-09,0.6166667,0.226,0.691,0.021,3
1.125,1.7,1.725,2.225,2.45,1.6,1.325,1.025,0.425,2.7,7.35,2.825,0.75,0.125,0.4,0.125,7,13,9,11,11,6,7,2,20,21,16,17,16,18,12,12,62,87,82,101,102,76,56,41,3.0,7.450581e-09,0.6166667,0.226,0.692,0.022,3
1.55,4.4,9.075,5.05,3.2,1.725,1.725,1.15,0.075,2.675,1.325,0.05,-1.15,-0.575,-0.425,-0.025,12,15,16,12,13,8,10,5,25,20,21,19,18,17,19,17,91,210,559,245,154,81,76,48,3.0,7.450581e-09,0.6166667,0.227,0.699,0.033,3
1.625,7.075,10.4,5.1,2.05,1.15,1.3,1.125,0.025,-1.025,-4.55,-0.55,-0.45,0.15,-0.15,-0.025,14,21,22,17,12,3,8,9,20,25,24,26,15,14,17,17,100,420,669,289,100,48,55,50,3.0,7.450581e-09,0.6166667,0.224,0.718,0.072,3
1.65,6.05,5.85,4.55,1.6,1.3,1.15,1.1,0.45,-0.825,2.875,3.35,1.05,0.675,0.475,0.2,13,21,20,18,8,5,5,9,18,26,24,26,22,16,12,15,92,367,375,249,82,66,47,56,3.0,7.450581e-09,0.6166667,0.211,0.741,0.13,3
2.1,5.225,8.725,7.9,2.65,1.975,1.625,1.3,0.35,1.3,1.3,0.8,0.075,-0.2,0.075,0.325,17,15,23,18,8,10,10,10,20,21,23,24,24,21,17,17,118,261,483,417,129,114,90,75,3.0,7.450581e-09,0.6166667,0.191,0.761,0.19,3
2.45,6.525,10.025,8.7,2.725,1.775,1.7,1.625,-0.125,0.95,-1.3,-2.225,-0.825,-0.35,-0.2,-0.075,20,20,20,17,14,14,16,13,23,25,23,27,19,22,23,19,137,389,568,475,135,108,107,90,3.0,7.450581e-09,0.6166667,0.167,0.778,0.239,3
2.325,7.475,8.725,6.475,1.9,1.425,1.5,1.55,-0.425,-0.95,-0.85,-1.2,-0.325,0.075,-0.1,-0.3,18,25,18,21,14,12,12,10,25,29,25,25,22,19,19,17,135,476,611,405,106,74,82,75,3.0,7.450581e-09,0.6166667,0.146,0.787,0.268,3
1.9,6.525,7.875,5.275,1.575,1.5,1.4,1.25,-0.1,-1.8,-0.6,-0.6,-0.1,-0.1,-0.075,0.125,17,26,23,21,10,10,11,8,25,27,28,24,22,19,16,15,120,416,550,329,87,70,74,60,3.0,7.450581e-09,0.6166667,0.135,0.79,0.279,3
1.8,4.725,7.275,4.675,1.475,1.4,1.325,1.375,0.1,0.3,-0.225,0.55,0.1,-0.1,0.15,0.05,12,22,29,18,9,10,10,11,21,26,31,25,15,20,24,17,102,302,514,297,69,70,76,76,3.0,7.450581e-09,0.6166667,0.13,0.789,0.283,3
1.9,5.025,7.05,5.225,1.575,1.3,1.475,1.425,0.275,1.15,0.725,0.75,-0.1,-0.1,0.0,-0.125,12,18,24,18,8,6,12,8,20,26,26,23,13,19,27,13,98,307,448,300,68,57,81,62,3.0,7.450581e-09,0.6166667,0.128,0.787,0.284,3
2.175,6.175,7.775,5.975,1.475,1.2,1.475,1.3,0.175,0.05,0.025,0.15,-0.05,-0.05,-0.325,-0.05,18,17,20,22,10,6,15,9,24,21,22,21,16,17,27,11,120,346,440,329,78,54,80,51,3.0,7.450581e-09,0.6166667,0.127,0.785,0.286,3
2.35,6.225,7.8,6.125,1.425,1.15,1.15,1.25,-0.425,-0.775,-1.275,-1.1,-0.075,0.1,0.05,-0.025,16,18,16,21,15,6,10,9,20,18,20,25,20,14,21,14,140,353,404,360,82,60,60,61,3.0,7.450581e-09,0.6166667,0.126,0.786,0.286,3
1.925,5.45,6.525,5.025,1.35,1.25,1.2,1.225,-0.25,0.375,-0.225,-0.925,-0.15,-0.025,0.375,0.075,8,15,14,14,15,6,5,6,16,21,24,23,25,18,16,14,118,314,341,292,79,66,55,58,3.0,7.450581e-09,0.6166667,0.125,0.787,0.287,3
1.675,5.825,6.3,4.1,1.2,1.225,1.575,1.3,-0.15,0.15,0.4,0.075,0.125,-0.1,-0.05,0.075,12,17,18,15,9,4,6,5,22,25,22,18,23,21,20,12,100,357,379,218,68,66,65,62,3.0,7.450581e-09,0.6166667,0.124,0.788,0.288,3
1.525,5.975,6.7,4.175,1.325,1.125,1.525,1.375,0.125,-1.1,-1.425,-0.375,0.25,0.325,0.15,0.125,14,25,13,14,8,5,6,12,22,25,17,16,19,21,20,21,87,394,356,191,66,62,68,75,3.0,7.450581e-09,0.6166667,0.123,0.789,0.289,3
1.65,4.875,5.275,3.8,1.575,1.45,1.675,1.5,0.475,0.6,0.95,0.35,-0.05,0.175,-0.05,0.0,10,25,15,15,12,8,10,10,19,26,19,19,16,17,16,17,79,339,290,206,72,68,82,71,3.0,7.450581e-09,0.6166667,0.122,0.79,0.29,3
2.125,5.475,6.225,4.15,1.525,1.625,1.625,1.5,-0.3,-0.2,0.2,-0.125,-0.325,-0.45,-0.375,-0.225,10,23,22,20,14,10,9,5,21,25,26,24,19,20,21,15,103,363,413,278,73,78,82,74,3.0,7.450581e-09,0.6166667,0.12,0.791,0.292,3
1.825,5.275,6.425,4.025,1.2,1.175,1.25,1.275,-0.05,-0.675,-1.45,-0.6,-0.175,-0.175,0.05,0.05,7,16,24,16,7,12,7,9,22,19,24,21,20,20,22,17,102,311,397,224,65,60,71,69,3.0,7.450581e-09,0.6166667,0.119,0.79,0.294,3
1.775,4.6,4.975,3.425,1.025,1.0,1.3,1.325,0.2,0.4,0.3,0.825,0.125,0.25,-0.025,0.0,8,14,20,14,2,9,10,12,17,22,21,22,18,17,20,16,99,282,266,175,49,55,77,64,3.0,7.450581e-09,0.6166667,0.118,0.788,0.295,3
1.975,5.0,5.275,4.25,1.15,1.25,1.275,1.325,0.075,0.075,0.45,0.4,0.175,0.025,0.1,-0.25,15,19,18,20,5,9,12,12,17,25,21,24,17,18,21,16,100,322,300,237,49,70,74,63,3.0,7.450581e-09,0.6166667,0.117,0.787,0.296,3
2.05,5.075,5.725,4.65,1.325,1.275,1.375,1.075,-0.125,-0.45,0.05,-0.525,-0.15,-0.225,-0.1,-0.175,14,21,21,19,8,12,13,7,20,26,24,18,15,16,21,20,105,324,365,255,58,59,73,58,3.0,7.450581e-09,0.6166667,0.117,0.787,0.296,3
1.925,4.625,5.775,4.125,1.175,1.05,1.275,0.9,-0.3,-0.05,-0.3,-0.425,0.075,0.225,-0.2,0.075,11,19,20,15,5,7,9,1,18,25,21,16,17,18,15,17,104,276,338,235,53,50,60,49,3.0,7.450581e-09,0.6166667,0.116,0.787,0.296,3
1.625,4.575,5.475,3.7,1.25,1.275,1.075,0.975,0.1,0.575,-1.075,-0.425,0.1,0.35,0.225,0.425,9,15,21,12,2,4,7,5,17,21,22,17,20,21,14,17,99,245,314,199,51,57,54,55,3.0,7.450581e-09,0.6166667,0.115,0.787,0.297,3
1.725,5.15,4.4,3.275,1.35,1.625,1.3,1.4,0.325,-0.2,-0.45,0.725,-0.15,-0.25,0.025,-0.025,8,18,23,15,9,13,8,10,21,23,23,16,22,23,19,16,106,299,262,167,62,77,71,67,3.0,7.450581e-09,0.6166667,0.114,0.788,0.297,3
2.05,4.95,3.95,4.0,1.2,1.375,1.325,1.375,0.05,-0.75,0.775,0.625,0.05,-0.2,-0.05,-0.2,9,21,20,17,13,13,5,10,24,30,23,14,18,21,15,14,111,292,232,190,65,76,62,61,3.0,7.450581e-09,0.6166667,0.114,0.789,0.298,3
2.1,4.2,4.725,4.625,1.25,1.175,1.275,1.175,-0.175,0.1,0.25,-0.075,0.1,-0.05,0.2,0.025,16,20,18,16,10,8,6,11,24,26,24,17,19,19,18,18,111,247,263,235,72,59,67,64,3.0,7.450581e-09,0.6166667,0.113,0.79,0.299,3
1.925,4.3,4.975,4.55,1.35,1.125,1.475,1.2,-0.125,0.4,0.4,-0.025,0.125,-0.025,0.025,-0.025,16,22,21,17,7,7,10,7,21,24,26,21,18,20,21,17,108,271,301,271,71,56,84,63,3.0,7.450581e-09,0.6166667,0.113,0.791,0.299,3
1.8,4.7,5.375,4.525,1.475,1.1,1.5,1.175,0.2,0.475,0.4,-0.1,0.05,0.025,-0.15,0.1,13,23,21,18,10,4,12,9,19,28,26,23,19,14,21,16,95,305,341,272,77,54,86,59,3.0,7.450581e-09,0.6166667,0.113,0.791,0.3,3
2.0,5.175,5.775,4.425,1.525,1.125,1.35,1.275,-0.15,-0.075,-1.325,-0.4,0.1,-0.025,-0.025,-0.05,17,22,15,13,9,7,9,12,19,31,20,22,16,16,18,18,110,348,297,220,68,61,92,71,3.0,7.450581e-09,0.6166667,0.113,0.791,0.3,3
1.85,5.1,4.45,4.025,1.625,1.1,1.325,1.225,-0.375,-0.575,-0.85,-0.15,-0.325,-0.05,0.175,-0.1,15,19,15,13,3,5,8,11,20,28,20,23,14,18,20,20,109,298,214,208,54,53,79,69,3.0,7.450581e-09,0.6166667,0.113,0.791,0.299,3
1.475,4.525,3.6,3.875,1.3,1.05,1.5,1.125,-0.025,-0.45,2.9,0.7,-0.15,-0.15,0.25,0.025,9,19,15,17,4,4,12,9,19,24,21,24,15,13,24,18,75,248,212,225,51,45,93,52,3.0,7.450581e-09,0.6166667,0.115,0.791,0.298,3
1.45,4.075,6.5,4.575,1.15,0.9,1.75,1.15,-0.075,-0.375,0.475,-0.25,0.3,0.25,-0.35,-0.1,10,19,16,17,7,5,16,10,23,25,22,25,13,19,24,19,76,254,382,248,50,46,103,50,3.0,7.450581e-09,0.6166667,0.115,0.79,0.298,3
1.375,3.7,6.975,4.325,1.45,1.15,1.4,1.05,0.25,1.1,-0.325,0.525,-0.025,0.25,-0.175,0.025,9,16,19,19,7,9,15,12,22,23,22,23,15,18,20,23,79,236,408,237,60,54,74,52,3.0,7.450581e-09,0.6166667,0.115,0.788,0.298,3
1.625,4.8,6.65,4.85,1.425,1.4,1.225,1.075,0.125,0.65,0.375,0.525,-0.075,-0.125,0.15,0.0,11,18,21,18,6,11,8,12,21,23,21,22,21,15,14,24,87,294,370,262,63,60,57,56,3.0,7.450581e-09,0.6166667,0.115,0.787,0.298,3
1.75,5.45,7.025,5.375,1.35,1.275,1.375,1.075,0.075,0.2,-0.85,-0.75,0.025,-0.2,0.0,0.125,15,20,25,19,11,7,10,11,26,25,24,21,24,14,18,20,99,317,403,269,72,60,73,58,3.0,7.450581e-09,0.6166667,0.115,0.789,0.299,3
1.825,5.65,6.175,4.625,1.375,1.075,1.375,1.2,0.15,0.35,0.0,-0.25,-0.05,-0.1,0.05,0.075,16,21,25,20,12,10,13,9,21,21,31,23,25,19,23,17,106,331,392,256,77,60,80,58,3.0,7.450581e-09,0.6166667,0.114,0.791,0.3,3
1.1,1.45,1.275,1.075,0.95,0.95,0.85,0.9,0.075,-0.075,0.025,-0.025,0.15,0.025,0.175,0.15,3,8,9,7,4,4,1,1,17,17,21,16,20,10,10,5,50,78,67,46,50,33,31,28,4.0,7.450581e-09,1.0,0.235,0.686,0.018,3
1.175,1.375,1.3,1.05,1.1,0.975,1.025,1.05,-0.175,-0.3,0.025,0.1,0.25,0.225,0.05,-0.025,5,8,13,8,2,5,2,0,12,20,20,20,22,9,13,7,47,79,71,54,53,32,40,29,4.0,7.450581e-09,1.0,0.235,0.687,0.019,3
1.0,1.075,1.325,1.15,1.35,1.2,1.075,1.025,0.45,2.8,13.425,2.3,2.175,1.0,1.125,0.45,6,3,11,7,5,6,5,1,11,19,17,18,16,14,18,13,39,55,66,52,56,50,51,36,4.0,7.450581e-09,1.0,0.234,0.689,0.021,3
1.45,3.875,14.75,3.45,3.525,2.2,2.2,1.475,0.55,4.025,10.675,1.575,0.125,0.05,0.0,0.3,8,8,16,15,11,10,7,6,15,20,22,23,18,22,17,18,64,187,968,186,173,127,116,82,4.0,7.450581e-09,1.0,0.232,0.731,0.054,3
2.0,7.9,25.425,5.025,3.65,2.25,2.2,1.775,-0.35,0.875,-8.95,0.375,-1.1,0.075,-0.825,-0.325,14,15,21,20,15,13,5,10,22,24,23,28,24,23,22,21,114,423,1640,287,185,114,114,101,4.0,7.450581e-09,1.0,0.226,0.79,0.105,3
1.65,8.775,16.475,5.4,2.55,2.325,1.375,1.45,-0.2,2.825,-6.85,2.025,0.5,0.2,0.125,-0.175,14,22,18,20,15,14,8,11,22,27,20,28,24,20,28,24,106,560,968,345,137,103,72,82,4.0,7.450581e-09,1.0,0.217,0.832,0.146,3
1.45,11.6,9.625,7.425,3.05,2.525,1.5,1.275,0.675,1.625,0.05,0.025,-0.3,-0.675,0.125,0.0,12,28,16,19,16,16,10,9,24,30,16,22,20,18,21,20,88,804,443,423,152,127,81,67,4.0,7.450581e-09,1.0,0.206,0.875,0.189,3
2.125,13.225,9.675,7.45,2.75,1.85,1.625,1.275,1.025,1.925,1.625,0.5,0.275,0.2,0.2,0.675,17,26,20,21,16,12,8,6,31,32,20,25,19,13,16,18,133,922,561,452,142,85,79,67,4.0,7.450581e-09,1.0,0.192,0.916,0.225,3
3.15,15.15,11.3,7.95,3.025,2.05,1.825,1.95,0.0,3.175,2.05,1.975,0.25,0.075,0.175,0.175,20,23,23,20,14,16,12,10,28,30,23,28,22,19,22,18,203,948,746,476,172,110,105,111,4.0,7.450581e-09,1.0,0.177,0.948,0.25,3
3.15,18.325,13.35,9.925,3.275,2.125,2.0,2.125,-0.5,-3.325,-1.525,-2.675,-0.25,-0.25,-0.225,-0.55,22,22,22,17,20,19,14,14,27,29,26,26,25,25,24,17,213,1144,796,556,199,129,129,121,4.0,7.450581e-09,1.0,0.165,0.966,0.262,3
2.65,15.0,11.825,7.25,3.025,1.875,1.775,1.575,-0.275,-4.3,-3.925,-1.625,-0.675,-0.4,-0.325,-0.25,19,21,21,15,20,12,14,13,24,26,26,22,24,24,19,17,164,935,648,407,185,100,105,88,4.0,7.450581e-09,1.0,0.158,0.974,0.268,3
2.375,10.7,7.9,5.625,2.35,1.475,1.45,1.325,-0.4,0.8,-0.375,2.025,-0.675,0.0,0.225,0.225,15,23,19,17,13,9,10,14,23,26,26,22,19,21,14,21,146,688,462,346,124,67,76,85,4.0,7.450581e-09,1.0,0.155,0.98,0.271,3
1.975,11.5,7.525,7.65,1.675,1.475,1.675,1.55,0.0,-0.15,0.275,-0.125,0.0,0.2,0.3,0.3,16,25,21,20,10,10,11,14,24,26,29,27,18,19,14,23,120,780,510,499,91,70,84,88,4.0,7.450581e-09,1.0,0.153,0.984,0.273,3
1.975,11.35,7.8,7.525,1.675,1.675,1.975,1.85,0.425,-1.7,-0.05,-0.875,-0.2,-0.225,0.35,-0.1,14,25,21,17,9,14,15,15,23,27,30,26,17,21,19,25,118,785,516,441,97,90,107,98,4.0,7.450581e-09,1.0,0.151,0.987,0.275,3
2.4,9.65,7.75,6.65,1.475,1.45,2.325,1.75,-0.05,0.3,-0.45,0.2,-0.1,-0.225,-0.375,-0.275,15,22,21,15,8,15,15,14,29,26,29,23,16,24,23,25,158,613,502,336,90,87,147,99,4.0,7.450581e-09,1.0,0.15,0.988,0.276,3
2.35,9.95,7.3,6.85,1.375,1.225,1.95,1.475,-0.025,-1.325,0.025,1.025,0.325,0.1,-0.05,0.275,17,18,19,15,11,10,13,9,27,27,22,19,18,19,20,21,138,657,426,337,77,63,124,78,4.0,7.450581e-09,1.0,0.148,0.988,0.277,3
2.325,8.625,7.325,7.875,1.7,1.325,1.9,1.75,-0.05,0.6,-0.975,-0.925,0.15,0.075,0.0,0.3,19,23,16,17,13,12,15,11,25,30,19,18,17,20,23,23,128,605,404,380,85,67,110,92,4.0,7.450581e-09,1.0,0.146,0.989,0.278,3
2.275,9.225,6.35,6.95,1.85,1.4,1.9,2.05,-0.1,1.6,-1.425,-2.1,0.55,0.325,-0.3,-0.15,24,21,20,19,13,12,14,19,26,28,22,22,17,24,25,26,142,551,350,366,87,81,104,121,4.0,7.450581e-09,1.0,0.144,0.99,0.28,3
2.175,10.825,4.925,4.85,2.4,1.725,1.6,1.9,-0.075,-0.275,1.55,0.475,0.125,0.025,0.075,-0.15,21,16,21,20,11,9,10,17,28,26,25,25,22,20,22,26,153,631,317,286,122,92,88,122,4.0,7.450581e-09,1.0,0.141,0.99,0.28,3
2.1,10.55,6.475,5.325,2.525,1.75,1.675,1.75,-0.025,0.975,0.675,1.65,-0.825,-0.35,-0.075,-0.125,15,18,16,18,13,10,11,11,25,23,25,24,28,22,18,19,140,558,370,329,137,92,90,87,4.0,7.450581e-09,1.0,0.14,0.989,0.281,3
2.075,11.525,7.15,6.975,1.7,1.4,1.6,1.625,0.4,-1.075,-0.375,-0.75,-0.2,-0.05,0.175,-0.025,16,21,17,14,15,10,14,9,25,27,25,24,25,20,18,16,133,756,433,433,96,75,90,74,4.0,7.450581e-09,1.0,0.14,0.989,0.282,3
2.475,10.45,6.775,6.225,1.5,1.35,1.775,1.6,-0.025,-1.9,-1.15,-1.875,0.275,0.1,0.275,0.05,18,20,18,14,8,5,10,12,25,24,24,24,18,17,20,19,152,704,434,348,70,62,94,88,4.0,7.450581e-09,1.0,0.14,0.99,0.283,3
2.45,8.55,5.625,4.35,1.775,1.45,2.05,1.65,-0.275,0.7,0.35,0.425,0.3,0.075,-0.175,0.025,12,16,15,20,8,7,10,13,18,22,27,29,16,19,18,19,134,556,349,266,72,72,106,93,4.0,7.450581e-09,1.0,0.14,0.991,0.283,3
2.175,9.25,5.975,4.775,2.075,1.525,1.875,1.675,-0.1,-0.475,0.9,0.45,-0.125,-0.025,-0.05,-0.1,12,23,17,19,12,10,14,13,16,27,25,28,17,22,19,19,116,649,370,315,95,83,107,93,4.0,7.450581e-09,1.0,0.14,0.991,0.283,3
2.075,8.775,6.875,5.225,1.95,1.5,1.825,1.575,-0.15,-0.35,-0.3,-1.275,-0.075,0.225,0.525,-0.25,11,31,21,19,9,7,21,11,17,29,23,26,17,22,26,14,105,614,399,329,90,66,119,70,4.0,7.450581e-09,1.0,0.14,0.99,0.283,3
1.925,8.425,6.575,3.95,1.875,1.725,2.35,1.325,0.15,0.4,0.075,1.0,0.0,-0.175,0.225,-0.075,7,25,20,19,8,12,22,13,15,26,24,26,18,18,29,16,107,543,406,266,89,75,140,65,4.0,7.450581e-09,1.0,0.14,0.99,0.283,3
2.075,8.825,6.65,4.95,1.875,1.55,2.575,1.25,0.2,1.85,-0.15,1.775,0.025,-0.1,-0.5,0.35,9,19,17,17,13,11,16,16,19,27,22,25,23,19,24,23,126,526,396,318,112,82,140,74,4.0,7.450581e-09,1.0,0.139,0.989,0.284,3
2.275,10.675,6.5,6.725,1.9,1.45,2.075,1.6,-0.65,0.125,-0.325,-0.45,0.1,0.025,-0.25,0.075,11,22,18,21,13,4,13,11,23,31,24,28,26,16,24,18,141,652,386,424,107,66,114,79,4.0,7.450581e-09,1.0,0.139,0.987,0.284,3
1.625,10.8,6.175,6.275,2.0,1.475,1.825,1.675,-0.075,-0.275,-0.45,-1.25,-0.1,-0.125,0.2,-0.125,8,22,16,21,15,6,17,12,19,31,24,25,25,18,24,17,97,694,371,403,119,69,111,82,4.0,7.450581e-09,1.0,0.139,0.986,0.284,3
1.55,10.525,5.725,5.025,1.9,1.35,2.025,1.55,0.425,0.475,-0.325,-0.65,0.125,0.175,-0.075,0.075,8,21,15,17,11,8,18,13,18,28,20,21,22,22,21,27,80,703,336,311,124,75,119,101,4.0,7.450581e-09,1.0,0.139,0.985,0.284,3
1.975,11.0,5.4,4.375,2.025,1.525,1.95,1.625,0.75,-0.975,-0.425,0.25,-0.15,0.0,-0.2,-0.125,11,22,16,17,6,10,17,10,21,29,19,21,18,19,20,26,100,734,308,235,105,73,100,100,4.0,7.450581e-09,1.0,0.14,0.985,0.284,3
2.725,10.025,4.975,4.625,1.875,1.525,1.75,1.5,0.3,-0.75,0.625,0.925,-0.4,-0.275,-0.225,-0.1,15,21,15,14,10,8,11,9,22,26,17,17,22,16,15,17,169,627,277,224,103,64,83,72,4.0,7.450581e-09,1.0,0.14,0.985,0.284,3
3.025,9.275,5.6,5.55,1.475,1.25,1.525,1.4,-0.475,-1.9,1.375,0.3,-0.05,0.025,0.2,0.2,20,22,17,17,11,7,11,6,23,21,19,22,22,17,19,13,186,570,281,303,78,53,87,61,4.0,7.450581e-09,1.0,0.14,0.985,0.285,3
2.55,7.375,6.975,5.85,1.425,1.275,1.725,1.6,0.075,0.775,1.825,0.025,0.225,0.25,0.2,0.3,18,20,20,21,13,9,13,11,22,24,23,25,23,16,20,18,143,417,408,359,73,69,100,90,4.0,7.450581e-09,1.0,0.139,0.986,0.285,3
2.625,8.15,8.8,5.875,1.65,1.525,1.925,1.9,0.275,3.15,0.55,-0.825,0.2,0.2,-0.15,0.075,15,17,22,20,11,13,11,16,19,27,28,24,21,19,21,23,144,464,578,375,92,95,109,116,4.0,7.450581e-09,1.0,0.138,0.986,0.286,3
2.9,11.3,9.35,5.05,1.85,1.725,1.775,1.975,0.725,0.525,-0.8,-0.65,-0.15,-0.1,-0.1,-0.25,17,19,23,17,8,13,11,18,21,28,29,21,15,22,24,25,171,705,601,310,100,101,112,127,4.0,7.450581e-09,1.0,0.138,0.986,0.286,3
3.625,11.825,8.55,4.4,1.7,1.625,1.675,1.725,-0.325,-2.95,-0.75,0.85,-0.125,-0.2,-0.075,-0.275,18,21,23,18,12,8,13,13,22,26,28,22,14,20,25,21,215,818,570,262,87,79,109,97,4.0,7.450581e-09,1.0,0.138,0.985,0.287,3
3.3,8.875,7.8,5.25,1.575,1.425,1.6,1.45,-0.85,0.1,-0.725,0.475,0.275,0.35,1.175,0.4,13,20,22,20,13,12,13,14,21,25,23,22,22,19,23,22,187,587,525,307,87,67,97,73,4.0,7.450581e-09,1.0,0.138,0.985,0.287,3
2.45,8.975,7.075,5.725,1.85,1.775,2.775,1.85,0.05,1.925,-0.575,-0.3,0.4,0.1,0.65,0.225,17,20,20,19,9,16,13,16,24,24,22,22,24,22,19,21,143,534,463,329,98,92,177,91,4.0,7.450581e-09,1.0,0.138,0.985,0.288,3
2.5,10.9,6.5,5.425,2.25,1.875,3.425,2.075,-0.05,-0.5,1.975,0.75,0.125,-0.125,-0.375,-0.275,26,24,19,16,16,11,14,12,28,26,25,23,23,23,21,21,165,727,452,305,119,91,234,111,4.0,7.450581e-09,1.0,0.137,0.985,0.289,3
2.45,10.4,8.475,6.175,2.375,1.75,3.05,1.8,0.45,0.2,4.7,2.575,-0.25,-0.025,-0.4,0.35,21,24,18,19,21,10,14,10,23,29,24,23,21,20,20,21,143,663,454,379,136,83,193,106,4.0,7.450581e-09,1.0,0.136,0.985,0.289,3
2.9,10.6,13.175,8.75,2.125,1.725,2.65,2.15,-0.65,-4.25,-4.975,-3.225,-0.65,-0.4,-1.175,-0.4,18,16,19,19,16,13,18,16,23,22,25,21,19,19,21,22,150,541,703,507,119,86,162,131,4.0,7.450581e-09,1.0,0.141,0.97,0.275,3
2.25,6.35,8.2,5.525,1.475,1.325,1.475,1.75,-1.25,-4.6,-6.9,-4.425,-0.325,-0.275,-0.625,-0.8,11,12,17,11,9,7,12,18,20,22,26,17,21,14,18,20,115,296,471,311,77,59,81,107,4.0,7.450581e-09,1.0,0.186,0.819,0.148,3
1.0,1.75,1.3,1.1,1.15,1.05,0.85,0.95,-0.025,-0.2,0.025,0.1,0.025,0.05,0.0,0.1,6,12,13,4,4,5,1,13,14,25,26,15,19,12,10,20,44,98,79,47,47,39,34,50,4.0,7.450581e-09,1.0,0.227,0.685,0.034,3
0.975,1.55,1.325,1.2,1.175,1.1,0.85,1.05,0.075,-0.225,-0.025,1.05,0.95,1.375,1.3,0.375,3,8,9,5,4,6,3,12,15,21,16,16,15,13,16,21,44,80,73,46,43,43,41,60,4.0,7.450581e-09,1.0,0.227,0.685,0.034,3
1.05,1.325,1.3,2.25,2.125,2.475,2.15,1.425,0.15,0.45,2.6,1.0,1.25,2.3,2.3,0.1,2,4,4,7,6,10,9,10,14,14,15,17,15,14,22,23,46,48,60,79,83,124,125,74,4.0,7.450581e-09,1.0,0.227,0.685,0.034,3
1.2,1.775,3.9,3.25,3.375,4.775,4.45,1.525,0.275,1.35,11.925,1.575,-0.15,-1.075,-1.05,-0.2,6,9,13,12,11,20,15,7,13,16,21,19,21,21,24,21,55,86,257,141,177,304,244,70,4.0,7.450581e-09,1.0,0.227,0.693,0.04,3
1.475,3.125,15.825,4.825,3.225,3.7,3.4,1.325,-0.1,1.35,1.325,-0.075,-0.975,-2.3,-2.275,-0.275,9,13,24,17,18,14,10,5,14,22,23,25,22,24,19,20,70,210,1005,261,208,242,161,53,4.0,7.450581e-09,1.0,0.226,0.715,0.056,3
1.375,4.475,17.15,4.75,2.25,1.4,1.125,1.05,-0.3,-0.7,-8.425,1.825,-0.5,-0.35,-0.075,-0.2,10,14,25,18,14,8,8,3,17,26,28,22,20,20,19,20,79,301,1059,246,126,70,56,44,4.0,7.450581e-09,1.0,0.226,0.753,0.089,3
1.075,3.775,8.725,6.575,1.75,1.05,1.05,0.85,0.375,-0.05,-1.175,1.875,0.125,0.575,0.525,0.4,10,20,26,19,10,10,7,6,19,29,30,24,19,16,21,17,71,256,584,403,81,50,53,41,4.0,7.450581e-09,1.0,0.221,0.804,0.14,3
1.45,3.725,7.55,8.45,1.875,1.625,1.575,1.25,0.8,1.625,3.675,-0.525,0.175,0.3,0.275,0.375,12,20,24,19,10,15,12,12,20,32,27,26,19,17,23,23,89,241,490,520,88,85,86,72,4.0,7.450581e-09,1.0,0.21,0.862,0.195,3
2.25,5.35,11.225,7.925,2.05,1.925,1.85,1.625,0.325,2.7,2.025,-0.3,0.05,-0.275,0.075,0.15,18,17,21,19,10,17,16,20,27,29,27,21,18,24,25,25,157,370,703,446,102,113,111,98,4.0,7.450581e-09,1.0,0.192,0.914,0.242,3
2.575,8.05,13.25,7.625,2.1,1.65,1.925,1.775,-0.325,-0.1,-3.6,-1.55,0.175,0.225,0.025,0.1,20,19,20,16,10,12,15,21,28,20,27,20,15,26,27,25,178,493,819,445,113,102,123,107,4.0,7.450581e-09,1.0,0.176,0.947,0.267,3
2.25,7.95,9.65,6.075,2.275,1.875,1.95,1.875,-0.3,-1.475,-1.725,0.35,0.0,-0.175,-0.375,-0.275,15,20,22,15,12,10,15,16,23,18,26,18,17,21,27,27,133,483,610,341,124,99,125,117,4.0,7.450581e-09,1.0,0.166,0.96,0.275,3
1.95,6.475,7.925,6.425,2.275,1.7,1.575,1.6,-0.225,0.65,-1.2,-0.375,-0.075,-0.075,-0.275,-0.1,10,17,19,20,16,11,11,11,20,21,24,23,19,17,19,17,105,393,502,397,124,88,95,88,4.0,7.450581e-09,1.0,0.162,0.965,0.276,3
1.725,7.125,6.725,6.05,2.2,1.625,1.3,1.5,-0.25,-0.675,-1.275,-1.55,-0.275,0.025,-0.05,-0.325,8,19,17,21,13,12,9,8,17,22,21,27,20,19,18,15,83,424,410,381,126,96,75,63,4.0,7.450581e-09,1.0,0.159,0.967,0.276,3
1.475,6.45,5.45,4.5,1.925,1.65,1.25,1.175,0.35,-0.225,0.05,0.025,-0.45,-0.225,0.1,-0.05,9,26,15,18,11,10,11,4,19,25,22,26,24,25,20,19,75,422,323,300,104,87,75,54,4.0,7.450581e-09,1.0,0.157,0.968,0.275,3
1.825,6.225,5.5,4.525,1.475,1.425,1.35,1.125,0.0,0.45,0.725,0.7,0.2,-0.225,0.3,0.35,16,23,12,14,10,7,12,6,24,23,23,19,18,25,16,17,112,399,286,236,66,71,69,56,4.0,7.450581e-09,1.0,0.156,0.968,0.275,3
1.825,6.675,6.225,5.225,1.675,1.2,1.65,1.475,-0.225,1.2,-0.6,-0.575,0.175,-0.075,-0.1,-0.175,19,21,18,12,7,7,13,12,23,27,26,19,13,23,19,23,110,417,364,261,77,73,81,80,4.0,7.450581e-09,1.0,0.156,0.968,0.276,3
1.6,7.875,5.625,4.65,1.85,1.125,1.55,1.3,0.0,0.275,0.45,1.0,-0.1,0.125,-0.175,-0.025,14,26,21,16,9,9,10,13,20,31,27,21,17,23,22,21,80,543,378,275,93,66,85,69,4.0,7.450581e-09,1.0,0.156,0.968,0.277,3
1.6,8.15,6.075,5.65,1.75,1.25,1.375,1.275,-0.05,-0.75,0.15,0.05,-0.1,0.35,0.125,0.175,12,26,23,16,10,10,7,10,22,32,25,22,20,19,18,15,89,569,387,340,82,61,77,55,4.0,7.450581e-09,1.0,0.156,0.966,0.277,3
1.55,7.4,6.225,5.7,1.65,1.6,1.5,1.45,0.15,-0.6,-0.65,-1.8,0.025,0.15,0.175,0.05,21,21,25,17,11,12,5,9,26,26,24,23,16,24,16,21,97,454,419,349,76,89,77,76,4.0,7.450581e-09,1.0,0.156,0.965,0.278,3
1.7,6.8,5.575,3.9,1.675,1.75,1.675,1.5,-0.125,-1.0,0.35,0.05,-0.25,-0.35,0.05,-0.2,21,23,21,13,12,14,6,10,21,24,22,15,17,26,16,21,92,419,331,204,78,102,79,77,4.0,7.450581e-09,1.0,0.156,0.964,0.279,3
1.575,5.8,5.925,3.95,1.425,1.4,1.725,1.3,0.15,-0.55,0.275,1.125,0.075,-0.05,-0.15,-0.075,11,22,18,13,12,12,14,7,22,26,25,19,23,20,24,16,84,340,336,213,77,70,100,63,4.0,7.450581e-09,1.0,0.156,0.963,0.279,3
1.725,5.25,6.2,5.075,1.5,1.35,1.575,1.225,-0.05,-0.725,0.125,0.525,0.35,-0.025,-0.15,0.05,11,22,15,16,12,12,18,6,22,25,23,21,24,20,26,18,97,307,336,280,91,72,99,72,4.0,7.450581e-09,1.0,0.155,0.963,0.279,3
1.675,4.525,6.325,5.6,1.85,1.325,1.425,1.275,-0.275,-0.075,-0.875,-0.675,-0.025,0.2,0.075,-0.025,14,20,17,18,11,11,15,6,24,25,19,20,18,24,22,20,96,278,349,307,94,88,81,73,4.0,7.450581e-09,1.0,0.154,0.963,0.279,3
1.4,4.45,5.45,4.925,1.825,1.525,1.5,1.25,0.225,1.175,-1.125,-0.725,-0.05,0.275,0.25,0.275,13,19,12,17,12,11,14,7,23,23,20,23,20,25,18,20,75,262,309,268,95,90,71,63,4.0,7.450581e-09,1.0,0.153,0.964,0.278,3
1.625,5.625,4.325,4.2,1.775,1.8,1.75,1.525,0.3,1.0,0.4,-0.125,0.025,-0.425,-0.2,0.1,13,20,13,12,12,11,16,13,21,24,24,25,21,21,16,21,86,354,266,252,87,85,75,82,4.0,7.450581e-09,1.0,0.152,0.965,0.279,3
1.925,6.625,4.725,4.075,1.8,1.375,1.55,1.625,-0.225,-0.125,0.35,0.0,0.0,-0.2,-0.1,-0.15,13,19,18,15,11,8,10,16,22,23,25,26,21,16,18,21,113,403,286,258,80,68,71,83,4.0,7.450581e-09,1.0,0.152,0.966,0.279,3
1.7,6.5,5.075,4.075,1.8,1.175,1.45,1.475,-0.075,-0.15,0.9,0.375,0.025,0.325,0.225,0.05,9,21,19,18,13,6,6,12,18,24,21,20,22,16,17,17,92,423,289,220,84,53,78,68,4.0,7.450581e-09,1.0,0.152,0.966,0.279,3
1.625,6.35,5.975,4.45,1.825,1.5,1.675,1.525,0.225,1.8,0.375,0.3,-0.075,0.3,0.325,0.125,10,23,24,19,11,7,11,9,17,29,26,19,15,12,18,21,87,443,366,255,85,58,88,77,4.0,7.450581e-09,1.0,0.151,0.967,0.28,3
1.85,8.15,6.35,4.75,1.75,1.8,2.0,1.65,-0.025,-0.6,-0.1,0.2,0.05,-0.075,-0.05,0.025,16,21,22,22,9,9,13,12,22,27,28,25,17,17,23,23,104,503,391,297,86,82,104,89,4.0,7.450581e-09,1.0,0.151,0.967,0.281,3
1.825,7.55,6.25,4.95,1.8,1.725,1.95,1.675,0.15,-1.1,0.325,0.3,0.15,-0.075,-0.175,-0.2,17,19,17,18,16,11,11,15,21,23,23,24,24,23,21,21,101,418,349,282,101,95,113,88,4.0,7.450581e-09,1.0,0.152,0.966,0.282,3
1.975,6.45,6.575,5.25,1.95,1.65,1.775,1.475,-0.3,1.675,0.075,-0.65,-0.2,0.075,-0.025,-0.25,19,22,18,15,18,14,10,12,19,26,22,22,24,19,18,17,119,377,423,309,108,86,104,75,4.0,7.450581e-09,1.0,0.152,0.965,0.282,3
1.675,8.125,6.65,4.6,1.75,1.725,1.75,1.225,0.025,-0.425,-0.575,-0.2,0.025,-0.025,0.0,0.0,11,24,21,15,9,15,13,5,20,29,26,22,21,17,21,12,93,519,463,302,84,84,101,59,4.0,7.450581e-09,1.0,0.152,0.965,0.282,3
1.7,7.7,6.075,4.4,1.775,1.7,1.75,1.225,0.1,-1.125,-0.2,0.375,0.175,-0.025,-0.225,0.15,11,25,26,16,8,14,14,3,18,29,25,23,19,17,25,16,98,507,398,281,83,82,100,60,4.0,7.450581e-09,1.0,0.152,0.964,0.282,3
1.8,6.575,5.875,4.775,1.95,1.675,1.525,1.375,-0.35,-0.525,0.5,0.2,-0.05,-0.125,-0.175,-0.2,14,22,24,20,11,13,10,10,21,27,27,25,18,19,23,22,115,392,374,287,96,83,79,77,4.0,7.450581e-09,1.0,0.152,0.965,0.282,3
1.45,6.05,6.375,4.975,1.9,1.55,1.35,1.175,0.25,-0.15,-1.05,-0.525,-0.425,0.05,0.175,-0.025,11,19,15,20,13,13,12,9,20,25,22,23,17,22,24,19,81,332,340,283,98,81,84,65,4.0,7.450581e-09,1.0,0.151,0.965,0.282,3
1.7,5.9,5.325,4.45,1.475,1.6,1.525,1.15,0.175,0.275,0.25,-0.15,-0.075,-0.125,-0.1,0.4,13,19,18,15,9,12,9,7,19,25,25,20,15,23,21,21,90,336,316,242,79,91,84,67,4.0,7.450581e-09,1.0,0.151,0.965,0.281,3
1.875,6.175,5.575,4.3,1.4,1.475,1.425,1.55,-0.3,0.225,0.875,0.45,0.275,-0.125,0.325,-0.05,11,21,21,14,6,10,6,12,18,27,25,21,22,23,19,22,98,400,352,230,78,85,81,89,4.0,7.450581e-09,1.0,0.151,0.965,0.281,3
1.575,6.4,6.45,4.75,1.675,1.35,1.75,1.5,-0.075,-0.1,-0.6,-0.3,-0.125,-0.05,0.075,-0.275,10,26,15,11,11,11,14,16,18,27,20,19,24,22,22,20,93,430,342,240,94,69,107,89,4.0,7.450581e-09,1.0,0.151,0.965,0.281,3
1.5,6.3,5.85,4.45,1.55,1.3,1.825,1.225,0.3,0.85,-0.15,-1.025,0.275,-0.15,-0.3,0.125,15,27,14,16,13,8,17,12,26,26,19,22,19,22,24,20,102,408,314,253,86,64,109,76,4.0,7.450581e-09,1.0,0.15,0.964,0.281,3
1.8,7.15,5.7,3.425,1.825,1.15,1.525,1.35,0.225,0.6,0.425,0.375,0.125,0.15,0.275,0.275,17,21,16,16,16,4,12,5,24,23,19,24,17,19,22,15,104,406,331,213,96,57,84,59,4.0,7.450581e-09,1.0,0.15,0.963,0.282,3
2.025,7.75,6.125,3.8,1.95,1.3,1.8,1.625,0.0,-0.6,0.725,1.875,0.025,0.15,0.1,-0.1,12,18,19,16,11,7,14,9,17,23,19,23,20,22,26,18,106,413,346,229,93,75,109,85,4.0,7.450581e-09,1.0,0.151,0.963,0.282,3
2.025,7.15,6.85,5.675,1.975,1.45,1.9,1.525,-0.3,-0.025,0.25,0.025,0.05,-0.15,-0.45,-0.375,8,22,19,22,8,11,15,7,12,24,22,24,19,23,26,20,99,453,401,324,93,81,109,87,4.0,7.450581e-09,1.0,0.152,0.962,0.282,3
1.725,7.125,7.1,5.7,2.025,1.3,1.45,1.15,-0.425,-1.5,-0.125,0.1,-0.25,0.0,-0.175,-0.075,13,24,17,18,16,8,10,5,19,27,19,21,19,14,18,14,93,482,406,311,103,58,70,59,4.0,7.450581e-09,1.0,0.152,0.962,0.282,3
1.3,5.625,6.975,5.8,1.775,1.3,1.275,1.075,0.125,-0.825,-0.75,-0.15,-0.125,-0.125,0.1,0.275,15,22,17,14,12,7,11,8,22,26,17,17,13,14,13,19,77,387,376,303,77,58,62,61,4.0,7.450581e-09,1.0,0.152,0.962,0.282,3
1.425,4.8,6.225,5.65,1.65,1.175,1.375,1.35,0.525,0.75,0.85,-0.85,0.075,-0.025,0.175,0.275,12,23,24,16,6,7,11,14,19,24,24,19,14,15,15,24,86,291,334,302,70,55,66,75,4.0,7.450581e-09,1.0,0.152,0.963,0.282,3
1.95,5.55,7.075,4.8,1.725,1.15,1.55,1.625,0.05,0.55,0.9,-0.075,0.05,0.2,0.075,0.025,15,22,24,18,8,6,12,18,22,25,25,22,19,19,20,24,110,319,396,277,89,60,82,90,4.0,7.450581e-09,1.0,0.151,0.963,0.282,3
2.0,6.1,7.975,4.725,1.775,1.35,1.625,1.65,-0.175,-0.375,-1.65,0.025,-0.125,-0.1,-0.05,-0.25,15,19,19,16,11,6,15,11,20,25,23,18,17,20,25,20,101,383,452,271,79,70,91,84,4.0,7.450581e-09,1.0,0.15,0.963,0.282,3
1.825,5.725,6.325,4.75,1.65,1.25,1.575,1.4,-0.225,-0.325,-0.375,0.45,0.05,0.025,0.125,-0.15,12,18,18,19,14,5,14,10,19,25,25,24,17,16,23,19,91,359,363,299,76,62,88,71,4.0,7.450581e-09,1.0,0.15,0.962,0.282,3
1.6,5.4,5.95,5.2,1.7,1.275,1.7,1.25,-0.075,2.0,1.275,0.1,-0.05,0.05,0.025,0.225,10,17,16,26,11,7,12,10,21,24,23,30,20,15,21,19,89,342,350,329,94,59,98,71,4.0,7.450581e-09,1.0,0.149,0.962,0.282,3
1.525,7.4,7.225,5.3,1.65,1.325,1.725,1.475,0.125,-0.075,-0.375,-0.25,-0.15,-0.2,-0.2,-0.05,9,23,17,22,11,9,13,11,19,24,23,27,21,20,23,17,97,459,427,319,95,69,110,74,4.0,7.450581e-09,1.0,0.149,0.963,0.283,3
1.65,7.325,6.85,5.05,1.5,1.125,1.525,1.425,-0.15,0.225,-0.65,0.15,0.05,0.0,-0.225,-0.225,9,23,22,17,9,9,17,12,15,27,27,28,19,18,26,18,90,470,425,285,69,58,98,68,4.0,7.450581e-09,1.0,0.149,0.963,0.284,3
1.5,7.55,6.2,5.2,1.55,1.125,1.3,1.2,-0.075,-0.825,0.1,-0.45,0.45,0.425,0.175,0.1,11,22,26,20,11,9,13,6,17,30,28,28,23,16,23,16,84,553,433,305,84,57,77,63,4.0,7.450581e-09,1.0,0.15,0.963,0.284,3
1.425,6.725,6.3,4.75,2.0,1.55,1.475,1.3,0.05,-3.2,0.35,0.6,0.1,0.2,0.025,0.025,12,20,22,22,14,9,10,7,20,29,27,27,24,18,19,17,87,479,415,289,115,78,74,67,4.0,7.450581e-09,1.0,0.15,0.963,0.285,3
1.475,3.525,6.65,5.35,2.1,1.75,1.5,1.325,-0.1,0.65,1.675,1.45,-0.375,-0.175,0.2,-0.075,12,15,12,18,11,10,9,8,23,24,20,23,23,17,17,17,83,209,346,284,117,87,68,69,4.0,7.450581e-09,1.0,0.15,0.964,0.285,3
1.375,4.175,8.325,6.8,1.725,1.575,1.7,1.25,0.325,2.7,0.525,0.3,-0.05,-0.2,0.15,0.125,9,14,16,14,10,11,10,4,23,22,21,22,18,17,23,18,81,235,484,364,96,78,89,68,4.0,7.450581e-09,1.0,0.15,0.964,0.285,3
1.025,1.7,1.8,1.65,1.15,1.025,1.05,0.8,0.1,0.3,0.05,0.025,-0.175,0.0,0.05,0.15,7,6,15,12,3,6,5,2,20,12,24,20,18,21,14,14,49,55,92,85,49,44,42,29,5.0,7.450581e-09,1.383333,0.227,0.688,0.025,3
1.125,2.0,1.85,1.675,0.975,1.025,1.1,0.95,-0.15,-0.025,-0.5,0.0,-0.075,0.0,-0.075,-0.175,6,4,15,12,1,7,6,3,21,14,23,16,17,22,13,14,53,86,104,82,46,49,42,36,5.0,7.450581e-09,1.383333,0.227,0.688,0.025,3
0.975,1.975,1.35,1.675,0.9,1.025,1.025,0.775,-0.075,-0.275,0.075,0.125,0.15,-0.025,-0.05,0.125,6,11,6,13,1,3,7,2,18,23,15,13,16,13,15,12,54,118,80,85,40,33,43,34,5.0,7.450581e-09,1.383333,0.227,0.687,0.025,3
0.9,1.7,1.425,1.8,1.05,1.0,0.975,0.9,0.125,-0.3,0.075,0.3,0.225,0.0,0.025,0.175,4,14,4,12,2,0,4,1,16,28,18,14,13,9,18,14,47,103,79,89,40,22,46,39,5.0,7.450581e-09,1.383333,0.228,0.687,0.025,3
1.025,1.4,1.5,2.1,1.275,1.0,1.0,1.075,-0.05,-0.15,-0.025,0.225,-0.05,0.15,-0.075,-0.175,3,11,7,11,1,0,2,2,16,23,20,16,19,14,20,21,44,86,84,87,59,32,47,44,5.0,7.450581e-09,1.383333,0.228,0.688,0.026,3
0.975,1.25,1.475,2.325,1.225,1.15,0.925,0.9,-0.075,-0.05,-0.2,-0.05,0.375,0.475,0.425,0.075,7,9,11,15,4,1,4,3,16,24,18,20,28,10,16,18,47,70,71,105,65,25,44,37,5.0,7.450581e-09,1.383333,0.227,0.69,0.027,3
0.9,1.2,1.275,2.275,1.6,1.625,1.35,0.975,0.1,0.3,0.125,0.625,1.025,2.1,2.4,0.225,7,7,9,17,6,7,5,4,11,21,18,15,18,9,22,14,40,60,60,104,61,54,75,35,5.0,7.450581e-09,1.383333,0.227,0.691,0.027,3
1.0,1.5,1.4,2.9,2.625,3.725,3.75,1.2,0.2,0.175,0.225,2.125,1.7,2.45,1.225,0.05,5,10,7,16,12,13,11,11,10,20,19,16,16,19,27,19,48,90,80,141,129,224,246,56,5.0,7.450581e-09,1.383333,0.227,0.695,0.029,3
1.2,1.675,1.625,5.025,4.325,6.175,4.975,1.25,0.0,0.475,4.65,1.35,0.25,-1.625,-1.9,0.0,5,14,8,22,17,17,18,12,11,23,18,23,23,27,24,17,53,99,98,278,250,403,321,66,5.0,7.450581e-09,1.383333,0.231,0.711,0.037,3
1.2,2.15,6.275,6.375,4.575,4.55,3.075,1.25,0.275,3.05,7.175,-0.175,-1.55,-2.95,-1.7,0.125,4,15,11,21,12,13,19,9,13,21,19,22,20,25,22,19,50,114,342,310,254,287,184,59,5.0,7.450581e-09,1.383333,0.236,0.747,0.053,3
1.475,5.2,13.45,6.2,3.025,1.6,1.375,1.375,0.5,2.175,3.9,-0.375,-0.95,-0.6,-0.4,-0.225,10,17,20,17,11,7,10,6,14,21,20,23,19,19,15,15,71,289,770,329,165,89,74,55,5.0,7.450581e-09,1.383333,0.239,0.806,0.081,3
1.975,7.375,17.35,5.825,2.075,1.0,0.975,1.15,0.025,1.0,-1.575,-0.05,-0.55,0.15,-0.1,-0.15,15,16,20,16,12,6,6,3,17,22,21,24,23,21,15,9,116,444,993,320,101,53,44,50,5.0,7.450581e-09,1.383333,0.235,0.888,0.12,3
2.0,8.375,15.775,5.775,1.525,1.15,0.875,1.0,0.275,0.075,-3.35,2.825,0.35,0.125,0.125,0.35,12,18,16,18,13,8,6,7,16,24,25,21,24,20,17,9,118,505,855,317,88,52,46,51,5.0,7.450581e-09,1.383333,0.22,0.986,0.161,3
2.275,8.45,12.425,8.6,1.875,1.275,1.0,1.35,4.125,0.975,-0.65,2.725,0.375,0.475,1.225,0.65,13,20,17,19,14,6,5,10,16,25,26,27,23,19,17,11,123,509,699,500,111,63,56,63,5.0,7.450581e-09,1.383333,0.182,1.091,0.197,3
6.4,9.425,11.775,11.325,2.25,1.75,2.225,2.0,4.45,1.05,-1.6,-2.1,-0.475,0.025,0.225,0.175,16,15,21,24,18,10,14,12,22,21,23,30,24,24,22,18,384,517,712,670,134,114,140,101,5.0,7.450581e-09,1.383333,0.138,1.168,0.218,3
10.85,10.475,10.175,9.225,1.775,1.775,2.45,2.175,-2.0,-0.55,-0.625,-2.525,-0.1,-0.375,-0.55,-0.35,19,18,25,23,15,11,17,14,24,21,25,27,23,21,22,18,693,580,671,540,108,113,151,108,5.0,7.450581e-09,1.383333,0.108,1.201,0.225,3
8.85,9.925,9.55,6.7,1.675,1.4,1.9,1.825,-2.675,0.8,0.775,0.1,-0.1,-0.05,0.05,-0.175,18,26,27,19,13,8,14,13,26,29,27,22,18,17,20,16,538,691,634,367,84,64,98,81,5.0,7.450581e-09,1.383333,0.091,1.216,0.226,3
6.175,10.725,10.325,6.8,1.575,1.35,1.95,1.65,0.075,1.075,-0.75,0.075,-0.2,-0.075,-0.275,-0.05,20,27,22,18,16,10,14,18,26,29,24,19,18,20,23,21,391,718,642,409,85,66,108,93,5.0,7.450581e-09,1.383333,0.083,1.221,0.225,3
6.25,11.8,9.575,6.875,1.375,1.275,1.675,1.6,-0.225,-0.7,-2.675,-1.525,0.3,0.15,0.05,0.05,24,21,22,19,12,13,14,16,28,27,26,18,19,24,26,19,414,677,635,410,85,68,101,86,5.0,7.450581e-09,1.383333,0.08,1.222,0.224,3
6.025,11.1,6.9,5.35,1.675,1.425,1.725,1.65,-0.025,-3.375,0.825,0.65,0.075,0.15,0.125,0.0,20,23,21,20,13,12,15,10,24,27,23,17,19,18,27,15,368,655,434,291,95,67,106,70,5.0,7.450581e-09,1.383333,0.078,1.224,0.223,3
6.0,7.725,7.725,6.0,1.75,1.575,1.85,1.65,-0.05,0.25,1.3,0.125,-0.2,0.0,-0.175,-0.125,16,27,23,23,17,13,16,13,17,27,22,24,18,18,20,15,382,499,440,377,98,82,109,78,5.0,7.450581e-09,1.383333,0.076,1.226,0.223,3
5.95,7.975,9.025,6.125,1.55,1.575,1.675,1.525,-1.425,2.025,-0.15,-0.625,-0.025,-0.075,0.05,-0.025,17,16,24,25,13,13,14,12,20,23,26,31,17,22,17,11,394,473,578,431,83,87,85,72,5.0,7.450581e-09,1.383333,0.074,1.227,0.223,3
4.525,10.0,8.875,5.5,1.525,1.5,1.725,1.5,0.525,-0.5,-0.325,0.925,0.025,-0.2,0.275,0.05,22,17,23,23,10,7,13,13,29,25,27,31,23,19,21,16,314,624,593,372,81,69,91,72,5.0,7.450581e-09,1.383333,0.073,1.228,0.224,3
5.05,9.5,8.55,6.425,1.55,1.3,2.0,1.55,1.825,-1.025,-1.875,-1.075,0.1,-0.175,-0.1,-0.05,23,22,22,21,15,5,14,13,29,27,26,27,21,11,21,19,341,573,505,366,78,51,103,83,5.0,7.450581e-09,1.383333,0.071,1.228,0.226,3
6.875,8.475,6.675,5.35,1.65,1.125,1.9,1.5,-1.225,1.175,0.525,-0.825,0.175,-0.025,-0.5,0.225,23,23,24,21,23,6,18,11,29,30,28,23,23,11,24,20,463,530,407,297,94,52,112,90,5.0,7.450581e-09,1.383333,0.07,1.228,0.227,3
5.65,9.65,7.2,4.525,1.825,1.1,1.4,1.725,-1.3,1.95,0.65,0.875,-0.375,0.15,-0.1,0.1,21,27,27,24,22,4,14,15,30,30,28,26,22,15,24,25,369,657,474,287,100,53,84,111,5.0,7.450581e-09,1.383333,0.07,1.228,0.227,3
4.35,11.6,7.85,5.4,1.45,1.25,1.3,1.825,0.25,-3.225,0.1,0.3,-0.4,0.2,0.175,-0.3,21,24,18,20,12,5,9,15,27,25,25,23,20,19,25,19,253,737,469,330,77,65,92,114,5.0,7.450581e-09,1.383333,0.069,1.228,0.228,3
4.6,8.375,7.95,5.7,1.05,1.45,1.475,1.525,1.475,-2.575,0.0,0.0,0.325,-0.125,0.05,0.025,19,21,16,14,3,9,12,10,24,22,22,18,19,16,23,16,273,517,468,319,55,69,104,82,5.0,7.450581e-09,1.383333,0.069,1.228,0.228,3
6.075,5.8,7.95,5.7,1.375,1.325,1.525,1.55,0.55,2.075,0.9,0.3,0.425,-0.225,-0.05,0.225,18,19,21,13,3,7,12,10,25,24,25,21,16,14,19,20,393,344,471,307,61,50,87,84,5.0,7.450581e-09,1.383333,0.07,1.227,0.229,3
6.625,7.875,8.85,6.0,1.8,1.1,1.475,1.775,-2.05,0.325,0.025,-0.625,0.025,0.25,0.125,0.175,21,20,19,11,9,8,7,13,26,26,26,23,15,13,16,23,468,524,468,308,81,47,74,97,5.0,7.450581e-09,1.383333,0.071,1.228,0.229,3
4.575,8.2,8.875,5.375,1.825,1.35,1.6,1.95,0.275,2.075,-0.325,-0.475,-0.375,0.05,0.15,0.1,18,17,15,13,13,10,10,15,24,23,18,21,23,16,20,21,291,518,440,269,100,71,86,116,5.0,7.450581e-09,1.383333,0.071,1.228,0.229,3
4.85,10.275,8.55,4.9,1.45,1.4,1.75,2.05,0.825,1.75,0.8,-0.05,0.025,0.1,-0.2,-0.025,15,23,16,14,11,10,10,13,19,27,21,20,29,20,20,19,273,657,529,275,80,80,98,123,5.0,7.450581e-09,1.383333,0.072,1.228,0.229,3
5.675,12.025,9.35,4.85,1.475,1.5,1.55,2.025,-1.825,-2.025,-1.0,0.025,0.225,0.15,0.0,-0.375,20,25,18,18,8,9,9,14,24,28,24,25,24,22,17,20,360,773,593,311,72,80,94,116,5.0,7.450581e-09,1.383333,0.072,1.227,0.229,3
3.85,10.0,8.35,4.875,1.7,1.65,1.55,1.65,-1.175,-1.275,-1.65,-0.425,-0.125,-0.275,-0.05,-0.425,18,24,18,23,12,9,9,11,23,27,23,25,24,20,19,20,267,647,475,317,99,79,83,84,5.0,7.450581e-09,1.383333,0.073,1.225,0.23,3
2.675,8.725,6.7,4.45,1.575,1.375,1.5,1.225,0.725,-1.375,0.675,0.2,-0.025,-0.025,-0.275,0.15,16,22,19,20,15,8,9,6,23,29,26,22,28,18,17,21,166,577,401,272,103,66,78,70,5.0,7.450581e-09,1.383333,0.073,1.224,0.229,3
3.4,7.35,7.375,4.65,1.55,1.35,1.225,1.375,0.375,-0.575,0.45,0.275,-0.025,0.075,0.075,0.0,22,19,19,15,13,10,6,10,29,28,25,20,25,16,13,17,222,456,459,275,94,64,54,65,5.0,7.450581e-09,1.383333,0.073,1.223,0.229,3
3.775,6.775,7.825,4.925,1.525,1.425,1.3,1.375,-0.625,0.475,-1.15,0.275,0.05,-0.125,0.1,0.0,19,20,17,19,10,12,8,10,27,26,21,25,19,16,14,12,252,412,486,313,85,69,59,56,5.0,7.450581e-09,1.383333,0.073,1.223,0.23,3
3.15,7.25,6.675,5.2,1.575,1.3,1.4,1.375,-0.05,-1.225,-1.0,-0.4,-0.275,-0.2,-0.175,0.15,18,23,18,23,12,10,9,8,26,26,20,25,15,19,20,19,197,479,401,313,77,62,73,77,5.0,7.450581e-09,1.383333,0.073,1.222,0.23,3
3.1,6.025,5.675,4.8,1.3,1.1,1.225,1.525,-0.25,-0.25,1.8,-0.175,-0.1,0.0,0.15,0.075,18,20,17,19,13,14,8,8,24,25,23,22,18,24,20,19,182,384,333,273,68,62,69,85,5.0,7.450581e-09,1.383333,0.074,1.222,0.229,3
2.85,5.775,7.475,4.625,1.2,1.1,1.375,1.6,-0.625,1.575,0.375,0.3,0.3,0.2,0.1,-0.1,11,15,19,15,9,11,16,11,19,21,25,23,19,19,20,20,150,304,467,281,59,61,82,87,5.0,7.450581e-09,1.383333,0.074,1.222,0.229,3
2.225,7.35,7.85,4.925,1.5,1.3,1.475,1.5,-0.1,-0.7,-1.575,-0.775,-0.025,-0.15,-0.2,-0.05,10,17,17,17,12,6,17,11,20,22,22,23,21,13,23,19,128,414,505,302,67,62,95,84,5.0,7.450581e-09,1.383333,0.074,1.221,0.229,3
2.125,6.65,6.275,4.15,1.475,1.15,1.275,1.45,0.5,-0.525,0.925,0.2,0.025,-0.15,0.175,0.125,10,18,15,18,13,6,10,5,19,24,20,24,17,14,25,15,126,372,370,279,61,58,76,74,5.0,7.450581e-09,1.383333,0.074,1.221,0.23,3
2.625,6.125,7.2,4.35,1.5,1.0,1.45,1.575,0.4,2.125,0.1,0.325,0.15,0.175,0.275,0.125,16,19,20,20,7,3,10,12,22,21,24,26,16,16,26,21,151,330,468,288,56,56,81,88,5.0,7.450581e-09,1.383333,0.074,1.221,0.231,3
3.025,8.25,7.3,4.675,1.65,1.175,1.725,1.7,-0.3,1.3,0.1,0.45,0.2,0.1,0.05,-0.1,17,20,18,20,9,6,17,18,25,21,24,25,22,18,23,21,178,496,472,292,81,62,97,97,5.0,7.450581e-09,1.383333,0.074,1.221,0.231,3
2.725,9.55,7.4,5.125,1.85,1.275,1.775,1.6,-0.225,-1.225,0.45,0.6,-0.125,-0.025,-0.025,-0.2,19,21,14,13,10,8,15,13,26,23,20,24,18,18,20,18,164,570,408,304,85,60,98,79,5.0,7.450581e-09,1.383333,0.075,1.222,0.231,3
2.5,8.325,7.85,5.725,1.725,1.25,1.75,1.4,0.125,0.05,-0.825,-0.275,-0.425,-0.2,-0.175,0.025,22,17,15,15,9,11,15,8,24,23,22,22,18,21,22,18,153,497,474,328,84,62,97,72,5.0,7.450581e-09,1.383333,0.076,1.222,0.231,3
2.625,8.375,7.025,5.45,1.3,1.05,1.575,1.425,-0.175,-0.25,0.225,-0.4,0.3,0.225,0.15,0.25,22,22,15,19,10,13,17,8,22,25,22,22,21,22,20,22,160,538,425,298,80,60,93,87,5.0,7.450581e-09,1.383333,0.077,1.222,0.231,3
2.45,8.125,7.25,5.05,1.6,1.275,1.725,1.675,0.55,-0.475,1.575,0.675,0.3,0.05,0.125,0.225,19,22,18,18,13,13,18,13,22,23,23,26,21,19,23,20,152,517,473,296,91,75,114,88,5.0,7.450581e-09,1.383333,0.077,1.222,0.231,3
3.0,7.65,8.825,5.725,1.9,1.325,1.85,1.9,0.1,2.2,-0.2,-0.05,-0.2,-0.1,0.025,-0.1,17,19,21,15,17,12,13,19,25,23,22,23,18,22,22,22,186,473,545,332,97,76,113,107,5.0,7.450581e-09,1.383333,0.077,1.222,0.23,3
3.1,9.85,8.625,5.675,1.7,1.225,1.875,1.8,-0.3,1.125,-0.25,-0.525,-0.175,0.075,0.225,-0.075,19,21,19,14,13,10,12,15,28,25,21,21,16,24,19,23,212,588,478,315,91,69,106,104,5.0,7.450581e-09,1.383333,0.077,1.222,0.23,3
2.8,10.975,8.375,5.15,1.525,1.3,2.1,1.725,0.025,-1.15,-1.4,-0.75,0.15,-0.075,-0.325,-0.1,16,20,17,14,5,7,13,13,17,25,24,22,16,21,24,18,156,622,457,287,72,76,115,80,5.0,7.450581e-09,1.383333,0.076,1.222,0.23,3
2.825,9.825,6.975,4.4,1.675,1.225,1.775,1.625,-0.225,-1.575,0.025,0.075,0.175,0.15,-0.05,-0.1,14,25,16,17,13,9,13,10,14,28,21,22,19,23,22,17,157,605,384,245,93,76,100,77,5.0,7.450581e-09,1.383333,0.076,1.222,0.231,3
2.6,8.25,7.0,4.475,1.85,1.375,1.725,1.525,0.35,-1.0,1.175,0.375,-0.35,-0.125,-0.15,0.075,13,25,20,22,16,7,14,8,18,24,24,26,24,20,22,23,169,527,478,285,109,72,98,85,5.0,7.450581e-09,1.383333,0.076,1.222,0.231,3
2.95,7.25,8.175,4.85,1.5,1.25,1.575,1.6,-0.075,-0.05,-0.275,-0.25,-0.275,-0.125,0.05,-0.075,18,23,24,24,13,6,9,10,26,23,29,29,23,16,21,24,192,457,532,300,86,62,82,87,5.0,7.450581e-09,1.383333,0.076,1.222,0.231,3
2.875,7.2,7.9,4.6,1.225,1.125,1.625,1.525,-0.45,0.0,1.35,1.225,0.0,0.075,0.225,-0.325,22,20,23,21,16,8,12,11,28,24,27,24,22,17,20,25,181,401,503,265,84,64,94,90,5.0,7.450581e-09,1.383333,0.077,1.221,0.232,3
2.425,7.2,9.25,5.825,1.225,1.2,1.85,1.2,0.125,1.45,1.525,0.625,0.4,-0.025,-0.225,0.3,16,18,21,19,14,7,14,10,25,23,23,22,20,20,23,22,159,391,598,344,69,69,107,73,5.0,7.450581e-09,1.383333,0.078,1.221,0.232,3
2.55,8.65,10.775,6.45,1.625,1.175,1.625,1.5,-0.525,0.675,-0.225,-0.4,0.2,0.1,-0.1,0.3,14,21,20,20,16,7,10,12,22,23,23,24,18,17,23,21,165,526,684,375,83,60,95,83,5.0,7.450581e-09,1.383333,0.078,1.22,0.232,3
2.025,9.325,10.55,6.05,1.825,1.275,1.525,1.8,0.3,-1.3,-2.275,-0.275,-0.25,0.275,0.4,0.125,14,26,17,19,15,11,11,15,19,27,25,24,17,16,19,25,128,595,597,363,90,61,89,104,5.0,7.450581e-09,1.383333,0.078,1.22,0.232,3
2.325,8.025,8.275,5.775,1.575,1.55,1.925,1.925,0.175,-2.425,-4.075,-2.05,-0.275,-0.2,-0.2,-0.3,14,26,14,17,9,14,13,12,22,27,25,24,22,23,18,21,156,521,454,347,88,88,112,112,5.0,7.450581e-09,1.383333,0.078,1.22,0.232,3
2.5,5.6,4.2,3.725,1.3,1.35,1.725,1.625,-0.85,-2.975,-2.5,-1.975,-0.2,-0.45,-0.725,-0.65,17,22,13,17,8,12,11,9,23,23,19,25,25,24,20,21,163,325,232,215,78,79,105,98,5.0,7.450581e-09,1.383333,0.136,1.01,0.151,3
1.65,2.625,1.7,1.75,1.1,0.9,1.0,0.975,-0.025,-0.675,-0.05,0.15,0.1,0.0,0.025,-0.15,12,16,8,11,7,4,5,5,21,23,16,20,15,12,17,20,84,142,81,83,46,35,52,53,5.0,7.450581e-09,1.383333,0.209,0.749,0.049,3
1.625,1.95,1.65,1.9,1.2,0.9,1.025,0.825,0.1,0.375,0.175,0.025,0.15,0.05,-0.025,0.1,10,9,9,16,2,4,6,3,20,17,16,21,11,13,14,14,71,98,86,102,45,36,44,33,5.0,7.450581e-09,1.383333,0.223,0.696,0.028,3
1.725,2.325,1.825,1.925,1.35,0.95,1.0,0.925,-0.3,-0.275,-0.425,0.575,1.0,1.875,0.825,0.075,12,11,13,20,6,11,3,6,18,19,21,23,19,22,10,16,80,111,99,109,70,54,33,47,5.0,7.450581e-09,1.383333,0.224,0.696,0.029,3
1.425,2.05,1.4,2.5,2.35,2.825,1.825,1.0,0.0,1.675,4.1,2.1,1.45,1.85,1.05,0.125,12,13,7,17,12,20,6,10,23,24,24,24,20,26,18,17,86,121,88,125,120,166,98,56,5.0,7.450581e-09,1.383333,0.225,0.697,0.032,3
1.425,3.725,5.5,4.6,3.8,4.675,2.875,1.125,1.225,4.55,8.725,2.675,-0.325,-1.8,-0.675,0.275,9,15,7,14,9,19,15,9,20,23,21,24,17,26,24,17,81,194,355,230,182,271,193,62,5.0,7.450581e-09,1.383333,0.224,0.79,0.084,3
2.65,8.275,14.225,7.275,3.475,2.875,2.2,1.4,0.325,2.25,0.525,0.425,-1.15,-1.675,-1.0,-0.025,17,24,21,17,9,12,13,8,19,26,22,25,21,20,18,21,167,547,956,384,189,132,122,79,5.0,7.450581e-09,1.383333,0.201,0.976,0.178,3
2.975,10.525,14.75,7.7,2.325,1.2,1.2,1.375,1.95,-0.375,4.05,0.625,-0.35,0.425,0.475,0.5,19,27,26,19,12,9,10,12,19,26,28,26,24,18,18,22,191,706,997,453,138,66,57,81,5.0,7.450581e-09,1.383333,0.159,1.108,0.233,3
4.925,10.15,18.8,8.325,1.975,1.625,1.675,1.875,3.875,1.625,0.975,-0.225,-0.1,0.125,0.3,0.875,17,20,24,19,14,8,15,20,21,21,26,24,25,21,20,22,265,596,1050,523,109,89,93,127,5.0,7.450581e-09,1.383333,0.117,1.173,0.25,3
8.8,11.775,19.775,8.1,1.875,1.75,1.975,2.75,3.425,0.85,-8.725,-2.25,-0.025,-0.225,-0.275,-0.325,20,19,25,21,16,13,16,21,22,23,27,25,22,20,21,25,549,695,1212,523,110,109,108,183,5.0,7.450581e-09,1.383333,0.082,1.21,0.252,3
12.225,12.625,11.05,5.85,1.85,1.525,1.7,2.425,6.65,-0.825,-4.15,-0.9,0.0,-0.05,0.125,-0.125,26,16,23,18,14,15,8,14,29,25,29,27,22,17,17,23,818,714,715,341,113,91,76,153,5.0,7.450581e-09,1.383333,0.067,1.224,0.249,3
18.875,11.8,6.9,4.95,1.85,1.475,1.825,2.3,1.475,-2.15,0.675,1.8,-0.025,0.025,0.275,0.475,26,19,23,21,13,10,11,10,31,28,26,29,24,16,19,17,1306,696,435,315,102,69,100,125,5.0,7.450581e-09,1.383333,0.068,1.228,0.247,3
20.35,9.65,7.575,6.75,1.825,1.5,2.1,2.775,-1.9,-1.925,2.05,0.425,0.0,-0.025,0.375,-0.2,21,19,22,24,16,9,15,14,29,26,24,27,27,17,20,22,1351,546,434,384,96,72,121,152,5.0,7.450581e-09,1.383333,0.071,1.229,0.245,3
18.45,7.725,9.625,7.175,1.825,1.475,2.475,2.575,0.45,0.025,-0.2,-1.875,-0.15,-0.025,-0.15,0.175,20,14,24,21,16,11,14,15,29,25,25,27,25,23,21,20,1138,480,583,429,103,86,140,142,5.0,7.450581e-09,1.383333,0.072,1.23,0.244,3
18.9,7.75,9.425,5.3,1.675,1.45,2.325,2.75,-0.45,-0.7,0.225,0.525,0.0,-0.075,-0.3,-0.05,18,15,22,18,13,9,14,19,25,27,24,26,20,21,26,24,1134,566,541,358,90,73,150,165,5.0,7.450581e-09,1.383333,0.073,1.23,0.243,3
18.45,7.05,9.65,5.825,1.675,1.375,2.025,2.7,-4.75,1.175,-0.35,-0.225,-0.1,-0.225,-0.075,-0.45,18,17,19,17,13,6,17,21,25,27,25,22,24,19,26,27,1132,491,565,380,98,66,120,172,5.0,7.450581e-09,1.383333,0.074,1.23,0.244,3
13.7,8.225,9.3,5.6,1.575,1.15,1.95,2.25,-5.35,0.4,0.825,0.325,-0.125,0.125,0.025,0.025,21,22,24,20,13,7,14,17,28,26,27,22,22,19,22,26,906,551,577,363,95,61,107,128,5.0,7.450581e-09,1.383333,0.075,1.229,0.245,3
8.35,8.625,10.125,5.925,1.45,1.275,1.975,2.275,-0.175,-0.65,0.3,0.1,0.075,0.35,0.075,0.15,23,24,26,20,11,9,10,17,24,25,25,27,17,17,25,24,545,557,642,373,75,65,111,125,5.0,7.450581e-09,1.383333,0.074,1.229,0.246,3
8.175,7.975,10.425,6.025,1.525,1.625,2.05,2.425,-1.15,1.05,-0.075,-1.2,0.25,-0.075,-0.225,-0.25,20,22,25,21,9,9,16,19,27,24,31,29,17,19,27,23,517,505,730,389,74,81,109,145,5.0,7.450581e-09,1.383333,0.075,1.23,0.246,3
7.025,9.025,10.35,4.825,1.775,1.55,1.825,2.175,-1.8,-0.575,-1.6,-0.55,0.0,-0.125,0.275,-0.575,17,22,24,23,11,12,18,19,24,26,30,28,17,20,26,23,414,572,684,326,84,78,110,121,5.0,7.450581e-09,1.383333,0.075,1.23,0.245,3
5.225,8.45,8.75,4.275,1.775,1.425,2.1,1.6,1.05,-1.225,-1.15,0.625,-0.225,0.075,0.025,-0.125,19,19,21,23,12,11,13,18,24,26,23,29,17,17,20,22,323,507,537,292,84,74,111,95,5.0,7.450581e-09,1.383333,0.076,1.23,0.244,3
6.275,7.225,7.6,4.9,1.55,1.5,2.125,1.475,0.45,1.975,1.625,0.5,0.15,-0.05,-0.075,0.6,21,20,19,18,9,6,12,13,26,25,22,24,21,15,16,15,395,422,465,250,82,81,106,89,5.0,7.450581e-09,1.383333,0.076,1.229,0.243,3
6.725,9.2,9.225,5.4,1.7,1.45,2.05,2.075,1.225,0.175,2.025,0.5,0.1,0.025,-0.25,0.05,21,25,25,17,12,5,13,14,29,30,28,24,25,14,18,16,405,625,616,296,104,59,112,120,5.0,7.450581e-09,1.383333,0.077,1.229,0.242,3
7.95,9.375,11.25,5.9,1.8,1.475,1.8,2.125,0.225,-0.1,-0.375,1.175,-0.125,-0.1,-0.4,0.0,25,17,25,18,15,9,11,20,28,26,30,23,23,15,24,23,526,575,754,346,108,61,103,131,5.0,7.450581e-09,1.383333,0.077,1.228,0.243,3
8.175,9.275,10.875,7.075,1.675,1.375,1.4,2.125,-1.65,2.3,-0.825,0.75,0.1,-0.125,0.1,0.275,22,15,22,18,13,8,9,19,27,23,27,23,24,15,17,23,571,507,654,388,102,66,72,113,5.0,7.450581e-09,1.383333,0.077,1.228,0.244,3
6.525,11.575,10.05,7.825,1.775,1.25,1.5,2.4,-0.4,-1.175,-0.225,-0.725,-0.1,0.275,0.125,-0.525,17,22,20,19,13,7,10,18,25,25,25,23,20,15,14,26,444,719,586,423,97,61,76,121,5.0,7.450581e-09,1.383333,0.076,1.228,0.244,3
6.125,10.4,9.825,7.1,1.675,1.525,1.625,1.875,-1.3,-2.6,-0.925,-1.325,-0.2,0.225,0.225,-0.1,18,20,19,19,13,10,10,17,26,24,24,21,19,12,20,26,373,657,608,379,86,67,88,98,5.0,7.450581e-09,1.383333,0.075,1.228,0.245,3
4.825,7.8,8.9,5.775,1.475,1.75,1.85,1.775,1.575,0.425,0.85,0.55,0.2,-0.175,0.35,0.55,18,20,21,22,12,14,12,12,25,26,25,24,22,19,22,19,295,500,544,325,88,88,94,85,5.0,7.450581e-09,1.383333,0.075,1.229,0.245,3
6.4,8.225,9.75,6.325,1.675,1.575,2.2,2.325,1.4,-0.35,-0.275,0.075,-0.2,-0.15,0.1,0.05,23,20,23,22,12,9,18,17,27,28,25,26,22,24,24,21,437,451,612,384,93,87,120,118,5.0,7.450581e-09,1.383333,0.075,1.229,0.245,3
7.8,7.875,9.475,6.4,1.475,1.425,2.3,2.375,-0.65,-1.5,0.375,-0.275,0.1,0.175,-0.25,-0.2,20,18,23,18,13,9,18,20,25,25,23,25,25,27,22,24,493,419,576,364,84,90,127,144,5.0,7.450581e-09,1.383333,0.075,1.229,0.244,3
7.15,6.375,9.85,6.125,1.575,1.6,2.05,2.175,-0.95,0.95,0.4,-0.175,0.35,0.025,0.025,0.025,20,15,17,16,10,11,15,12,22,21,24,21,19,23,23,18,445,348,554,335,72,92,113,114,5.0,7.450581e-09,1.383333,0.075,1.229,0.244,3
6.2,7.325,10.25,5.95,1.925,1.625,2.075,2.2,-1.05,0.2,-0.825,-0.05,0.15,-0.15,-0.225,-0.25,20,20,17,19,11,12,13,10,22,26,32,24,19,21,23,15,382,435,611,357,95,91,110,102,5.0,7.450581e-09,1.383333,0.076,1.229,0.244,3
5.15,7.525,9.425,5.9,2.075,1.475,1.85,1.95,1.1,-0.275,-0.25,0.1,-0.15,-0.025,-0.25,0.025,21,23,20,21,18,14,12,14,25,30,33,28,25,19,21,20,315,470,624,383,122,85,109,103,5.0,7.450581e-09,1.383333,0.076,1.229,0.244,3
6.25,7.25,9.175,6.0,1.925,1.45,1.6,1.975,0.375,0.35,0.275,-0.05,-0.375,0.1,0.45,0.125,23,17,19,19,16,13,8,18,25,25,27,24,22,19,19,25,427,399,578,372,107,82,108,125,5.0,7.450581e-09,1.383333,0.075,1.229,0.244,3
6.625,7.6,9.45,5.95,1.55,1.55,2.05,2.1,-0.6,1.625,0.725,0.95,0.25,0.075,0.25,-0.075,21,18,19,20,13,19,13,18,24,22,23,23,19,20,20,25,449,441,584,332,80,89,140,141,5.0,7.450581e-09,1.383333,0.076,1.228,0.245,3
6.025,9.225,10.175,6.9,1.8,1.625,2.3,2.025,0.85,-0.775,-1.375,-0.3,0.1,-0.2,-0.35,-0.075,17,23,21,22,13,15,14,13,23,22,22,28,16,18,21,23,361,587,687,417,79,90,116,130,5.0,7.450581e-09,1.383333,0.076,1.228,0.245,3
6.875,8.45,8.8,6.6,1.9,1.425,1.95,1.95,0.575,-1.3,-0.925,-1.1,-0.25,-0.075,-0.375,-0.1,19,20,20,19,14,7,14,16,22,23,23,27,17,17,21,22,426,507,584,389,93,72,92,114,5.0,7.450581e-09,1.383333,0.076,1.229,0.245,3
7.45,7.15,7.875,5.5,1.65,1.35,1.575,1.85,-0.55,0.65,-0.4,-1.0,0.0,0.0,-0.15,-0.075,23,22,22,17,16,7,15,17,26,25,24,22,20,17,25,20,504,429,485,287,92,68,94,106,5.0,7.450581e-09,1.383333,0.076,1.229,0.245,3
6.9,7.8,7.475,4.5,1.65,1.35,1.425,1.775,0.975,-0.725,-0.625,-0.5,-0.075,0.025,0.575,0.075,17,23,23,18,14,11,14,13,21,27,24,23,18,20,26,14,443,498,435,257,92,73,90,92,5.0,7.450581e-09,1.383333,0.075,1.228,0.245,3
7.875,7.075,6.85,4.0,1.575,1.375,2.0,1.85,0.225,0.175,0.725,0.725,0.075,0.275,0.475,0.25,15,23,23,18,15,14,19,13,17,27,24,25,23,23,25,15,454,454,390,254,103,87,129,89,5.0,7.450581e-09,1.383333,0.075,1.228,0.245,3
8.1,7.25,7.575,4.725,1.65,1.65,2.475,2.1,-0.9,-0.275,0.625,0.6,0.15,0.175,-0.425,-0.175,19,22,26,18,11,10,18,14,22,28,24,24,23,17,22,21,538,484,417,248,84,85,138,125,5.0,7.450581e-09,1.383333,0.075,1.229,0.245,3
1.025,1.425,1.075,1.075,1.225,1.05,0.875,0.85,0.025,0.25,0.2,0.2,-0.2,-0.05,0.1,0.1,3,9,11,5,3,4,1,1,19,17,25,17,24,20,13,15,55,69,68,64,56,42,35,34,6.0,0.3833334,0.6166667,0.212,0.689,0.027,3
1.05,1.675,1.275,1.275,1.025,1.0,0.975,0.95,-0.05,0.025,0.075,0.025,0.05,-0.125,0.025,0.05,4,9,10,7,0,4,4,3,18,13,26,20,17,9,16,14,51,74,78,74,47,33,42,37,6.0,0.3833334,0.6166667,0.211,0.689,0.027,3
1.0,1.7,1.35,1.3,1.075,0.875,1.0,1.0,-0.175,-0.25,-0.15,-0.05,-0.1,0.1,-0.1,0.0,3,11,8,9,1,3,4,5,15,16,25,20,14,7,16,10,46,80,68,72,43,30,41,38,6.0,0.3833334,0.6166667,0.211,0.689,0.026,3
0.825,1.45,1.2,1.25,0.975,0.975,0.9,1.0,0.1,-0.2,0.05,-0.15,-0.175,0.05,-0.075,0.05,1,13,8,10,2,2,3,4,14,15,20,24,11,9,20,14,36,71,55,77,30,32,40,40,6.0,0.3833334,0.6166667,0.212,0.689,0.027,3
0.925,1.25,1.25,1.1,0.8,1.025,0.825,1.05,0.0,0.075,0.075,0.0,0.225,-0.075,0.1,-0.075,4,11,9,8,2,3,2,4,20,13,12,20,9,9,15,18,42,63,51,63,28,33,33,46,6.0,0.3833334,0.6166667,0.211,0.689,0.028,3
0.925,1.325,1.325,1.1,1.025,0.95,0.925,0.975,0.025,0.0,-0.275,-0.125,0.0,-0.075,-0.05,-0.175,4,8,9,8,4,3,3,5,17,14,16,17,13,14,7,18,41,63,53,57,39,38,25,42,6.0,0.3833334,0.6166667,0.211,0.69,0.027,3
0.95,1.325,1.05,0.975,1.025,0.875,0.875,0.8,0.225,0.075,-0.25,0.025,-0.075,0.025,-0.05,0.0,5,6,3,9,3,4,5,3,17,12,16,16,14,17,12,16,48,49,42,52,42,42,32,33,6.0,0.3833334,0.6166667,0.211,0.691,0.027,3
1.175,1.4,0.8,1.0,0.95,0.9,0.825,0.8,0.075,0.125,0.2,0.175,0.05,0.025,0.075,0.075,5,5,1,7,1,3,2,1,12,16,17,13,14,19,14,13,48,62,38,41,37,43,39,32,6.0,0.3833334,0.6166667,0.21,0.692,0.028,3
1.25,1.525,1.0,1.175,1.0,0.925,0.9,0.875,-0.05,0.15,0.325,0.05,0.0,0.025,0.125,0.2,3,6,3,7,0,4,0,0,6,21,17,14,17,20,17,13,37,83,48,41,34,49,42,34,6.0,0.3833334,0.6166667,0.208,0.695,0.028,3
1.2,1.675,1.325,1.225,1.0,0.95,1.025,1.075,-0.2,0.0,-0.025,0.55,0.05,0.275,0.025,0.0,9,10,7,7,1,3,4,4,13,25,19,23,19,14,12,17,53,96,66,67,36,44,37,50,6.0,0.3833334,0.6166667,0.205,0.697,0.028,3
1.0,1.675,1.3,1.775,1.05,1.225,1.05,1.075,0.1,1.875,9.875,4.375,0.975,0.375,0.025,-0.025,11,14,8,7,3,8,9,5,19,23,20,22,20,17,15,20,57,96,70,94,47,57,43,54,6.0,0.3833334,0.6166667,0.204,0.697,0.028,3
1.1,3.55,11.175,6.15,2.025,1.6,1.075,1.05,0.375,1.025,6.6,4.175,0.6,-0.05,0.0,0.125,6,18,17,16,7,13,9,1,16,19,22,20,22,19,16,17,55,225,841,376,120,84,45,37,6.0,0.3833334,0.6166667,0.208,0.697,0.031,3
1.475,4.575,17.775,10.325,2.625,1.55,1.075,1.175,0.325,0.9,-5.45,-2.75,-0.4,-0.275,-0.125,-0.125,10,19,24,23,11,9,6,3,20,22,25,22,21,15,12,12,78,296,1233,586,149,84,42,36,6.0,0.3833334,0.6166667,0.218,0.704,0.039,3
1.8,5.475,12.325,7.575,2.225,1.275,0.95,1.05,-0.1,1.225,-2.25,-3.8,-0.575,-0.075,0.025,-0.15,15,20,19,17,13,11,2,6,18,24,24,21,22,15,16,18,94,363,742,382,121,67,44,45,6.0,0.3833334,0.6166667,0.233,0.717,0.057,3
1.7,6.7,10.075,3.775,1.65,1.2,0.975,0.9,-0.05,-0.575,-2.6,0.825,0.1,0.35,0.225,0.175,13,21,20,14,11,15,3,3,17,24,25,21,19,16,21,20,86,428,619,187,90,59,51,51,6.0,0.3833334,0.6166667,0.252,0.736,0.089,3
1.65,6.125,7.475,4.6,1.75,1.55,1.2,1.075,0.325,5.35,0.3,5.1,0.75,0.4,0.925,0.3,15,22,23,18,15,17,5,6,20,26,21,23,18,18,16,20,97,384,457,241,89,82,53,61,6.0,0.3833334,0.6166667,0.274,0.758,0.136,3
1.975,11.475,7.775,9.7,2.5,1.95,2.125,1.375,-0.1,1.225,1.25,1.3,-0.15,-0.35,0.075,-0.025,13,25,22,21,18,16,9,12,18,27,20,28,20,17,18,19,103,737,417,604,137,100,122,71,6.0,0.3833334,0.6166667,0.29,0.78,0.187,3
1.875,12.7,9.025,11.0,2.35,1.6,2.2,1.35,0.1,-4.175,-0.775,-4.275,-0.525,-0.2,-0.7,-0.25,8,21,22,22,19,15,12,13,17,25,28,26,25,22,21,23,93,790,560,665,146,89,140,73,6.0,0.3833334,0.6166667,0.298,0.797,0.23,3
1.975,8.525,8.25,6.725,1.825,1.4,1.5,1.1,0.0,-1.4,-1.525,-1.9,-0.325,-0.025,-0.075,-0.025,11,18,22,17,16,10,13,11,22,27,29,22,27,22,24,19,119,527,526,415,110,72,86,60,6.0,0.3833334,0.6166667,0.298,0.805,0.257,3
1.975,7.125,6.725,4.825,1.5,1.375,1.425,1.075,-0.275,-0.875,-1.9,-0.175,0.075,-0.225,-0.225,0.05,14,20,18,17,12,8,13,7,24,26,22,25,22,17,31,18,125,494,395,303,90,65,83,58,6.0,0.3833334,0.6166667,0.298,0.805,0.269,3
1.7,6.25,4.825,4.65,1.575,1.15,1.2,1.125,0.125,-0.225,1.2,0.625,0.3,-0.05,0.025,-0.025,15,24,16,19,10,10,15,6,26,25,23,27,17,21,25,20,111,445,272,264,84,70,73,63,6.0,0.3833334,0.6166667,0.298,0.804,0.273,3
1.825,6.025,6.025,5.275,1.875,1.1,1.225,1.1,-0.05,-1.175,0.05,0.35,-0.175,0.1,0.325,-0.025,13,21,18,16,19,9,13,5,21,23,24,23,24,23,19,22,106,382,334,295,113,71,73,62,6.0,0.3833334,0.6166667,0.298,0.803,0.275,3
1.775,4.85,6.075,5.625,1.7,1.2,1.55,1.075,-0.2,0.1,-0.8,-0.375,-0.25,-0.075,-0.1,0.2,10,19,18,14,15,5,12,6,20,24,19,18,22,20,20,18,98,296,326,311,93,64,81,56,6.0,0.3833334,0.6166667,0.298,0.802,0.277,3
1.575,4.95,5.275,5.25,1.45,1.125,1.45,1.275,0.275,1.6,2.225,1.65,-0.15,0.05,-0.325,0.05,11,20,17,14,10,6,11,8,25,23,22,19,21,19,22,14,97,293,288,294,75,59,69,53,6.0,0.3833334,0.6166667,0.298,0.802,0.278,3
1.85,6.55,7.5,6.9,1.3,1.175,1.125,1.325,0.15,0.225,0.425,-0.5,-0.1,0.15,0.125,0.025,19,23,17,19,9,8,5,8,24,22,24,24,19,19,14,17,118,425,446,406,77,58,47,60,6.0,0.3833334,0.6166667,0.297,0.803,0.278,3
2.0,6.775,7.925,6.4,1.2,1.325,1.25,1.35,-0.125,-0.625,-2.5,-2.05,-0.05,-0.225,0.225,0.125,21,21,22,17,6,6,8,10,21,26,25,23,14,18,17,19,115,434,488,370,65,60,77,71,6.0,0.3833334,0.6166667,0.297,0.805,0.278,3
1.875,6.15,5.425,4.35,1.15,1.1,1.475,1.475,-0.2,0.65,0.35,0.725,0.05,0.05,-0.025,-0.15,17,21,22,15,6,3,14,12,23,25,22,22,17,16,20,16,106,358,325,249,58,52,98,71,6.0,0.3833334,0.6166667,0.297,0.807,0.279,3
1.675,6.8,5.775,5.075,1.2,1.15,1.45,1.325,0.2,0.525,-0.225,-0.2,0.2,0.025,0.05,-0.05,12,23,20,17,4,7,11,16,26,23,26,24,19,16,16,23,100,401,367,265,58,61,78,74,6.0,0.3833334,0.6166667,0.297,0.809,0.279,3
1.875,7.325,5.55,4.875,1.4,1.175,1.5,1.275,0.325,0.675,-1.175,-0.825,0.075,0.0,-0.125,0.0,10,26,18,19,6,11,6,12,23,29,28,26,20,22,17,20,108,495,362,280,68,60,68,62,6.0,0.3833334,0.6166667,0.297,0.809,0.278,3
2.2,8.0,4.375,4.05,1.475,1.175,1.375,1.275,-0.425,-0.4,1.125,1.325,-0.1,0.15,-0.025,-0.075,13,27,19,22,5,11,9,9,20,30,26,25,20,19,16,15,125,531,260,264,77,55,69,58,6.0,0.3833334,0.6166667,0.298,0.807,0.278,3
1.775,7.6,5.5,5.375,1.375,1.325,1.35,1.2,-0.25,-1.85,1.65,1.0,-0.1,-0.075,0.175,0.05,14,20,22,22,8,9,12,8,19,21,25,23,20,19,19,17,108,424,325,315,71,68,80,60,6.0,0.3833334,0.6166667,0.298,0.806,0.277,3
1.525,5.75,7.15,6.375,1.275,1.25,1.525,1.25,0.25,-0.575,-0.2,-0.8,0.3,0.05,0.025,0.05,13,15,23,20,8,6,12,8,17,19,27,25,15,19,18,17,83,297,463,376,54,68,84,60,6.0,0.3833334,0.6166667,0.298,0.805,0.278,3
1.775,5.175,6.95,5.575,1.575,1.3,1.55,1.3,0.35,1.5,-1.05,-0.3,0.0,-0.05,-0.15,0.025,14,18,21,16,8,4,16,14,22,22,28,23,21,20,18,20,94,295,438,313,75,72,84,70,6.0,0.3833334,0.6166667,0.298,0.806,0.278,3
2.125,6.675,5.9,5.275,1.575,1.25,1.4,1.325,-0.25,-0.525,0.25,1.8,-0.375,-0.3,-0.05,-0.1,14,22,15,11,13,10,14,13,25,26,26,18,23,21,20,18,121,427,331,274,83,72,80,69,6.0,0.3833334,0.6166667,0.298,0.807,0.279,3
1.875,6.15,6.15,7.075,1.2,0.95,1.35,1.225,-0.2,-0.925,0.475,0.1,0.225,0.025,-0.075,-0.15,17,19,15,15,12,9,13,11,26,23,24,21,18,16,25,17,114,398,330,379,58,49,84,60,6.0,0.3833334,0.6166667,0.298,0.807,0.279,3
1.675,5.225,6.625,7.175,1.425,0.975,1.275,1.075,0.0,1.075,-0.675,-1.6,0.05,0.1,-0.125,0.025,16,19,18,21,10,3,7,6,21,22,24,23,23,15,22,18,96,324,394,385,67,41,69,51,6.0,0.3833334,0.6166667,0.297,0.806,0.279,3
1.675,6.3,5.95,5.575,1.475,1.075,1.15,1.1,-0.125,0.1,-1.275,-0.7,-0.225,-0.125,-0.15,0.05,14,21,20,20,10,6,7,8,20,27,27,18,25,18,19,21,97,404,380,309,80,53,66,64,6.0,0.3833334,0.6166667,0.297,0.806,0.279,3
1.55,6.4,4.675,4.875,1.25,0.95,1.0,1.15,0.05,-0.05,0.625,-0.425,0.275,0.25,0.225,-0.05,13,18,16,18,8,5,6,13,19,27,26,20,16,17,14,18,81,398,301,281,64,52,51,63,6.0,0.3833334,0.6166667,0.297,0.807,0.28,3
1.6,6.35,5.3,4.45,1.525,1.2,1.225,1.1,0.125,1.35,0.925,-0.35,0.225,0.1,0.45,-0.075,11,24,18,21,8,8,8,8,20,29,22,27,12,15,15,12,95,407,341,296,65,60,55,47,6.0,0.3833334,0.6166667,0.297,0.807,0.28,3
1.725,7.7,6.225,4.1,1.75,1.3,1.675,1.025,0.325,-0.4,-0.975,0.35,-0.225,-0.075,-0.1,0.15,12,28,20,18,11,9,17,4,22,29,26,27,15,10,19,13,115,513,399,268,77,59,86,47,6.0,0.3833334,0.6166667,0.297,0.807,0.28,3
2.05,7.3,5.25,4.45,1.525,1.225,1.575,1.175,-0.225,-1.975,0.3,0.875,-0.05,0.175,-0.25,0.1,18,19,19,17,10,10,20,11,24,23,25,27,19,16,21,20,135,461,323,290,65,61,94,67,6.0,0.3833334,0.6166667,0.297,0.807,0.28,3
1.825,5.325,5.55,5.325,1.475,1.4,1.325,1.275,-0.2,1.1,1.925,0.225,0.15,0.1,-0.175,-0.075,14,20,21,18,9,10,16,13,18,24,21,24,20,19,19,20,105,342,285,314,69,67,84,66,6.0,0.3833334,0.6166667,0.297,0.807,0.28,3
1.625,6.425,7.475,5.55,1.625,1.5,1.15,1.2,0.25,0.65,-0.1,-0.375,-0.05,-0.175,0.15,-0.075,9,25,18,15,11,7,10,8,17,28,20,22,21,11,15,25,79,408,399,308,84,62,66,59,6.0,0.3833334,0.6166667,0.298,0.806,0.28,3
1.875,7.075,7.375,5.175,1.575,1.325,1.3,1.125,0.45,-0.625,-0.85,0.55,0.0,-0.075,0.25,0.0,13,21,19,15,13,4,12,5,25,25,23,20,24,10,16,25,98,434,451,285,87,55,65,59,6.0,0.3833334,0.6166667,0.298,0.805,0.28,3
2.325,6.45,6.525,5.725,1.575,1.25,1.55,1.125,0.25,0.15,-0.725,-0.475,0.05,-0.05,-0.1,0.125,21,20,20,15,14,7,10,3,26,25,18,14,21,14,19,17,131,409,378,296,79,65,73,56,6.0,0.3833334,0.6166667,0.298,0.804,0.279,3
2.575,6.6,5.8,5.25,1.625,1.2,1.45,1.25,-0.575,-0.925,-0.175,-0.525,0.0,-0.05,0.075,0.025,25,16,15,17,12,7,8,7,24,23,14,16,18,15,23,19,158,393,297,270,82,67,83,71,6.0,0.3833334,0.6166667,0.297,0.804,0.279,3
2.0,5.675,5.625,4.725,1.625,1.15,1.525,1.275,-0.55,-0.125,1.6,0.775,-0.175,0.025,0.175,0.0,19,14,18,22,9,4,9,9,27,24,16,23,16,16,18,22,128,316,332,269,80,67,91,74,6.0,0.3833334,0.6166667,0.297,0.804,0.279,3
1.45,5.55,7.225,5.5,1.45,1.175,1.7,1.275,0.325,1.125,-0.325,-0.8,0.125,0.05,-0.05,0.075,13,17,19,19,9,6,13,9,27,22,21,23,19,24,18,18,92,275,457,300,78,69,97,64,6.0,0.3833334,0.6166667,0.297,0.805,0.279,3
1.775,6.675,6.9,4.7,1.575,1.225,1.65,1.35,0.175,-0.6,-0.875,-0.6,0.075,0.175,-0.15,0.15,14,21,19,15,8,10,15,14,25,22,24,21,23,26,21,22,110,388,422,238,91,69,99,81,6.0,0.3833334,0.6166667,0.297,0.806,0.279,3
1.95,6.075,6.025,4.1,1.65,1.4,1.5,1.5,-0.075,0.4,0.025,0.15,-0.075,-0.15,-0.025,0.05,17,20,20,14,11,14,10,10,20,21,19,17,25,24,20,23,106,372,345,215,96,79,87,80,6.0,0.3833334,0.6166667,0.297,0.806,0.279,3
1.875,6.475,6.05,4.25,1.575,1.25,1.475,1.55,0.275,0.625,-0.45,0.525,0.025,0.025,0.125,-0.1,17,21,21,18,12,14,8,8,17,23,19,23,21,19,22,19,89,413,363,254,89,66,85,69,6.0,0.3833334,0.6166667,0.298,0.807,0.278,3
2.15,7.1,5.6,4.775,1.6,1.275,1.6,1.45,-0.3,-1.375,-0.325,0.375,0.025,0.075,-0.175,-0.2,19,24,25,20,12,9,15,14,22,27,24,23,22,17,23,22,128,464,353,280,83,55,87,85,6.0,0.3833334,0.6166667,0.298,0.807,0.278,3
1.85,5.725,5.275,5.15,1.625,1.35,1.425,1.25,-0.425,-0.175,0.325,-0.225,-0.225,-0.25,0.025,-0.15,16,21,24,17,14,13,16,10,25,24,23,19,27,21,21,23,120,362,340,301,84,66,70,68,6.0,0.3833334,0.6166667,0.298,0.807,0.278,3
1.425,5.55,5.6,4.925,1.4,1.1,1.45,1.1,0.0,0.0,0.025,-0.1,-0.175,0.075,0.175,0.1,10,23,26,17,15,13,13,5,24,26,25,23,28,22,21,22,84,363,363,289,86,65,76,54,6.0,0.3833334,0.6166667,0.298,0.807,0.278,3
1.425,5.55,5.625,4.825,1.225,1.175,1.625,1.2,0.425,-0.325,0.325,0.775,0.15,0.1,0.05,0.0,8,26,28,19,7,9,14,5,22,28,28,24,20,19,21,16,78,367,371,269,60,57,88,55,6.0,0.3833334,0.6166667,0.297,0.807,0.278,3
1.85,5.225,5.95,5.6,1.375,1.275,1.675,1.2,0.2,0.175,1.425,1.45,-0.15,-0.2,0.075,0.05,10,23,18,15,7,6,15,5,16,28,21,18,16,21,20,11,85,327,327,292,58,56,93,50,6.0,0.3833334,0.6166667,0.297,0.806,0.278,3
2.05,5.4,7.375,7.05,1.225,1.075,1.75,1.25,-0.225,-0.45,-1.1,-1.075,0.0,0.05,-0.175,0.075,14,20,15,14,9,6,16,10,17,24,18,17,16,19,19,18,103,321,424,365,55,52,99,61,6.0,0.3833334,0.6166667,0.296,0.806,0.278,3
1.825,4.95,6.275,5.975,1.225,1.125,1.575,1.325,-0.175,0.85,-1.275,-1.5,0.25,0.175,-0.1,0.1,20,19,19,14,12,10,12,11,25,25,22,20,16,23,17,23,108,281,381,289,57,60,84,74,6.0,0.3833334,0.6166667,0.296,0.805,0.277,3
1.65,5.8,5.0,4.475,1.475,1.3,1.475,1.425,0.1,0.6,2.25,0.8,0.05,-0.075,0.2,-0.075,20,20,24,20,12,9,8,7,24,28,27,26,20,23,17,17,90,342,337,267,74,74,84,72,6.0,0.3833334,0.6166667,0.295,0.804,0.277,3
1.75,6.4,7.25,5.275,1.525,1.225,1.675,1.35,0.25,-1.05,0.975,0.25,0.0,-0.25,-0.225,-0.225,16,24,24,21,9,6,8,6,26,28,27,29,26,21,21,15,98,415,498,337,84,72,99,67,6.0,0.3833334,0.6166667,0.295,0.804,0.277,3
2.0,5.35,8.225,5.525,1.525,0.975,1.45,1.125,0.0,0.225,-1.825,-0.475,-0.275,0.175,-0.325,-0.075,12,24,21,15,8,6,8,9,25,25,26,26,25,17,19,22,115,345,528,338,90,57,76,64,6.0,0.3833334,0.6166667,0.295,0.805,0.278,3
2.0,5.575,6.4,5.05,1.25,1.15,1.125,1.05,-0.325,0.9,-0.175,-0.45,-0.275,0.05,0.2,0.075,10,21,20,14,8,9,9,9,18,22,28,19,19,18,20,20,103,322,420,278,71,59,56,59,6.0,0.3833334,0.6166667,0.295,0.805,0.278,3
1.675,6.475,6.225,4.6,0.975,1.2,1.325,1.125,-0.125,1.225,1.45,0.975,0.25,-0.075,0.15,0.125,11,19,20,18,8,9,12,5,17,25,25,18,17,24,20,16,90,357,437,255,52,65,70,55,6.0,0.3833334,0.6166667,0.295,0.805,0.278,3
1.55,7.7,7.675,5.575,1.225,1.125,1.475,1.25,-0.025,-1.65,-0.65,0.325,0.225,0.225,-0.075,0.025,12,20,21,17,6,9,12,8,18,25,24,18,14,27,20,19,90,448,512,331,53,69,83,63,6.0,0.3833334,0.6166667,0.295,0.806,0.278,3
1.525,6.05,7.025,5.9,1.45,1.35,1.4,1.275,-0.1,-2.7,-1.5,-1.5,0.125,0.025,0.175,-0.025,9,24,22,22,7,10,6,8,16,25,25,23,15,22,16,23,80,375,467,350,53,72,71,63,6.0,0.3833334,0.6166667,0.295,0.806,0.279,3
1.425,3.35,5.525,4.4,1.575,1.375,1.575,1.25,0.1,-0.475,-2.2,-1.875,-0.15,-0.3,-0.025,-0.25,6,22,22,22,11,7,12,5,19,24,24,22,20,18,20,21,72,228,354,270,76,65,82,56,6.0,0.3833334,0.6166667,0.291,0.8,0.267,3
1.525,2.875,3.325,2.525,1.425,1.075,1.55,1.0,-0.2,-0.725,-2.025,-1.15,-0.3,-0.2,-0.275,-0.1,7,15,15,9,11,4,14,6,18,22,21,17,18,16,25,15,77,170,211,143,66,51,87,50,6.0,0.3833334,0.6166667,0.253,0.742,0.144,3
1.325,2.15,1.3,1.375,1.125,0.875,1.275,0.9,-0.375,-0.4,0.05,0.65,0.7,0.45,0.15,0.225,7,12,12,8,6,2,11,5,16,20,18,19,13,14,18,14,63,122,77,71,38,35,64,46,6.0,0.3833334,0.6166667,0.219,0.69,0.033,3
0.95,1.75,1.35,2.025,1.825,1.325,1.425,1.125,0.125,0.425,1.075,2.775,1.65,0.725,0.275,0.1,7,14,14,11,9,4,13,3,11,17,17,16,18,15,17,12,43,102,76,97,78,50,64,46,6.0,0.3833334,0.6166667,0.219,0.69,0.033,3
1.075,2.175,2.425,4.8,3.475,2.05,1.7,1.225,0.25,1.625,6.125,0.475,-0.175,-0.2,-0.3,0.0,7,18,17,17,17,13,14,5,12,21,21,20,23,22,21,14,48,122,138,281,186,94,78,49,6.0,0.3833334,0.6166667,0.221,0.692,0.036,3
1.325,3.8,8.55,5.275,3.3,1.85,1.4,1.225,0.0,1.575,1.625,-0.45,-1.375,-0.25,0.75,0.375,5,21,18,21,15,10,12,8,13,29,22,25,19,18,22,17,64,251,568,327,183,92,80,62,6.0,0.3833334,0.6166667,0.247,0.719,0.072,3
1.325,5.375,10.175,4.825,1.925,1.6,2.15,1.6,0.55,0.725,-2.925,0.75,-0.275,0.15,0.85,0.375,7,18,18,15,12,3,11,12,16,26,20,24,19,16,20,21,75,304,691,239,103,67,124,97,6.0,0.3833334,0.6166667,0.285,0.779,0.165,3
1.875,6.1,7.25,5.575,1.65,1.75,3.0,1.975,0.65,0.9,0.75,-0.275,-0.05,-0.275,-0.525,-0.3,16,19,21,15,11,5,16,13,21,22,28,25,20,19,27,22,109,338,477,277,91,79,177,114,6.0,0.3833334,0.6166667,0.296,0.819,0.235,3
2.525,7.0,8.0,5.3,1.6,1.475,2.475,1.675,-0.375,-0.05,-0.3,0.0,-0.1,-0.1,-0.6,-0.475,21,24,22,17,8,3,19,11,20,23,27,26,13,16,30,22,124,443,529,317,71,60,161,85,6.0,0.3833334,0.6166667,0.293,0.821,0.246,3
2.15,6.95,7.7,5.3,1.5,1.375,1.875,1.2,-0.375,-1.075,-1.075,-0.85,-0.15,-0.025,-0.1,0.1,17,21,20,16,10,7,12,8,17,25,21,22,14,14,21,16,116,434,462,287,67,56,114,61,6.0,0.3833334,0.6166667,0.291,0.818,0.246,3
1.775,5.875,6.625,4.45,1.35,1.35,1.775,1.3,0.2,-0.9,-1.125,-0.825,-0.05,-0.025,0.15,0.225,14,19,18,19,7,6,8,13,19,28,22,25,18,14,15,18,112,419,390,257,68,55,96,62,6.0,0.3833334,0.6166667,0.288,0.816,0.247,3
1.975,4.975,5.5,3.625,1.3,1.325,1.925,1.525,-0.175,-0.825,-0.375,-0.425,-0.025,0.175,-0.1,-0.3,16,19,15,16,7,6,18,13,23,26,21,20,18,13,19,19,130,351,296,188,70,52,115,66,6.0,0.3833334,0.6166667,0.287,0.816,0.248,3
1.8,4.15,5.125,3.2,1.275,1.5,1.825,1.225,-0.25,0.15,1.075,0.3,-0.025,-0.125,0.45,-0.25,16,16,13,14,10,13,18,9,26,25,16,17,21,21,21,22,115,270,232,142,77,75,114,61,6.0,0.3833334,0.6166667,0.289,0.817,0.25,3
1.55,4.3,6.2,3.5,1.25,1.375,2.275,0.975,0.375,0.425,0.55,0.775,0.15,-0.025,0.025,0.125,11,14,15,14,8,12,15,6,21,23,18,23,22,26,24,21,91,250,334,191,73,77,137,56,6.0,0.3833334,0.6166667,0.291,0.817,0.25,3
1.925,4.725,6.75,4.275,1.4,1.35,2.3,1.1,-0.175,-0.8,0.025,0.075,0.15,0.075,-0.725,0.075,9,17,17,13,9,8,17,5,19,25,26,23,19,19,25,18,101,283,428,244,69,60,133,54,6.0,0.3833334,0.6166667,0.293,0.816,0.252,3
1.75,3.925,6.775,4.35,1.55,1.425,1.575,1.175,-0.075,-0.55,0.975,0.325,0.0,-0.075,-0.225,0.05,10,16,18,13,9,9,12,7,20,21,25,16,16,19,22,23,93,225,472,275,68,73,84,58,6.0,0.3833334,0.6166667,0.293,0.816,0.253,3
1.675,3.375,7.75,4.675,1.55,1.35,1.35,1.225,0.15,0.45,-0.525,-0.05,-0.175,-0.15,-0.075,-0.2,13,14,20,15,8,7,13,12,26,18,28,20,19,20,20,24,93,190,543,288,75,68,75,67,6.0,0.3833334,0.6166667,0.293,0.815,0.254,3
1.825,3.825,7.225,4.625,1.375,1.2,1.275,1.025,-0.125,0.575,-1.375,-0.725,-0.025,-0.075,-0.05,-0.2,15,17,17,16,6,7,8,11,23,21,24,23,20,18,14,21,97,220,433,248,67,55,67,55,6.0,0.3833334,0.6166667,0.293,0.815,0.254,3
1.7,4.4,5.85,3.9,1.35,1.125,1.225,0.825,0.0,0.375,-0.325,-0.25,-0.1,0.125,0.225,0.175,17,18,17,17,5,6,9,5,19,21,22,25,20,18,17,21,99,245,328,222,59,55,73,46,6.0,0.3833334,0.6166667,0.292,0.815,0.254,3
1.7,4.775,5.525,3.65,1.25,1.25,1.45,1.0,-0.175,0.675,0.6,0.325,-0.25,0.05,0.0,0.05,14,14,19,16,7,9,10,6,18,22,21,23,15,25,20,20,95,285,314,196,63,67,79,53,6.0,0.3833334,0.6166667,0.291,0.815,0.255,3
1.525,5.45,6.125,3.975,1.0,1.3,1.45,1.05,0.0,0.25,0.275,-0.1,0.175,-0.025,0.15,-0.1,12,17,19,17,8,12,9,7,19,25,24,21,18,21,15,18,87,359,354,199,61,71,72,48,6.0,0.3833334,0.6166667,0.29,0.814,0.255,3
1.525,5.7,6.4,3.875,1.175,1.275,1.6,0.95,0.15,0.0,-0.2,-0.25,0.05,-0.15,0.0,0.125,14,20,19,18,7,13,16,9,24,24,26,22,18,19,15,17,94,336,396,212,62,72,88,49,6.0,0.3833334,0.6166667,0.29,0.813,0.255,3
1.675,5.7,6.2,3.625,1.225,1.125,1.6,1.075,0.1,-0.775,0.525,0.5,0.1,0.075,-0.175,0.275,14,20,20,14,8,8,13,9,25,24,21,21,17,19,13,17,108,354,386,213,61,57,78,56,6.0,0.3833334,0.6166667,0.29,0.813,0.255,3
1.775,4.925,6.725,4.125,1.325,1.2,1.425,1.35,0.15,0.075,0.075,0.3,0.025,-0.1,-0.05,-0.075,12,17,20,11,9,5,7,13,19,26,22,24,13,23,16,16,103,313,396,252,58,54,60,62,6.0,0.3833334,0.6166667,0.29,0.812,0.254,3
1.925,5.0,6.8,4.425,1.35,1.1,1.375,1.275,0.1,0.775,0.125,0.25,-0.275,-0.15,-0.075,-0.125,13,16,19,16,7,5,5,10,17,27,22,26,15,23,18,19,101,314,387,262,52,54,64,64,6.0,0.3833334,0.6166667,0.291,0.812,0.254,3
2.025,5.775,6.925,4.675,1.075,0.95,1.3,1.15,-0.125,-0.525,0.375,0.025,0.15,0.15,0.15,0.25,14,19,22,23,5,5,6,4,18,29,22,25,18,20,14,19,104,353,420,280,49,54,57,64,6.0,0.3833334,0.6166667,0.292,0.813,0.254,3
1.9,5.25,7.3,4.7,1.225,1.1,1.45,1.4,-0.1,-0.8,-1.1,-0.95,0.125,0.125,0.025,0.025,20,22,20,22,5,3,11,9,19,27,23,25,16,19,22,20,102,323,415,275,49,54,82,68,6.0,0.3833334,0.6166667,0.292,0.813,0.254,3
1.8,4.45,6.2,3.75,1.35,1.225,1.475,1.425,0.025,0.225,-0.675,-0.5,0.025,0.2,-0.1,-0.275,20,19,14,13,8,7,14,11,23,23,22,21,17,20,28,16,107,233,347,212,59,60,101,66,6.0,0.3833334,0.6166667,0.292,0.813,0.253,3
1.825,4.675,5.525,3.25,1.375,1.425,1.375,1.15,0.025,-0.35,0.55,0.225,0.05,0.025,0.0,-0.075,16,19,15,10,13,14,11,7,21,25,25,23,18,22,23,18,107,265,333,197,77,70,86,63,6.0,0.3833334,0.6166667,0.292,0.812,0.253,3
1.85,4.325,6.075,3.475,1.425,1.45,1.375,1.075,-0.15,-0.325,-0.1,0.275,-0.025,-0.025,0.0,0.025,13,21,23,9,12,13,13,7,19,28,30,22,13,20,25,16,101,267,430,214,75,74,84,56,6.0,0.3833334,0.6166667,0.292,0.812,0.253,3
1.7,4.0,5.975,3.75,1.4,1.425,1.375,1.1,0.0,0.525,-1.1,-0.275,-0.075,-0.125,0.05,0.0,12,18,21,13,6,8,11,9,18,27,24,18,13,18,20,18,91,244,404,200,51,69,71,51,6.0,0.3833334,0.6166667,0.291,0.811,0.254,3
1.7,4.525,4.875,3.475,1.325,1.3,1.425,1.1,0.075,-0.525,-0.05,-0.15,-0.15,-0.175,-0.1,0.1,15,17,17,16,9,6,10,6,20,23,21,20,18,15,17,19,104,259,283,181,59,52,68,52,6.0,0.3833334,0.6166667,0.291,0.811,0.254,3
1.775,4.0,4.825,3.325,1.175,1.125,1.325,1.2,0.225,0.05,1.075,0.55,0.225,0.225,0.075,0.1,22,21,17,15,11,7,11,7,26,26,27,22,17,18,17,23,116,248,308,176,63,56,63,66,6.0,0.3833334,0.6166667,0.29,0.811,0.254,3
2.0,4.05,5.9,3.875,1.4,1.35,1.4,1.3,-0.1,0.125,-0.15,0.725,0.125,0.1,0.3,-0.15,24,22,21,18,10,6,11,6,29,28,27,23,15,23,17,22,129,258,407,217,53,76,67,66,6.0,0.3833334,0.6166667,0.29,0.812,0.255,3
1.9,4.175,5.75,4.6,1.525,1.45,1.7,1.15,-0.175,0.5,1.45,0.975,-0.2,-0.175,-0.125,-0.175,14,21,20,21,10,7,19,5,21,21,22,23,15,22,26,17,101,243,370,279,60,78,101,56,6.0,0.3833334,0.6166667,0.291,0.812,0.256,3
1.725,4.675,7.2,5.575,1.325,1.275,1.575,0.975,-0.125,0.4,0.875,-1.15,-0.075,-0.275,-0.25,0.3,11,18,19,22,6,10,15,4,19,21,20,21,15,21,27,13,95,285,411,290,56,71,96,50,6.0,0.3833334,0.6166667,0.291,0.812,0.256,3
1.6,5.075,8.075,4.425,1.25,1.0,1.325,1.275,-0.15,0.175,-1.6,-1.1,0.1,0.075,-0.075,0.0,9,16,24,17,4,6,8,7,16,27,26,21,10,21,20,17,87,304,467,220,49,54,70,65,6.0,0.3833334,0.6166667,0.291,0.811,0.256,3
1.45,5.25,6.475,3.325,1.35,1.075,1.25,1.275,0.325,-0.125,-0.175,1.0,0.075,0.3,0.125,-0.125,7,20,26,15,6,7,7,5,16,25,27,25,8,19,16,24,75,336,408,187,46,51,58,62,6.0,0.3833334,0.6166667,0.29,0.811,0.257,3
1.775,5.125,6.3,4.325,1.425,1.375,1.375,1.15,0.175,0.05,-0.1,-0.25,0.0,-0.1,0.0,0.2,9,15,20,15,5,8,5,3,14,20,24,19,14,19,14,17,86,301,368,235,56,57,63,49,6.0,0.3833334,0.6166667,0.29,0.811,0.257,3
1.95,5.175,6.2,4.075,1.425,1.275,1.375,1.35,-0.225,-0.025,-1.1,-0.7,0.15,-0.2,-0.075,-0.15,12,17,20,15,6,5,6,9,19,26,24,19,15,14,13,15,92,321,355,199,67,57,63,61,6.0,0.3833334,0.6166667,0.291,0.81,0.256,3
1.725,5.15,5.1,3.375,1.575,1.075,1.3,1.2,0.025,-0.25,0.425,0.025,-0.025,-0.025,0.125,-0.1,17,19,20,14,9,8,11,12,24,26,25,18,13,13,16,15,97,322,314,180,69,59,61,61,6.0,0.3833334,0.6166667,0.291,0.809,0.256,3
1.75,4.9,5.525,3.4,1.55,1.05,1.425,1.1,0.225,0.8,0.775,-0.05,0.0,0.05,0.1,0.225,13,15,17,12,7,6,14,7,19,26,25,15,14,19,17,11,107,281,340,183,73,54,65,45,6.0,0.3833334,0.6166667,0.292,0.809,0.255,3
1.975,5.7,6.3,3.35,1.55,1.1,1.525,1.325,-0.1,-0.1,0.3,0.525,0.1,0.175,0.175,0.1,7,18,20,15,11,8,15,11,19,26,23,21,17,23,19,16,111,343,404,203,83,59,76,60,6.0,0.3833334,0.6166667,0.293,0.809,0.255,3
1.875,5.6,6.6,3.875,1.65,1.275,1.7,1.425,-0.125,-0.8,1.05,0.325,-0.075,0.225,0.05,-0.025,13,21,24,19,12,11,12,13,26,23,25,23,15,20,21,19,105,341,439,234,81,65,92,71,6.0,0.3833334,0.6166667,0.293,0.809,0.256,3
1.75,4.8,7.65,4.2,1.575,1.5,1.75,1.4,0.375,0.25,-0.675,0.25,-0.225,-0.05,-0.15,0.025,15,20,22,20,8,8,12,9,26,24,27,22,17,13,20,18,109,308,495,248,86,67,97,74,6.0,0.3833334,0.6166667,0.292,0.809,0.256,3
1.15,1.625,1.325,1.175,1.225,1.175,0.875,0.9,0.175,0.025,-0.3,-0.025,-0.2,-0.1,0.075,-0.05,10,9,8,9,9,9,5,0,17,18,18,18,21,15,16,9,61,91,74,60,55,48,38,32,7.0,0.3833334,1.0,0.225,0.688,0.032,3
1.325,1.65,1.025,1.15,1.025,1.075,0.95,0.85,-0.075,0.025,0.075,-0.025,-0.075,-0.175,0.0,0.0,11,10,7,8,7,4,5,0,18,18,19,17,15,11,13,13,60,88,64,54,42,33,36,31,7.0,0.3833334,1.0,0.225,0.688,0.032,3
1.25,1.675,1.1,1.125,0.95,0.9,0.95,0.85,0.4,0.15,0.95,3.45,4.35,1.875,2.575,0.725,8,13,9,6,4,2,2,0,17,18,22,17,10,12,14,9,58,88,66,53,31,34,35,24,7.0,0.3833334,1.0,0.225,0.687,0.032,3
1.65,1.825,2.05,4.575,5.3,2.775,3.525,1.575,0.075,2.025,6.975,3.175,1.325,1.65,0.85,0.225,10,10,9,11,7,11,7,6,21,22,22,20,16,18,16,15,84,107,117,222,224,168,197,68,7.0,0.3833334,1.0,0.228,0.691,0.034,3
1.725,3.85,9.025,7.75,6.625,4.425,4.375,1.8,-0.325,2.375,5.3,-2.75,-3.9,-1.775,-2.5,-0.75,11,17,15,16,11,17,15,9,21,26,27,24,22,26,17,15,97,229,556,424,344,309,261,84,7.0,0.3833334,1.0,0.247,0.723,0.048,3
1.4,6.225,14.325,5.0,2.725,2.65,1.875,1.05,0.125,-0.725,-4.0,-0.25,-0.475,-1.225,-0.325,0.075,11,27,21,20,9,13,13,6,17,27,29,27,21,24,13,11,80,400,946,284,140,178,100,47,7.0,0.3833334,1.0,0.284,0.796,0.087,3
1.525,5.5,10.325,4.75,2.25,1.425,1.55,1.125,0.3,-0.025,0.9,4.125,0.8,0.2,0.775,0.95,13,24,21,21,14,10,10,9,14,27,25,28,21,22,15,15,82,360,684,309,117,79,74,55,7.0,0.3833334,1.0,0.317,0.878,0.146,3
1.825,5.475,11.225,8.875,3.05,1.625,2.325,2.075,0.275,1.325,1.475,-0.475,-0.15,-0.175,-0.15,-0.075,14,18,22,18,14,11,13,10,16,25,25,26,16,15,17,15,99,295,735,556,139,86,115,97,7.0,0.3833334,1.0,0.329,0.941,0.198,3
2.1,6.8,12.7,8.4,2.9,1.45,2.175,2.0,0.225,2.375,-2.775,-0.575,-0.625,0.025,-0.325,-0.7,17,22,24,21,12,8,16,10,24,26,27,26,18,14,16,18,132,425,851,512,151,63,120,101,7.0,0.3833334,1.0,0.323,0.98,0.232,3
2.325,9.175,9.925,7.825,2.275,1.475,1.85,1.3,-0.475,-0.725,0.2,-0.65,-0.325,-0.05,-0.1,0.05,14,21,28,29,16,5,12,9,23,25,29,30,21,12,20,17,142,627,662,545,137,62,92,67,7.0,0.3833334,1.0,0.314,1.002,0.25,3
1.85,8.45,10.125,7.175,1.95,1.425,1.75,1.35,-0.175,-2.6,0.0,-0.65,-0.35,-0.025,0.075,-0.025,15,18,26,28,12,11,8,10,23,21,29,29,20,16,22,16,108,517,660,484,113,68,89,69,7.0,0.3833334,1.0,0.308,1.01,0.255,3
1.675,5.85,10.125,6.525,1.6,1.4,1.825,1.325,0.175,1.875,-1.375,-0.45,-0.25,-0.025,-0.225,0.025,20,19,21,20,8,15,14,9,23,18,23,20,17,26,20,19,107,364,650,352,87,76,103,71,7.0,0.3833334,1.0,0.306,1.013,0.254,3
1.85,7.725,8.75,6.075,1.35,1.375,1.6,1.35,-0.15,0.275,-0.95,-1.025,-0.225,-0.025,0.05,0.15,15,19,20,18,7,10,15,7,22,23,23,20,16,20,22,25,116,489,557,344,66,62,94,74,7.0,0.3833334,1.0,0.303,1.016,0.254,3
1.7,8.0,7.8,5.05,1.125,1.35,1.65,1.5,0.275,-1.0,-0.375,1.675,0.3,0.15,0.325,0.225,14,22,22,22,4,5,13,12,21,25,22,23,19,17,21,24,93,497,475,316,64,70,92,82,7.0,0.3833334,1.0,0.301,1.019,0.254,3
1.975,7.0,7.425,6.725,1.425,1.5,1.975,1.725,0.05,-1.0,1.025,0.725,0.025,-0.075,-0.175,-0.025,19,22,24,24,6,9,19,13,23,23,23,27,22,20,20,20,121,442,458,423,92,95,108,101,7.0,0.3833334,1.0,0.301,1.022,0.254,3
2.025,6.0,8.45,7.45,1.45,1.425,1.8,1.7,0.25,1.725,0.75,-1.175,-0.15,-0.125,-0.025,-0.1,14,16,23,21,8,8,15,13,23,21,25,31,25,22,23,23,125,331,559,473,90,90,85,102,7.0,0.3833334,1.0,0.3,1.023,0.255,3
2.275,7.725,9.2,6.275,1.3,1.3,1.775,1.6,0.45,3.275,-0.875,-1.4,-0.075,-0.075,-0.25,-0.1,17,16,23,20,6,6,16,14,24,24,28,26,19,20,21,22,138,466,574,359,70,72,93,95,7.0,0.3833334,1.0,0.3,1.023,0.255,3
2.725,11.0,8.325,4.875,1.225,1.225,1.525,1.5,-0.325,-2.025,0.525,1.0,0.1,0.05,0.025,-0.1,23,26,24,18,4,5,14,11,28,30,28,18,21,11,17,22,181,736,547,278,70,51,82,90,7.0,0.3833334,1.0,0.299,1.022,0.254,3
2.4,8.975,8.85,5.875,1.325,1.275,1.55,1.4,-0.225,-0.675,-0.15,1.075,0.225,0.225,0.175,0.1,16,25,24,20,13,9,11,7,25,28,24,24,25,16,20,21,152,632,588,379,81,58,80,77,7.0,0.3833334,1.0,0.299,1.02,0.254,3
2.175,8.3,8.7,6.95,1.55,1.5,1.725,1.5,-0.3,0.225,0.475,-0.15,-0.1,-0.025,-0.175,-0.275,16,24,22,23,17,20,18,13,22,28,26,32,22,22,26,24,144,586,586,474,93,93,109,93,7.0,0.3833334,1.0,0.298,1.02,0.254,3
1.875,8.525,9.175,6.8,1.45,1.475,1.55,1.225,-0.175,-1.1,0.175,0.325,-0.025,-0.15,-0.225,-0.025,16,27,23,20,9,21,16,10,19,29,28,28,18,22,23,21,117,590,602,420,77,94,100,83,7.0,0.3833334,1.0,0.299,1.02,0.254,3
1.7,7.425,9.35,7.125,1.425,1.325,1.325,1.2,0.175,-0.825,-2.2,-0.725,0.05,0.225,0.125,0.175,14,19,25,21,6,12,8,7,15,22,29,25,14,21,14,18,94,409,598,439,65,73,73,72,7.0,0.3833334,1.0,0.298,1.02,0.253,3
1.875,6.6,7.15,6.4,1.475,1.55,1.45,1.375,0.25,1.0,0.525,0.175,-0.025,0.05,0.55,0.1,15,17,19,17,7,12,10,10,14,26,24,21,13,27,20,19,95,365,415,401,68,92,85,68,7.0,0.3833334,1.0,0.298,1.019,0.253,3
2.125,7.6,7.675,6.575,1.45,1.6,2.0,1.475,-0.175,1.75,2.95,1.075,-0.025,-0.2,0.2,0.25,17,21,18,20,10,14,18,12,20,29,22,22,23,27,28,22,115,480,411,397,80,96,126,72,7.0,0.3833334,1.0,0.297,1.019,0.253,3
1.95,9.35,10.625,7.65,1.425,1.4,2.2,1.725,-0.375,-1.55,1.025,0.6,0.05,-0.025,-0.25,-0.075,12,21,24,22,9,14,19,13,19,29,25,28,23,21,27,20,106,604,677,488,79,74,141,84,7.0,0.3833334,1.0,0.296,1.019,0.253,3
1.575,7.8,11.65,8.25,1.475,1.375,1.95,1.65,0.325,-0.025,-2.725,-0.275,0.05,-0.05,-0.075,0.1,11,21,20,17,9,16,13,11,19,26,23,26,18,19,25,17,90,505,637,495,72,72,120,79,7.0,0.3833334,1.0,0.296,1.019,0.254,3
1.9,7.775,8.925,7.975,1.525,1.325,1.875,1.75,0.225,2.5,-3.05,-2.075,-0.1,0.0,-0.225,-0.075,15,21,16,22,12,10,15,13,20,23,20,26,20,19,23,19,106,435,447,461,76,73,109,87,7.0,0.3833334,1.0,0.295,1.019,0.254,3
2.125,10.275,5.875,5.9,1.425,1.325,1.65,1.675,-0.2,-0.675,-0.275,-0.375,-0.05,0.075,-0.075,-0.325,16,19,22,28,11,9,14,12,17,19,25,29,24,19,19,18,115,521,374,385,87,76,84,79,7.0,0.3833334,1.0,0.295,1.019,0.254,3
1.925,9.6,5.6,5.525,1.375,1.4,1.575,1.35,0.2,-2.675,1.475,-0.025,-0.075,-0.075,0.2,0.075,16,17,23,28,11,13,9,8,25,21,26,28,24,20,18,15,112,519,350,384,87,76,80,58,7.0,0.3833334,1.0,0.295,1.019,0.253,3
2.125,6.925,7.075,5.5,1.3,1.325,1.775,1.425,0.375,1.85,1.75,0.075,-0.025,-0.225,-0.275,0.0,12,17,17,24,9,7,11,8,21,22,26,26,16,18,18,20,100,410,420,356,62,64,92,75,7.0,0.3833334,1.0,0.295,1.02,0.253,3
2.5,8.775,8.825,5.575,1.275,1.1,1.5,1.425,0.125,-0.725,-1.425,-0.8,0.25,-0.075,0.075,-0.1,15,23,17,19,7,5,9,13,21,24,24,22,19,14,19,24,134,599,529,338,52,51,79,80,7.0,0.3833334,1.0,0.296,1.02,0.253,3
2.625,8.05,7.4,4.775,1.525,1.025,1.575,1.325,0.025,-0.75,-0.25,-1.025,0.175,0.1,0.275,0.025,14,19,20,14,10,4,12,12,25,26,23,20,26,16,23,18,144,539,484,289,73,55,93,72,7.0,0.3833334,1.0,0.296,1.019,0.253,3
2.65,7.3,7.15,3.75,1.7,1.125,1.85,1.35,-0.275,2.4,0.5,1.575,0.5,0.175,-0.25,0.225,12,15,21,14,10,5,14,10,26,24,24,20,23,16,17,18,139,423,460,229,90,66,101,83,7.0,0.3833334,1.0,0.295,1.019,0.254,3
2.375,9.7,7.65,5.325,2.2,1.3,1.6,1.575,-0.175,0.425,-1.675,0.925,0.0,0.1,0.075,0.2,19,21,16,16,15,12,13,16,26,26,26,19,20,18,18,21,147,626,446,308,117,69,87,91,7.0,0.3833334,1.0,0.295,1.02,0.255,3
2.2,10.125,5.975,6.25,2.2,1.4,1.675,1.775,0.05,-1.85,-0.525,-1.175,-0.6,0.0,0.1,-0.2,20,25,18,19,13,12,14,17,26,29,27,22,23,21,26,22,143,690,361,344,121,70,100,98,7.0,0.3833334,1.0,0.295,1.019,0.255,3
2.25,8.275,5.45,5.075,1.6,1.4,1.775,1.575,0.125,-0.75,0.075,-0.525,-0.175,0.0,0.025,-0.175,18,22,20,18,10,12,19,13,26,22,24,23,22,17,26,23,141,490,359,281,88,69,110,84,7.0,0.3833334,1.0,0.296,1.018,0.254,3
2.375,7.525,5.525,4.55,1.425,1.4,1.8,1.4,0.0,0.65,1.875,1.275,0.075,-0.1,-0.2,0.075,15,20,18,17,12,11,19,12,24,22,22,25,18,22,20,22,139,421,323,246,74,78,103,80,7.0,0.3833334,1.0,0.296,1.017,0.254,3
2.375,8.175,7.4,5.825,1.5,1.3,1.6,1.475,-0.15,0.45,1.8,1.025,-0.025,-0.025,-0.125,-0.05,13,22,16,19,8,11,13,17,20,27,22,27,18,22,18,25,132,474,412,316,83,69,86,91,7.0,0.3833334,1.0,0.296,1.016,0.254,3
2.225,8.625,9.2,6.85,1.475,1.275,1.475,1.425,-0.275,1.725,0.6,-0.2,0.125,0.25,0.4,0.125,12,22,16,18,7,12,10,15,20,25,24,25,21,21,24,22,117,441,498,347,85,69,94,84,7.0,0.3833334,1.0,0.296,1.016,0.254,3
1.95,10.35,9.8,6.65,1.6,1.525,1.875,1.55,0.25,-1.075,0.2,-0.5,0.025,0.2,0.325,0.15,13,29,17,16,13,12,13,11,26,27,22,22,26,22,24,20,124,636,522,375,98,83,117,85,7.0,0.3833334,1.0,0.297,1.015,0.254,3
2.2,9.275,10.0,6.15,1.625,1.725,2.2,1.7,0.1,-2.0,-1.875,0.125,-0.15,-0.1,0.025,-0.225,13,27,17,18,12,13,13,9,24,27,22,23,23,21,21,21,154,610,535,378,96,90,120,89,7.0,0.3833334,1.0,0.296,1.015,0.254,3
2.3,7.275,8.125,6.275,1.475,1.625,2.225,1.475,-0.325,0.425,-1.225,0.625,0.15,0.075,-0.075,0.15,13,23,17,18,8,9,13,10,23,27,22,22,19,18,25,20,149,441,460,348,83,77,123,87,7.0,0.3833334,1.0,0.296,1.015,0.255,3
1.975,7.7,6.9,6.9,1.625,1.7,2.15,1.625,-0.15,-0.1,-0.175,-1.45,-0.15,-0.05,-0.175,0.075,13,20,15,14,8,9,12,9,21,25,23,22,17,18,22,25,100,451,408,345,85,87,123,96,7.0,0.3833334,1.0,0.295,1.016,0.255,3
1.825,7.6,6.725,5.45,1.475,1.65,1.975,1.7,-0.475,-2.375,-2.025,-2.525,-0.325,-0.375,-0.675,-0.35,12,18,19,15,6,11,10,9,19,25,28,24,14,16,20,22,96,452,427,326,73,82,106,91,7.0,0.3833334,1.0,0.295,1.017,0.255,3
1.35,5.225,4.7,2.925,1.15,1.275,1.3,1.35,-0.225,-2.2,-2.2,-1.35,-0.05,-0.15,-0.4,-0.2,10,24,18,9,5,8,9,11,16,28,27,21,14,15,22,14,77,349,300,184,52,54,66,58,7.0,0.3833334,1.0,0.265,0.888,0.166,3
1.125,3.025,2.5,1.575,1.1,1.125,0.9,1.15,0.075,-0.9,-0.95,-0.575,-0.1,-0.025,-0.1,-0.175,12,19,14,1,6,4,3,7,13,25,22,17,11,19,16,11,55,178,125,83,40,48,37,37,7.0,0.3833334,1.0,0.229,0.727,0.054,3
1.2,2.125,1.55,1.0,1.0,1.1,0.8,0.975,-0.025,-0.2,-0.15,0.05,-0.1,0.05,0.0,-0.2,10,15,10,3,7,1,0,1,13,22,24,17,18,19,13,11,52,115,88,45,46,42,35,36,7.0,0.3833334,1.0,0.222,0.694,0.032,3
1.175,1.925,1.4,1.05,0.9,1.15,0.8,0.775,0.325,-0.2,0.9,4.025,4.4,3.25,1.375,0.275,9,15,8,6,5,6,2,3,16,22,22,16,24,20,14,14,64,112,73,48,49,46,37,36,7.0,0.3833334,1.0,0.222,0.694,0.032,3
1.5,1.725,2.3,5.075,5.3,4.4,2.175,1.05,0.15,1.55,6.775,6.275,4.125,4.225,1.125,0.4,11,10,13,11,7,13,9,4,18,21,22,16,23,21,15,14,77,103,122,287,250,223,106,56,7.0,0.3833334,1.0,0.223,0.695,0.033,3
1.65,3.275,9.075,11.35,9.425,8.625,3.3,1.45,-0.175,0.8,6.55,-1.75,-3.075,-2.875,-0.875,-0.2,12,16,20,13,16,19,14,3,19,23,23,18,21,22,21,17,91,219,531,523,499,528,194,78,7.0,0.3833334,1.0,0.23,0.701,0.037,3
1.475,4.075,15.625,9.6,6.35,5.75,2.425,1.25,-0.4,0.15,-1.375,-5.175,-3.875,-4.375,-1.075,-0.175,14,19,24,17,18,21,14,4,27,24,25,20,21,25,30,18,99,265,960,448,367,356,147,59,7.0,0.3833334,1.0,0.245,0.722,0.047,3
1.075,4.225,14.25,4.425,2.475,1.375,1.35,1.075,0.075,0.625,-3.25,2.35,-0.55,0.2,0.275,0.075,9,14,24,20,12,13,8,3,18,22,29,22,21,19,24,13,65,270,936,273,135,74,79,44,7.0,0.3833334,1.0,0.268,0.764,0.07,3
1.15,4.85,11.0,6.775,1.925,1.575,1.625,1.15,1.6,2.25,0.2,3.575,1.675,1.2,0.85,0.375,5,16,18,16,15,13,7,5,13,21,28,19,26,19,15,17,52,287,632,322,113,92,72,50,7.0,0.3833334,1.0,0.298,0.831,0.112,3
2.75,7.1,11.2,10.35,3.6,2.775,2.475,1.525,1.75,2.625,-0.375,-2.0,-0.1,-0.15,-0.2,-0.15,14,19,17,14,20,17,15,12,20,23,27,18,28,25,23,22,162,413,616,525,225,171,134,81,7.0,0.3833334,1.0,0.322,0.905,0.164,3
4.5,9.725,10.825,8.35,3.5,2.625,2.275,1.375,0.375,-0.875,-2.325,-3.475,-1.525,-0.95,-0.225,-0.05,22,19,22,17,20,17,20,10,23,24,26,23,27,22,22,20,295,538,665,476,206,153,136,78,7.0,0.3833334,1.0,0.331,0.963,0.201,3
4.875,8.85,8.5,4.875,1.975,1.675,2.05,1.325,-1.125,-1.3,0.275,-0.15,-0.225,-0.25,-0.05,0.325,21,24,23,19,14,13,18,6,25,25,25,32,23,20,21,20,291,509,485,326,106,86,104,67,7.0,0.3833334,1.0,0.327,0.996,0.218,3
3.75,7.55,8.775,4.725,1.75,1.425,2.0,1.65,-0.9,-0.5,-1.275,0.525,-0.1,0.15,-0.225,-0.075,20,28,24,16,9,10,14,11,21,27,27,26,21,21,21,17,230,510,540,283,97,69,113,84,7.0,0.3833334,1.0,0.322,1.008,0.224,3
2.85,7.05,7.5,5.25,1.65,1.575,1.775,1.575,-0.25,-0.25,-1.825,-0.8,-0.25,-0.125,-0.275,-0.025,21,29,23,18,8,15,13,9,20,27,30,22,20,16,19,12,175,473,455,311,90,70,103,78,7.0,0.3833334,1.0,0.32,1.014,0.225,3
2.6,6.8,5.675,4.45,1.4,1.45,1.5,1.55,-0.775,-0.175,1.65,0.375,-0.025,-0.35,-0.175,-0.1,18,28,24,22,7,12,12,9,23,31,27,26,13,17,16,13,155,472,369,286,65,70,77,79,7.0,0.3833334,1.0,0.318,1.016,0.225,3
1.825,6.625,7.325,4.825,1.375,1.1,1.325,1.45,-0.2,-0.15,0.675,0.75,0.225,0.125,0.55,-0.025,13,24,27,21,11,8,11,10,21,29,25,25,17,26,20,16,99,453,469,311,70,68,80,79,7.0,0.3833334,1.0,0.317,1.017,0.225,3
1.625,6.475,8.0,5.575,1.6,1.225,1.875,1.425,0.4,0.05,-0.2,0.2,-0.075,0.3,0.3,0.1,14,19,25,17,12,10,16,13,23,28,27,24,21,21,22,22,93,376,500,345,88,65,112,94,7.0,0.3833334,1.0,0.317,1.018,0.225,3
2.025,6.525,7.8,5.775,1.525,1.525,2.175,1.525,-0.175,1.2,-0.8,0.2,-0.175,-0.05,-0.5,-0.1,18,16,23,18,6,9,16,12,27,30,28,26,18,21,19,22,127,385,526,399,77,79,113,87,7.0,0.3833334,1.0,0.317,1.019,0.224,3
1.85,7.725,7.0,5.975,1.35,1.475,1.675,1.425,0.325,0.85,1.725,0.65,0.225,-0.15,-0.175,0.15,17,20,20,20,7,9,13,6,26,29,22,23,15,26,22,18,116,467,422,344,65,92,83,74,7.0,0.3833334,1.0,0.317,1.019,0.224,3
2.175,8.575,8.725,6.625,1.575,1.325,1.5,1.575,0.6,-0.925,0.85,0.5,0.05,0.025,0.675,0.175,14,27,19,20,13,9,13,12,27,30,25,25,17,23,25,19,131,544,543,376,79,82,101,93,7.0,0.3833334,1.0,0.317,1.019,0.223,3
2.775,7.65,9.575,7.125,1.625,1.35,2.175,1.75,-0.325,-0.175,-0.725,-0.475,0.15,-0.075,0.025,-0.05,15,24,21,20,9,7,15,17,23,29,24,26,13,17,24,22,156,528,614,417,72,70,131,92,7.0,0.3833334,1.0,0.316,1.019,0.223,3
2.45,7.475,8.85,6.65,1.775,1.275,2.2,1.7,-0.4,-0.225,0.05,-0.95,0.05,0.1,-0.55,-0.025,15,17,23,19,12,6,19,13,17,24,25,28,16,20,24,22,134,456,565,362,90,67,126,90,7.0,0.3833334,1.0,0.316,1.019,0.222,3
2.05,7.25,8.9,5.7,1.825,1.375,1.65,1.675,0.125,-1.025,-1.45,-0.65,-0.3,0.0,-0.075,0.0,15,19,20,19,14,11,18,13,25,25,23,27,18,24,22,23,127,398,528,325,87,76,99,100,7.0,0.3833334,1.0,0.315,1.019,0.222,3
2.175,6.225,7.45,5.05,1.525,1.375,1.575,1.675,0.0,2.025,1.2,0.025,0.075,-0.025,0.025,-0.05,18,21,19,17,12,13,14,17,24,26,22,22,16,22,24,23,134,354,430,283,66,75,101,100,7.0,0.3833334,1.0,0.314,1.019,0.222,3
2.175,8.25,8.65,5.075,1.6,1.35,1.6,1.625,-0.2,0.5,0.8,0.375,-0.125,-0.075,-0.175,-0.275,17,20,22,17,11,8,11,16,23,27,25,21,18,19,21,25,131,511,573,275,74,71,96,94,7.0,0.3833334,1.0,0.313,1.018,0.222,3
1.975,8.75,9.45,5.45,1.475,1.275,1.425,1.35,-0.075,-1.675,-2.15,0.075,0.025,-0.025,0.125,-0.05,16,22,23,17,8,10,7,12,23,26,25,18,16,18,18,20,111,548,620,270,73,74,79,63,7.0,0.3833334,1.0,0.311,1.019,0.223,3
1.9,7.075,7.3,5.525,1.5,1.25,1.55,1.3,0.05,1.55,0.55,1.45,0.225,0.35,0.175,0.1,16,21,20,18,7,11,16,12,24,27,27,22,21,21,21,25,103,421,485,297,85,74,96,75,7.0,0.3833334,1.0,0.31,1.019,0.224,3
1.95,8.625,7.85,6.975,1.725,1.6,1.725,1.4,0.125,0.45,-0.225,-0.225,-0.275,-0.175,-0.1,0.025,10,21,21,22,12,11,16,9,22,26,30,29,29,23,22,22,109,544,505,440,102,85,105,80,7.0,0.3833334,1.0,0.308,1.019,0.225,3
2.075,9.075,7.625,6.75,1.45,1.425,1.625,1.425,-0.125,-1.95,-0.55,-1.45,-0.025,-0.2,-0.1,0.05,11,23,21,23,9,10,11,7,22,23,28,30,19,22,23,20,121,596,505,472,78,76,99,82,7.0,0.3833334,1.0,0.307,1.019,0.225,3
1.95,7.125,7.075,5.3,1.425,1.225,1.525,1.475,0.25,-1.125,0.575,-0.375,0.025,0.125,-0.075,0.075,12,18,22,20,6,10,12,10,23,23,25,23,16,19,22,22,115,440,451,321,75,66,82,84,7.0,0.3833334,1.0,0.307,1.02,0.225,3
2.2,6.0,7.65,4.925,1.45,1.35,1.45,1.55,0.0,0.8,-0.3,0.225,-0.2,-0.075,-0.025,-0.075,12,20,26,22,6,10,8,13,19,23,23,22,20,18,22,19,123,369,492,286,72,70,81,78,7.0,0.3833334,1.0,0.307,1.02,0.225,3
2.2,6.8,7.35,5.15,1.25,1.275,1.425,1.475,-0.25,-0.05,0.775,1.35,0.0,0.0,-0.075,-0.025,12,25,24,24,5,10,15,12,20,28,23,27,21,24,24,23,131,456,452,342,57,71,91,77,7.0,0.3833334,1.0,0.307,1.02,0.224,3
1.95,6.75,8.125,6.5,1.25,1.275,1.35,1.45,-0.05,0.425,0.025,-0.05,0.05,0.225,0.15,0.1,11,23,23,22,7,12,14,11,21,28,23,26,24,24,21,23,125,444,475,404,67,73,84,86,7.0,0.3833334,1.0,0.307,1.02,0.224,3
1.9,7.175,8.15,6.45,1.3,1.5,1.5,1.55,-0.225,1.5,-0.8,-1.025,0.075,-0.1,0.075,0.075,12,23,20,21,10,11,9,9,24,27,22,23,22,17,18,19,119,487,496,383,66,67,90,85,7.0,0.3833334,1.0,0.308,1.018,0.224,3
1.675,8.675,7.35,5.425,1.375,1.4,1.575,1.625,0.45,-0.875,-0.575,-0.15,0.15,-0.175,0.0,0.175,13,22,14,18,12,8,9,14,24,26,21,22,14,14,16,16,108,580,421,332,56,51,84,80,7.0,0.3833334,1.0,0.308,1.017,0.225,3
2.125,7.8,6.775,5.275,1.525,1.225,1.575,1.8,0.275,-0.025,0.45,0.125,0.0,0.2,0.1,-0.15,16,20,18,18,12,7,15,19,20,22,21,28,13,16,13,19,128,516,349,325,72,53,81,103,7.0,0.3833334,1.0,0.309,1.015,0.225,3
2.4,7.775,7.225,5.4,1.525,1.425,1.675,1.65,-0.3,-0.225,-0.025,0.15,-0.2,0.05,0.05,-0.225,18,20,21,23,9,11,14,12,28,25,22,29,16,15,18,16,152,543,412,367,71,73,88,88,7.0,0.3833334,1.0,0.309,1.015,0.225,3
2.1,7.55,7.2,5.55,1.325,1.475,1.725,1.425,0.15,1.3,1.35,1.075,-0.125,-0.25,-0.175,-0.075,18,21,17,16,6,12,13,12,26,30,24,23,15,13,24,16,129,558,423,308,58,68,94,69,7.0,0.3833334,1.0,0.309,1.015,0.225,3
2.25,8.85,8.55,6.625,1.2,1.225,1.55,1.35,0.025,0.175,0.6,0.825,0.075,0.075,-0.025,0.075,18,19,15,13,5,5,11,13,23,25,22,20,16,13,21,22,126,514,439,329,61,50,84,64,7.0,0.3833334,1.0,0.309,1.016,0.224,3
2.275,9.025,9.15,7.45,1.275,1.3,1.525,1.425,-0.125,-1.525,-1.7,-1.175,0.2,0.1,0.15,0.225,12,15,17,21,6,6,11,13,22,20,24,25,18,18,17,23,132,514,507,435,65,61,87,73,7.0,0.3833334,1.0,0.309,1.016,0.224,3
2.15,7.5,7.45,6.275,1.475,1.4,1.675,1.65,0.2,-0.175,-0.65,-1.325,-0.025,-0.075,0.15,0.15,10,18,15,20,7,11,13,10,24,21,25,25,19,22,19,20,120,468,426,390,62,71,91,85,7.0,0.3833334,1.0,0.308,1.015,0.224,3
2.35,7.325,6.8,4.95,1.45,1.325,1.825,1.8,-0.225,-0.225,0.675,-0.175,-0.025,0.025,0.975,0.125,17,21,20,16,10,11,14,13,30,25,27,25,20,21,23,22,143,442,400,283,65,76,102,102,7.0,0.3833334,1.0,0.307,1.015,0.225,3
2.125,7.1,7.475,4.775,1.425,1.35,2.8,1.925,-0.275,-0.675,0.225,-0.25,0.05,-0.1,-0.025,-0.15,20,20,20,16,14,8,15,22,27,24,28,22,20,20,25,27,140,376,461,264,79,77,181,121,7.0,0.3833334,1.0,0.306,1.016,0.226,3
1.85,6.425,7.7,4.525,1.475,1.25,2.775,1.775,0.175,-0.675,-0.125,1.1,0.0,0.025,-0.95,-0.2,14,18,20,16,13,6,12,18,24,24,26,21,24,22,21,18,124,353,488,253,85,72,176,95,7.0,0.3833334,1.0,0.305,1.016,0.227,3
2.025,5.75,7.575,5.625,1.475,1.275,1.825,1.575,-0.075,0.025,0.025,0.125,0.025,0.2,-0.05,0.0,16,17,24,20,9,7,10,13,25,26,27,23,25,22,17,16,145,355,484,327,82,65,86,80,7.0,0.3833334,1.0,0.304,1.016,0.227,3
1.95,5.775,7.6,5.75,1.5,1.475,1.775,1.575,0.25,1.6,-0.8,-0.9,-0.15,-0.1,-0.125,0.15,12,20,19,19,11,11,11,10,19,26,21,23,20,21,16,17,124,344,446,354,74,76,78,81,7.0,0.3833334,1.0,0.303,1.017,0.228,3
2.2,7.375,6.8,4.85,1.35,1.375,1.65,1.725,0.2,1.425,1.425,1.4,0.1,-0.125,-0.125,-0.025,11,19,17,18,8,11,7,11,17,22,22,21,18,20,12,17,126,427,434,297,70,75,74,88,7.0,0.3833334,1.0,0.303,1.017,0.228,3
2.4,8.8,8.225,6.25,1.45,1.25,1.525,1.7,-0.675,-1.175,0.625,0.4,0.1,0.05,0.275,-0.15,14,18,19,23,12,9,9,14,20,22,27,21,23,18,14,22,134,543,562,383,93,63,77,92,7.0,0.3833334,1.0,0.302,1.017,0.229,3
1.725,7.625,8.85,6.65,1.55,1.3,1.8,1.55,0.45,0.975,-2.0,-1.575,0.025,0.15,-0.05,-0.025,8,20,20,22,14,8,14,15,14,23,27,23,21,14,23,19,86,451,580,410,89,63,111,88,7.0,0.3833334,1.0,0.303,1.016,0.229,3
2.175,8.6,6.85,5.075,1.575,1.45,1.75,1.525,0.825,0.125,0.2,-0.275,0.0,0.125,0.3,0.3,11,21,17,21,12,13,10,15,17,26,26,24,25,19,25,17,126,515,377,309,94,79,99,84,7.0,0.3833334,1.0,0.303,1.016,0.229,3
3.0,8.725,7.05,4.8,1.575,1.575,2.05,1.825,-0.25,-0.8,0.4,0.3,-0.35,0.0,0.2,0.1,22,23,18,22,11,14,10,15,27,27,27,25,23,20,23,19,189,541,430,322,96,86,105,90,7.0,0.3833334,1.0,0.303,1.016,0.229,3
2.75,7.925,7.45,5.1,1.225,1.575,2.25,1.925,-0.475,-0.4,-1.075,-0.175,0.15,0.125,0.375,0.0,16,22,23,22,10,12,16,16,23,23,26,23,20,18,21,23,164,482,502,312,76,86,125,108,7.0,0.3833334,1.0,0.303,1.016,0.228,3
2.275,7.525,6.375,4.925,1.375,1.7,2.625,1.925,-0.325,-1.1,0.125,0.15,0.15,-0.15,0.2,-0.1,14,18,26,22,10,14,19,13,24,23,26,23,21,24,22,24,143,449,399,266,74,98,150,123,7.0,0.3833334,1.0,0.302,1.016,0.229,3
1.95,6.425,6.5,5.075,1.525,1.55,2.825,1.825,0.15,0.125,1.275,0.175,-0.325,-0.175,-0.55,-0.275,14,19,24,17,9,13,19,9,26,25,29,20,17,19,24,24,121,365,397,293,74,82,167,110,7.0,0.3833334,1.0,0.302,1.016,0.229,3
2.1,6.55,7.775,5.25,1.2,1.375,2.275,1.55,0.225,0.2,-0.225,-0.175,0.425,0.175,-0.15,0.05,14,25,25,16,4,10,21,9,24,27,30,21,12,13,26,23,128,415,501,284,59,59,138,88,7.0,0.3833334,1.0,0.301,1.016,0.231,3
2.325,6.75,7.55,5.075,1.625,1.55,2.125,1.6,0.075,0.175,-0.075,0.325,0.25,-0.125,-0.225,-0.2,18,23,18,19,10,10,15,7,24,26,23,21,16,17,22,20,141,423,460,255,73,65,134,80,7.0,0.3833334,1.0,0.3,1.016,0.232,3
2.4,6.925,7.475,5.4,1.875,1.425,1.9,1.4,-0.325,-0.8,0.375,-0.025,-0.225,-0.15,-0.025,0.125,18,24,15,20,16,9,9,8,24,27,22,25,20,17,24,21,155,447,454,341,99,58,116,72,7.0,0.3833334,1.0,0.3,1.016,0.233,3
1.1,1.925,2.2,1.7,1.125,0.9,1.075,0.825,0.1,0.35,-0.25,-0.325,-0.075,-0.075,-0.15,0.2,8,18,15,9,7,2,2,4,16,26,24,22,12,13,8,10,58,122,149,109,44,40,28,29,8.0,0.3833334,1.383333,0.215,0.696,0.036,3
1.2,2.275,1.95,1.375,1.05,0.825,0.925,1.025,0.0,-0.15,-0.25,0.125,0.0,0.1,-0.175,-0.175,5,20,17,9,9,3,1,8,13,25,25,18,18,16,15,15,62,142,129,88,53,44,37,41,8.0,0.3833334,1.383333,0.215,0.696,0.036,3
1.2,2.125,1.7,1.5,1.05,0.925,0.75,0.85,-0.2,-0.575,-0.225,0.125,0.1,0.075,0.025,-0.125,7,17,13,8,8,6,5,5,13,23,16,13,21,18,16,11,63,139,88,80,56,45,39,35,8.0,0.3833334,1.383333,0.216,0.695,0.035,3
1.0,1.55,1.475,1.625,1.15,1.0,0.775,0.725,0.025,-0.025,0.125,-0.125,0.05,0.125,0.1,0.05,9,12,7,7,7,8,4,3,15,20,17,16,21,19,18,7,53,94,71,76,57,44,39,29,8.0,0.3833334,1.383333,0.216,0.694,0.035,3
1.025,1.525,1.6,1.5,1.2,1.125,0.875,0.775,0.325,0.3,0.025,0.15,0.05,0.1,0.075,0.15,7,13,9,8,7,7,3,5,19,25,19,18,20,16,16,11,50,94,81,82,56,50,34,34,8.0,0.3833334,1.383333,0.217,0.694,0.035,3
1.35,1.825,1.625,1.65,1.25,1.225,0.95,0.925,0.0,0.175,0.0,0.25,0.3,-0.075,0.05,0.025,12,11,12,9,5,4,6,7,21,26,20,18,20,13,14,15,67,117,79,83,55,47,40,45,8.0,0.3833334,1.383333,0.217,0.695,0.035,3
1.35,2.0,1.625,1.9,1.55,1.15,1.0,0.95,0.05,0.0,0.6,3.3,3.475,2.675,1.1,0.325,16,10,13,11,6,7,4,7,23,20,23,21,18,14,18,16,75,115,89,90,65,44,45,49,8.0,0.3833334,1.383333,0.217,0.697,0.035,3
1.4,2.0,2.225,5.2,5.025,3.825,2.1,1.275,0.225,-0.525,0.775,3.2,3.125,1.175,0.5,0.35,11,13,14,13,10,17,6,5,23,20,21,17,19,21,22,18,74,96,114,202,203,198,110,56,8.0,0.3833334,1.383333,0.219,0.7,0.037,3
1.625,1.475,3.0,8.4,8.15,5.0,2.6,1.625,-0.15,0.675,3.0,1.35,-1.95,-2.025,-1.175,-0.3,8,8,14,13,15,16,13,8,19,21,19,19,21,21,19,17,74,68,160,388,365,259,131,69,8.0,0.3833334,1.383333,0.226,0.71,0.041,3
1.475,2.15,6.0,9.75,6.2,2.975,1.425,1.325,0.175,2.75,5.9,-0.1,-2.575,-1.05,-0.6,-0.35,9,11,18,16,16,11,7,8,18,19,27,24,18,22,16,14,73,116,320,569,290,154,68,60,8.0,0.3833334,1.383333,0.24,0.739,0.049,3
1.65,4.9,11.9,9.65,3.625,1.925,0.825,0.975,0.275,3.25,5.925,-1.625,-0.825,-0.675,0.125,-0.075,12,15,23,20,14,12,0,3,17,22,33,23,18,22,12,13,87,258,711,568,186,107,41,41,8.0,0.3833334,1.383333,0.259,0.798,0.071,3
1.925,8.15,17.825,8.025,2.8,1.25,0.95,0.9,0.325,0.575,-0.375,0.425,-0.5,0.125,0.15,0.225,15,16,24,22,15,12,3,2,22,26,29,22,21,21,14,13,108,469,1037,459,152,62,43,47,8.0,0.3833334,1.383333,0.28,0.894,0.112,3
2.25,8.725,17.45,8.45,2.3,1.375,1.1,1.125,1.8,0.65,-0.225,-0.475,-0.275,0.65,0.825,0.75,21,18,22,27,16,10,4,5,27,25,25,28,21,20,17,18,147,561,924,536,131,65,52,65,8.0,0.3833334,1.383333,0.278,1.06,0.173,3
4.05,9.375,17.225,7.975,2.025,2.025,1.925,1.875,4.475,3.9,-1.35,0.425,0.15,-0.175,0.575,0.225,26,23,23,27,15,10,6,9,26,28,25,31,21,24,16,16,252,646,991,545,120,107,92,99,8.0,0.3833334,1.383333,0.257,1.187,0.214,3
8.525,13.275,15.875,8.4,2.175,1.85,2.5,2.1,0.725,0.625,-5.775,-0.05,-0.25,-0.25,-0.275,0.1,23,22,23,25,16,10,12,12,24,29,26,26,23,20,20,18,547,847,958,500,126,107,139,129,8.0,0.3833334,1.383333,0.243,1.215,0.219,3
9.25,13.9,10.1,8.35,1.925,1.6,2.225,2.2,-2.45,-2.2,0.65,-1.45,0.025,0.025,0.05,0.0,22,19,21,21,16,10,11,13,24,25,24,21,25,19,20,20,581,885,625,463,108,91,127,137,8.0,0.3833334,1.383333,0.236,1.224,0.22,3
6.8,11.7,10.75,6.9,1.95,1.625,2.275,2.2,-0.75,0.1,2.175,-0.2,-0.15,-0.175,0.025,-0.3,29,23,21,20,14,11,15,13,30,27,26,22,22,20,21,23,477,807,684,376,102,92,130,132,8.0,0.3833334,1.383333,0.233,1.227,0.221,3
6.05,11.8,12.925,6.7,1.8,1.45,2.3,1.9,-0.85,-1.55,-0.425,-0.175,-0.275,-0.025,-0.5,-0.075,22,24,22,18,6,11,20,12,30,29,27,22,14,14,22,17,403,809,866,373,79,75,139,105,8.0,0.3833334,1.383333,0.232,1.228,0.222,3
5.2,10.25,12.5,6.525,1.525,1.425,1.8,1.825,-0.55,-2.175,-0.7,-0.55,0.325,0.1,-0.075,-0.05,22,22,21,21,6,9,14,13,28,26,23,24,18,18,21,19,322,637,755,423,70,71,103,100,8.0,0.3833334,1.383333,0.232,1.229,0.223,3
4.65,8.075,11.8,5.975,1.85,1.525,1.725,1.775,0.3,-0.175,0.0,-0.45,0.025,0.0,0.175,0.125,27,21,21,18,10,6,13,12,29,25,25,26,23,25,22,27,290,468,699,357,100,85,101,114,8.0,0.3833334,1.383333,0.234,1.228,0.226,3
4.95,7.9,11.8,5.525,1.875,1.525,1.9,1.9,1.7,0.475,-0.875,0.575,-0.325,-0.025,0.075,0.325,23,18,20,14,14,9,14,11,26,26,27,18,20,26,21,25,307,419,648,257,98,81,103,116,8.0,0.3833334,1.383333,0.236,1.227,0.228,3
6.65,8.375,10.925,6.1,1.55,1.5,1.975,2.225,-0.425,0.2,-1.625,0.475,-0.125,0.075,0.025,-0.125,23,21,14,15,14,18,14,11,23,28,26,17,23,24,20,24,412,492,520,289,75,85,105,143,8.0,0.3833334,1.383333,0.237,1.227,0.228,3
6.225,8.575,9.3,6.575,1.425,1.575,2.0,2.1,-1.25,-0.275,-0.825,-1.225,-0.15,-0.225,-0.375,-0.475,20,23,12,16,11,17,13,14,21,27,23,23,24,21,21,23,392,546,459,362,80,89,113,131,8.0,0.3833334,1.383333,0.238,1.227,0.227,3
4.975,8.3,8.475,5.35,1.275,1.35,1.625,1.625,-0.825,0.525,-0.65,-0.85,0.25,-0.1,-0.025,0.075,16,21,12,18,7,9,6,14,23,24,22,28,20,19,21,21,342,490,452,293,64,70,81,85,8.0,0.3833334,1.383333,0.239,1.228,0.226,3
4.15,8.825,7.825,4.5,1.525,1.25,1.6,1.7,0.575,0.7,0.775,0.55,-0.05,-0.05,0.125,0.4,17,22,16,25,8,6,9,15,26,24,27,28,18,17,21,15,285,545,492,296,75,63,78,85,8.0,0.3833334,1.383333,0.239,1.227,0.225,3
4.725,9.525,8.6,5.05,1.475,1.2,1.725,2.1,2.125,-0.325,-0.05,1.425,0.025,-0.05,0.175,0.05,18,21,19,23,9,4,12,18,25,23,28,24,19,20,20,19,276,595,495,317,86,56,97,126,8.0,0.3833334,1.383333,0.24,1.226,0.225,3
6.85,9.2,8.55,6.475,1.5,1.15,1.9,2.15,0.025,-0.3,0.35,0.375,0.35,0.25,0.225,-0.075,20,21,19,17,12,5,14,15,27,22,25,26,20,24,20,22,457,587,469,363,89,63,108,130,8.0,0.3833334,1.383333,0.239,1.224,0.225,3
6.875,8.9,8.9,6.85,1.85,1.4,2.125,2.075,-0.125,0.05,1.45,-1.3,0.075,0.1,-0.125,0.175,22,21,19,19,12,6,16,17,30,24,21,25,20,21,19,23,468,544,514,397,97,71,111,120,8.0,0.3833334,1.383333,0.239,1.223,0.225,3
6.75,8.95,10.35,5.55,1.925,1.5,2.0,2.25,-0.575,-0.775,-0.9,0.075,0.125,-0.05,-0.05,-0.25,20,20,24,20,10,9,14,21,27,26,25,25,16,19,21,23,441,526,670,359,89,74,110,140,8.0,0.3833334,1.383333,0.24,1.223,0.225,3
6.175,8.175,9.45,5.625,2.05,1.45,1.95,2.0,-0.85,-0.425,-1.325,-0.35,-0.125,0.225,-0.1,-0.35,22,22,28,16,17,10,14,12,27,27,27,23,22,16,23,24,391,482,605,319,105,75,110,122,8.0,0.3833334,1.383333,0.24,1.224,0.224,3
5.325,7.75,8.125,5.275,1.925,1.675,1.85,1.65,0.4,0.85,1.9,0.475,-0.1,0.125,-0.05,0.025,20,21,22,15,21,15,14,10,28,30,27,24,29,21,23,24,339,445,518,297,119,99,109,96,8.0,0.3833334,1.383333,0.24,1.224,0.224,3
5.725,8.6,10.025,5.75,1.825,1.8,1.8,1.675,-0.325,0.075,-0.125,0.75,0.35,-0.15,-0.075,-0.2,18,22,23,20,17,15,12,14,24,29,28,28,28,18,18,22,367,508,658,355,107,98,89,95,8.0,0.3833334,1.383333,0.241,1.225,0.223,3
5.4,8.675,9.9,6.5,2.175,1.65,1.725,1.475,-0.425,-0.4,-1.95,-1.0,-0.275,-0.25,-0.15,-0.075,19,22,25,19,16,11,15,13,23,24,23,22,26,13,18,19,340,538,631,362,121,81,93,80,8.0,0.3833334,1.383333,0.241,1.225,0.222,3
4.975,8.275,7.95,5.5,1.9,1.4,1.575,1.4,0.5,-0.275,-0.925,-0.65,-0.325,0.35,0.375,0.375,16,21,20,20,19,11,16,15,22,22,25,23,22,16,24,18,325,498,461,302,111,75,102,76,8.0,0.3833334,1.383333,0.242,1.225,0.222,3
5.475,8.0,7.025,4.85,1.575,1.75,1.95,1.775,-0.9,2.425,1.4,0.25,-0.075,0.2,0.65,0.175,15,20,17,24,14,14,17,11,21,25,25,26,18,18,26,16,329,470,404,300,83,86,120,90,8.0,0.3833334,1.383333,0.242,1.224,0.222,3
4.575,10.425,8.425,5.1,1.5,1.95,2.6,1.95,-0.525,0.5,1.475,-0.025,-0.125,-0.35,0.025,0.35,17,25,21,20,8,12,18,12,25,28,25,23,16,16,20,16,270,706,567,300,74,90,137,96,8.0,0.3833334,1.383333,0.242,1.224,0.223,3
4.05,10.925,9.9,5.075,1.375,1.6,2.625,2.3,0.55,-2.525,-1.275,0.325,0.35,-0.05,-0.6,0.025,20,21,22,16,10,10,14,18,28,25,31,22,21,13,21,25,247,703,648,290,80,69,141,120,8.0,0.3833334,1.383333,0.242,1.224,0.223,3
4.6,8.4,8.625,5.4,1.725,1.55,2.025,2.325,0.875,1.075,2.225,0.775,0.0,-0.075,-0.15,-0.5,25,17,17,13,10,16,12,14,27,24,29,24,23,19,20,23,291,505,527,293,90,77,124,116,8.0,0.3833334,1.383333,0.242,1.225,0.222,3
5.475,9.475,10.85,6.175,1.725,1.475,1.875,1.825,0.875,0.1,1.525,0.85,-0.175,-0.025,0.2,-0.25,24,23,14,16,15,13,13,13,27,27,24,23,25,23,24,24,387,603,638,332,99,74,115,102,8.0,0.3833334,1.383333,0.242,1.225,0.222,3
6.35,9.575,12.375,7.025,1.55,1.45,2.075,1.575,-0.5,0.675,-2.125,-0.825,-0.05,0.025,0.025,-0.05,21,25,16,16,15,10,14,15,27,26,19,25,24,19,23,26,426,575,649,403,90,74,125,100,8.0,0.3833334,1.383333,0.243,1.225,0.222,3
5.85,10.25,10.25,6.2,1.5,1.475,2.1,1.525,-0.55,0.675,-1.25,-1.725,0.025,0.0,-0.35,0.1,21,21,19,17,12,8,12,10,26,26,22,25,20,15,20,20,385,589,553,383,76,76,115,88,8.0,0.3833334,1.383333,0.243,1.225,0.222,3
5.3,10.925,9.0,4.475,1.525,1.475,1.75,1.625,1.225,-2.725,0.925,1.0,0.05,0.2,0.125,0.0,16,19,20,16,19,10,15,5,21,27,23,24,24,19,21,16,322,677,500,302,90,86,100,78,8.0,0.3833334,1.383333,0.244,1.225,0.223,3
6.525,8.2,9.925,5.475,1.575,1.675,1.875,1.625,-0.225,0.05,-0.2,0.8,0.1,-0.225,0.15,0.025,17,22,21,14,17,13,15,10,23,27,24,22,26,22,19,17,443,525,591,323,92,101,103,85,8.0,0.3833334,1.383333,0.244,1.225,0.224,3
6.3,8.25,9.725,6.275,1.675,1.45,2.025,1.65,-1.275,0.175,-0.05,-0.45,0.025,-0.15,-0.15,0.15,21,23,22,15,11,11,13,17,26,26,30,22,25,21,18,22,433,492,598,332,88,86,113,97,8.0,0.3833334,1.383333,0.244,1.224,0.224,3
5.025,8.425,9.675,5.825,1.7,1.3,1.875,1.8,1.5,-0.25,0.925,0.1,0.05,0.45,0.25,0.075,18,22,25,21,16,14,15,19,26,27,30,26,28,21,24,23,344,518,604,343,100,82,119,104,8.0,0.3833334,1.383333,0.245,1.224,0.224,3
6.525,8.175,10.6,5.925,1.75,1.75,2.125,1.875,-0.825,0.525,2.5,1.025,-0.125,0.35,0.225,0.275,17,21,24,25,17,15,16,19,26,26,24,26,25,20,24,24,467,520,651,362,101,101,127,123,8.0,0.3833334,1.383333,0.245,1.224,0.223,3
5.7,8.7,13.1,6.95,1.625,2.1,2.35,2.15,-1.5,-1.3,0.175,-0.375,-0.325,-0.125,-0.05,0.225,18,17,23,19,12,14,14,15,26,21,25,28,23,23,25,24,384,507,864,453,95,117,150,140,8.0,0.3833334,1.383333,0.245,1.224,0.223,3
4.2,7.4,13.275,6.575,1.3,1.975,2.3,2.375,0.675,0.225,-2.5,-0.475,0.075,-0.375,-0.3,-0.2,16,15,20,15,11,13,20,17,24,23,26,22,18,20,28,26,242,419,750,366,75,105,164,146,8.0,0.3833334,1.383333,0.245,1.224,0.222,3
4.875,7.625,10.775,6.1,1.375,1.6,2.0,2.175,0.3,2.25,2.15,1.425,0.375,-0.15,-0.05,-0.275,16,20,17,18,14,13,20,20,22,25,26,20,19,22,25,25,288,469,656,357,80,88,120,131,8.0,0.3833334,1.383333,0.245,1.223,0.222,3
5.175,9.875,12.925,7.525,1.75,1.45,1.95,1.9,0.325,0.225,0.325,0.3,0.4,0.25,0.025,-0.075,16,23,19,19,15,10,17,19,21,22,23,24,24,25,22,25,305,577,829,477,103,82,96,115,8.0,0.3833334,1.383333,0.245,1.222,0.222,3
5.5,10.1,13.25,7.825,2.15,1.7,1.975,1.825,-1.425,-3.725,-5.2,-2.95,-0.5,-0.35,-0.325,-0.325,18,19,20,16,12,7,13,10,17,22,23,21,16,18,19,20,321,587,773,440,98,76,94,94,8.0,0.3833334,1.383333,0.245,1.221,0.222,3
4.075,6.375,8.05,4.875,1.65,1.35,1.65,1.5,-2.125,-3.4,-5.125,-3.1,-0.675,-0.45,-0.425,-0.5,13,15,16,15,6,5,9,7,17,22,22,26,14,19,19,17,226,415,456,265,70,57,82,78,8.0,0.3833334,1.383333,0.237,1.061,0.162,3
1.95,2.975,2.925,1.775,0.975,0.9,1.225,1.0,-0.9,-1.3,-1.675,-0.35,0.025,0.2,-0.375,-0.1,8,15,9,10,3,3,6,4,14,22,20,25,20,22,17,9,93,155,167,107,54,42,53,52,8.0,0.3833334,1.383333,0.224,0.793,0.063,3
1.05,1.675,1.25,1.425,1.0,1.1,0.85,0.9,-0.125,-0.1,0.05,-0.025,-0.05,-0.025,-0.15,0.125,5,17,10,8,3,6,5,6,16,26,18,22,18,20,10,9,46,95,62,64,47,43,32,42,8.0,0.3833334,1.383333,0.219,0.687,0.023,3
0.925,1.575,1.3,1.4,0.95,1.075,0.7,1.025,0.25,-0.25,-0.15,-0.175,-0.05,-0.1,0.1,-0.175,3,11,11,9,6,6,5,7,14,22,17,21,19,19,13,13,42,71,72,62,46,44,35,45,8.0,0.3833334,1.383333,0.219,0.687,0.024,3
1.175,1.325,1.15,1.225,0.9,0.975,0.8,0.85,0.05,-0.225,0.175,-0.175,0.075,-0.025,0.075,-0.05,9,6,9,9,4,3,2,4,17,18,16,18,17,17,14,14,55,71,63,57,38,44,35,38,8.0,0.3833334,1.383333,0.219,0.687,0.024,3
1.225,1.1,1.325,1.05,0.975,0.95,0.875,0.8,-0.1,0.3,0.0,-0.025,0.075,0.05,0.125,0.125,10,3,11,10,1,3,0,2,18,18,19,17,13,18,8,13,56,66,72,51,33,45,27,30,8.0,0.3833334,1.383333,0.22,0.687,0.024,3
1.125,1.4,1.325,1.025,1.05,1.0,1.0,0.925,-0.2,0.075,-0.1,0.1,0.0,0.0,0.2,-0.05,9,4,13,7,4,3,4,1,20,19,18,13,15,12,13,14,66,78,72,48,46,43,37,29,8.0,0.3833334,1.383333,0.219,0.687,0.024,3
0.925,1.475,1.225,1.125,1.05,1.0,1.2,0.875,0.25,-0.05,0.15,0.025,0.05,-0.075,-0.025,-0.025,8,10,15,6,5,3,4,3,22,21,19,13,17,10,14,15,66,94,66,51,41,41,45,39,8.0,0.3833334,1.383333,0.219,0.687,0.024,3
1.175,1.425,1.375,1.15,1.1,0.925,1.175,0.85,-0.025,0.05,-0.05,0.0,0.025,-0.025,0.0,0.125,6,13,14,5,3,4,3,4,17,23,22,12,16,18,15,15,55,90,71,44,34,44,45,41,8.0,0.3833334,1.383333,0.219,0.688,0.024,3
1.15,1.475,1.325,1.15,1.125,0.9,1.175,0.975,-0.2,-0.225,-0.05,0.05,0.225,0.125,0.05,0.05,6,9,8,5,3,4,6,7,15,20,23,13,21,18,20,14,45,85,71,46,42,45,50,42,8.0,0.3833334,1.383333,0.218,0.689,0.024,3
0.95,1.25,1.275,1.2,1.35,1.025,1.225,1.025,0.0,-0.075,0.675,0.35,0.225,0.2,-0.25,-0.075,3,3,3,8,6,7,6,10,10,17,18,17,20,15,18,17,35,58,53,60,59,50,55,47,8.0,0.3833334,1.383333,0.217,0.69,0.025,3
0.95,1.175,1.95,1.55,1.575,1.225,0.975,0.95,0.05,0.375,0.0,-0.075,-0.275,-0.05,-0.05,-0.025,4,6,5,10,8,5,5,6,12,19,20,19,16,18,14,17,40,50,80,68,70,52,43,43,8.0,0.3833334,1.383333,0.217,0.694,0.028,3
1.0,1.55,1.95,1.475,1.3,1.175,0.925,0.925,0.2,-0.15,-0.8,-0.35,0.025,-0.075,0.075,0.025,4,10,9,7,8,4,6,3,16,16,22,22,16,17,16,18,49,66,95,62,60,50,38,45,8.0,0.3833334,1.383333,0.218,0.699,0.033,3
1.2,1.4,1.15,1.125,1.325,1.1,1.0,0.95,0.0,-0.225,0.425,1.15,0.725,0.4,0.0,-0.125,6,4,6,3,10,6,5,4,20,12,12,20,19,15,14,19,60,55,47,55,57,47,40,50,8.0,0.3833334,1.383333,0.217,0.704,0.037,3
1.2,1.175,1.575,2.275,2.05,1.5,1.0,0.825,0.025,1.175,4.2,1.7,0.875,0.4,0.2,-0.025,9,0,7,5,11,10,3,3,23,16,8,18,18,16,15,19,64,47,58,135,95,72,40,44,8.0,0.3833334,1.383333,0.215,0.706,0.038,3
1.225,2.35,5.775,3.975,2.925,1.9,1.2,0.8,0.1,1.05,4.75,1.2,0.725,0.375,0.225,0.275,10,8,16,12,11,12,8,6,24,21,16,24,19,22,19,24,64,136,329,239,131,96,58,53,8.0,0.3833334,1.383333,0.215,0.712,0.039,3
1.325,3.4,10.525,5.175,3.65,2.275,1.425,1.075,0.0,-0.6,1.925,0.425,-0.55,-0.375,-0.3,0.075,12,17,20,17,13,13,12,7,21,27,23,25,16,25,19,17,72,212,640,292,163,112,72,57,8.0,0.3833334,1.383333,0.224,0.73,0.047,3
1.325,2.8,12.45,5.6,3.1,1.9,1.125,1.15,0.2,2.375,2.825,2.6,-0.875,-0.7,-0.225,-0.125,12,15,19,14,13,8,7,4,20,27,23,23,19,18,15,18,78,173,787,317,150,84,57,50,8.0,0.3833334,1.383333,0.242,0.773,0.065,3
1.525,5.175,15.275,8.2,2.225,1.2,0.9,1.025,1.0,4.625,9.9,1.675,-0.075,0.225,0.2,0.175,11,15,25,14,14,5,6,5,21,23,24,20,27,15,16,23,95,317,973,453,125,64,53,54,8.0,0.3833334,1.383333,0.27,0.862,0.102,3
2.525,9.8,25.175,9.875,2.15,1.425,1.1,1.2,0.575,0.075,1.4,-1.35,-0.325,-0.025,0.025,0.3,13,16,23,18,12,11,8,8,19,22,23,20,20,23,19,22,151,588,1571,562,105,84,62,64,8.0,0.3833334,1.383333,0.289,0.967,0.143,3
3.1,9.875,26.575,8.525,1.825,1.4,1.125,1.5,0.875,-0.225,-9.65,-0.475,0.35,0.05,0.2,0.25,20,18,18,20,12,14,7,11,16,24,20,24,22,25,23,20,191,619,1573,544,95,79,63,80,8.0,0.3833334,1.383333,0.287,1.059,0.176,3
3.975,9.65,16.925,8.05,2.175,1.45,1.325,1.75,0.725,0.175,-6.525,-1.15,0.425,0.425,0.325,0.125,21,18,23,25,12,11,6,11,18,22,24,26,26,16,25,17,251,586,1053,546,127,73,72,96,8.0,0.3833334,1.383333,0.269,1.146,0.206,3
4.7,9.825,10.4,6.9,2.6,1.875,1.65,1.875,1.1,0.025,-2.75,-1.5,-0.65,-0.225,0.125,-0.225,21,18,23,23,17,14,9,10,24,23,20,26,24,15,22,18,312,604,609,439,148,88,84,109,8.0,0.3833334,1.383333,0.248,1.2,0.224,3
5.8,9.85,7.65,5.4,1.95,1.65,1.775,1.65,0.175,-0.675,0.025,-0.575,-0.775,-0.35,-0.225,-0.175,19,25,22,18,11,16,13,14,24,28,20,27,17,20,23,24,344,608,459,331,100,83,94,111,8.0,0.3833334,1.383333,0.236,1.22,0.23,3
5.975,9.175,7.675,4.825,1.175,1.3,1.55,1.475,-0.5,-0.35,-0.3,0.275,0.15,0.075,0.1,0.2,18,24,18,19,2,16,14,15,22,28,24,25,18,24,20,21,354,558,461,283,67,78,90,93,8.0,0.3833334,1.383333,0.231,1.226,0.233,3
5.475,8.825,7.375,5.1,1.325,1.375,1.65,1.675,0.225,1.125,0.4,0.15,0.375,0.025,0.1,0.6,19,21,18,22,10,17,18,15,22,25,25,23,19,27,23,20,364,514,450,304,84,89,107,92,8.0,0.3833334,1.383333,0.231,1.226,0.236,3
5.7,9.95,7.775,5.25,1.7,1.4,1.75,2.275,-0.6,-1.575,0.5,-0.375,-0.15,0.05,-0.175,0.025,19,23,22,20,13,11,16,16,22,25,25,23,19,22,24,20,383,591,480,305,96,77,118,120,8.0,0.3833334,1.383333,0.232,1.227,0.238,3
5.1,8.375,8.275,4.875,1.55,1.45,1.575,2.3,0.0,-1.025,1.05,0.925,0.075,0.125,0.025,-0.25,17,20,21,17,11,9,10,16,20,22,26,26,20,15,22,16,336,519,493,283,87,70,93,119,8.0,0.3833334,1.383333,0.234,1.228,0.24,3
5.1,7.35,9.325,5.8,1.625,1.575,1.6,2.05,0.725,-0.2,-0.125,-0.025,0.15,-0.15,-0.15,-0.025,13,19,15,15,13,12,8,19,17,23,24,21,20,17,20,21,309,464,562,325,91,84,84,118,8.0,0.3833334,1.383333,0.236,1.229,0.241,3
5.825,7.15,9.2,5.775,1.775,1.425,1.45,2.025,-0.25,-1.45,-1.475,-1.725,-0.175,-0.15,-0.1,-0.35,15,20,20,19,13,13,7,19,21,25,25,19,21,18,17,20,363,462,615,339,102,86,77,116,8.0,0.3833334,1.383333,0.238,1.229,0.242,3
5.575,5.7,7.725,4.05,1.6,1.275,1.35,1.675,0.25,0.625,0.275,0.675,-0.15,0.1,-0.225,0.025,14,22,28,20,13,15,9,13,17,26,28,18,21,21,19,19,329,360,515,239,92,83,70,96,8.0,0.3833334,1.383333,0.24,1.23,0.242,3
5.825,6.325,8.0,4.725,1.45,1.375,1.125,1.7,0.1,1.4,1.0,0.825,0.125,0.175,0.05,0.35,16,20,22,15,11,14,6,9,17,29,26,24,18,21,18,19,344,397,469,275,80,84,53,92,8.0,0.3833334,1.383333,0.241,1.231,0.242,3
5.925,7.725,9.0,5.55,1.575,1.55,1.175,2.05,-0.05,-1.725,-0.8,-0.325,0.1,-0.05,0.55,-0.025,22,20,18,16,5,11,4,13,27,25,27,27,16,24,16,23,381,469,596,344,69,86,64,118,8.0,0.3833334,1.383333,0.242,1.23,0.241,3
5.875,6.0,8.2,5.225,1.675,1.5,1.725,2.025,0.575,-0.8,-1.925,-0.975,0.025,-0.45,-0.15,-0.125,21,19,22,22,8,13,12,17,30,23,27,25,19,27,18,25,387,365,583,326,76,90,106,119,8.0,0.3833334,1.383333,0.242,1.229,0.241,3
6.45,5.2,6.275,4.25,1.7,1.05,1.575,1.9,0.775,2.325,0.475,0.1,-0.175,0.125,-0.25,0.225,19,19,24,21,14,7,13,13,26,24,25,26,20,22,20,22,440,355,390,252,88,66,93,103,8.0,0.3833334,1.383333,0.242,1.229,0.242,3
7.225,7.525,6.75,4.35,1.525,1.175,1.325,2.125,3.35,0.575,0.15,0.85,0.275,0.35,0.3,0.575,23,24,21,23,10,4,10,15,25,26,21,28,16,17,16,25,462,482,349,263,75,54,63,135,8.0,0.3833334,1.383333,0.241,1.229,0.243,3
10.575,8.1,6.9,5.2,1.8,1.525,1.625,2.7,-0.5,-1.45,0.275,-0.375,0.05,-0.275,0.15,0.1,22,22,16,22,13,12,12,19,24,26,20,29,23,20,18,31,660,507,331,312,107,74,82,176,8.0,0.3833334,1.383333,0.239,1.229,0.243,3
10.075,6.65,7.175,4.825,1.85,1.25,1.775,2.8,-3.175,1.125,0.475,-0.325,-0.1,-0.125,-0.1,-0.35,19,19,15,21,17,9,16,17,23,23,21,24,29,17,23,25,604,378,443,302,118,65,105,176,8.0,0.3833334,1.383333,0.238,1.229,0.243,3
6.9,7.775,7.65,4.5,1.75,1.125,1.675,2.45,-0.4,1.45,-0.625,0.15,0.175,0.425,-0.1,-0.05,20,19,19,25,17,8,19,20,29,20,25,23,26,19,25,24,444,372,511,302,106,65,110,173,8.0,0.3833334,1.383333,0.236,1.229,0.244,3
6.5,9.225,7.025,4.65,1.925,1.55,1.575,2.4,-0.675,-2.35,0.825,-0.225,-0.025,0.075,0.05,-0.175,21,20,20,20,19,22,15,20,27,22,24,20,20,21,23,26,423,487,457,282,114,99,98,167,8.0,0.3833334,1.383333,0.235,1.229,0.243,3
5.825,6.875,7.85,4.425,1.9,1.625,1.625,2.225,-1.2,-1.625,1.125,0.625,-0.075,-0.025,0.075,-0.35,21,20,16,15,13,18,11,16,27,25,21,17,18,24,26,22,391,385,456,227,96,100,103,137,8.0,0.3833334,1.383333,0.235,1.229,0.243,3
4.625,5.25,8.975,5.05,1.825,1.6,1.7,1.875,0.15,1.675,-0.325,0.3,-0.075,-0.175,0.05,0.0,18,19,19,18,12,9,15,16,28,23,26,22,21,21,22,19,318,293,568,309,91,77,102,105,8.0,0.3833334,1.383333,0.235,1.229,0.242,3
4.775,6.925,8.65,5.35,1.75,1.425,1.75,1.875,0.975,0.675,-0.55,-0.175,-0.15,-0.275,0.15,0.425,16,21,21,19,15,12,16,12,23,21,28,24,22,17,20,20,303,388,567,341,90,65,97,100,8.0,0.3833334,1.383333,0.236,1.228,0.241,3
5.75,7.6,8.1,5.175,1.6,1.15,1.9,2.3,0.25,-0.3,0.05,-0.125,-0.275,0.25,-0.1,0.0,16,17,17,18,9,11,12,14,21,24,28,22,19,13,14,26,344,450,486,307,84,66,92,132,8.0,0.3833334,1.383333,0.236,1.228,0.241,3
6.0,7.3,8.15,5.05,1.325,1.4,1.8,2.3,0.6,1.175,-1.15,-0.225,0.075,0.125,-0.05,-0.45,15,21,17,17,6,13,13,21,23,31,26,19,21,17,17,26,369,487,447,282,74,81,96,143,8.0,0.3833334,1.383333,0.236,1.228,0.24,3
6.6,8.475,7.0,4.825,1.4,1.525,1.75,1.85,0.025,0.675,1.0,0.4,0.1,0.0,0.075,-0.15,16,24,22,15,7,14,15,18,25,28,28,19,19,22,21,24,398,492,432,243,73,83,101,120,8.0,0.3833334,1.383333,0.236,1.227,0.24,3
6.625,9.15,8.0,5.225,1.5,1.525,1.825,1.7,-0.675,0.325,1.55,0.325,0.15,-0.025,0.0,0.6,16,20,24,17,9,10,13,13,24,24,28,21,17,19,18,23,440,478,538,263,72,75,89,110,8.0,0.3833334,1.383333,0.236,1.225,0.24,3
5.95,9.475,9.55,5.55,1.65,1.5,1.825,2.3,-0.5,-0.6,-0.125,-0.025,0.175,-0.025,-0.1,0.125,16,22,21,18,12,9,11,21,23,27,24,25,24,19,22,22,372,561,619,313,88,61,90,136,8.0,0.3833334,1.383333,0.236,1.224,0.24,3
5.45,8.875,9.425,5.525,1.825,1.475,1.725,2.425,-0.075,-1.7,-1.575,-1.05,-0.075,-0.025,-0.075,-0.425,17,18,17,18,12,10,11,19,25,25,23,24,23,19,22,21,342,509,541,305,92,66,110,139,8.0,0.3833334,1.383333,0.236,1.223,0.239,3
5.375,7.175,7.85,4.475,1.75,1.45,1.65,2.0,0.525,0.825,0.1,0.425,-0.25,0.05,0.35,0.175,20,17,16,22,7,5,9,14,24,25,26,25,20,20,22,17,362,432,444,265,76,78,101,104,8.0,0.3833334,1.383333,0.236,1.223,0.239,3
5.9,8.0,7.95,4.9,1.5,1.5,2.0,2.175,-1.1,0.975,0.9,0.25,0.125,0.05,0.225,-0.325,18,25,16,20,6,4,11,13,17,26,27,21,20,22,19,18,344,575,515,297,70,81,108,110,8.0,0.3833334,1.383333,0.235,1.223,0.239,3
4.8,8.975,8.85,5.15,1.625,1.55,2.225,1.85,-0.3,0.325,-0.4,-0.65,0.15,0.1,0.2,-0.05,16,23,18,16,10,9,14,14,21,25,22,19,15,21,16,19,299,600,538,310,80,81,115,101,8.0,0.3833334,1.383333,0.235,1.223,0.239,3
4.5,9.3,8.45,4.5,1.775,1.65,2.425,1.8,1.6,-2.525,0.15,0.275,0.05,0.3,-0.325,0.325,16,23,18,16,11,13,20,18,22,27,21,22,17,17,22,20,307,617,449,245,90,95,155,103,8.0,0.3833334,1.383333,0.235,1.222,0.239,3
6.1,6.775,8.6,4.775,1.825,1.95,2.1,2.125,-0.175,-0.65,-1.175,-0.25,-0.125,-0.1,-0.55,-0.525,19,23,22,19,12,16,13,13,25,27,22,27,21,19,21,23,403,461,469,271,86,109,124,116,8.0,0.3833334,1.383333,0.235,1.221,0.239,3
5.925,6.125,7.425,4.525,1.7,1.85,1.55,1.6,1.5,2.55,0.15,0.375,-0.125,-0.025,0.225,0.05,20,22,22,17,10,21,7,10,25,26,23,22,22,25,24,19,369,401,458,253,85,113,84,91,8.0,0.3833334,1.383333,0.235,1.22,0.24,3
7.425,8.675,7.575,4.9,1.575,1.825,1.775,1.65,1.1,-0.65,1.7,0.775,0.0,-0.175,0.175,0.35,17,22,17,15,11,19,11,11,18,27,23,21,23,25,24,17,397,549,415,258,85,109,105,95,8.0,0.3833334,1.383333,0.235,1.219,0.24,3
8.525,8.025,9.275,5.675,1.575,1.65,1.95,2.0,-1.775,0.325,0.625,0.125,0.025,-0.1,-0.025,0.2,18,17,18,17,11,11,13,14,21,26,22,23,22,20,19,20,499,475,459,311,86,87,108,113,8.0,0.3833334,1.383333,0.235,1.219,0.241,3
6.75,8.35,9.9,5.8,1.6,1.55,1.925,2.2,-0.4,2.025,-0.55,-0.3,0.125,0.1,0.35,-0.05,18,20,17,15,7,14,12,17,24,28,18,20,26,20,20,25,413,512,469,315,84,81,113,138,8.0,0.3833334,1.383333,0.235,1.219,0.241,3
6.35,10.375,9.35,5.5,1.725,1.65,2.275,2.15,-0.925,-0.9,-0.475,0.1,-0.2,-0.375,-0.1,-0.525,16,23,16,16,12,15,13,14,22,25,21,22,28,23,27,23,375,665,509,342,101,88,137,125,8.0,0.3833334,1.383333,0.235,1.219,0.241,3
5.425,9.475,8.875,5.6,1.525,1.275,2.175,1.625,0.7,-0.275,-1.675,-0.625,-0.175,-0.175,-0.5,-0.1,17,18,17,20,12,6,12,15,27,19,25,22,21,21,22,18,344,555,559,353,85,66,127,87,8.0,0.3833334,1.383333,0.235,1.219,0.241,3
6.125,9.2,7.2,4.975,1.35,1.1,1.675,1.525,0.925,2.275,-0.45,-1.075,-0.05,0.25,0.15,0.325,19,19,17,16,10,5,10,15,27,22,26,18,18,18,15,19,393,546,466,271,65,57,95,90,8.0,0.3833334,1.383333,0.234,1.219,0.241,3
7.05,11.475,6.75,3.9,1.3,1.35,1.825,1.85,-0.1,0.05,0.675,0.6,0.35,0.35,0.075,0.175,24,23,18,17,10,6,10,14,28,24,25,25,20,20,17,22,481,698,428,204,72,73,105,106,8.0,0.3833334,1.383333,0.233,1.22,0.241,3
6.95,11.525,7.425,4.5,1.65,1.7,1.9,2.025,0.8,-2.375,0.525,-0.175,0.05,-0.125,-0.3,-0.075,23,21,19,18,12,13,10,14,30,22,20,24,18,19,18,26,491,663,452,244,87,93,119,113,8.0,0.3833334,1.383333,0.233,1.22,0.242,3
7.75,9.15,7.95,4.325,1.7,1.575,1.6,1.95,-0.1,-0.375,1.45,0.625,-0.05,-0.25,0.15,0.0,19,19,16,16,10,16,14,14,26,23,19,18,19,17,20,23,472,550,443,226,86,87,98,103,8.0,0.3833334,1.383333,0.232,1.22,0.242,3
7.65,8.775,9.4,4.95,1.65,1.325,1.75,1.95,-0.675,1.65,0.3,1.125,0.05,0.05,0.175,-0.025,23,19,19,20,9,11,17,13,24,23,25,23,17,22,23,19,441,535,559,285,76,75,104,103,8.0,0.3833334,1.383333,0.232,1.22,0.241,3
6.975,10.425,9.7,6.075,1.7,1.375,1.925,1.925,0.425,-0.975,-0.3,0.075,-0.075,0.25,-0.1,-0.15,21,23,22,20,15,10,15,11,24,27,25,31,18,23,21,16,450,702,575,367,87,74,110,103,8.0,0.3833334,1.383333,0.231,1.221,0.24,3
7.4,9.45,9.4,6.15,1.625,1.625,1.825,1.775,-0.025,-1.0,-1.175,-0.275,0.175,0.3,0.425,0.15,17,24,22,20,12,7,17,11,26,29,20,29,20,17,23,17,492,679,537,357,85,71,100,102,8.0,0.3833334,1.383333,0.23,1.221,0.239,3
7.375,8.45,8.225,5.875,1.8,1.925,2.25,1.925,0.2,-1.375,-0.15,-0.075,-0.075,-0.2,0.175,0.175,21,19,16,19,11,10,18,13,31,29,16,20,24,18,25,22,498,558,434,318,96,80,128,126,8.0,0.3833334,1.383333,0.23,1.221,0.239,3
